id;latitudine;longitudine;indirizzo;numero_civico;superficie_di_riferimento_mq;epoca_costruzione;classe_energetica_ape;score;ranking_score;tipologia_bene_immobile;natura_giuridica_del_bene;vincolo_culturale_paesaggistico;finalita;zona_omi;canone_annuale;is_evaluated;meta_immobile;motivazione;ape_score_total;ape_score_classe;ape_score_impianto;ape_score_involucro;ape_score_rinnovabili;sanita;mobilita;verde;educazione;commerciale;sport;lista_file_ape;list_file_ape_filtered;id_list;data_decorrenza;numero_immobili_per_catasto;tipo_detenzione_a_terzi;foglio;particella;distanza_km
695259;45.0701747;7.6823665;via venti settembre;57;65.0;Prima del 1919;F;90.0;0.9102600857619263;Abitazione;Patrimonio indisponibile;Nessuno;Non Dichiarato;B6;2796.0;true;false;"Via XX Settembre 57 (Zona OMI B6), 65 mq, edificio ante 1919 in **classe F** con **involucro molto scarso (ape_score_involucro 1)** e classe (1): profilo ideale per strategia “value-add” (negoziazione + salto di prestazione post lavori). La **micro-localizzazione è molto forte per domanda studenti** (mobilità 4, educazione 4; distanza dal Centro ~0,27 km): taglio tipicamente convertibile in bilocale/2 camere o piccolo trilocale ottimizzato per locazione. Intervento consigliato: serramenti/tenuta aria + isolamento interno puntuale (compatibile con vincoli tipici del Centro) + impianto ad alta efficienza e VMC puntuale, per aumentare canone e ridurre vacancy.";6.0;1.0;2.0;1.0;2.0;4.0;4.0;4.0;4.0;5.0;4.0;['2022_102099_0014.xml'];['2022_102099_0014.xml'];[];01/05/2022;1;in locazione;1245;277;0.269219742714221
3108076;45.0697803;7.6872855;via po;2;159.0;Prima del 1919;F;66.0;0.8537173960918572;Abitazione;Patrimonio indisponibile;Nessuno;Altro;B2;;true;true;Via Po 2 (Zona OMI B2), 159 mq, ante 1919 in **classe F** con involucro score 1,2: indirizzo prestigioso e fortemente “student oriented” per prossimità a poli universitari centrali. Tuttavia, nel dataset i punteggi di prossimità (mobilità/educazione 2) risultano bassi e, soprattutto, **ape_score_total 7,3** suggerisce un margine energetico meno “estremo” rispetto agli asset con total 6 (quindi potenzialmente meno leva di negoziazione). Resta un candidato valido se l’obiettivo è un prodotto di fascia più alta (camere premium) post-ristrutturazione, ma nel tuo criterio “massimo margine” è meno competitivo degli immobili in G con score totale 6 e migliori indicatori di mobilità/educazione.;7.3;2.1;2.0;1.2;2.0;2.0;2.0;2.0;2.0;2.0;2.0;['2018_212336_0038.xml', '2019_204454_0125.xml', '2019_206463_0249.xml', '2020_110134_0024.xml', '2021_103021_0012.xml', '2021_110134_0024.xml', '2021_208165_0002.xml', '2021_212533_0214.xml', '2021_214176_0187.xml', '2022_111859_0032.xml'];['2018_212336_0038.xml', '2019_204454_0125.xml', '2019_206463_0249.xml', '2020_110134_0024.xml', '2021_103021_0012.xml', '2021_110134_0024.xml', '2021_208165_0002.xml', '2021_212533_0214.xml', '2021_214176_0187.xml', '2022_111859_0032.xml'];[69712, 69714];;2;;1280;24;0.4388478117244285
3108027;45.0715462;7.6791253;Via Monte di Pietà;23;2473.0;Prima del 1919;G;72.0;0.834171635213328;Abitazione;Patrimonio indisponibile;Nessuno;Altro;B5;;true;true;Via Monte di Pietà 23 (Zona OMI B5), **2.473 mq**, ante 1919 in **classe G** (involucro score 1). È un’operazione “fuori scala” rispetto al classico investimento unitario per affitto studenti: qui il margine potenziale è enorme ma il progetto è di tipo **rigenerazione/programma integrato** (es. residenza universitaria/coliving, mix residenziale + servizi). In Centro (distanza ~0,50 km) e con APE molto bassa, potrebbe attrarre capitali e partnership (operatori student housing), ma richiede governance, tempi autorizzativi e capex importanti. Da considerare solo se stai valutando un’operazione strutturata.;6.0;1.0;2.0;1.0;2.0;3.0;3.0;3.0;3.0;4.0;3.0;['2022_113184_0063.xml'];['2022_113184_0063.xml'];[695226, 695227, 695228, 695229, 695230, 695231, 695232, 695233, 695234, 695235, 695236, 695237, 695238, 695239, 695240, 695241, 695242, 695243, 695244, 695245, 695246, 695247, 695248, 695249, 695250, 695251, 695252, 695253, 695254, 695255, 695256, 695257, 695258];;33;;1245;255;0.49748509436001587
695230;45.0715462;7.6791253;Via Botero Giovanni;11;120.0;Prima del 1919;G;82.0;0.834171635213328;Abitazione;Patrimonio indisponibile;Nessuno;Altro;B5;;true;false;"Via Botero Giovanni 11 (Zona OMI B5), 120 mq, ante 1919 in **classe G** con **involucro score 1**: ottimo candidato “brown-to-green” con upside importante. La metratura consente un assetto molto performante per studenti (es. **3 camere + cucina comune** oppure 2 camere + living), aumentando rendimento e diversificando rischio di vacancy. Posizione centrale (distanza ~0,50 km) con buoni indicatori di domanda (commerciale 4; mobilità/educazione 3): meno “metro-centric” di altre opzioni ma ancora nel perimetro Centro, quindi appetibile se il layout è razionalizzabile.";6.0;1.0;2.0;1.0;2.0;3.0;3.0;3.0;3.0;4.0;3.0;['2022_113184_0063.xml'];['2022_113184_0063.xml'];[];;1;;1245;255;0.49748509436001587
694379;45.0724502;7.6828883;via porta palatina;4;57.0;Prima del 1919;G;79.0;0.8256629281577328;Abitazione;Patrimonio indisponibile;Nessuno;Altro;B5;;true;false;"Via Porta Palatina 4 (Zona OMI B5), 57 mq, ante 1919 in **classe G** con **involucro score 1**: taglio “entry level” molto adatto a locazione studenti (monolocale grande/bilocale o 2 camere compatte), con forte leva di riqualificazione energetica e di qualità abitativa. Location nel Centro storico (distanza ~0,52 km) con servizi buoni (commerciale 4; mobilità/educazione 3). Opportunità interessante se l’obiettivo è massimizzare margine su tagli piccoli, riducendo rischio di assorbimento rispetto a metrature grandi.";6.0;1.0;2.0;1.0;2.0;3.0;3.0;3.0;3.0;4.0;3.0;['2021_113184_0109.xml'];['2021_113184_0109.xml'];[];;1;;1245;142;0.5230112155268016
3108015;45.07242169;7.6779537;Via Stampatori;6 C;4345.0;Prima del 1919;G;72.0;0.7902067419437792;Abitazione;Demanio;Dichiarazione di interesse culturale;Altro;B5;3225.0;true;true;Via Stampatori 6 C, 4.345 mq (B5 – Centro) in classe G: è l’asset con maggiore “margine teorico” per una trasformazione importante (student housing, residenza a micro-tagli, mix con servizi comuni). L’APE è molto penalizzante (classe 1, involucro 1): perfetto per una riqualificazione profonda con salto prestazionale significativo. Tuttavia, i punteggi di contesto sono meno allineati alla domanda studenti rispetto ad altri (educazione 2, mobilità 3) e la dimensione introduce complessità elevata (governance, permessi, progetto, capex, tempi). Opportunità interessante solo per investitore strutturato o in partnership, più che per un’operazione “singola unità” ad alta rotazione.;6.0;1.0;2.0;1.0;2.0;3.0;3.0;2.0;2.0;3.0;2.0;['2021_113184_0108.xml'];['2021_113184_0108.xml'];[694765, 694766, 694767, 694768, 694769, 694770, 694771, 694772, 694775, 694776, 694778, 694779, 694781, 694782, 694783, 694784, 694785, 694786, 694787, 694788, 694789, 694790, 694791, 694792, 694793, 694794, 694795, 694796, 694797, 694798, 694799, 694800, 694801, 694802, 694803, 694804, 694805, 694806, 694807, 694808, 694809, 694810, 694811, 694812, 694813, 694814, 694815, 694816, 694817];01/05/2009;49;in concessione a titolo oneroso;1243;159;0.6293797741686624
694766;45.07242169;7.6779537;Via Stampatori;10;43.0;Prima del 1919;G;86.0;0.7902067419437792;Abitazione;Demanio;Dichiarazione di interesse culturale;Altro;B5;;true;false;"Via Stampatori 10 (Zona OMI B5 – Centro), 43 mq in stabile ante 1919: taglio “student-proof” (mono/bilo) in una micro-location molto liquida. Classe energetica G con ape_score_involucro=1 e impianto=2: profilo tipico da value-add (serramenti/tenuta aria + impianto + VMC puntuale) con possibilità di salto di classe e aumento canone post-lavori. Mobilità 3 ed educazione 3 indicano buona accessibilità e bacino domanda; la metratura contenuta riduce CAPEX e tempi, massimizzando il margine percentuale, soprattutto se si progetta un layout efficiente (zona notte separabile, cucina lineare) orientato a studenti/young professionals.";6.0;1.0;2.0;1.0;2.0;3.0;3.0;3.0;3.0;4.0;3.0;['2021_113184_0108.xml'];['2021_113184_0108.xml'];[];;1;;1243;159;0.6293797741686624
3108033;45.0737333;7.6833263;via porta palatina;13;754.0;Prima del 1919;F;81.0;0.7773373359587812;Abitazione;Demanio;Dichiarazione di interesse culturale;Altro;B5;;true;true;"Via Porta Palatina 13, 754 mq (B5 – Centro) in classe F: opportunità di scala per operazione strutturata (frazionamento e riconversione in mix di micro-unità/coliving/student housing). APE con involucro 1 e impianto 2 indica forte necessità di interventi: qui il “brown” diventa leva per un progetto integrato (impiantistica centralizzata efficiente, contabilizzazione, serramenti, isolamento selettivo, eventuali rinnovabili dove consentite). Location centrale con buona dotazione servizi (commerciale 4, educazione 3) rende sostenibile un prodotto dedicato a studenti; il margine potenziale è alto, ma cresce anche il rischio esecutivo (titoli edilizi, vincoli, condominio, tempi).";6.0;1.0;2.0;1.0;2.0;3.0;3.0;3.0;3.0;4.0;3.0;['2021_113184_0106.xml'];['2021_113184_0106.xml'];[696595, 696596, 696597, 696598, 696599, 696600, 696601, 696602, 696603, 696604, 696605];;11;;1245;51;0.6679879921236564
696600;45.0737333;7.6833263;via porta palatina;13;78.0;Prima del 1919;F;84.0;0.7773373359587812;Abitazione;Demanio;Dichiarazione di interesse culturale;Altro;B5;;true;false;Via Porta Palatina 13 (B5 – Centro), 78 mq ante 1919 in classe F: ottima combinazione tra posizione centrale e metratura che consente un prodotto “2 camere” per studenti (o 3 posti letto) mantenendo buoni standard. Mobilità 4/5: più allineata al requisito metro/trasporti, quindi assorbimento locativo rapido. APE: involucro 1 e impianto 2 (ape_score_total 6) = spazio concreto per riqualificazione (impianto, serramenti performanti compatibili con vincoli, coibentazioni interne selettive) e repricing del canone dopo upgrade. È un asset con margine, ma con CAPEX maggiore rispetto ai tagli piccoli: ideale se l’obiettivo è massimizzare canone totale e stabilità di occupazione.;6.0;1.0;2.0;1.0;2.0;3.0;4.0;3.0;3.0;4.0;3.0;['2021_113184_0106.xml'];['2021_113184_0106.xml'];[];;1;;1245;51;0.6679879921236564
3108031;45.0740513;7.6829511;via tasso torquato;7;674.0;Prima del 1919;G;76.0;0.7663184941504563;Abitazione;Patrimonio indisponibile;Nessuno;Altro;B5;;true;true;Via Tasso Torquato 7 (B5 – Centro), 674 mq in classe G: profilo da rigenerazione integrale con forte leva di trattativa (G + involucro 1) e potenziale di riposizionamento. Adatto a sviluppo di più unità per studenti (bilocali e trilocali condivisi) oppure formula residenziale a reddito. Fondamentali di domanda buoni (educazione 3, mobilità 3), ma meno “metro-driven” rispetto ad altri candidati: per massimizzare l’affittabilità va verificata la distanza reale dalle fermate e la qualità del contesto micro (rumorosità, sicurezza percepita). Margine alto possibile, ma con maggiore rischio tempi/costi rispetto alle unità piccole.;6.0;1.0;2.0;1.0;2.0;3.0;3.0;3.0;3.0;4.0;3.0;['2019_102329_0003.xml'];['2019_102329_0003.xml'];[696585, 696586, 696587, 696588, 696589, 696590, 696591, 696592, 696593, 696594];;10;;1245;45;0.7010445175486312
693770;45.0751722;7.6798657;Via San Domenico;16;77.0;Prima del 1919;G;0.0;0.7166379253856667;Abitazione;Patrimonio indisponibile;Nessuno;Altro;B5;;false;false;;6.0;1.0;2.0;1.0;2.0;3.0;3.0;3.0;3.0;3.0;3.0;['2022_214073_0018.xml'];['2022_214073_0018.xml'];[];;1;;1219;44;0.850086223843
3108313;45.0756391;7.6813996;Via Gian Francesco Bellezia;33;572.0;Prima del 1919;G;0.0;0.7063911479967427;Abitazione;Patrimonio indisponibile;Nessuno;Altro;B5;;false;true;;6.0;1.0;2.0;1.0;2.0;2.0;2.0;2.0;2.0;3.0;2.0;['2021_113184_0091.xml'];['2021_113184_0091.xml'];[699302, 699303, 699304, 699305, 699306, 699307, 699308, 699309, 699310, 699311, 699312, 699313, 699314, 699315, 699316, 699317];;16;;209;106;0.8808265560097718
3108316;45.0756391;7.6813996;via s. chiara;26;5255.25;Prima del 1919;G;0.0;0.7063911479967427;Abitazione;Patrimonio indisponibile;Nessuno;Altro;B5;;false;true;;6.25;1.25;2.0;1.0;2.0;3.0;3.0;2.0;2.0;3.0;2.0;['2021_113184_0092.xml', '2021_113184_0094.xml', '2021_113184_0095.xml', '2021_113184_0096.xml'];['2021_113184_0092.xml', '2021_113184_0094.xml', '2021_113184_0095.xml', '2021_113184_0096.xml'];[699351, 699352, 699353, 699354, 699355, 699356, 699357, 699358, 699359, 699360, 699361, 699362, 699363, 699364, 699365, 699366, 699367, 699368, 699369, 699370, 699371, 699372, 699373, 699374, 699375, 699376, 699377, 699378, 699379, 699380, 699381, 699382, 699383, 699384, 699385, 699386, 699387, 699388, 699389, 699390, 699391, 699392, 699393, 699394, 699395, 699396, 699397, 699398, 699399, 699400, 699401, 699402, 699403, 699404, 699405, 699406, 699407, 699408, 699409, 699410, 699411, 699412, 699413, 699414, 699415, 699416, 699417, 699418];;68;;209;128;0.8808265560097718
699307;45.0756391;7.6813996;Via Gian Francesco Bellezia;33;30.0;Prima del 1919;G;0.0;0.7063911479967427;Abitazione;Patrimonio indisponibile;Nessuno;Altro;B5;;false;false;;6.0;1.0;2.0;1.0;2.0;2.0;2.0;2.0;2.0;2.0;2.0;['2021_113184_0091.xml'];['2021_113184_0091.xml'];[];;1;;209;106;0.8808265560097718
699375;45.0756391;7.6813996;Via Sant'Agostino;26;46.0;Prima del 1919;F;0.0;0.7063911479967427;Abitazione;Patrimonio indisponibile;Nessuno;Altro;B5;;false;false;;6.0;1.0;2.0;1.0;2.0;3.0;2.0;1.0;2.0;4.0;1.0;['2021_113184_0095.xml'];['2021_113184_0095.xml'];[];;1;;209;128;0.8808265560097718
699395;45.0756391;7.6813996;Via Franco Bonelli;5;40.0;Prima del 1919;G;0.0;0.7063911479967427;Abitazione;Patrimonio indisponibile;Nessuno;Altro;B5;;false;false;;6.0;1.0;2.0;1.0;2.0;3.0;3.0;2.0;2.0;3.0;2.0;['2021_113184_0096.xml'];['2021_113184_0096.xml'];[];;1;;209;128;0.8808265560097718
699402;45.0756391;7.6813996;Via Franco Bonelli;3;63.0;Prima del 1919;G;0.0;0.7063911479967427;Abitazione;Patrimonio indisponibile;Nessuno;Altro;B5;;false;false;;6.0;1.0;2.0;1.0;2.0;3.0;4.0;3.0;3.0;4.0;3.0;['2021_113184_0094.xml'];['2021_113184_0094.xml'];[];;1;;209;128;0.8808265560097718
3108043;45.0698708;7.6939641;corso s. maurizio;16;2582.0;Dal 1946 al 1960;F;0.0;0.6895496631654066;Abitazione;Patrimonio indisponibile;Nessuno;Altro;B6;;false;true;;6.142857142857143;1.1428571428571428;2.0;1.0;2.0;3.0;4.0;2.0;2.0;3.0;2.0;['2020_113184_0189.xml', '2020_113184_0190.xml', '2020_113184_0191.xml', '2020_113184_0192.xml', '2022_312661_0131.xml', '2022_312661_0132.xml', '2022_312661_0133.xml'];['2020_113184_0189.xml', '2020_113184_0190.xml', '2020_113184_0191.xml', '2020_113184_0192.xml', '2022_312661_0131.xml', '2022_312661_0132.xml', '2022_312661_0133.xml'];[695935, 695936, 695937, 695938, 695939, 695940, 695941, 695942, 695943, 695944, 695945, 695946, 695947, 695948, 695949, 695950, 695951, 695952, 695953, 695954, 695955, 695956, 695957, 695958, 695959, 695960, 695961, 695962, 695963, 695964, 695965, 695966, 695967, 695968, 695969, 695970, 695971, 695972];;38;;1248;219;0.9313510105037803
695945;45.0698708;7.6939641;corso s. maurizio;16;77.0;Dal 1946 al 1960;G;0.0;0.6895496631654066;Abitazione;Patrimonio indisponibile;Nessuno;Altro;B6;;false;false;;6.0;1.0;2.0;1.0;2.0;3.0;4.0;3.0;3.0;4.0;3.0;['2022_312661_0132.xml'];['2022_312661_0132.xml'];[];;1;;1248;219;0.9313510105037803
695949;45.0698708;7.6939641;corso s. maurizio;16;63.0;Dal 1946 al 1960;F;0.0;0.6895496631654066;Abitazione;Patrimonio indisponibile;Nessuno;Altro;B6;;false;false;;6.0;1.0;2.0;1.0;2.0;2.0;2.0;2.0;2.0;3.0;2.0;['2022_312661_0133.xml'];['2022_312661_0133.xml'];[];;1;;1248;219;0.9313510105037803
695952;45.0698708;7.6939641;corso s. maurizio;16;88.0;Dal 1946 al 1960;F;0.0;0.6895496631654066;Abitazione;Patrimonio indisponibile;Nessuno;Altro;B6;;false;false;;6.0;1.0;2.0;1.0;2.0;3.0;3.0;3.0;3.0;3.0;3.0;['2020_113184_0190.xml'];['2020_113184_0190.xml'];[];;1;;1248;219;0.9313510105037803
695958;45.0698708;7.6939641;corso s. maurizio;16;81.0;Dal 1946 al 1960;F;0.0;0.6895496631654066;Abitazione;Patrimonio indisponibile;Nessuno;Altro;B6;;false;false;;6.0;1.0;2.0;1.0;2.0;2.0;2.0;2.0;2.0;2.0;2.0;['2020_113184_0191.xml'];['2020_113184_0191.xml'];[];;1;;1248;219;0.9313510105037803
695959;45.0698708;7.6939641;corso s. maurizio;16;88.0;Dal 1946 al 1960;F;0.0;0.6895496631654066;Abitazione;Patrimonio indisponibile;Nessuno;Altro;B6;;false;false;;6.0;1.0;2.0;1.0;2.0;3.0;3.0;2.0;2.0;3.0;2.0;['2022_312661_0131.xml'];['2022_312661_0131.xml'];[];;1;;1248;219;0.9313510105037803
695971;45.0698708;7.6939641;corso s. maurizio;14;70.0;Dal 1946 al 1960;F;0.0;0.6895496631654066;Abitazione;Patrimonio indisponibile;Nessuno;Altro;B6;;false;false;;6.0;1.0;2.0;1.0;2.0;3.0;3.0;3.0;3.0;4.0;3.0;['2020_113184_0189.xml'];['2020_113184_0189.xml'];[];;1;;1248;219;0.9313510105037803
3107955;45.0761307;7.6806403;Via Franco Bonelli;12;2695.0;Prima del 1919;F;0.0;0.6858087949885567;Abitazione;Patrimonio indisponibile;Nessuno;Altro;B5;;false;true;;6.0;1.0;2.0;1.0;2.0;3.0;3.0;3.0;3.0;4.0;3.0;['2022_113184_0064.xml'];['2022_113184_0064.xml'];[692974, 692975, 692976, 692977, 692978, 692979, 692980, 692981, 692982, 692983, 692984, 692985, 692986, 692987, 692988, 692989, 692990, 692991, 692994, 692995];;20;;1217;183;0.9425736150343297
692984;45.0761307;7.6806403;Via Franco Bonelli;12;89.0;Prima del 1919;F;0.0;0.6858087949885567;Abitazione;Patrimonio indisponibile;Nessuno;Altro;B5;;false;false;;6.0;1.0;2.0;1.0;2.0;2.0;2.0;2.0;2.0;3.0;2.0;['2022_113184_0064.xml'];['2022_113184_0064.xml'];[];;1;;1217;183;0.9425736150343297
3107975;45.0756221;7.6759482;Via del Carmine;4;624.0;Prima del 1919;G;0.0;0.6618575116657683;Abitazione;Demanio;Dichiarazione di interesse culturale;Non Dichiarato;B5;7393.0;false;true;;7.0;1.6666666666666667;2.3333333333333335;1.0;2.0;3.0;4.0;3.0;3.0;4.0;3.0;['2019_203325_0015.xml', '2019_212629_0743.xml', '2019_101408_0036.xml', '2020_212629_0489.xml', '2021_212629_0039.xml', '2022_209895_0034.xml'];['2019_203325_0015.xml', '2019_212629_0743.xml', '2019_101408_0036.xml', '2020_212629_0489.xml', '2021_212629_0039.xml', '2022_209895_0034.xml'];[693786, 693787, 693788];01/01/2022;3;in concessione a titolo oneroso;1219;70;1.014427465002695
3107977;45.075075;7.6736631;via garibaldi giuseppe;55;1522.0;Prima del 1919;F;0.0;0.6436479496782002;Abitazione;Patrimonio indisponibile;Nessuno;Altro;B5;;false;true;;6.0;1.0;2.0;1.0;2.0;3.0;3.0;3.0;3.0;4.0;3.0;['2020_108793_0034.xml'];['2020_108793_0034.xml'];[694464, 694465, 694466, 694467, 694468, 694469, 694470, 694471, 694472, 694473, 694474, 694475, 694476, 694477, 694478, 694479, 694480, 694481, 694482, 694483, 694484, 694485, 694486, 694487, 694488, 694489, 694490, 694491, 694492, 694493, 694494, 694495];;32;;1220;198;1.0690561509653995
3108049;45.0761472;7.6948782;via parma;50;3909.25;Prima del 1919;F;0.0;0.5506442927402524;Abitazione;Patrimonio indisponibile;Nessuno;Alloggio di servizio, foresterie;C18;;false;true;;6.0;1.0;2.0;1.0;2.0;3.0;4.0;3.0;3.0;4.0;3.0;['2021_210200_0081.xml'];['2021_210200_0081.xml'];[695498, 695499];;2;;1249;80;1.3480671217792426
3107967;45.0797746;7.6778351;Via Sigismondo Gerdil;7;2258.0;Prima del 1919;F;0.0;0.5381418233541497;Abitazione;Patrimonio indisponibile;Nessuno;Altro;C17;;false;true;;6.0;1.0;2.0;1.0;2.0;3.0;3.0;2.0;3.0;3.0;3.0;['2021_113184_0107.xml'];['2021_113184_0107.xml'];[23346, 23347, 24637, 26000, 26841, 27069, 693446, 693447, 693448, 693449, 693450, 693451, 693452, 693453, 693454, 693455, 693456, 693457, 693458, 693459, 693460, 693461, 693462, 693463, 693464, 693465, 693466, 693467, 693468, 693469, 693470, 693471, 693472, 693473, 693474];;35;;1218;43;1.3855745299375506
693461;45.0797746;7.6778351;Via Sigismondo Gerdil;7;78.0;Prima del 1919;F;0.0;0.5381418233541497;Abitazione;Patrimonio indisponibile;Nessuno;Altro;C17;;false;false;;6.0;1.0;2.0;1.0;2.0;3.0;2.0;1.0;2.0;4.0;1.0;['2021_113184_0107.xml'];['2021_113184_0107.xml'];[];;1;;1218;43;1.3855745299375506
690145;45.0785509;7.6719761;via s. chiara;56;69.0;Prima del 1919;F;0.0;0.5143627883308257;Abitazione;Patrimonio indisponibile;Nessuno;Altro;C17;;false;false;;6.0;1.0;2.0;1.0;2.0;2.0;3.0;2.0;2.0;3.0;2.0;['2019_102099_0009.xml'];['2019_102099_0009.xml'];[];;1;;1180;247;1.4569116350075226
3108108;45.0589645;7.6687327;Via Valeggio;23;186.0;Dal 1919 al 1945;F;0.0;0.5143412820627145;Abitazione;Patrimonio disponibile;Nessuno;Altro;C4;3642.0;false;true;;6.2;1.2;2.0;1.0;2.0;2.0;2.0;2.0;2.0;2.0;2.0;['2019_102203_0057.xml', '2021_102099_0079.xml', '2021_200149_0018.xml', '2021_212489_0028.xml', '2022_214663_0084.xml'];['2019_102203_0057.xml', '2021_102099_0079.xml', '2021_200149_0018.xml', '2021_212489_0028.xml', '2022_214663_0084.xml'];[698446, 2854663];01/02/2022;2;in locazione;1301;135;1.4569761538118569
698446;45.0589645;7.6687327;via valeggio;23;94.0;Dal 1919 al 1945;G;0.0;0.5143412820627145;Abitazione;Patrimonio disponibile;Nessuno;Non Dichiarato;C4;3642.0;false;false;;6.0;1.0;2.0;1.0;2.0;3.0;3.0;3.0;3.0;4.0;3.0;['2021_102099_0079.xml'];['2021_102099_0079.xml'];[];01/02/2022;1;in locazione;1301;135;1.4569761538118569
2854663;45.0589645;7.6687327;Via Valeggio;23;92.0;Dal 1919 al 1945;F;0.0;0.5143412820627145;Abitazione;Patrimonio disponibile;Nessuno;Altro;C4;;false;false;;6.0;1.0;2.0;1.0;2.0;3.0;3.0;3.0;3.0;4.0;3.0;['2022_214663_0084.xml'];['2022_214663_0084.xml'];[];;1;;1301;135;1.4569761538118569
3107980;45.0741357;7.6621646;Via Duchessa Jolanda;20;2226.0;Prima del 1919;G;0.0;0.4177786760751938;Abitazione;Patrimonio indisponibile;Nessuno;Altro;C7;;false;true;;6.0;1.0;2.0;1.0;2.0;3.0;3.0;3.0;3.0;4.0;3.0;['2019_202612_0121.xml'];['2019_202612_0121.xml'];[693804, 693805, 693806, 693807, 693808, 693809, 693810, 693811, 693812, 693813, 693814, 693815, 693816, 693817, 693818, 693819, 693820, 693821, 693830, 693831];;20;;1221;219;1.7466639717744186
3107940;45.0769615;7.7010203;Via Buscalioni Carlo Michele;17;1638.0;Dal 1919 al 1945;F;0.0;0.40693148812239965;Abitazione;Patrimonio indisponibile;Nessuno;Non Dichiarato;C18;843.0;false;true;;6.0625;1.0625;2.0;1.0;2.0;2.0;3.0;2.0;2.0;3.0;2.0;['2020_102099_0166.xml', '2020_102099_0167.xml', '2020_102099_0168.xml', '2020_102099_0169.xml', '2020_102099_0170.xml', '2020_102099_0174.xml', '2020_102099_0175.xml', '2020_102099_0176.xml', '2020_102099_0179.xml', '2020_102099_0180.xml', '2020_102099_0181.xml', '2020_102099_0182.xml', '2020_102099_0183.xml', '2020_102099_0184.xml', '2021_106141_0033.xml', '2021_106141_0034.xml'];['2020_102099_0166.xml', '2020_102099_0167.xml', '2020_102099_0168.xml', '2020_102099_0169.xml', '2020_102099_0170.xml', '2020_102099_0174.xml', '2020_102099_0175.xml', '2020_102099_0176.xml', '2020_102099_0179.xml', '2020_102099_0180.xml', '2020_102099_0181.xml', '2020_102099_0182.xml', '2020_102099_0183.xml', '2020_102099_0184.xml', '2021_106141_0033.xml', '2021_106141_0034.xml'];[692846, 692847, 692848, 692849, 692850, 692851, 692852, 692853, 692854, 692855, 692856, 692857, 692858, 692859, 692860, 692861, 692862, 692863, 692864, 692865, 692866, 692867, 692868, 692869];01/01/2022;24;in locazione;1212;97;1.7792055356328011
692846;45.0769615;7.7010203;Via Carlo Michele Buscalioni;17;71.0;Dal 1919 al 1945;F;0.0;0.40693148812239965;Abitazione;Patrimonio indisponibile;Nessuno;Altro;C18;;false;false;;6.0;1.0;2.0;1.0;2.0;3.0;3.0;2.0;3.0;3.0;2.0;['2020_102099_0166.xml'];['2020_102099_0166.xml'];[];;1;;1212;97;1.7792055356328011
692847;45.0769615;7.7010203;Via Carlo Michele Buscalioni;17;76.0;Dal 1919 al 1945;F;0.0;0.40693148812239965;Abitazione;Patrimonio indisponibile;Nessuno;Non Dichiarato;C18;2399.0;false;false;;6.0;1.0;2.0;1.0;2.0;3.0;3.0;3.0;3.0;3.0;3.0;['2021_106141_0034.xml'];['2021_106141_0034.xml'];[];01/12/2022;1;in locazione;1212;97;1.7792055356328011
692849;45.0769615;7.7010203;Via Carlo Michele Buscalioni;17;70.0;Dal 1919 al 1945;F;0.0;0.40693148812239965;Abitazione;Patrimonio indisponibile;Nessuno;Non Dichiarato;C18;3847.0;false;false;;6.0;1.0;2.0;1.0;2.0;2.0;3.0;2.0;2.0;3.0;2.0;['2020_102099_0169.xml'];['2020_102099_0169.xml'];[];01/07/2021;1;in locazione;1212;97;1.7792055356328011
692850;45.0769615;7.7010203;Via Buscalioni Carlo Michele;21;69.0;Dal 1919 al 1945;F;0.0;0.40693148812239965;Abitazione;Patrimonio indisponibile;Nessuno;Non Dichiarato;C18;2139.0;false;false;;6.0;1.0;2.0;1.0;2.0;3.0;4.0;3.0;3.0;4.0;3.0;['2020_102099_0176.xml'];['2020_102099_0176.xml'];[];01/09/2021;1;in locazione;1212;97;1.7792055356328011
692851;45.0769615;7.7010203;Via Buscalioni Carlo Michele;21;53.0;Dal 1919 al 1945;F;0.0;0.40693148812239965;Abitazione;Patrimonio indisponibile;Nessuno;Altro;C18;;false;false;;6.0;1.0;2.0;1.0;2.0;3.0;4.0;3.0;3.0;4.0;3.0;['2020_102099_0184.xml'];['2020_102099_0184.xml'];[];;1;;1212;97;1.7792055356328011
692856;45.0769615;7.7010203;Via Buscalioni Carlo Michele;21;54.0;Dal 1919 al 1945;F;0.0;0.40693148812239965;Abitazione;Patrimonio indisponibile;Nessuno;Altro;C18;;false;false;;6.0;1.0;2.0;1.0;2.0;2.0;3.0;1.0;1.0;2.0;1.0;['2020_102099_0179.xml'];['2020_102099_0179.xml'];[];;1;;1212;97;1.7792055356328011
692857;45.0769615;7.7010203;Via Carlo Michele Buscalioni;17;54.0;Dal 1919 al 1945;F;0.0;0.40693148812239965;Abitazione;Patrimonio indisponibile;Nessuno;Altro;C18;;false;false;;6.0;1.0;2.0;1.0;2.0;3.0;4.0;3.0;3.0;4.0;3.0;['2020_102099_0174.xml'];['2020_102099_0174.xml'];[];;1;;1212;97;1.7792055356328011
692858;45.0769615;7.7010203;Via Buscalioni Carlo Michele;21;72.0;Dal 1919 al 1945;F;0.0;0.40693148812239965;Abitazione;Patrimonio indisponibile;Nessuno;Non Dichiarato;C18;3273.0;false;false;;6.0;1.0;2.0;1.0;2.0;2.0;3.0;2.0;2.0;3.0;2.0;['2020_102099_0180.xml'];['2020_102099_0180.xml'];[];01/10/2021;1;in locazione;1212;97;1.7792055356328011
692859;45.0769615;7.7010203;Via Buscalioni Carlo Michele;21;72.0;Dal 1919 al 1945;F;0.0;0.40693148812239965;Abitazione;Patrimonio indisponibile;Nessuno;Non Dichiarato;C18;1970.0;false;false;;6.0;1.0;2.0;1.0;2.0;2.0;2.0;2.0;2.0;2.0;2.0;['2020_102099_0181.xml'];['2020_102099_0181.xml'];[];01/08/2011;1;in locazione;1212;97;1.7792055356328011
692862;45.0769615;7.7010203;Via Buscalioni Carlo Michele;21;70.0;Dal 1919 al 1945;F;0.0;0.40693148812239965;Abitazione;Patrimonio indisponibile;Nessuno;Non Dichiarato;C18;801.0;false;false;;6.0;1.0;2.0;1.0;2.0;2.0;3.0;2.0;2.0;3.0;2.0;['2020_102099_0183.xml'];['2020_102099_0183.xml'];[];01/01/2022;1;in locazione;1212;97;1.7792055356328011
692864;45.0769615;7.7010203;Via Carlo Michele Buscalioni;17;72.0;Dal 1919 al 1945;F;0.0;0.40693148812239965;Abitazione;Patrimonio indisponibile;Nessuno;Non Dichiarato;C18;2323.0;false;false;;6.0;1.0;2.0;1.0;2.0;3.0;3.0;3.0;3.0;4.0;3.0;['2020_102099_0167.xml'];['2020_102099_0167.xml'];[];01/07/2021;1;in locazione;1212;97;1.7792055356328011
692865;45.0769615;7.7010203;Via Carlo Michele Buscalioni;17;73.0;Dal 1919 al 1945;F;0.0;0.40693148812239965;Abitazione;Patrimonio indisponibile;Nessuno;Non Dichiarato;C18;1941.0;false;false;;6.0;1.0;2.0;1.0;2.0;3.0;3.0;3.0;3.0;3.0;3.0;['2020_102099_0168.xml'];['2020_102099_0168.xml'];[];01/11/2011;1;in locazione;1212;97;1.7792055356328011
692867;45.0769615;7.7010203;Via Carlo Michele Buscalioni;17;53.0;Dal 1919 al 1945;G;0.0;0.40693148812239965;Abitazione;Patrimonio indisponibile;Nessuno;Non Dichiarato;C18;513.0;false;false;;6.0;1.0;2.0;1.0;2.0;1.0;1.0;1.0;1.0;1.0;1.0;['2021_106141_0033.xml'];['2021_106141_0033.xml'];[];01/11/2022;1;in locazione;1212;97;1.7792055356328011
692868;45.0769615;7.7010203;Via Carlo Michele Buscalioni;17;70.0;Dal 1919 al 1945;F;0.0;0.40693148812239965;Abitazione;Patrimonio indisponibile;Nessuno;Non Dichiarato;C18;743.0;false;false;;6.0;1.0;2.0;1.0;2.0;3.0;3.0;3.0;3.0;3.0;3.0;['2020_102099_0170.xml'];['2020_102099_0170.xml'];[];01/03/2022;1;in locazione;1212;97;1.7792055356328011
692869;45.0769615;7.7010203;Via Carlo Michele Buscalioni;17;73.0;Dal 1919 al 1945;F;0.0;0.40693148812239965;Abitazione;Patrimonio indisponibile;Nessuno;Non Dichiarato;C18;2127.0;false;false;;6.0;1.0;2.0;1.0;2.0;3.0;3.0;3.0;3.0;4.0;3.0;['2020_102099_0175.xml'];['2020_102099_0175.xml'];[];01/08/2021;1;in locazione;1212;97;1.7792055356328011
3107939;45.0774956;7.700681;Via Carlo Michele Buscalioni;15;809.4;Dal 1919 al 1945;F;0.0;0.4024272421385485;Abitazione;Patrimonio indisponibile;Nessuno;Non Dichiarato;C18;18745.0;false;true;;6.0;1.0;2.0;1.0;2.0;3.0;3.0;2.0;2.0;3.0;2.0;['2020_102099_0164.xml', '2020_102099_0165.xml'];['2020_102099_0164.xml', '2020_102099_0165.xml'];[691461, 691462, 691463, 691464, 691465, 691466];01/01/2022;6;in concessione a titolo oneroso;1212;90;1.7927182735843543
691462;45.0774956;7.700681;Via Carlo Michele Buscalioni;15;75.0;Dal 1919 al 1945;F;0.0;0.4024272421385485;Abitazione;Patrimonio indisponibile;Nessuno;Non Dichiarato;C18;3298.0;false;false;;6.0;1.0;2.0;1.0;2.0;2.0;3.0;2.0;2.0;3.0;2.0;['2020_102099_0165.xml'];['2020_102099_0165.xml'];[];01/09/2021;1;in locazione;1212;90;1.7927182735843543
691464;45.0774956;7.700681;Via Carlo Michele Buscalioni;15;102.0;Dal 1919 al 1945;F;0.0;0.4024272421385485;Abitazione;Patrimonio indisponibile;Nessuno;Non Dichiarato;C18;3226.0;false;false;;6.0;1.0;2.0;1.0;2.0;3.0;3.0;3.0;3.0;4.0;3.0;['2020_102099_0164.xml'];['2020_102099_0164.xml'];[];01/08/2021;1;in locazione;1212;90;1.7927182735843543
3107904;45.0844539;7.690713;Via Lodi;13;559.0;Dal 1946 al 1960;F;0.0;0.3446984321111949;Abitazione;Patrimonio indisponibile;Nessuno;Altro;C19;;false;true;;6.625;1.4583333333333333;2.1666666666666665;1.0;2.0;2.0;2.0;2.0;2.0;2.0;2.0;['2019_104238_0016.xml', '2019_105263_0062.xml', '2019_113024_0002.xml', '2019_200193_0006.xml', '2019_200251_0018.xml', '2019_208568_0033.xml', '2019_209110_0004.xml', '2019_209689_0230.xml', '2019_209693_0002.xml', '2019_209882_0066.xml', '2019_212894_0010.xml', '2019_213953_0001.xml', '2020_100385_0003.xml', '2020_213615_0064.xml', '2020_213792_0002.xml', '2020_311040_0012.xml', '2021_113118_0037.xml', '2021_200542_0029.xml', '2021_207949_0126.xml', '2022_108905_0008.xml', '2022_203322_0002.xml', '2022_212533_0218.xml', '2022_212560_0076.xml', '2022_214142_0039.xml'];['2019_104238_0016.xml', '2019_105263_0062.xml', '2019_113024_0002.xml', '2019_200193_0006.xml', '2019_200251_0018.xml', '2019_208568_0033.xml', '2019_209110_0004.xml', '2019_209689_0230.xml', '2019_209693_0002.xml', '2019_209882_0066.xml', '2019_212894_0010.xml', '2019_213953_0001.xml', '2020_100385_0003.xml', '2020_213615_0064.xml', '2020_213792_0002.xml', '2020_311040_0012.xml', '2021_113118_0037.xml', '2021_200542_0029.xml', '2021_207949_0126.xml', '2022_108905_0008.xml', '2022_203322_0002.xml', '2022_212533_0218.xml', '2022_212560_0076.xml', '2022_214142_0039.xml'];[301849, 301851, 301852, 301853, 301854, 301855, 301856, 301857];;8;;1184;10;1.9659047036664152
3108152;45.0500451;7.6794094;via michelangelo buonarroti;30;84.0;Dal 1946 al 1960;G;0.0;0.3386451916461678;Abitazione;Patrimonio disponibile;Nessuno;Attività amministrativa/uffici pubblici;C2;3926.0;false;true;;7.5;2.1666666666666665;2.3333333333333335;1.0;2.0;2.0;2.0;1.0;1.0;3.0;1.0;['2019_207450_0055.xml', '2020_102099_0196.xml', '2020_108048_0006.xml', '2020_311040_0009.xml', '2021_205544_0106.xml', '2021_207709_0014.xml'];['2019_207450_0055.xml', '2020_102099_0196.xml', '2020_108048_0006.xml', '2020_311040_0009.xml', '2021_205544_0106.xml', '2021_207709_0014.xml'];[689548, 689549];01/03/2010;2;in locazione;1351;295;1.9840644250614965
689549;45.0500451;7.6794094;via michelangelo buonarroti;30;56.0;Dal 1946 al 1960;G;0.0;0.3386451916461678;Abitazione;Patrimonio disponibile;Nessuno;Non Dichiarato;C2;3926.0;false;false;;6.0;1.0;2.0;1.0;2.0;4.0;4.0;3.0;3.0;4.0;3.0;['2020_102099_0196.xml'];['2020_102099_0196.xml'];[];01/03/2010;1;in locazione;1351;295;1.9840644250614965
3107622;45.1306589;7.6848438;Strada Comunale del Villaretto;187;3480.0;Dal 2001 al 2010;;0.0;0.0;Abitazione;Patrimonio indisponibile;Nessuno;Altro;D22;;false;true;;;;;;;1.0;1.0;1.0;1.0;2.0;1.0;[];[];[685999, 686000, 686001, 686002, 686003, 686004, 686005, 686006, 686007, 686008, 686009, 686010, 686011, 686012, 686013, 686014, 686015, 686016, 686017, 686018, 686019, 686020, 686021, 686022, 686023, 686024, 686025, 686026, 686027, 686028, 686029, 686030, 686031, 686032, 686033, 686034, 686035, 686036, 686037, 686038, 686039, 686040, 686041, 686042, 686061];;45;;1009;180;
3107623;45.1312655;7.7090528;Via degli Abeti;13;5444.0;Dal 1981 al 1990;A1;0.0;0.0;Edificio scolastico (es.: scuola di ogni ordine e grado, università, scuola di formazione);Patrimonio indisponibile;Nessuno;Attività didattica;D22;;false;true;;12.0;5.0;2.0;3.0;2.0;2.0;3.0;2.0;2.0;3.0;2.0;['2020_101416_0019.xml'];['2020_101416_0019.xml'];[683279, 683280, 683281];;3;;1013;136;
3107624;45.1304989;7.7075375;Via delle Querce;23;690.0;Dal 1971 al 1980;;0.0;0.0;Abitazione;Patrimonio indisponibile;Nessuno;Altro;D22;;false;true;;;;;;;2.0;2.0;2.0;2.0;3.0;2.0;[];[];[683282, 683283, 683284];;3;;1013;137;
3107625;45.1310566;7.7099316;Via degli Abeti;15;1355.25;Dal 1971 al 1980;;0.0;0.0;Abitazione;Patrimonio indisponibile;Nessuno;Alloggio di servizio, foresterie;D22;5512.0;false;true;;;;;;;1.0;1.0;1.0;1.0;1.0;1.0;[];[];[683288, 683289];01/12/2013;2;in concessione a titolo oneroso;1013;35;
3107626;45.129511;7.7168342;VIA DEGLI ULIVI;49E;302.0;Dopo il 2010;A4;0.0;0.0;Locale commerciale, negozio;Patrimonio indisponibile;Nessuno;Altro;D22;;false;true;;17.0;5.0;2.0;5.0;5.0;1.0;3.0;1.0;1.0;2.0;1.0;['2021_108783_0001.xml'];['2021_108783_0001.xml'];[2787467, 2787468];;2;;1016;39;
3107627;45.1271572;7.7097132;PIAZZA ASTENGO GIOVANNI;10;1009.42;Dal 1971 al 1980;;0.0;0.0;Ufficio strutturato ed assimilabili;Patrimonio indisponibile;Nessuno;Attività amministrativa/uffici pubblici;D22;;false;true;;;;;;;2.0;2.0;2.0;2.0;3.0;2.0;[];[];[2674974, 2674975];;2;;1024;56;
3107628;45.1264153;7.7124527;Via dei Pioppi;43;3851.0;Dal 1946 al 1960;;0.0;0.0;Edificio scolastico (es.: scuola di ogni ordine e grado, università, scuola di formazione);Patrimonio indisponibile;Nessuno;Attività artistica e culturale;D22;;false;true;;;;;;;2.0;2.0;2.0;2.0;3.0;2.0;[];[];[683465, 683466];;2;;1024;65;
3107629;45.1260897;7.7006839;Strada Cuorgnè;109;2298.75;Prima del 1919;;0.0;0.0;Abitazione;Demanio;Nessuno;Attività didattica;D22;;false;true;;;;;;;2.0;2.0;2.0;2.0;3.0;2.0;[];[];[683470, 683471, 683472, 683473, 683474, 683475];;6;;1026;37;
3107630;45.1234107;7.7033776;Strada Cuorgnè;81;1328.2800000000002;Prima del 1919;;0.0;0.0;Ufficio strutturato ed assimilabili;Patrimonio indisponibile;Nessuno;Altro;D22;;false;true;;;;;;;2.0;3.0;2.0;2.0;3.0;2.0;[];[];[683534, 683535];;2;;1027;143;
3107631;45.1247425;7.672253;Strada Bellacomba;138;176.0;Prima del 1919;;0.0;0.0;Abitazione;Patrimonio indisponibile;Nessuno;Attività amministrativa/uffici pubblici;D22;;false;true;;;;;;;2.0;2.0;2.0;2.0;2.0;2.0;[];[];[24506, 25122];;2;;1033;14;
3107632;45.1247425;7.672253;Strada Bellacomba;138;176.0;Prima del 1919;;0.0;0.0;Abitazione;Patrimonio indisponibile;Nessuno;Attività amministrativa/uffici pubblici;D22;;false;true;;;;;;;2.0;3.0;2.0;2.0;3.0;2.0;[];[];[24506, 25122];;2;;1033;17;
3107633;45.1245559;7.6715423;Strada Bellacomba;138;369.0;Prima del 1919;;0.0;0.0;Fabbricato per attività produttiva (industriale, artigianale o agricola);Patrimonio indisponibile;Nessuno;Attività amministrativa/uffici pubblici;D22;;false;true;;;;;;;2.0;2.0;2.0;2.0;3.0;2.0;[];[];[683715, 683716, 683717, 683718];;4;;1033;20;
3107634;45.1175901;7.6534828;Via Giovanni de Stefanis;20;4568.5;Dal 1971 al 1980;;0.0;0.0;Abitazione;Patrimonio indisponibile;Nessuno;Alloggio di servizio, foresterie;D22;;false;true;;;;;;;2.0;3.0;2.0;2.0;3.0;2.0;[];[];[686313, 686314];;2;;1036;99;
3107635;45.1177993;7.6586549;STRADA PROV. DI LANZO;146;2104.0;Dal 1971 al 1980;;0.0;0.0;Abitazione;Patrimonio indisponibile;Nessuno;Alloggio di servizio, foresterie;D22;;false;true;;;;;;;3.0;3.0;3.0;3.0;4.0;3.0;[];[];[686315, 686316];;2;;1037;132;
3107636;45.1201654;7.7099907;corso vercelli;491 13;933.0;Dal 1919 al 1945;C;0.0;0.0;Abitazione;Demanio;Dichiarazione di interesse culturale;Altro;D22;;false;true;;8.0;3.0;2.0;1.0;2.0;2.0;2.0;1.0;1.0;2.0;1.0;['2019_102351_0142.xml', '2019_102351_0143.xml', '2021_313821_0080.xml'];['2019_102351_0142.xml', '2019_102351_0143.xml', '2021_313821_0080.xml'];[687257, 687258, 687259, 687260, 687261, 687267, 687268, 687269, 687270, 687271, 2667997, 2667999, 2668004];;13;;1043;10;
3107637;45.119656;7.7092692;corso vercelli;483 9;846.0;Dal 1919 al 1945;C;0.0;0.0;Abitazione;Demanio;Dichiarazione di interesse culturale;Altro;D22;;false;true;;8.0;3.0;2.0;1.0;2.0;2.0;2.0;1.0;1.0;2.0;1.0;['2019_312661_0144.xml', '2019_312661_0145.xml'];['2019_312661_0144.xml', '2019_312661_0145.xml'];[687349, 687350, 687353, 687354, 687355, 687356, 687357, 687358, 687359, 687360, 687361, 687362, 687363, 2668401];;14;;1043;12;
3107638;45.1197849;7.7097167;corso vercelli;487 10;926.0;Dal 1919 al 1945;C;0.0;0.0;Abitazione;Demanio;Dichiarazione di interesse culturale;Altro;D22;;false;true;;8.333333333333334;3.3333333333333335;2.0;1.0;2.0;2.0;2.0;2.0;2.0;2.0;2.0;['2021_313821_0076.xml', '2021_313821_0077.xml', '2021_313821_0096.xml'];['2021_313821_0076.xml', '2021_313821_0077.xml', '2021_313821_0096.xml'];[687364, 687365, 687366, 687367, 687368, 687369, 687372, 687375, 687376, 687379, 2667343, 2667344, 2667346];;13;;1043;13;
3107639;45.1199126;7.7101329;corso vercelli;491 11;927.0;Dal 1919 al 1945;C;0.0;0.0;Abitazione;Demanio;Dichiarazione di interesse culturale;Altro;D22;;false;true;;8.333333333333334;3.3333333333333335;2.0;1.0;2.0;2.0;2.0;2.0;2.0;3.0;2.0;['2019_102351_0137.xml', '2019_102351_0138.xml', '2019_102351_0139.xml'];['2019_102351_0137.xml', '2019_102351_0138.xml', '2019_102351_0139.xml'];[687422, 687423, 687426, 687427, 687428, 687429, 687430, 687435, 687436, 687437, 2667349, 2667351, 2667354];;13;;1043;14;
3107640;45.119419;7.7094427;corso vercelli;483 6;924.0;Dal 1919 al 1945;B;0.0;0.0;Abitazione;Demanio;Dichiarazione di interesse culturale;Altro;D22;;false;true;;9.0;4.0;2.0;1.0;2.0;2.0;2.0;2.0;2.0;3.0;2.0;['2019_102351_0147.xml', '2019_102351_0148.xml', '2021_313821_0081.xml', '2021_313821_0082.xml'];['2019_102351_0147.xml', '2019_102351_0148.xml', '2021_313821_0081.xml', '2021_313821_0082.xml'];[687439, 687440, 687443, 687444, 687445, 687446, 687449, 687450, 2667296, 2667297, 2667298, 2667303, 2667306];;13;;1043;18;
3107641;45.1195375;7.7098654;corso vercelli;487 7;926.0;Dal 1919 al 1945;;0.0;0.0;Abitazione;Demanio;Dichiarazione di interesse culturale;Altro;D22;;false;true;;;;;;;2.0;3.0;2.0;2.0;3.0;2.0;[];[];[687457, 687461, 687462, 687463, 687464, 687465, 687470, 687471, 2667313, 2667317, 2667321, 2667324];;12;;1043;19;
3107642;45.1196739;7.7103112;corso vercelli;491 8;922.0;Dal 1919 al 1945;C;0.0;0.0;Abitazione;Demanio;Dichiarazione di interesse culturale;Altro;D22;;false;true;;8.75;3.75;2.0;1.0;2.0;1.0;4.0;2.0;1.0;2.0;1.0;['2019_102351_0131.xml', '2019_102351_0132.xml', '2019_102351_0133.xml', '2021_313821_0084.xml'];['2019_102351_0131.xml', '2019_102351_0132.xml', '2019_102351_0133.xml', '2021_313821_0084.xml'];[686361, 686362, 686365, 686366, 686367, 686368, 686369, 686372, 686373, 686376, 2667325, 2667328, 2667330];;13;;1043;20;
3107643;45.1167094;7.7073511;Via Cavagnolo;35;7105.25;Dal 1981 al 1990;;0.0;0.0;Edificio scolastico (es.: scuola di ogni ordine e grado, università, scuola di formazione);Patrimonio indisponibile;Nessuno;Attività didattica;D22;;false;true;;;;;;;2.0;2.0;1.0;1.0;2.0;1.0;[];[];[687486, 687487, 687488, 687489, 687490, 687491, 687492];;7;;1043;221;
3107644;45.1191459;7.7095702;corso vercelli;483 4;926.0;Dal 1919 al 1945;;0.0;0.0;Abitazione;Demanio;Dichiarazione di interesse culturale;Altro;D22;;false;true;;;;;;;2.0;2.0;2.0;2.0;2.0;2.0;[];[];[687499, 687500, 687501, 687502, 687503, 687509, 687510, 687511, 687512, 687513, 2667219, 2667221, 2667230];;13;;1043;36;
3107645;45.1194406;7.7104328;corso vercelli;491 5;929.0;Dal 1919 al 1945;C;0.0;0.0;Abitazione;Demanio;Dichiarazione di interesse culturale;Altro;D22;;false;true;;8.6;3.6;2.0;1.0;2.0;2.0;2.0;2.0;2.0;3.0;2.0;['2019_102351_0129.xml', '2019_102351_0130.xml', '2021_313821_0073.xml', '2021_313821_0097.xml', '2022_313821_0069.xml'];['2019_102351_0129.xml', '2019_102351_0130.xml', '2021_313821_0073.xml', '2021_313821_0097.xml', '2022_313821_0069.xml'];[686408, 686409, 686410, 686411, 686412, 686413, 686414, 686418, 686419, 686422, 2667234, 2667238, 2667246];;13;;1043;37;
3107646;45.118914;7.7097266;corso vercelli;483 1;938.0;Dal 1919 al 1945;B;0.0;0.0;Abitazione;Demanio;Dichiarazione di interesse culturale;Altro;D22;;false;true;;8.666666666666666;3.6666666666666665;2.0;1.0;2.0;2.0;2.0;2.0;2.0;3.0;2.0;['2019_102351_0134.xml', '2019_102351_0135.xml', '2019_102351_0136.xml'];['2019_102351_0134.xml', '2019_102351_0135.xml', '2019_102351_0136.xml'];[686463, 686464, 686465, 686466, 686467, 686469, 686470, 2667001, 2667002];;9;;1043;39;
3107647;45.1190395;7.7101843;corso vercelli;487 2;887.0;Dal 1919 al 1945;B;0.0;0.0;Abitazione;Demanio;Dichiarazione di interesse culturale;Altro;D22;;false;true;;8.0;3.0;2.0;1.0;2.0;2.0;2.0;1.0;1.0;2.0;1.0;['2019_102351_0144.xml', '2019_102351_0145.xml', '2021_313821_0083.xml', '2022_113181_0020.xml'];['2019_102351_0144.xml', '2019_102351_0145.xml', '2021_313821_0083.xml', '2022_113181_0020.xml'];[686477, 686478, 686479, 686480, 686481, 686482, 686483, 686484, 686485, 686490, 686491, 686492, 2667034, 2667037];;14;;1043;40;
3107648;45.1191776;7.7105979;corso vercelli;491 3;924.0;Dal 1919 al 1945;A1;0.0;0.0;Abitazione;Demanio;Dichiarazione di interesse culturale;Altro;D22;;false;true;;9.666666666666666;4.666666666666667;2.0;1.0;2.0;3.0;3.0;3.0;3.0;4.0;3.0;['2019_102351_0140.xml', '2019_102351_0141.xml', '2021_313821_0072.xml'];['2019_102351_0140.xml', '2019_102351_0141.xml', '2021_313821_0072.xml'];[686570, 686571, 686572, 686573, 686574, 686575, 686576, 686580, 686581, 686584, 2667016, 2667022, 2667026];;13;;1043;41;
3107649;45.1201632;7.7089964;corso vercelli;483 14;926.0;Dal 1919 al 1945;B;0.0;0.0;Abitazione;Demanio;Dichiarazione di interesse culturale;Altro;D22;;false;true;;8.666666666666666;3.6666666666666665;2.0;1.0;2.0;2.0;2.0;2.0;2.0;3.0;2.0;['2019_102351_0126.xml', '2019_102351_0127.xml', '2019_102351_0128.xml'];['2019_102351_0126.xml', '2019_102351_0127.xml', '2019_102351_0128.xml'];[686585, 686586, 686587, 686588, 686589, 686590, 686591, 686592, 686593, 686596, 686597, 686598, 686599, 686600, 2668009];;15;;1043;5;
3107650;45.1202979;7.7094372;corso vercelli;487 15;929.0;Dal 1919 al 1945;C;0.0;0.0;Abitazione;Demanio;Dichiarazione di interesse culturale;Altro;D22;;false;true;;7.75;2.75;2.0;1.0;2.0;2.0;3.0;2.0;2.0;3.0;2.0;['2020_312661_0134.xml', '2021_313821_0070.xml', '2021_313821_0078.xml', '2021_313821_0079.xml'];['2020_312661_0134.xml', '2021_313821_0070.xml', '2021_313821_0078.xml', '2021_313821_0079.xml'];[686619, 686620, 686621, 686622, 686623, 686624, 686625, 686629, 686630, 686633, 2668014, 2668016, 2668019];;13;;1043;6;
3107651;45.118225;7.7096195;CORSO VERCELLI;SNC;584.0;Prima del 1919;;0.0;0.0;Abitazione;Patrimonio indisponibile;Nessuno;Non Dichiarato;D22;;false;true;;;;;;;2.0;2.0;2.0;2.0;3.0;2.0;[];[];[686645, 686646, 686647, 686648];;4;;1043;68;
3107652;45.1204147;7.7098685;corso vercelli;491 16;931.0;Dal 1919 al 1945;B;0.0;0.0;Abitazione;Demanio;Dichiarazione di interesse culturale;Altro;D22;;false;true;;9.0;4.0;2.0;1.0;2.0;2.0;2.0;1.0;1.0;2.0;1.0;['2019_312661_0149.xml', '2019_312661_0150.xml', '2019_312661_0151.xml', '2019_312661_0152.xml', '2021_313821_0071.xml', '2021_313821_0169.xml'];['2019_312661_0149.xml', '2019_312661_0150.xml', '2019_312661_0151.xml', '2019_312661_0152.xml', '2021_313821_0071.xml', '2021_313821_0169.xml'];[687520, 687521, 687526, 687527, 687528, 687529, 687530, 687531, 687532, 687533, 687534, 687535, 2668024, 2668027];;14;;1043;7;
3107653;45.11743;7.7081348;Via Stefano Tempia;0;1902.0;Dal 1971 al 1980;E;0.0;0.0;Abitazione;Patrimonio indisponibile;Nessuno;Altro;D22;;false;true;;7.0;1.6666666666666667;2.0;1.3333333333333333;2.0;3.0;3.0;3.0;3.0;3.0;3.0;['2020_200297_0200.xml', '2020_204454_0069.xml', '2021_108905_0009.xml', '2021_203171_0003.xml', '2021_210948_0117.xml', '2022_214587_0011.xml'];['2020_200297_0200.xml', '2020_204454_0069.xml', '2021_108905_0009.xml', '2021_203171_0003.xml', '2021_210948_0117.xml', '2022_214587_0011.xml'];[687537, 687538, 687539, 687540, 687541, 687542, 687543, 687544, 687545, 687546, 687547, 687548, 687550, 687551, 687552, 687553, 687554, 687555, 687556, 687557];;20;;1043;73;
3107654;45.1171163;7.708784;via tempia stefano;9;1070.0;Dal 1971 al 1980;D;0.0;0.0;Abitazione;Patrimonio indisponibile;Nessuno;Altro;D22;;false;true;;7.0;2.0;2.0;1.0;2.0;2.0;2.0;2.0;2.0;3.0;2.0;['2019_101255_0005.xml', '2020_107454_0060.xml'];['2019_101255_0005.xml', '2020_107454_0060.xml'];[686715, 686716, 686718, 686719, 686721, 686722, 686723, 686724, 686725, 686726, 686727];;11;;1043;74;
3107655;45.119915;7.7091353;corso vercelli;483 12;932.0;Dal 1919 al 1945;B;0.0;0.0;Abitazione;Demanio;Dichiarazione di interesse culturale;Altro;D22;;false;true;;8.6;3.6;2.0;1.0;2.0;2.0;2.0;2.0;2.0;3.0;2.0;['2019_102351_0146.xml', '2019_312661_0146.xml', '2019_312661_0147.xml', '2019_312661_0148.xml', '2021_313821_0075.xml'];['2019_102351_0146.xml', '2019_312661_0146.xml', '2019_312661_0147.xml', '2019_312661_0148.xml', '2021_313821_0075.xml'];[687020, 687023, 687024, 687028, 687029, 687030, 687031, 687032, 687033, 687034, 2667366, 2667371, 2667372];;13;;1043;8;
3107656;45.1168175;7.7052032;Via Ivrea;49 B;349.0;Dal 1981 al 1990;F;0.0;0.0;Locale commerciale, negozio;Patrimonio disponibile;Nessuno;Attività commerciale e di ristorazione;D22;;false;true;;6.666666666666667;1.4444444444444444;2.0;1.2222222222222223;2.0;2.0;2.0;2.0;2.0;2.0;2.0;['2019_203322_0001.xml', '2019_203322_0002.xml', '2019_204038_0049.xml', '2019_211573_0004.xml', '2021_110874_0009.xml', '2021_208567_0156.xml', '2022_102992_0034.xml', '2022_202078_0276.xml', '2022_212343_0025.xml'];['2019_203322_0001.xml', '2019_203322_0002.xml', '2019_204038_0049.xml', '2019_211573_0004.xml', '2021_110874_0009.xml', '2021_208567_0156.xml', '2022_102992_0034.xml', '2022_202078_0276.xml', '2022_212343_0025.xml'];[2665858, 2665859, 2665860];;3;;1049;45;
3107657;45.1155714;7.6563601;STRADA PROV. DI LANZO;147 11;5247.5;Dal 1971 al 1980;;0.0;0.0;Abitazione;Patrimonio indisponibile;Nessuno;Alloggio di servizio, foresterie;D22;;false;true;;;;;;;1.0;1.0;1.0;1.0;1.0;1.0;[];[];[687747, 687748];;2;;1057;389;
3107658;45.1160617;7.6602276;Strada Bra;22;826.0;Dal 1946 al 1960;;0.0;0.0;Abitazione;Patrimonio indisponibile;Nessuno;Altro;D22;;false;true;;;;;;;3.0;3.0;3.0;3.0;4.0;3.0;[];[];[2864193, 2864194, 2864195, 2864196, 2864197, 2864198, 2864199, 2864200, 2864201];;9;;1057;424;
3107659;45.11210976;7.65749785;via venaria;82;668.5;Prima del 1919;;0.0;0.0;Abitazione;Patrimonio indisponibile;Nessuno;Alloggio di servizio, foresterie;D22;;false;true;;;;;;;2.0;2.0;2.0;2.0;3.0;2.0;[];[];[687749, 687750];;2;;1059;2;
3107660;45.10833391;7.66100814;via venaria;38;387.0;Dal 1919 al 1945;;0.0;0.0;Abitazione;Patrimonio indisponibile;Nessuno;Altro;D10;;false;true;;;;;;;2.0;3.0;2.0;2.0;3.0;2.0;[];[];[687751, 687752, 687753, 687754, 687755, 687756, 687757, 687758];;8;;1059;277;
3107661;45.10818734;7.66114061;Via Venarìa;36;416.0;Dal 1919 al 1945;F;0.0;0.0;Abitazione;Patrimonio indisponibile;Nessuno;Altro;D10;;false;true;;6.0;1.0;2.0;1.0;2.0;2.0;2.0;2.0;2.0;2.0;2.0;['2019_312661_0215.xml'];['2019_312661_0215.xml'];[687759, 687760, 687761, 687762, 687763, 687764];;6;;1059;281;
3107662;45.11037159;7.66288434;Via Lanzo;25;8480.25;Dal 1981 al 1990;;0.0;0.0;Abitazione;Patrimonio indisponibile;Nessuno;Alloggio di servizio, foresterie;D10;;false;true;;;;;;;2.0;2.0;2.0;2.0;3.0;2.0;[];[];[687769, 687770, 687771, 687772, 687773];;5;;1059;483;
3107663;45.11216912;7.65945722;Piazza Stampalia;85;432.5;Prima del 1919;;0.0;0.0;Edificio scolastico (es.: scuola di ogni ordine e grado, università, scuola di formazione);Patrimonio indisponibile;Nessuno;Altro;D22;;false;true;;;;;;;2.0;3.0;2.0;2.0;3.0;2.0;[];[];[699433, 699434];;2;;1059;5;
3107664;45.10972467;7.65746834;Via Alfonso Badini Confalonieri;74;4485.75;Dal 1961 al 1970;;0.0;0.0;Abitazione;Patrimonio indisponibile;Nessuno;Alloggio di servizio, foresterie;D10;;false;true;;;;;;;2.0;2.0;2.0;2.0;2.0;2.0;[];[];[687774, 687775];;2;;1059;83;
3107665;45.1091131;7.624154;CORSO FERRARA;50;541.0;Dal 1961 al 1970;G;0.0;0.0;Abitazione;Patrimonio disponibile;Nessuno;Altro;D23;5053.0;false;true;;6.0;1.0;2.0;1.0;2.0;3.0;3.0;3.0;3.0;4.0;3.0;['2022_102099_0003.xml', '2022_102099_0004.xml', '2022_102099_0006.xml'];['2022_102099_0003.xml', '2022_102099_0004.xml', '2022_102099_0006.xml'];[687143, 2859501, 2859503, 2859505, 2859507, 2859508];01/07/2022;6;in locazione;1065;24;
3107666;45.1088208;7.6243678;Corso Ferrara;50;462.0;Dal 1961 al 1970;G;0.0;0.0;Abitazione;Patrimonio disponibile;Nessuno;Non Dichiarato;D23;839.0;false;true;;6.0;1.0;2.0;1.0;2.0;2.0;2.0;1.0;1.0;2.0;1.0;['2022_102099_0005.xml', '2022_102099_0007.xml', '2022_102099_0008.xml', '2022_102099_0009.xml', '2022_102099_0010.xml', '2022_102099_0011.xml', '2022_102099_0012.xml'];['2022_102099_0005.xml', '2022_102099_0007.xml', '2022_102099_0008.xml', '2022_102099_0009.xml', '2022_102099_0010.xml', '2022_102099_0011.xml', '2022_102099_0012.xml'];[688745, 688746, 688747, 688748, 688749, 688750];01/02/2021;6;in locazione;1065;25;
3107667;45.1089546;7.6249603;Corso Ferrara;50;1147.0;Dal 1961 al 1970;G;0.0;0.0;Abitazione;Patrimonio disponibile;Nessuno;Altro;D23;;false;true;;6.0;1.0;2.0;1.0;2.0;2.0;3.0;2.0;2.0;2.0;2.0;['2022_102099_0001.xml', '2022_102099_0002.xml'];['2022_102099_0001.xml', '2022_102099_0002.xml'];[688753, 688754, 688755, 688756, 688757, 688758, 688759];;7;;1065;26;
3107668;45.1110678;7.6270079;TRAVES (VIA);15;256.0;Dal 1961 al 1970;;0.0;0.0;Area urbana;Patrimonio indisponibile;Nessuno;Altro;D23;;false;true;;;;;;;3.0;3.0;2.0;2.0;3.0;2.0;[];[];[688770, 2732799];;2;;1065;32;
3107669;45.1035106;7.6262609;Viale dei Mughetti;29;821.0;Dal 1946 al 1960;C;0.0;0.0;Abitazione;Patrimonio indisponibile;Nessuno;Altro;D23;;false;true;;7.285714285714286;2.142857142857143;2.142857142857143;1.0;2.0;2.0;2.0;2.0;2.0;2.0;2.0;['2019_212533_0285.xml', '2019_212533_0320.xml', '2019_212533_0321.xml', '2019_212533_0322.xml', '2019_104581_0008.xml', '2019_104581_0009.xml', '2019_104581_0010.xml', '2019_107568_0017.xml', '2020_212533_0036.xml', '2020_212533_0050.xml', '2020_212533_0058.xml', '2020_212533_0059.xml', '2020_212533_0060.xml', '2020_212533_0061.xml', '2020_212533_0062.xml', '2020_212533_0063.xml', '2020_212533_0064.xml', '2020_212533_0065.xml', '2020_212533_0066.xml', '2020_212533_0067.xml', '2020_212533_0068.xml'];['2019_212533_0285.xml', '2019_212533_0320.xml', '2019_212533_0321.xml', '2019_212533_0322.xml', '2019_104581_0008.xml', '2019_104581_0009.xml', '2019_104581_0010.xml', '2019_107568_0017.xml', '2020_212533_0036.xml', '2020_212533_0050.xml', '2020_212533_0058.xml', '2020_212533_0059.xml', '2020_212533_0060.xml', '2020_212533_0061.xml', '2020_212533_0062.xml', '2020_212533_0063.xml', '2020_212533_0064.xml', '2020_212533_0065.xml', '2020_212533_0066.xml', '2020_212533_0067.xml', '2020_212533_0068.xml'];[688782, 688785, 688786, 688787, 688788, 688790, 688792, 688794, 688799, 688801, 688803, 688805, 688807, 688811];;14;;1069;150;
3107670;45.101346;7.6257195;Via delle Primule;28;1919.0;Dal 1946 al 1960;G;0.0;0.0;Abitazione;Patrimonio indisponibile;Nessuno;Altro;D23;;false;true;;6.0;1.0;2.0;1.0;2.0;2.0;3.0;1.0;1.0;2.0;1.0;['2019_104581_0012.xml'];['2019_104581_0012.xml'];[257494, 257495, 257496, 257497, 257498, 257499, 257500, 257501, 257502, 257503, 257504, 257505, 257506, 257512, 257521, 257529, 257539, 257543, 257544, 257545];;20;;1069;151;
3107671;45.1015754;7.6254584;Via delle Primule;28;2504.0;Dal 1946 al 1960;;0.0;0.0;Abitazione;Patrimonio indisponibile;Nessuno;Altro;D23;;false;true;;;;;;;3.0;3.0;2.0;2.0;3.0;2.0;[];[];[688229, 688230, 688231, 688232, 688233, 688234, 688235, 688236, 688237, 688238, 688239, 688240, 688241, 688242, 688243, 688244, 688245, 688246, 688247, 688248, 688249, 688250, 688251, 688252];;24;;1069;152;
3107672;45.1027845;7.626643;Viale dei Mughetti;29;7083.0;Dal 1961 al 1970;;0.0;0.0;Edificio scolastico (es.: scuola di ogni ordine e grado, università, scuola di formazione);Patrimonio indisponibile;Nessuno;Attività didattica;D23;;false;true;;;;;;;3.0;3.0;3.0;3.0;4.0;3.0;[];[];[688841, 688842, 688843];;3;;1069;51;
3107673;45.10349;7.6294585;Viale dei Mughetti;18;5230.0;Dal 1961 al 1970;;0.0;0.0;Abitazione;Patrimonio indisponibile;Nessuno;Altro;D23;;false;true;;;;;;;2.0;2.0;2.0;2.0;3.0;2.0;[];[];[688848, 688859, 688870, 688880, 688882, 688883, 688884, 688885, 688886, 688887, 688888, 688889, 688890, 688891, 688892, 688893, 688894, 688895, 688896, 688897, 688898, 688899, 688900, 688901, 688902, 688903, 688904, 688905, 688906, 688907, 688908, 688909, 688910, 688911, 688912, 688913, 688914, 688915, 688916, 688917, 688918, 688919, 688920, 688921, 688922, 688923, 688924, 688925, 688926, 688927, 688928, 688929, 688930, 688931, 688932, 688933, 688934, 688935, 688939, 688950, 688961];;61;;1070;107;
3107674;45.1045183;7.6339075;Via delle Verbene;6;4816.0;Dal 1961 al 1970;;0.0;0.0;Abitazione;Patrimonio indisponibile;Nessuno;Alloggio di servizio, foresterie;D23;;false;true;;;;;;;2.0;2.0;2.0;2.0;3.0;2.0;[];[];[689021, 689022];;2;;1070;21;
3107675;45.1039316;7.6304668;Piazza Montale Eugenio;14;1022.0;Dal 1961 al 1970;;0.0;0.0;Ufficio strutturato ed assimilabili;Patrimonio indisponibile;Nessuno;Attività amministrativa/uffici pubblici;D23;4675.0;false;true;;;;;;;2.0;3.0;2.0;2.0;3.0;2.0;[];[];[689029, 689030, 689031, 689032, 689033, 689034];26/07/2012;6;in concessione a titolo oneroso;1070;34;
3107676;45.1020481;7.631245;Via delle Magnolie;22;1073.75;Dal 1961 al 1970;;0.0;0.0;Abitazione;Patrimonio indisponibile;Nessuno;Alloggio di servizio, foresterie;D23;;false;true;;;;;;;3.0;3.0;3.0;3.0;4.0;3.0;[];[];[689061, 689062];;2;;1070;67;
3107677;45.101221;7.6339661;Via delle Magnolie;5;5264.75;Dal 1971 al 1980;;0.0;0.0;Abitazione;Patrimonio indisponibile;Nessuno;Servizi ordine pubblico, sicurezza nazionale e militare;D23;;false;true;;;;;;;3.0;3.0;3.0;3.0;4.0;3.0;[];[];[688258, 688259];;2;;1071;70;
3107678;45.1011868;7.6330653;Via delle Magnolie;9;4825.5;Dal 1971 al 1980;;0.0;0.0;Abitazione;Patrimonio indisponibile;Nessuno;Alloggio di servizio, foresterie;D23;;false;true;;;;;;;3.0;4.0;3.0;3.0;4.0;3.0;[];[];[688260, 688261];;2;;1071;74;
3107679;45.1034426;7.6420466;via sansovino andrea;111;1402.5;Dal 1946 al 1960;;0.0;0.0;Abitazione;Patrimonio indisponibile;Nessuno;Alloggio di servizio, foresterie;D23;;false;true;;;;;;;3.0;3.0;2.0;2.0;3.0;2.0;[];[];[688268, 688269];;2;;1072;36;
3107680;45.1036729;7.6427263;Via Luigi Ambrosini;1;5170.5;Dal 1961 al 1970;;0.0;0.0;Abitazione;Patrimonio indisponibile;Nessuno;Alloggio di servizio, foresterie;D23;;false;true;;;;;;;2.0;2.0;2.0;2.0;2.0;2.0;[];[];[688270, 688271];;2;;1072;37;
3107681;45.1016765;7.6424735;via sansovino andrea;90 30;700.0;Dal 1946 al 1960;F;0.0;0.0;Abitazione;Patrimonio indisponibile;Nessuno;Altro;D23;;false;true;;6.75;1.5;2.25;1.0;2.0;3.0;3.0;3.0;3.0;4.0;3.0;['2019_110202_0008.xml', '2019_212629_1022.xml', '2019_101975_0014.xml', '2020_101594_0043.xml', '2020_200297_0017.xml', '2021_110202_0021.xml', '2021_110202_0022.xml', '2021_209689_0213.xml', '2021_211573_0060.xml', '2021_212247_0101.xml', '2022_201227_0040.xml', '2022_208567_0031.xml'];['2019_110202_0008.xml', '2019_212629_1022.xml', '2019_101975_0014.xml', '2020_101594_0043.xml', '2020_200297_0017.xml', '2021_110202_0021.xml', '2021_110202_0022.xml', '2021_209689_0213.xml', '2021_211573_0060.xml', '2021_212247_0101.xml', '2022_201227_0040.xml', '2022_208567_0031.xml'];[688291, 688292, 688293, 688294, 688295, 688296, 688297, 688298, 688299, 688300, 688301, 688302, 688303];;13;;1073;13;
3107682;45.1021485;7.6440672;Via Parenzo;95;112.0;Dal 1946 al 1960;G;0.0;0.0;Abitazione;Patrimonio indisponibile;Nessuno;Altro;D23;;false;true;;6.0;1.0;2.0;1.0;2.0;3.0;3.0;2.0;2.0;3.0;2.0;['2021_103686_0016.xml'];['2021_103686_0016.xml'];[688316, 688317];;2;;1073;15;
3107683;45.1018079;7.6443773;via parenzo;96 19;196.0;Dal 1946 al 1960;E;0.0;0.0;Abitazione;Patrimonio indisponibile;Nessuno;Altro;D23;;false;true;;8.333333333333334;1.8333333333333333;3.5;1.0;2.0;2.0;2.0;2.0;2.0;3.0;2.0;['2019_101975_0008.xml', '2019_113118_0021.xml', '2019_113118_0047.xml', '2019_209281_0002.xml', '2020_202727_0006.xml', '2021_212629_1631.xml'];['2019_101975_0008.xml', '2019_113118_0021.xml', '2019_113118_0047.xml', '2019_209281_0002.xml', '2020_202727_0006.xml', '2021_212629_1631.xml'];[688318, 688319, 688321, 688322];;4;;1073;16;
3107684;45.1018393;7.645051;via pirano;17 62;223.0;Dal 1946 al 1960;E;0.0;0.0;Abitazione;Patrimonio indisponibile;Nessuno;Altro;D23;;false;true;;6.8;1.8;2.0;1.0;2.0;2.0;2.0;2.0;2.0;3.0;2.0;['2020_113535_0013.xml', '2020_205199_0173.xml', '2020_205199_0201.xml', '2020_212533_0092.xml', '2021_101975_0009.xml', '2021_207546_0024.xml'];['2020_113535_0013.xml', '2020_205199_0173.xml', '2020_212533_0092.xml', '2021_101975_0009.xml', '2021_207546_0024.xml'];[688325, 688326, 688327];;3;;1073;17;
3107685;45.1012887;7.6441239;via parenzo;80 24;487.0;Dal 1946 al 1960;G;0.0;0.0;Abitazione;Patrimonio indisponibile;Nessuno;Altro;D23;;false;true;;6.636363636363637;1.3636363636363635;2.272727272727273;1.0;2.0;2.0;2.0;2.0;2.0;3.0;2.0;['2019_113118_0040.xml', '2019_201917_0007.xml', '2019_205199_0163.xml', '2020_100824_0001.xml', '2020_104819_0008.xml', '2020_110202_0027.xml', '2021_213683_0001.xml', '2022_207949_0115.xml', '2022_207949_0116.xml', '2022_208026_0066.xml', '2022_213615_0228.xml'];['2019_113118_0040.xml', '2019_201917_0007.xml', '2019_205199_0163.xml', '2020_100824_0001.xml', '2020_104819_0008.xml', '2020_110202_0027.xml', '2021_213683_0001.xml', '2022_207949_0115.xml', '2022_207949_0116.xml', '2022_208026_0066.xml', '2022_213615_0228.xml'];[689069, 689070, 689071, 689072, 689073, 689074, 689075, 689076, 689077];;9;;1073;18;
3107686;45.1008092;7.6449622;corso cincinnato l. quinzio;173;96.0;Dal 1946 al 1960;E;0.0;0.0;Abitazione;Patrimonio indisponibile;Nessuno;Altro;D23;;false;true;;6.5;1.5;2.0;1.0;2.0;3.0;3.0;3.0;3.0;4.0;3.0;['2019_200297_0161.xml', '2020_210180_0178.xml'];['2019_200297_0161.xml', '2020_210180_0178.xml'];[688328, 688329];;2;;1073;20;
3107687;45.1010394;7.6454044;corso cincinnato l. quinzio;179;111.0;Dal 1946 al 1960;;0.0;0.0;Abitazione;Patrimonio indisponibile;Nessuno;Altro;D23;;false;true;;;;;;;3.0;3.0;3.0;3.0;3.0;3.0;[];[];[688330, 688331];;2;;1073;21;
3107688;45.1014813;7.6452793;via pirano;9 8;573.0;Dal 1946 al 1960;G;0.0;0.0;Abitazione;Patrimonio indisponibile;Nessuno;Altro;D23;;false;true;;7.222222222222222;1.3333333333333333;2.6666666666666665;1.2222222222222223;2.0;3.0;3.0;3.0;3.0;3.0;3.0;['2020_110567_0017.xml', '2020_212629_0919.xml', '2021_106141_0037.xml', '2021_108752_0016.xml', '2022_101774_0023.xml', '2022_101975_0007.xml', '2022_204509_0030.xml', '2022_213344_0003.xml', '2022_213594_0004.xml'];['2020_110567_0017.xml', '2020_212629_0919.xml', '2021_106141_0037.xml', '2021_108752_0016.xml', '2022_101774_0023.xml', '2022_101975_0007.xml', '2022_204509_0030.xml', '2022_213344_0003.xml', '2022_213594_0004.xml'];[572845, 572846, 572847, 572848, 572849, 572850, 572851, 572852, 572853, 572854, 572856];;11;;1073;54;
3107689;45.1024963;7.6425016;via sansovino andrea;98 44;468.0;Dal 1946 al 1960;F;0.0;0.0;Abitazione;Patrimonio indisponibile;Nessuno;Altro;D23;;false;true;;7.5;1.3;3.2;1.0;2.0;2.0;2.0;2.0;2.0;3.0;2.0;['2019_106467_0082.xml', '2019_113118_0048.xml', '2019_205190_0002.xml', '2019_207709_0013.xml', '2020_212533_0271.xml', '2021_105263_0065.xml', '2021_110202_0037.xml', '2021_202483_0023.xml', '2021_202695_0029.xml', '2022_200690_0022.xml'];['2019_106467_0082.xml', '2019_113118_0048.xml', '2019_205190_0002.xml', '2019_207709_0013.xml', '2020_212533_0271.xml', '2021_105263_0065.xml', '2021_110202_0037.xml', '2021_202483_0023.xml', '2021_202695_0029.xml', '2022_200690_0022.xml'];[689090, 689091, 689092, 689093, 689094, 689095, 689096, 689097, 689098];;9;;1073;6;
3107690;45.1022661;7.6431821;via sansovino andrea;98 48;662.0;Dal 1946 al 1960;F;0.0;0.0;Abitazione;Patrimonio indisponibile;Nessuno;Altro;D23;;false;true;;6.5;1.2857142857142858;2.2142857142857144;1.0;2.0;3.0;3.0;3.0;3.0;4.0;3.0;['2019_208409_0016.xml', '2019_113118_0060.xml', '2020_205199_0006.xml', '2021_106141_0022.xml', '2021_113373_0002.xml', '2022_101975_0006.xml', '2022_101975_0008.xml', '2022_105263_0043.xml', '2022_105263_0059.xml', '2022_105263_0071.xml', '2022_107031_0009.xml', '2022_204554_0017.xml', '2022_212533_0104.xml', '2022_213615_0502.xml'];['2019_208409_0016.xml', '2019_113118_0060.xml', '2020_205199_0006.xml', '2021_106141_0022.xml', '2021_113373_0002.xml', '2022_101975_0006.xml', '2022_101975_0008.xml', '2022_105263_0043.xml', '2022_105263_0059.xml', '2022_105263_0071.xml', '2022_107031_0009.xml', '2022_204554_0017.xml', '2022_212533_0104.xml', '2022_213615_0502.xml'];[688336, 688337, 688338, 688339, 688340, 688341, 688342, 688343, 688344, 688346, 688347, 688349, 688350];;13;;1073;7;
3107691;45.1022616;7.6501839;via luini bernardino;195;7168.0;Dal 1971 al 1980;;0.0;0.0;Abitazione;Patrimonio indisponibile;Nessuno;Alloggio di servizio, foresterie;D23;;false;true;;;;;;;3.0;3.0;3.0;3.0;4.0;3.0;[];[];[689116, 689117];;2;;1074;77;
3107692;45.1038635;7.6475726;Via Fiesole;15;2565.0;Dal 1971 al 1980;;0.0;0.0;Abitazione;Patrimonio indisponibile;Nessuno;Alloggio di servizio, foresterie;D23;;false;true;;;;;;;3.0;3.0;3.0;3.0;4.0;3.0;[];[];[689118, 689119];;2;;1074;80;
3107693;45.1043885;7.6491084;Via Fiesole;15;1505.5;Dal 1971 al 1980;;0.0;0.0;Abitazione;Patrimonio indisponibile;Nessuno;Servizi assistenza socio-sanitaria (non residenziali);D23;;false;true;;;;;;;3.0;3.0;3.0;3.0;3.0;3.0;[];[];[689120, 689121];;2;;1074;82;
3107694;45.1049589;7.65539;Piazza Manno Giuseppe;22;1034.5;Dal 1961 al 1970;;0.0;0.0;Abitazione;Patrimonio indisponibile;Nessuno;Alloggio di servizio, foresterie;D10;;false;true;;;;;;;3.0;3.0;3.0;3.0;3.0;3.0;[];[];[689158, 689159];;2;;1075;36;
3107695;45.1018584;7.6520858;Via Giovanni Segantini;44;1089.0;Dopo il 2010;;0.0;0.0;Abitazione;Patrimonio indisponibile;Nessuno;Altro;D23;;false;true;;;;;;;2.0;2.0;2.0;2.0;3.0;2.0;[];[];[689160, 689161, 689162, 689163, 689164, 689165, 689166, 689167, 689168, 689169, 689170, 689171, 689172, 689173];;14;;1075;379;
3107696;45.1027197;7.67131784;via sospello;64;2883.75;Dal 1961 al 1970;;0.0;0.0;Abitazione;Patrimonio indisponibile;Nessuno;Alloggio di servizio, foresterie;D10;;false;true;;;;;;;3.0;4.0;3.0;3.0;4.0;3.0;[];[];[689187, 689188];;2;;1077;169;
3107697;45.10206951;7.67177977;Via Michele Coppino;152;1772.0;Dal 1961 al 1970;;0.0;0.0;Abitazione;Patrimonio indisponibile;Nessuno;Alloggio di servizio, foresterie;D10;;false;true;;;;;;;3.0;3.0;3.0;3.0;4.0;3.0;[];[];[689189, 689190];;2;;1077;175;
3107698;45.10086752;7.6716842;Via Michele Coppino;147;1701.25;Dal 1971 al 1980;;0.0;0.0;Abitazione;Patrimonio indisponibile;Nessuno;Alloggio di servizio, foresterie;D10;;false;true;;;;;;;3.0;3.0;3.0;3.0;4.0;3.0;[];[];[689191, 689192];;2;;1077;209;
3107699;45.10513902;7.67772177;Via Leonardo Fea;2;6297.75;Dal 1961 al 1970;;0.0;0.0;Abitazione;Patrimonio indisponibile;Nessuno;Alloggio di servizio, foresterie;D22;;false;true;;;;;;;3.0;4.0;3.0;3.0;4.0;3.0;[];[];[690058, 690059];;2;;1078;337;
3107700;45.10513776;7.67861554;via paolo della cella;3;152.0;Dal 1946 al 1960;E;0.0;0.0;Abitazione;Patrimonio indisponibile;Nessuno;Non Dichiarato;D22;0.0;false;true;;7.0;2.0;2.0;1.0;2.0;1.0;1.0;1.0;1.0;2.0;1.0;['2019_106141_0019.xml'];['2019_106141_0019.xml'];[388140, 388141];01/01/2019;2;in locazione;1078;338;
3107701;45.107576;7.6887712;via reiss romoli guglielmo;81;1357.0;Dal 1971 al 1980;A1;0.0;0.0;Abitazione;Patrimonio indisponibile;Nessuno;Altro;D22;;false;true;;8.666666666666666;2.6666666666666665;2.0;2.0;2.0;3.0;3.0;3.0;3.0;4.0;3.0;['2019_205199_0065.xml', '2022_109071_0011.xml', '2022_113065_0008.xml', '2022_113065_0009.xml', '2022_204623_0034.xml', '2022_205199_0127.xml'];['2019_205199_0065.xml', '2022_109071_0011.xml', '2022_113065_0008.xml', '2022_113065_0009.xml', '2022_204623_0034.xml', '2022_205199_0127.xml'];[689197, 689198, 689203, 689204, 689205, 689206, 689207, 689208, 689212, 689213, 689214, 689215, 689216, 689217, 689218, 689219];;16;;1079;156;
3107702;45.1062222;7.6910365;Via Antonio e Vittorio Scialoja;26;384.0;Dal 1971 al 1980;D;0.0;0.0;Abitazione;Patrimonio indisponibile;Nessuno;Altro;D22;;false;true;;7.0;2.0;2.0;1.0;2.0;3.0;4.0;3.0;3.0;4.0;3.0;['2019_105913_0021.xml', '2022_214176_0235.xml'];['2019_105913_0021.xml', '2022_214176_0235.xml'];[689235, 689236, 689237, 689238, 689239];;5;;1079;157;
3107703;45.1072299;7.6910618;via reiss romoli guglielmo;45;9322.0;Dal 1971 al 1980;;0.0;0.0;Abitazione;Patrimonio indisponibile;Nessuno;Alloggio di servizio, foresterie;D22;;false;true;;;;;;;3.0;3.0;2.0;2.0;3.0;2.0;[];[];[690072, 690073];;2;;1079;168;
3107704;45.1073937;7.6906976;via reiss romoli guglielmo;51;468.0;Prima del 1919;;0.0;0.0;Mercato coperto;Patrimonio indisponibile;Nessuno;Non Dichiarato;D22;;false;true;;;;;;;3.0;3.0;3.0;3.0;4.0;3.0;[];[];[690098, 690099, 690100, 690101, 690102, 690103, 690104, 690105, 690106];;9;;1079;253;
3107705;45.1060535;7.6951578;via borgo ticino;17;1737.0;Dal 1981 al 1990;F;0.0;0.0;Abitazione;Patrimonio disponibile;Nessuno;Non Dichiarato;D21;611.0;false;true;;6.75;1.65;2.0;1.1;2.0;4.0;4.0;4.0;4.0;4.0;4.0;['2019_103654_0004.xml', '2019_103654_0005.xml', '2019_103654_0006.xml', '2019_103654_0009.xml', '2020_102099_0091.xml', '2020_102099_0093.xml', '2020_102099_0094.xml', '2020_102099_0095.xml', '2020_102099_0096.xml', '2020_102099_0097.xml', '2020_102099_0098.xml', '2020_102099_0099.xml', '2020_102099_0100.xml', '2020_102099_0101.xml', '2020_102099_0102.xml', '2020_102099_0103.xml', '2020_102099_0104.xml', '2020_102099_0105.xml', '2020_102099_0106.xml', '2021_102099_0003.xml', '2021_106141_0032.xml'];['2019_103654_0004.xml', '2019_103654_0005.xml', '2019_103654_0006.xml', '2019_103654_0009.xml', '2020_102099_0091.xml', '2020_102099_0093.xml', '2020_102099_0094.xml', '2020_102099_0095.xml', '2020_102099_0096.xml', '2020_102099_0098.xml', '2020_102099_0099.xml', '2020_102099_0100.xml', '2020_102099_0101.xml', '2020_102099_0102.xml', '2020_102099_0103.xml', '2020_102099_0104.xml', '2020_102099_0105.xml', '2020_102099_0106.xml', '2021_102099_0003.xml', '2021_106141_0032.xml'];[689241, 689242, 689243, 689244, 689245, 689246, 689247, 689248, 689249, 689250, 689252, 689253, 689254, 689255, 689265, 689272, 689278, 689279, 689280, 689281, 689282];01/07/2021;21;in locazione;1080;176;
3107706;45.1048679;7.690042;via veronese paolo;41;401.0;Dal 2001 al 2010;D;0.0;0.0;Abitazione;Patrimonio indisponibile;Nessuno;Altro;D22;;false;true;;8.0;3.0;2.0;1.0;2.0;2.0;3.0;2.0;2.0;3.0;2.0;['2022_104558_0002.xml'];['2022_104558_0002.xml'];[690367, 690368, 690369, 690371, 690374];;5;;1080;217;
3107707;45.1044658;7.6935381;via pertengo;19;203.0;Dal 1919 al 1945;;0.0;0.0;Abitazione;Patrimonio disponibile;Nessuno;Altro;D21;;false;true;;;;;;;3.0;4.0;3.0;3.0;4.0;3.0;[];[];[689330, 689331, 689332];;3;;1080;52;
3107708;45.1044517;7.6936618;via pertengo;17;148.0;Dal 1919 al 1945;;0.0;0.0;Abitazione;Patrimonio disponibile;Nessuno;Altro;D21;;false;true;;;;;;;2.0;3.0;2.0;2.0;3.0;2.0;[];[];[689483, 689484];;2;;1080;54;
3107709;45.1088694;7.6983436;Via Campobasso;11;3052.75;Dal 1961 al 1970;;0.0;0.0;Abitazione;Patrimonio indisponibile;Nessuno;Alloggio di servizio, foresterie;D21;;false;true;;;;;;;2.0;2.0;2.0;2.0;3.0;2.0;[];[];[689488, 689489];;2;;1081;56;
3107710;45.1063616;7.7004232;via scotellaro rocco;7;3733.5;Dal 1971 al 1980;;0.0;0.0;Abitazione;Patrimonio indisponibile;Nessuno;Alloggio di servizio, foresterie;D21;;false;true;;;;;;;3.0;3.0;3.0;3.0;4.0;3.0;[];[];[15762, 689491];;2;;1082;266;
3107711;45.1031816;7.7288041;via vittime di bologna;21;1565.0;Dal 1991 al 2000;;0.0;0.0;Abitazione;Patrimonio indisponibile;Nessuno;Altro;D15;;false;true;;;;;;;2.0;3.0;2.0;2.0;3.0;2.0;[];[];[690424, 690425, 690426, 690427, 690428, 690429, 690430, 690431, 690432, 690433, 690434, 690435, 690436, 690445, 690456, 690459, 690460, 690461, 690462, 690463];;20;;1089;275;
3107712;45.1024998;7.7295668;via vittime di bologna;16 B;1069.0;Dal 1991 al 2000;;0.0;0.0;Abitazione;Patrimonio indisponibile;Nessuno;Altro;D15;;false;true;;;;;;;3.0;4.0;3.0;3.0;4.0;3.0;[];[];[690498, 690499, 690500, 690501, 690502, 690508, 690517, 690518, 690519, 690520, 690521, 690522, 690523];;13;;1089;276;
3107713;45.1018356;7.7289107;via vittime di bologna;11;6979.0;Dal 1971 al 1980;E;0.0;0.0;Abitazione;Patrimonio indisponibile;Nessuno;Altro;D15;;false;true;;9.642857142857142;1.9642857142857142;2.0;1.0;4.678571428571429;2.0;2.0;2.0;2.0;2.0;2.0;['2020_312661_0024.xml', '2020_312661_0025.xml', '2020_312661_0026.xml', '2020_312661_0027.xml', '2020_312661_0028.xml', '2020_312661_0132.xml', '2020_312661_0139.xml', '2021_312661_0030.xml', '2022_312661_0010.xml', '2022_312661_0011.xml', '2022_312661_0012.xml', '2022_312661_0030.xml', '2022_312661_0031.xml', '2022_312661_0032.xml', '2022_312661_0033.xml', '2022_312661_0034.xml', '2022_312661_0035.xml', '2022_312661_0036.xml', '2022_312661_0037.xml', '2022_312661_0038.xml', '2022_312661_0039.xml', '2022_312661_0040.xml', '2022_312661_0041.xml', '2022_312661_0042.xml', '2022_312661_0043.xml', '2022_312661_0044.xml', '2022_312661_0084.xml', '2022_312661_0125.xml'];['2020_312661_0024.xml', '2020_312661_0025.xml', '2020_312661_0026.xml', '2020_312661_0027.xml', '2020_312661_0028.xml', '2020_312661_0132.xml', '2020_312661_0139.xml', '2021_312661_0030.xml', '2022_312661_0010.xml', '2022_312661_0011.xml', '2022_312661_0012.xml', '2022_312661_0030.xml', '2022_312661_0031.xml', '2022_312661_0032.xml', '2022_312661_0033.xml', '2022_312661_0034.xml', '2022_312661_0035.xml', '2022_312661_0036.xml', '2022_312661_0037.xml', '2022_312661_0038.xml', '2022_312661_0039.xml', '2022_312661_0040.xml', '2022_312661_0041.xml', '2022_312661_0042.xml', '2022_312661_0043.xml', '2022_312661_0044.xml', '2022_312661_0084.xml', '2022_312661_0125.xml'];[690573, 690574, 690575, 690576, 690577, 690578, 690579, 690580, 690581, 690582, 690583, 690584, 690585, 690586, 690587, 690588, 690590, 690591, 690592, 690593, 690594, 690595, 690596, 690597, 690598, 690599, 690600, 690601, 690602, 690603, 690604, 690605, 690606, 690607, 690608, 690609, 690610, 690611, 690612, 690613, 690614, 690615, 690618, 690619, 690620, 690621, 690622, 690623, 690624, 690625, 690626, 690627, 690628, 690629, 690630, 690631, 690632, 690633, 690634, 690635, 690636, 690637, 690638, 690639, 690640, 690641, 690642, 690643, 690644, 690645, 690646, 690647, 690648, 690649, 690650, 690651, 690652, 690653, 690654, 690655, 690656, 690659, 690660, 690661, 690662, 690663, 690664, 690665, 690667, 690668, 690669, 690670, 690671, 690672, 690673, 690674, 690675, 690676, 690677, 690678, 690679, 690680, 690681, 690682, 690683, 690684, 690686, 690687, 690688, 690689, 690690, 690691, 690692, 690693, 690694, 690695, 690696, 690697, 690698, 690699, 690700, 690701, 690702, 690703, 690704, 690705, 690706, 690707, 690708, 690709, 690710, 690711, 690712, 690715, 690716, 690717, 690718, 690719, 690720, 690721, 690722, 690723, 690724, 690725, 690726];;145;;1089;306;
3107714;45.1049848;7.7321939;Via Martino Anglesio;23;436.0;Dal 1981 al 1990;;0.0;0.0;Impianto sportivo;Patrimonio indisponibile;Nessuno;Altro;D15;;false;true;;;;;;;2.0;3.0;2.0;2.0;3.0;2.0;[];[];[690971, 690972];;2;;1089;320;
3107715;45.1049984;7.7327094;Via Martino Anglesio;25;379.0;Dal 1981 al 1990;;0.0;0.0;Locale commerciale, negozio;Patrimonio disponibile;Nessuno;Altro;D15;;false;true;;;;;;;2.0;2.0;3.0;2.0;2.0;2.0;[];[];[690973, 690974, 690975, 690976, 690977];;5;;1089;323;
3107716;45.1049775;7.7304901;Via Martino Anglesio;15;3834.25;Dal 1981 al 1990;;0.0;0.0;Abitazione;Patrimonio indisponibile;Nessuno;Alloggio di servizio, foresterie;D15;;false;true;;;;;;;3.0;3.0;3.0;3.0;3.0;3.0;[];[];[690979, 690980];;2;;1089;325;
3107717;45.1017418;7.7299162;via vittime di bologna;10;4356.0;Dal 1971 al 1980;;0.0;0.0;Abitazione;Patrimonio indisponibile;Nessuno;Alloggio di servizio, foresterie;D15;;false;true;;;;;;;1.0;1.0;1.0;1.0;1.0;1.0;[];[];[690981, 690982];;2;;1089;326;
3107718;45.103231;7.7310744;strada scarafiotti;44;3244.0;Dal 1991 al 2000;F;0.0;0.0;Abitazione;Patrimonio indisponibile;Nessuno;Altro;D15;;false;true;;6.0;1.0;2.0;1.0;2.0;2.0;2.0;2.0;2.0;2.0;2.0;['2020_312661_0138.xml'];['2020_312661_0138.xml'];[689743, 689744, 689745, 689746, 689747, 689748, 689749, 689750, 689751, 689752, 689753, 689754, 689755, 689756, 689757, 689758, 689759, 689761, 689762, 689763, 689764, 689765, 689766, 689767, 689768, 689769, 689770, 689772, 689773, 689774, 689775, 689776, 689777, 689778, 689779, 689780, 689781];;37;;1089;337;
3107719;45.1028189;7.7301626;strada scarafiotti;43;2847.0;Dal 1981 al 1990;;0.0;0.0;Abitazione;Patrimonio indisponibile;Nessuno;Altro;D15;;false;true;;;;;;;3.0;4.0;3.0;3.0;4.0;3.0;[];[];[692078, 692079, 692080, 692081, 692082, 692083, 692084, 692085, 692086, 692087, 692088, 692090, 692091, 692092, 692093, 692094, 692095, 692096, 692097, 692098, 692099, 692101, 692102, 692103, 692104, 692105, 692106, 692107, 692108, 692109, 692110, 692112, 692113, 692114];;34;;1089;361;
3107720;45.1061567;7.7330934;Strada del Cascinotto;59;2019.0;Prima del 1919;;0.0;0.0;Abitazione;Demanio;Nessuno;Alloggio di servizio, foresterie;D15;8562.0;false;true;;;;;;;2.0;2.0;1.0;1.0;2.0;1.0;[];[];[692220, 692221, 692222, 692223];01/05/2009;4;in concessione a titolo oneroso;1090;79;
3107721;45.0995577;7.7433851;Strada Comunale di Bertolla;50;2403.5;Dal 1946 al 1960;;0.0;0.0;Abitazione;Patrimonio indisponibile;Nessuno;Alloggio di servizio, foresterie;D15;;false;true;;;;;;;1.0;1.0;1.0;1.0;1.0;1.0;[];[];[11955, 692357];;2;;1094;140;
3107722;45.1003183;7.746126;Strada Comunale di Bertolla;111;209.0;Prima del 1919;;0.0;0.0;Abitazione;Patrimonio indisponibile;Nessuno;Altro;D15;;false;true;;;;;;;2.0;3.0;2.0;2.0;3.0;2.0;[];[];[692360, 692361, 692362, 692363];;4;;1094;154;
3107723;45.0991129;7.7259321;strada s. mauro;24;3044.5;Dal 1961 al 1970;;0.0;0.0;Abitazione;Patrimonio indisponibile;Nessuno;Alloggio di servizio, foresterie;D15;;false;true;;;;;;;1.0;1.0;1.0;1.0;2.0;1.0;[];[];[692444, 692445];;2;;1097;114;
3107724;45.0994466;7.7267948;Strada di San Mauro;38;5932.75;Dal 1919 al 1945;;0.0;0.0;Abitazione;Demanio;Dichiarazione di interesse culturale;Alloggio di servizio, foresterie;D15;;false;true;;;;;;;1.0;1.0;1.0;1.0;1.0;1.0;[];[];[692462, 692463, 692464];;3;;1097;51;
3107725;45.0952354;7.7192466;Via Vittorio Avondo;20;331.0;Dal 1919 al 1945;;0.0;0.0;Abitazione;Patrimonio indisponibile;Nessuno;Altro;D21;;false;true;;;;;;;2.0;2.0;2.0;2.0;3.0;2.0;[];[];[692485, 692486];;2;;1098;107;
3107726;45.09813509;7.70275865;via mercadante saverio;129;1075.0;Dal 1971 al 1980;;0.0;0.0;Abitazione;Patrimonio indisponibile;Nessuno;Alloggio di servizio, foresterie;D21;;false;true;;;;;;;1.0;1.0;1.0;1.0;1.0;1.0;[];[];[691378, 691379];;2;;1102;49;
3107727;45.10039214;7.70107459;Via Monte Rosa;163;7234.75;Dal 1971 al 1980;;0.0;0.0;Abitazione;Patrimonio indisponibile;Nessuno;Alloggio di servizio, foresterie;D21;;false;true;;;;;;;2.0;2.0;2.0;2.0;2.0;2.0;[];[];[692506, 692507];;2;;1102;76;
3107728;45.1044741;7.7010147;via porta carlo;6;5891.0;Dal 1971 al 1980;;0.0;0.0;Abitazione;Patrimonio indisponibile;Nessuno;Alloggio di servizio, foresterie;D21;;false;true;;;;;;;3.0;3.0;3.0;3.0;4.0;3.0;[];[];[692508, 692509];;2;;1103;16;
3107729;45.1043913;7.6988761;Via Carlo Porta;23;5237.7;Dal 1981 al 1990;;0.0;0.0;Edificio scolastico (es.: scuola di ogni ordine e grado, università, scuola di formazione);Patrimonio indisponibile;Nessuno;Attività didattica;D21;;false;true;;;;;;;2.0;2.0;2.0;2.0;3.0;2.0;[];[];[692510, 692511];;2;;1103;304;
3107730;45.0994632;7.6958842;Via Tronzano;22;2915.0;Dal 1971 al 1980;;0.0;0.0;Abitazione;Patrimonio indisponibile;Nessuno;Alloggio di servizio, foresterie;D21;;false;true;;;;;;;2.0;3.0;2.0;2.0;3.0;2.0;[];[];[692516, 692517];;2;;1104;327;
3107731;45.1014715;7.6925148;Via Luigi Boccherini;43;1892.25;Dal 1971 al 1980;;0.0;0.0;Abitazione;Patrimonio indisponibile;Nessuno;Alloggio di servizio, foresterie;D11;;false;true;;;;;;;2.0;3.0;2.0;2.0;3.0;2.0;[];[];[692534, 692535];;2;;1104;337;
3107732;45.1002713;7.690682;via gottardo;10;146.0;Dal 1961 al 1970;;0.0;0.0;Abitazione;Patrimonio indisponibile;Nessuno;Alloggio di servizio, foresterie;D11;;false;true;;;;;;;2.0;2.0;2.0;2.0;3.0;2.0;[];[];[692553, 692556];;2;;1104;347;
3107733;45.0989048;7.6924783;corso vercelli;157;5143.0;Dal 1961 al 1970;B;0.0;0.0;Abitazione;Patrimonio indisponibile;Nessuno;Alloggio di servizio, foresterie;D20;;false;true;;11.0;4.0;2.0;3.0;2.0;2.0;2.0;2.0;2.0;3.0;2.0;['2021_110019_0001.xml'];['2021_110019_0001.xml'];[692558, 692559];;2;;1104;368;
3107734;45.099937;7.6839015;via randaccio giovanni;60;4571.0;Dal 1971 al 1980;;0.0;0.0;Abitazione;Patrimonio indisponibile;Nessuno;Alloggio di servizio, foresterie;D10;;false;true;;;;;;;2.0;2.0;2.0;2.0;2.0;2.0;[];[];[692649, 692650];;2;;1105;223;
3107735;45.1034687;7.683706;Via Ala di Stura;23;810.0;Dal 1971 al 1980;;0.0;0.0;Abitazione;Patrimonio indisponibile;Nessuno;Alloggio di servizio, foresterie;D10;;false;true;;;;;;;3.0;3.0;3.0;3.0;3.0;3.0;[];[];[692651, 692652];;2;;1105;231;
3107736;45.10244252;7.67728053;via mosca gaetano;11;2775.0;Dal 1961 al 1970;;0.0;0.0;Abitazione;Patrimonio indisponibile;Nessuno;Alloggio di servizio, foresterie;D10;;false;true;;;;;;;2.0;2.0;2.0;2.0;3.0;2.0;[];[];[692746, 692747];;2;;1107;102;
3107737;45.10042844;7.67336645;Via Casteldelfino;24;11018.0;Dal 1971 al 1980;;0.0;0.0;Abitazione;Patrimonio indisponibile;Nessuno;Alloggio di servizio, foresterie;D10;;false;true;;;;;;;2.0;2.0;3.0;2.0;3.0;2.0;[];[];[692748, 692749, 692750, 692751];;4;;1107;150;
3107738;45.1001242;7.67757515;via lorenzini carlo;4;4068.5;Dal 1961 al 1970;;0.0;0.0;Abitazione;Patrimonio indisponibile;Nessuno;Alloggio di servizio, foresterie;D10;;false;true;;;;;;;2.0;2.0;2.0;2.0;2.0;2.0;[];[];[692754, 692755];;2;;1107;258;
3107739;45.0955827;7.6679907;via verolengo;46;982.0;Dal 1919 al 1945;;0.0;0.0;Abitazione;Demanio;Dichiarazione di interesse culturale;Alloggio di servizio, foresterie;D10;;false;true;;;;;;;3.0;3.0;2.0;2.0;3.0;2.0;[];[];[691440, 691442, 691443];;3;;1108;245;
3107740;45.0964922;7.6739695;Via Michele Antonio Vibò;62;9325.75;Prima del 1919;;0.0;0.0;Abitazione;Demanio;Dichiarazione di interesse culturale;Alloggio di servizio, foresterie;D10;;false;true;;;;;;;2.0;3.0;2.0;2.0;3.0;2.0;[];[];[692774, 692775];;2;;1108;343;
3107741;45.095979;7.6679436;ASSISI (VIA);45;5029.0;ND;;0.0;0.0;Area urbana;Demanio;Dichiarazione di interesse culturale;Altro;D10;;false;true;;;;;;;2.0;2.0;1.0;1.0;2.0;1.0;[];[];[2732806, 2732807, 2732808];;3;;1108;352;
3107742;45.1025828;7.6680988;Via Cardinal Massaia;113;4481.0;Prima del 1919;;0.0;0.0;Abitazione;Demanio;Dichiarazione di interesse culturale;Alloggio di servizio, foresterie;D10;;false;true;;;;;;;3.0;3.0;3.0;3.0;4.0;3.0;[];[];[5350, 691449, 691450];;3;;1109;119;
3107743;45.1013571;7.6647617;VIA DELLA BRUSA';24;123.0;Dal 1981 al 1990;;0.0;0.0;Abitazione;Patrimonio indisponibile;Nessuno;Altro;D10;;false;true;;;;;;;2.0;2.0;2.0;2.0;2.0;2.0;[];[];[2852631, 2852632];;2;;1109;187;
3107744;45.100575;7.6686693;Via Stradella;192;4133.71;Prima del 1919;;0.0;0.0;Ufficio strutturato ed assimilabili;Demanio;Dichiarazione di interesse culturale;Attività amministrativa/uffici pubblici;D10;;false;true;;;;;;;2.0;2.0;3.0;2.0;3.0;2.0;[];[];[692781, 692782];;2;;1109;627;
3107745;45.0982649;7.654498;corso toscana;88;6645.0;Dal 1971 al 1980;;0.0;0.0;Abitazione;Patrimonio indisponibile;Nessuno;Alloggio di servizio, foresterie;D10;;false;true;;;;;;;3.0;3.0;3.0;3.0;4.0;3.0;[];[];[691459, 691460];;2;;1110;658;
3107746;45.09728226;7.6488099;corso lombardia;114;2376.5;Dal 1961 al 1970;;0.0;0.0;Abitazione;Patrimonio indisponibile;Nessuno;Altro;D10;;false;true;;;;;;;3.0;3.0;2.0;2.0;3.0;2.0;[];[];[691467, 691468];;2;;1111;167;
3107747;45.09693805;7.64400428;via pianezza;132;438.2;Prima del 1919;;0.0;0.0;Abitazione;Patrimonio indisponibile;Nessuno;Servizi assistenza socio-sanitaria (non residenziali);D23;;false;true;;;;;;;3.0;3.0;3.0;3.0;4.0;3.0;[];[];[692870, 692871];;2;;1111;211;
3107748;45.09682286;7.64857947;Via Foglizzo;15;5749.5;Dal 1971 al 1980;;0.0;0.0;Abitazione;Patrimonio indisponibile;Nessuno;Alloggio di servizio, foresterie;D10;;false;true;;;;;;;3.0;3.0;2.0;3.0;3.0;2.0;[];[];[692873, 692874];;2;;1111;239;
3107749;45.09567826;7.64741232;corso lombardia;98;6734.25;Dal 1919 al 1945;;0.0;0.0;Edificio scolastico (es.: scuola di ogni ordine e grado, università, scuola di formazione);Demanio;Dichiarazione di interesse culturale;Attività didattica;D10;;false;true;;;;;;;3.0;3.0;2.0;2.0;3.0;2.0;[];[];[692875, 692876];;2;;1111;240;
3107750;45.09766737;7.64494121;via terraneo giovanni tommaso;1;3048.0;Dal 1971 al 1980;;0.0;0.0;Edificio scolastico (es.: scuola di ogni ordine e grado, università, scuola di formazione);Patrimonio indisponibile;Nessuno;Attività didattica;D23;;false;true;;;;;;;2.0;3.0;3.0;2.0;3.0;3.0;[];[];[3464, 692878, 692879];;3;;1111;299;
3107751;45.09606995;7.64616213;corso lombardia;95;109.0;Dal 1981 al 1990;;0.0;0.0;Abitazione;Patrimonio indisponibile;Nessuno;Attività sportiva, ricreativa e di intrattenimento;D23;;false;true;;;;;;;2.0;2.0;2.0;2.0;3.0;2.0;[];[];[2859510, 2859513];;2;;1111;362;
3107752;45.09852565;7.64843227;corso lombardia;123;5277.0;Dal 1946 al 1960;G;0.0;0.0;Abitazione;Patrimonio indisponibile;Nessuno;Non Dichiarato;D23;3366.0;false;true;;7.2;1.0;3.2;1.0;2.0;2.0;3.0;2.0;2.0;3.0;2.0;['2020_102099_0023.xml', '2020_102099_0027.xml', '2021_102099_0025.xml', '2021_106141_0029.xml', '2021_106141_0031.xml'];['2020_102099_0023.xml', '2020_102099_0027.xml', '2021_102099_0025.xml', '2021_106141_0029.xml', '2021_106141_0031.xml'];[691560, 691561, 691562, 691563, 691564, 691565, 691566, 691567, 691568, 691569, 691570, 691571, 691572, 691573, 691574, 691575, 691576, 691577, 691578, 691579, 691580, 691581, 691582, 691583, 691584, 691585, 691586, 691587, 691588, 691589, 691590, 691591, 691592, 691593, 691594, 691595, 691596, 691597, 691598, 691599, 691600, 691601, 691602, 691603, 691604, 691605, 691606, 691607, 691608, 691609, 691610, 691611, 691612, 691613, 691614, 691615, 691616, 691617, 691618, 691619, 691620, 691621, 691622];01/10/2022;63;in locazione;1111;87;
3107753;45.098497;7.6362104;Via Andrea Sansovino;26;7330.0;Dal 1991 al 2000;;0.0;0.0;Abitazione;Patrimonio indisponibile;Nessuno;Altro;D23;;false;true;;;;;;;3.0;3.0;3.0;3.0;4.0;3.0;[];[];[693101, 693102, 693103, 693104, 693105, 693106, 693107, 693108, 693109, 693110, 693112, 693113, 693114, 693115, 693116, 693117, 693118, 693119, 693120, 693121, 693123, 693124, 693125, 693126, 693127, 693128, 693129, 693130, 693131, 693132, 693134, 693135, 693136, 693137, 693138, 693139, 693140, 693141, 693142, 693143, 693145, 693146, 693147, 693148, 693149, 693150, 693151, 693152, 693153, 693154, 693156, 693157, 693226, 693227, 693228, 693229, 693230, 693231, 693232, 693233, 693234, 693235, 693237, 693238, 693239, 693240, 693241, 693242, 693243, 693244, 693245, 693246];;72;;1112;115;
3107754;45.0982077;7.639026;Corso Lucio Quinzio Cincinnato;115;5063.32;Dal 1971 al 1980;;0.0;0.0;Ufficio strutturato ed assimilabili;Patrimonio indisponibile;Nessuno;Attività didattica;D23;;false;true;;;;;;;3.0;3.0;3.0;3.0;3.0;3.0;[];[];[388124, 388125, 388126, 388129];;4;;1112;136;
3107755;45.0971187;7.6424388;via pianezza;176 C;188.0;Dal 1971 al 1980;;0.0;0.0;Abitazione;Patrimonio indisponibile;Nessuno;Altro;D23;;false;true;;;;;;;2.0;2.0;2.0;2.0;3.0;2.0;[];[];[693041, 693042];;2;;1112;149;
3107756;45.0942902;7.6333982;corso regina margherita;440;190.0;Dal 2001 al 2010;E;0.0;0.0;Locale commerciale, negozio;Patrimonio indisponibile;Nessuno;Altro;D23;;false;true;;9.75;2.75;3.5;1.5;2.0;3.0;3.0;3.0;3.0;3.0;3.0;['2019_206326_0014.xml', '2019_206326_0015.xml', '2021_100825_0008.xml', '2021_109163_0001.xml'];['2019_206326_0014.xml', '2019_206326_0015.xml', '2021_100825_0008.xml', '2021_109163_0001.xml'];[693556, 693557];;2;;1113;86;
3107757;45.0881377;7.6239728;Strada della Pellerina;22;724.8000000000001;Prima del 1919;;0.0;0.0;Struttura residenziale collettiva (es.: collegi e convitti, educandati, ricoveri, orfanotrofi, ospizi, conventi, seminari);Patrimonio indisponibile;Nessuno;Non Dichiarato;D23;28920.0;false;true;;;;;;;2.0;3.0;2.0;2.0;2.0;2.0;[];[];[693440, 693441, 693445];01/12/2015;3;in concessione a titolo oneroso;1117;52;
3107758;45.0894381;7.6393126;Corso Regina Margherita;371;2766.25;Prima del 1919;;0.0;0.0;Abitazione;Demanio;Dichiarazione di interesse culturale;Alloggio di servizio, foresterie;D23;;false;true;;;;;;;3.0;3.0;3.0;3.0;4.0;3.0;[];[];[693478, 2666994, 2666995];;3;;1120;153;
3107759;45.0951955;7.6482767;via pianezza;94;150.0;Dal 1946 al 1960;;0.0;0.0;Abitazione;Patrimonio indisponibile;Nessuno;Non Dichiarato;D10;3813.0;false;true;;;;;;;2.0;2.0;2.0;2.0;3.0;2.0;[];[];[693529, 693530];01/10/2021;2;in concessione a titolo oneroso;1121;10;
3107760;45.0952613;7.645336;via pianezza;155;7099.0;Dal 1946 al 1960;G;0.0;0.0;Abitazione;Patrimonio indisponibile;Nessuno;Non Dichiarato;D23;508.0;false;true;;8.842105263157896;1.0789473684210527;4.7631578947368425;1.0;2.0;3.0;3.0;3.0;3.0;4.0;3.0;['2019_111530_0003.xml', '2020_102099_0001.xml', '2020_102099_0002.xml', '2020_102099_0003.xml', '2020_102099_0004.xml', '2020_102099_0005.xml', '2020_102099_0007.xml', '2020_102099_0008.xml', '2020_102099_0009.xml', '2020_102099_0010.xml', '2020_102099_0024.xml', '2020_102099_0026.xml', '2020_102099_0028.xml', '2020_102099_0029.xml', '2020_102099_0030.xml', '2020_102099_0031.xml', '2020_102099_0032.xml', '2020_102099_0033.xml', '2020_102099_0034.xml', '2020_102099_0035.xml', '2020_102099_0036.xml', '2020_102099_0037.xml', '2020_102099_0038.xml', '2020_102099_0039.xml', '2020_102099_0040.xml', '2020_102099_0041.xml', '2020_102099_0042.xml', '2020_102099_0043.xml', '2020_102099_0044.xml', '2020_102099_0045.xml', '2020_102099_0046.xml', '2020_102099_0047.xml', '2020_102099_0048.xml', '2020_102099_0049.xml', '2020_102099_0050.xml', '2020_102099_0051.xml', '2020_102099_0052.xml', '2020_102099_0053.xml', '2020_102099_0054.xml', '2020_102099_0055.xml', '2020_102099_0056.xml', '2020_102099_0057.xml', '2020_102099_0058.xml', '2020_102099_0059.xml', '2020_102099_0060.xml', '2020_102099_0061.xml', '2020_102099_0062.xml', '2020_102099_0063.xml', '2020_102099_0064.xml', '2020_102099_0065.xml', '2020_102099_0066.xml', '2020_102099_0067.xml', '2020_102099_0068.xml', '2020_102099_0069.xml', '2020_102099_0070.xml', '2020_102099_0071.xml', '2020_102099_0072.xml', '2020_102099_0073.xml', '2020_102099_0074.xml', '2020_102099_0075.xml', '2020_102099_0076.xml', '2020_102099_0077.xml', '2020_102099_0078.xml', '2020_102099_0079.xml', '2020_102099_0080.xml', '2020_102099_0081.xml', '2020_102099_0082.xml', '2020_102099_0083.xml', '2020_102099_0084.xml', '2020_102099_0085.xml', '2020_102099_0086.xml', '2020_102099_0087.xml', '2020_102099_0088.xml', '2020_102099_0089.xml', '2020_102099_0090.xml', '2020_102099_0092.xml', '2020_102099_0107.xml', '2020_102099_0108.xml', '2020_102099_0109.xml', '2020_102099_0110.xml', '2020_102099_0111.xml', '2020_102099_0112.xml', '2020_102099_0113.xml', '2020_102099_0114.xml', '2020_102099_0115.xml', '2020_102099_0116.xml', '2020_102099_0117.xml', '2020_102099_0119.xml', '2020_102099_0120.xml', '2020_102099_0121.xml', '2020_102099_0122.xml', '2020_102099_0123.xml', '2020_102099_0124.xml', '2020_102099_0125.xml', '2020_102099_0126.xml', '2020_102099_0127.xml', '2020_102099_0128.xml', '2020_102099_0129.xml', '2020_102099_0130.xml', '2020_102099_0131.xml', '2020_102099_0132.xml', '2020_102099_0133.xml', '2020_102099_0134.xml', '2020_102099_0135.xml', '2020_102099_0136.xml', '2020_102099_0177.xml', '2020_102099_0178.xml', '2021_106141_0030.xml'];['2019_111530_0003.xml', '2020_102099_0001.xml', '2020_102099_0002.xml', '2020_102099_0004.xml', '2020_102099_0005.xml', '2020_102099_0007.xml', '2020_102099_0008.xml', '2020_102099_0009.xml', '2020_102099_0010.xml', '2020_102099_0024.xml', '2020_102099_0026.xml', '2020_102099_0028.xml', '2020_102099_0030.xml', '2020_102099_0032.xml', '2020_102099_0033.xml', '2020_102099_0034.xml', '2020_102099_0037.xml', '2020_102099_0039.xml', '2020_102099_0041.xml', '2020_102099_0044.xml', '2020_102099_0047.xml', '2020_102099_0048.xml', '2020_102099_0053.xml', '2020_102099_0054.xml', '2020_102099_0063.xml', '2020_102099_0069.xml', '2020_102099_0074.xml', '2020_102099_0083.xml', '2020_102099_0084.xml', '2020_102099_0088.xml', '2020_102099_0107.xml', '2020_102099_0111.xml', '2020_102099_0116.xml', '2020_102099_0123.xml', '2020_102099_0127.xml', '2020_102099_0177.xml', '2020_102099_0178.xml', '2021_106141_0030.xml'];[693567, 693569, 693570, 693571, 693572, 693573, 693574, 693575, 693576, 693577, 693578, 693579, 693580, 693581, 693582, 693583, 693584, 693585, 693587, 693588, 693589, 693590, 693591, 693592, 693593, 693594, 693597, 693598, 693599, 693600, 693601, 693602, 693603, 693604, 693605, 693606, 693607, 693608, 693609, 693610, 693611, 693612, 693613, 693614, 693615, 693616, 693617, 693618, 693619, 693620, 693621, 693622, 693623, 693624, 693630, 693641, 693652, 693663, 693674, 693675, 693686, 693693, 693694, 693695, 693696, 693697, 693698, 693699, 693700, 693701, 693703, 693704, 693705, 693706, 693707, 693708, 693709, 693710, 693711, 693712, 693713, 693714, 693715, 693716, 693717, 693718, 693719, 693720, 693723, 693724, 693725, 693726, 693727, 693728, 693729, 693730, 693731, 693732, 693733, 693734, 693735, 693736, 693737, 693738, 693739, 693740, 693741, 693744, 693745, 693746, 693747, 693748, 693749, 693750, 693751, 693752, 693754, 693755, 693756, 693757, 693758, 693759, 693762, 693763];01/12/2022;124;in locazione;1121;41;
3107761;45.0971339;7.6595818;Corso Potenza;108;5557.5;Dal 1971 al 1980;;0.0;0.0;Abitazione;Patrimonio indisponibile;Nessuno;Alloggio di servizio, foresterie;D10;;false;true;;;;;;;2.0;2.0;2.0;2.0;2.0;2.0;[];[];[693929, 693930];;2;;1122;732;
3107762;45.0962436;7.6657083;via lemie;48;5133.75;Dal 1961 al 1970;;0.0;0.0;Abitazione;Patrimonio indisponibile;Nessuno;Alloggio di servizio, foresterie;D10;;false;true;;;;;;;2.0;2.0;2.0;2.0;2.0;2.0;[];[];[693931, 693933];;2;;1123;357;
3107763;45.0965128;7.6647116;Via Ponderano;10;17561.57;Dal 1971 al 1980;;0.0;0.0;Abitazione;Patrimonio indisponibile;Nessuno;Alloggio di servizio, foresterie;D10;;false;true;;;;;;;2.0;2.0;2.0;2.0;2.0;2.0;[];[];[693937, 693938, 693939];;3;;1123;397;
3107764;45.0944679;7.6728741;Via Bosconero;3;330.0;Prima del 1919;;0.0;0.0;Abitazione;Patrimonio indisponibile;Nessuno;Altro;D10;;false;true;;;;;;;3.0;3.0;2.0;2.0;3.0;2.0;[];[];[694674, 694675, 694676, 694677, 694678];;5;;1124;81;
3107765;45.0923756;7.6755809;Via Cambiano;10;1574.25;Prima del 1919;;0.0;0.0;Abitazione;Demanio;Dichiarazione di interesse culturale;Alloggio di servizio, foresterie;D10;;false;true;;;;;;;3.0;4.0;3.0;3.0;4.0;3.0;[];[];[694684, 694685];;2;;1125;202;
3107766;45.0917968;7.6761135;via giachino errico;30;865.0;Prima del 1919;;0.0;0.0;Abitazione;Patrimonio disponibile;Nessuno;Altro;D10;;false;true;;;;;;;3.0;3.0;3.0;3.0;3.0;3.0;[];[];[694689, 694690, 694691, 694692, 694693, 694694, 694695, 694696, 694697, 694698, 694699, 694700];;12;;1125;210;
3107767;45.0911933;7.6721811;corso mortara;36 7;6899.0;Dal 2001 al 2010;D;0.0;0.0;Abitazione;Patrimonio indisponibile;Nessuno;Altro;D9;;false;true;;7.782608695652174;2.782608695652174;2.0;1.0;2.0;2.0;3.0;1.0;1.0;2.0;1.0;['2020_102351_0032.xml', '2020_102351_0033.xml', '2020_102351_0034.xml', '2020_102351_0035.xml', '2020_312661_0004.xml', '2020_312661_0005.xml', '2020_312661_0006.xml', '2020_312661_0007.xml', '2020_312661_0008.xml', '2020_312661_0009.xml', '2020_312661_0010.xml', '2020_312661_0011.xml', '2020_312661_0012.xml', '2020_312661_0013.xml', '2020_312661_0014.xml', '2020_312661_0015.xml', '2020_312661_0016.xml', '2020_312661_0017.xml', '2020_312661_0018.xml', '2020_312661_0019.xml', '2020_312661_0020.xml', '2020_312661_0021.xml', '2020_312661_0022.xml'];['2020_102351_0032.xml', '2020_102351_0033.xml', '2020_102351_0034.xml', '2020_102351_0035.xml', '2020_312661_0004.xml', '2020_312661_0005.xml', '2020_312661_0006.xml', '2020_312661_0007.xml', '2020_312661_0008.xml', '2020_312661_0009.xml', '2020_312661_0010.xml', '2020_312661_0011.xml', '2020_312661_0012.xml', '2020_312661_0013.xml', '2020_312661_0014.xml', '2020_312661_0015.xml', '2020_312661_0016.xml', '2020_312661_0017.xml', '2020_312661_0018.xml', '2020_312661_0019.xml', '2020_312661_0020.xml', '2020_312661_0021.xml', '2020_312661_0022.xml'];[693990, 693991, 693992, 693993, 693994, 693995, 693996, 693997, 693998, 693999, 694001, 694002, 694003, 694004, 694005, 694006, 694007, 694008, 694009, 694010, 694012, 694013, 694014, 694015, 694016, 694017, 694018, 694019, 694020, 694021, 694023, 694024, 694025, 694026, 694027, 694028, 694029, 694030, 694031, 694032, 694034, 694035, 694036, 694037, 694038, 694039, 694040, 694041, 694042, 694043, 694045, 694046, 694047, 694048, 694049, 694050, 694051, 694052, 694053, 694054, 694056, 694057, 694058, 694059, 694060, 694061, 694124, 694125, 694126, 694128, 694129, 694130, 694131, 694132, 694133, 694134, 694135, 694136, 694137, 694139, 694140, 694141, 694142, 694143, 694144, 694145, 694146, 694147, 694148];;89;;1125;438;
3107768;45.0909338;7.6711827;Corso Mortara;0;2390.0;Dal 2001 al 2010;C;0.0;0.0;Abitazione;Patrimonio indisponibile;Nessuno;Altro;D9;;false;true;;9.0;3.0;2.0;2.0;2.0;3.0;3.0;3.0;3.0;4.0;3.0;['2022_312661_0085.xml', '2022_312661_0086.xml', '2022_312661_0087.xml', '2022_312661_0088.xml'];['2022_312661_0085.xml', '2022_312661_0086.xml', '2022_312661_0087.xml', '2022_312661_0088.xml'];[694258, 694259, 694260, 694261, 694262, 694263, 694264, 694265, 694266, 694267, 694268, 694269, 694270, 694271, 694272, 694273, 694274, 694275, 694276, 694278, 694279, 694280, 694281, 694282, 694283, 694284, 694285, 694286, 694287];;29;;1125;441;
3107769;45.0929198;7.6789981;VENEZIA (CORSO);11;6638.0;ND;;0.0;0.0;Area urbana;Patrimonio indisponibile;Nessuno;Alloggio di servizio, foresterie;D10;;false;true;;;;;;;3.0;3.0;2.0;2.0;3.0;2.0;[];[];[694957, 2732812];;2;;1125;90;
3107770;45.0928718;7.6848823;via valprato;50;178.0;Dal 2001 al 2010;A2;0.0;0.0;Abitazione;Patrimonio indisponibile;Nessuno;Altro;D11;;false;true;;9.666666666666666;4.0;2.0;1.6666666666666667;2.0;3.0;3.0;3.0;3.0;4.0;3.0;['2021_101550_0003.xml', '2021_206362_0001.xml', '2021_209727_0006.xml'];['2021_101550_0003.xml', '2021_206362_0001.xml', '2021_209727_0006.xml'];[694366, 694367];;2;;1127;343;
3107771;45.0977378;7.6911031;corso vercelli;141;15328.86;Prima del 1919;;0.0;0.0;Abitazione;Patrimonio indisponibile;Nessuno;Alloggio di servizio, foresterie;D20;;false;true;;;;;;;3.0;3.0;3.0;3.0;3.0;3.0;[];[];[694397, 694398, 694399, 694400];;4;;1128;127;
3107772;45.0965595;7.6868094;Via Fossata;68;298.0;Dal 1946 al 1960;G;0.0;0.0;Abitazione;Patrimonio indisponibile;Nessuno;Altro;D11;;false;true;;6.25;1.25;2.0;1.0;2.0;2.0;2.0;2.0;2.0;2.0;2.0;['2020_101217_0010.xml', '2021_112307_0003.xml', '2022_206865_0002.xml', '2022_212533_0182.xml'];['2020_101217_0010.xml', '2021_112307_0003.xml', '2022_206865_0002.xml', '2022_212533_0182.xml'];[694404, 694405, 694406, 694407];;4;;1128;423;
3107773;45.0959779;7.6922024;via leini';111;164.0;Dal 1919 al 1945;F;0.0;0.0;Abitazione;Patrimonio indisponibile;Nessuno;Altro;D20;;false;true;;6.0;1.0;2.0;1.0;2.0;2.0;2.0;2.0;2.0;2.0;2.0;['2022_101241_0002.xml'];['2022_101241_0002.xml'];[694415, 694416];;2;;1129;689;
3107774;45.0969763;7.7049601;Via Francesco Cilea;2;1247.0;Dal 1961 al 1970;F;0.0;0.0;Abitazione;Patrimonio indisponibile;Nessuno;Altro;D21;;false;true;;6.5;1.5;2.0;1.0;2.0;3.0;3.0;3.0;3.0;3.0;3.0;['2019_107973_0334.xml', '2019_200448_0059.xml', '2020_200193_0048.xml', '2020_203013_0013.xml', '2022_208141_0005.xml', '2022_213941_0005.xml'];['2019_107973_0334.xml', '2019_200448_0059.xml', '2020_200193_0048.xml', '2020_203013_0013.xml', '2022_208141_0005.xml', '2022_213941_0005.xml'];[694417, 694418, 694419, 694420, 694421, 694422, 694423, 694424, 694425, 694426, 694427, 694428, 694429, 694430, 694431, 694432];;16;;1131;70;
3107775;45.0966828;7.7056668;Via Giuseppe Tartini;35;1790.0;Dal 1961 al 1970;F;0.0;0.0;Abitazione;Patrimonio indisponibile;Nessuno;Altro;D21;;false;true;;6.125;1.125;2.0;1.0;2.0;3.0;3.0;2.0;2.0;3.0;2.0;['2020_209689_0058.xml', '2022_202066_0036.xml', '2022_211272_0004.xml', '2022_313821_0041.xml', '2022_313821_0042.xml', '2022_313821_0067.xml', '2022_313821_0068.xml', '2022_313821_0071.xml'];['2020_209689_0058.xml', '2022_202066_0036.xml', '2022_211272_0004.xml', '2022_313821_0041.xml', '2022_313821_0042.xml', '2022_313821_0067.xml', '2022_313821_0068.xml', '2022_313821_0071.xml'];[695182, 695183, 695184, 695185, 695186, 695187, 695188, 695189, 695190, 695191, 695192, 695193, 695194, 695195, 695196, 695197, 695198, 695199, 695200, 695201, 695202, 695203, 695204, 695205];;24;;1131;72;
3107776;45.0960948;7.7088124;Via Arcangelo Corelli;39;2160.0;Dal 1961 al 1970;G;0.0;0.0;Abitazione;Patrimonio indisponibile;Nessuno;Altro;D21;;false;true;;6.5;1.5;2.0;1.0;2.0;2.0;2.0;2.0;2.0;2.0;2.0;['2019_200448_0060.xml', '2022_205199_0092.xml', '2022_205199_0117.xml', '2022_206550_0005.xml'];['2019_200448_0060.xml', '2022_205199_0092.xml', '2022_205199_0117.xml', '2022_206550_0005.xml'];[695548, 695549, 695550, 695551, 695552, 695553, 695554, 695555, 695556, 695557, 695558, 695559, 695560, 695561, 695562, 695563, 695564, 695565, 695566, 695567, 695568, 695569, 695570, 695571, 695572, 695573];;26;;1132;85;
3107777;45.0964395;7.7062348;Via Giuseppe Tartini;30;856.0;Dal 1961 al 1970;D;0.0;0.0;Abitazione;Patrimonio indisponibile;Nessuno;Altro;D21;;false;true;;6.75;1.75;2.0;1.0;2.0;2.0;2.0;2.0;2.0;3.0;2.0;['2019_203325_0016.xml', '2019_207949_0114.xml', '2021_200542_0014.xml', '2022_213864_0052.xml'];['2019_203325_0016.xml', '2019_207949_0114.xml', '2021_200542_0014.xml', '2022_213864_0052.xml'];[699437, 699438, 699439, 699440, 699441, 699442, 699443, 699444, 699445, 699446, 699447, 699448];;12;;1132;86;
3107778;45.0961636;7.7069216;via pergolesi giambattista;91 C;3580.0;Dal 1961 al 1970;G;0.0;0.0;Abitazione;Patrimonio indisponibile;Nessuno;Altro;D21;;false;true;;6.166666666666667;1.1666666666666667;2.0;1.0;2.0;2.0;2.0;2.0;2.0;2.0;2.0;['2019_113184_0067.xml', '2019_113184_0068.xml', '2019_113184_0069.xml', '2019_113184_0070.xml', '2019_113184_0071.xml', '2021_200542_0127.xml'];['2019_113184_0067.xml', '2019_113184_0068.xml', '2019_113184_0069.xml', '2019_113184_0070.xml', '2019_113184_0071.xml', '2021_200542_0127.xml'];[695604, 695605, 695606, 695607, 695608, 695609, 695610, 695611, 695612, 695613, 695614, 695615, 695616, 695617, 695618, 695619, 695620, 695621, 695622, 695623, 695624, 695625, 695626, 695627, 695628, 695629, 695630, 695631, 695632, 695633, 695634, 695635, 695636, 695637, 695638, 695639, 695640, 695641, 695642, 695643, 695644, 695645, 695646, 695647, 695648, 695649, 695650];;47;;1132;88;
3107779;45.0959163;7.7075185;via pergolesi giambattista;93 B;1873.0;Dal 1961 al 1970;G;0.0;0.0;Abitazione;Patrimonio indisponibile;Nessuno;Altro;D21;;false;true;;6.75;1.0;2.75;1.0;2.0;3.0;3.0;3.0;3.0;4.0;3.0;['2019_113184_0072.xml', '2019_113184_0073.xml', '2019_207150_0014.xml', '2022_200681_0146.xml'];['2019_113184_0072.xml', '2019_113184_0073.xml', '2019_207150_0014.xml', '2022_200681_0146.xml'];[695266, 695267, 695268, 695269, 695270, 695271, 695272, 695273, 695274, 695275, 695276, 695277, 695278, 695279, 695280, 695281, 695282, 695283, 695284, 695285, 695286, 695287, 695288, 695289, 695290];;25;;1132;89;
3107780;45.0956071;7.7082216;via pergolesi giambattista;105;1310.0;Dal 1961 al 1970;G;0.0;0.0;Abitazione;Patrimonio indisponibile;Nessuno;Altro;D21;;false;true;;6.5;1.5;2.0;1.0;2.0;3.0;3.0;3.0;3.0;4.0;3.0;['2021_113121_0012.xml', '2021_208722_0084.xml', '2021_212533_0147.xml', '2022_201205_0003.xml'];['2021_113121_0012.xml', '2021_208722_0084.xml', '2021_212533_0147.xml', '2022_201205_0003.xml'];[696566, 696567, 696568, 696569, 696570, 696571, 696572, 696573, 696574, 696575, 696576, 696577, 696578, 696579, 696580, 696581, 696584];;17;;1132;91;
3107781;45.0965341;7.7133715;Via Sandro Botticelli;152;453.0;Dal 1946 al 1960;E;0.0;0.0;Abitazione;Patrimonio indisponibile;Nessuno;Altro;D21;;false;true;;6.333333333333333;1.3333333333333333;2.0;1.0;2.0;3.0;3.0;2.0;2.0;3.0;2.0;['2021_106467_0058.xml', '2021_202727_0041.xml', '2021_207228_0150.xml'];['2021_106467_0058.xml', '2021_202727_0041.xml', '2021_207228_0150.xml'];[695651, 695652, 695653, 695654, 695655, 695656, 695657];;7;;1133;11;
3107782;45.0962736;7.7129759;Via Giovenale Ancina;50;184.0;Dal 1946 al 1960;G;0.0;0.0;Abitazione;Patrimonio indisponibile;Nessuno;Altro;D21;;false;true;;6.0;1.0;2.0;1.0;2.0;2.0;2.0;2.0;2.0;2.0;2.0;['2019_200542_0067.xml'];['2019_200542_0067.xml'];[695659, 695660];;2;;1133;12;
3107783;45.0961005;7.7136586;corso taranto;159 5;1198.0;Dal 1961 al 1970;E;0.0;0.0;Abitazione;Patrimonio indisponibile;Nessuno;Altro;D21;;false;true;;6.5;1.5;2.0;1.0;2.0;2.0;2.0;2.0;2.0;2.0;2.0;['2019_104941_0001.xml', '2019_109523_0024.xml', '2019_207622_0017.xml', '2020_100384_0020.xml'];['2019_104941_0001.xml', '2019_109523_0024.xml', '2019_207622_0017.xml', '2020_100384_0020.xml'];[695669, 695670, 695671, 695672, 695673, 695674, 695675, 695676, 695677, 695678, 695679, 695680, 695681, 695682, 695683, 695684];;16;;1133;14;
3107784;45.0958274;7.7130146;Corso Taranto;153;640.0;Dal 1961 al 1970;E;0.0;0.0;Abitazione;Patrimonio indisponibile;Nessuno;Altro;D21;;false;true;;7.5;2.0;2.5;1.0;2.0;3.0;3.0;3.0;3.0;4.0;3.0;['2021_204501_0021.xml', '2021_210200_0011.xml', '2021_213914_0077.xml', '2022_110129_0003.xml'];['2021_204501_0021.xml', '2021_210200_0011.xml', '2021_213914_0077.xml', '2022_110129_0003.xml'];[695323, 695324, 695325, 695326, 695327, 695328, 695329];;7;;1133;15;
3107785;45.0959078;7.7139963;corso taranto;159 8;404.0;Dal 1961 al 1970;E;0.0;0.0;Abitazione;Patrimonio indisponibile;Nessuno;Altro;D21;;false;true;;6.5;1.5;2.0;1.0;2.0;2.0;3.0;2.0;2.0;3.0;2.0;['2019_206019_0020.xml', '2019_212533_0211.xml', '2021_212533_0006.xml', '2022_202078_0220.xml', '2022_203144_0005.xml', '2022_212533_0055.xml'];['2019_206019_0020.xml', '2019_212533_0211.xml', '2021_212533_0006.xml', '2022_202078_0220.xml', '2022_203144_0005.xml', '2022_212533_0055.xml'];[695330, 695331, 695332, 695333, 695334];;5;;1133;17;
3107786;45.0958711;7.7145205;Via Sandro Botticelli;166;487.0;Dal 1946 al 1960;E;0.0;0.0;Abitazione;Patrimonio indisponibile;Nessuno;Altro;D21;;false;true;;6.6;1.6;2.0;1.0;2.0;2.0;3.0;2.0;2.0;3.0;2.0;['2020_201627_0002.xml', '2021_200281_0041.xml', '2021_203223_0025.xml', '2022_203223_0061.xml', '2022_203223_0062.xml'];['2020_201627_0002.xml', '2021_200281_0041.xml', '2021_203223_0025.xml', '2022_203223_0061.xml', '2022_203223_0062.xml'];[695892, 695893, 695894, 695895, 695896, 695897, 695898];;7;;1133;18;
3107787;45.0956066;7.7103601;corso taranto;160;2887.5;Dal 1961 al 1970;;0.0;0.0;Abitazione;Patrimonio indisponibile;Nessuno;Altro;D21;;false;true;;;;;;;3.0;3.0;3.0;3.0;3.0;3.0;[];[];[695915, 695916];;2;;1133;32;
3107788;45.0956692;7.7111314;corso taranto;166;1846.75;Dal 1961 al 1970;;0.0;0.0;Abitazione;Patrimonio indisponibile;Nessuno;Alloggio di servizio, foresterie;D21;;false;true;;;;;;;3.0;4.0;3.0;3.0;4.0;3.0;[];[];[695917, 695918];;2;;1133;33;
3107789;45.0948209;7.7106818;Via Giovenale Ancina;31;1366.0;Dal 1961 al 1970;;0.0;0.0;Abitazione;Patrimonio indisponibile;Nessuno;Alloggio di servizio, foresterie;D21;;false;true;;;;;;;2.0;2.0;3.0;2.0;2.0;2.0;[];[];[695920, 695921];;2;;1133;37;
3107790;45.0949058;7.7120286;Via Giovenale Ancina;32;301.0;Dal 1946 al 1960;E;0.0;0.0;Abitazione;Patrimonio indisponibile;Nessuno;Altro;D21;;false;true;;7.25;2.25;2.0;1.0;2.0;3.0;3.0;3.0;3.0;4.0;3.0;['2019_101781_0003.xml', '2019_207895_0009.xml', '2021_311274_0053.xml', '2022_107997_0036.xml'];['2019_101781_0003.xml', '2019_207895_0009.xml', '2021_311274_0053.xml', '2022_107997_0036.xml'];[695922, 695923, 695924];;3;;1133;39;
3107791;45.0942204;7.7110818;Via Giovenale Ancina;22;359.0;Dal 1946 al 1960;F;0.0;0.0;Abitazione;Patrimonio indisponibile;Nessuno;Altro;D21;;false;true;;6.0;1.0;2.0;1.0;2.0;2.0;2.0;2.0;2.0;2.0;2.0;['2019_200542_0179.xml'];['2019_200542_0179.xml'];[695344, 695345, 695346];;3;;1133;42;
3107792;45.0973318;7.7115029;Via Botticelli Sandro;130;5142.18;Dal 1991 al 2000;E;0.0;0.0;Fabbricato per attività produttiva (industriale, artigianale o agricola);Patrimonio indisponibile;Nessuno;Non Dichiarato;D21;;false;true;;7.0;2.0;2.0;1.0;2.0;2.0;2.0;2.0;2.0;3.0;2.0;['2022_103315_0002.xml'];['2022_103315_0002.xml'];[338703, 338707];;2;;1133;65;
3107793;45.0878799;7.7300305;via beato cafasso giuseppe;73;1221.25;Dal 1971 al 1980;;0.0;0.0;Edificio scolastico (es.: scuola di ogni ordine e grado, università, scuola di formazione);Patrimonio indisponibile;Nessuno;Attività didattica;E2;;false;true;;;;;;;2.0;2.0;2.0;2.0;2.0;2.0;[];[];[695974, 695975, 695976, 695977];;4;;1140;238;
3107794;45.0908985;7.7141154;Piazza Giuseppe Cesare Abba;13;4775.25;Prima del 1919;;0.0;0.0;Abitazione;Demanio;Dichiarazione di interesse culturale;Alloggio di servizio, foresterie;D21;;false;true;;;;;;;2.0;2.0;2.0;2.0;2.0;2.0;[];[];[695981, 695982, 695983];;3;;1143;32;
3107795;45.09394214;7.70909549;Via Arcangelo Corelli;15;8885.25;Dal 1961 al 1970;;0.0;0.0;Abitazione;Patrimonio indisponibile;Nessuno;Alloggio di servizio, foresterie;D21;;false;true;;;;;;;1.0;1.0;1.0;1.0;1.0;1.0;[];[];[695984, 695985, 2856957, 2856958];;4;;1144;1;
3107796;45.09264936;7.7146091;via bologna;256;131.0;Dal 1946 al 1960;F;0.0;0.0;Abitazione;Patrimonio indisponibile;Nessuno;Altro;D21;;false;true;;6.0;1.0;2.0;1.0;2.0;1.0;1.0;1.0;1.0;1.0;1.0;['2021_107716_0016.xml', '2021_213790_0004.xml'];['2021_107716_0016.xml', '2021_213790_0004.xml'];[695986, 695987];;2;;1144;107;
3107797;45.09265523;7.70681697;Via Alessandro Cruto;24;2207.0;Dal 1961 al 1970;;0.0;0.0;Abitazione;Patrimonio indisponibile;Nessuno;Altro;D20;;false;true;;;;;;;2.0;2.0;2.0;2.0;3.0;2.0;[];[];[695988, 695989, 695990, 695991, 695992, 695993, 695994, 695995, 695996, 695997, 695998, 695999, 696000, 696001, 696002, 696003, 696004, 696005, 696006, 696007, 696008, 696009, 696010, 696011, 696012, 696013, 696014];;27;;1144;13;
3107798;45.09218083;7.70719684;Via Luigi Pietracqua;21;2019.0;Dal 1961 al 1970;F;0.0;0.0;Abitazione;Patrimonio indisponibile;Nessuno;Altro;D20;;false;true;;6.5;1.5;2.0;1.0;2.0;2.0;3.0;2.0;2.0;3.0;2.0;['2020_102351_0009.xml', '2020_201485_0089.xml', '2021_207949_0309.xml', '2022_208400_0010.xml'];['2020_102351_0009.xml', '2020_201485_0089.xml', '2021_207949_0309.xml', '2022_208400_0010.xml'];[696028, 696029, 696030, 696031, 696032, 696033, 696034, 696035, 696036, 696037, 696038, 696039, 696040, 696041, 696042, 696043, 696044, 696045, 696046, 696047, 696048, 696049, 696050, 696051, 696052, 696053, 696054, 696055, 696056];;29;;1144;14;
3107799;45.0917837;7.70757765;via pietracqua luigi;19;1562.0;Dal 1961 al 1970;F;0.0;0.0;Abitazione;Patrimonio indisponibile;Nessuno;Altro;D20;;false;true;;6.0;1.0;2.0;1.0;2.0;2.0;2.0;2.0;2.0;3.0;2.0;['2020_202078_0183.xml'];['2020_202078_0183.xml'];[695525, 695526, 695527, 695528, 695529, 695530, 695531, 695532, 695533, 695534, 695535, 695536, 695537, 695538, 695539, 695540, 695541, 695542, 695543, 695544];;20;;1144;15;
3107800;45.09311401;7.70892349;Via Giovanni Cravero;18;447.0;Dal 1971 al 1980;E;0.0;0.0;Abitazione;Patrimonio indisponibile;Nessuno;Altro;D21;3301.0;false;true;;6.571428571428571;1.5714285714285714;2.0;1.0;2.0;3.0;3.0;3.0;3.0;3.0;3.0;['2018_200213_0023.xml', '2018_200213_0024.xml', '2019_206362_0065.xml', '2019_209030_0021.xml', '2019_210613_0002.xml', '2021_102099_0011.xml', '2021_104490_0005.xml', '2021_200281_0018.xml', '2021_203912_0063.xml', '2022_100222_0090.xml', '2022_201246_0015.xml', '2022_208023_0001.xml', '2022_208487_0060.xml', '2022_213677_0018.xml'];['2018_200213_0023.xml', '2018_200213_0024.xml', '2019_206362_0065.xml', '2019_209030_0021.xml', '2019_210613_0002.xml', '2021_102099_0011.xml', '2021_104490_0005.xml', '2021_200281_0018.xml', '2021_203912_0063.xml', '2022_100222_0090.xml', '2022_201246_0015.xml', '2022_208023_0001.xml', '2022_208487_0060.xml', '2022_213677_0018.xml'];[696108, 696109, 696110, 696129];01/11/2021;4;in locazione;1144;3;
3107801;45.0935925;7.71428058;via bologna;267 5;4315.0;Dal 1961 al 1970;;0.0;0.0;Abitazione;Patrimonio indisponibile;Nessuno;Altro;D21;;false;true;;;;;;;2.0;3.0;2.0;2.0;3.0;2.0;[];[];[696180, 696181, 696182, 696183, 696184, 696185, 696186, 696187, 696188, 696189, 696190, 696191, 696192, 696193, 696194, 696195, 696196, 696197, 696198, 696199, 696200, 696201, 696202, 696203, 696204, 696205, 696206, 696207, 696208, 696209, 696210, 696211, 696212, 696213, 696214, 696215, 696216, 696217, 696218, 696219, 696220, 696221, 696222, 696223, 696224, 696225, 696226, 696227, 696228, 696229, 696230, 696231, 696232, 696233, 696234, 696235, 696236, 696237, 696238, 696239];;60;;1144;83;
3107802;45.09362811;7.71469846;via bologna;267 10;4168.0;Dal 1961 al 1970;;0.0;0.0;Abitazione;Patrimonio indisponibile;Nessuno;Altro;D21;;false;true;;;;;;;2.0;3.0;1.0;1.0;2.0;1.0;[];[];[696281, 696282, 696283, 696284, 696285, 696286, 696287, 696288, 696289, 696290, 696291, 696292, 696293, 696294, 696295, 696296, 696297, 696298, 696299, 696300, 696301, 696302, 696303, 696304, 696305, 696306, 696307, 696308, 696309, 696310, 696311, 696312, 696313, 696314, 696315, 696316, 696317, 696318, 696319, 696320, 696321, 696322, 696323, 696324, 696325, 696326, 696327, 696328, 696329, 696330, 696331, 696332, 696333, 696334, 696335, 696336, 696337, 696338, 696339, 696340];;60;;1144;84;
3107803;45.09309477;7.71399276;via bologna;267 1;6152.0;Dal 1961 al 1970;F;0.0;0.0;Abitazione;Patrimonio indisponibile;Nessuno;Altro;D21;;false;true;;6.0;1.0;2.0;1.0;2.0;2.0;2.0;2.0;2.0;3.0;2.0;['2020_312661_0107.xml'];['2020_312661_0107.xml'];[696355, 696356, 696357, 696358, 696359, 696360, 696361, 696362, 696363, 696364, 696365, 696366, 696367, 696368, 696369, 696370, 696371, 696372, 696373, 696374, 696375, 696376, 696377, 696378, 696379, 696380, 696381, 696382, 696383, 696384, 696385, 696386, 696387, 696388, 696389, 696390, 696391, 696392, 696393, 696394, 696395, 696396, 696397, 696398, 696399, 696400, 696401, 696402, 696403, 696404, 696405, 696406, 696407, 696408, 696409, 696410, 696411, 696412, 696413, 696414, 696415, 696416, 696417, 696418, 696419, 696420, 696421, 696422, 696423, 696424, 696425, 696426, 696427, 696428, 696429, 696430, 696431, 696432, 696433, 696434];;80;;1144;86;
3107804;45.0915272;7.7084461;via gallina giacinto;3 17;1521.0;Dal 1919 al 1945;E;0.0;0.0;Abitazione;Patrimonio indisponibile;Nessuno;Altro;D20;2237.0;false;true;;6.428571428571429;1.4285714285714286;2.0;1.0;2.0;2.0;2.0;2.0;2.0;3.0;2.0;['2021_313821_0142.xml', '2021_313821_0143.xml', '2021_313821_0144.xml', '2021_313821_0145.xml', '2021_313821_0146.xml', '2021_313821_0147.xml', '2021_313821_0151.xml'];['2021_313821_0142.xml', '2021_313821_0143.xml', '2021_313821_0144.xml', '2021_313821_0145.xml', '2021_313821_0146.xml', '2021_313821_0147.xml', '2021_313821_0151.xml'];[696440, 696441, 696442, 696443, 696444, 696445, 696446, 696447, 696448, 696449, 696450, 696451, 696452, 696453, 696454, 696455, 696456, 696457, 696458, 696459, 696460, 696461, 696462, 696463];01/12/2005;24;in locazione;1145;1;
3107805;45.091958;7.7088881;via gallina giacinto;3 11;1818.0;Dal 1919 al 1945;F;0.0;0.0;Abitazione;Patrimonio indisponibile;Nessuno;Altro;D20;;false;true;;6.142857142857143;1.1428571428571428;2.0;1.0;2.0;2.0;2.0;2.0;2.0;2.0;2.0;['2021_211473_0025.xml', '2021_313821_0136.xml', '2021_313821_0137.xml', '2021_313821_0138.xml', '2021_313821_0139.xml', '2021_313821_0140.xml', '2021_313821_0141.xml'];['2021_211473_0025.xml', '2021_313821_0136.xml', '2021_313821_0137.xml', '2021_313821_0138.xml', '2021_313821_0139.xml', '2021_313821_0140.xml', '2021_313821_0141.xml'];[683428, 683429, 683430, 683431, 683432, 683433, 683434, 683435, 683436, 683437, 683438, 683439, 683440, 683441, 683442, 683443, 683444, 683445, 683446, 683447, 683448, 683449, 683450, 683451, 683452, 683453, 683454, 683455, 683456, 683457, 683458, 683459, 683460, 683461, 683462, 683463, 683464];;37;;1145;2;
3107806;45.0911078;7.709733;via ghedini giorgio;21;5589.0;Dal 1919 al 1945;G;0.0;0.0;Abitazione;Patrimonio indisponibile;Nessuno;Altro;D20;;false;true;;6.0;1.0;2.0;1.0;2.0;2.0;2.0;2.0;2.0;2.0;2.0;['2021_313821_0167.xml'];['2021_313821_0167.xml'];[15206, 683476, 683477, 683478, 683479, 683480, 683481, 683482, 683483, 683484, 683485, 683486, 683487, 683488, 683489, 683490, 683491, 683492, 683493, 683494, 683495, 683496, 683497, 683498, 683499, 683500, 683501, 683502, 683503, 683504, 683505, 683506, 683507, 683508, 683509, 683510, 683511, 683512, 683513, 683514, 683515, 683516, 683517, 683518, 683519, 683520, 683521, 683522, 683523, 683524, 683525, 683526, 683527, 683528, 683529, 683530, 683531, 683532];;58;;1145;39;
3107807;45.0904066;7.7059706;via maddalene;2;2259.0;Dal 1961 al 1970;F;0.0;0.0;Abitazione;Patrimonio indisponibile;Nessuno;Altro;D20;;false;true;;6.0;1.0;2.0;1.0;2.0;2.0;3.0;2.0;2.0;3.0;2.0;['2019_312661_0210.xml', '2019_312661_0211.xml', '2019_312661_0212.xml'];['2019_312661_0210.xml', '2019_312661_0211.xml', '2019_312661_0212.xml'];[683629, 683630, 683631, 683632, 683633, 683634, 683635, 683636, 683637, 683638, 683639, 683640, 683641, 683642, 683643, 683644, 683645, 683646, 683647, 683648, 683649, 683650, 683651, 683652];;24;;1145;42;
3107808;45.0904443;7.7065946;via maddalene;6;4275.0;Dal 1961 al 1970;F;0.0;0.0;Abitazione;Patrimonio indisponibile;Nessuno;Altro;D20;;false;true;;6.0;1.0;2.0;1.0;2.0;2.0;2.0;2.0;2.0;2.0;2.0;['2019_312661_0197.xml', '2019_312661_0198.xml', '2019_312661_0199.xml', '2019_312661_0200.xml', '2019_312661_0201.xml', '2019_312661_0202.xml', '2019_312661_0203.xml', '2019_312661_0207.xml', '2019_312661_0208.xml', '2019_312661_0209.xml', '2019_102351_0263.xml'];['2019_312661_0197.xml', '2019_312661_0198.xml', '2019_312661_0199.xml', '2019_312661_0200.xml', '2019_312661_0201.xml', '2019_312661_0202.xml', '2019_312661_0203.xml', '2019_312661_0207.xml', '2019_312661_0208.xml', '2019_312661_0209.xml', '2019_102351_0263.xml'];[683653, 683654, 683655, 683656, 683657, 683658, 683659, 683660, 683661, 683662, 683663, 683664, 683665, 683666, 683667, 683668, 683669, 683670, 683671, 683672, 683673, 683674, 683675, 683676, 683677, 683678, 683679, 683680, 683681, 683682, 683683, 683684, 683685, 683686, 683687, 683688, 683689, 683690, 683691, 683692, 683693, 683694, 683695, 683696, 683697, 683698, 683699, 683700, 683701, 683702, 683703, 683704, 683705, 683706, 683707, 683708, 683709, 683710, 683711, 683712];;60;;1145;43;
3107809;45.091638;7.7092493;via gallina giacinto;3 3;2601.0;Dal 1919 al 1945;E;0.0;0.0;Abitazione;Patrimonio indisponibile;Nessuno;Altro;D20;;false;true;;6.666666666666667;1.6666666666666667;2.0;1.0;2.0;3.0;4.0;3.0;3.0;4.0;3.0;['2021_313821_0133.xml', '2021_313821_0148.xml', '2021_313821_0149.xml'];['2021_313821_0133.xml', '2021_313821_0148.xml', '2021_313821_0149.xml'];[683719, 683720, 683721, 683722, 683723, 683724, 683725, 683726, 683727, 683728, 683729, 683730, 683731, 683732, 683733, 683734, 683735, 683736, 683737, 683738, 683739, 683740, 683741, 683742, 683743, 683744, 683745, 683746, 683747, 683748, 683749, 683750, 683751, 683752, 683753, 683754, 683755, 683756, 683757, 683758, 683759, 683760, 683761, 683762, 683763];;45;;1145;5;
3107810;45.0920674;7.7096364;via gallina giacinto;3 10;1532.0;Dal 1919 al 1945;E;0.0;0.0;Abitazione;Patrimonio indisponibile;Nessuno;Altro;D20;;false;true;;6.5;1.5;2.0;1.0;2.0;3.0;3.0;3.0;3.0;3.0;3.0;['2021_313821_0134.xml', '2021_313821_0135.xml'];['2021_313821_0134.xml', '2021_313821_0135.xml'];[687155, 687156, 687157, 687158, 687159, 687160, 687161, 687162, 687163, 687164, 687165, 687166, 687167, 687168, 687169, 687170, 687171, 687172, 687173, 687174, 687175, 687176, 687177, 687178, 687179, 687180, 687181, 687182];;28;;1145;6;
3107811;45.0903236;7.70741;via maddalene;10;5263.0;Dal 1961 al 1970;F;0.0;0.0;Abitazione;Patrimonio indisponibile;Nessuno;Altro;D20;;false;true;;6.222222222222222;1.2222222222222223;2.0;1.0;2.0;3.0;3.0;3.0;3.0;4.0;3.0;['2019_312661_0192.xml', '2019_312661_0193.xml', '2019_312661_0194.xml', '2019_312661_0195.xml', '2019_312661_0196.xml', '2019_312661_0204.xml', '2019_312661_0205.xml', '2019_312661_0206.xml', '2022_312661_0009.xml'];['2019_312661_0192.xml', '2019_312661_0193.xml', '2019_312661_0194.xml', '2019_312661_0195.xml', '2019_312661_0196.xml', '2019_312661_0204.xml', '2019_312661_0205.xml', '2019_312661_0206.xml', '2022_312661_0009.xml'];[687184, 687185, 687186, 687187, 687188, 687189, 687190, 687191, 687192, 687193, 687194, 687195, 687196, 687197, 687198, 687199, 687200, 687201, 687202, 687203, 687204, 687205, 687206, 687207, 687208, 687209, 687210, 687211, 687212, 687213, 687214, 687215, 687216, 687217, 687218, 687219, 687220, 687221, 687222, 687223, 687224, 687225, 687226, 687227, 687228, 687229, 687230, 687231, 687232, 687233, 687234, 687235, 687236, 687237, 687238, 687239, 687240, 687241, 687242, 687243, 687244, 687245, 687246, 687247, 687248, 687249, 687250, 687251, 687252, 687253, 687254, 687255];;72;;1145;74;
3107812;45.0904536;7.7080136;Via Maddalene;14;3038.0;Dal 1961 al 1970;;0.0;0.0;Abitazione;Patrimonio indisponibile;Nessuno;Altro;D20;;false;true;;;;;;;2.0;2.0;2.0;2.0;3.0;2.0;[];[];[687380, 687381, 687382, 687383, 687384, 687385, 687386, 687387, 687388, 687389, 687390, 687391, 687392, 687393, 687394, 687395, 687396, 687397, 687398, 687399, 687400, 687401, 687402, 687403, 687404, 687405, 687406, 687407, 687408, 687409, 687410, 687411, 687412, 687413, 687414, 687415, 687416, 687417, 687418, 687419];;40;;1145;75;
3107813;45.0908371;7.710038;via ghedini giorgio;22;1459.25;Dal 1946 al 1960;;0.0;0.0;Abitazione;Patrimonio indisponibile;Nessuno;Alloggio di servizio, foresterie;D20;;false;true;;;;;;;2.0;2.0;2.0;2.0;3.0;2.0;[];[];[687473, 687474];;2;;1145;76;
3107814;45.0895195;7.7076647;via moncrivello;0;5479.68;Dal 1971 al 1980;F;0.0;0.0;Abitazione;Patrimonio indisponibile;Nessuno;Altro;D20;;false;true;;6.0;1.0;2.0;1.0;2.0;3.0;3.0;3.0;3.0;3.0;3.0;['2020_102351_0120.xml', '2020_102351_0121.xml'];['2020_102351_0120.xml', '2020_102351_0121.xml'];[686318, 686319, 686320, 686321, 686322, 686323, 686324, 686325, 686326, 686327, 686328, 686329, 686330, 686331, 686332, 686333, 686334, 686335, 686336, 686337, 686338, 686339, 686340, 686341, 686342, 686343, 686344, 686345, 686346, 686347, 686348, 686349, 686350, 686351, 686352, 686353, 686354, 686355, 686356, 686357, 686359];;41;;1145;79;
3107815;45.09431626;7.69978934;via santhia';76;4243.0;Dal 1961 al 1970;F;0.0;0.0;Abitazione;Patrimonio indisponibile;Nessuno;Alloggio di servizio, foresterie;D20;;false;true;;6.0;1.0;2.0;1.0;2.0;3.0;3.0;3.0;3.0;3.0;3.0;['2022_103915_0001.xml'];['2022_103915_0001.xml'];[686405, 686406];;2;;1146;12;
3107816;45.0932841;7.7018879;Via Domenico Cimarosa;66;5342.75;Dal 1971 al 1980;;0.0;0.0;Abitazione;Patrimonio indisponibile;Nessuno;Alloggio di servizio, foresterie;D20;;false;true;;;;;;;2.0;3.0;2.0;2.0;3.0;2.0;[];[];[686423, 686424];;2;;1146;291;
3107817;45.0894873;7.6984523;via paisiello giovanni;1;2622.5;Dal 1919 al 1945;;0.0;0.0;Abitazione;Demanio;Dichiarazione di interesse culturale;Alloggio di servizio, foresterie;D20;;false;true;;;;;;;2.0;2.0;1.0;1.0;2.0;1.0;[];[];[686455, 686456];;2;;1147;169;
3107818;45.0887215;7.7025803;via leoncavallo ruggero;61;3522.0;Dal 1971 al 1980;;0.0;0.0;Abitazione;Patrimonio indisponibile;Nessuno;Alloggio di servizio, foresterie;D20;;false;true;;;;;;;3.0;3.0;3.0;3.0;4.0;3.0;[];[];[686458, 686459];;2;;1147;223;
3107819;45.0929159;7.6920909;via leini';52;174.0;Dal 1919 al 1945;;0.0;0.0;Abitazione;Patrimonio indisponibile;Nessuno;Altro;D20;;false;true;;;;;;;2.0;2.0;2.0;2.0;3.0;2.0;[];[];[686461, 686462];;2;;1148;212;
3107820;45.0911371;7.6962232;via monte rosa;54;11309.75;Prima del 1919;;0.0;0.0;Abitazione;Demanio;Dichiarazione di interesse culturale;Alloggio di servizio, foresterie;D20;;false;true;;;;;;;2.0;2.0;2.0;2.0;3.0;2.0;[];[];[24496, 686474, 686475];;3;;1148;428;
3107821;45.0908697;7.6960468;via monte rosa;54;11389.75;Prima del 1919;;0.0;0.0;Abitazione;Demanio;Dichiarazione di interesse culturale;Alloggio di servizio, foresterie;D20;;false;true;;;;;;;2.0;2.0;2.0;2.0;3.0;2.0;[];[];[24496, 686493, 686494];;3;;1148;792;
3107822;45.0911589;7.6971903;Via Santhià;28;1566.0;Prima del 1919;;0.0;0.0;Abitazione;Patrimonio indisponibile;Nessuno;Altro;D20;;false;true;;;;;;;2.0;3.0;1.0;1.0;2.0;1.0;[];[];[686516, 686517, 686518, 686519, 686520, 686521, 686522, 686523, 686524, 686525, 686526, 686527, 686528, 686529, 686530, 686531, 686532, 686533, 686534, 686535, 686536];;21;;1148;892;
3107823;45.0928939;7.6927457;VIA PALESTRINA PIER LUIGI;9;464.0;Dal 1961 al 1970;;0.0;0.0;Abitazione;Patrimonio indisponibile;Nessuno;Altro;D20;;false;true;;;;;;;3.0;3.0;3.0;3.0;4.0;3.0;[];[];[2666127, 2666128, 2666129, 2666130, 2666131, 2666132, 2666133];;7;;1148;939;
3107824;45.0893293;7.69140979;corso giulio cesare;83;1089.0;Dal 1919 al 1945;;0.0;0.0;Abitazione;Patrimonio indisponibile;Nessuno;Altro;D20;;false;true;;;;;;;2.0;2.0;2.0;2.0;2.0;2.0;[];[];[686603, 686604, 686605, 686606, 686607, 686608, 686609, 686610, 686611, 686612, 686613, 686614, 686615, 686616, 686617];;15;;1149;472;
3107825;45.08748262;7.69351139;via monte rosa;11;198.0;Prima del 1919;;0.0;0.0;Abitazione;Patrimonio indisponibile;Nessuno;Altro;D20;;false;true;;;;;;;3.0;3.0;3.0;3.0;3.0;3.0;[];[];[686642, 686643];;2;;1149;655;
3107826;45.08670294;7.68856735;Via Cuneo;6;2063.0;Prima del 1919;;0.0;0.0;Abitazione;Patrimonio indisponibile;Nessuno;Altro;C19;;false;true;;;;;;;3.0;3.0;2.0;3.0;3.0;2.0;[];[];[686649, 686650, 686651, 686652, 686653, 686654, 686655, 686656, 686657, 686659, 686660, 686661, 686662, 686663, 686664, 686665, 686666, 686667, 686668, 686669, 686670, 686671, 686672, 686673, 686674, 686675];;26;;1149;815;
3107827;45.08670915;7.69155789;Via Padre Francesco Denza;23;4278.0;Dal 1946 al 1960;;0.0;0.0;Abitazione;Patrimonio indisponibile;Nessuno;Alloggio di servizio, foresterie;C19;;false;true;;;;;;;2.0;2.0;2.0;2.0;3.0;2.0;[];[];[687572, 687573];;2;;1149;833;
3107828;45.0924488;7.6839553;Via Cervino;43 8;539.0;Dal 2001 al 2010;C;0.0;0.0;Abitazione;Patrimonio indisponibile;Nessuno;Altro;D11;;false;true;;8.0;3.0;2.0;1.0;2.0;2.0;2.0;1.0;1.0;2.0;1.0;['2019_100212_0055.xml', '2019_203223_0012.xml', '2019_208347_0058.xml', '2019_311910_0086.xml', '2020_100232_0014.xml', '2020_101827_0001.xml', '2020_108242_0001.xml', '2020_108884_0004.xml', '2020_200690_0018.xml', '2021_103511_0027.xml', '2021_208114_0029.xml', '2021_209689_0114.xml', '2021_213745_0007.xml', '2021_313284_0003.xml', '2022_200218_0012.xml', '2022_208114_0008.xml', '2022_210180_0203.xml', '2022_212629_1502.xml'];['2019_100212_0055.xml', '2019_203223_0012.xml', '2019_208347_0058.xml', '2019_311910_0086.xml', '2020_100232_0014.xml', '2020_101827_0001.xml', '2020_108242_0001.xml', '2020_108884_0004.xml', '2020_200690_0018.xml', '2021_103511_0027.xml', '2021_208114_0029.xml', '2021_209689_0114.xml', '2021_213745_0007.xml', '2021_313284_0003.xml', '2022_200218_0012.xml', '2022_208114_0008.xml', '2022_210180_0203.xml', '2022_212629_1502.xml'];[686695, 686696, 686697, 686698, 686699, 686700];;6;;1150;316;
3107829;45.0903857;7.6864074;VIA BANFO ANTONIO;SNC;3337.6;Dopo il 2010;;0.0;0.0;Abitazione;Patrimonio disponibile;Nessuno;Servizi ordine pubblico, sicurezza nazionale e militare;D11;0.0;false;true;;;;;;;1.0;1.0;1.0;1.0;1.0;1.0;[];[];[381821, 381822, 381823, 381824, 381825, 381826, 381827, 381828];01/01/2019;8;in locazione;1150;333;
3107830;45.09073488;7.68591129;Via Francesco Cigna;96;4870.02;Dal 1919 al 1945;;0.0;0.0;Ufficio strutturato ed assimilabili;Patrimonio indisponibile;Dichiarazione di interesse culturale;Altro;D11;;false;true;;;;;;;3.0;4.0;3.0;3.0;4.0;3.0;[];[];[686703, 686704, 686705, 686706, 686707, 686708, 686709, 686710, 686711, 686712];;10;;1150;346;
3107831;45.09091829;7.68568229;Via Francesco Cigna;102;3894.0;Dal 1919 al 1945;;0.0;0.0;Area urbana;Patrimonio indisponibile;Dichiarazione di interesse culturale;Altro;D11;;false;true;;;;;;;2.0;2.0;2.0;2.0;3.0;2.0;[];[];[686741, 686742, 686744, 686745, 2732813, 2732814];;6;;1150;64;
3107832;45.0898244;7.6854959;corso vigevano;0;9942.4;Dal 2001 al 2010;;0.0;0.0;Abitazione;Patrimonio indisponibile;Nessuno;Altro;D11;43937.0;false;true;;;;;;;3.0;3.0;3.0;3.0;4.0;3.0;[];[];[686751, 686752, 686753, 686762, 686773, 686784, 686795, 686806, 686817, 686828, 686835, 686839, 686850, 686861, 686872, 686883, 686894, 686905, 686911, 686914, 686915, 686916, 686917, 686918, 686919, 686920, 686921, 686922, 686923, 686924, 686925, 686926, 686927, 686928, 686929, 686930, 686931, 686932, 686933, 686934, 686935, 686936, 686937, 686938, 686939, 686940, 686941, 686942, 686943, 686944, 686945, 686946, 686947, 686948, 686949, 686950, 686951, 686952, 686953, 686954, 686955, 686956, 686957, 686958, 686959, 686960, 686961, 686962, 686963, 686964, 686965, 686966, 686967, 686968, 686969, 686970, 686971, 686972, 686973, 686974, 686975, 686976, 686977, 686978, 686979, 686980, 686981, 686982, 686983, 686984, 686985, 686986, 686987, 686988, 686989, 686990, 686991, 686992, 686993, 686994, 686995, 686996, 686997, 686998, 686999, 687000, 687001, 687002, 687003, 687004, 687005, 687006, 687007, 687008, 687009, 687010, 687011, 687012, 687013, 687014, 687015, 687016, 687017, 687018];01/12/2011;124;in locazione;1150;65;
3107833;45.091678;7.6874963;Via Antonio Banfo;32;6606.25;Prima del 1919;E;0.0;0.0;Abitazione;Demanio;Dichiarazione di interesse culturale;Alloggio di servizio, foresterie;D20;;false;true;;7.0;2.0;2.0;1.0;2.0;2.0;2.0;2.0;2.0;3.0;2.0;['2021_100235_0004.xml'];['2021_100235_0004.xml'];[688200, 688201];;2;;1150;96;
3107834;45.0873011;7.680145;via piossasco;14;114.0;Prima del 1919;F;0.0;0.0;Abitazione;Patrimonio indisponibile;Nessuno;Altro;C19;;false;true;;6.0;1.0;2.0;1.0;2.0;3.0;3.0;3.0;3.0;3.0;3.0;['2021_203998_0004.xml', '2022_104941_0021.xml'];['2021_203998_0004.xml', '2022_104941_0021.xml'];[688204, 688205];;2;;1151;236;
3107835;45.0886382;7.6787802;Via Antonio Cecchi;63;1206.0;Dal 2001 al 2010;;0.0;0.0;Abitazione;Patrimonio indisponibile;Nessuno;Altro;C19;;false;true;;;;;;;2.0;2.0;2.0;2.0;3.0;2.0;[];[];[688207, 688208, 688209, 688210, 688211, 688212, 688213, 688214, 688215, 688216, 688217, 688218, 688219];;13;;1151;315;
3107836;45.08802944;7.67843723;via beinasco;34;891.5;Dal 1971 al 1980;C;0.0;0.0;Abitazione;Patrimonio indisponibile;Nessuno;Alloggio di servizio, foresterie;C19;;false;true;;10.0;3.0;2.0;3.0;2.0;2.0;3.0;2.0;2.0;3.0;2.0;['2022_110019_0001.xml'];['2022_110019_0001.xml'];[2859481, 2859482];;2;;1151;430;
3107837;45.0879597;7.6684117;LIVORNO (VIA);SNC;63.0;ND;C;0.0;0.0;Area urbana;Patrimonio indisponibile;Nessuno;Altro;D9;;false;true;;8.357142857142858;3.357142857142857;2.0;1.0;2.0;2.0;3.0;2.0;2.0;3.0;2.0;['2019_102480_0001.xml', '2019_102902_0017.xml', '2019_102902_0018.xml', '2019_102902_0019.xml', '2019_111718_0042.xml', '2011_101508_0149.xml', '2019_202946_0005.xml', '2020_103137_0001.xml', '2020_106432_0004.xml', '2020_111718_0006.xml', '2021_103137_0007.xml', '2021_103137_0009.xml', '2021_103137_0013.xml', '2019_113699_0002.xml'];['2019_102480_0001.xml', '2019_102902_0017.xml', '2019_102902_0018.xml', '2019_102902_0019.xml', '2019_111718_0042.xml', '2011_101508_0149.xml', '2019_202946_0005.xml', '2020_103137_0001.xml', '2020_106432_0004.xml', '2020_111718_0006.xml', '2021_103137_0007.xml', '2021_103137_0009.xml', '2021_103137_0013.xml', '2019_113699_0002.xml'];[2732815, 2732816, 2732817];;3;;1153;130;
3107838;45.0883774;7.666813;LIVORNO (VIA);SNC;48.0;ND;D;0.0;0.0;Area urbana;Patrimonio indisponibile;Nessuno;Altro;D9;;false;true;;8.916666666666666;3.0416666666666665;2.625;1.25;2.0;2.0;2.0;3.0;2.0;3.0;2.0;['2018_201437_0003.xml', '2019_204972_0010.xml', '2019_205195_0022.xml', '2019_205408_0004.xml', '2019_209322_0003.xml', '2019_211473_0006.xml', '2020_201227_0055.xml', '2020_205351_0039.xml', '2020_205351_0040.xml', '2020_207949_0185.xml', '2020_213231_0006.xml', '2020_101425_0001.xml', '2021_105537_0002.xml', '2021_206052_0159.xml', '2021_212629_1263.xml', '2021_214131_0028.xml', '2022_100224_0039.xml', '2022_100760_0003.xml', '2022_110134_0042.xml', '2022_206748_0111.xml', '2022_207949_0191.xml', '2022_208722_0014.xml', '2022_210046_0046.xml', '2022_212489_0024.xml'];['2018_201437_0003.xml', '2019_204972_0010.xml', '2019_205195_0022.xml', '2019_205408_0004.xml', '2019_209322_0003.xml', '2019_211473_0006.xml', '2020_201227_0055.xml', '2020_205351_0039.xml', '2020_205351_0040.xml', '2020_207949_0185.xml', '2020_213231_0006.xml', '2020_101425_0001.xml', '2021_105537_0002.xml', '2021_206052_0159.xml', '2021_212629_1263.xml', '2021_214131_0028.xml', '2022_100224_0039.xml', '2022_100760_0003.xml', '2022_110134_0042.xml', '2022_206748_0111.xml', '2022_207949_0191.xml', '2022_208722_0014.xml', '2022_210046_0046.xml', '2022_212489_0024.xml'];[2732818, 2732819];;2;;1153;131;
3107839;45.0875149;7.6666417;LIVORNO (VIA);SNC;288.0;ND;D;0.0;0.0;Area urbana;Patrimonio indisponibile;Nessuno;Altro;D9;;false;true;;8.31578947368421;3.0;2.1052631578947367;1.2105263157894737;2.0;2.0;2.0;2.0;2.0;3.0;2.0;['2019_209689_0012.xml', '2019_213164_0006.xml', '2020_102286_0044.xml', '2020_205351_0034.xml', '2020_205351_0035.xml', '2020_205351_0036.xml', '2020_205351_0037.xml', '2020_205351_0038.xml', '2021_202612_0280.xml', '2021_206052_0160.xml', '2021_208026_0030.xml', '2021_209507_0117.xml', '2021_209689_0155.xml', '2021_209689_0156.xml', '2022_114801_0039.xml', '2022_200542_0056.xml', '2022_203473_0042.xml', '2022_203473_0046.xml', '2022_209507_0070.xml', '2022_209689_0164.xml'];['2019_209689_0012.xml', '2019_213164_0006.xml', '2020_102286_0044.xml', '2020_205351_0034.xml', '2020_205351_0035.xml', '2020_205351_0036.xml', '2020_205351_0037.xml', '2020_205351_0038.xml', '2021_202612_0280.xml', '2021_206052_0160.xml', '2021_208026_0030.xml', '2021_209507_0117.xml', '2021_209689_0155.xml', '2021_209689_0156.xml', '2022_114801_0039.xml', '2022_200542_0056.xml', '2022_203473_0042.xml', '2022_209507_0070.xml', '2022_209689_0164.xml'];[2732820, 2732821];;2;;1153;132;
3107840;45.0871558;7.6534277;Via Spoleto;0;1352.25;Dal 1981 al 1990;;0.0;0.0;Abitazione;Patrimonio indisponibile;Nessuno;Alloggio di servizio, foresterie;D9;;false;true;;;;;;;2.0;2.0;3.0;2.0;2.0;2.0;[];[];[688761, 688762];;2;;1157;142;
3107841;45.08927;7.6495706;corso regina margherita;330;19500.4;Dal 1971 al 1980;;0.0;0.0;Abitazione;Patrimonio disponibile;Nessuno;Servizi ordine pubblico, sicurezza nazionale e militare;D9;;false;true;;;;;;;3.0;3.0;3.0;3.0;4.0;3.0;[];[];[688771, 688772, 688773, 688774, 688775, 688776];;6;;1158;159;
3107842;45.0853808;7.6461232;Corso Appio Claudio;80;873.8;Dal 1981 al 1990;;0.0;0.0;Abitazione;Patrimonio disponibile;Nessuno;Non Dichiarato;D23;70629.0;false;true;;;;;;;3.0;3.0;2.0;2.0;3.0;2.0;[];[];[688821, 688822, 688823];01/07/2011;3;in locazione;1158;171;
3107843;45.0837247;7.6423094;via lessona michele;70;1248.75;Dal 1971 al 1980;;0.0;0.0;Abitazione;Patrimonio indisponibile;Nessuno;Alloggio di servizio, foresterie;D24;;false;true;;;;;;;2.0;2.0;2.0;2.0;2.0;2.0;[];[];[688824, 688825];;2;;1159;117;
3107844;45.0858188;7.6349071;Corso Appio Claudio;176;315.0;Prima del 1919;;0.0;0.0;Ufficio strutturato ed assimilabili;Patrimonio indisponibile;Nessuno;Attività amministrativa/uffici pubblici;D23;;false;true;;;;;;;3.0;3.0;2.0;2.0;3.0;2.0;[];[];[23646, 688837, 688838];;3;;1160;35;
3107845;45.0842325;7.6310376;via servais giovanni;62;1071.5;Dal 1971 al 1980;;0.0;0.0;Abitazione;Patrimonio indisponibile;Nessuno;Alloggio di servizio, foresterie;D24;;false;true;;;;;;;2.0;3.0;2.0;2.0;3.0;2.0;[];[];[7267, 688844];;2;;1161;166;
3107846;45.08272706;7.61774122;via passoni mario e pier luigi;13;10834.5;Dal 1971 al 1980;;0.0;0.0;Abitazione;Patrimonio indisponibile;Nessuno;Alloggio di servizio, foresterie;D25;;false;true;;;;;;;3.0;3.0;3.0;3.0;4.0;3.0;[];[];[688980, 688981];;2;;1166;467;
3107847;45.0786863;7.6249251;via pacchiotti giacinto;102;7170.75;Dal 1961 al 1970;;0.0;0.0;Edificio scolastico (es.: scuola di ogni ordine e grado, università, scuola di formazione);Patrimonio indisponibile;Nessuno;Attività didattica;D24;;false;true;;;;;;;3.0;3.0;2.0;2.0;3.0;2.0;[];[];[688986, 688987, 688988];;3;;1168;237;
3107848;45.079064;7.6248961;Via Bellardi Ludovico;56;1366.0;Dal 1961 al 1970;;0.0;0.0;Abitazione;Patrimonio indisponibile;Nessuno;Alloggio di servizio, foresterie;D24;;false;true;;;;;;;3.0;3.0;3.0;3.0;4.0;3.0;[];[];[688989, 688990];;2;;1168;263;
3107849;45.0823902;7.6227387;Via Pietro Cossa;115;1584.0;Dal 1971 al 1980;;0.0;0.0;Abitazione;Patrimonio indisponibile;Nessuno;Alloggio di servizio, foresterie;D25;;false;true;;;;;;;3.0;3.0;3.0;3.0;4.0;3.0;[];[];[688991, 688992, 2732825];;3;;1169;54;
3107850;45.0772265;7.6279673;via valgioie;72;1759.0;Dal 1971 al 1980;;0.0;0.0;Abitazione;Patrimonio indisponibile;Nessuno;Alloggio di servizio, foresterie;D24;;false;true;;;;;;;2.0;3.0;2.0;2.0;3.0;2.0;[];[];[688997, 688998];;2;;1170;273;
3107851;45.0784447;7.628124;Via Giacinto Pacchiotti;50;4413.0;Dal 1971 al 1980;;0.0;0.0;Abitazione;Patrimonio indisponibile;Nessuno;Alloggio di servizio, foresterie;D24;;false;true;;;;;;;3.0;3.0;3.0;3.0;4.0;3.0;[];[];[689003, 689004];;2;;1170;31;
3107852;45.0765455;7.6383281;corso francia;186;3161.57;Prima del 1919;;0.0;0.0;Abitazione;Demanio;Dichiarazione di interesse culturale;Attività artistica e culturale;D26;;false;true;;;;;;;2.0;2.0;3.0;2.0;2.0;2.0;[];[];[689007, 689008];;2;;1171;736;
3107853;45.0786066;7.6387089;Via Asinari di Bernezzo Vittorio;23;2317.25;Dal 1981 al 1990;;0.0;0.0;Abitazione;Demanio;Dichiarazione di interesse culturale;Alloggio di servizio, foresterie;D26;;false;true;;;;;;;2.0;2.0;2.0;2.0;3.0;2.0;[];[];[689009, 689010];;2;;1171;757;
3107854;45.0802112;7.6346738;via capelli carlo;64;5757.5;Dal 1971 al 1980;;0.0;0.0;Abitazione;Patrimonio indisponibile;Nessuno;Alloggio di servizio, foresterie;D24;;false;true;;;;;;;2.0;3.0;2.0;2.0;3.0;2.0;[];[];[689013, 689014];;2;;1172;1043;
3107855;45.0804511;7.634538;Via Salbertrand;57;805.28;Prima del 1919;;0.0;0.0;Ufficio strutturato ed assimilabili;Patrimonio indisponibile;Nessuno;Attività amministrativa/uffici pubblici;D24;;false;true;;;;;;;3.0;3.0;2.0;2.0;3.0;2.0;[];[];[689016, 689017, 689018];;3;;1172;1047;
3107856;45.0826246;7.6382219;Via Giovanni Servais;5;5137.75;Dal 1961 al 1970;;0.0;0.0;Abitazione;Patrimonio indisponibile;Nessuno;Alloggio di servizio, foresterie;D24;;false;true;;;;;;;2.0;2.0;2.0;2.0;3.0;2.0;[];[];[689019, 689020];;2;;1172;158;
3107857;45.0796358;7.6326732;Via Capelli Carlo;51;9497.75;Dal 1919 al 1945;;0.0;0.0;Abitazione;Demanio;Dichiarazione di interesse culturale;Alloggio di servizio, foresterie;D24;;false;true;;;;;;;2.0;2.0;2.0;2.0;3.0;2.0;[];[];[689024, 689025, 689026, 689027];;4;;1172;949;
3107858;45.080698;7.6475243;corso lecce;55;1635.0;Dal 1919 al 1945;F;0.0;0.0;Abitazione;Patrimonio disponibile;Nessuno;Non Dichiarato;C21;4104.0;false;true;;8.0;1.0;4.0;1.0;2.0;3.0;3.0;3.0;3.0;3.0;3.0;['2020_102099_0137.xml', '2020_102099_0138.xml', '2020_102099_0139.xml', '2020_102099_0140.xml', '2020_102099_0146.xml', '2020_102099_0147.xml', '2020_102099_0148.xml', '2020_102099_0149.xml', '2020_102099_0150.xml', '2020_102099_0151.xml'];['2020_102099_0137.xml', '2020_102099_0138.xml', '2020_102099_0139.xml', '2020_102099_0146.xml', '2020_102099_0149.xml'];[689037, 689038, 689039, 689040, 689041, 689042, 689043, 689044, 689045, 689046, 689047, 689048, 689049, 689050, 689051, 689052, 689053, 689054, 689055, 689056, 689057, 689058, 689059, 689060];01/10/2021;24;in locazione;1173;331;
3107859;45.0779791;7.6460453;via pilo rosalino;50;388.0;Prima del 1919;;0.0;0.0;Abitazione;Patrimonio indisponibile;Nessuno;Servizi assistenza socio-sanitaria (non residenziali);C22;;false;true;;;;;;;3.0;3.0;3.0;3.0;4.0;3.0;[];[];[688264, 688265, 688266, 688267];;4;;1173;529;
3107860;45.080271;7.6432956;Via Domodossola;41;7531.75;Dal 1981 al 1990;;0.0;0.0;Abitazione;Patrimonio indisponibile;Nessuno;Alloggio di servizio, foresterie;D24;;false;true;;;;;;;2.0;2.0;2.0;2.0;3.0;2.0;[];[];[688272, 688273, 688274];;3;;1173;665;
3107861;45.0818097;7.6505845;Corso Svizzera;61;242.0;Dal 1946 al 1960;;0.0;0.0;Locale commerciale, negozio;Patrimonio disponibile;Nessuno;Altro;C21;;false;true;;;;;;;3.0;3.0;3.0;3.0;3.0;3.0;[];[];[24497, 688311, 688312, 688313, 688314, 688315];;6;;1174;274;
3107862;45.0810057;7.6498672;corso svizzera;53;7485.0;Prima del 1919;;0.0;0.0;Abitazione;Demanio;Dichiarazione di interesse culturale;Attività didattica;C21;;false;true;;;;;;;3.0;3.0;3.0;3.0;4.0;3.0;[];[];[14929, 688323, 688324];;3;;1174;599;
3107863;45.0777547;7.6550193;via montano massimo;10;5199.5;Dal 1961 al 1970;;0.0;0.0;Abitazione;Patrimonio indisponibile;Nessuno;Alloggio di servizio, foresterie;C21;;false;true;;;;;;;3.0;3.0;3.0;3.0;4.0;3.0;[];[];[689079, 689080, 689081];;3;;1175;450;
3107864;45.0768656;7.6553383;via medici giacomo;12;1102.75;Dal 1961 al 1970;;0.0;0.0;Abitazione;Patrimonio indisponibile;Nessuno;Alloggio di servizio, foresterie;C22;;false;true;;;;;;;3.0;3.0;3.0;3.0;4.0;3.0;[];[];[303849, 303853];;2;;1175;721;
3107865;45.0811779;7.6598264;Via Jacopo Durandi;6;4277.25;Prima del 1919;;0.0;0.0;Abitazione;Demanio;Dichiarazione di interesse culturale;Alloggio di servizio, foresterie;C8;;false;true;;;;;;;2.0;2.0;2.0;2.0;2.0;2.0;[];[];[21163, 688335];;2;;1176;162;
3107866;45.0811779;7.6598264;via galvani luigi;7;11216.25;Prima del 1919;D;0.0;0.0;Edificio scolastico (es.: scuola di ogni ordine e grado, università, scuola di formazione);Demanio;Dichiarazione di interesse culturale;Attività didattica;C8;;false;true;;8.0;3.0;2.0;1.0;2.0;2.0;3.0;1.0;1.0;3.0;1.0;['2020_100235_0001.xml'];['2020_100235_0001.xml'];[15609, 21163];;2;;1176;172;
3107867;45.0828504;7.6607369;Via Carlo Bossi;18;566.86;Dal 1919 al 1945;;0.0;0.0;Abitazione;Patrimonio indisponibile;Nessuno;Servizi assistenza socio-sanitaria (non residenziali);C8;;false;true;;;;;;;2.0;2.0;2.0;2.0;2.0;2.0;[];[];[689086, 689087, 689088];;3;;1176;40;
3107868;45.0808453;7.6598264;via galvani luigi;7;11293.25;Prima del 1919;;0.0;0.0;Edificio scolastico (es.: scuola di ogni ordine e grado, università, scuola di formazione);Demanio;Dichiarazione di interesse culturale;Attività didattica;C8;;false;true;;;;;;;2.0;3.0;1.0;1.0;2.0;1.0;[];[];[15609, 21163, 689100];;3;;1176;747;
3107869;45.0856945;7.6634984;via avellino;22A;608.0;Dal 2001 al 2010;A1;0.0;0.0;Abitazione;Patrimonio indisponibile;Nessuno;Altro;C8;;false;true;;10.5;4.5;2.0;2.0;2.0;3.0;3.0;3.0;3.0;3.0;3.0;['2021_202612_0102.xml', '2022_208347_0657.xml'];['2021_202612_0102.xml', '2022_208347_0657.xml'];[689104, 689105, 689106, 689107, 2666125, 2666126, 2666139];;7;;1177;1251;
3107870;45.0844946;7.6620029;via avellino;3;2022.0;Dal 1946 al 1960;G;0.0;0.0;Abitazione;Patrimonio indisponibile;Nessuno;Altro;C8;;false;true;;6.0;1.0;2.0;1.0;2.0;2.0;2.0;3.0;2.0;2.0;2.0;['2022_200681_0031.xml'];['2022_200681_0031.xml'];[688354, 688355, 688356, 688357, 688358, 688359, 688360, 688361, 688362, 688363, 688364, 688365, 688366, 688367, 688368, 688369, 688370, 688371, 688372, 688373, 688374, 688375, 688376, 688377, 688378, 688379, 688380, 688381, 688382, 688383, 688384, 688385, 688386, 688387, 688388, 688390, 688391, 688392, 688393, 688394];;40;;1177;206;
3107871;45.0857529;7.6626989;Via Avellino;25;572.0;Dal 1961 al 1970;B;0.0;0.0;Abitazione;Patrimonio indisponibile;Nessuno;Altro;C8;;false;true;;9.5;4.0;2.0;1.5;2.0;3.0;3.0;3.0;3.0;4.0;3.0;['2020_207709_0035.xml', '2021_207949_0313.xml', '2022_206052_0351.xml', '2022_206052_0364.xml'];['2020_207709_0035.xml', '2021_207949_0313.xml', '2022_206052_0351.xml', '2022_206052_0364.xml'];[689955, 689956, 689957, 689958, 689959, 689960, 2666138];;7;;1177;474;
3107872;45.0806677;7.6675353;via pinelli pierdionigi;22;88.0;Dal 1946 al 1960;D;0.0;0.0;Locale commerciale, negozio;Patrimonio disponibile;Nessuno;Attività commerciale e di ristorazione;C8;;false;true;;7.5;2.0;2.5;1.0;2.0;3.0;3.0;3.0;3.0;4.0;3.0;['2020_100857_0020.xml', '2021_105273_0001.xml', '2021_208347_0383.xml', '2021_311274_0294.xml', '2022_207949_0274.xml', '2022_211937_0029.xml'];['2020_100857_0020.xml', '2021_105273_0001.xml', '2021_208347_0383.xml', '2021_311274_0294.xml', '2022_207949_0274.xml', '2022_211937_0029.xml'];[689964, 689965, 689966, 689967];;4;;1178;144;
3107873;45.0810418;7.6651916;via sobrero ascanio;19 A;152.0;Dal 1991 al 2000;E;0.0;0.0;Abitazione;Patrimonio indisponibile;Nessuno;Altro;C8;;false;true;;6.571428571428571;1.5714285714285714;2.0;1.0;2.0;3.0;3.0;2.0;2.0;3.0;2.0;['2019_101075_0011.xml', '2019_207949_0049.xml', '2019_207949_0231.xml', '2021_103241_0026.xml', '2021_213632_0031.xml', '2021_213632_0039.xml', '2022_207949_0198.xml'];['2019_101075_0011.xml', '2019_207949_0049.xml', '2019_207949_0231.xml', '2021_103241_0026.xml', '2021_213632_0031.xml', '2021_213632_0039.xml', '2022_207949_0198.xml'];[689182, 689183];;2;;1178;197;
3107874;45.0810133;7.6637449;Via Antonio Pacinotti;29;470.0;Prima del 1919;C;0.0;0.0;Fabbricato per attività produttiva (industriale, artigianale o agricola);Patrimonio indisponibile;Nessuno;Altro;C8;;false;true;;11.0;3.0;5.0;1.0;2.0;3.0;3.0;3.0;3.0;4.0;3.0;['2019_311734_0005.xml'];['2019_311734_0005.xml'];[689994, 689995, 689996, 689997, 689998, 689999, 690000, 690001, 690002];;9;;1178;254;
3107875;45.0853455;7.6665769;Via Aquila;30;3433.0;Dal 1919 al 1945;F;0.0;0.0;Abitazione;Patrimonio indisponibile;Nessuno;Altro;C8;;false;true;;6.0;1.0;2.0;1.0;2.0;3.0;3.0;3.0;3.0;4.0;3.0;['2019_103997_0007.xml', '2020_312661_0121.xml'];['2019_103997_0007.xml', '2020_312661_0121.xml'];[690011, 690012, 690013, 690014, 690015, 690016, 690017, 690018, 690019, 690020, 690021, 690022, 690023, 690024, 690025, 690026, 690027, 690028, 690029, 690030, 690031, 690032, 690033, 690034, 690035, 690036, 690037, 690038, 690039, 690040, 690041, 690042, 690043, 690044, 690045, 690046, 690047, 690048, 690049, 690050, 690051, 690052, 690053, 690054, 690056, 690057];;46;;1179;105;
3107876;45.0835992;7.6678697;Via Capua;7;1337.25;Prima del 1919;E;0.0;0.0;Abitazione;Demanio;Dichiarazione di interesse culturale;Non Dichiarato;C8;2848.0;false;true;;6.5;1.5;2.0;1.0;2.0;3.0;3.0;3.0;3.0;4.0;3.0;['2020_102099_0141.xml', '2020_102099_0142.xml'];['2020_102099_0141.xml', '2020_102099_0142.xml'];[9289, 690067, 690068];01/04/2021;3;in locazione;1179;259;
3107877;45.0826547;7.6709471;via savigliano;7;878.0;Prima del 1919;;0.0;0.0;Abitazione;Patrimonio indisponibile;Nessuno;Alloggio di servizio, foresterie;C8;;false;true;;;;;;;2.0;2.0;2.0;2.0;3.0;2.0;[];[];[690074, 690075, 690076, 690077, 690078, 690079, 690080, 690081, 690082, 690083, 690084, 690085, 690086, 690087, 690088, 690089, 690090, 690091, 690092, 690093];;20;;1180;1;
3107878;45.080952;7.6733892;Via Maria Ausiliatrice;45;10418.0;Prima del 1919;;0.0;0.0;Abitazione;Demanio;Dichiarazione di interesse culturale;Alloggio di servizio, foresterie;C17;;false;true;;;;;;;3.0;3.0;3.0;3.0;4.0;3.0;[];[];[690109, 690110, 690111, 690112];;4;;1180;110;
3107879;45.0795804;7.6692918;Via Giambattista Balbis;19;398.0;Dal 1919 al 1945;;0.0;0.0;Abitazione;Patrimonio indisponibile;Nessuno;Altro;C8;;false;true;;;;;;;2.0;3.0;1.0;2.0;3.0;1.0;[];[];[690122, 690123, 690124, 690125, 690126, 690127, 690128, 690129, 690130, 690131];;10;;1180;202;
3107880;45.0798385;7.6726279;Corso Principe Eugenio;153;21026.0;Prima del 1919;;0.0;0.0;Ufficio strutturato ed assimilabili;Patrimonio indisponibile;Dichiarazione di interesse culturale;Non Dichiarato;C17;160281.0;false;true;;;;;;;3.0;3.0;3.0;3.0;4.0;3.0;[];[];[26672, 2814329];01/01/2017;2;in concessione a titolo oneroso;1180;229;
3107881;45.0797925;7.6722794;Corso Principe Eugenio;153;18445.14;Prima del 1919;;0.0;0.0;Ufficio strutturato ed assimilabili;Patrimonio indisponibile;Dichiarazione di interesse culturale;Non Dichiarato;C17;160280.0;false;true;;;;;;;3.0;3.0;3.0;3.0;4.0;3.0;[];[];[23524, 2814329];01/01/2017;2;in concessione a titolo oneroso;1180;230;
3107882;45.0797925;7.6722794;Corso Principe Eugenio;153;18445.14;Prima del 1919;;0.0;0.0;Ufficio strutturato ed assimilabili;Patrimonio indisponibile;Dichiarazione di interesse culturale;Non Dichiarato;C17;160280.0;false;true;;;;;;;3.0;3.0;3.0;3.0;4.0;3.0;[];[];[23524, 2814329];01/01/2017;2;in concessione a titolo oneroso;1180;231;
3107883;45.0792311;7.6718853;Corso Principe Eugenio;26;10542.0;Prima del 1919;;0.0;0.0;Ufficio strutturato ed assimilabili;Patrimonio indisponibile;Dichiarazione di interesse culturale;Non Dichiarato;C17;160281.0;false;true;;;;;;;3.0;3.0;3.0;3.0;4.0;3.0;[];[];[26672, 2814333];01/01/2019;2;in concessione a titolo oneroso;1180;232;
3107884;45.07914;7.6715759;Corso Principe Eugenio;26;13801.0;Prima del 1919;;0.0;0.0;Ufficio strutturato ed assimilabili;Patrimonio indisponibile;Nessuno;Non Dichiarato;C17;160281.0;false;true;;;;;;;3.0;3.0;2.0;2.0;3.0;2.0;[];[];[26672, 2732827, 2814333];01/01/2019;3;in concessione a titolo oneroso;1180;235;
3107885;45.0788284;7.6719367;via s. chiara;56;86.0;Dal 1946 al 1960;;0.0;0.0;Parcheggio collettivo;Patrimonio indisponibile;Nessuno;Altro;C17;;false;true;;;;;;;3.0;3.0;3.0;3.0;3.0;3.0;[];[];[690134, 690135];;2;;1180;245;
3107886;45.0785509;7.6719761;via s. chiara;56;438.0;Prima del 1919;F;0.0;0.0;Struttura residenziale collettiva (es.: collegi e convitti, educandati, ricoveri, orfanotrofi, ospizi, conventi, seminari);Patrimonio indisponibile;Nessuno;Altro;C17;3383.0;false;true;;6.0;1.0;2.0;1.0;2.0;3.0;3.0;3.0;3.0;4.0;3.0;['2019_102099_0005.xml', '2019_102099_0006.xml', '2019_102099_0007.xml', '2019_102099_0008.xml', '2019_102099_0009.xml', '2019_102099_0010.xml', '2019_102099_0011.xml', '2019_102099_0012.xml'];['2019_102099_0005.xml', '2019_102099_0006.xml', '2019_102099_0007.xml', '2019_102099_0008.xml', '2019_102099_0009.xml', '2019_102099_0010.xml', '2019_102099_0011.xml', '2019_102099_0012.xml'];[690138, 690139, 690142, 690145];01/01/2017;4;in locazione;1180;247;
3107887;45.0797925;7.6722794;Corso Principe Eugenio;153;18445.14;Prima del 1919;;0.0;0.0;Ufficio strutturato ed assimilabili;Patrimonio indisponibile;Dichiarazione di interesse culturale;Non Dichiarato;C17;160280.0;false;true;;;;;;;2.0;2.0;2.0;2.0;3.0;2.0;[];[];[23524, 2814329];01/01/2017;2;in concessione a titolo oneroso;1180;250;
3107888;45.0797925;7.6722794;Corso Principe Eugenio;153;18445.14;Prima del 1919;;0.0;0.0;Ufficio strutturato ed assimilabili;Patrimonio indisponibile;Dichiarazione di interesse culturale;Non Dichiarato;C17;160280.0;false;true;;;;;;;2.0;2.0;2.0;2.0;2.0;2.0;[];[];[23524, 2814329];01/01/2017;2;in concessione a titolo oneroso;1180;251;
3107889;45.0765962;7.6720666;Via del Carmine;23;5612.25;Prima del 1919;;0.0;0.0;Abitazione;Demanio;Dichiarazione di interesse culturale;Alloggio di servizio, foresterie;B5;;false;true;;;;;;;2.0;2.0;2.0;2.0;3.0;2.0;[];[];[690320, 690321, 690322, 690323];;4;;1180;403;
3107890;45.0789241;7.6681201;Via Giacinto Carena;6;1056.0;Prima del 1919;;0.0;0.0;Abitazione;Patrimonio indisponibile;Nessuno;Altro;C8;;false;true;;;;;;;2.0;2.0;2.0;2.0;2.0;2.0;[];[];[690324, 690325, 690326, 690327, 690328, 690329, 690330, 690331, 690332, 690333, 690334, 690335, 690336, 690337, 690338, 690339];;16;;1180;425;
3107891;45.0786543;7.6726279;Corso Principe Eugenio;26;10228.2;Prima del 1919;;0.0;0.0;Struttura residenziale collettiva (es.: collegi e convitti, educandati, ricoveri, orfanotrofi, ospizi, conventi, seminari);Patrimonio indisponibile;Dichiarazione di interesse culturale;Non Dichiarato;C17;160281.0;false;true;;;;;;;3.0;3.0;2.0;3.0;4.0;2.0;[];[];[26672, 2814338];01/01/2019;2;in concessione a titolo oneroso;1180;448;
3107892;45.0819826;7.6693394;via macerata;4;109.0;Dal 1946 al 1960;E;0.0;0.0;Abitazione;Patrimonio indisponibile;Nessuno;Altro;C8;;false;true;;9.0;2.0;4.0;1.0;2.0;2.0;3.0;2.0;2.0;3.0;2.0;['2022_213632_0094.xml'];['2022_213632_0094.xml'];[689292, 689293];;2;;1180;59;
3107893;45.0846113;7.6747167;Corso Ciriè;0;3518.25;Dal 1971 al 1980;;0.0;0.0;Edificio scolastico (es.: scuola di ogni ordine e grado, università, scuola di formazione);Patrimonio indisponibile;Nessuno;Attività didattica;C17;;false;true;;;;;;;3.0;3.0;3.0;3.0;4.0;3.0;[];[];[689294, 689295, 689296];;3;;1181;270;
3107894;45.0835106;7.67423;via sassari;5;366.0;Prima del 1919;;0.0;0.0;Abitazione;Patrimonio indisponibile;Nessuno;Altro;C17;;false;true;;;;;;;3.0;4.0;3.0;3.0;4.0;3.0;[];[];[689297, 689298, 689299, 689300, 689301, 689302, 689303, 689304];;8;;1181;76;
3107895;45.0846234;7.6855438;corso vercelli;15;3187.0;Dal 1981 al 1990;G;0.0;0.0;Magazzino e locali di deposito;Patrimonio indisponibile;Nessuno;Attività amministrativa/uffici pubblici;C19;;false;true;;6.0;1.0;2.0;1.0;2.0;4.0;4.0;3.0;3.0;4.0;3.0;['2021_106141_0052.xml'];['2021_106141_0052.xml'];[690378, 690379, 690380, 690381, 690382, 690383, 690384];;7;;1183;194;
3107896;45.085412;7.683531;Via Antonio Cecchi;2;17356.75;Dal 1971 al 1980;;0.0;0.0;Abitazione;Patrimonio indisponibile;Nessuno;Alloggio di servizio, foresterie;C19;;false;true;;;;;;;4.0;4.0;4.0;4.0;4.0;4.0;[];[];[689308, 689309, 689310, 689311, 689312];;5;;1183;202;
3107897;45.0869544;7.6840532;Via Generale Luigi Damiano;5;584.0;Dal 2001 al 2010;B;0.0;0.0;Abitazione;Patrimonio indisponibile;Nessuno;Altro;C19;;false;true;;9.5;3.5;2.0;2.0;2.0;3.0;3.0;3.0;3.0;3.0;3.0;['2021_311906_0071.xml', '2022_313751_0019.xml'];['2021_311906_0071.xml', '2022_313751_0019.xml'];[689317, 689318, 689319, 689321, 689322, 689323, 689324, 689326];;8;;1183;211;
3107898;45.0871327;7.6831132;Via Cuneo;72;5089.0;Dal 2001 al 2010;D;0.0;0.0;Abitazione;Patrimonio indisponibile;Nessuno;Altro;C19;;false;true;;7.636363636363637;2.6363636363636362;2.0;1.0;2.0;3.0;3.0;3.0;3.0;4.0;3.0;['2019_102351_0117.xml', '2019_102351_0118.xml', '2019_102351_0119.xml', '2019_102351_0120.xml', '2019_102351_0121.xml', '2019_102351_0122.xml', '2019_102351_0123.xml', '2019_102351_0124.xml', '2020_312661_0140.xml', '2020_312661_0141.xml', '2021_312661_0039.xml'];['2019_102351_0117.xml', '2019_102351_0118.xml', '2019_102351_0119.xml', '2019_102351_0120.xml', '2019_102351_0121.xml', '2019_102351_0122.xml', '2019_102351_0123.xml', '2019_102351_0124.xml', '2020_312661_0140.xml', '2020_312661_0141.xml', '2021_312661_0039.xml'];[689335, 689336, 689337, 689338, 689339, 689340, 689341, 689342, 689343, 689344, 689346, 689347, 689348, 689349, 689350, 689351, 689352, 689353, 689354, 689355, 689357, 689358, 689359, 689360, 689361, 689362, 689363, 689364, 689365, 689366, 689368, 689369, 689370, 689371, 689372, 689373, 689374, 689375, 689376, 689377, 689379, 689380, 689381, 689382, 689383, 689384, 689385, 689386, 689387, 689388, 689390, 689391, 689392, 689400, 689426, 689427, 689446, 689448, 689449, 689451, 689452, 689453, 689454, 689455, 689456, 689457, 689458, 689459, 689460, 689462, 689463, 689464, 689465, 689466, 689467, 689468, 689469, 689470, 689471, 689473, 689474, 689475, 689476, 689477, 689478, 689479, 689480, 689481, 689482];;89;;1183;220;
3107899;45.0861655;7.6816421;Via Antonio Cecchi;21;882.0;Dal 1919 al 1945;;0.0;0.0;Magazzino e locali di deposito;Patrimonio indisponibile;Nessuno;Altro;C19;;false;true;;;;;;;3.0;3.0;2.0;2.0;3.0;2.0;[];[];[2790333, 2790338];;2;;1183;227;
3107900;45.0856734;7.6863277;corso vercelli;19;329.0;Prima del 1919;E;0.0;0.0;Abitazione;Patrimonio indisponibile;Nessuno;Altro;C19;;false;true;;6.333333333333333;1.3333333333333333;2.0;1.0;2.0;3.0;3.0;2.0;3.0;3.0;2.0;['2019_103010_0038.xml', '2020_207949_0030.xml', '2022_112186_0003.xml'];['2019_103010_0038.xml', '2020_207949_0030.xml', '2022_112186_0003.xml'];[690556, 690557];;2;;1183;41;
3107901;45.0856123;7.6814519;Via Antonio Cecchi;11;2043.0;Dal 1919 al 1945;;0.0;0.0;Fabbricato per attività produttiva (industriale, artigianale o agricola);Patrimonio indisponibile;Nessuno;Altro;C19;;false;true;;;;;;;2.0;3.0;2.0;2.0;3.0;2.0;[];[];[690558, 690559, 690560, 690561];;4;;1183;71;
3107902;45.0859078;7.6819044;Via Antonio Cecchi;11;160.0;Dal 1919 al 1945;;0.0;0.0;Abitazione;Patrimonio indisponibile;Nessuno;Non Dichiarato;C19;7566.0;false;true;;;;;;;3.0;3.0;3.0;3.0;4.0;3.0;[];[];[690562, 690563, 690564];01/11/2021;3;in concessione a titolo oneroso;1183;73;
3107903;45.0855655;7.6820368;Via Antonio Cecchi;11;1812.71;Dal 1919 al 1945;;0.0;0.0;Abitazione;Patrimonio indisponibile;Nessuno;Altro;C19;;false;true;;;;;;;3.0;4.0;3.0;3.0;4.0;3.0;[];[];[690565, 690566, 690567, 690569, 690570, 690571, 690572];;7;;1183;78;
3107905;45.0832885;7.6886563;Corso Brescia;1;9363.75;Prima del 1919;;0.0;0.0;Abitazione;Demanio;Dichiarazione di interesse culturale;Alloggio di servizio, foresterie;C19;;false;true;;;;;;;3.0;3.0;3.0;3.0;4.0;3.0;[];[];[690777, 690778, 690779, 690780];;4;;1184;144;
3107906;45.0857137;7.6917508;Via Aosta;37;1250.0;Dal 1946 al 1960;;0.0;0.0;Abitazione;Patrimonio indisponibile;Nessuno;Altro;C19;;false;true;;;;;;;3.0;3.0;3.0;3.0;4.0;3.0;[];[];[689508, 689509, 689510, 689511, 689512, 689513, 689514, 689515, 689516, 689517, 689518, 689519, 689520, 689521, 689522, 689523, 689524, 689525, 689526, 689527, 689528, 689529, 689530, 689531, 689532];;25;;1184;3;
3107907;45.0852193;7.6912085;Via Aosta;31;1940.0;Dal 1946 al 1960;F;0.0;0.0;Abitazione;Patrimonio indisponibile;Nessuno;Altro;C19;;false;true;;6.461538461538462;1.4615384615384615;2.0;1.0;2.0;3.0;3.0;2.0;3.0;3.0;2.0;['2019_105263_0065.xml', '2019_200193_0067.xml', '2019_208347_0441.xml', '2019_212560_0077.xml', '2020_201485_0041.xml', '2020_203473_0019.xml', '2020_214142_0040.xml', '2021_105137_0004.xml', '2021_214142_0037.xml', '2021_214142_0094.xml', '2022_113184_0091.xml', '2022_200193_0105.xml', '2022_200193_0132.xml'];['2019_105263_0065.xml', '2019_200193_0067.xml', '2019_208347_0441.xml', '2019_212560_0077.xml', '2020_201485_0041.xml', '2020_203473_0019.xml', '2020_214142_0040.xml', '2021_105137_0004.xml', '2021_214142_0037.xml', '2021_214142_0094.xml', '2022_113184_0091.xml', '2022_200193_0105.xml', '2022_200193_0132.xml'];[689559, 689560, 689561, 689563, 689564, 689565, 689566, 689567, 689568, 689569, 689570, 689571, 689572, 689573, 689574, 689575, 689576, 689577, 689578, 689579, 689580, 689581, 689582, 689583, 689584, 689585, 689586, 689587, 689588, 689589, 689590, 689591, 689592, 689593, 689594, 689595, 689596];;37;;1184;5;
3107908;45.0854207;7.6874908;Via Carmagnola;16;1183.0;Dal 2001 al 2010;D;0.0;0.0;Abitazione;Patrimonio indisponibile;Nessuno;Altro;C19;;false;true;;8.0;3.0;2.0;1.0;2.0;3.0;3.0;3.0;3.0;4.0;3.0;['2022_113184_0012.xml', '2022_200542_0102.xml'];['2022_113184_0012.xml', '2022_200542_0102.xml'];[689688, 689689, 689690, 689691, 689692, 689693, 689694, 689695, 689696, 689697, 689698, 689699, 689700, 689701, 689702, 689703, 689704, 689705];;18;;1184;66;
3107909;45.0846546;7.6900988;Via Cardinale Gaetano Alimonda;2;1604.0;Dal 1981 al 1990;;0.0;0.0;Abitazione;Patrimonio indisponibile;Nessuno;Alloggio di servizio, foresterie;C19;;false;true;;;;;;;3.0;3.0;3.0;3.0;3.0;3.0;[];[];[690783, 690784];;2;;1184;8;
3107910;45.0827481;7.6923895;via pavia;17;1385.0;Dal 1919 al 1945;;0.0;0.0;Abitazione;Patrimonio disponibile;Nessuno;Attività amministrativa/uffici pubblici;C19;;false;true;;;;;;;3.0;3.0;3.0;3.0;3.0;3.0;[];[];[690787, 690788, 690789, 690790];;4;;1185;178;
3107911;45.0822683;7.696271;via bologna;74;12649.43;Dal 1971 al 1980;;0.0;0.0;Locale commerciale, negozio;Patrimonio indisponibile;Nessuno;Attività commerciale e di ristorazione;C19;;false;true;;;;;;;3.0;3.0;2.0;2.0;3.0;2.0;[];[];[690792, 690793, 690794, 690795, 690796, 690797, 690798];;7;;1185;247;
3107912;45.0832735;7.6950233;Via Bologna;47;11587.43;Prima del 1919;;0.0;0.0;Ufficio strutturato ed assimilabili;Demanio;Dichiarazione di interesse culturale;Attività amministrativa/uffici pubblici;C19;;false;true;;;;;;;2.0;2.0;2.0;2.0;3.0;2.0;[];[];[3468, 28523];;2;;1185;256;
3107913;45.0848216;7.6937501;via novi;2;217.0;Dal 1971 al 1980;;0.0;0.0;Abitazione;Patrimonio indisponibile;Nessuno;Alloggio di servizio, foresterie;C19;;false;true;;;;;;;3.0;3.0;3.0;3.0;4.0;3.0;[];[];[690805, 690806];;2;;1185;97;
3107914;45.08753959;7.69666841;Via Ternengo;48;4554.0;Dal 1991 al 2000;F;0.0;0.0;Abitazione;Patrimonio indisponibile;Nessuno;Altro;D20;;false;true;;6.0;1.0;2.0;1.0;2.0;4.0;4.0;4.0;4.0;4.0;4.0;['2020_312661_0119.xml'];['2020_312661_0119.xml'];[690811, 690822, 690830, 690831, 690832, 690833, 690834, 690835, 690836, 690837, 690838, 690839, 690840, 690841, 690842, 690843, 690844, 690845, 690846, 690847, 690848, 690849, 690850, 690851, 690852, 690853, 690854, 690855, 690856, 690857, 690858, 690859, 690860, 690861, 690862, 690863, 690864, 690865, 690866, 690867, 690869, 690870, 690871, 690872, 690873, 690874, 690875, 690876, 690877, 690878, 690880, 690881, 690882, 690912];;54;;1186;151;
3107915;45.0865403;7.6980193;Via Ruggero Leoncavallo;25;14623.97;Dal 1946 al 1960;;0.0;0.0;Struttura residenziale collettiva (es.: collegi e convitti, educandati, ricoveri, orfanotrofi, ospizi, conventi, seminari);Patrimonio indisponibile;Nessuno;Attività amministrativa/uffici pubblici;D20;;false;true;;;;;;;3.0;3.0;3.0;3.0;4.0;3.0;[];[];[691695, 691696, 691697, 691698, 691699, 691700];;6;;1186;155;
3107916;45.0872881;7.6974772;Via Bioglio;16;11647.0;Prima del 1919;E;0.0;0.0;Abitazione;Patrimonio indisponibile;Nessuno;Altro;D20;;false;true;;7.346153846153846;2.3461538461538463;2.0;1.0;2.0;2.0;2.0;2.0;2.0;2.0;2.0;['2019_213760_0042.xml', '2019_213760_0043.xml', '2019_213760_0044.xml', '2019_213760_0045.xml', '2020_312661_0089.xml', '2022_207895_0029.xml', '2022_313821_0048.xml', '2022_313821_0049.xml', '2022_313821_0050.xml', '2022_313821_0051.xml', '2022_313821_0052.xml', '2022_313821_0053.xml', '2022_313821_0054.xml', '2022_313821_0055.xml', '2022_313821_0056.xml', '2022_313821_0057.xml', '2022_313821_0058.xml', '2022_313821_0059.xml', '2022_313821_0060.xml', '2022_313821_0061.xml', '2022_313821_0062.xml', '2022_313821_0063.xml', '2022_313821_0064.xml', '2022_313821_0065.xml', '2022_313821_0066.xml', '2022_313821_0080.xml'];['2019_213760_0042.xml', '2019_213760_0043.xml', '2019_213760_0044.xml', '2019_213760_0045.xml', '2020_312661_0089.xml', '2022_207895_0029.xml', '2022_313821_0048.xml', '2022_313821_0049.xml', '2022_313821_0050.xml', '2022_313821_0051.xml', '2022_313821_0052.xml', '2022_313821_0053.xml', '2022_313821_0054.xml', '2022_313821_0055.xml', '2022_313821_0056.xml', '2022_313821_0057.xml', '2022_313821_0058.xml', '2022_313821_0059.xml', '2022_313821_0060.xml', '2022_313821_0061.xml', '2022_313821_0062.xml', '2022_313821_0063.xml', '2022_313821_0064.xml', '2022_313821_0065.xml', '2022_313821_0066.xml', '2022_313821_0080.xml'];[1115, 1116, 3469, 4204, 6260, 6817, 10804, 13464, 15274, 16187, 16188, 20159, 691708, 691709, 691710, 691711, 691712, 691713, 691714, 691715, 691716, 691717, 691718, 691719, 691720, 691721, 691722, 691723, 691724, 691725, 691726, 691727, 691728, 691729, 691730, 691731, 691732, 691733, 691734, 691735, 691736, 691737, 691738, 691739, 691740, 691741, 691742, 691743, 691744, 691745, 691746, 691747, 691748, 691749, 691750, 691751, 691753, 691754, 691755, 691756, 691757, 691758, 691759, 691760, 691761, 691762, 691763, 691764, 691765, 691766, 691767, 691768, 691769, 691770, 691771, 691772, 691773, 691774, 691775, 691776, 691777, 691778, 691779, 691780, 691781, 691782, 691784, 691795, 691806, 691817, 691828, 691839, 691850, 691861, 691872, 691883, 691894, 691905, 691916, 691927, 691938, 691949, 691960, 691967, 691968, 691969, 691970, 691971, 691972, 691973, 691974, 691975, 691976, 691977, 691978, 691979, 691980, 691981, 691982, 691983, 691984, 691985, 691986, 691987, 691988, 691989, 691990, 691991, 691992, 691993, 691994, 691995, 691996, 691997, 691998, 691999, 692000, 692001, 692002, 692003, 692004, 692005, 692006, 692007, 692008, 692009, 692010, 692011, 692012, 692013, 692014, 692015, 692016, 692017, 692018, 692019, 692020, 692021, 692022, 692023, 692024];;161;;1186;167;
3107917;45.0874199;7.7049243;Via Borriana;11;1021.0;Dal 1919 al 1945;F;0.0;0.0;Abitazione;Patrimonio indisponibile;Nessuno;Altro;D20;;false;true;;6.4;1.4;2.0;1.0;2.0;3.0;4.0;3.0;3.0;4.0;3.0;['2019_208347_0754.xml', '2022_109071_0010.xml', '2022_205282_0039.xml', '2022_207228_0073.xml', '2022_208572_0015.xml'];['2019_208347_0754.xml', '2022_109071_0010.xml', '2022_205282_0039.xml', '2022_207228_0073.xml', '2022_208572_0015.xml'];[692446, 692447, 692448, 692449, 692450, 692451, 692452, 692453, 692454, 692455, 692456, 692457, 692458, 692459, 692460];;15;;1188;10;
3107918;45.0870608;7.7049867;Via Bologna;139;598.0;Dal 1919 al 1945;F;0.0;0.0;Abitazione;Patrimonio indisponibile;Nessuno;Altro;D20;;false;true;;6.5;1.5;2.0;1.0;2.0;2.0;2.0;2.0;2.0;2.0;2.0;['2019_112837_0002.xml', '2019_204783_0006.xml', '2019_210200_0047.xml', '2022_109339_0014.xml'];['2019_112837_0002.xml', '2019_204783_0006.xml', '2019_210200_0047.xml', '2022_109339_0014.xml'];[692472, 692473, 692474, 692475, 692476, 692477, 692478, 692479, 692480];;9;;1188;11;
3107919;45.0876244;7.7054755;Via Caresana;5;1159.0;Dal 1919 al 1945;;0.0;0.0;Abitazione;Patrimonio indisponibile;Nessuno;Altro;D20;;false;true;;;;;;;2.0;2.0;3.0;2.0;3.0;2.0;[];[];[691307, 691308, 691309, 691310, 691311, 691312, 691313, 691314, 691315, 691316, 691317, 691318, 691320, 691321, 691322];;15;;1188;4;
3107920;45.0845722;7.7057968;Via Amilcare Ponchielli;68;203.0;Dal 1946 al 1960;;0.0;0.0;Abitazione;Patrimonio indisponibile;Nessuno;Alloggio di servizio, foresterie;D20;;false;true;;;;;;;3.0;3.0;3.0;3.0;3.0;3.0;[];[];[691355, 691356];;2;;1188;46;
3107921;45.0886447;7.7054337;via tollegno;83;8756.25;Dal 1971 al 1980;F;0.0;0.0;Abitazione;Patrimonio indisponibile;Nessuno;Alloggio di servizio, foresterie;D20;;false;true;;9.0;1.0;2.0;1.0;5.0;3.0;3.0;3.0;3.0;4.0;3.0;['2020_210026_0001.xml'];['2020_210026_0001.xml'];[691357, 691359];;2;;1188;51;
3107922;45.0895169;7.7044804;via petrella errico;40;392.0;Dal 1971 al 1980;;0.0;0.0;Abitazione;Patrimonio indisponibile;Nessuno;Alloggio di servizio, foresterie;D20;;false;true;;;;;;;1.0;1.0;1.0;1.0;1.0;1.0;[];[];[691361, 691362];;2;;1188;59;
3107923;45.0875386;7.705208;Via Borriana;6;1118.0;Dal 1919 al 1945;F;0.0;0.0;Abitazione;Patrimonio indisponibile;Nessuno;Altro;D20;;false;true;;6.6;1.6;2.0;1.0;2.0;2.0;2.0;2.0;2.0;3.0;2.0;['2020_112764_0030.xml', '2020_212629_1059.xml', '2021_202078_0165.xml', '2021_205329_0058.xml', '2021_205329_0061.xml'];['2020_112764_0030.xml', '2020_212629_1059.xml', '2021_202078_0165.xml', '2021_205329_0058.xml', '2021_205329_0061.xml'];[691363, 691364, 691365, 691366, 691367, 691368, 691369, 691370, 691371, 691372, 691373, 691374, 691375, 691376, 691377];;15;;1188;6;
3107924;45.088011;7.7062151;via bologna;153;1397.75;Dal 1971 al 1980;E;0.0;0.0;Edificio scolastico (es.: scuola di ogni ordine e grado, università, scuola di formazione);Patrimonio indisponibile;Nessuno;Attività amministrativa/uffici pubblici;D20;;false;true;;7.0;2.0;2.0;1.0;2.0;3.0;3.0;3.0;3.0;3.0;3.0;['2019_102341_0004.xml'];['2019_102341_0004.xml'];[692512, 692513, 692515];;3;;1188;62;
3107925;45.0872472;7.7056482;Via Bologna;147;765.0;Dal 1919 al 1945;E;0.0;0.0;Abitazione;Patrimonio indisponibile;Nessuno;Altro;D20;;false;true;;7.0;2.0;2.0;1.0;2.0;3.0;3.0;2.0;2.0;3.0;2.0;['2020_205065_0003.xml'];['2020_205065_0003.xml'];[692521, 692522, 692523, 692524, 692525, 692526, 692527, 692528, 692529, 692530, 692531, 692532];;12;;1188;7;
3107926;45.0872988;7.7046685;Via Niccolò Paganini;40;593.0;Dal 1919 al 1945;F;0.0;0.0;Abitazione;Patrimonio indisponibile;Nessuno;Altro;D20;;false;true;;6.666666666666667;1.0;2.6666666666666665;1.0;2.0;3.0;3.0;3.0;3.0;3.0;3.0;['2019_207949_0018.xml', '2020_109395_0082.xml', '2021_106141_0027.xml'];['2019_207949_0018.xml', '2020_109395_0082.xml', '2021_106141_0027.xml'];[692543, 692545, 692546, 692547, 692548, 692549, 692550, 692551];;8;;1188;8;
3107927;45.0873612;7.7183131;Strada alla Manifattura Tabacchi;32;621.0;Dal 1971 al 1980;;0.0;0.0;Abitazione;Patrimonio indisponibile;Nessuno;Attività amministrativa/uffici pubblici;D21;;false;true;;;;;;;3.0;4.0;3.0;3.0;4.0;3.0;[];[];[692560, 692561, 692562];;3;;1190;24;
3107928;45.017904;7.6622188;via nizza;395;4885.75;Dal 1919 al 1945;;0.0;0.0;Abitazione;Patrimonio indisponibile;Nessuno;Alloggio di servizio, foresterie;D16;;false;true;;;;;;;2.0;3.0;2.0;2.0;3.0;2.0;[];[];[2892, 691409];;2;;120;396;
3107929;45.017904;7.6622188;via nizza;395;4821.75;Dal 1919 al 1945;;0.0;0.0;Abitazione;Patrimonio indisponibile;Nessuno;Alloggio di servizio, foresterie;D16;;false;true;;;;;;;2.0;2.0;2.0;2.0;2.0;2.0;[];[];[2892, 691410];;2;;120;397;
3107930;45.076558;7.7394235;Strada Comunale di Mongreno;79;266.0;Dal 1991 al 2000;E;0.0;0.0;Abitazione;Patrimonio disponibile;Nessuno;Altro;E2;;false;true;;6.666666666666667;1.6666666666666667;2.0;1.0;2.0;2.0;2.0;3.0;2.0;2.0;2.0;['2019_108905_0068.xml', '2019_112348_0035.xml', '2022_205195_0109.xml'];['2019_108905_0068.xml', '2019_112348_0035.xml', '2022_205195_0109.xml'];[691420, 691421];;2;;1204;98;
3107931;45.078427;7.7380451;Strada Alta di Mongreno;53;3598.5;Dal 1919 al 1945;;0.0;0.0;Edificio scolastico (es.: scuola di ogni ordine e grado, università, scuola di formazione);Demanio;Dichiarazione di interesse culturale;Attività didattica;E2;;false;true;;;;;;;2.0;3.0;2.0;2.0;3.0;2.0;[];[];[691422, 691423, 691424];;3;;1207;280;
3107932;45.0767279;7.7382279;Strada Alta di Mongreno;72;509.0;Prima del 1919;;0.0;0.0;Abitazione;Demanio;Dichiarazione di interesse culturale;Alloggio di servizio, foresterie;E2;;false;true;;;;;;;1.0;1.0;1.0;1.0;1.0;1.0;[];[];[14393, 691426, 691427];;3;;1207;438;
3107933;45.0764667;7.73004;Via Alfredo Catalani;4;4549.25;Dal 1971 al 1980;;0.0;0.0;Abitazione;Patrimonio indisponibile;Nessuno;Alloggio di servizio, foresterie;C11;;false;true;;;;;;;3.0;3.0;3.0;3.0;4.0;3.0;[];[];[691428, 691429];;2;;1207;482;
3107934;45.0791468;7.7175171;via ragazzoni ernesto;5;4081.0;Dal 1971 al 1980;;0.0;0.0;Abitazione;Patrimonio indisponibile;Nessuno;Alloggio di servizio, foresterie;D21;;false;true;;;;;;;3.0;3.0;2.0;2.0;3.0;2.0;[];[];[691436, 691437];;2;;1211;35;
3107935;45.0761875;7.7016374;Via Carlo Michele Buscalioni;23;473.0;Prima del 1919;;0.0;0.0;Abitazione;Patrimonio indisponibile;Nessuno;Attività amministrativa/uffici pubblici;C18;;false;true;;;;;;;4.0;4.0;4.0;4.0;4.0;4.0;[];[];[691446, 691447, 691448];;3;;1212;102;
3107936;45.0759155;7.7057357;Via Alfonso Varano;1;96.0;Dal 1919 al 1945;;0.0;0.0;Abitazione;Patrimonio indisponibile;Nessuno;Attività amministrativa/uffici pubblici;D21;;false;true;;;;;;;4.0;4.0;4.0;4.0;4.0;4.0;[];[];[692779, 692780];;2;;1212;127;
3107937;45.0766816;7.7022872;CORSO NOVARA;SNC;217.0;Prima del 1919;;0.0;0.0;Magazzino e locali di deposito;Patrimonio indisponibile;Nessuno;Attività amministrativa/uffici pubblici;C18;;false;true;;;;;;;1.0;1.0;1.0;1.0;1.0;1.0;[];[];[692784, 692785];;2;;1212;138;
3107938;45.078287;7.699772;Via Carlo Michele Buscalioni;3;231.0;Prima del 1919;;0.0;0.0;Abitazione;Patrimonio indisponibile;Nessuno;Attività amministrativa/uffici pubblici;C18;;false;true;;;;;;;2.0;2.0;2.0;2.0;3.0;2.0;[];[];[691454, 691457];;2;;1212;53;
3107941;45.07863;7.6908369;Lungo Dora Firenze;51;590.0;Prima del 1919;D;0.0;0.0;Abitazione;Demanio;Dichiarazione di interesse culturale;Alloggio di servizio, foresterie;C18;;false;true;;8.0;3.0;2.0;1.0;2.0;2.0;2.0;2.0;2.0;2.0;2.0;['2021_106141_0039.xml'];['2021_106141_0039.xml'];[11920, 692901, 692902];;3;;1213;12;
3107942;45.0787518;7.6903747;Via Ancona;0;230.0;Prima del 1919;;0.0;0.0;Abitazione;Demanio;Dichiarazione di interesse culturale;Alloggio di servizio, foresterie;C18;;false;true;;;;;;;2.0;3.0;2.0;2.0;3.0;2.0;[];[];[691469, 691470, 691471];;3;;1213;9;
3107943;45.08247123;7.68654045;corso giulio cesare;23 Bis;301.0;Dal 1946 al 1960;;0.0;0.0;Abitazione;Patrimonio indisponibile;Nessuno;Altro;C19;;false;true;;;;;;;2.0;2.0;2.0;2.0;3.0;2.0;[];[];[691476, 691477, 691478, 691479];;4;;1214;57;
3107944;45.0792997;7.6839347;via s. simone;5;852.25;Prima del 1919;;0.0;0.0;Abitazione;Patrimonio indisponibile;Nessuno;Alloggio di servizio, foresterie;C17;;false;true;;;;;;;3.0;4.0;3.0;3.0;4.0;3.0;[];[];[691623, 691624];;2;;1215;114;
3107945;45.082552;7.6819004;via s. pietro in vincoli;28;914.6;Prima del 1919;;0.0;0.0;Abitazione;Demanio;Dichiarazione di interesse culturale;Non Dichiarato;C17;13720.0;false;true;;;;;;;2.0;3.0;2.0;2.0;3.0;2.0;[];[];[691625, 691626];01/01/2022;2;in concessione a titolo oneroso;1215;123;
3107946;45.0817319;7.6829121;Piazza Borgo Dora;61;12340.65;Prima del 1919;E;0.0;0.0;Edificio scolastico (es.: scuola di ogni ordine e grado, università, scuola di formazione);Demanio;Dichiarazione di interesse culturale;Altro;C17;142.0;false;true;;7.5;2.1666666666666665;2.3333333333333335;1.0;2.0;3.0;4.0;3.0;3.0;4.0;3.0;['2019_101408_0029.xml', '2022_203057_0016.xml', '2022_203057_0053.xml', '2022_205727_0009.xml', '2022_205727_0010.xml', '2022_215398_0019.xml'];['2019_101408_0029.xml', '2022_203057_0016.xml', '2022_203057_0053.xml', '2022_205727_0009.xml', '2022_205727_0010.xml', '2022_215398_0019.xml'];[388082, 388085, 388086, 388087, 388088, 388089, 388090, 388091, 388095, 2732834];01/03/1997;10;in concessione a titolo oneroso;1215;136;
3107947;45.0811624;7.6822713;Via Vittorio Andreis;18;4121.9;Prima del 1919;;0.0;0.0;Edificio scolastico (es.: scuola di ogni ordine e grado, università, scuola di formazione);Demanio;Dichiarazione di interesse culturale;Attività didattica;C17;;false;true;;;;;;;2.0;3.0;2.0;2.0;3.0;2.0;[];[];[691629, 691630, 691631, 691632, 691633];;5;;1215;39;
3107948;45.0770981;7.688346;Via Giovanni Antonio Bazzi;4;10139.0;Dal 1919 al 1945;;0.0;0.0;Abitazione;Patrimonio indisponibile;Nessuno;Attività amministrativa/uffici pubblici;C17;;false;true;;;;;;;3.0;2.0;3.0;3.0;2.0;3.0;[];[];[691639, 691640];;2;;1216;141;
3107949;45.0783314;7.6832519;via lanino bernardino;3;1753.0;Prima del 1919;;0.0;0.0;Abitazione;Patrimonio indisponibile;Nessuno;Altro;C17;903.0;false;true;;;;;;;3.0;3.0;3.0;3.0;4.0;3.0;[];[];[691647, 691648, 691649, 691650, 691651, 691652, 691653, 691654, 691655, 691656, 691657, 691658, 691659, 691660, 691661, 691662, 691663, 691666, 691667];03/05/2019;19;in concessione a titolo oneroso;1217;12;
3107950;45.0764764;7.6825208;Piazza della Repubblica;27;1200.86;Prima del 1919;;0.0;0.0;Abitazione;Patrimonio indisponibile;Nessuno;Attività amministrativa/uffici pubblici;C17;;false;true;;;;;;;3.0;4.0;3.0;3.0;4.0;3.0;[];[];[691678, 691679, 691680];;3;;1217;163;
3107951;45.0759807;7.683993;Piazza della Repubblica;26;498.0;Prima del 1919;G;0.0;0.0;Locale commerciale, negozio;Patrimonio indisponibile;Dichiarazione di interesse culturale;Attività commerciale e di ristorazione;C17;;false;true;;6.0;1.0;2.0;1.0;2.0;2.0;3.0;2.0;2.0;3.0;2.0;['2019_212629_0404.xml'];['2019_212629_0404.xml'];[693054, 693055, 693056, 693057, 693058, 693059];;6;;1217;165;
3107952;45.0756668;7.684525;Piazza della Repubblica;6;4358.0;Prima del 1919;;0.0;0.0;Abitazione;Patrimonio indisponibile;Dichiarazione di interesse culturale;Altro;C17;710.0;false;true;;;;;;;3.0;4.0;3.0;3.0;4.0;3.0;[];[];[693247, 693248, 693249, 693250, 693251, 693252, 693253, 693254, 693255, 693256, 693257, 693258, 693259, 693260, 693261, 693262, 693263, 693264, 693265, 693266, 693267, 693268, 693269, 693270, 693271, 693272, 693273, 693274, 693275, 693276, 693296];01/01/2022;31;in concessione a titolo oneroso;1217;166;
3107953;45.0780164;7.6829377;Piazza della Repubblica;13;1211.0;Prima del 1919;;0.0;0.0;Abitazione;Patrimonio indisponibile;Nessuno;Non Dichiarato;C17;;false;true;;;;;;;4.0;4.0;4.0;4.0;4.0;4.0;[];[];[692913, 692917, 692919, 692920, 692922, 692923, 692924, 692925, 692926, 692927, 692928, 692929, 692930, 692931, 692932, 692933, 692934, 692935, 692936, 692937, 692938, 692940];;22;;1217;17;
3107954;45.0754578;7.6845727;Piazza della Repubblica;8;253.0;Prima del 1919;;0.0;0.0;Magazzino e locali di deposito;Patrimonio indisponibile;Dichiarazione di interesse culturale;Altro;C17;;false;true;;;;;;;3.0;3.0;2.0;3.0;4.0;2.0;[];[];[692968, 692969, 692970];;3;;1217;174;
3107956;45.0759132;7.6811059;Via Franco Bonelli;4;692.0;Prima del 1919;;0.0;0.0;Abitazione;Patrimonio indisponibile;Nessuno;Altro;B5;;false;true;;;;;;;2.0;2.0;2.0;2.0;2.0;2.0;[];[];[4779, 5094, 15291, 22185, 22354];;5;;1217;204;
3107957;45.0759132;7.6811059;Via Franco Bonelli;4;692.0;Prima del 1919;;0.0;0.0;Abitazione;Patrimonio indisponibile;Nessuno;Altro;B5;;false;true;;;;;;;2.0;2.0;2.0;2.0;2.0;2.0;[];[];[4779, 5094, 15291, 22185, 22354];;5;;1217;207;
3107958;45.076102;7.6814876;Piazza Emanuele Filiberto;3;443.0;Prima del 1919;;0.0;0.0;Abitazione;Patrimonio indisponibile;Nessuno;Altro;B5;;false;true;;;;;;;2.0;2.0;3.0;2.0;2.0;2.0;[];[];[693299, 693300, 693301, 693302, 693303];;5;;1217;208;
3107959;45.0760111;7.6817108;Piazza Emanuele Filiberto;1;1870.0;Prima del 1919;;0.0;0.0;Abitazione;Patrimonio indisponibile;Nessuno;Altro;B5;;false;true;;;;;;;2.0;3.0;2.0;2.0;3.0;2.0;[];[];[24636, 24899, 26231, 26653, 693304, 693305, 693306, 693307, 693308, 693309, 693310, 693311, 693312, 693313, 693314, 693315, 693316, 693317, 693318, 693319];;20;;1217;210;
3107960;45.075871;7.6814519;Via Franco Bonelli;0;1165.0;Prima del 1919;;0.0;0.0;Abitazione;Patrimonio indisponibile;Nessuno;Altro;B5;;false;true;;;;;;;2.0;2.0;2.0;2.0;3.0;2.0;[];[];[24636, 24899, 26231, 26653, 693012, 693013, 693014, 693015, 693016, 693017, 693018, 693019, 693020];;13;;1217;211;
3107961;45.0758239;7.6816937;Via Gian Francesco Bellezia;35;531.0;Prima del 1919;;0.0;0.0;Abitazione;Patrimonio indisponibile;Nessuno;Altro;B5;;false;true;;;;;;;2.0;2.0;2.0;2.0;2.0;2.0;[];[];[693027, 693028, 693029, 693030];;4;;1217;212;
3107962;45.0777899;7.6847703;Piazza Don Paolo Albera;11;1185.0;Prima del 1919;;0.0;0.0;Abitazione;Patrimonio indisponibile;Nessuno;Altro;C17;;false;true;;;;;;;3.0;3.0;2.0;2.0;3.0;2.0;[];[];[693345, 693346, 693347, 693348, 693349, 693350, 693351, 693352, 693353, 693354, 693355, 693356];;12;;1217;41;
3107963;45.0775785;7.6846441;Piazza Albera Don Paolo;9;411.0;Dal 1961 al 1970;C;0.0;0.0;Abitazione;Patrimonio indisponibile;Nessuno;Altro;C17;;false;true;;8.0;3.0;2.0;1.0;2.0;2.0;2.0;2.0;2.0;2.0;2.0;['2020_203407_0015.xml'];['2020_203407_0015.xml'];[693371, 693372, 693373, 693374];;4;;1217;42;
3107964;45.0772002;7.6852639;Via Clemente Damiano Priocca;3;1874.0;Prima del 1919;;0.0;0.0;Abitazione;Patrimonio indisponibile;Nessuno;Altro;C17;;false;true;;;;;;;4.0;4.0;4.0;4.0;4.0;4.0;[];[];[693376, 693377, 693381, 693382, 693383, 693384, 693385, 693386, 693387, 693388, 693389, 693390, 693391, 693392, 693393, 693394, 693395, 693396, 693397, 693398, 693399, 693400, 693401, 693402, 693403, 693404, 693405, 693406, 693407, 2668166, 2842590, 2842591];;32;;1217;46;
3107965;45.07846;7.6829134;via lanino bernardino;3;1881.0;Prima del 1919;;0.0;0.0;Abitazione;Patrimonio indisponibile;Nessuno;Altro;C17;2542.0;false;true;;;;;;;3.0;3.0;3.0;3.0;4.0;3.0;[];[];[693538, 693539, 693540, 693541, 693542, 693543, 693544, 693545, 693546, 693547, 693548, 693549, 693550, 693551, 693552, 693553, 693554, 693555];01/04/2021;18;in concessione a titolo oneroso;1217;6;
3107966;45.0769325;7.6772792;Via Bligny;19;476.0;Dal 1946 al 1960;;0.0;0.0;Abitazione;Patrimonio indisponibile;Nessuno;Attività amministrativa/uffici pubblici;B5;;false;true;;;;;;;3.0;3.0;3.0;3.0;3.0;3.0;[];[];[26534, 693439];;2;;1218;124;
3107968;45.0797746;7.6778351;Via San Giuseppe Benedetto Cottolengo;25;407.0;Prima del 1919;;0.0;0.0;Abitazione;Patrimonio indisponibile;Nessuno;Altro;C17;;false;true;;;;;;;3.0;3.0;3.0;3.0;4.0;3.0;[];[];[23346, 23347, 24637, 26000, 26841, 27069, 693479];;7;;1218;45;
3107969;45.0790252;7.6781556;corso regina margherita;158;3183.0;Prima del 1919;;0.0;0.0;Abitazione;Patrimonio indisponibile;Nessuno;Altro;C17;;false;true;;;;;;;3.0;4.0;3.0;3.0;4.0;3.0;[];[];[693497, 693498, 693499, 693500, 693501, 693502, 693503, 693504, 693505, 693506, 693507, 693508, 693509, 693510, 693511, 693512, 693513, 693514, 693515, 693516, 693517, 693518, 693519, 693520, 693521, 693522, 693523, 693524, 693525, 693526];;30;;1218;61;
3107970;45.0757479;7.6782418;Via della Consolata;10;10153.43;Dal 1919 al 1945;;0.0;0.0;Ufficio strutturato ed assimilabili;Demanio;Dichiarazione di interesse culturale;Attività amministrativa/uffici pubblici;B5;;false;true;;;;;;;3.0;3.0;3.0;3.0;4.0;3.0;[];[];[693562, 693564];;2;;1219;25;
3107971;45.0752932;7.6798428;via s. agostino;15;377.0;Prima del 1919;;0.0;0.0;Abitazione;Patrimonio indisponibile;Nessuno;Altro;B5;;false;true;;;;;;;3.0;3.0;3.0;3.0;4.0;3.0;[];[];[9836, 10314, 694444, 694445];;4;;1219;35;
3107972;45.0751377;7.6801036;via s. agostino;15;674.0;Prima del 1919;;0.0;0.0;Abitazione;Patrimonio indisponibile;Nessuno;Altro;B5;;false;true;;;;;;;3.0;3.0;3.0;3.0;3.0;3.0;[];[];[9836, 12233, 694449, 694450, 694451, 694452, 694453, 694454, 694455];;9;;1219;37;
3107973;45.0751722;7.6798657;Via San Domenico;16;583.0;Prima del 1919;E;0.0;0.0;Abitazione;Patrimonio indisponibile;Nessuno;Altro;B5;;false;true;;6.5;1.5;2.0;1.0;2.0;3.0;3.0;3.0;3.0;4.0;3.0;['2019_202724_0018.xml', '2022_214073_0018.xml'];['2019_202724_0018.xml', '2022_214073_0018.xml'];[693765, 693766, 693767, 693768, 693769, 693770, 693771];;7;;1219;44;
3107974;45.0761227;7.6747337;Via del Carmine;12;6143.71;Prima del 1919;;0.0;0.0;Biblioteca, pinacoteca, museo, gallerie;Patrimonio indisponibile;Dichiarazione di interesse culturale;Attività artistica e culturale;B5;151228.0;false;true;;;;;;;3.0;3.0;3.0;3.0;4.0;3.0;[];[];[693780, 693781];07/06/2017;2;in concessione a titolo oneroso;1219;57;
3107976;45.0758147;7.6744918;Via del Carmine;13;3123.0;Prima del 1919;;0.0;0.0;Abitazione;Patrimonio indisponibile;Dichiarazione di interesse culturale;Attività artistica e culturale;B5;;false;true;;;;;;;2.0;3.0;2.0;2.0;3.0;2.0;[];[];[694461, 694462];;2;;1219;89;
3107978;45.0723838;7.6726557;Via Cernaia;30;682.0;Dal 1919 al 1945;B;0.0;0.0;Abitazione;Patrimonio indisponibile;Nessuno;Altro;B5;;false;true;;8.4;2.6;2.0;1.8;2.0;3.0;3.0;3.0;3.0;3.0;3.0;['2019_102945_0130.xml', '2019_102945_0131.xml', '2019_106512_0010.xml', '2019_108388_0006.xml', '2019_203879_0001.xml', '2020_113482_0001.xml', '2020_200297_0059.xml', '2020_209934_0017.xml', '2020_209934_0018.xml', '2020_209934_0034.xml', '2020_209934_0035.xml', '2020_209934_0036.xml', '2020_209934_0037.xml', '2020_212533_0283.xml', '2022_202439_0008.xml'];['2019_102945_0130.xml', '2019_102945_0131.xml', '2019_106512_0010.xml', '2019_108388_0006.xml', '2019_203879_0001.xml', '2020_113482_0001.xml', '2020_200297_0059.xml', '2020_209934_0017.xml', '2020_209934_0018.xml', '2020_209934_0034.xml', '2020_209934_0035.xml', '2020_209934_0036.xml', '2020_209934_0037.xml', '2020_212533_0283.xml', '2022_202439_0008.xml'];[12624, 694507, 694508, 694509];;4;;1220;212;
3107979;45.0746245;7.6735442;Via Giovanni Ambrogio Bertrandi;10;3072.0;Dal 1961 al 1970;;0.0;0.0;Abitazione;Patrimonio indisponibile;Nessuno;Attività artistica e culturale;B5;;false;true;;;;;;;3.0;3.0;2.0;2.0;3.0;2.0;[];[];[693797, 693798];;2;;1220;50;
3107981;45.0725685;7.6589902;Via Giacinto Collegno;65;1936.0;Dal 1946 al 1960;;0.0;0.0;Abitazione;Patrimonio indisponibile;Nessuno;Alloggio di servizio, foresterie;C7;;false;true;;;;;;;3.0;4.0;3.0;3.0;4.0;3.0;[];[];[693885, 693886];;2;;1222;338;
3107982;45.072375;7.6595812;via palmieri pietro;56;5077.0;Prima del 1919;;0.0;0.0;Abitazione;Demanio;Dichiarazione di interesse culturale;Alloggio di servizio, foresterie;C7;;false;true;;;;;;;3.0;3.0;3.0;3.0;4.0;3.0;[];[];[20229, 694512, 694513];;3;;1222;348;
3107983;45.0691238;7.6560616;Via Nino Bixio;56;2250.1400000000003;Prima del 1919;;0.0;0.0;Abitazione;Demanio;Dichiarazione di interesse culturale;Attività amministrativa/uffici pubblici;C6;;false;true;;;;;;;2.0;3.0;2.0;2.0;3.0;2.0;[];[];[694515, 694516, 694517];;3;;1222;473;
3107984;45.068847;7.6568281;Via Nino Bixio;44;1445.43;Prima del 1919;;0.0;0.0;Abitazione;Demanio;Dichiarazione di interesse culturale;Alloggio di servizio, foresterie;C6;;false;true;;;;;;;3.0;4.0;3.0;3.0;4.0;3.0;[];[];[694518, 694519];;2;;1222;477;
3107985;45.0747652;7.6544966;Via Bruino;14;6728.25;Dal 1971 al 1980;;0.0;0.0;Edificio scolastico (es.: scuola di ogni ordine e grado, università, scuola di formazione);Demanio;Dichiarazione di interesse culturale;Altro;C22;20402.0;false;true;;;;;;;3.0;3.0;3.0;3.0;4.0;3.0;[];[];[12234, 694521];01/01/2012;2;in concessione a titolo oneroso;1223;9;
3107986;45.06810593;7.64839005;Via Revello;34;187.0;Dal 1946 al 1960;;0.0;0.0;Abitazione;Patrimonio indisponibile;Nessuno;Non Dichiarato;C23;;false;true;;;;;;;3.0;3.0;3.0;3.0;4.0;3.0;[];[];[694524, 694525];;2;;1224;287;
3107987;45.07144708;7.6472494;corso racconigi;29;7767.0;Prima del 1919;;0.0;0.0;Abitazione;Demanio;Dichiarazione di interesse culturale;Alloggio di servizio, foresterie;C23;;false;true;;;;;;;3.0;3.0;3.0;3.0;4.0;3.0;[];[];[278, 694526, 694527];;3;;1224;394;
3107988;45.07019205;7.64694128;corso racconigi;43;650.0;Dal 1961 al 1970;;0.0;0.0;Magazzino e locali di deposito;Patrimonio disponibile;Nessuno;Attività commerciale e di ristorazione;C23;;false;true;;;;;;;4.0;4.0;4.0;4.0;4.0;4.0;[];[];[693906, 693907, 693908];;3;;1224;457;
3107989;45.06857107;7.64715144;via vigone;80;253.71;Prima del 1919;;0.0;0.0;Abitazione;Demanio;Dichiarazione di interesse culturale;Attività amministrativa/uffici pubblici;C23;;false;true;;;;;;;2.0;3.0;2.0;2.0;3.0;2.0;[];[];[693910, 693911];;2;;1224;514;
3107990;45.06943207;7.64844938;via moretta;18;2075.93;Prima del 1919;C;0.0;0.0;Edificio scolastico (es.: scuola di ogni ordine e grado, università, scuola di formazione);Patrimonio indisponibile;Nessuno;Attività amministrativa/uffici pubblici;C23;;false;true;;8.0;3.0;2.0;1.0;2.0;2.0;3.0;2.0;2.0;3.0;2.0;['2019_106141_0184.xml'];['2019_106141_0184.xml'];[388185, 388187];;2;;1224;536;
3107991;45.06986552;7.64782467;corso racconigi;51;4736.5;Dal 1991 al 2000;;0.0;0.0;Locale commerciale, negozio;Patrimonio disponibile;Nessuno;Attività commerciale e di ristorazione;C23;;false;true;;;;;;;2.0;3.0;2.0;2.0;3.0;2.0;[];[];[388188, 388189, 388190, 388191, 388192, 388193, 388194, 388195, 388196, 388197, 388198, 388199, 388200, 388201, 388202, 388203, 388204, 388205, 388206, 388207, 388209, 388210, 388211, 388212, 388213, 388214, 388215, 388216, 388217, 388218, 388223, 388224];;32;;1224;546;
3107992;45.0734471;7.6449315;Via Villar Focchiardo;16;6991.0;Dal 1981 al 1990;E;0.0;0.0;Abitazione;Patrimonio indisponibile;Nessuno;Alloggio di servizio, foresterie;C22;;false;true;;10.0;2.0;2.0;1.0;5.0;3.0;4.0;3.0;3.0;4.0;3.0;['2022_104067_0016.xml'];['2022_104067_0016.xml'];[694623, 694624, 694625, 694626];;4;;1225;966;
3107993;45.0741161;7.6262041;corso peschiera;370;6192.75;Dal 1919 al 1945;;0.0;0.0;Abitazione;Demanio;Dichiarazione di interesse culturale;Alloggio di servizio, foresterie;D26;;false;true;;;;;;;3.0;3.0;3.0;3.0;4.0;3.0;[];[];[694630, 694631];;2;;1227;27;
3107994;45.0712303;7.6268469;Via Giovanni Fattori;113;1252.5;Dal 1971 al 1980;;0.0;0.0;Abitazione;Patrimonio indisponibile;Nessuno;Alloggio di servizio, foresterie;D26;;false;true;;;;;;;2.0;2.0;2.0;2.0;3.0;2.0;[];[];[694637, 694638];;2;;1227;399;
3107995;45.0739498;7.6272094;corso francia;285 A;249.25;Dal 1946 al 1960;;0.0;0.0;Edificio scolastico (es.: scuola di ogni ordine e grado, università, scuola di formazione);Patrimonio indisponibile;Nessuno;Altro;D26;2056.0;false;true;;;;;;;3.0;3.0;3.0;3.0;4.0;3.0;[];[];[694645, 694648];01/04/2019;2;in concessione a titolo oneroso;1227;464;
3107996;45.0717388;7.6279282;via marsigli luigi ferdinando;12;1123.6;Dal 1981 al 1990;;0.0;0.0;Fabbricato per attività produttiva (industriale, artigianale o agricola);Patrimonio indisponibile;Nessuno;Servizi assistenza socio-sanitaria (non residenziali);D26;;false;true;;;;;;;4.0;4.0;4.0;4.0;4.0;4.0;[];[];[694654, 694655, 694656, 694657, 694658];;5;;1227;466;
3107997;45.0705123;7.628937;Via Giovanni Fattori;25;5187.25;Dal 1971 al 1980;;0.0;0.0;Abitazione;Patrimonio indisponibile;Nessuno;Alloggio di servizio, foresterie;D26;;false;true;;;;;;;3.0;3.0;3.0;3.0;4.0;3.0;[];[];[16213, 694665];;2;;1228;117;
3107998;45.0698584;7.6273772;Via Vasile Alecsandri;29;242.0;Dal 1971 al 1980;;0.0;0.0;Locale commerciale, negozio;Patrimonio indisponibile;Nessuno;Attività commerciale e di ristorazione;D26;;false;true;;;;;;;2.0;2.0;2.0;2.0;2.0;2.0;[];[];[693922, 693926, 693928];;3;;1228;158;
3107999;45.0684792;7.6307726;Via Onorato Castellino;10;3644.75;Dal 1971 al 1980;;0.0;0.0;Abitazione;Patrimonio indisponibile;Nessuno;Alloggio di servizio, foresterie;D26;;false;true;;;;;;;4.0;4.0;4.0;4.0;4.0;4.0;[];[];[693935, 693936];;2;;1228;96;
3108000;45.06869604;7.62058615;VIA POSTUMIA;28;5554.0;Dal 1971 al 1980;G;0.0;0.0;Abitazione;Patrimonio indisponibile;Nessuno;Attività didattica;D25;;false;true;;6.0;1.0;2.0;1.0;2.0;3.0;3.0;2.0;2.0;3.0;2.0;['2022_103892_0002.xml'];['2022_103892_0002.xml'];[693940, 693941, 2859478, 2859479, 2859480];;5;;1229;325;
3108001;45.02966;7.68779;via nuova;2;1566.0;Prima del 1919;;0.0;0.0;Abitazione;Patrimonio indisponibile;Nessuno;Alloggio di servizio, foresterie;E3;;false;true;;;;;;;3.0;4.0;3.0;3.0;4.0;3.0;[];[];[16133, 694671];;2;;123;395;
3108002;45.0736682;7.6105378;via germonio anastasio;4;3322.25;Dal 1961 al 1970;;0.0;0.0;Abitazione;Patrimonio indisponibile;Nessuno;Alloggio di servizio, foresterie;D25;;false;true;;;;;;;3.0;3.0;3.0;3.0;4.0;3.0;[];[];[694672, 694673];;2;;1230;1;
3108003;45.0729834;7.610595;via germonio anastasio;12;4760.0;Dal 1971 al 1980;;0.0;0.0;Abitazione;Patrimonio indisponibile;Nessuno;Alloggio di servizio, foresterie;D25;;false;true;;;;;;;3.0;3.0;2.0;2.0;3.0;2.0;[];[];[694679, 694680];;2;;1230;2;
3108004;45.0710222;7.6118988;Via Anastasio Germonio;109;1301.0;Dal 1971 al 1980;;0.0;0.0;Abitazione;Patrimonio indisponibile;Nessuno;Alloggio di servizio, foresterie;D25;;false;true;;;;;;;3.0;3.0;3.0;3.0;3.0;3.0;[];[];[694681, 694682];;2;;1230;552;
3108005;45.0735729;7.6096127;corso francia;377;1929.75;Dal 1946 al 1960;;0.0;0.0;Abitazione;Patrimonio indisponibile;Nessuno;Alloggio di servizio, foresterie;D25;;false;true;;;;;;;3.0;3.0;3.0;3.0;3.0;3.0;[];[];[694704, 694705];;2;;1231;202;
3108006;45.068372;7.6262545;via monte ortigara;95;4359.43;Dal 1981 al 1990;;0.0;0.0;Abitazione;Patrimonio indisponibile;Nessuno;Alloggio di servizio, foresterie;D26;1110.0;false;true;;;;;;;3.0;3.0;2.0;2.0;3.0;2.0;[];[];[694709, 694710, 694711];02/11/2021;3;in concessione a titolo oneroso;1233;206;
3108007;45.0664753;7.6339884;via tofane;28;5069.25;Dal 1971 al 1980;;0.0;0.0;Abitazione;Patrimonio indisponibile;Nessuno;Alloggio di servizio, foresterie;D26;;false;true;;;;;;;2.0;2.0;2.0;2.0;2.0;2.0;[];[];[694160, 694161];;2;;1234;4;
3108008;45.0671209;7.6341167;Via Lorenzo Delleani;25;3474.5;Dal 1971 al 1980;;0.0;0.0;Abitazione;Patrimonio indisponibile;Nessuno;Alloggio di servizio, foresterie;D26;;false;true;;;;;;;3.0;3.0;2.0;3.0;3.0;2.0;[];[];[16250, 694185];;2;;1235;102;
3108009;45.0661954;7.6348856;via tofane;22;3879.25;Dal 1971 al 1980;;0.0;0.0;Abitazione;Patrimonio indisponibile;Nessuno;Alloggio di servizio, foresterie;D26;;false;true;;;;;;;3.0;3.0;3.0;3.0;4.0;3.0;[];[];[694186, 694187];;2;;1235;38;
3108010;45.0646476;7.6398669;via issiglio;34;750.0;Dal 1961 al 1970;;0.0;0.0;Abitazione;Patrimonio indisponibile;Nessuno;Altro;C24;;false;true;;;;;;;2.0;3.0;2.0;2.0;3.0;2.0;[];[];[293553, 293554, 293556, 293557, 293558, 293559, 293560, 293561, 293562, 293563];;10;;1236;259;
3108011;45.0676232;7.6479667;via luserna di rora' emanuele;12;6426.0;Prima del 1919;;0.0;0.0;Abitazione;Demanio;Dichiarazione di interesse culturale;Alloggio di servizio, foresterie;C23;;false;true;;;;;;;2.0;2.0;2.0;2.0;2.0;2.0;[];[];[694712, 694713, 694714];;3;;1237;71;
3108012;45.0674105;7.6487585;Via Emanuele Luserna Di Rorà;8;449.4;Dal 1919 al 1945;;0.0;0.0;Abitazione;Demanio;Dichiarazione di interesse culturale;Attività commerciale e di ristorazione;C23;;false;true;;;;;;;3.0;3.0;3.0;3.0;3.0;3.0;[];[];[694715, 694719, 694720];;3;;1237;72;
3108013;45.0677162;7.6641177;corso vittorio emanuele ii;119;2372.0;Prima del 1919;E;0.0;0.0;Abitazione;Patrimonio indisponibile;Nessuno;Altro;B4;;false;true;;7.0;2.0;2.0;1.0;2.0;3.0;3.0;3.0;3.0;3.0;3.0;['2020_113181_0033.xml'];['2020_113181_0033.xml'];[694727, 694728, 694729, 694730, 694731, 694732, 694733, 694734, 694735, 694736, 694737, 694738, 694739, 694740, 694741, 694742, 694743, 694744, 694745, 694746, 694747, 694748, 694749, 694750, 694751, 694752, 694753, 694754, 694755, 694756];;30;;1241;131;
3108014;45.0687671;7.6697917;via revel ottavio conte thaon di;8;6191.25;Prima del 1919;;0.0;0.0;Abitazione;Demanio;Dichiarazione di interesse culturale;Alloggio di servizio, foresterie;B4;;false;true;;;;;;;3.0;3.0;3.0;3.0;4.0;3.0;[];[];[694761, 694762, 694763, 694764];;4;;1242;91;
3108016;45.0726799;7.6782398;Via Giuseppe Barbaroux;31;1335.0;Prima del 1919;;0.0;0.0;Abitazione;Demanio;Dichiarazione di interesse culturale;Altro;B5;;false;true;;;;;;;2.0;3.0;2.0;2.0;3.0;2.0;[];[];[694892, 694893, 694894, 694895, 694896, 694897, 694898, 694899, 694900, 694901, 694902, 694903, 694904, 694905, 694906, 694907];;16;;1243;84;
3108017;45.0727152;7.6774138;via s. dalmazzo;11;1130.0;Prima del 1919;;0.0;0.0;Abitazione;Patrimonio indisponibile;Nessuno;Altro;B5;;false;true;;;;;;;2.0;3.0;2.0;2.0;3.0;2.0;[];[];[694908, 694909, 694910, 694913, 694914, 694915, 694916, 694917, 694918, 694919, 694920, 694921, 694922, 694923, 694924, 694925, 694926, 694927, 694928];;19;;1243;85;
3108018;45.0731809;7.6734232;VIA PERRONE ETTORE;12;7401.0;Prima del 1919;;0.0;0.0;Edificio scolastico (es.: scuola di ogni ordine e grado, università, scuola di formazione);Patrimonio indisponibile;Nessuno;Attività didattica;B5;;false;true;;;;;;;2.0;2.0;2.0;2.0;2.0;2.0;[];[];[694360, 694361, 694362, 694363, 694364, 694365];;6;;1243;90;
3108019;45.0695279;7.6744748;Via Antonio Meucci;10;12845.57;Prima del 1919;;0.0;0.0;Edificio scolastico (es.: scuola di ogni ordine e grado, università, scuola di formazione);Patrimonio indisponibile;Nessuno;Attività amministrativa/uffici pubblici;B3;;false;true;;;;;;;2.0;2.0;3.0;2.0;3.0;2.0;[];[];[388345, 388346];;2;;1244;42;
3108020;45.0733744;7.680619;via garibaldi giuseppe;1;5472.0;Prima del 1919;;0.0;0.0;Locale commerciale, negozio;Demanio;Dichiarazione di interesse culturale;Attività amministrativa/uffici pubblici;B5;13152.0;false;true;;;;;;;3.0;3.0;3.0;3.0;4.0;3.0;[];[];[12942, 694929, 694930, 694931, 694933, 694934, 694935, 694936, 694937, 694938, 694939, 694940, 694941, 694942, 694943];01/02/2014;15;in concessione a titolo oneroso;1245;121;
3108021;45.0727848;7.6812472;VIA CORTE D'APPELLO;SNC;4393.0;Prima del 1919;;0.0;0.0;Locale commerciale, negozio;Demanio;Dichiarazione di interesse culturale;Non Dichiarato;B5;5198.0;false;true;;;;;;;3.0;3.0;3.0;3.0;4.0;3.0;[];[];[12942, 694950, 694951, 694954, 694955, 694956, 2666137];01/01/2009;7;in concessione a titolo oneroso;1245;132;
3108022;45.0724502;7.6828883;via porta palatina;4;982.0;Prima del 1919;D;0.0;0.0;Abitazione;Patrimonio indisponibile;Nessuno;Altro;B5;;false;true;;7.0;2.0;2.0;1.0;2.0;3.0;3.0;3.0;3.0;4.0;3.0;['2019_106613_0005.xml', '2020_212894_0088.xml', '2021_113184_0109.xml'];['2019_106613_0005.xml', '2020_212894_0088.xml', '2021_113184_0109.xml'];[694376, 694377, 694378, 694379, 694380, 694381, 694382, 694383, 694384, 694385, 694386, 694387, 694388, 694389, 694390];;15;;1245;142;
3108023;45.0723039;7.6831473;via palazzo di citta';11;901.0;Prima del 1919;;0.0;0.0;Abitazione;Patrimonio indisponibile;Nessuno;Altro;B5;;false;true;;;;;;;3.0;4.0;2.0;2.0;3.0;2.0;[];[];[694958, 694959, 694960, 694961, 694962, 694963, 694971, 694972, 694973, 694974, 694975, 694976];;12;;1245;143;
3108024;45.0729577;7.6790912;via garibaldi giuseppe;1;6769.43;Prima del 1919;D;0.0;0.0;Locale commerciale, negozio;Demanio;Dichiarazione di interesse culturale;Attività amministrativa/uffici pubblici;B5;15027.0;false;true;;8.0;3.0;2.0;1.0;2.0;3.0;3.0;3.0;3.0;4.0;3.0;['2019_102341_0006.xml'];['2019_102341_0006.xml'];[695206, 695207, 695208, 695209, 695210, 695211, 695213, 695214, 695216, 695217];01/12/2012;10;in concessione a titolo oneroso;1245;156;
3108025;45.0725948;7.6785453;via stampatori;5;943.0;Prima del 1919;;0.0;0.0;Abitazione;Demanio;Nessuno;Altro;B5;;false;true;;;;;;;2.0;2.0;2.0;2.0;2.0;2.0;[];[];[695574, 695575, 695576, 695577, 695578, 695579, 695580, 695581, 695582, 695583, 695584, 695585, 695586, 695587];;14;;1245;211;
3108026;45.0724207;7.6788637;Via Giuseppe Barbaroux;27;1408.4;Prima del 1919;;0.0;0.0;Abitazione;Patrimonio indisponibile;Nessuno;Altro;B5;;false;true;;;;;;;3.0;3.0;3.0;3.0;4.0;3.0;[];[];[695588, 695589, 695590, 695591, 695592, 695593, 695594, 695595, 695596, 695597, 695598, 695599, 695600, 695601, 695602, 695603];;16;;1245;212;
3108028;45.0701747;7.6823665;via venti settembre;57;89.0;Prima del 1919;E;0.0;0.0;Abitazione;Patrimonio indisponibile;Nessuno;Non Dichiarato;B6;2796.0;false;true;;6.666666666666667;1.6666666666666667;2.0;1.0;2.0;3.0;4.0;3.0;3.0;4.0;3.0;['2020_206748_0055.xml', '2020_207949_0191.xml', '2021_112725_0001.xml', '2021_214176_0159.xml', '2022_102099_0014.xml', '2022_212629_1836.xml'];['2020_206748_0055.xml', '2020_207949_0191.xml', '2021_112725_0001.xml', '2021_214176_0159.xml', '2022_102099_0014.xml', '2022_212629_1836.xml'];[695259, 695265];01/05/2022;2;in locazione;1245;277;
3108029;45.0701216;7.6818637;Via San Tommaso;17;8590.25;Prima del 1919;;0.0;0.0;Abitazione;Patrimonio indisponibile;Nessuno;Alloggio di servizio, foresterie;B6;;false;true;;;;;;;2.0;2.0;2.0;2.0;3.0;2.0;[];[];[695291, 695292, 695293, 695294];;4;;1245;278;
3108030;45.0733014;7.6817315;Largo IV Marzo;19;9179.14;Prima del 1919;;0.0;0.0;Ufficio strutturato ed assimilabili;Demanio;Dichiarazione di interesse culturale;Attività amministrativa/uffici pubblici;B5;;false;true;;;;;;;3.0;3.0;3.0;3.0;3.0;3.0;[];[];[695295, 2859483];;2;;1245;318;
3108032;45.0731829;7.6818183;VIA MILANO;2;10239.14;Prima del 1919;;0.0;0.0;Magazzino e locali di deposito;Demanio;Dichiarazione di interesse culturale;Attività amministrativa/uffici pubblici;B5;;false;true;;;;;;;3.0;3.0;3.0;3.0;3.0;3.0;[];[];[695295, 2859483, 2859485, 2859486, 2859487, 2859488, 2859489, 2859490, 2859491, 2859492, 2859493, 2859494, 2859495, 2859496, 2859497, 2859498, 2859499, 2859500];;18;;1245;452;
3108034;45.0749871;7.6810446;Via Gian Francesco Bellezia;19;882.0;Prima del 1919;;0.0;0.0;Abitazione;Patrimonio indisponibile;Dichiarazione di interesse culturale;Altro;B5;;false;true;;;;;;;2.0;2.0;2.0;2.0;3.0;2.0;[];[];[695661, 695662, 695663, 695664, 695665, 695666, 695667, 695668];;8;;1245;8;
3108035;45.0728114;7.6824559;via palazzo di citta';20;2283.0;Prima del 1919;;0.0;0.0;Abitazione;Demanio;Dichiarazione di interesse culturale;Altro;B5;2525.0;false;true;;;;;;;3.0;3.0;3.0;3.0;4.0;3.0;[];[];[695304, 695305, 695306, 695307, 695308, 695309, 695310, 695311, 695312, 695313, 695314, 695315, 695316, 695317, 695318, 695319, 695320, 695321, 695322];01/06/2021;19;in concessione a titolo oneroso;1245;84;
3108036;45.0751043;7.6803697;via s. agostino;20;564.0;Prima del 1919;;0.0;0.0;Abitazione;Patrimonio indisponibile;Nessuno;Altro;B5;;false;true;;;;;;;3.0;3.0;3.0;3.0;3.0;3.0;[];[];[695337, 695338, 695339, 695340, 695341, 695342];;6;;1245;9;
3108037;45.0725961;7.6829981;via porta palatina;6;969.4;Prima del 1919;;0.0;0.0;Abitazione;Patrimonio indisponibile;Dichiarazione di interesse culturale;Altro;B5;;false;true;;;;;;;3.0;3.0;3.0;3.0;3.0;3.0;[];[];[695899, 695900, 695901, 695902, 695903, 695904, 695905, 695906, 695907, 695908, 695909, 695910, 695911, 695913];;14;;1245;93;
3108038;45.0737427;7.6842383;piazza s. giovanni;5;10083.0;Dal 1946 al 1960;A2;0.0;0.0;Locale commerciale, negozio;Patrimonio indisponibile;Nessuno;Attività amministrativa/uffici pubblici;B5;9346.0;false;true;;10.0;5.0;2.0;1.0;2.0;3.0;3.0;2.0;2.0;3.0;2.0;['2022_109289_0005.xml'];['2022_109289_0005.xml'];[695927, 695928];01/12/2012;2;in concessione a titolo oneroso;1246;18;
3108039;45.0709344;7.6859074;PIAZZA CASTELLO;SNC;3111.0;Prima del 1919;;0.0;0.0;Biblioteca, pinacoteca, museo, gallerie;Demanio;Dichiarazione di interesse culturale;Attività artistica e culturale;B6;;false;true;;;;;;;3.0;2.0;1.0;2.0;4.0;1.0;[];[];[695929, 695930];;2;;1246;68;
3108040;45.0758634;7.6894159;Via Gianfrancesco Fiochetto;29;3009.25;Dal 1961 al 1970;E;0.0;0.0;Abitazione;Patrimonio indisponibile;Nessuno;Alloggio di servizio, foresterie;C18;;false;true;;7.0;2.0;2.0;1.0;2.0;2.0;2.0;2.0;2.0;3.0;2.0;['2021_106141_0050.xml'];['2021_106141_0050.xml'];[388100, 388102];;2;;1247;127;
3108041;45.076207;7.6900753;Via Giuseppe Genè;14;125.0;Dal 1961 al 1970;;0.0;0.0;Abitazione;Patrimonio indisponibile;Nessuno;Non Dichiarato;C18;;false;true;;;;;;;2.0;2.0;2.0;2.0;2.0;2.0;[];[];[2852153, 2852154];;2;;1247;195;
3108042;45.0699763;7.693655;Via Montebello;26;3156.0;Dal 1946 al 1960;;0.0;0.0;Abitazione;Patrimonio indisponibile;Nessuno;Altro;B6;;false;true;;;;;;;3.0;3.0;3.0;3.0;3.0;3.0;[];[];[695353, 695354, 695355, 695356, 695357, 695358, 695359, 695360, 695361, 695362, 695363, 695364, 695365, 695366, 695367, 695368, 695369, 695370, 695371, 695372, 695373, 695374, 695375, 695376, 695377, 695378, 695379, 695380, 695381, 695382, 695383, 695384, 695385, 695386, 695387, 695388, 695389, 695390];;38;;1248;218;
3108044;45.0696003;7.694224;Corso San Maurizio;18;3532.0;Dal 1946 al 1960;;0.0;0.0;Abitazione;Patrimonio indisponibile;Nessuno;Altro;B6;;false;true;;;;;;;3.0;4.0;3.0;3.0;4.0;3.0;[];[];[695403, 695404, 695405, 695406, 695407, 695408, 695409, 695410, 695411, 695412, 695413, 695414, 695415, 695416, 695417, 695418, 695419, 695420, 695421, 695422, 695423, 695424, 695425, 695426, 695427, 695428, 695429, 695430, 695431, 695432, 695433, 695434, 695435, 695436, 695437, 695438, 695439, 695440, 695441, 695442, 695443, 695444, 695445, 695446, 695447, 695448, 695449];;47;;1248;227;
3108045;45.0692742;7.6937646;Via Gaudenzio Ferrari;7;848.0;Prima del 1919;;0.0;0.0;Abitazione;Patrimonio indisponibile;Nessuno;Altro;B6;;false;true;;;;;;;3.0;3.0;3.0;3.0;4.0;3.0;[];[];[696015, 696016, 696017, 696018, 696019, 696020, 696021, 696022];;8;;1248;228;
3108046;45.077339;7.6945026;corso regio parco;19;7000.25;Prima del 1919;;0.0;0.0;Abitazione;Demanio;Dichiarazione di interesse culturale;Alloggio di servizio, foresterie;C18;;false;true;;;;;;;3.0;3.0;3.0;3.0;4.0;3.0;[];[];[696057, 696058];;2;;1249;21;
3108047;45.0777421;7.6952439;via modena;35;544.5;Dal 1961 al 1970;;0.0;0.0;Abitazione;Patrimonio indisponibile;Nessuno;Alloggio di servizio, foresterie;C18;;false;true;;;;;;;3.0;3.0;3.0;3.0;4.0;3.0;[];[];[696061, 696062];;2;;1249;22;
3108048;45.0763781;7.6951746;via parma;51;154.0;Dal 1991 al 2000;E;0.0;0.0;Abitazione;Patrimonio indisponibile;Nessuno;Altro;C18;;false;true;;7.0;2.0;2.0;1.0;2.0;3.0;3.0;3.0;3.0;3.0;3.0;['2020_200542_0093.xml'];['2020_200542_0093.xml'];[695495, 695496];;2;;1249;346;
3108050;45.0716153;7.7031609;Via Manin Daniele;1;923.14;Dal 1919 al 1945;;0.0;0.0;Ufficio strutturato ed assimilabili;Patrimonio indisponibile;Nessuno;Non Dichiarato;C18;;false;true;;;;;;;3.0;3.0;3.0;3.0;4.0;3.0;[];[];[695500, 695501];;2;;1250;124;
3108051;45.0718908;7.7029915;Corso Carlo Luigi Farini;20;182.0;Dal 1919 al 1945;;0.0;0.0;Magazzino e locali di deposito;Patrimonio indisponibile;Nessuno;Non Dichiarato;C18;;false;true;;;;;;;3.0;3.0;3.0;3.0;4.0;3.0;[];[];[695505, 695506];;2;;1250;206;
3108052;45.0722427;7.7058911;Via Ricasoli Bettino;30;9957.25;Prima del 1919;;0.0;0.0;Abitazione;Demanio;Dichiarazione di interesse culturale;Alloggio di servizio, foresterie;C18;;false;true;;;;;;;3.0;3.0;3.0;3.0;4.0;3.0;[];[];[695518, 695519, 695520, 695521];;4;;1251;100;
3108053;45.0736074;7.7103231;Piazza Antonio Fontanesi;6;963.5;Dal 1961 al 1970;;0.0;0.0;Abitazione;Patrimonio indisponibile;Nessuno;Alloggio di servizio, foresterie;C20;;false;true;;;;;;;3.0;3.0;3.0;3.0;4.0;3.0;[];[];[695522, 695523];;2;;1251;294;
3108054;45.07213;7.7100065;Corso Belgio;38;182.0;Prima del 1919;E;0.0;0.0;Locale commerciale, negozio;Patrimonio indisponibile;Nessuno;Altro;C20;;false;true;;6.5;1.5;2.0;1.0;2.0;3.0;3.0;3.0;3.0;4.0;3.0;['2022_101323_0002.xml', '2022_208821_0045.xml'];['2022_101323_0002.xml', '2022_208821_0045.xml'];[695545, 695546, 695547];;3;;1251;389;
3108055;45.0732895;7.7082411;via mongrando;32;1883.2;Prima del 1919;;0.0;0.0;Abitazione;Patrimonio indisponibile;Nessuno;Altro;C20;;false;true;;;;;;;3.0;3.0;3.0;3.0;4.0;3.0;[];[];[696066, 696067, 696068, 696069, 696070, 696071, 696072, 696073, 696074, 696075, 696076, 696077, 696078, 696079, 696080, 696081, 696084];;17;;1251;541;
3108056;45.0765043;7.7091425;Lungo Dora Pietro Colletta;39;254.0;Dal 1946 al 1960;;0.0;0.0;Abitazione;Patrimonio indisponibile;Nessuno;Alloggio di servizio, foresterie;D21;;false;true;;;;;;;3.0;3.0;3.0;3.0;4.0;3.0;[];[];[696136, 696137];;2;;1252;121;
3108057;45.0740686;7.7177593;Corso Belgio;105;963.0;Dal 1946 al 1960;E;0.0;0.0;Abitazione;Patrimonio indisponibile;Nessuno;Altro;C20;;false;true;;6.333333333333333;1.3333333333333333;2.0;1.0;2.0;3.0;3.0;3.0;3.0;4.0;3.0;['2019_107485_0022.xml', '2019_107973_0039.xml', '2020_202078_0039.xml', '2020_211941_0003.xml', '2021_200542_0074.xml', '2022_111814_0003.xml'];['2019_107485_0022.xml', '2019_107973_0039.xml', '2020_202078_0039.xml', '2020_211941_0003.xml', '2021_200542_0074.xml', '2022_111814_0003.xml'];[696155, 696156, 696157, 696158, 696159, 696160, 696161, 696162, 696163, 696164, 696165, 696166, 696167, 696168];;14;;1253;29;
3108058;45.075537;7.7217491;corso cadore;20 8;4042.25;Dal 1971 al 1980;;0.0;0.0;Abitazione;Patrimonio indisponibile;Nessuno;Alloggio di servizio, foresterie;C20;;false;true;;;;;;;3.0;3.0;3.0;3.0;4.0;3.0;[];[];[696241, 696242];;2;;1254;14;
3108059;45.0720022;7.7214168;via vezzolano;20;4584.0;Dal 1961 al 1970;;0.0;0.0;Abitazione;Patrimonio indisponibile;Nessuno;Alloggio di servizio, foresterie;C20;;false;true;;;;;;;3.0;3.0;3.0;3.0;4.0;3.0;[];[];[696249, 696250];;2;;1254;275;
3108060;45.0752028;7.7206355;Via Grazia Deledda;11;2929.25;Dal 1971 al 1980;;0.0;0.0;Edificio scolastico (es.: scuola di ogni ordine e grado, università, scuola di formazione);Patrimonio indisponibile;Nessuno;Attività didattica;C20;;false;true;;;;;;;2.0;2.0;2.0;2.0;2.0;2.0;[];[];[696682, 696683, 696684];;3;;1254;486;
3108061;45.0762977;7.7245967;Via Asigliano Vercellese;10;4943.0;Dal 1961 al 1970;;0.0;0.0;Abitazione;Patrimonio indisponibile;Nessuno;Alloggio di servizio, foresterie;C20;;false;true;;;;;;;3.0;4.0;2.0;2.0;3.0;2.0;[];[];[696689, 696690];;2;;1255;27;
3108062;45.071515;7.7269415;via garelli federico;3;1249.0;Prima del 1919;;0.0;0.0;Abitazione;Patrimonio indisponibile;Nessuno;Altro;C11;;false;true;;;;;;;2.0;2.0;2.0;2.0;2.0;2.0;[];[];[13478, 696259, 696260, 696261, 696262, 696263, 696264, 696265, 696266, 696267, 696268, 696269, 696270, 696271, 696272, 696273];;16;;1257;134;
3108063;45.0678682;7.7108886;Corso Casale;85;1590.0;Prima del 1919;;0.0;0.0;Abitazione;Patrimonio indisponibile;Nessuno;Altro;C11;;false;true;;;;;;;3.0;3.0;3.0;3.0;4.0;3.0;[];[];[696695, 696696, 696697, 696698, 696699, 696700, 696701, 696702, 696703, 696704, 696705, 696706, 696707];;13;;1275;13;
3108064;45.0674335;7.7169992;via montemagno;59;1032.25;Prima del 1919;;0.0;0.0;Edificio scolastico (es.: scuola di ogni ordine e grado, università, scuola di formazione);Patrimonio indisponibile;Nessuno;Attività didattica;C11;;false;true;;;;;;;3.0;4.0;3.0;3.0;4.0;3.0;[];[];[696713, 696714];;2;;1275;308;
3108065;45.066545;7.7171542;via gassino;13;6168.5;Prima del 1919;;0.0;0.0;Abitazione;Demanio;Dichiarazione di interesse culturale;Alloggio di servizio, foresterie;C11;;false;true;;;;;;;2.0;3.0;2.0;2.0;3.0;2.0;[];[];[696715, 696716, 696717];;3;;1275;422;
3108066;45.067156;7.7120078;Via Bardassano;5;6013.5;Dal 1971 al 1980;;0.0;0.0;Edificio scolastico (es.: scuola di ogni ordine e grado, università, scuola di formazione);Patrimonio indisponibile;Nessuno;Attività didattica;C11;;false;true;;;;;;;1.0;1.0;1.0;1.0;1.0;1.0;[];[];[696718, 696719, 696720];;3;;1275;539;
3108067;45.0713321;7.7128461;via varallo;33;1253.25;Dal 1971 al 1980;;0.0;0.0;Abitazione;Patrimonio indisponibile;Nessuno;Alloggio di servizio, foresterie;C20;;false;true;;;;;;;3.0;3.0;2.0;2.0;3.0;2.0;[];[];[14085, 696726];;2;;1276;309;
3108068;45.0703463;7.7059641;via ricasoli bettino;15;4620.5;Dal 1971 al 1980;;0.0;0.0;Abitazione;Patrimonio indisponibile;Nessuno;Alloggio di servizio, foresterie;C18;;false;true;;;;;;;3.0;4.0;3.0;3.0;4.0;3.0;[];[];[696727, 696728];;2;;1276;315;
3108069;45.069895;7.7014456;via vanchiglia;38;1708.0;Prima del 1919;;0.0;0.0;Abitazione;Patrimonio indisponibile;Nessuno;Altro;C18;;false;true;;;;;;;3.0;3.0;3.0;3.0;4.0;3.0;[];[];[696733, 696734, 696735, 696736, 696737, 696738, 696739, 696740, 696741, 696742, 696743, 696744, 696745, 696746, 696747, 696748, 696749, 696750, 696751, 696752, 696753];;21;;1277;71;
3108070;45.070521;7.6986599;Via Michele Buniva;17;5890.75;Dal 1919 al 1945;;0.0;0.0;Abitazione;Demanio;Dichiarazione di interesse culturale;Alloggio di servizio, foresterie;C18;;false;true;;;;;;;3.0;3.0;3.0;3.0;4.0;3.0;[];[];[696948, 696949, 696950, 696951];;4;;1278;17;
3108071;45.065446;7.6987344;Murazzi del Po Gipo Farassino;10;336.0;Prima del 1919;;0.0;0.0;Magazzino e locali di deposito;Demanio;Dichiarazione di interesse culturale;Attività commerciale e di ristorazione;C18;;false;true;;;;;;;2.0;3.0;2.0;2.0;3.0;2.0;[];[];[696953, 696955, 696956];;3;;1278;309;
3108072;45.0664562;7.6958334;Via Giulia di Barolo;6;1734.2;Dal 1971 al 1980;;0.0;0.0;Abitazione;Patrimonio disponibile;Nessuno;Servizi ordine pubblico, sicurezza nazionale e militare;B7;;false;true;;;;;;;2.0;3.0;2.0;2.0;3.0;2.0;[];[];[696957, 696958, 696959];;3;;1279;163;
3108073;45.0666005;7.6963094;via vanchiglia;3;6114.79;Prima del 1919;;0.0;0.0;Abitazione;Demanio;Dichiarazione di interesse culturale;Altro;B7;1779.0;false;true;;;;;;;3.0;3.0;3.0;3.0;4.0;3.0;[];[];[15000, 696961, 696962, 696963, 696964, 696965, 696966, 696967, 696968, 696969, 696970, 696971, 696972, 696973, 696974, 696975];01/04/2017;16;in concessione a titolo oneroso;1279;170;
3108074;45.0652143;7.6982979;Murazzi del Po Gipo Farassino;22;229.0;Prima del 1919;;0.0;0.0;Magazzino e locali di deposito;Demanio;Dichiarazione di interesse culturale;Attività commerciale e di ristorazione;B7;;false;true;;;;;;;3.0;3.0;2.0;2.0;3.0;2.0;[];[];[696978, 696979, 696980];;3;;1279;207;
3108075;45.0677133;7.6931356;Via Sant'Ottavio;7;9627.5;Dal 1919 al 1945;;0.0;0.0;Abitazione;Demanio;Dichiarazione di interesse culturale;Alloggio di servizio, foresterie;B2;;false;true;;;;;;;2.0;2.0;2.0;2.0;3.0;2.0;[];[];[24376, 388314, 388315, 388316, 388317];;5;;1280;19;
3108077;45.0681388;7.6897004;via po;18;710.0;Prima del 1919;;0.0;0.0;Locale commerciale, negozio;Patrimonio disponibile;Dichiarazione di interesse culturale;Attività commerciale e di ristorazione;B2;;false;true;;;;;;;3.0;3.0;3.0;3.0;4.0;3.0;[];[];[43206, 43207, 43208, 43211, 43212, 2857467];;6;;1280;85;
3108078;45.0646244;7.686777;PIAZZALE FUSI VALDO;SNC;1191.0;Dal 2001 al 2010;;0.0;0.0;Locale commerciale, negozio;Patrimonio indisponibile;Nessuno;Attività commerciale e di ristorazione;B2;8970.0;false;true;;;;;;;2.0;3.0;2.0;2.0;3.0;2.0;[];[];[12478, 44210, 44211, 44226, 44227];01/06/2007;5;in concessione a titolo oneroso;1281;140;
3108079;45.0640769;7.6893523;Via San Massimo;31;5849.0;Prima del 1919;;0.0;0.0;Abitazione;Patrimonio indisponibile;Nessuno;Altro;B7;2606.0;false;true;;;;;;;2.0;2.0;2.0;2.0;3.0;2.0;[];[];[696465, 696466, 696467, 696468, 696469, 696470, 696471, 696472, 696473, 696474, 696475, 696476, 696477, 696478, 696479, 696480, 696481, 696482, 696483, 696484, 696485, 696486, 696487, 696488, 696489, 696490, 696491, 696492, 696493, 696494, 696495, 696496, 696497, 696498, 696499, 696500, 696501, 696502, 696503, 696504, 696505, 696506, 696507, 696508, 696509, 696510, 696511, 696512, 696513, 696514, 696515, 696516, 696517, 696518, 696519, 696520, 696521, 696522, 696523, 696524, 696525, 696526, 696527, 696528, 696529, 696530, 696531, 696532, 696533, 696534, 696535, 696536, 696537, 696538, 696539, 696540, 696541, 696542, 696543, 696544, 696545, 696546, 696547, 696548, 696549, 696550, 696551, 696552, 696553, 696554, 696555];01/06/2022;91;in concessione a titolo oneroso;1281;145;
3108080;45.0639128;7.6901187;Via Cavour;12;7102.0;Prima del 1919;;0.0;0.0;Abitazione;Demanio;Dichiarazione di interesse culturale;Alloggio di servizio, foresterie;B7;;false;true;;;;;;;2.0;2.0;2.0;2.0;3.0;2.0;[];[];[10768, 696984, 696985, 696986, 696987, 696988, 696989, 696990, 696991, 696992, 696993, 696994, 696995, 696996, 696997, 696999, 697000, 697001, 697002];;19;;1281;149;
3108081;45.0638876;7.6901187;Via Cavour;12;288.0;Prima del 1919;;0.0;0.0;Ufficio strutturato ed assimilabili;Demanio;Dichiarazione di interesse culturale;Attività amministrativa/uffici pubblici;B7;;false;true;;;;;;;2.0;2.0;1.0;1.0;2.0;1.0;[];[];[10768, 696464];;2;;1281;D;
3108082;45.0666084;7.681704;Via Bruno Buozzi;22;147.0;Dal 1919 al 1945;;0.0;0.0;Magazzino e locali di deposito;Patrimonio indisponibile;Nessuno;Altro;B1;;false;true;;;;;;;3.0;3.0;3.0;3.0;4.0;3.0;[];[];[697177, 697385];;2;;1282;171;
3108083;45.0687297;7.6835742;Via Roma;101;187.0;Dal 1919 al 1945;B;0.0;0.0;Magazzino e locali di deposito;Patrimonio indisponibile;Nessuno;Non Dichiarato;B1;;false;true;;7.4;2.4;2.0;1.0;2.0;2.0;2.0;2.0;2.0;2.0;2.0;['2019_206052_0211.xml', '2019_213762_0002.xml', '2020_100600_0015.xml', '2021_101682_0003.xml', '2022_107973_0516.xml'];['2019_206052_0211.xml', '2019_213762_0002.xml', '2020_100600_0015.xml', '2021_101682_0003.xml', '2022_107973_0516.xml'];[5061, 697383];;2;;1282;7;
3108084;45.0658338;7.6771151;Corso Giacomo Matteotti;6;4448.25;Prima del 1919;;0.0;0.0;Abitazione;Patrimonio indisponibile;Nessuno;Alloggio di servizio, foresterie;B2;;false;true;;;;;;;1.0;1.0;1.0;1.0;1.0;1.0;[];[];[697386, 697387];;2;;1283;17;
3108085;45.06252;7.6740903;via massena andrea;11;452.0;Dal 1919 al 1945;D;0.0;0.0;Locale commerciale, negozio;Patrimonio disponibile;Nessuno;Attività commerciale e di ristorazione;C3;5596.0;false;true;;8.0;3.0;2.0;1.0;2.0;3.0;3.0;2.0;2.0;3.0;2.0;['2019_106882_0018.xml', '2020_212533_0078.xml', '2020_212533_0079.xml'];['2019_106882_0018.xml', '2020_212533_0078.xml', '2020_212533_0079.xml'];[697388, 697389, 697390, 697391, 697392, 697394, 697395];01/07/2011;7;in locazione;1283;178;
3108086;45.0654997;7.676708;corso matteotti giacomo;9;2837.5;Prima del 1919;;0.0;0.0;Abitazione;Demanio;Dichiarazione di interesse culturale;Alloggio di servizio, foresterie;B2;;false;true;;;;;;;3.0;3.0;3.0;3.0;3.0;3.0;[];[];[697397, 697398];;2;;1283;26;
3108087;45.0648789;7.6695571;via magenta;31;3097.0;Dal 1946 al 1960;;0.0;0.0;Abitazione;Demanio;Dichiarazione di interesse culturale;Alloggio di servizio, foresterie;B9;;false;true;;;;;;;3.0;3.0;2.0;2.0;3.0;2.0;[];[];[697399, 697400];;2;;1284;137;
3108088;45.0610521;7.6477574;Via Paolo Braccini;70;11449.5;Prima del 1919;;0.0;0.0;Abitazione;Demanio;Dichiarazione di interesse culturale;Alloggio di servizio, foresterie;C24;;false;true;;;;;;;3.0;3.0;3.0;3.0;4.0;3.0;[];[];[388181, 388182, 388183];;3;;1288;310;
3108089;45.0599797;7.6556188;Corso Francesco Ferrucci;122;7700.71;Dal 1981 al 1990;;0.0;0.0;Abitazione;Patrimonio indisponibile;Nessuno;Attività amministrativa/uffici pubblici;C6;;false;true;;;;;;;4.0;4.0;3.0;3.0;4.0;3.0;[];[];[697401, 697402];;2;;1288;455;
3108090;45.0613907;7.6531295;Via Osasco;19;188.0;Dal 1991 al 2000;;0.0;0.0;Impianto sportivo;Patrimonio indisponibile;Nessuno;Attività sportiva, ricreativa e di intrattenimento;C6;;false;true;;;;;;;3.0;3.0;3.0;3.0;4.0;3.0;[];[];[2857132, 2857133];;2;;1288;548;
3108091;45.0658762;7.6443978;Via Cumiana;15;12130.000000000002;Dal 1919 al 1945;;0.0;0.0;Ufficio strutturato ed assimilabili;Demanio;Dichiarazione di interesse culturale;Attività amministrativa/uffici pubblici;C24;63331.0;false;true;;;;;;;3.0;4.0;3.0;3.0;4.0;3.0;[];[];[697406, 697407, 697408, 697409, 697412, 697413, 2785314];01/01/2022;7;in concessione a titolo oneroso;1289;56;
3108092;45.0608616;7.6332554;Viale Luigi Hugues;10;194.0;Dal 1946 al 1960;;0.0;0.0;Abitazione;Patrimonio indisponibile;Nessuno;Alloggio di servizio, foresterie;D26;;false;true;;;;;;;3.0;3.0;3.0;3.0;4.0;3.0;[];[];[697417, 697418];;2;;1291;47;
3108093;45.0612113;7.6302753;Corso Luigi Maria d'Albertis;22;4094.5;Dal 1961 al 1970;;0.0;0.0;Edificio scolastico (es.: scuola di ogni ordine e grado, università, scuola di formazione);Patrimonio indisponibile;Nessuno;Attività didattica;D26;;false;true;;;;;;;2.0;2.0;2.0;2.0;2.0;2.0;[];[];[697423, 697424, 697425, 697426, 697427];;5;;1292;19;
3108094;45.0634164;7.6285427;via lancia vincenzo;140;4652.0;Dal 1981 al 1990;;0.0;0.0;Abitazione;Patrimonio indisponibile;Nessuno;Alloggio di servizio, foresterie;D26;;false;true;;;;;;;3.0;3.0;3.0;3.0;4.0;3.0;[];[];[697428, 697429];;2;;1293;432;
3108095;45.0638379;7.6194546;via ozieri;11;80.0;Dal 1991 al 2000;;0.0;0.0;Abitazione;Patrimonio indisponibile;Nessuno;Alloggio di servizio, foresterie;D25;;false;true;;;;;;;2.0;3.0;2.0;2.0;3.0;2.0;[];[];[697432, 697433];;2;;1294;113;
3108096;45.0633183;7.6181797;Via Brissogne;32;4220.0;Dal 1981 al 1990;;0.0;0.0;Edificio scolastico (es.: scuola di ogni ordine e grado, università, scuola di formazione);Patrimonio indisponibile;Nessuno;Attività didattica;D25;;false;true;;;;;;;3.0;3.0;2.0;2.0;3.0;2.0;[];[];[698148, 698149];;2;;1294;145;
3108097;45.0628534;7.6184949;Via Brissogne;39;1366.5;Dal 1971 al 1980;;0.0;0.0;Abitazione;Patrimonio indisponibile;Nessuno;Alloggio di servizio, foresterie;D25;;false;true;;;;;;;3.0;3.0;3.0;3.0;4.0;3.0;[];[];[698225, 698226];;2;;1294;163;
3108098;45.0571839;7.6439982;via tolmino;40;5794.25;Dal 1971 al 1980;D;0.0;0.0;Abitazione;Patrimonio indisponibile;Nessuno;Alloggio di servizio, foresterie;C24;;false;true;;8.0;3.0;2.0;1.0;2.0;3.0;4.0;3.0;3.0;4.0;3.0;['2021_106141_0040.xml'];['2021_106141_0040.xml'];[697863, 697864];;2;;1296;205;
3108099;45.057764;7.6444953;Via Tolmino;30;1381.0;Dal 1971 al 1980;;0.0;0.0;Abitazione;Patrimonio indisponibile;Nessuno;Alloggio di servizio, foresterie;C24;;false;true;;;;;;;2.0;2.0;3.0;2.0;2.0;2.0;[];[];[697865, 697866];;2;;1296;333;
3108100;45.0562325;7.6455471;Via Lussimpiccolo;30;4982.0;Dal 1971 al 1980;;0.0;0.0;Abitazione;Patrimonio indisponibile;Nessuno;Alloggio di servizio, foresterie;C24;;false;true;;;;;;;3.0;3.0;3.0;3.0;4.0;3.0;[];[];[698251, 698252];;2;;1297;470;
3108101;45.0593567;7.648756;via millio francesco;42;3557.75;Dal 1961 al 1970;;0.0;0.0;Abitazione;Patrimonio indisponibile;Nessuno;Non Dichiarato;C24;;false;true;;;;;;;3.0;3.0;3.0;3.0;4.0;3.0;[];[];[698253, 698254];;2;;1297;471;
3108102;45.0599118;7.6488737;Via Paolo Braccini;63;5410.5;Dal 1971 al 1980;D;0.0;0.0;Edificio scolastico (es.: scuola di ogni ordine e grado, università, scuola di formazione);Patrimonio indisponibile;Nessuno;Attività didattica;C24;;false;true;;8.0;3.0;2.0;1.0;2.0;3.0;3.0;3.0;3.0;4.0;3.0;['2021_106141_0046.xml'];['2021_106141_0046.xml'];[698256, 698257, 698258];;3;;1297;59;
3108103;45.0574727;7.6539157;corso lione;46;5888.0;Dal 1981 al 1990;E;0.0;0.0;Abitazione;Patrimonio indisponibile;Nessuno;Altro;C24;;false;true;;8.0;1.8;3.2;1.0;2.0;3.0;3.0;3.0;3.0;4.0;3.0;['2021_106141_0028.xml', '2021_213914_0108.xml', '2022_107973_0009.xml', '2022_202185_0114.xml', '2022_210633_0029.xml'];['2021_106141_0028.xml', '2021_213914_0108.xml', '2022_107973_0009.xml', '2022_202185_0114.xml', '2022_210633_0029.xml'];[698259, 698260, 698261, 698262, 698263, 698264, 698289, 698300, 698311, 698322, 698329, 698350, 698360, 698361, 698362, 698363, 698372, 698373, 698374, 698375, 698376, 698377, 698379, 698380, 698381, 698382, 698383, 698384, 698385, 698386, 698387, 698388, 698389, 698390, 698391, 698392, 698393, 698394, 698395, 698396, 698397, 698398, 698399, 698400, 698401, 698402, 698403, 698404, 698405, 698406, 698407, 698408, 698409, 698410, 698411, 698412, 698413, 698414, 698415, 698416, 698417, 698418, 698419, 698420, 698421, 698422, 698423, 698424, 698425];;69;;1298;281;
3108104;45.05859052;7.65111804;via rio de janeiro;17;543.0;Dal 1946 al 1960;;0.0;0.0;Abitazione;Patrimonio indisponibile;Nessuno;Attività amministrativa/uffici pubblici;C24;;false;true;;;;;;;3.0;3.0;2.0;2.0;3.0;2.0;[];[];[697977, 697979];;2;;1298;72;
3108105;45.0581401;7.6523283;via millio francesco;20;1942.34;Prima del 1919;D;0.0;0.0;Struttura residenziale collettiva (es.: collegi e convitti, educandati, ricoveri, orfanotrofi, ospizi, conventi, seminari);Patrimonio indisponibile;Nessuno;Attività artistica e culturale;C24;;false;true;;7.5;2.5;2.0;1.0;2.0;3.0;3.0;3.0;3.0;4.0;3.0;['2019_210180_0008.xml', '2020_205962_0005.xml'];['2019_210180_0008.xml', '2020_205962_0005.xml'];[697980, 697981];;2;;1298;76;
3108106;45.0594272;7.6583945;Via Dego;13;799.29;Prima del 1919;;0.0;0.0;Abitazione;Demanio;Dichiarazione di interesse culturale;Attività amministrativa/uffici pubblici;C5;;false;true;;;;;;;3.0;3.0;2.0;2.0;3.0;2.0;[];[];[698428, 698430];;2;;1300;137;
3108107;45.0586544;7.6595314;Corso Duca degli Abruzzi;52;2293.0;Prima del 1919;E;0.0;0.0;Abitazione;Demanio;Dichiarazione di interesse culturale;Alloggio di servizio, foresterie;C5;;false;true;;7.0;2.0;2.0;1.0;2.0;4.0;4.0;4.0;4.0;4.0;4.0;['2021_106141_0044.xml'];['2021_106141_0044.xml'];[698435, 698436, 698437, 698438];;4;;1300;170;
3108109;45.05831817;7.66058969;Via Cristoforo Colombo;36;9445.25;Prima del 1919;D;0.0;0.0;Abitazione;Demanio;Dichiarazione di interesse culturale;Alloggio di servizio, foresterie;C5;;false;true;;8.0;3.0;2.0;1.0;2.0;3.0;3.0;3.0;3.0;4.0;3.0;['2021_106141_0041.xml'];['2021_106141_0041.xml'];[3898, 698447];;2;;1301;349;
3108110;45.0613276;7.6727091;via massena andrea;28;758.0;Prima del 1919;D;0.0;0.0;Abitazione;Patrimonio indisponibile;Nessuno;Altro;C4;;false;true;;8.0;2.0;3.0;1.0;2.0;3.0;3.0;3.0;3.0;3.0;3.0;['2021_208423_0092.xml', '2021_214176_0191.xml'];['2021_208423_0092.xml', '2021_214176_0191.xml'];[698449, 698450, 698451, 698452, 698453, 698454, 698455, 698456, 698457, 698458, 698459];;11;;1302;15;
3108111;45.0569757;7.6723545;via s. secondo;43;429.0;Prima del 1919;;0.0;0.0;Abitazione;Patrimonio indisponibile;Nessuno;Attività giudiziaria;C3;;false;true;;;;;;;2.0;2.0;2.0;2.0;3.0;2.0;[];[];[54202, 54203];;2;;1302;305;
3108112;45.059343;7.6720979;via massena andrea;39;3829.25;Prima del 1919;;0.0;0.0;Abitazione;Demanio;Dichiarazione di interesse culturale;Alloggio di servizio, foresterie;C3;;false;true;;;;;;;3.0;3.0;3.0;3.0;3.0;3.0;[];[];[697997, 697998];;2;;1302;417;
3108113;45.0598129;7.6733561;via gioberti vincenzo;33;1298.0;Dal 1971 al 1980;;0.0;0.0;Abitazione;Patrimonio indisponibile;Nessuno;Alloggio di servizio, foresterie;C3;;false;true;;;;;;;3.0;4.0;3.0;3.0;4.0;3.0;[];[];[698003, 698004];;2;;1302;94;
3108114;45.0592608;7.6788749;via saluzzo;24;2220.14;Prima del 1919;;0.0;0.0;Abitazione;Patrimonio indisponibile;Nessuno;Attività amministrativa/uffici pubblici;B8;;false;true;;;;;;;3.0;3.0;3.0;3.0;4.0;3.0;[];[];[698005, 698006];;2;;1304;121;
3108115;45.0601276;7.6788011;via nizza;17;2982.0;Prima del 1919;D;0.0;0.0;Abitazione;Patrimonio indisponibile;Nessuno;Altro;B8;;false;true;;8.0;3.0;2.0;1.0;2.0;3.0;3.0;3.0;3.0;3.0;3.0;['2020_207949_0186.xml'];['2020_207949_0186.xml'];[698461, 698462, 698463, 698464, 698465, 698466, 698467, 698468, 698469, 698470, 698471, 698472, 698473, 698474, 698475, 698476, 698477, 698478, 698479, 698480, 698481, 698482, 698483, 698484, 698485, 698486, 698487, 698488, 698489, 698490, 698491, 698492, 698493, 698494, 698495, 698496, 698497, 698498, 698499, 698500, 698501, 698502, 698503, 698504, 698505, 698506, 698507, 698508, 698509, 698510, 698511];;51;;1304;71;
3108116;45.056018;7.6825795;Via Cesare Lombroso;16;2727.26;Prima del 1919;;0.0;0.0;Biblioteca, pinacoteca, museo, gallerie;Patrimonio indisponibile;Nessuno;Altro;C2;;false;true;;;;;;;3.0;3.0;3.0;3.0;4.0;3.0;[];[];[698016, 698017];;2;;1305;333;
3108117;45.0586766;7.6837353;VIA MADAMA CRISTINA;SNC;78.0;Dal 2001 al 2010;;0.0;0.0;Locale commerciale, negozio;Demanio;Nessuno;Attività commerciale e di ristorazione;B8;;false;true;;;;;;;3.0;4.0;3.0;3.0;4.0;3.0;[];[];[698021, 698022];;2;;1305;92;
3108118;45.0609741;7.6882336;via mazzini giuseppe;44;3128.83;Prima del 1919;B;0.0;0.0;Abitazione;Patrimonio indisponibile;Nessuno;Altro;B2;1406.0;false;true;;9.0;4.0;2.0;1.0;2.0;3.0;3.0;3.0;3.0;4.0;3.0;['2020_106928_0037.xml'];['2020_106928_0037.xml'];[698597, 698598, 698599, 698600, 698601, 698602, 698603, 698604, 698605, 698606, 698607, 698608, 698609, 698610, 698611, 698612, 698613, 698614, 698615, 698616, 698617, 698622, 698623, 698624, 698625, 698626, 698627, 698628, 698630, 698631, 698632, 698633, 698634, 698635, 2786156, 2786157];14/02/2020;36;in concessione a titolo oneroso;1306;192;
3108119;45.0618301;7.6877992;Via dei Mille;28;879.0;Prima del 1919;;0.0;0.0;Abitazione;Demanio;Dichiarazione di interesse culturale;Attività di culto o assimilabili;B7;;false;true;;;;;;;3.0;3.0;3.0;3.0;3.0;3.0;[];[];[698638, 698639, 698640];;3;;1306;299;
3108120;45.0607896;7.693161;Murazzi del Po Gipo Farassino;22;792.0;Prima del 1919;;0.0;0.0;Magazzino e locali di deposito;Demanio;Dichiarazione di interesse culturale;Attività commerciale e di ristorazione;B7;10435.0;false;true;;;;;;;3.0;3.0;3.0;3.0;4.0;3.0;[];[];[698642, 698643, 698644, 698645, 698646, 698648, 698650, 2854870, 2854871];01/12/2022;9;in concessione a titolo oneroso;1307;269;
3108121;45.0619849;7.6942521;Murazzi del Po Gipo Farassino;22;1049.0;Prima del 1919;;0.0;0.0;Magazzino e locali di deposito;Demanio;Dichiarazione di interesse culturale;Attività commerciale e di ristorazione;B7;13661.0;false;true;;;;;;;3.0;3.0;2.0;2.0;3.0;2.0;[];[];[698651, 698652, 698653, 698654, 698655, 698656, 698657, 698658, 698660, 2855376, 2855377];01/07/2018;11;in concessione a titolo oneroso;1307;275;
3108122;45.0637825;7.6938129;Via della Rocca;7;1436.0;Prima del 1919;;0.0;0.0;Abitazione;Demanio;Dichiarazione di interesse culturale;Alloggio di servizio, foresterie;B7;;false;true;;;;;;;3.0;3.0;2.0;2.0;3.0;2.0;[];[];[388319, 388320, 388321, 388323, 388324, 388325, 388326, 388327, 388328, 388329, 388330, 388332];;12;;1307;46;
3108123;45.0595659;7.6943566;corso moncalieri;18;2905.0;Prima del 1919;;0.0;0.0;Abitazione;Patrimonio indisponibile;Nessuno;Altro;C12;;false;true;;;;;;;3.0;3.0;3.0;3.0;3.0;3.0;[];[];[6655, 698107];;2;;1308;3;
3108124;45.059755;7.6968102;via giardino gaetano;48;4596.2;Prima del 1919;;0.0;0.0;Biblioteca, pinacoteca, museo, gallerie;Demanio;Dichiarazione di interesse culturale;Alloggio di servizio, foresterie;C12;14196.0;false;true;;;;;;;3.0;3.0;3.0;3.0;4.0;3.0;[];[];[698666, 698667, 698668, 698669, 698670];21/12/2017;5;in concessione a titolo oneroso;1309;396;
3108125;45.0620205;7.698772;piazza gran madre di dio;4;708.0;Prima del 1919;;0.0;0.0;Abitazione;Demanio;Dichiarazione di interesse culturale;Altro;C12;53.0;false;true;;;;;;;2.0;3.0;2.0;2.0;3.0;2.0;[];[];[698673, 698674, 698675];01/04/2016;3;in concessione a titolo oneroso;1309;65;
3108126;45.0646202;7.7027894;Corso Casale;38;291.0;Dal 1946 al 1960;;0.0;0.0;Abitazione;Patrimonio disponibile;Nessuno;Non Dichiarato;C12;668.0;false;true;;;;;;;3.0;3.0;3.0;3.0;3.0;3.0;[];[];[698678, 698679, 698680, 698681, 698682];01/12/2020;5;in locazione;1310;14;
3108127;45.063045;7.7017044;Via Lodovica;2;766.6;Prima del 1919;;0.0;0.0;Abitazione;Demanio;Dichiarazione di interesse culturale;Alloggio di servizio, foresterie;C12;;false;true;;;;;;;3.0;3.0;3.0;3.0;4.0;3.0;[];[];[698683, 698684];;2;;1310;293;
3108128;45.0627629;7.7015867;Via Umberto Cosmo;12;4218.25;Prima del 1919;;0.0;0.0;Abitazione;Demanio;Dichiarazione di interesse culturale;Alloggio di servizio, foresterie;C12;;false;true;;;;;;;2.0;3.0;2.0;2.0;2.0;2.0;[];[];[698685, 698686, 698687];;3;;1310;294;
3108129;45.066056;7.7040152;Corso Casale;5;767.0;Dal 1946 al 1960;;0.0;0.0;Abitazione;Patrimonio indisponibile;Nessuno;Attività artistica e culturale;C11;;false;true;;;;;;;3.0;3.0;3.0;3.0;3.0;3.0;[];[];[698688, 698689];;2;;1311;13;
3108130;45.05662067;7.71190581;Strada Comunale Santa Margherita;139;415.0;Prima del 1919;;0.0;0.0;Abitazione;Demanio;Dichiarazione di interesse culturale;Attività amministrativa/uffici pubblici;E1;;false;true;;;;;;;3.0;3.0;3.0;3.0;4.0;3.0;[];[];[698699, 698700, 698701, 698702, 698703];;5;;1313;95;
3108131;45.0601345;7.740662;Corso Chieri;136;817.5;Prima del 1919;;0.0;0.0;Abitazione;Demanio;Dichiarazione di interesse culturale;Alloggio di servizio, foresterie;E1;;false;true;;;;;;;3.0;3.0;2.0;3.0;3.0;2.0;[];[];[698786, 698787, 698788, 698789];;4;;1319;82;
3108132;45.0516981;7.7191776;STRADA COM. DI PECETTO;12;1732.75;Prima del 1919;;0.0;0.0;Abitazione;Patrimonio indisponibile;Dichiarazione di interesse culturale;Alloggio di servizio, foresterie;E1;;false;true;;;;;;;3.0;3.0;3.0;3.0;3.0;3.0;[];[];[698790, 698791];;2;;1329;176;
3108133;45.0527135;7.711586;strada del nobile;36;411.0;Dal 1919 al 1945;;0.0;0.0;Magazzino e locali di deposito;Patrimonio indisponibile;Nessuno;Attività amministrativa/uffici pubblici;E1;;false;true;;;;;;;3.0;3.0;3.0;3.0;3.0;3.0;[];[];[698796, 698797];;2;;1330;239;
3108134;45.0535467;7.6908862;corso moncalieri;61;555.0;Prima del 1919;;0.0;0.0;Abitazione;Patrimonio indisponibile;Nessuno;Altro;C12;411.0;false;true;;;;;;;3.0;3.0;3.0;3.0;3.0;3.0;[];[];[698805, 698806, 698807, 698808, 698809, 698810];01/08/2021;6;in concessione a titolo oneroso;1334;104;
3108135;45.0537649;7.689781;corso moncalieri;64;237.0;Dal 1919 al 1945;;0.0;0.0;Abitazione;Patrimonio indisponibile;Nessuno;Alloggio di servizio, foresterie;C12;;false;true;;;;;;;3.0;4.0;3.0;3.0;4.0;3.0;[];[];[698811, 698812];;2;;1334;109;
3108136;45.0561299;7.6938316;via manara luciano;10;1329.0;Prima del 1919;;0.0;0.0;Abitazione;Demanio;Dichiarazione di interesse culturale;Alloggio di servizio, foresterie;C12;;false;true;;;;;;;3.0;3.0;3.0;3.0;3.0;3.0;[];[];[698814, 698815];;2;;1334;16;
3108137;45.0542869;7.687518;VIALE VIRGILIO;53;272.0;Dal 1919 al 1945;;0.0;0.0;Locale commerciale, negozio;Patrimonio indisponibile;Nessuno;Attività commerciale e di ristorazione;C1;;false;true;;;;;;;3.0;3.0;3.0;3.0;4.0;3.0;[];[];[2848334, 2849043];;2;;1336;19;
3108138;45.0525921;7.6848724;Viale Carlo Ceppi;5;2503.0;Prima del 1919;;0.0;0.0;Impianto sportivo;Patrimonio indisponibile;Nessuno;Attività sportiva, ricreativa e di intrattenimento;C1;;false;true;;;;;;;3.0;3.0;3.0;3.0;4.0;3.0;[];[];[698825, 698826, 698827, 698828];;4;;1336;36;
3108139;45.05378624;7.68205435;Via Ormea;45;2172.58;Prima del 1919;;0.0;0.0;Ufficio strutturato ed assimilabili;Patrimonio indisponibile;Nessuno;Attività amministrativa/uffici pubblici;C1;;false;true;;;;;;;3.0;3.0;3.0;3.0;4.0;3.0;[];[];[698951, 698952, 698953];;3;;1337;158;
3108140;45.05516022;7.68174818;corso marconi guglielmo;28;15206.75;Prima del 1919;;0.0;0.0;Abitazione;Demanio;Dichiarazione di interesse culturale;Alloggio di servizio, foresterie;C2;;false;true;;;;;;;4.0;4.0;3.0;3.0;4.0;3.0;[];[];[698954, 698955, 698956, 698957, 698958, 698959, 698960, 698961, 698962, 698963];;10;;1337;18;
3108141;45.05321819;7.67728328;Via Belfiore;46;11091.0;Prima del 1919;;0.0;0.0;Abitazione;Patrimonio indisponibile;Nessuno;Alloggio di servizio, foresterie;C2;;false;true;;;;;;;3.0;3.0;3.0;3.0;4.0;3.0;[];[];[388307, 388309];;2;;1337;329;
3108142;45.05362793;7.68213638;Via Ormea;47;1361.77;Prima del 1919;;0.0;0.0;Parcheggio collettivo;Patrimonio indisponibile;Nessuno;Attività amministrativa/uffici pubblici;C1;19754.0;false;true;;;;;;;3.0;3.0;3.0;3.0;4.0;3.0;[];[];[382042, 382043, 382044];01/01/2022;3;in locazione;1337;380;
3108143;45.0415879;7.682662;Via Aquileia;13;212.0;Dal 1919 al 1945;;0.0;0.0;Abitazione;Demanio;Dichiarazione di interesse culturale;Alloggio di servizio, foresterie;C12;;false;true;;;;;;;3.0;2.0;1.0;2.0;4.0;1.0;[];[];[698965, 698966];;2;;134;782;
3108144;45.0515873;7.6310427;via reni guido;53;1093.25;Dal 1971 al 1980;;0.0;0.0;Abitazione;Patrimonio indisponibile;Nessuno;Alloggio di servizio, foresterie;D19;;false;true;;;;;;;2.0;2.0;1.0;2.0;3.0;1.0;[];[];[388241, 388242, 388244];;3;;1342;167;
3108145;45.0488517;7.6368971;corso sebastopoli;258;7627.04;Dal 1971 al 1980;;0.0;0.0;Abitazione;Patrimonio indisponibile;Nessuno;Alloggio di servizio, foresterie;D18;;false;true;;;;;;;2.0;2.0;2.0;2.0;2.0;2.0;[];[];[698978, 698980, 698981];;3;;1343;302;
3108146;45.0494112;7.6366937;Via Barletta;109;4488.5;Dal 1981 al 1990;;0.0;0.0;Abitazione;Patrimonio indisponibile;Nessuno;Alloggio di servizio, foresterie;D18;;false;true;;;;;;;3.0;3.0;3.0;3.0;4.0;3.0;[];[];[698984, 698985];;2;;1343;367;
3108147;45.0521082;7.6396716;Via Ada Negri;21;7017.25;Dal 1971 al 1980;C;0.0;0.0;Abitazione;Patrimonio indisponibile;Nessuno;Alloggio di servizio, foresterie;D18;;false;true;;8.0;3.0;2.0;1.0;2.0;3.0;3.0;3.0;3.0;4.0;3.0;['2019_106141_0208.xml', '2021_100235_0003.xml'];['2019_106141_0208.xml', '2021_100235_0003.xml'];[698987, 698988, 698989, 698990];;4;;1344;106;
3108148;45.0506139;7.6533392;via gessi romolo;4;1726.0;Dal 1946 al 1960;E;0.0;0.0;Abitazione;Patrimonio indisponibile;Nessuno;Altro;D18;;false;true;;6.857142857142857;1.8571428571428572;2.0;1.0;2.0;3.0;3.0;3.0;3.0;3.0;3.0;['2019_312661_0138.xml', '2019_312661_0139.xml', '2019_312661_0140.xml', '2019_312661_0141.xml', '2019_312661_0142.xml', '2019_312661_0143.xml', '2021_313821_0163.xml'];['2019_312661_0138.xml', '2019_312661_0139.xml', '2019_312661_0140.xml', '2019_312661_0141.xml', '2019_312661_0142.xml', '2019_312661_0143.xml', '2021_313821_0163.xml'];[690525, 690526, 690527, 690528, 690529, 690530, 690531, 690532, 690533, 690534, 690535, 690536, 690537, 690538, 690539, 690540, 690541, 690542, 690543, 690544, 690545, 690546, 690547, 690548, 690549, 690550, 690551, 690552, 690553, 690554, 690555];;31;;1345;333;
3108149;45.0484196;7.6558198;corso monte lungo;51;568.0;Dal 1971 al 1980;;0.0;0.0;Abitazione;Patrimonio disponibile;Nessuno;Servizi ordine pubblico, sicurezza nazionale e militare;D18;26778.0;false;true;;;;;;;3.0;4.0;3.0;3.0;4.0;3.0;[];[];[382050, 382051, 382052, 382053];01/01/2019;4;in locazione;1346;104;
3108150;45.0518941;7.6589197;via piazzi giuseppe;55;10707.25;Dal 1946 al 1960;;0.0;0.0;Abitazione;Patrimonio indisponibile;Nessuno;Alloggio di servizio, foresterie;C5;;false;true;;;;;;;3.0;3.0;3.0;3.0;3.0;3.0;[];[];[690781, 690782];;2;;1347;1;
3108151;45.05341868;7.66670546;Via Orazio Antinori;3;492.0;Dal 1919 al 1945;E;0.0;0.0;Abitazione;Patrimonio indisponibile;Nessuno;Non Dichiarato;C5;998.0;false;true;;7.0;2.0;2.0;1.0;2.0;2.0;2.0;2.0;2.0;3.0;2.0;['2020_102099_0161.xml', '2020_102099_0162.xml', '2020_102099_0163.xml', '2020_210180_0078.xml', '2021_102099_0004.xml'];['2020_102099_0161.xml', '2020_102099_0162.xml', '2020_102099_0163.xml', '2020_210180_0078.xml', '2021_102099_0004.xml'];[689534, 689535, 689536, 689537, 689538, 689539, 689540];01/06/2021;7;in locazione;1349;159;
3108153;45.0486474;7.6821064;Corso Massimo d'Azeglio;17;8918.07;Prima del 1919;;0.0;0.0;Edificio scolastico (es.: scuola di ogni ordine e grado, università, scuola di formazione);Patrimonio indisponibile;Nessuno;Attività amministrativa/uffici pubblici;C1;;false;true;;;;;;;2.0;2.0;2.0;2.0;3.0;2.0;[];[];[689556, 2855206, 2855207, 2855214, 2855220];;5;;1352;2;
3108154;45.0488163;7.6852257;Viale Virgilio;107;385.0;Prima del 1919;;0.0;0.0;Abitazione;Demanio;Dichiarazione di interesse culturale;Alloggio di servizio, foresterie;C1;;false;true;;;;;;;2.0;3.0;3.0;3.0;3.0;3.0;[];[];[689665, 689666, 689667, 689668];;4;;1353;11;
3108155;45.0492555;7.6851396;Viale Virgilio;107;821.86;Prima del 1919;;0.0;0.0;Locale commerciale, negozio;Demanio;Dichiarazione di interesse culturale;Attività commerciale e di ristorazione;C1;20098.0;false;true;;;;;;;2.0;2.0;2.0;2.0;2.0;2.0;[];[];[26539, 689671, 689672, 689674, 689675, 689676, 689677, 689679];01/10/2007;8;in locazione;1353;3;
3108156;45.0492631;7.6853665;Viale Virgilio;107;260.0;Prima del 1919;;0.0;0.0;Magazzino e locali di deposito;Demanio;Dichiarazione di interesse culturale;Attività artistica e culturale;C1;;false;true;;;;;;;2.0;3.0;2.0;2.0;3.0;2.0;[];[];[689680, 689681, 689682, 689683, 689684, 689686, 689687];;7;;1353;4;
3108157;45.0517821;7.688122;corso moncalieri;88;818.0;Prima del 1919;;0.0;0.0;Abitazione;Patrimonio indisponibile;Nessuno;Alloggio di servizio, foresterie;C12;;false;true;;;;;;;1.0;1.0;1.0;1.0;1.0;1.0;[];[];[689707, 689708];;2;;1354;10;
3108158;45.0485998;7.6908539;Strada Comunale da San Vito a Revigliasco;65;721.0;Prima del 1919;;0.0;0.0;Abitazione;Patrimonio indisponibile;Nessuno;Attività amministrativa/uffici pubblici;E1;;false;true;;;;;;;3.0;3.0;3.0;3.0;4.0;3.0;[];[];[9296, 690791];;2;;1355;75;
3108159;45.0429508;7.7036509;Strada Antica di Revigliasco;77;236.0;Prima del 1919;C;0.0;0.0;Abitazione;Patrimonio indisponibile;Nessuno;Alloggio di servizio, foresterie;E1;;false;true;;13.0;3.0;2.0;3.0;5.0;3.0;3.0;3.0;3.0;4.0;3.0;['2019_101050_0005.xml'];['2019_101050_0005.xml'];[689931, 689932];;2;;1369;70;
3108160;45.0450558;7.6886604;corso moncalieri;147;83.0;Prima del 1919;;0.0;0.0;Magazzino e locali di deposito;Patrimonio indisponibile;Nessuno;Attività amministrativa/uffici pubblici;E1;;false;true;;;;;;;3.0;3.0;3.0;3.0;4.0;3.0;[];[];[689935, 689936];;2;;1372;11;
3108161;45.0441555;7.6852007;corso moncalieri;178;557.0;Dal 1919 al 1945;;0.0;0.0;Abitazione;Patrimonio indisponibile;Nessuno;Altro;C12;;false;true;;;;;;;3.0;3.0;3.0;3.0;4.0;3.0;[];[];[689939, 689940, 689941, 689942, 689943, 689944, 2732846, 2732847];;8;;1373;5;
3108162;45.0427844;7.6826563;corso sicilia;12;2074.0;Dal 1961 al 1970;;0.0;0.0;Abitazione;Patrimonio indisponibile;Nessuno;Attività amministrativa/uffici pubblici;C12;5605.0;false;true;;;;;;;3.0;3.0;2.0;3.0;4.0;2.0;[];[];[689945, 689946];01/03/2022;2;in concessione a titolo oneroso;1373;50;
3108163;45.0419937;7.6830466;Corso Sicilia;23;232.0;Prima del 1919;;0.0;0.0;Abitazione;Patrimonio disponibile;Nessuno;Non Dichiarato;C12;;false;true;;;;;;;3.0;3.0;2.0;3.0;4.0;2.0;[];[];[10308, 691681];;2;;1373;60;
3108164;45.04835642;7.67194327;Via Ernesto Lugaro;6;2384.25;Dal 1971 al 1980;;0.0;0.0;Abitazione;Patrimonio indisponibile;Nessuno;Alloggio di servizio, foresterie;C2;;false;true;;;;;;;3.0;3.0;3.0;3.0;3.0;3.0;[];[];[691687, 691688];;2;;1375;367;
3108165;45.0437905;7.6685152;via leonardo da vinci;8;1449.25;Prima del 1919;;0.0;0.0;Abitazione;Patrimonio indisponibile;Nessuno;Alloggio di servizio, foresterie;C2;;false;true;;;;;;;3.0;3.0;3.0;3.0;4.0;3.0;[];[];[691691, 691692];;2;;1376;82;
3108166;45.03704528;7.66938525;via nizza;219;1489.2;Prima del 1919;;0.0;0.0;Abitazione;Patrimonio disponibile;Nessuno;Non Dichiarato;D16;38425.0;false;true;;;;;;;3.0;3.0;3.0;3.0;4.0;3.0;[];[];[691702, 691703];01/07/2003;2;in locazione;1377;322;
3108167;45.0438326;7.6615874;Via Pasquale Galluppi;12;1918.0;Dal 1946 al 1960;;0.0;0.0;Abitazione;Patrimonio indisponibile;Nessuno;Altro;D17;;false;true;;;;;;;3.0;3.0;3.0;3.0;3.0;3.0;[];[];[692027, 692028, 692029, 692030, 692031, 692032, 692033, 692034, 692035, 692036, 692037, 692038, 692039, 692040, 692041, 692042, 692043, 692044, 692045, 692046, 692047, 692048, 692049, 692050, 692051, 692052, 692054, 692055, 692056, 692057, 692058];;31;;1380;10;
3108168;45.0434455;7.6611704;Via Pasquale Galluppi;12;1938.0;Dal 1946 al 1960;E;0.0;0.0;Abitazione;Patrimonio indisponibile;Nessuno;Altro;D17;;false;true;;7.0;2.0;2.0;1.0;2.0;3.0;3.0;3.0;3.0;3.0;3.0;['2022_209689_0102.xml'];['2022_209689_0102.xml'];[692123, 692124, 692125, 692126, 692127, 692128, 692129, 692130, 692131, 692132, 692133, 692134, 692135, 692136, 692137, 692138, 692139, 692140, 692141, 692142, 692143, 692144, 692145, 692146, 692147, 692149, 692150, 692151, 692152, 692153, 692154];;31;;1380;11;
3108169;45.0436812;7.661851;Via Pasquale Galluppi;12;1154.0;Dal 1946 al 1960;D;0.0;0.0;Abitazione;Patrimonio indisponibile;Nessuno;Altro;D17;;false;true;;8.0;3.0;2.0;1.0;2.0;3.0;3.0;2.0;2.0;3.0;2.0;['2022_206052_0057.xml'];['2022_206052_0057.xml'];[692155, 692156, 692157, 692158, 692159, 692160, 692161, 692162, 692163, 692164, 692165, 692166, 692167, 692169, 692170, 692171, 692172, 692173, 692174, 692175];;20;;1380;13;
3108170;45.0433464;7.6615317;Via Pasquale Galluppi;12;1165.0;Dal 1946 al 1960;;0.0;0.0;Abitazione;Patrimonio indisponibile;Nessuno;Altro;D17;;false;true;;;;;;;3.0;3.0;3.0;3.0;4.0;3.0;[];[];[692239, 692240, 692241, 692242, 692243, 692244, 692245, 692246, 692247, 692248, 692249, 692250, 692251, 692252, 692253, 692254, 692255, 692256, 692257, 692258];;20;;1380;14;
3108171;45.0435495;7.6621075;Via Pasquale Galluppi;12;1157.0;Dal 1946 al 1960;;0.0;0.0;Abitazione;Patrimonio indisponibile;Nessuno;Altro;D17;363.0;false;true;;;;;;;2.0;3.0;3.0;2.0;3.0;2.0;[];[];[692277, 692278, 692279, 692280, 692281, 692282, 692283, 692284, 692285, 692286, 692287, 692288, 692289, 692290, 692292, 692293, 692294, 692295, 692296, 692297];01/01/2022;20;in concessione a titolo oneroso;1380;15;
3108172;45.0409751;7.6595393;via spaventa bertrando;14;3225.0;Dal 1946 al 1960;;0.0;0.0;Abitazione;Patrimonio indisponibile;Nessuno;Altro;D17;;false;true;;;;;;;2.0;3.0;1.0;1.0;2.0;1.0;[];[];[692298, 692299, 692300, 692301, 692302, 692303, 692304, 692305, 692306, 692307, 692308, 692309, 692310, 692311, 692312, 692313, 692314, 692315, 692316, 692317, 692318, 692319, 692320, 692321, 692322, 692323, 692324, 692325, 692326, 692327, 692328, 692329, 692330, 692331, 692332, 692333, 692334, 692335, 692336];;39;;1380;152;
3108173;45.0432271;7.6617684;Via Pasquale Galluppi;12;1043.0;Dal 1946 al 1960;;0.0;0.0;Abitazione;Patrimonio indisponibile;Nessuno;Altro;D17;;false;true;;;;;;;3.0;3.0;3.0;3.0;4.0;3.0;[];[];[692337, 692338, 692339, 692340, 692341, 692342, 692343, 692344, 692345, 692346, 692347, 692348, 692349, 692350, 692351, 692352, 692353, 692354];;18;;1380;16;
3108174;45.0433;7.6627024;Via Giordano Bruno;52;128.0;Dal 1946 al 1960;D;0.0;0.0;Abitazione;Patrimonio indisponibile;Nessuno;Altro;D17;;false;true;;7.7;1.9;2.6;1.2;2.0;3.0;3.0;3.0;3.0;3.0;3.0;['2020_110202_0031.xml', '2021_103145_0002.xml', '2021_208567_0141.xml', '2021_208636_0003.xml', '2021_210120_0043.xml', '2022_106512_0002.xml', '2022_202695_0026.xml', '2022_202727_0011.xml', '2022_209730_0002.xml', '2022_211941_0055.xml'];['2020_110202_0031.xml', '2021_103145_0002.xml', '2021_208567_0141.xml', '2021_208636_0003.xml', '2021_210120_0043.xml', '2022_106512_0002.xml', '2022_202695_0026.xml', '2022_202727_0011.xml', '2022_209730_0002.xml', '2022_211941_0055.xml'];[692365, 692366];;2;;1380;18;
3108175;45.0443611;7.6607233;Via Tunisi;3;1369.0;Dal 1946 al 1960;D;0.0;0.0;Abitazione;Patrimonio indisponibile;Nessuno;Altro;D17;;false;true;;7.666666666666667;1.6666666666666667;3.0;1.0;2.0;3.0;3.0;3.0;3.0;4.0;3.0;['2017_104581_0032.xml', '2019_212489_0030.xml', '2019_212606_0001.xml'];['2017_104581_0032.xml', '2019_212489_0030.xml', '2019_212606_0001.xml'];[692367, 692368, 692369, 692370, 692371, 692372, 692373, 692374, 692375, 692376, 692377, 692378, 692379, 692380, 692381, 692383, 692384, 692385, 692386];;19;;1380;3;
3108176;45.0441291;7.6610968;Via Pasquale Galluppi;12;1153.0;Dal 1946 al 1960;;0.0;0.0;Abitazione;Patrimonio indisponibile;Nessuno;Altro;D17;;false;true;;;;;;;2.0;2.0;1.0;1.0;2.0;1.0;[];[];[691257, 691258, 691259, 691260, 691261, 691262, 691263, 691264, 691265, 691266, 691267, 691268, 691269, 691271, 691272, 691273, 691274, 691275, 691276, 691277];;20;;1380;4;
3108177;45.0438911;7.6602667;Via Tunisi;13;614.0;Dal 1946 al 1960;F;0.0;0.0;Abitazione;Patrimonio indisponibile;Nessuno;Altro;D17;;false;true;;6.5;1.5;2.0;1.0;2.0;3.0;3.0;2.0;3.0;3.0;2.0;['2019_110704_0063.xml', '2019_110874_0006.xml', '2019_212533_0290.xml', '2021_201149_0041.xml'];['2019_110704_0063.xml', '2019_110874_0006.xml', '2019_212533_0290.xml', '2021_201149_0041.xml'];[691278, 691279, 691280, 691281, 691282, 691283, 691284, 691285];;8;;1380;5;
3108178;45.0437173;7.6606792;Via Pasquale Galluppi;12;1166.0;Dal 1946 al 1960;;0.0;0.0;Abitazione;Patrimonio indisponibile;Nessuno;Altro;D17;;false;true;;;;;;;3.0;3.0;3.0;3.0;4.0;3.0;[];[];[691286, 691287, 691288, 691289, 691290, 691291, 691292, 691293, 691294, 691295, 691296, 691297, 691298, 691300, 691301, 691302, 691303, 691304, 691305, 691306];;20;;1380;6;
3108179;45.0440044;7.6613257;Via Pasquale Galluppi;12;1154.0;Dal 1946 al 1960;;0.0;0.0;Abitazione;Patrimonio indisponibile;Nessuno;Altro;D17;;false;true;;;;;;;3.0;3.0;3.0;3.0;4.0;3.0;[];[];[692389, 692390, 692391, 692392, 692393, 692394, 692395, 692396, 692397, 692398, 692399, 692400, 692401, 692403, 692404, 692405, 692406, 692407, 692408, 692409];;20;;1380;8;
3108180;45.0436054;7.6609314;Via Pasquale Galluppi;12;973.0;Dal 1946 al 1960;;0.0;0.0;Abitazione;Patrimonio indisponibile;Nessuno;Altro;D17;;false;true;;;;;;;3.0;3.0;3.0;3.0;4.0;3.0;[];[];[692410, 692411, 692412, 692413, 692414, 692415, 692416, 692417, 692418, 692419, 692420, 692421, 692423, 692424, 692425, 692426, 692427];;17;;1380;9;
3108181;45.0479814;7.6479748;corso orbassano;122;611.0;Dal 1961 al 1970;;0.0;0.0;Abitazione;Patrimonio indisponibile;Nessuno;Alloggio di servizio, foresterie;D18;;false;true;;;;;;;2.0;2.0;1.0;1.0;2.0;1.0;[];[];[692428, 692429];;2;;1383;58;
3108182;45.0459959;7.6458711;via tripoli;78;5643.75;Prima del 1919;;0.0;0.0;Abitazione;Demanio;Dichiarazione di interesse culturale;Alloggio di servizio, foresterie;D18;;false;true;;;;;;;3.0;3.0;2.0;2.0;3.0;2.0;[];[];[692431, 692432, 692433, 692434];;4;;1384;388;
3108183;45.0454104;7.6413454;Via Baltimora;74;2997.0;Dal 1961 al 1970;;0.0;0.0;Abitazione;Patrimonio indisponibile;Nessuno;Alloggio di servizio, foresterie;D18;;false;true;;;;;;;2.0;3.0;2.0;2.0;3.0;2.0;[];[];[692436, 692437];;2;;1385;408;
3108184;45.0450108;7.6418495;Via Baltimora;64;1282.0;Dal 1961 al 1970;;0.0;0.0;Abitazione;Patrimonio indisponibile;Nessuno;Alloggio di servizio, foresterie;D18;;false;true;;;;;;;3.0;3.0;3.0;3.0;4.0;3.0;[];[];[692439, 692440];;2;;1385;409;
3108185;45.0466108;7.6382384;Via Baltimora;110;6916.5;Dal 1971 al 1980;;0.0;0.0;Abitazione;Patrimonio indisponibile;Nessuno;Alloggio di servizio, foresterie;D18;;false;true;;;;;;;2.0;2.0;3.0;2.0;2.0;2.0;[];[];[692442, 692443];;2;;1386;124;
3108186;45.0439696;7.6378994;Via Filadelfia;205;6951.0;Prima del 1919;;0.0;0.0;Abitazione;Demanio;Dichiarazione di interesse culturale;Alloggio di servizio, foresterie;D18;;false;true;;;;;;;3.0;3.0;3.0;3.0;3.0;3.0;[];[];[5757, 692461];;2;;1386;71;
3108187;45.0476182;7.6314767;Via Baltimora;171;6312.5;Dal 1961 al 1970;;0.0;0.0;Edificio scolastico (es.: scuola di ogni ordine e grado, università, scuola di formazione);Patrimonio indisponibile;Nessuno;Attività didattica;D19;;false;true;;;;;;;3.0;3.0;3.0;3.0;3.0;3.0;[];[];[692482, 692483, 692484];;3;;1387;12;
3108188;45.0468503;7.6333844;Via Filadelfia;242;3105.43;Dal 1971 al 1980;;0.0;0.0;Impianto sportivo;Patrimonio indisponibile;Nessuno;Altro;D19;;false;true;;;;;;;3.0;3.0;3.0;3.0;4.0;3.0;[];[];[692488, 692489, 692490];;3;;1387;127;
3108189;45.0457616;7.6323173;via castelgomberto;75;1043.5;Dal 1971 al 1980;F;0.0;0.0;Abitazione;Patrimonio indisponibile;Nessuno;Attività amministrativa/uffici pubblici;D19;2626.0;false;true;;7.55;1.65;2.9;1.0;2.0;2.0;2.0;2.0;2.0;2.0;2.0;['2019_200542_0084.xml', '2019_205065_0005.xml', '2019_206362_0143.xml', '2020_101009_0002.xml', '2020_200471_0005.xml', '2010_104562_0253.xml', '2016_104562_0020.xml', '2020_200213_0016.xml', '2021_101009_0009.xml', '2021_101009_0015.xml', '2021_103241_0021.xml', '2021_104401_0003.xml', '2021_209507_0097.xml', '2021_212758_0006.xml', '2021_311274_0212.xml', '2021_311910_0017.xml', '2022_104389_0008.xml', '2022_204038_0040.xml', '2022_204777_0053.xml', '2022_212275_0003.xml'];['2019_200542_0084.xml', '2019_205065_0005.xml', '2019_206362_0143.xml', '2020_101009_0002.xml', '2020_200471_0005.xml', '2010_104562_0253.xml', '2016_104562_0020.xml', '2020_200213_0016.xml', '2021_101009_0009.xml', '2021_101009_0015.xml', '2021_103241_0021.xml', '2021_104401_0003.xml', '2021_209507_0097.xml', '2021_212758_0006.xml', '2021_311274_0212.xml', '2021_311910_0017.xml', '2022_104389_0008.xml', '2022_204038_0040.xml', '2022_204777_0053.xml', '2022_212275_0003.xml'];[692491, 692493];01/04/2019;2;in locazione;1387;35;
3108190;45.048336;7.6281736;via reni guido;114;80.0;Prima del 1919;;0.0;0.0;Abitazione;Patrimonio indisponibile;Nessuno;Attività amministrativa/uffici pubblici;D19;;false;true;;;;;;;3.0;3.0;2.0;2.0;3.0;2.0;[];[];[692496, 692497];;2;;1388;277;
3108191;45.0484786;7.6288336;via reni guido;180;292.0;Prima del 1919;;0.0;0.0;Abitazione;Patrimonio indisponibile;Nessuno;Attività amministrativa/uffici pubblici;D19;;false;true;;;;;;;3.0;3.0;3.0;3.0;3.0;3.0;[];[];[692498, 692499, 692500, 692501, 692502];;5;;1388;283;
3108192;45.047983;7.6261775;Via Giacomo Balla;19;1198.0;Dal 1971 al 1980;;0.0;0.0;Abitazione;Patrimonio indisponibile;Nessuno;Alloggio di servizio, foresterie;D19;;false;true;;;;;;;3.0;3.0;3.0;3.0;4.0;3.0;[];[];[691323, 691324, 691325, 691326];;4;;1388;378;
3108193;45.0512727;7.6236367;Corso Canonico Giuseppe Allamano;60;2431.0;Dal 1981 al 1990;E;0.0;0.0;Abitazione;Patrimonio indisponibile;Nessuno;Altro;D19;;false;true;;7.230769230769231;2.076923076923077;2.0;1.1538461538461537;2.0;2.0;3.0;2.0;2.0;3.0;2.0;['2019_103201_0009.xml', '2019_112696_0001.xml', '2019_213309_0045.xml', '2020_103343_0001.xml', '2020_207949_0012.xml', '2020_208722_0036.xml', '2020_104581_0006.xml', '2021_208722_0119.xml', '2022_205101_0006.xml', '2022_205141_0021.xml', '2022_208347_0306.xml', '2022_214176_0203.xml', '2022_311274_0105.xml'];['2019_103201_0009.xml', '2019_112696_0001.xml', '2019_213309_0045.xml', '2020_103343_0001.xml', '2020_207949_0012.xml', '2020_208722_0036.xml', '2020_104581_0006.xml', '2021_208722_0119.xml', '2022_205101_0006.xml', '2022_205141_0021.xml', '2022_208347_0306.xml', '2022_214176_0203.xml', '2022_311274_0105.xml'];[691328, 691329, 691332, 691333, 691334, 691335, 691336, 691337, 691338, 691339, 691340, 691341, 691342, 691343, 691344, 691345, 691346, 691347, 691348, 691349, 691350, 691351, 691352, 691353];;24;;1389;156;
3108194;45.0437055;7.6257931;corso salvemini gaetano;25;5381.0;Dal 1961 al 1970;;0.0;0.0;Abitazione;Patrimonio indisponibile;Nessuno;Altro;D19;;false;true;;;;;;;2.0;3.0;1.0;1.0;3.0;1.0;[];[];[692569, 692570, 692571, 692572, 692573, 692574, 692575, 692576, 692577, 692578, 692579, 692580, 692581, 692582, 692583, 692584, 692585, 692586, 692587, 692588, 692589, 692590, 692591, 692592, 692593, 692594, 692595, 692596, 692597, 692598, 692599, 692600, 692601, 692602, 692603, 692604, 692605, 692606, 692607, 692608, 692609, 692610, 692611, 692612, 692613, 692614, 692615, 692616, 692617, 692618, 692619, 692620, 692621, 692622, 692623, 692624, 692625, 692626, 692627, 692628, 692629, 692630, 692631, 692632, 692633, 692634, 692635, 692636, 692637, 692638, 692639, 692640, 692641, 692642, 692643, 692644, 692645, 692646, 692647, 692648];;80;;1391;126;
3108195;45.0397013;7.6235235;Via Ignazio Collino;12;18892.0;Dal 1971 al 1980;;0.0;0.0;Abitazione;Patrimonio indisponibile;Nessuno;Alloggio di servizio, foresterie;D19;;false;true;;;;;;;3.0;3.0;3.0;3.0;4.0;3.0;[];[];[691431, 691432, 691433, 691434];;4;;1391;174;
3108196;45.0438492;7.6251996;corso salvemini gaetano;25;5282.0;Dal 1961 al 1970;;0.0;0.0;Abitazione;Patrimonio indisponibile;Nessuno;Altro;D19;;false;true;;;;;;;3.0;3.0;3.0;3.0;4.0;3.0;[];[];[692665, 692666, 692667, 692668, 692669, 692670, 692671, 692672, 692673, 692674, 692675, 692676, 692677, 692678, 692679, 692680, 692681, 692682, 692683, 692684, 692685, 692686, 692687, 692688, 692689, 692690, 692691, 692692, 692693, 692694, 692695, 692696, 692697, 692698, 692699, 692700, 692701, 692702, 692703, 692704, 692705, 692706, 692707, 692708, 692709, 692710, 692711, 692712, 692713, 692714, 692715, 692716, 692717, 692718, 692719, 692720, 692721, 692722, 692723, 692724, 692725, 692726, 692727, 692728, 692729, 692730, 692731, 692732, 692733, 692734, 692735, 692736, 692737, 692738, 692739, 692740, 692741, 692742, 692743, 692744];;80;;1391;2;
3108197;45.0402892;7.6267167;Via Paolo Gaidano;22;1073.0;Dal 1961 al 1970;F;0.0;0.0;Abitazione;Patrimonio indisponibile;Nessuno;Altro;D19;;false;true;;7.090909090909091;1.5454545454545454;2.5454545454545454;1.0;2.0;2.0;2.0;2.0;2.0;3.0;2.0;['2019_108092_0106.xml', '2019_207188_0037.xml', '2019_210284_0036.xml', '2019_211937_0031.xml', '2019_212053_0014.xml', '2020_102992_0014.xml', '2020_202533_0028.xml', '2020_208347_0068.xml', '2020_208347_0704.xml', '2020_212275_0067.xml', '2020_212489_0024.xml', '2021_100824_0009.xml', '2021_108076_0014.xml', '2021_108181_0001.xml', '2021_113365_0003.xml', '2021_202185_0110.xml', '2021_202896_0019.xml', '2021_208347_0098.xml', '2021_212247_0095.xml', '2022_107124_0002.xml', '2022_107997_0017.xml', '2022_209689_0003.xml'];['2019_108092_0106.xml', '2019_207188_0037.xml', '2019_210284_0036.xml', '2019_211937_0031.xml', '2019_212053_0014.xml', '2020_102992_0014.xml', '2020_202533_0028.xml', '2020_208347_0068.xml', '2020_208347_0704.xml', '2020_212275_0067.xml', '2020_212489_0024.xml', '2021_100824_0009.xml', '2021_108076_0014.xml', '2021_108181_0001.xml', '2021_113365_0003.xml', '2021_202185_0110.xml', '2021_202896_0019.xml', '2021_208347_0098.xml', '2021_212247_0095.xml', '2022_107124_0002.xml', '2022_107997_0017.xml', '2022_209689_0003.xml'];[692792, 692793, 692794, 692795, 692796, 692797, 692798, 692799, 692800, 692801, 692802, 692803];;12;;1391;23;
3108198;45.0433189;7.6252755;corso salvemini gaetano;25;3593.0;Dal 1961 al 1970;;0.0;0.0;Abitazione;Patrimonio indisponibile;Nessuno;Altro;D19;;false;true;;;;;;;3.0;3.0;3.0;3.0;4.0;3.0;[];[];[692806, 692807, 692808, 692809, 692810, 692811, 692812, 692813, 692814, 692815, 692816, 692817, 692818, 692819, 692820, 692821, 692822, 692823, 692824, 692825, 692826, 692827, 692828, 692829, 692830, 692831, 692832, 692833, 692834, 692835, 692836, 692837, 692838, 692839, 692840, 692841, 692842, 692843, 692844, 692845];;40;;1391;3;
3108199;45.0428205;7.6250922;corso salvemini gaetano;25;5434.0;Dal 1961 al 1970;;0.0;0.0;Abitazione;Patrimonio indisponibile;Nessuno;Altro;D19;;false;true;;;;;;;3.0;4.0;3.0;3.0;4.0;3.0;[];[];[691480, 691481, 691482, 691483, 691484, 691485, 691486, 691487, 691488, 691489, 691490, 691491, 691492, 691493, 691494, 691495, 691496, 691497, 691498, 691499, 691500, 691501, 691502, 691503, 691504, 691505, 691506, 691507, 691508, 691509, 691510, 691511, 691512, 691513, 691514, 691515, 691516, 691517, 691518, 691519, 691520, 691521, 691522, 691523, 691524, 691525, 691526, 691527, 691528, 691529, 691530, 691531, 691532, 691533, 691534, 691535, 691536, 691537, 691538, 691539, 691540, 691541, 691542, 691543, 691544, 691545, 691546, 691547, 691548, 691549, 691550, 691551, 691552, 691553, 691554, 691555, 691556, 691557, 691558, 691559];;80;;1391;4;
3108200;45.04277;7.6256613;corso salvemini gaetano;25;3459.0;Dal 1961 al 1970;;0.0;0.0;Abitazione;Patrimonio indisponibile;Nessuno;Altro;D19;;false;true;;;;;;;3.0;3.0;3.0;3.0;3.0;3.0;[];[];[693060, 693061, 693062, 693063, 693064, 693065, 693066, 693067, 693068, 693069, 693070, 693071, 693072, 693073, 693074, 693075, 693076, 693077, 693078, 693079, 693080, 693081, 693082, 693083, 693084, 693085, 693086, 693087, 693088, 693089, 693090, 693091, 693092, 693093, 693094, 693095, 693096, 693097, 693098, 693099];;40;;1391;5;
3108201;45.0400869;7.6306142;via monte novegno;31;3476.75;Dal 1971 al 1980;;0.0;0.0;Abitazione;Patrimonio indisponibile;Nessuno;Alloggio di servizio, foresterie;D19;;false;true;;;;;;;2.0;3.0;1.0;1.0;2.0;1.0;[];[];[692906, 692907];;2;;1392;388;
3108202;45.0423535;7.6349878;corso orbassano;224 26;1288.75;Dal 1971 al 1980;;0.0;0.0;Abitazione;Patrimonio indisponibile;Nessuno;Alloggio di servizio, foresterie;D18;;false;true;;;;;;;3.0;3.0;3.0;3.0;4.0;3.0;[];[];[692909, 692910];;2;;1393;1;
3108203;45.0398166;7.6378494;via s. marino;107;4136.75;Dal 1961 al 1970;D;0.0;0.0;Abitazione;Patrimonio indisponibile;Nessuno;Alloggio di servizio, foresterie;D18;;false;true;;8.0;3.0;2.0;1.0;2.0;2.0;3.0;2.0;2.0;3.0;2.0;['2021_106141_0043.xml'];['2021_106141_0043.xml'];[692911, 692912];;2;;1393;213;
3108204;45.0397652;7.6416732;via boston;33;1552.25;Dal 1971 al 1980;;0.0;0.0;Impianto sportivo;Patrimonio indisponibile;Nessuno;Attività sportiva, ricreativa e di intrattenimento;D18;;false;true;;;;;;;3.0;3.0;2.0;3.0;3.0;2.0;[];[];[692944, 692945, 692946, 692947];;4;;1394;338;
3108205;45.0410253;7.6416285;Via Boston;20;6755.75;Dal 1971 al 1980;D;0.0;0.0;Abitazione;Patrimonio indisponibile;Nessuno;Alloggio di servizio, foresterie;D18;;false;true;;8.0;3.0;2.0;1.0;2.0;3.0;3.0;2.0;2.0;3.0;2.0;['2021_106141_0042.xml'];['2021_106141_0042.xml'];[692948, 692949];;2;;1394;343;
3108206;45.0417323;7.6445984;Via Filadelfia;123;4571.0;Dal 1971 al 1980;;0.0;0.0;Abitazione;Patrimonio indisponibile;Nessuno;Alloggio di servizio, foresterie;D18;;false;true;;;;;;;2.0;3.0;2.0;2.0;3.0;2.0;[];[];[692950, 692951];;2;;1395;7;
3108207;45.037298;7.6499811;Via San Marino;10;6160.2;Prima del 1919;;0.0;0.0;Struttura residenziale collettiva (es.: collegi e convitti, educandati, ricoveri, orfanotrofi, ospizi, conventi, seminari);Demanio;Dichiarazione di interesse culturale;Servizi assistenza socio-sanitaria (residenziali);D18;;false;true;;;;;;;3.0;3.0;2.0;2.0;3.0;2.0;[];[];[43009, 43011];;2;;1397;83;
3108208;45.0418859;7.6538793;corso sebastopoli;81;360.0;Dal 1919 al 1945;;0.0;0.0;Abitazione;Demanio;Dichiarazione di interesse culturale;Alloggio di servizio, foresterie;D18;;false;true;;;;;;;2.0;3.0;2.0;2.0;3.0;2.0;[];[];[692956, 692958, 692959, 692960, 692961];;5;;1398;24;
3108209;45.0370577;7.6545663;Via Tunisi;102;8636.25;Dal 1961 al 1970;;0.0;0.0;Abitazione;Patrimonio indisponibile;Nessuno;Alloggio di servizio, foresterie;D17;;false;true;;;;;;;2.0;3.0;3.0;2.0;3.0;3.0;[];[];[693004, 693005, 693006];;3;;1399;207;
3108210;45.0366602;7.6543006;via montevideo;17;8677.5;Dal 1919 al 1945;D;0.0;0.0;Abitazione;Demanio;Dichiarazione di interesse culturale;Alloggio di servizio, foresterie;D17;;false;true;;8.0;3.0;2.0;1.0;2.0;2.0;3.0;2.0;2.0;3.0;2.0;['2021_106141_0051.xml'];['2021_106141_0051.xml'];[9305, 693007];;2;;1399;210;
3108211;45.0412854;7.6552376;corso unione sovietica;170;1218.7;Prima del 1919;;0.0;0.0;Abitazione;Patrimonio indisponibile;Nessuno;Alloggio di servizio, foresterie;D18;18920.0;false;true;;;;;;;3.0;3.0;3.0;3.0;4.0;3.0;[];[];[2331, 693008, 693009, 693010, 693011];01/10/2020;5;in concessione a titolo oneroso;1399;6;
3108212;45.03286742;7.66898614;Via Finalmarina;7;8424.5;Prima del 1919;;0.0;0.0;Abitazione;Demanio;Dichiarazione di interesse culturale;Alloggio di servizio, foresterie;D16;;false;true;;;;;;;2.0;2.0;2.0;2.0;2.0;2.0;[];[];[388299, 388300, 388301];;3;;1402;253;
3108213;45.03249046;7.67264988;via pettinati luigi;10;404.0;Dopo il 2010;;0.0;0.0;Magazzino e locali di deposito;Patrimonio indisponibile;Nessuno;Non Dichiarato;D16;;false;true;;;;;;;3.0;4.0;3.0;3.0;4.0;3.0;[];[];[693021, 693022, 693023, 693024, 693025, 693026];;6;;1402;381;
3108214;45.0370914;7.6787283;Via Villa Glori;21;393.0;Dal 1946 al 1960;;0.0;0.0;Abitazione;Patrimonio indisponibile;Nessuno;Alloggio di servizio, foresterie;C12;;false;true;;;;;;;3.0;3.0;2.0;2.0;3.0;2.0;[];[];[693359, 693360];;2;;1405;192;
3108215;45.0409629;7.6808798;corso sicilia;40;6138.75;Dal 1971 al 1980;B;0.0;0.0;Abitazione;Patrimonio indisponibile;Nessuno;Alloggio di servizio, foresterie;C12;;false;true;;11.0;4.0;4.0;1.0;2.0;3.0;3.0;3.0;3.0;4.0;3.0;['2019_102341_0009.xml'];['2019_102341_0009.xml'];[693409, 693410];;2;;1405;5;
3108216;45.0430681;7.6969299;Strada Antica di San Vito;126;215.75;Prima del 1919;;0.0;0.0;Abitazione;Patrimonio indisponibile;Nessuno;Altro;E1;1534.0;false;true;;;;;;;3.0;3.0;3.0;3.0;3.0;3.0;[];[];[693045, 693046, 693047];01/01/2004;3;in concessione a titolo oneroso;1408;1;
3108217;45.0295131;7.6903205;Strada dei Ronchi;27;522.5;Prima del 1919;;0.0;0.0;Abitazione;Patrimonio indisponibile;Nessuno;Alloggio di servizio, foresterie;E3;;false;true;;;;;;;3.0;3.0;3.0;3.0;3.0;3.0;[];[];[693480, 693481];;2;;1416;240;
3108218;45.0301401;7.6865462;via s. rocco;62;109.0;Dal 1919 al 1945;;0.0;0.0;Abitazione;Patrimonio indisponibile;Nessuno;Altro;E3;;false;true;;;;;;;3.0;4.0;3.0;3.0;4.0;3.0;[];[];[693559, 693560];;2;;1418;16;
3108219;45.0252761;7.6758065;corso moncalieri;348;801.25;Dal 1919 al 1945;;0.0;0.0;Abitazione;Patrimonio indisponibile;Nessuno;Alloggio di servizio, foresterie;E3;;false;true;;;;;;;3.0;3.0;3.0;3.0;4.0;3.0;[];[];[693565, 693566];;2;;1419;66;
3108220;45.0268099;7.6710944;corso unita' d'italia;86;4746.5;Dal 1946 al 1960;;0.0;0.0;Abitazione;Patrimonio disponibile;Nessuno;Non Dichiarato;D16;0.0;false;true;;;;;;;3.0;3.0;3.0;3.0;3.0;3.0;[];[];[43005, 43006];01/01/2019;2;in concessione a titolo oneroso;1420;20;
3108221;45.0272124;7.6668622;Corso Caduti sul Lavoro;5;2538.0;Dal 1971 al 1980;;0.0;0.0;Abitazione;Patrimonio indisponibile;Nessuno;Alloggio di servizio, foresterie;D16;;false;true;;;;;;;3.0;3.0;2.0;2.0;3.0;2.0;[];[];[693775, 693776];;2;;1421;155;
3108222;45.026674;7.6686492;via ventimiglia;112;1927.5;Dal 1961 al 1970;;0.0;0.0;Abitazione;Patrimonio indisponibile;Nessuno;Alloggio di servizio, foresterie;D16;;false;true;;;;;;;3.0;3.0;3.0;3.0;4.0;3.0;[];[];[693777, 693779];;2;;1421;166;
3108223;45.0255208;7.6680948;via valenza;71;4377.25;Dal 1981 al 1990;;0.0;0.0;Abitazione;Patrimonio indisponibile;Nessuno;Alloggio di servizio, foresterie;D16;;false;true;;;;;;;3.0;4.0;3.0;3.0;4.0;3.0;[];[];[693782, 693783, 693785];;3;;1421;188;
3108224;45.0253376;7.6672611;via ventimiglia;128;4100.0;Dal 1971 al 1980;;0.0;0.0;Abitazione;Patrimonio indisponibile;Nessuno;Alloggio di servizio, foresterie;D16;;false;true;;;;;;;3.0;3.0;2.0;2.0;3.0;2.0;[];[];[693790, 693793];;2;;1421;298;
3108225;45.035401;7.6571811;via montevideo;41;3605.0;Prima del 1919;C;0.0;0.0;Impianto sportivo;Demanio;Dichiarazione di interesse culturale;Altro;D17;4026.0;false;true;;8.0;3.0;2.0;1.0;2.0;3.0;3.0;2.0;2.0;3.0;2.0;['2022_101416_0035.xml'];['2022_101416_0035.xml'];[694497, 694498, 694499, 694500, 694504];01/01/2014;5;in concessione a titolo oneroso;1422;182;
3108226;45.034205;7.6577318;GIORDANO BRUNO (VIA);181;30.0;ND;;0.0;0.0;Area urbana;Patrimonio indisponibile;Nessuno;Altro;D17;;false;true;;;;;;;3.0;3.0;2.0;2.0;3.0;2.0;[];[];[2732862, 2732864];;2;;1422;201;
3108227;45.03112;7.6534291;Via Albenga;22;202.0;Dal 1971 al 1980;D;0.0;0.0;Abitazione;Patrimonio disponibile;Nessuno;Altro;D17;;false;true;;7.966666666666667;2.1;2.6;1.2666666666666666;2.0;3.0;3.0;3.0;3.0;3.0;3.0;['2018_108348_0026.xml', '2018_200392_0118.xml', '2019_107973_0022.xml', '2019_206362_0016.xml', '2020_108905_0020.xml', '2020_112764_0065.xml', '2020_113131_0013.xml', '2020_113131_0014.xml', '2020_202065_0026.xml', '2020_206337_0003.xml', '2020_212533_0270.xml', '2020_311274_0025.xml', '2020_111396_0020.xml', '2021_101550_0012.xml', '2021_101550_0013.xml', '2021_107480_0008.xml', '2021_203082_0009.xml', '2021_204102_0006.xml', '2021_213683_0007.xml', '2022_106609_0012.xml', '2022_115340_0008.xml', '2022_203082_0052.xml', '2022_204038_0032.xml', '2022_206550_0042.xml', '2022_208423_0073.xml', '2022_208423_0087.xml', '2022_209689_0145.xml', '2022_210284_0024.xml', '2022_211941_0006.xml', '2022_211941_0007.xml'];['2018_108348_0026.xml', '2018_200392_0118.xml', '2019_107973_0022.xml', '2019_206362_0016.xml', '2020_108905_0020.xml', '2020_112764_0065.xml', '2020_113131_0013.xml', '2020_113131_0014.xml', '2020_202065_0026.xml', '2020_206337_0003.xml', '2020_212533_0270.xml', '2020_311274_0025.xml', '2020_111396_0020.xml', '2021_101550_0012.xml', '2021_101550_0013.xml', '2021_107480_0008.xml', '2021_203082_0009.xml', '2021_204102_0006.xml', '2021_213683_0007.xml', '2022_106609_0012.xml', '2022_115340_0008.xml', '2022_203082_0052.xml', '2022_204038_0032.xml', '2022_206550_0042.xml', '2022_208423_0073.xml', '2022_208423_0087.xml', '2022_209689_0145.xml', '2022_210284_0024.xml', '2022_211941_0006.xml', '2022_211941_0007.xml'];[693799, 2863690];;2;;1423;236;
3108228;45.0338287;7.6497272;VIA POIRINO;9;917.75;Dal 1971 al 1980;;0.0;0.0;Abitazione;Patrimonio indisponibile;Nessuno;Attività didattica;D17;;false;true;;;;;;;3.0;3.0;2.0;2.0;3.0;2.0;[];[];[2674976, 2674977, 2674978];;3;;1423;65;
3108229;45.0357243;7.6443245;Corso Giovanni Agnelli;105;458.0;Dal 1919 al 1945;F;0.0;0.0;Abitazione;Patrimonio disponibile;Nessuno;Non Dichiarato;D18;1479.0;false;true;;6.0;1.0;2.0;1.0;2.0;3.0;3.0;2.0;2.0;3.0;2.0;['2020_102099_0155.xml', '2020_102099_0156.xml', '2020_102099_0157.xml', '2020_102099_0158.xml', '2020_102099_0159.xml', '2020_102099_0160.xml'];['2020_102099_0155.xml', '2020_102099_0156.xml', '2020_102099_0157.xml', '2020_102099_0158.xml', '2020_102099_0159.xml', '2020_102099_0160.xml'];[693834, 693835, 693836, 693837, 693838, 693839, 693840, 693841];01/07/2021;8;in locazione;1425;80;
3108230;45.0320342;7.6395428;Corso Giovanni Agnelli;156;1286.0;Dal 1919 al 1945;;0.0;0.0;Abitazione;Patrimonio indisponibile;Nessuno;Altro;D19;;false;true;;;;;;;2.0;3.0;1.0;1.0;3.0;1.0;[];[];[693842, 693843, 693844, 693845, 693846, 693847, 693848, 693849, 693850, 693851, 693852, 693853, 693854, 693855, 693856, 693857, 693858, 693859];;18;;1426;252;
3108231;45.0316563;7.6392762;Corso Giovanni Agnelli;156;2225.0;Dal 1919 al 1945;;0.0;0.0;Abitazione;Patrimonio indisponibile;Nessuno;Altro;D19;;false;true;;;;;;;3.0;2.0;3.0;3.0;4.0;3.0;[];[];[693860, 693861, 693862, 693863, 693864, 693865, 693866, 693867, 693868, 693869, 693870, 693871, 693872, 693873, 693874, 693875, 693876, 693877, 693878, 693879, 693880, 693881, 693882, 693883, 693884];;25;;1426;257;
3108232;45.0312674;7.6389913;Corso Giovanni Agnelli;156;1737.0;Dal 1919 al 1945;;0.0;0.0;Abitazione;Patrimonio indisponibile;Nessuno;Altro;D19;;false;true;;;;;;;3.0;4.0;3.0;3.0;4.0;3.0;[];[];[693887, 693888, 693889, 693890, 693891, 693892, 693893, 693894, 693895, 693896, 693897, 693898, 693899, 693900, 693901, 693902, 693903, 693904, 693905];;19;;1426;259;
3108233;45.0310421;7.6393359;Corso Giovanni Agnelli;156;2110.0;Dal 1919 al 1945;;0.0;0.0;Abitazione;Patrimonio indisponibile;Nessuno;Altro;D19;;false;true;;;;;;;3.0;3.0;3.0;3.0;4.0;3.0;[];[];[694532, 694533, 694534, 694535, 694536, 694537, 694538, 694539, 694540, 694541, 694542, 694543, 694544, 694545, 694546, 694547, 694548, 694549, 694550, 694551, 694552];;21;;1426;261;
3108234;45.031393;7.6401097;Corso Giovanni Agnelli;156;5517.0;Dal 1919 al 1945;G;0.0;0.0;Abitazione;Patrimonio indisponibile;Nessuno;Altro;D19;;false;true;;9.0;1.0;5.0;1.0;2.0;3.0;4.0;3.0;3.0;4.0;3.0;['2019_102616_0039.xml'];['2019_102616_0039.xml'];[694553, 694554, 694555, 694556, 694557, 694558, 694559, 694560, 694561, 694562, 694563, 694564, 694565, 694566, 694567, 694568, 694569, 694570, 694571, 694572, 694573, 694574, 694575, 694576, 694577, 694578, 694579, 694580, 694581, 694582, 694583, 694584, 694585, 694586, 694587, 694588, 694589, 694590, 694591, 694592, 694593, 694594, 694595, 694596, 694597, 694598, 694599, 694600, 694601, 694602, 694603, 694604, 694605, 694606, 694607, 694608, 694609, 694610, 694611, 694612, 694613, 694614, 694615, 694616, 694617, 694618, 694619, 694620, 694621];;69;;1426;262;
3108235;45.0343396;7.6401723;Via Bernardo de Canal;37;2410.0;Dal 1961 al 1970;F;0.0;0.0;Abitazione;Patrimonio disponibile;Nessuno;Non Dichiarato;D19;504.0;false;true;;6.888888888888889;1.2222222222222223;2.6666666666666665;1.0;2.0;3.0;3.0;3.0;3.0;4.0;3.0;['2019_205048_0020.xml', '2019_207188_0012.xml', '2020_209579_0015.xml', '2021_102099_0005.xml', '2021_102099_0006.xml', '2021_102099_0007.xml', '2021_102099_0008.xml', '2021_102099_0009.xml', '2022_205558_0011.xml'];['2019_205048_0020.xml', '2019_207188_0012.xml', '2020_209579_0015.xml', '2021_102099_0005.xml', '2021_102099_0006.xml', '2021_102099_0007.xml', '2021_102099_0008.xml', '2021_102099_0009.xml', '2022_205558_0011.xml'];[693953, 693954, 693955, 693956, 693957, 693958, 693959, 693960, 693963, 693964, 693965, 693966, 693967, 693968, 693969, 693970, 693971, 693972, 693973, 693974, 693975, 693976, 693977, 693978, 693979, 693980, 693981, 693982, 693983, 693984, 693985, 693986];01/01/2022;32;in locazione;1426;357;
3108236;45.033875;7.6411595;Via Bernardo de Canal;27;520.0;Dal 1961 al 1970;E;0.0;0.0;Abitazione;Patrimonio indisponibile;Nessuno;Altro;D19;;false;true;;7.454545454545454;2.1818181818181817;2.272727272727273;1.0;2.0;2.0;2.0;2.0;2.0;3.0;2.0;['2019_108109_0009.xml', '2019_207188_0063.xml', '2019_202533_0045.xml', '2020_206019_0016.xml', '2020_206052_0379.xml', '2020_211937_0046.xml', '2021_101963_0008.xml', '2021_200297_0062.xml', '2021_207203_0036.xml', '2022_206748_0123.xml', '2022_207949_0235.xml'];['2019_108109_0009.xml', '2019_207188_0063.xml', '2019_202533_0045.xml', '2020_206019_0016.xml', '2020_206052_0379.xml', '2020_211937_0046.xml', '2021_101963_0008.xml', '2021_200297_0062.xml', '2021_207203_0036.xml', '2022_206748_0123.xml', '2022_207949_0235.xml'];[694149, 694150, 694151, 694152, 694153, 694154, 694155, 694156, 694157, 694159];;10;;1426;358;
3108237;45.0319885;7.6400676;Corso Giovanni Agnelli;156;1678.0;Dal 1919 al 1945;;0.0;0.0;Abitazione;Patrimonio indisponibile;Nessuno;Altro;D19;;false;true;;;;;;;2.0;3.0;2.0;2.0;3.0;2.0;[];[];[694162, 694163, 694164, 694165, 694166, 694167, 694168, 694169, 694170, 694171, 694172, 694173, 694174, 694175, 694176, 694177, 694178, 694179, 694180, 694181, 694182, 694183, 694184];;23;;1426;364;
3108238;45.0305985;7.6418194;Via Paolo Sarpi;132;139.0;Dopo il 2010;B;0.0;0.0;Abitazione;Patrimonio indisponibile;Nessuno;Altro;D17;;false;true;;10.0;3.6666666666666665;2.0;2.3333333333333335;2.0;2.0;2.0;3.0;2.0;3.0;2.0;['2021_110134_0027.xml', '2021_209689_0125.xml', '2022_214142_0150.xml'];['2021_110134_0027.xml', '2021_209689_0125.xml', '2022_214142_0150.xml'];[694723, 694724];;2;;1426;395;
3108239;45.034763;7.6404952;Via Eleonora d'Arborea 9;9;932.75;Dal 1971 al 1980;;0.0;0.0;Abitazione;Patrimonio indisponibile;Nessuno;Alloggio di servizio, foresterie;D19;;false;true;;;;;;;3.0;3.0;3.0;3.0;4.0;3.0;[];[];[573650, 573651];;2;;1426;96;
3108240;45.0323495;7.6389004;Via Lamberto de Bernardi;2;3385.8;Dal 1919 al 1945;;0.0;0.0;Abitazione;Patrimonio indisponibile;Nessuno;Altro;D19;;false;true;;;;;;;3.0;3.0;3.0;3.0;4.0;3.0;[];[];[694198, 694199, 694200, 694201, 694202, 694203, 694204, 694205, 694206, 694207, 694208, 694209, 694210, 694211, 694212, 694213, 694214, 694215];;18;;1427;73;
3108241;45.032401;7.6384052;Via Lamberto de Bernardi;2;1002.0;Dal 1919 al 1945;;0.0;0.0;Abitazione;Patrimonio indisponibile;Nessuno;Altro;D19;;false;true;;;;;;;3.0;3.0;2.0;3.0;3.0;2.0;[];[];[694217, 694218, 694219, 694220, 694221, 694222, 694223, 694224, 694225, 694226, 694227, 694228, 694229, 694230, 694231, 694232, 694233, 694234, 694235];;19;;1427;75;
3108242;45.0320387;7.6381606;Via Lamberto de Bernardi;2;1449.0;Dal 1919 al 1945;;0.0;0.0;Abitazione;Patrimonio indisponibile;Nessuno;Altro;D19;;false;true;;;;;;;3.0;3.0;3.0;3.0;4.0;3.0;[];[];[694819, 694820, 694821, 694822, 694823, 694824, 694825, 694826, 694827, 694828, 694829, 694830, 694831, 694832, 694833, 694834, 694835, 694836, 694837, 694838, 694839, 694840, 694841, 694842, 694843, 694844, 694845];;27;;1427;77;
3108243;45.0316332;7.6378617;Via Lamberto de Bernardi;2;1033.0;Dal 1919 al 1945;;0.0;0.0;Abitazione;Patrimonio indisponibile;Nessuno;Altro;D19;;false;true;;;;;;;3.0;3.0;3.0;3.0;4.0;3.0;[];[];[694846, 694847, 694848, 694849, 694850, 694851, 694852, 694853, 694854, 694855, 694856, 694857, 694858, 694859, 694860, 694861, 694862, 694863];;18;;1427;78;
3108244;45.0314137;7.6382279;Via Lamberto de Bernardi;2;6614.0;Dal 1919 al 1945;;0.0;0.0;Abitazione;Patrimonio indisponibile;Nessuno;Altro;D19;;false;true;;;;;;;2.0;2.0;2.0;2.0;3.0;2.0;[];[];[694871, 694872, 694873, 694874, 694875, 694876, 694877, 694878, 694879, 694880, 694881, 694882, 694883, 694884, 694885, 694886, 694887, 694888, 694889, 694890, 694891];;21;;1427;80;
3108245;45.0317071;7.6389513;Via Lamberto de Bernardi;2;9211.0;Dal 1919 al 1945;G;0.0;0.0;Abitazione;Patrimonio indisponibile;Nessuno;Altro;D19;;false;true;;6.0;1.0;2.0;1.0;2.0;3.0;3.0;3.0;3.0;4.0;3.0;['2020_210603_0018.xml'];['2020_210603_0018.xml'];[694292, 694293, 694294, 694295, 694296, 694297, 694298, 694299, 694300, 694301, 694302, 694303, 694304, 694305, 694306, 694307, 694308, 694309, 694310, 694311, 694312, 694313, 694314, 694315, 694316, 694317, 694318, 694319, 694320, 694321, 694322, 694323, 694324, 694325, 694326, 694327, 694328, 694329, 694330, 694331, 694332, 694333, 694334, 694335, 694336, 694337, 694338, 694339, 694340, 694341, 694342, 694343, 694344, 694345, 694346, 694347, 694348, 694349, 694350, 694351, 694352, 694353, 694354, 694355, 694356, 694357, 694358, 694359];;68;;1427;81;
3108246;45.0352839;7.630877;via poma carlo;2;1567.0;Dal 1961 al 1970;;0.0;0.0;Abitazione;Patrimonio indisponibile;Nessuno;Alloggio di servizio, foresterie;D19;;false;true;;;;;;;2.0;2.0;3.0;2.0;3.0;2.0;[];[];[694402, 694403];;2;;1428;110;
3108247;45.0354907;7.6300452;via scarsellini angelo;12 F;11206.0;Dal 1946 al 1960;F;0.0;0.0;Abitazione;Patrimonio indisponibile;Nessuno;Altro;D19;22496.0;false;true;;6.380952380952381;1.2380952380952381;2.142857142857143;1.0;2.0;3.0;3.0;3.0;3.0;3.0;3.0;['2019_206515_0005.xml', '2020_208487_0001.xml', '2021_204554_0002.xml', '2021_204783_0004.xml', '2022_105295_0002.xml', '2022_113184_0098.xml', '2022_113184_0099.xml', '2022_113184_0100.xml', '2022_113184_0101.xml', '2022_113184_0102.xml', '2022_113184_0103.xml', '2022_113184_0104.xml', '2022_113184_0105.xml', '2022_113184_0115.xml', '2022_113184_0116.xml', '2022_113184_0117.xml', '2022_113184_0118.xml', '2022_113184_0119.xml', '2022_113184_0120.xml', '2022_113184_0121.xml', '2022_113184_0122.xml'];['2019_206515_0005.xml', '2020_208487_0001.xml', '2021_204554_0002.xml', '2021_204783_0004.xml', '2022_105295_0002.xml', '2022_113184_0098.xml', '2022_113184_0099.xml', '2022_113184_0100.xml', '2022_113184_0101.xml', '2022_113184_0102.xml', '2022_113184_0103.xml', '2022_113184_0104.xml', '2022_113184_0105.xml', '2022_113184_0115.xml', '2022_113184_0116.xml', '2022_113184_0117.xml', '2022_113184_0118.xml', '2022_113184_0119.xml', '2022_113184_0120.xml', '2022_113184_0121.xml', '2022_113184_0122.xml'];[694985, 694986, 694987, 694988, 694989, 694990, 694991, 694992, 694993, 694994, 694995, 694996, 694997, 694998, 694999, 695000, 695001, 695002, 695003, 695004, 695005, 695006, 695007, 695008, 695010, 695011, 695012, 695013, 695014, 695015, 695016, 695017, 695018, 695019, 695020, 695021, 695022, 695023, 695024, 695025, 695026, 695027, 695028, 695029, 695030, 695031, 695034, 695035, 695036, 695037, 695038, 695039, 695040, 695041, 695042, 695043, 695044, 695045, 695046, 695048, 695049, 695050, 695051, 695052, 695053, 695054, 695055, 695056, 695057, 695058, 695059, 695060, 695061, 695062, 695063, 695064, 695065, 695066, 695067, 695068, 695070, 695071, 695072, 695073, 695074, 695075, 695076, 695077, 695078, 695079, 695080, 695081, 695082, 695083, 695084, 695085, 695086, 695087, 695088, 695089, 695090, 695091, 695092, 695093, 695095, 695096, 695097, 695098, 695099, 695100, 695101, 695102, 695103, 695104, 695105, 695106, 695107, 695108, 695109, 695110, 695111, 695112, 695113, 695114, 695115, 695117, 695118, 695119, 695120, 695121, 695122, 695123, 695124, 695125, 695126, 695127, 695128, 695129, 695130, 695131, 695132, 695133, 695134, 695135, 695136, 695137, 695138, 695139, 695140, 695142, 695143, 695144, 695145, 695146, 695147, 695148, 695149, 695150, 695151, 695152, 695153, 695154, 695155, 695156, 695157, 695158, 695159, 695160, 695161, 695162, 695163, 695164, 695165, 695166, 695167, 695168, 695169, 695170, 695171, 695172, 695173, 695174, 695175, 695176, 695177, 695178, 695179, 695180, 695181];01/11/2004;189;in concessione a titolo oneroso;1428;85;
3108248;45.0350849;7.630729;via poma carlo;14;1315.5;Dal 1961 al 1970;;0.0;0.0;Abitazione;Patrimonio indisponibile;Nessuno;Alloggio di servizio, foresterie;D19;;false;true;;;;;;;2.0;3.0;2.0;2.0;3.0;2.0;[];[];[695335, 695336];;2;;1428;90;
3108249;45.0349164;7.6316046;via poma carlo;11;11950.0;Dal 1946 al 1960;G;0.0;0.0;Abitazione;Patrimonio indisponibile;Nessuno;Altro;D19;;false;true;;8.25;1.75;3.5;1.0;2.0;3.0;3.0;2.0;2.0;3.0;2.0;['2019_207188_0028.xml', '2021_203057_0044.xml', '2022_107973_0107.xml', '2022_200220_0009.xml'];['2019_207188_0028.xml', '2021_203057_0044.xml', '2022_107973_0107.xml', '2022_200220_0009.xml'];[695685, 695686, 695687, 695688, 695689, 695690, 695691, 695692, 695693, 695694, 695695, 695696, 695697, 695698, 695699, 695700, 695702, 695703, 695704, 695705, 695706, 695707, 695708, 695709, 695710, 695711, 695712, 695713, 695714, 695715, 695716, 695717, 695718, 695719, 695720, 695721, 695722, 695723, 695724, 695725, 695727, 695728, 695729, 695730, 695731, 695732, 695733, 695734, 695735, 695736, 695737, 695738, 695739, 695740, 695741, 695742, 695743, 695744, 695745, 695746, 695747, 695748, 695749, 695750, 695751, 695752, 695753, 695754, 695755, 695756, 695757, 695758, 695759, 695760, 695761, 695762, 695763, 695764, 695765, 695766, 695767, 695768, 695769, 695770, 695771, 695772, 695773, 695774, 695775, 695776, 695777, 695778, 695779, 695780, 695781, 695782, 695783, 695784, 695785, 695786, 695787, 695788, 695789, 695790, 695791, 695792, 695793, 695794, 695795, 695796, 695797, 695798, 695799, 695800, 695801, 695802, 695803, 695804, 695805, 695806, 695807, 695808, 695809, 695810, 695811, 695812, 695813, 695814, 695815, 695816, 695817, 695818, 695819, 695820, 695821, 695822, 695823, 695824, 695825, 695826, 695827, 695828, 695829, 695830, 695831, 695832, 695833, 695834, 695835, 695836, 695837, 695838, 695839, 695840, 695841, 695842, 695843, 695844, 695845, 695846, 695847, 695848, 695849, 695850, 695851, 695852, 695853, 695854, 695855, 695856, 695857, 695858, 695859, 695860, 695861, 695862, 695863, 695864, 695865, 695866, 695867, 695868, 695869, 695870, 695871, 695872, 695873, 695874, 695875, 695876, 695877, 695878, 695879, 695880, 695881, 695882, 695883, 695884, 695885, 695886, 695887, 695888, 695889, 695890, 695891];;205;;1428;95;
3108250;45.0370978;7.6249117;Via Carlo Pinchia;11;3607.57;Dal 1961 al 1970;;0.0;0.0;Abitazione;Patrimonio indisponibile;Nessuno;Attività amministrativa/uffici pubblici;D19;;false;true;;;;;;;3.0;4.0;3.0;3.0;4.0;3.0;[];[];[695509, 695510];;2;;1429;41;
3108251;45.0343493;7.620652;VIA ORBASSANO;380;1446.0;Dal 1946 al 1960;F;0.0;0.0;Abitazione;Patrimonio indisponibile;Nessuno;Altro;D6;;false;true;;6.0;1.0;2.0;1.0;2.0;3.0;3.0;3.0;3.0;4.0;3.0;['2018_101746_0045.xml', '2018_101746_0046.xml', '2018_101746_0047.xml', '2019_101746_0006.xml', '2019_101746_0009.xml', '2019_101746_0010.xml', '2019_101746_0021.xml', '2020_101746_0004.xml', '2020_101746_0025.xml', '2020_101746_0026.xml', '2020_101746_0030.xml', '2020_101746_0031.xml', '2021_101746_0006.xml', '2021_101746_0013.xml', '2021_101746_0026.xml', '2021_101746_0027.xml', '2021_101746_0029.xml', '2021_101746_0030.xml', '2021_101746_0031.xml', '2021_101746_0032.xml', '2021_101746_0033.xml', '2021_101746_0035.xml', '2022_101746_0002.xml', '2022_101746_0003.xml', '2022_101746_0013.xml', '2022_101746_0014.xml', '2022_101746_0015.xml', '2022_101746_0026.xml', '2022_101746_0033.xml', '2022_101746_0034.xml', '2022_101746_0035.xml', '2022_101746_0041.xml', '2022_101746_0042.xml', '2022_101746_0044.xml', '2022_101746_0045.xml', '2022_101746_0048.xml', '2022_101746_0064.xml', '2022_101746_0065.xml', '2022_101746_0077.xml'];['2018_101746_0045.xml', '2018_101746_0046.xml', '2018_101746_0047.xml', '2019_101746_0006.xml', '2019_101746_0009.xml', '2019_101746_0010.xml', '2019_101746_0021.xml', '2020_101746_0004.xml', '2020_101746_0025.xml', '2020_101746_0026.xml', '2020_101746_0030.xml', '2020_101746_0031.xml', '2021_101746_0006.xml', '2021_101746_0013.xml', '2021_101746_0026.xml', '2021_101746_0027.xml', '2021_101746_0029.xml', '2021_101746_0030.xml', '2021_101746_0031.xml', '2021_101746_0032.xml', '2021_101746_0033.xml', '2021_101746_0035.xml', '2022_101746_0002.xml', '2022_101746_0003.xml', '2022_101746_0013.xml', '2022_101746_0014.xml', '2022_101746_0015.xml', '2022_101746_0026.xml', '2022_101746_0033.xml', '2022_101746_0034.xml', '2022_101746_0035.xml', '2022_101746_0041.xml', '2022_101746_0042.xml', '2022_101746_0044.xml', '2022_101746_0045.xml', '2022_101746_0048.xml', '2022_101746_0064.xml', '2022_101746_0065.xml', '2022_101746_0077.xml'];[695511, 695512, 695513, 695514, 695515, 695516, 695517, 2666122, 2666123, 2666140, 2666141, 2666142, 2787445, 2787446, 2863642];;15;;1429;98;
3108252;45.0383816;7.6182928;Via Domenico Guidobono;2;772.5;Dal 1961 al 1970;;0.0;0.0;Abitazione;Patrimonio indisponibile;Nessuno;Alloggio di servizio, foresterie;D19;;false;true;;;;;;;2.0;3.0;2.0;2.0;3.0;2.0;[];[];[696063, 696064];;2;;1430;111;
3108253;45.0411882;7.6195586;Via Amedeo Modigliani;21;297.0;Dal 1971 al 1980;;0.0;0.0;Impianto sportivo;Patrimonio indisponibile;Nessuno;Attività sportiva, ricreativa e di intrattenimento;D19;;false;true;;;;;;;2.0;2.0;3.0;2.0;3.0;2.0;[];[];[696087, 696088, 696089];;3;;1430;79;
3108254;45.0396274;7.6212592;via gaidano paolo;103 31;1528.75;Dal 1971 al 1980;;0.0;0.0;Abitazione;Patrimonio indisponibile;Nessuno;Alloggio di servizio, foresterie;D19;4086.0;false;true;;;;;;;2.0;3.0;2.0;2.0;3.0;2.0;[];[];[696090, 696091, 696092];08/02/2022;3;in concessione a titolo oneroso;1430;80;
3108255;45.03929;7.61909;Via Cimabue;2;2948.4;Dal 1946 al 1960;;0.0;0.0;Struttura residenziale collettiva (es.: collegi e convitti, educandati, ricoveri, orfanotrofi, ospizi, conventi, seminari);Patrimonio indisponibile;Nessuno;Non Dichiarato;D19;71.0;false;true;;;;;;;3.0;3.0;2.0;2.0;3.0;2.0;[];[];[696093, 696094, 696095];01/04/2006;3;in concessione a titolo oneroso;1430;85;
3108256;45.0324946;7.6129842;Strada del Portone;29;475.0;Dal 2001 al 2010;D;0.0;0.0;Abitazione;Patrimonio indisponibile;Nessuno;Altro;D6;;false;true;;8.0;3.0;2.0;1.0;2.0;2.0;2.0;1.0;1.0;2.0;1.0;['2020_102750_0029.xml', '2020_205351_0021.xml', '2020_206362_0109.xml', '2020_208487_0052.xml', '2021_111787_0043.xml', '2021_208423_0113.xml', '2022_206748_0039.xml'];['2020_102750_0029.xml', '2020_205351_0021.xml', '2020_206362_0109.xml', '2020_208487_0052.xml', '2021_111787_0043.xml', '2021_208423_0113.xml', '2022_206748_0039.xml'];[696101, 696102, 696103, 696104, 696105, 696106];;6;;1432;137;
3108257;45.0321773;7.6137438;strada del portone;23;348.0;Dal 2001 al 2010;C;0.0;0.0;Abitazione;Patrimonio indisponibile;Nessuno;Altro;D6;;false;true;;7.4;2.4;2.0;1.0;2.0;3.0;3.0;3.0;3.0;3.0;3.0;['2020_113459_0003.xml', '2021_208347_0091.xml', '2022_100222_0037.xml', '2022_203998_0004.xml', '2022_208347_0108.xml'];['2020_113459_0003.xml', '2021_208347_0091.xml', '2022_100222_0037.xml', '2022_203998_0004.xml', '2022_208347_0108.xml'];[696139, 696140, 696141, 696142];;4;;1432;138;
3108258;45.0327451;7.6123635;Strada del Portone;35;394.0;Dal 2001 al 2010;D;0.0;0.0;Abitazione;Patrimonio indisponibile;Nessuno;Altro;D6;;false;true;;7.857142857142857;2.857142857142857;2.0;1.0;2.0;2.0;3.0;2.0;2.0;3.0;2.0;['2020_104795_0010.xml', '2021_206695_0054.xml', '2021_208347_0124.xml', '2021_208347_0187.xml', '2021_208347_0222.xml', '2022_110134_0032.xml', '2022_113949_0082.xml'];['2020_104795_0010.xml', '2021_206695_0054.xml', '2021_208347_0124.xml', '2021_208347_0187.xml', '2021_208347_0222.xml', '2022_110134_0032.xml', '2022_113949_0082.xml'];[696143, 696144, 696145, 696146, 696147, 696151];;6;;1432;158;
3108259;45.0323372;7.6119899;Strada del Portone;35;716.0;Dal 2001 al 2010;E;0.0;0.0;Abitazione;Patrimonio indisponibile;Nessuno;Altro;D6;;false;true;;7.818181818181818;2.272727272727273;2.1818181818181817;1.3636363636363635;2.0;3.0;3.0;3.0;3.0;4.0;3.0;['2019_201276_0007.xml', '2019_201276_0008.xml', '2019_208347_0104.xml', '2019_208347_0548.xml', '2020_201276_0001.xml', '2020_201276_0002.xml', '2020_201276_0003.xml', '2020_201276_0004.xml', '2020_201276_0005.xml', '2020_208347_0278.xml', '2021_102203_0196.xml'];['2019_201276_0007.xml', '2019_201276_0008.xml', '2019_208347_0104.xml', '2019_208347_0548.xml', '2020_201276_0001.xml', '2020_201276_0002.xml', '2020_201276_0003.xml', '2020_201276_0004.xml', '2020_201276_0005.xml', '2020_208347_0278.xml', '2021_102203_0196.xml'];[696169, 696170, 696171, 696172, 696173, 696174, 696175, 696176, 696177, 696178];;10;;1432;161;
3108260;45.0309968;7.6028227;Via Agostino Bertani;109;304.0;Dal 1971 al 1980;;0.0;0.0;Locale commerciale, negozio;Patrimonio indisponibile;Nessuno;Attività commerciale e di ristorazione;D6;9718.0;false;true;;;;;;;2.0;2.0;2.0;2.0;2.0;2.0;[];[];[696276, 696277, 696278, 696279, 696280];01/03/2013;5;in locazione;1433;53;
3108261;45.0305681;7.6108275;corso orbassano;455;827.0;Dal 1919 al 1945;G;0.0;0.0;Abitazione;Patrimonio disponibile;Nessuno;Non Dichiarato;D6;732.0;false;true;;6.0;1.0;2.0;1.0;2.0;3.0;3.0;3.0;3.0;4.0;3.0;['2021_102099_0012.xml', '2021_102099_0013.xml', '2021_102099_0014.xml', '2021_102099_0015.xml', '2021_102099_0016.xml'];['2021_102099_0012.xml', '2021_102099_0013.xml', '2021_102099_0014.xml', '2021_102099_0015.xml', '2021_102099_0016.xml'];[696344, 696345, 696346, 696347, 696348, 696349, 696353, 2732865];01/03/2022;8;in locazione;1436;4;
3108262;45.0262726;7.6442934;Via Podgora;28;4105.0;Dal 1971 al 1980;;0.0;0.0;Magazzino e locali di deposito;Patrimonio indisponibile;Nessuno;Attività didattica;D17;;false;true;;;;;;;2.0;2.0;2.0;2.0;2.0;2.0;[];[];[696708, 696709, 696710, 696711];;4;;1439;176;
3108263;45.0267603;7.6429183;Via Monte Pasubio;21;176.0;Dal 1961 al 1970;G;0.0;0.0;Abitazione;Patrimonio disponibile;Nessuno;Non Dichiarato;D17;;false;true;;7.384615384615385;1.6923076923076923;2.6923076923076925;1.0;2.0;2.0;3.0;2.0;2.0;3.0;2.0;['2019_110151_0009.xml', '2019_207434_0062.xml', '2020_103201_0020.xml', '2021_102750_0003.xml', '2021_110486_0003.xml', '2021_200471_0001.xml', '2021_200471_0002.xml', '2021_205065_0003.xml', '2021_205335_0001.xml', '2021_213615_0075.xml', '2022_102203_0093.xml', '2022_204038_0044.xml', '2022_213873_0045.xml'];['2019_110151_0009.xml', '2019_207434_0062.xml', '2020_103201_0020.xml', '2021_102750_0003.xml', '2021_110486_0003.xml', '2021_200471_0001.xml', '2021_200471_0002.xml', '2021_205065_0003.xml', '2021_205335_0001.xml', '2021_213615_0075.xml', '2022_102203_0093.xml', '2022_204038_0044.xml', '2022_213873_0045.xml'];[696722, 696723, 696724];;3;;1439;94;
3108264;45.0278086;7.6508088;Corso Corsica;55;2962.03;Dal 1981 al 1990;;0.0;0.0;Abitazione;Patrimonio indisponibile;Nessuno;Alloggio di servizio, foresterie;D17;;false;true;;;;;;;3.0;3.0;3.0;3.0;4.0;3.0;[];[];[338751, 338752, 338753];;3;;1440;50;
3108265;45.02488047;7.64474249;Via Giuditta Sidoli;97;8571.0;Dal 1991 al 2000;E;0.0;0.0;Abitazione;Patrimonio indisponibile;Nessuno;Altro;D17;;false;true;;6.7;1.7;2.0;1.0;2.0;2.0;3.0;1.0;1.0;2.0;1.0;['2019_113184_0280.xml', '2020_113184_0009.xml', '2020_113184_0010.xml', '2020_113184_0011.xml', '2020_113184_0012.xml', '2020_113184_0013.xml', '2020_113184_0014.xml', '2020_113184_0015.xml', '2020_113184_0016.xml', '2020_113184_0017.xml', '2020_113184_0018.xml', '2020_113184_0019.xml', '2020_113184_0020.xml', '2020_113184_0021.xml', '2020_113184_0022.xml', '2020_113184_0023.xml', '2020_113184_0024.xml', '2020_113184_0025.xml', '2020_113184_0026.xml', '2021_113184_0121.xml'];['2019_113184_0280.xml', '2020_113184_0009.xml', '2020_113184_0010.xml', '2020_113184_0011.xml', '2020_113184_0012.xml', '2020_113184_0013.xml', '2020_113184_0014.xml', '2020_113184_0015.xml', '2020_113184_0016.xml', '2020_113184_0017.xml', '2020_113184_0018.xml', '2020_113184_0019.xml', '2020_113184_0020.xml', '2020_113184_0021.xml', '2020_113184_0022.xml', '2020_113184_0023.xml', '2020_113184_0024.xml', '2020_113184_0025.xml', '2020_113184_0026.xml', '2021_113184_0121.xml'];[696755, 696766, 696777, 696788, 696799, 696810, 696821, 696832, 696843, 696854, 696861, 696862, 696863, 696864, 696865, 696866, 696867, 696868, 696869, 696870, 696871, 696872, 696873, 696874, 696875, 696876, 696877, 696878, 696879, 696880, 696881, 696882, 696883, 696884, 696885, 696886, 696887, 696888, 696889, 696890, 696891, 696892, 696893, 696894, 696895, 696896, 696897, 696898, 696899, 696900, 696901, 696902, 696903, 696904, 696905, 696906, 696907, 696908, 696909, 696910, 696911, 696912, 696913, 696914, 696915, 696916, 696917, 696918, 696919, 696920, 696921, 696922, 696923, 696924, 696925, 696926, 696927, 696928, 696929, 696930, 696931, 696932, 696933, 696934, 696935, 696936, 696937, 696938, 696939, 696940, 696941, 696942, 696943, 696944, 696945, 696946];;96;;1441;88;
3108266;45.0259173;7.6504058;via passo buole;96;522.0;Dal 1961 al 1970;;0.0;0.0;Abitazione;Patrimonio indisponibile;Nessuno;Alloggio di servizio, foresterie;D17;;false;true;;;;;;;2.0;3.0;3.0;2.0;3.0;3.0;[];[];[696562, 696563];;2;;1442;65;
3108267;45.0253806;7.6546412;via monte corno;21;1445.5;Dal 1971 al 1980;;0.0;0.0;Abitazione;Patrimonio indisponibile;Nessuno;Alloggio di servizio, foresterie;D17;;false;true;;;;;;;3.0;3.0;3.0;3.0;3.0;3.0;[];[];[697434, 697435];;2;;1442;72;
3108268;45.0281138;7.6548255;via pio vii;17;19594.2;Dal 2001 al 2010;D;0.0;0.0;Abitazione;Patrimonio indisponibile;Nessuno;Altro;D17;2680.0;false;true;;8.4;3.0;2.0;1.4;2.0;2.0;3.0;3.0;2.0;3.0;2.0;['2018_102351_0349.xml', '2020_312661_0105.xml', '2022_313821_0073.xml', '2022_313821_0074.xml', '2022_313821_0075.xml'];['2018_102351_0349.xml', '2020_312661_0105.xml', '2022_313821_0073.xml', '2022_313821_0074.xml', '2022_313821_0075.xml'];[697436, 697437, 697438, 697439, 697440, 697441, 697442, 697443, 697444, 697445, 697446, 697447, 697448, 697449, 697450, 697451, 697452, 697453, 697454, 697455, 697456, 697457, 697458, 697459, 697460, 697461, 697462, 697463, 697464, 697465, 697466, 697467, 697468, 697469, 697470, 697471, 697472, 697473, 697474, 697475, 697476, 697477, 697478, 697479, 697480, 697481, 697482, 697483, 697484, 697485, 697486, 697487, 697488, 697489, 697490, 697491, 697492, 697493, 697494, 697495, 697496, 697497, 697498, 697499, 697500, 697501, 697502, 697503, 697504, 697505, 697506, 697507, 697508, 697509, 697510, 697511, 697512, 697513, 697514, 697515, 697516, 697517, 697518, 697519, 697520, 697521, 697522, 697523, 697524, 697525, 697526, 697527, 697528, 697529, 697530, 697531, 697532, 697533, 697534, 697535, 697536, 697537, 697538, 697539, 697540, 697541, 697542, 697543, 697544, 697545, 697546, 697547, 697548, 697549, 697550, 697551, 697552, 697553, 697554, 697555, 697556, 697557, 697558, 697559, 697560, 697561, 697562, 697563, 697564, 697565, 697566, 697567, 697568, 697569, 697591, 697602, 697613, 697614, 697625, 697636, 697647, 697658, 697669, 697680, 697691, 697702, 697713, 697724, 697725, 697736, 697747, 697758, 697765, 697766, 697767, 697768, 697769, 697770, 697771, 697772, 697773, 697774, 697775, 697776, 697777, 697778, 697779, 697780, 697781, 697782, 697783, 697784, 697785, 697786, 697787, 697788, 697789, 697790, 697791, 697792, 697793, 697794, 697795, 697796, 697797, 697798, 697799, 697800, 697801, 697802, 697803, 697804, 697805, 697806, 697807, 697808, 697809, 697810, 697811, 697812, 697813, 697814, 697815, 697816, 697817, 697818, 697819, 697820, 697821, 697823, 697824, 697825, 697826, 697827, 697828, 697829, 697830, 697831, 697832, 697833, 697834, 697835, 697836];01/05/2015;223;in concessione a titolo oneroso;1442;74;
3108269;45.0230764;7.6552716;via invernizio carolina;21;832.25;Dal 1971 al 1980;G;0.0;0.0;Abitazione;Patrimonio indisponibile;Nessuno;Alloggio di servizio, foresterie;D17;;false;true;;6.0;1.0;2.0;1.0;2.0;2.0;2.0;2.0;2.0;2.0;2.0;['2022_103892_0001.xml'];['2022_103892_0001.xml'];[697430, 697431];;2;;1443;237;
3108270;45.0214049;7.6536208;Via Luigi Palma di Cesnola;57;3105.0;Dal 2001 al 2010;B;0.0;0.0;Abitazione;Patrimonio indisponibile;Nessuno;Altro;D17;;false;true;;11.4375;4.125;2.5625;1.25;3.5;2.0;3.0;2.0;2.0;3.0;2.0;['2020_105218_0089.xml', '2020_110301_0002.xml', '2021_202636_0096.xml', '2021_205065_0012.xml', '2021_207744_0029.xml', '2021_208114_0005.xml', '2021_208114_0006.xml', '2021_208114_0007.xml', '2021_208114_0008.xml', '2021_208114_0009.xml', '2021_208114_0010.xml', '2021_208114_0011.xml', '2021_208114_0012.xml', '2021_213615_0306.xml', '2021_105783_0022.xml', '2022_200297_0059.xml', '2022_213632_0029.xml'];['2020_105218_0089.xml', '2020_110301_0002.xml', '2021_202636_0096.xml', '2021_205065_0012.xml', '2021_207744_0029.xml', '2021_208114_0005.xml', '2021_208114_0007.xml', '2021_208114_0008.xml', '2021_208114_0009.xml', '2021_208114_0010.xml', '2021_208114_0011.xml', '2021_208114_0012.xml', '2021_213615_0306.xml', '2021_105783_0022.xml', '2022_200297_0059.xml', '2022_213632_0029.xml'];[11936, 20970, 698151, 698152, 698153, 698154, 698155, 698156, 698157, 698158, 698159, 698160, 698161, 698162, 698163, 698164, 698165, 698166, 698167, 698169, 698170, 698172, 698173, 698174, 698176, 698177, 698178, 698179, 698180, 698182, 698183, 698186, 698187, 698188, 698189, 698191, 698194];;37;;1443;646;
3108271;45.0214049;7.6536208;corso traiano;143 A;167.0;Dal 2001 al 2010;;0.0;0.0;Abitazione;Patrimonio indisponibile;Nessuno;Altro;D17;;false;true;;;;;;;3.0;4.0;3.0;3.0;4.0;3.0;[];[];[11936, 20970];;2;;1443;647;
3108272;45.0206633;7.6672635;via ventimiglia;199;1667.0;Dal 1981 al 1990;;0.0;0.0;Abitazione;Patrimonio indisponibile;Nessuno;Alloggio di servizio, foresterie;D16;;false;true;;;;;;;3.0;3.0;3.0;3.0;4.0;3.0;[];[];[697857, 697858];;2;;1445;85;
3108273;45.0536053;7.6911288;corso moncalieri;61;125.0;Prima del 1919;;0.0;0.0;Abitazione;Patrimonio indisponibile;Nessuno;Altro;C12;;false;true;;;;;;;3.0;3.0;3.0;3.0;4.0;3.0;[];[];[698426, 698427];;2;;145;259;
3108274;45.017612;7.6629424;Via Corrado Corradino;5;1170.2;Dal 1919 al 1945;;0.0;0.0;Abitazione;Patrimonio disponibile;Nessuno;Servizi ordine pubblico, sicurezza nazionale e militare;D16;;false;true;;;;;;;3.0;3.0;2.0;2.0;3.0;2.0;[];[];[697868, 697869, 697870, 697871];;4;;1455;246;
3108275;45.0172405;7.6609971;via nizza;410;336.0;Prima del 1919;;0.0;0.0;Abitazione;Demanio;Dichiarazione di interesse culturale;Altro;D16;;false;true;;;;;;;2.0;3.0;2.0;2.0;3.0;2.0;[];[];[697872, 697873, 697874, 697875];;4;;1455;334;
3108276;45.0160315;7.6563265;via torrazza piemonte;10;21157.5;Dal 1971 al 1980;;0.0;0.0;Edificio scolastico (es.: scuola di ogni ordine e grado, università, scuola di formazione);Patrimonio indisponibile;Nessuno;Attività didattica;D6;;false;true;;;;;;;3.0;3.0;3.0;3.0;3.0;3.0;[];[];[697878, 697879, 697880, 697881, 697882, 697883, 697884, 697885];;8;;1456;441;
3108277;45.0205103;7.6458188;corso croce benedetto;21;1967.75;Dal 1971 al 1980;;0.0;0.0;Abitazione;Patrimonio indisponibile;Nessuno;Alloggio di servizio, foresterie;D17;;false;true;;;;;;;3.0;4.0;3.0;3.0;4.0;3.0;[];[];[697888, 697889];;2;;1458;129;
3108278;45.0207767;7.6467002;Corso Benedetto Croce;17;9270.25;Dal 1971 al 1980;C;0.0;0.0;Abitazione;Patrimonio indisponibile;Nessuno;Alloggio di servizio, foresterie;D17;;false;true;;8.0;3.0;2.0;1.0;2.0;2.0;3.0;2.0;2.0;3.0;2.0;['2021_106141_0047.xml', '2021_106141_0049.xml'];['2021_106141_0047.xml', '2021_106141_0049.xml'];[697890, 697891, 697892, 697893];;4;;1458;28;
3108279;45.02074573;7.64416338;corso croce benedetto;26;4417.25;Dal 1961 al 1970;D;0.0;0.0;Abitazione;Patrimonio indisponibile;Nessuno;Alloggio di servizio, foresterie;D17;;false;true;;8.0;3.0;2.0;1.0;2.0;3.0;3.0;3.0;3.0;3.0;3.0;['2021_106141_0045.xml'];['2021_106141_0045.xml'];[7904, 697894];;2;;1459;49;
3108280;45.0231824;7.6408099;piazza guala pietro francesco;140;1366.0;Dal 1961 al 1970;;0.0;0.0;Abitazione;Patrimonio indisponibile;Nessuno;Alloggio di servizio, foresterie;D17;;false;true;;;;;;;2.0;3.0;2.0;2.0;3.0;2.0;[];[];[697898, 697899];;2;;1461;111;
3108281;45.0237373;7.6392259;via nichelino;7;2635.5;Dal 1961 al 1970;D;0.0;0.0;Abitazione;Patrimonio indisponibile;Nessuno;Alloggio di servizio, foresterie;D17;;false;true;;8.0;3.0;2.0;1.0;2.0;2.0;2.0;1.0;1.0;2.0;1.0;['2021_106141_0054.xml'];['2021_106141_0054.xml'];[697901, 697902];;2;;1461;45;
3108282;45.0187092;7.6388598;Strada delle Cacce;36;1834.75;Dal 1971 al 1980;;0.0;0.0;Abitazione;Patrimonio indisponibile;Nessuno;Alloggio di servizio, foresterie;D6;;false;true;;;;;;;3.0;4.0;3.0;3.0;4.0;3.0;[];[];[697904, 697905];;2;;1462;136;
3108283;45.0190136;7.6223338;via monte cengio;29;119.0;Dal 1991 al 2000;D;0.0;0.0;Abitazione;Patrimonio indisponibile;Nessuno;Altro;D6;;false;true;;7.0;2.0;2.0;1.0;2.0;3.0;4.0;2.0;3.0;4.0;2.0;['2019_100124_0036.xml', '2019_206362_0212.xml'];['2019_100124_0036.xml', '2019_206362_0212.xml'];[697909, 697910];;2;;1464;146;
3108284;45.0173603;7.6210949;Via Monte Sei Busi;28;271.0;Dal 1961 al 1970;D;0.0;0.0;Abitazione;Patrimonio indisponibile;Nessuno;Altro;D6;;false;true;;8.0;2.5;2.5;1.0;2.0;3.0;3.0;3.0;3.0;4.0;3.0;['2019_207610_0002.xml', '2020_200288_0025.xml', '2021_200466_0003.xml', '2022_200193_0071.xml'];['2019_207610_0002.xml', '2020_200288_0025.xml', '2021_200466_0003.xml', '2022_200193_0071.xml'];[697911, 697912, 697913, 697914];;4;;1464;208;
3108285;45.0202921;7.6132884;Piazzetta Luciano Jona;4bis;3821.25;Dal 1971 al 1980;;0.0;0.0;Abitazione;Patrimonio indisponibile;Nessuno;Alloggio di servizio, foresterie;D6;;false;true;;;;;;;3.0;3.0;2.0;2.0;3.0;2.0;[];[];[688845, 688846];;2;;1465;101;
3108286;45.0199442;7.6131789;Piazzetta Luciano Jona;6;1394.5;Dal 1971 al 1980;;0.0;0.0;Abitazione;Patrimonio indisponibile;Nessuno;Alloggio di servizio, foresterie;D6;;false;true;;;;;;;3.0;3.0;3.0;3.0;4.0;3.0;[];[];[697917, 697918];;2;;1465;102;
3108287;45.0197625;7.6205986;Via Plava;66;206.0;Dal 1961 al 1970;;0.0;0.0;Impianto sportivo;Patrimonio indisponibile;Nessuno;Attività sportiva, ricreativa e di intrattenimento;D6;;false;true;;;;;;;3.0;3.0;2.0;2.0;3.0;2.0;[];[];[697920, 697921, 697922];;3;;1465;5;
3108288;45.0193315;7.6159034;Piazzetta Luciano Jona;5;5426.25;Dal 1971 al 1980;;0.0;0.0;Abitazione;Patrimonio indisponibile;Nessuno;Alloggio di servizio, foresterie;D6;;false;true;;;;;;;2.0;2.0;2.0;2.0;2.0;2.0;[];[];[697923, 697924];;2;;1465;92;
3108289;45.0217804;7.6065778;via roveda giovanni;34;1156.75;Dal 1961 al 1970;A1;0.0;0.0;Abitazione;Patrimonio indisponibile;Nessuno;Alloggio di servizio, foresterie;D6;;false;true;;15.0;5.0;2.0;3.0;5.0;2.0;2.0;2.0;2.0;2.0;2.0;['2022_100564_0003.xml'];['2022_100564_0003.xml'];[697925, 697926, 697927];;3;;1467;1;
3108290;45.022935;7.6071695;Via Plava;177;1243.25;Dal 1961 al 1970;;0.0;0.0;Abitazione;Patrimonio indisponibile;Nessuno;Alloggio di servizio, foresterie;D6;;false;true;;;;;;;3.0;4.0;3.0;3.0;4.0;3.0;[];[];[697928, 697929];;2;;1467;20;
3108291;45.0213595;7.6111914;via negarville celeste;8;1613.4;Dal 1971 al 1980;;0.0;0.0;Locale commerciale, negozio;Patrimonio disponibile;Nessuno;Attività commerciale e di ristorazione;D6;13742.0;false;true;;;;;;;3.0;3.0;3.0;3.0;3.0;3.0;[];[];[697932, 697933, 697937, 697940, 697941, 697942, 697943, 697944, 697945, 697946, 697947];01/01/2016;11;in locazione;1467;27;
3108292;45.0200749;7.6067594;Via Giovanni Roveda;31;1671.0;Dal 1961 al 1970;;0.0;0.0;Abitazione;Patrimonio indisponibile;Nessuno;Alloggio di servizio, foresterie;D6;;false;true;;;;;;;3.0;3.0;2.0;2.0;3.0;2.0;[];[];[697948, 697949];;2;;1473;21;
3108293;45.019683;7.6077314;Via Celeste Negarville;30;1371.0;Dal 1961 al 1970;;0.0;0.0;Abitazione;Patrimonio indisponibile;Nessuno;Alloggio di servizio, foresterie;D6;;false;true;;;;;;;3.0;2.0;3.0;3.0;4.0;3.0;[];[];[697950, 697951];;2;;1473;22;
3108294;45.0191344;7.6085107;via negarville celeste;30 4;3315.0;Dal 1961 al 1970;;0.0;0.0;Abitazione;Patrimonio indisponibile;Nessuno;Alloggio di servizio, foresterie;D6;;false;true;;;;;;;3.0;3.0;3.0;3.0;4.0;3.0;[];[];[697952, 697953];;2;;1473;23;
3108295;45.0163006;7.6378313;Strada delle Cacce;72;333.0;Dal 1981 al 1990;D;0.0;0.0;Abitazione;Patrimonio indisponibile;Nessuno;Altro;D6;;false;true;;8.0;3.0;2.0;1.0;2.0;3.0;3.0;3.0;3.0;4.0;3.0;['2020_104776_0021.xml'];['2020_104776_0021.xml'];[697970, 697971, 697975, 697976];;4;;1480;149;
3108296;45.0167754;7.6362999;via isler ignazio;15;3512.75;Dal 1971 al 1980;;0.0;0.0;Abitazione;Patrimonio indisponibile;Nessuno;Alloggio di servizio, foresterie;D6;;false;true;;;;;;;2.0;3.0;3.0;3.0;3.0;3.0;[];[];[698440, 698441];;2;;1480;273;
3108297;45.0163341;7.6351752;Via Alessandro Fleming;19;164.0;Dal 1961 al 1970;F;0.0;0.0;Abitazione;Patrimonio indisponibile;Nessuno;Altro;D6;;false;true;;6.0;1.0;2.0;1.0;2.0;3.0;3.0;3.0;3.0;4.0;3.0;['2022_114601_0032.xml'];['2022_114601_0032.xml'];[697984, 697985];;2;;1480;417;
3108298;45.0136726;7.6326514;via morandi rodolfo;10;1569.4299999999998;Dal 1971 al 1980;;0.0;0.0;Ufficio strutturato ed assimilabili;Patrimonio indisponibile;Nessuno;Attività amministrativa/uffici pubblici;D6;;false;true;;;;;;;3.0;3.0;3.0;3.0;4.0;3.0;[];[];[697986, 697987, 697988, 697989, 697994];;5;;1481;256;
3108299;45.0126617;7.63015;Strada Castello di Mirafiori;45;18297.0;Dal 1971 al 1980;;0.0;0.0;Abitazione;Patrimonio indisponibile;Nessuno;Alloggio di servizio, foresterie;D6;;false;true;;;;;;;2.0;3.0;3.0;2.0;3.0;3.0;[];[];[697999, 698000, 698001, 698002];;4;;1481;257;
3108300;45.0149171;7.627488;Strada Comunale di Mirafiori;7;2969.0;Dal 1971 al 1980;;0.0;0.0;Abitazione;Patrimonio indisponibile;Nessuno;Attività amministrativa/uffici pubblici;D6;;false;true;;;;;;;2.0;3.0;3.0;2.0;3.0;3.0;[];[];[698007, 698008];;2;;1481;258;
3108301;45.0136613;7.6483198;via panetti modesto;1;493.29;Dal 2001 al 2010;;0.0;0.0;Locale commerciale, negozio;Patrimonio indisponibile;Nessuno;Altro;D6;;false;true;;;;;;;2.0;3.0;2.0;2.0;3.0;2.0;[];[];[698019, 698020];;2;;1487;9;
3108302;45.013079;7.64939;Via E. Artom;55;5750.0;Dal 1961 al 1970;F;0.0;0.0;Abitazione;Patrimonio indisponibile;Nessuno;Altro;D6;;false;true;;6.555555555555555;1.5555555555555556;2.0;1.0;2.0;3.0;4.0;2.0;3.0;4.0;3.0;['2021_113184_0078.xml', '2021_113184_0079.xml', '2021_113184_0116.xml', '2022_113184_0135.xml', '2022_113184_0136.xml', '2022_113184_0137.xml', '2022_113184_0138.xml', '2022_113184_0139.xml', '2022_113184_0160.xml'];['2021_113184_0078.xml', '2021_113184_0079.xml', '2021_113184_0116.xml', '2022_113184_0135.xml', '2022_113184_0136.xml', '2022_113184_0137.xml', '2022_113184_0138.xml', '2022_113184_0139.xml', '2022_113184_0160.xml'];[698517, 698518, 698519, 698520, 698521, 698522, 698523, 698524, 698525, 698526, 698527, 698528, 698529, 698530, 698531, 698532, 698533, 698534, 698535, 698536, 698537, 698538, 698539, 698540, 698541, 698542, 698543, 698544, 698545, 698546, 698547, 698548, 698549, 698550, 698551, 698552, 698553, 698554, 698555, 698556, 698557, 698558, 698559, 698560, 698561, 698562, 698563, 698564, 698565, 698566, 698567, 698568, 698569, 698570, 698571, 698572, 698573, 698574, 698575, 698576, 698577, 698578, 698579, 698580, 698581, 698582, 698583, 698584, 698585, 698586, 698587, 698588, 698589, 698590, 698591, 698592, 698593, 698594, 698595, 698596];;80;;1488;14;
3108303;45.0137068;7.6501106;via pisacane carlo;67;2430.75;Dal 1961 al 1970;;0.0;0.0;Abitazione;Patrimonio indisponibile;Nessuno;Alloggio di servizio, foresterie;D6;;false;true;;;;;;;2.0;2.0;2.0;2.0;2.0;2.0;[];[];[698662, 698663];;2;;1488;2;
3108304;45.0128388;7.6500409;Via Fratelli Garrone;74;5739.0;Dal 1961 al 1970;E;0.0;0.0;Abitazione;Patrimonio indisponibile;Nessuno;Altro;D6;;false;true;;6.666666666666667;1.6666666666666667;2.0;1.0;2.0;3.0;3.0;3.0;3.0;3.0;3.0;['2021_113184_0080.xml', '2021_113184_0081.xml', '2021_113184_0082.xml', '2021_113184_0083.xml', '2021_113184_0084.xml', '2022_113184_0036.xml', '2022_113184_0140.xml', '2022_113184_0141.xml', '2022_312661_0108.xml'];['2021_113184_0080.xml', '2021_113184_0081.xml', '2021_113184_0082.xml', '2021_113184_0083.xml', '2021_113184_0084.xml', '2022_113184_0036.xml', '2022_113184_0140.xml', '2022_113184_0141.xml', '2022_312661_0108.xml'];[698025, 698026, 698027, 698028, 698029, 698030, 698031, 698032, 698033, 698034, 698035, 698036, 698037, 698038, 698039, 698040, 698041, 698042, 698043, 698044, 698045, 698046, 698047, 698048, 698049, 698050, 698051, 698052, 698053, 698054, 698055, 698056, 698057, 698058, 698059, 698060, 698061, 698062, 698063, 698064, 698065, 698066, 698067, 698068, 698069, 698070, 698071, 698072, 698073, 698074, 698075, 698076, 698077, 698078, 698079, 698080, 698081, 698082, 698083, 698084, 698085, 698086, 698087, 698088, 698089, 698090, 698091, 698092, 698093, 698094, 698095, 698096, 698097, 698098, 698099, 698100, 698101, 698102, 698103, 698104];;80;;1488;72;
3108305;45.0119429;7.6506028;Via Fratelli Garrone;67;5594.0;Dal 1961 al 1970;D;0.0;0.0;Abitazione;Patrimonio indisponibile;Nessuno;Altro;D6;;false;true;;7.0;2.0;2.0;1.0;2.0;3.0;3.0;3.0;3.0;4.0;3.0;['2021_113184_0077.xml', '2022_113184_0065.xml', '2022_113184_0130.xml', '2022_113184_0131.xml', '2022_113184_0132.xml'];['2021_113184_0077.xml', '2022_113184_0065.xml', '2022_113184_0130.xml', '2022_113184_0131.xml', '2022_113184_0132.xml'];[698705, 698706, 698707, 698708, 698709, 698710, 698711, 698712, 698713, 698714, 698715, 698716, 698717, 698718, 698719, 698720, 698721, 698722, 698723, 698724, 698725, 698726, 698727, 698728, 698729, 698730, 698731, 698732, 698733, 698734, 698735, 698736, 698737, 698738, 698739, 698740, 698741, 698742, 698743, 698744, 698745, 698746, 698747, 698748, 698749, 698750, 698751, 698752, 698753, 698754, 698755, 698756, 698757, 698758, 698759, 698760, 698761, 698762, 698763, 698764, 698765, 698766, 698767, 698768, 698769, 698770, 698771, 698772, 698773, 698774, 698775, 698776, 698777, 698778, 698779, 698780, 698781, 698782, 698783, 698784];;80;;1488;75;
3108306;45.0117341;7.6511606;Via Fratelli Garrone;63;8392.0;Dal 1961 al 1970;F;0.0;0.0;Abitazione;Patrimonio indisponibile;Nessuno;Altro;D6;;false;true;;9.6;1.6;2.0;1.0;5.0;3.0;3.0;3.0;3.0;4.0;3.0;['2021_113184_0074.xml', '2021_113184_0075.xml', '2021_113184_0076.xml', '2021_113184_0085.xml', '2021_113184_0086.xml', '2021_113184_0087.xml', '2021_113184_0088.xml', '2021_113184_0089.xml', '2022_113184_0161.xml', '2022_312661_0106.xml'];['2021_113184_0074.xml', '2021_113184_0075.xml', '2021_113184_0076.xml', '2021_113184_0085.xml', '2021_113184_0086.xml', '2021_113184_0087.xml', '2021_113184_0088.xml', '2021_113184_0089.xml', '2022_113184_0161.xml', '2022_312661_0106.xml'];[698829, 698830, 698831, 698832, 698833, 698834, 698835, 698836, 698837, 698838, 698839, 698840, 698841, 698842, 698843, 698844, 698845, 698846, 698847, 698848, 698849, 698850, 698851, 698852, 698853, 698854, 698855, 698856, 698857, 698858, 698859, 698860, 698861, 698862, 698863, 698864, 698865, 698866, 698867, 698868, 698869, 698870, 698871, 698872, 698873, 698874, 698875, 698876, 698877, 698878, 698879, 698880, 698881, 698882, 698883, 698884, 698885, 698886, 698887, 698888, 698889, 698890, 698891, 698892, 698893, 698894, 698895, 698896, 698897, 698898, 698899, 698900, 698901, 698902, 698903, 698904, 698905, 698906, 698907, 698908, 698909, 698910, 698911, 698912, 698913, 698914, 698915, 698916, 698917, 698918, 698919, 698920, 698921, 698922, 698923, 698924, 698925, 698926, 698927, 698928, 698929, 698930, 698931, 698932, 698933, 698934, 698935, 698936, 698937, 698938, 698939, 698940, 698941, 698942, 698943, 698944, 698945, 698946, 698947, 698948];;120;;1488;76;
3108307;45.0112325;7.6498055;Via E. Artom;81;7117.0;Dal 1961 al 1970;F;0.0;0.0;Abitazione;Patrimonio indisponibile;Nessuno;Altro;D6;;false;true;;6.6;1.6;2.0;1.0;2.0;3.0;3.0;3.0;3.0;4.0;3.0;['2021_113184_0062.xml', '2021_113184_0063.xml', '2021_113184_0064.xml', '2021_113184_0065.xml', '2022_113184_0123.xml', '2022_113184_0124.xml', '2022_113184_0125.xml', '2022_113184_0126.xml', '2022_113184_0127.xml', '2022_113184_0128.xml'];['2021_113184_0062.xml', '2021_113184_0063.xml', '2021_113184_0064.xml', '2021_113184_0065.xml', '2022_113184_0123.xml', '2022_113184_0124.xml', '2022_113184_0125.xml', '2022_113184_0126.xml', '2022_113184_0127.xml', '2022_113184_0128.xml'];[698993, 698994, 698995, 698996, 698997, 698998, 698999, 699000, 699001, 699002, 699003, 699004, 699005, 699006, 699007, 699008, 699009, 699010, 699011, 699012, 699013, 699014, 699015, 699016, 699017, 699018, 699019, 699020, 699021, 699022, 699023, 699024, 699025, 699026, 699027, 699028, 699029, 699030, 699031, 699032, 699033, 699034, 699035, 699036, 699037, 699038, 699039, 699040, 699041, 699042, 699043, 699044, 699045, 699046, 699047, 699048, 699049, 699050, 699051, 699052, 699053, 699054, 699055, 699056, 699057, 699058, 699059, 699060, 699061, 699062, 699063, 699064, 699065, 699066, 699067, 699068, 699069, 699070, 699071, 699072, 699073, 699074, 699075, 699076, 699077, 699078, 699079, 699080, 699081, 699082, 699083, 699084, 699085, 699086, 699087, 699088, 699089, 699090, 699091, 699092];;100;;1488;77;
3108308;45.0109034;7.650705;Via Fratelli Garrone;61;8765.0;Dal 1961 al 1970;F;0.0;0.0;Abitazione;Patrimonio indisponibile;Nessuno;Altro;D6;;false;true;;6.444444444444445;1.4444444444444444;2.0;1.0;2.0;2.0;3.0;2.0;2.0;3.0;2.0;['2021_113184_0066.xml', '2021_113184_0067.xml', '2021_113184_0068.xml', '2021_113184_0069.xml', '2021_113184_0070.xml', '2021_113184_0071.xml', '2021_113184_0072.xml', '2021_113184_0073.xml', '2022_113184_0129.xml'];['2021_113184_0066.xml', '2021_113184_0067.xml', '2021_113184_0068.xml', '2021_113184_0069.xml', '2021_113184_0070.xml', '2021_113184_0071.xml', '2021_113184_0072.xml', '2021_113184_0073.xml', '2022_113184_0129.xml'];[699093, 699094, 699095, 699096, 699097, 699098, 699099, 699100, 699101, 699102, 699103, 699104, 699105, 699106, 699107, 699108, 699109, 699110, 699111, 699112, 699113, 699114, 699115, 699116, 699117, 699118, 699119, 699120, 699121, 699122, 699123, 699124, 699125, 699126, 699127, 699128, 699129, 699130, 699131, 699132, 699133, 699134, 699135, 699136, 699137, 699138, 699139, 699140, 699141, 699142, 699143, 699144, 699145, 699146, 699147, 699148, 699149, 699150, 699151, 699152, 699153, 699154, 699155, 699156, 699157, 699158, 699159, 699160, 699161, 699162, 699163, 699164, 699165, 699166, 699167, 699168, 699169, 699170, 699171, 699172, 699173, 699174, 699175, 699176, 699177, 699178, 699179, 699180, 699181, 699182, 699183, 699184, 699185, 699186, 699187, 699188, 699189, 699190, 699191, 699192, 699193, 699194, 699195, 699196, 699197, 699198, 699199, 699200, 699201, 699202, 699203, 699204, 699205, 699206, 699207, 699208, 699209, 699210, 699211, 699212];;120;;1488;78;
3108309;45.0101954;7.6509241;via garrone fratelli;61 80;2102.75;Dal 1961 al 1970;;0.0;0.0;Abitazione;Patrimonio indisponibile;Nessuno;Alloggio di servizio, foresterie;D6;;false;true;;;;;;;2.0;3.0;2.0;2.0;3.0;2.0;[];[];[699213, 699214, 699215, 699216];;4;;1488;95;
3108310;45.0127606;7.6540846;via pisacane carlo;31 16;707.0;Dal 1961 al 1970;F;0.0;0.0;Abitazione;Patrimonio indisponibile;Nessuno;Altro;D6;;false;true;;8.0;2.3333333333333335;2.0;1.6666666666666667;2.0;2.0;2.0;1.0;1.0;2.0;1.0;['2021_115162_0004.xml', '2022_114601_0033.xml', '2022_312661_0027.xml'];['2021_115162_0004.xml', '2022_114601_0033.xml', '2022_312661_0027.xml'];[698111, 698112, 698113, 698114, 698115, 698116, 698117, 698118, 698119];;9;;1489;150;
3108311;45.0093596;7.6553813;via somalia;104 B;126.0;Dal 2001 al 2010;D;0.0;0.0;Abitazione;Patrimonio indisponibile;Nessuno;Altro;D6;;false;true;;8.333333333333334;3.0;2.0;1.3333333333333333;2.0;3.0;3.0;3.0;3.0;3.0;3.0;['2019_200542_0042.xml', '2020_107973_0135.xml', '2020_111814_0004.xml', '2021_107973_0280.xml', '2022_113175_0016.xml', '2022_215889_0007.xml'];['2019_200542_0042.xml', '2020_107973_0135.xml', '2020_111814_0004.xml', '2021_107973_0280.xml', '2022_113175_0016.xml', '2022_215889_0007.xml'];[698120, 698121];;2;;1489;587;
3108312;45.0756391;7.6813996;Via Franco Bonelli;1;747.0;Prima del 1919;;0.0;0.0;Abitazione;Patrimonio indisponibile;Nessuno;Altro;B5;;false;true;;;;;;;3.0;3.0;3.0;3.0;4.0;3.0;[];[];[698129, 698130, 698131, 698132, 698133, 698134, 698135, 698136, 698137, 698138, 698139, 698140, 698141, 698145, 698146, 698147];;16;;209;105;
3108314;45.0756391;7.6813996;Via Gian Francesco Bellezia;29;494.0;Prima del 1919;;0.0;0.0;Abitazione;Patrimonio indisponibile;Nessuno;Altro;B5;;false;true;;;;;;;2.0;3.0;3.0;2.0;3.0;3.0;[];[];[699318, 699319, 699320, 699321, 699322, 699323, 699324, 699325, 699326, 699327];;10;;209;113;
3108315;45.0756391;7.6813996;via s. chiara;10;627.0;Prima del 1919;E;0.0;0.0;Abitazione;Patrimonio indisponibile;Nessuno;Altro;B5;;false;true;;7.0;2.0;2.0;1.0;2.0;3.0;3.0;2.0;2.0;3.0;2.0;['2021_113184_0093.xml'];['2021_113184_0093.xml'];[699328, 699329, 699330, 699332, 699341, 699343, 699345, 699347, 699349];;9;;209;118;
3108317;45.0756391;7.6813996;Via Gian Francesco Bellezia;27;633.0;Prima del 1919;;0.0;0.0;Abitazione;Patrimonio indisponibile;Nessuno;Altro;B5;;false;true;;;;;;;3.0;3.0;3.0;3.0;4.0;3.0;[];[];[699419, 699420, 699421, 699422, 699423, 699424, 699425, 699426, 699427];;9;;209;54;
3108318;45.0899784;7.7138434;Via alla Chiesa;5;2174.5;Dal 1919 al 1945;;0.0;0.0;Abitazione;Demanio;Dichiarazione di interesse culturale;Alloggio di servizio, foresterie;D21;4318.0;false;true;;;;;;;3.0;3.0;3.0;3.0;3.0;3.0;[];[];[12042, 699436];01/01/2010;2;in concessione a titolo oneroso;41;203;
3108319;45.0934097;7.6689561;via orvieto;1 17;15635.0;Dal 2001 al 2010;E;0.0;0.0;Abitazione;Patrimonio indisponibile;Nessuno;Altro;D9;;false;true;;7.896551724137931;2.2413793103448274;2.206896551724138;1.4482758620689655;2.0;3.0;3.0;2.0;2.0;3.0;2.0;['2019_101975_0006.xml', '2019_102351_0076.xml', '2019_102351_0077.xml', '2019_102351_0078.xml', '2019_102351_0079.xml', '2019_102351_0080.xml', '2019_102351_0081.xml', '2019_102351_0082.xml', '2019_102351_0083.xml', '2019_102351_0084.xml', '2019_102351_0085.xml', '2019_102351_0086.xml', '2019_102351_0089.xml', '2019_102351_0092.xml', '2019_102351_0093.xml', '2019_102351_0094.xml', '2019_102351_0095.xml', '2019_102351_0096.xml', '2019_102351_0097.xml', '2019_102351_0098.xml', '2019_102351_0099.xml', '2019_102351_0100.xml', '2019_102351_0101.xml', '2019_102351_0102.xml', '2019_102351_0103.xml', '2019_102351_0104.xml', '2019_102351_0116.xml', '2019_108092_0042.xml', '2019_208739_0007.xml', '2019_312661_0213.xml', '2019_312661_0214.xml', '2020_205199_0026.xml', '2020_205199_0028.xml', '2020_314373_0067.xml', '2021_100150_0018.xml', '2021_112419_0019.xml', '2021_112419_0020.xml', '2021_202612_0253.xml', '2021_207228_0197.xml', '2021_208347_0307.xml', '2021_212275_0042.xml', '2021_212275_0079.xml', '2021_212275_0080.xml', '2021_312661_0029.xml', '2021_312661_0051.xml', '2021_312661_0054.xml', '2022_104562_0035.xml', '2022_107973_0121.xml', '2022_113181_0027.xml', '2022_208347_0409.xml', '2022_208347_0709.xml', '2022_210180_0059.xml', '2022_214708_0010.xml', '2022_312661_0008.xml', '2022_312661_0023.xml', '2022_312661_0103.xml', '2022_312661_0126.xml', '2022_312661_0127.xml'];['2019_101975_0006.xml', '2019_102351_0076.xml', '2019_102351_0077.xml', '2019_102351_0078.xml', '2019_102351_0079.xml', '2019_102351_0080.xml', '2019_102351_0081.xml', '2019_102351_0082.xml', '2019_102351_0083.xml', '2019_102351_0084.xml', '2019_102351_0085.xml', '2019_102351_0086.xml', '2019_102351_0089.xml', '2019_102351_0092.xml', '2019_102351_0093.xml', '2019_102351_0094.xml', '2019_102351_0095.xml', '2019_102351_0096.xml', '2019_102351_0097.xml', '2019_102351_0098.xml', '2019_102351_0099.xml', '2019_102351_0100.xml', '2019_102351_0101.xml', '2019_102351_0102.xml', '2019_102351_0103.xml', '2019_102351_0104.xml', '2019_102351_0116.xml', '2019_108092_0042.xml', '2019_208739_0007.xml', '2019_312661_0213.xml', '2019_312661_0214.xml', '2020_205199_0026.xml', '2020_205199_0028.xml', '2020_314373_0067.xml', '2021_100150_0018.xml', '2021_112419_0019.xml', '2021_112419_0020.xml', '2021_202612_0253.xml', '2021_207228_0197.xml', '2021_208347_0307.xml', '2021_212275_0042.xml', '2021_212275_0079.xml', '2021_212275_0080.xml', '2021_312661_0029.xml', '2021_312661_0051.xml', '2021_312661_0054.xml', '2022_104562_0035.xml', '2022_107973_0121.xml', '2022_113181_0027.xml', '2022_208347_0409.xml', '2022_208347_0709.xml', '2022_210180_0059.xml', '2022_214708_0010.xml', '2022_312661_0008.xml', '2022_312661_0023.xml', '2022_312661_0103.xml', '2022_312661_0126.xml', '2022_312661_0127.xml'];[574643, 574644, 574645, 574646, 574647, 574648, 574649, 574650, 574651, 574652, 574653, 574654, 574655, 574656, 574657, 574658, 574659, 574660, 574661, 574662, 574663, 574664, 574665, 574666, 574667, 574668, 574669, 574670, 574671, 574672, 574673, 574674, 574675, 574676, 574677, 574678, 574679, 574680, 574681, 574682, 574683, 574684, 574685, 574686, 574687, 574688, 574689, 574690, 574691, 574692, 574693, 574694, 574695, 574696, 574697, 574698, 574699, 574700, 574701, 574702, 574703, 574704, 574705, 574706, 574707, 574708, 574709, 574710, 574711, 574712, 574713, 574714, 574715, 574716, 574717, 574718, 574719, 574720, 574721, 574722, 574723, 574774, 574775, 574776, 574777, 574778, 574779, 574780, 574781, 574782, 574783, 574784, 574785, 574786, 574787, 574788, 574789, 574790, 574791, 574792, 574793, 574794, 574795, 574796, 574797, 574798, 574799, 574800, 574801, 574802, 574803, 574804, 574805, 574806, 574807, 574808, 574809, 574810, 574811, 574812, 574813, 574814, 574815, 574816, 574817, 574818, 574819, 574820, 574821, 574822, 574823, 574824, 574825, 574826, 574827, 574828, 574829, 574830, 574927, 574928, 574929, 574930, 574931, 574932, 574933, 574934, 574935, 574936, 574937, 574938, 574939, 574940, 574941, 574942, 574943, 574944, 574945, 574946, 574947, 574948, 574949, 574950, 574951, 574952, 574953, 574954, 574955, 574956, 574957, 574958, 574959, 574960, 574961, 574962, 574963, 574964, 574965, 574966, 574967, 574968, 574969, 574970, 574971, 574972, 574973, 574974, 574975, 574976, 574977, 574978, 574979, 574980, 574981, 574982, 574983, 574984, 574985, 574986, 574987, 574988, 574989, 574990, 574991, 574992, 574993, 574994, 574995, 574996, 574997, 574998, 574999, 575000, 575001];;213;;52;6;
3108320;45.0797181;7.6286034;Via Vittorio Asinari di Bernezzo;98;2291.4300000000003;Prima del 1919;;0.0;0.0;Abitazione;Patrimonio indisponibile;Nessuno;Attività amministrativa/uffici pubblici;D24;;false;true;;;;;;;3.0;2.0;3.0;3.0;4.0;3.0;[];[];[699461, 699462, 699463];;3;;69;306;
3108321;45.059813;7.6304563;Corso Filippo Brunelleschi;183;158.0;Dal 1961 al 1970;;0.0;0.0;Abitazione;Patrimonio indisponibile;Nessuno;Attività amministrativa/uffici pubblici;D26;;false;true;;;;;;;2.0;2.0;2.0;2.0;3.0;2.0;[];[];[699465, 699466];;2;;82;18;
3108322;45.03897;7.62383;Via Ignazio Collino;23;661.0;Dal 1946 al 1960;;0.0;0.0;Abitazione;Patrimonio indisponibile;Nessuno;Altro;D19;;false;true;;;;;;;3.0;3.0;3.0;3.0;4.0;3.0;[];[];[699468, 699469, 699470, 699471, 699472, 699473];;6;;97;127;
2757678;44.8385147;7.6433997;ND;ND;260.0;ND;;0.0;0.0;Terreno agricolo;Patrimonio disponibile;Nessuno;Non Dichiarato;;;false;false;;;;;;;1.0;1.0;1.0;1.0;1.0;1.0;[];[];[];;1;;95;;
420306;45.0725893;7.7168352;Piazza Enrico Toti;11;90.0;Dal 1961 al 1970;;0.0;0.0;Abitazione;Patrimonio disponibile;Nessuno;Non Dichiarato;C20;;false;false;;;;;;;2.0;2.0;2.0;2.0;2.0;2.0;[];[];[];;1;;1253;153;
1065333;45.0361922;7.7297687;Strada Eremo;1;9764.0;ND;;0.0;0.0;Terreno boscato o con vegetazione di vario tipo;Patrimonio disponibile;Nessuno;Non Dichiarato;E1;;false;false;;;;;;;3.0;3.0;3.0;3.0;3.0;3.0;[];[];[];;1;;87;;
2842876;45.0467049;7.1078348;LOCALITA' JOUGLARD;snc;78.0;Dal 1946 al 1960;;0.0;0.0;Abitazione;Patrimonio disponibile;Nessuno;Attività produttiva (industriale, artigianale o agricola);;;false;false;;;;;;;1.0;1.0;1.0;1.0;1.0;1.0;[];[];[];;1;;1;85;
264;45.0858433;7.6783862;Lungo Dora Agrigento;94;2480.0;Prima del 1919;;0.0;0.0;Biblioteca, pinacoteca, museo, gallerie;Patrimonio indisponibile;Nessuno;Attività artistica e culturale;C17;;false;false;;;;;;;3.0;4.0;3.0;3.0;4.0;3.0;[];[];[];;1;;1182;343;
278;45.07144708;7.6472494;corso racconigi;29;7660.0;Prima del 1919;;0.0;0.0;Edificio scolastico (es.: scuola di ogni ordine e grado, università, scuola di formazione);Demanio;Dichiarazione di interesse culturale;Attività didattica;C23;;false;false;;;;;;;3.0;3.0;3.0;3.0;4.0;3.0;[];[];[];;1;;1224;397;
1115;45.0872881;7.6974772;Via Bioglio;30;70.0;Prima del 1919;;0.0;0.0;Abitazione;Patrimonio indisponibile;Nessuno;Altro;D20;;false;false;;;;;;;2.0;3.0;2.0;2.0;3.0;2.0;[];[];[];;1;;1186;167;
1116;45.0872881;7.6974772;Via Bioglio;24;73.0;Prima del 1919;;0.0;0.0;Abitazione;Patrimonio indisponibile;Nessuno;Altro;D20;;false;false;;;;;;;2.0;2.0;2.0;2.0;2.0;2.0;[];[];[];;1;;1186;167;
1129;45.0746886;7.6800884;via s. domenico;9;3000.0;Prima del 1919;;0.0;0.0;Biblioteca, pinacoteca, museo, gallerie;Demanio;Dichiarazione di interesse culturale;Attività artistica e culturale;B5;;false;false;;;;;;;4.0;4.0;4.0;4.0;5.0;4.0;[];[];[];;1;;1245;55;
2331;45.0412854;7.6552376;Corso Galileo Ferraris;247;465.2;Prima del 1919;;0.0;0.0;Struttura residenziale collettiva (es.: collegi e convitti, educandati, ricoveri, orfanotrofi, ospizi, conventi, seminari);Patrimonio indisponibile;Nessuno;Non Dichiarato;D18;18920.0;false;false;;;;;;;3.0;4.0;3.0;3.0;4.0;3.0;[];[];[];01/10/2020;1;in concessione a titolo oneroso;1399;6;
2748;45.0774127;7.6775912;Via Carlo Ignazio Giulio;21;226.0;Dal 1946 al 1960;;0.0;0.0;Magazzino e locali di deposito;Patrimonio indisponibile;Nessuno;Attività amministrativa/uffici pubblici;B5;;false;false;;;;;;;2.0;2.0;2.0;2.0;2.0;2.0;[];[];[];;1;;1218;120;
2892;45.017904;7.6622188;via nizza;395;4765.75;Dal 1919 al 1945;;0.0;0.0;Edificio scolastico (es.: scuola di ogni ordine e grado, università, scuola di formazione);Patrimonio indisponibile;Nessuno;Attività didattica;D16;;false;false;;;;;;;3.0;3.0;3.0;3.0;4.0;3.0;[];[];[];;1;;120;396;
3439;45.0654592;7.6885606;Via Accademia Albertina;11;1639.83;Prima del 1919;;0.0;0.0;Edificio di culto e assimilabili;Demanio;Dichiarazione di interesse culturale;Attività di culto o assimilabili;B2;;false;false;;;;;;;2.0;2.0;2.0;2.0;2.0;2.0;[];[];[];;1;;1281;B;
3464;45.09766737;7.64494121;via terraneo giovanni tommaso;1;108.0;Dal 1971 al 1980;;0.0;0.0;Abitazione;Patrimonio indisponibile;Nessuno;Alloggio di servizio, foresterie;D23;;false;false;;;;;;;2.0;2.0;2.0;2.0;3.0;2.0;[];[];[];;1;;1111;299;
3468;45.0832735;7.6950233;via bologna;47;10000.0;Prima del 1919;;0.0;0.0;Ufficio strutturato ed assimilabili;Demanio;Dichiarazione di interesse culturale;Attività amministrativa/uffici pubblici;C19;;false;false;;;;;;;3.0;3.0;3.0;3.0;4.0;3.0;[];[];[];;1;;1185;256;
3469;45.0872881;7.6974772;Via Bioglio;36;61.0;Prima del 1919;;0.0;0.0;Abitazione;Patrimonio indisponibile;Nessuno;Altro;D20;;false;false;;;;;;;3.0;3.0;2.0;2.0;3.0;2.0;[];[];[];;1;;1186;167;
3898;45.05831817;7.66058969;Via Cristoforo Colombo;36;9339.25;Prima del 1919;;0.0;0.0;Edificio scolastico (es.: scuola di ogni ordine e grado, università, scuola di formazione);Demanio;Dichiarazione di interesse culturale;Attività didattica;C5;;false;false;;;;;;;3.0;3.0;3.0;3.0;4.0;3.0;[];[];[];;1;;1301;349;
4204;45.0872881;7.6974772;Via Bioglio;32;50.0;Prima del 1919;;0.0;0.0;Abitazione;Patrimonio indisponibile;Nessuno;Altro;D20;;false;false;;;;;;;3.0;4.0;3.0;3.0;4.0;3.0;[];[];[];;1;;1186;167;
4779;45.0759132;7.6811059;Via Franco Bonelli;4;138.0;Prima del 1919;;0.0;0.0;Abitazione;Patrimonio indisponibile;Nessuno;Altro;B5;;false;false;;;;;;;3.0;3.0;3.0;3.0;4.0;3.0;[];[];[];;1;;1217;204;
5061;45.0687297;7.6835742;via roma;101 B;100.0;Dal 1919 al 1945;;0.0;0.0;Magazzino e locali di deposito;Patrimonio indisponibile;Nessuno;Non Dichiarato;B1;;false;false;;;;;;;3.0;3.0;3.0;3.0;4.0;3.0;[];[];[];;1;;1282;7;
5062;45.06204;7.6430462;via limone;24;3294.29;Dal 2001 al 2010;;0.0;0.0;Ufficio strutturato ed assimilabili;Patrimonio indisponibile;Nessuno;Altro;C24;;false;false;;;;;;;3.0;3.0;3.0;3.0;3.0;3.0;[];[];[];;1;;1289;724;
5094;45.0759132;7.6811059;Via Franco Bonelli;4;140.0;Prima del 1919;;0.0;0.0;Abitazione;Patrimonio indisponibile;Nessuno;Altro;B5;;false;false;;;;;;;3.0;4.0;3.0;3.0;4.0;3.0;[];[];[];;1;;1217;204;
5350;45.1025828;7.6680988;Via Cardinal Massaia;113;4315.0;Prima del 1919;;0.0;0.0;Edificio scolastico (es.: scuola di ogni ordine e grado, università, scuola di formazione);Demanio;Dichiarazione di interesse culturale;Attività didattica;D10;;false;false;;;;;;;3.0;4.0;3.0;3.0;4.0;3.0;[];[];[];;1;;1109;119;
5757;45.0439696;7.6378994;Via Filadelfia;205;6842.0;Prima del 1919;;0.0;0.0;Ufficio strutturato ed assimilabili;Demanio;Dichiarazione di interesse culturale;Attività artistica e culturale;D18;;false;false;;;;;;;3.0;3.0;3.0;3.0;4.0;3.0;[];[];[];;1;;1386;71;
6230;45.0666246;7.6824582;via roma;247;10.0;Dal 1919 al 1945;;0.0;0.0;Cantina, soffitta, rimessa, box, garage, posto auto aperto/scoperto,;Patrimonio indisponibile;Nessuno;Attività commerciale e di ristorazione;B1;;false;false;;;;;;;3.0;3.0;3.0;3.0;4.0;3.0;[];[];[];;1;;1282;171;
6260;45.0872881;7.6974772;Via Bioglio;32;63.0;Prima del 1919;;0.0;0.0;Abitazione;Patrimonio indisponibile;Nessuno;Altro;D20;;false;false;;;;;;;3.0;3.0;3.0;3.0;4.0;3.0;[];[];[];;1;;1186;167;
6655;45.0595659;7.6943566;corso moncalieri;18;2849.0;Prima del 1919;;0.0;0.0;Impianto sportivo;Patrimonio indisponibile;Nessuno;Altro;C12;;false;false;;;;;;;3.0;3.0;3.0;3.0;4.0;3.0;[];[];[];;1;;1308;3;
6817;45.0872881;7.6974772;Via Bioglio;20;66.0;Prima del 1919;;0.0;0.0;Abitazione;Patrimonio indisponibile;Nessuno;Altro;D20;;false;false;;;;;;;3.0;3.0;2.0;3.0;3.0;2.0;[];[];[];;1;;1186;167;
7267;45.0842325;7.6310376;via servais giovanni;62;987.5;Dal 1991 al 2000;;0.0;0.0;Edificio scolastico (es.: scuola di ogni ordine e grado, università, scuola di formazione);Patrimonio indisponibile;Nessuno;Attività didattica;D24;;false;false;;;;;;;2.0;3.0;1.0;1.0;2.0;1.0;[];[];[];;1;;1161;166;
7904;45.02074573;7.64416338;corso croce benedetto;26;4317.25;Dal 1961 al 1970;;0.0;0.0;Edificio scolastico (es.: scuola di ogni ordine e grado, università, scuola di formazione);Patrimonio indisponibile;Nessuno;Attività didattica;D17;;false;false;;;;;;;3.0;3.0;2.0;3.0;3.0;2.0;[];[];[];;1;;1459;49;
7948;45.0727492;7.6789317;Via Giuseppe Barbaroux;32;7361.14;Dal 1919 al 1945;;0.0;0.0;Ufficio strutturato ed assimilabili;Patrimonio indisponibile;Nessuno;Non Dichiarato;B5;52.0;false;false;;;;;;;2.0;2.0;3.0;2.0;2.0;2.0;[];[];[];04/12/1984;1;in concessione a titolo oneroso;1245;157;
8387;45.0971732;7.6449621;via val della torre;169;100.0;Dal 1981 al 1990;;0.0;0.0;Abitazione;Patrimonio indisponibile;Nessuno;Alloggio di servizio, foresterie;D23;;false;false;;;;;;;3.0;3.0;3.0;3.0;3.0;3.0;[];[];[];;1;;1111;300;
8411;45.0666246;7.6824582;via roma;247;10.0;Dal 1919 al 1945;;0.0;0.0;Cantina, soffitta, rimessa, box, garage, posto auto aperto/scoperto,;Patrimonio indisponibile;Nessuno;Attività commerciale e di ristorazione;B1;;false;false;;;;;;;3.0;3.0;3.0;3.0;4.0;3.0;[];[];[];;1;;1282;55;
8412;45.0666246;7.6824582;via roma;247;11.0;Dal 1919 al 1945;;0.0;0.0;Cantina, soffitta, rimessa, box, garage, posto auto aperto/scoperto,;Patrimonio indisponibile;Nessuno;Attività commerciale e di ristorazione;B1;;false;false;;;;;;;3.0;3.0;3.0;3.0;4.0;3.0;[];[];[];;1;;1282;55;
8901;45.0666246;7.6824582;via roma;247;10.0;Dal 1919 al 1945;;0.0;0.0;Cantina, soffitta, rimessa, box, garage, posto auto aperto/scoperto,;Patrimonio indisponibile;Nessuno;Attività commerciale e di ristorazione;B1;;false;false;;;;;;;2.0;3.0;2.0;2.0;3.0;2.0;[];[];[];;1;;1282;55;
9289;45.0835992;7.6678697;via livorno;14;1134.25;Prima del 1919;;0.0;0.0;Edificio scolastico (es.: scuola di ogni ordine e grado, università, scuola di formazione);Demanio;Dichiarazione di interesse culturale;Attività didattica;C8;;false;false;;;;;;;3.0;3.0;3.0;3.0;4.0;3.0;[];[];[];;1;;1179;259;
9296;45.0485998;7.6908539;Strada Comunale da San Vito a Revigliasco;65;606.0;Prima del 1919;;0.0;0.0;Magazzino e locali di deposito;Patrimonio indisponibile;Nessuno;Attività amministrativa/uffici pubblici;E1;;false;false;;;;;;;2.0;2.0;2.0;2.0;2.0;2.0;[];[];[];;1;;1355;75;
9305;45.0366602;7.6543006;via montevideo;17;8597.5;Dal 1919 al 1945;;0.0;0.0;Edificio scolastico (es.: scuola di ogni ordine e grado, università, scuola di formazione);Demanio;Dichiarazione di interesse culturale;Attività didattica;D17;;false;false;;;;;;;2.0;3.0;2.0;2.0;3.0;2.0;[];[];[];;1;;1399;210;
9799;45.0666246;7.6824582;via roma;247;10.0;Dal 1919 al 1945;;0.0;0.0;Cantina, soffitta, rimessa, box, garage, posto auto aperto/scoperto,;Patrimonio indisponibile;Nessuno;Attività commerciale e di ristorazione;B1;;false;false;;;;;;;3.0;3.0;3.0;3.0;4.0;3.0;[];[];[];;1;;1282;55;
9836;45.0752932;7.6798428;via s. agostino;15;72.0;Prima del 1919;;0.0;0.0;Abitazione;Patrimonio indisponibile;Nessuno;Altro;B5;;false;false;;;;;;;3.0;3.0;3.0;3.0;4.0;3.0;[];[];[];;1;;1219;37;
10308;45.0419937;7.6830466;Corso Sicilia;23;120.0;Prima del 1919;;0.0;0.0;Abitazione;Patrimonio disponibile;Nessuno;Non Dichiarato;C12;;false;false;;;;;;;2.0;2.0;3.0;2.0;3.0;2.0;[];[];[];;1;;1373;60;
10314;45.0752932;7.6798428;via s. chiara;9;170.0;Dal 2001 al 2010;;0.0;0.0;Impianto sportivo;Demanio;Dichiarazione di interesse culturale;Attività sportiva, ricreativa e di intrattenimento;B5;;false;false;;;;;;;2.0;3.0;2.0;2.0;3.0;2.0;[];[];[];;1;;1219;35;
10768;45.0639128;7.6901187;Via Cavour;14;256.0;Prima del 1919;;0.0;0.0;Ufficio strutturato ed assimilabili;Demanio;Dichiarazione di interesse culturale;Attività amministrativa/uffici pubblici;B7;;false;false;;;;;;;3.0;3.0;3.0;3.0;4.0;3.0;[];[];[];;1;;1281;149;
10804;45.0872881;7.6974772;Via Giovanni Pacini;6;65.0;Prima del 1919;;0.0;0.0;Abitazione;Patrimonio indisponibile;Nessuno;Altro;D20;;false;false;;;;;;;3.0;3.0;3.0;3.0;4.0;3.0;[];[];[];;1;;1186;167;
11881;45.0666246;7.6824582;via roma;247;10.0;Dal 1919 al 1945;;0.0;0.0;Cantina, soffitta, rimessa, box, garage, posto auto aperto/scoperto,;Patrimonio indisponibile;Nessuno;Attività commerciale e di ristorazione;B1;;false;false;;;;;;;2.0;2.0;2.0;2.0;3.0;2.0;[];[];[];;1;;1282;171;
11913;45.0460512;7.6768958;Via Pietro Giuria;56;237.0;Dal 1946 al 1960;;0.0;0.0;Impianto sportivo;Patrimonio indisponibile;Nessuno;Attività sportiva, ricreativa e di intrattenimento;C2;;false;false;;;;;;;2.0;3.0;2.0;2.0;3.0;2.0;[];[];[];;1;;1352;377;
11920;45.07863;7.6908369;Lungo Dora Firenze;51;23.0;Prima del 1919;;0.0;0.0;Abitazione;Demanio;Dichiarazione di interesse culturale;Alloggio di servizio, foresterie;C18;;false;false;;;;;;;3.0;3.0;2.0;3.0;3.0;2.0;[];[];[];;1;;1213;13;
11936;45.0214049;7.6536208;corso traiano;143 A;72.0;Dal 2001 al 2010;;0.0;0.0;Abitazione;Patrimonio indisponibile;Nessuno;Altro;D17;;false;false;;;;;;;3.0;3.0;2.0;2.0;3.0;2.0;[];[];[];;1;;1443;647;
11955;45.0997236;7.7435053;Strada Comunale di Bertolla;50;2337.5;Dal 1946 al 1960;;0.0;0.0;Edificio scolastico (es.: scuola di ogni ordine e grado, università, scuola di formazione);Patrimonio indisponibile;Nessuno;Attività didattica;D15;;false;false;;;;;;;2.0;2.0;2.0;2.0;3.0;2.0;[];[];[];;1;;1094;139;
12042;45.0899784;7.7138434;Via alla Chiesa;5;2098.5;Dal 1919 al 1945;;0.0;0.0;Edificio scolastico (es.: scuola di ogni ordine e grado, università, scuola di formazione);Demanio;Dichiarazione di interesse culturale;Non Dichiarato;D21;4318.0;false;false;;;;;;;3.0;3.0;3.0;3.0;4.0;3.0;[];[];[];01/01/2010;1;in concessione a titolo oneroso;41;358;
12224;45.0651255;7.7075967;Via Maria Bricca;9;3435.6;Prima del 1919;;0.0;0.0;Ospedali, case di cura, cliniche e assimilabili;Patrimonio indisponibile;Nessuno;Servizi assistenza socio-sanitaria (residenziali);C11;;false;false;;;;;;;2.0;3.0;2.0;2.0;3.0;2.0;[];[];[];;1;;1311;222;
12233;45.0751377;7.6801036;via s. agostino;15;80.0;Prima del 1919;;0.0;0.0;Locale commerciale, negozio;Patrimonio indisponibile;Nessuno;Attività commerciale e di ristorazione;B5;;false;false;;;;;;;3.0;4.0;3.0;3.0;4.0;3.0;[];[];[];;1;;1219;37;
12234;45.0747652;7.6544966;corso francia;73;5000.0;Prima del 1919;;0.0;0.0;Struttura residenziale collettiva (es.: collegi e convitti, educandati, ricoveri, orfanotrofi, ospizi, conventi, seminari);Demanio;Dichiarazione di interesse culturale;Altro;C22;20402.0;false;false;;;;;;;3.0;3.0;3.0;3.0;4.0;3.0;[];[];[];01/01/2012;1;in concessione a titolo oneroso;1223;9;
12263;45.10657368;7.65931293;Via Refrancore;28;178.0;Dal 1919 al 1945;;0.0;0.0;Struttura residenziale collettiva (es.: collegi e convitti, educandati, ricoveri, orfanotrofi, ospizi, conventi, seminari);Patrimonio indisponibile;Nessuno;Non Dichiarato;D10;;false;false;;;;;;;2.0;3.0;2.0;2.0;3.0;2.0;[];[];[];;1;;1059;322;
12478;45.0646244;7.686777;PIAZZALE FUSI VALDO;SNC;391.0;Dal 2001 al 2010;;0.0;0.0;Locale commerciale, negozio;Patrimonio indisponibile;Nessuno;Non Dichiarato;B2;8970.0;false;false;;;;;;;2.0;2.0;2.0;2.0;2.0;2.0;[];[];[];01/06/2007;1;in concessione a titolo oneroso;1281;140;
12615;45.0763222;7.7011639;Via Carlo Michele Buscalioni;21;90.0;Dal 1991 al 2000;;0.0;0.0;Impianto sportivo;Patrimonio indisponibile;Nessuno;Attività sportiva, ricreativa e di intrattenimento;C18;;false;false;;;;;;;3.0;3.0;3.0;3.0;4.0;3.0;[];[];[];;1;;1212;145;
12624;45.0723838;7.6726557;Via Cernaia;30;190.0;Dal 1919 al 1945;;0.0;0.0;Abitazione;Patrimonio indisponibile;Nessuno;Altro;B5;;false;false;;;;;;;3.0;3.0;3.0;3.0;4.0;3.0;[];[];[];;1;;1220;212;
12942;45.0733744;7.680619;piazza palazzo di citta';1;4102.0;Prima del 1919;;0.0;0.0;Ufficio strutturato ed assimilabili;Demanio;Dichiarazione di interesse culturale;Attività amministrativa/uffici pubblici;B5;;false;false;;;;;;;2.0;3.0;2.0;2.0;3.0;2.0;[];[];[];;1;;1245;132;
13464;45.0872881;7.6974772;Via Bioglio;24;67.0;Prima del 1919;;0.0;0.0;Abitazione;Patrimonio indisponibile;Nessuno;Altro;D20;;false;false;;;;;;;3.0;3.0;2.0;2.0;3.0;2.0;[];[];[];;1;;1186;167;
13478;45.0713917;7.7269684;via garelli federico;3;322.0;Prima del 1919;;0.0;0.0;Magazzino e locali di deposito;Patrimonio indisponibile;Nessuno;Altro;C11;;false;false;;;;;;;1.0;1.0;1.0;1.0;1.0;1.0;[];[];[];;1;;1257;134;
14085;45.0713321;7.7128461;via varallo;33;1171.25;Dal 1971 al 1980;;0.0;0.0;Edificio scolastico (es.: scuola di ogni ordine e grado, università, scuola di formazione);Patrimonio indisponibile;Nessuno;Attività didattica;C20;;false;false;;;;;;;2.0;2.0;2.0;2.0;2.0;2.0;[];[];[];;1;;1276;309;
14393;45.0767279;7.7382279;Strada Alta di Mongreno;72;402.0;Prima del 1919;;0.0;0.0;Edificio scolastico (es.: scuola di ogni ordine e grado, università, scuola di formazione);Demanio;Dichiarazione di interesse culturale;Attività didattica;E2;;false;false;;;;;;;3.0;4.0;3.0;3.0;4.0;3.0;[];[];[];;1;;1207;438;
14602;45.03433684;7.67188173;via biglieri giulio;23;483.8;Dal 1919 al 1945;;0.0;0.0;Ospedali, case di cura, cliniche e assimilabili;Patrimonio indisponibile;Nessuno;Altro;D16;;false;false;;;;;;;2.0;2.0;3.0;2.0;3.0;2.0;[];[];[];;1;;1402;172;
14929;45.0810057;7.6498672;corso svizzera;53;7395.0;Prima del 1919;;0.0;0.0;Edificio scolastico (es.: scuola di ogni ordine e grado, università, scuola di formazione);Demanio;Dichiarazione di interesse culturale;Attività didattica;C21;;false;false;;;;;;;2.0;3.0;1.0;2.0;3.0;1.0;[];[];[];;1;;1174;599;
14979;45.05471882;7.6878793;PARCO VALENTINO;SNC;1049.0;Prima del 1919;;0.0;0.0;Impianto sportivo;Demanio;Dichiarazione di interesse culturale;Attività sportiva, ricreativa e di intrattenimento;C1;;false;false;;;;;;;3.0;4.0;3.0;3.0;4.0;3.0;[];[];[];;1;;1336;11;
15000;45.0666005;7.6963094;via vanchiglia;3;136.0;Prima del 1919;;0.0;0.0;Abitazione;Demanio;Dichiarazione di interesse culturale;Altro;B7;;false;false;;;;;;;3.0;3.0;3.0;3.0;3.0;3.0;[];[];[];;1;;1279;170;
15206;45.0908662;7.7090707;via ghedini giorgio;21;47.0;Dal 1919 al 1945;;0.0;0.0;Locale commerciale, negozio;Patrimonio indisponibile;Nessuno;Altro;D20;;false;false;;;;;;;3.0;3.0;3.0;3.0;3.0;3.0;[];[];[];;1;;1145;38;
15274;45.0872881;7.6974772;Via Bioglio;20;50.0;Prima del 1919;;0.0;0.0;Abitazione;Patrimonio indisponibile;Nessuno;Altro;D20;;false;false;;;;;;;3.0;4.0;3.0;3.0;4.0;3.0;[];[];[];;1;;1186;167;
15291;45.0759132;7.6811059;Via Franco Bonelli;4;138.0;Prima del 1919;;0.0;0.0;Abitazione;Patrimonio indisponibile;Nessuno;Altro;B5;;false;false;;;;;;;3.0;3.0;3.0;3.0;4.0;3.0;[];[];[];;1;;1217;204;
15609;45.0812754;7.6600871;via galvani luigi;7;7022.0;Prima del 1919;D;0.0;0.0;Edificio scolastico (es.: scuola di ogni ordine e grado, università, scuola di formazione);Demanio;Dichiarazione di interesse culturale;Attività didattica;C8;;false;false;;8.0;3.0;2.0;1.0;2.0;2.0;2.0;2.0;2.0;2.0;2.0;['2020_100235_0001.xml'];['2020_100235_0001.xml'];[];;1;;1176;172;
15630;45.0792516;7.727324;Viale Suor Giovanna Francesca Michelotti;262;101.0;Dal 1946 al 1960;;0.0;0.0;Abitazione;Patrimonio disponibile;Nessuno;Altro;D15;;false;false;;;;;;;2.0;3.0;2.0;2.0;3.0;2.0;[];[];[];;1;;1208;22;
15762;45.1063616;7.7004232;via scotellaro rocco;7;3638.5;Dal 1971 al 1980;;0.0;0.0;Edificio scolastico (es.: scuola di ogni ordine e grado, università, scuola di formazione);Patrimonio indisponibile;Nessuno;Attività didattica;D21;;false;false;;;;;;;3.0;3.0;3.0;3.0;3.0;3.0;[];[];[];;1;;1082;266;
16133;45.02966;7.68779;via nuova;2;1518.0;Prima del 1919;;0.0;0.0;Edificio scolastico (es.: scuola di ogni ordine e grado, università, scuola di formazione);Patrimonio indisponibile;Nessuno;Attività didattica;E3;;false;false;;;;;;;3.0;3.0;3.0;3.0;4.0;3.0;[];[];[];;1;;123;220;
16187;45.0872881;7.6974772;Via Bioglio;30;66.0;Prima del 1919;;0.0;0.0;Abitazione;Patrimonio indisponibile;Nessuno;Altro;D20;;false;false;;;;;;;3.0;3.0;2.0;3.0;4.0;2.0;[];[];[];;1;;1186;167;
16188;45.0872881;7.6974772;Via Giovanni Pacini;6;54.0;Prima del 1919;;0.0;0.0;Abitazione;Patrimonio indisponibile;Nessuno;Altro;D20;;false;false;;;;;;;3.0;3.0;3.0;3.0;4.0;3.0;[];[];[];;1;;1186;167;
16213;45.0705123;7.628937;via marsigli luigi ferdinando;25;5109.25;Dal 1971 al 1980;;0.0;0.0;Edificio scolastico (es.: scuola di ogni ordine e grado, università, scuola di formazione);Patrimonio indisponibile;Nessuno;Attività didattica;D26;;false;false;;;;;;;3.0;3.0;2.0;2.0;3.0;2.0;[];[];[];;1;;1228;117;
16250;45.0671209;7.6341167;Via Lorenzo Delleani;25;3394.5;Dal 1991 al 2000;;0.0;0.0;Edificio scolastico (es.: scuola di ogni ordine e grado, università, scuola di formazione);Patrimonio indisponibile;Nessuno;Attività didattica;D26;;false;false;;;;;;;2.0;2.0;3.0;2.0;3.0;2.0;[];[];[];;1;;1235;102;
19833;45.0646643;7.7079691;via moncalvo;47;310.2;Prima del 1919;;0.0;0.0;Struttura residenziale collettiva (es.: collegi e convitti, educandati, ricoveri, orfanotrofi, ospizi, conventi, seminari);Patrimonio indisponibile;Nessuno;Attività commerciale e di ristorazione;C11;;false;false;;;;;;;3.0;3.0;3.0;3.0;4.0;3.0;[];[];[];;1;;1311;146;
20159;45.0872881;7.6974772;Via Bioglio;18;54.0;Prima del 1919;;0.0;0.0;Abitazione;Patrimonio indisponibile;Nessuno;Altro;D20;;false;false;;;;;;;2.0;3.0;2.0;2.0;3.0;2.0;[];[];[];;1;;1186;167;
20229;45.0725604;7.6595633;via palmieri pietro;56;4949.0;Prima del 1919;;0.0;0.0;Edificio scolastico (es.: scuola di ogni ordine e grado, università, scuola di formazione);Demanio;Dichiarazione di interesse culturale;Attività didattica;C7;;false;false;;;;;;;3.0;3.0;3.0;3.0;3.0;3.0;[];[];[];;1;;1222;347;
20970;45.0214049;7.6536208;corso traiano;143 A;95.0;Dal 2001 al 2010;;0.0;0.0;Abitazione;Patrimonio indisponibile;Nessuno;Altro;D17;;false;false;;;;;;;3.0;3.0;3.0;3.0;4.0;3.0;[];[];[];;1;;1443;646;
21163;45.0811779;7.6598264;via le chiuse;80;4194.25;Prima del 1919;;0.0;0.0;Edificio scolastico (es.: scuola di ogni ordine e grado, università, scuola di formazione);Demanio;Dichiarazione di interesse culturale;Attività didattica;C8;;false;false;;;;;;;3.0;3.0;3.0;3.0;4.0;3.0;[];[];[];;1;;1176;172;
22185;45.0759132;7.6811059;Via Franco Bonelli;4;138.0;Prima del 1919;;0.0;0.0;Abitazione;Patrimonio indisponibile;Nessuno;Altro;B5;;false;false;;;;;;;3.0;3.0;2.0;2.0;3.0;2.0;[];[];[];;1;;1217;207;
22354;45.0759132;7.6811059;Via Franco Bonelli;4;138.0;Prima del 1919;;0.0;0.0;Abitazione;Patrimonio indisponibile;Nessuno;Altro;B5;;false;false;;;;;;;3.0;3.0;3.0;3.0;4.0;3.0;[];[];[];;1;;1217;207;
22406;45.0806128;7.6669068;via saccarelli gaspare;20;460.0;Prima del 1919;;0.0;0.0;Struttura residenziale collettiva (es.: collegi e convitti, educandati, ricoveri, orfanotrofi, ospizi, conventi, seminari);Demanio;Dichiarazione di interesse culturale;Attività artistica e culturale;C8;;false;false;;;;;;;3.0;3.0;3.0;3.0;4.0;3.0;[];[];[];;1;;1178;225;
22489;45.0691211;7.6732595;CORSO MATTEOTTI GIACOMO;SNC;288.0;Prima del 1919;;0.0;0.0;Biblioteca, pinacoteca, museo, gallerie;Demanio;Dichiarazione di interesse culturale;Attività artistica e culturale;B3;;false;false;;;;;;;3.0;4.0;3.0;3.0;4.0;3.0;[];[];[];;1;;1244;264;
22565;45.0570562;7.6325505;Viale Burdin;10;159.0;Dal 1961 al 1970;;0.0;0.0;Abitazione;Patrimonio indisponibile;Nessuno;Alloggio di servizio, foresterie;D26;;false;false;;;;;;;3.0;3.0;2.0;2.0;3.0;2.0;[];[];[];;1;;1291;127;
22979;45.0293835;7.6905532;Strada dei Ronchi;29;625.0;Prima del 1919;;0.0;0.0;Edificio scolastico (es.: scuola di ogni ordine e grado, università, scuola di formazione);Patrimonio indisponibile;Nessuno;Attività didattica;E3;;false;false;;;;;;;2.0;2.0;2.0;2.0;2.0;2.0;[];[];[];;1;;1416;243;
23346;45.0797746;7.6778351;Via San Giuseppe Benedetto Cottolengo;25;60.0;Prima del 1919;;0.0;0.0;Abitazione;Patrimonio indisponibile;Nessuno;Altro;C17;;false;false;;;;;;;1.0;1.0;1.0;1.0;1.0;1.0;[];[];[];;1;;1218;45;
23347;45.0797746;7.6778351;Via San Giuseppe Benedetto Cottolengo;25;86.0;Prima del 1919;;0.0;0.0;Abitazione;Patrimonio indisponibile;Nessuno;Altro;C17;;false;false;;;;;;;3.0;3.0;2.0;2.0;3.0;2.0;[];[];[];;1;;1218;45;
23476;45.03889621;7.67941668;corso sicilia;50;686.0;Dal 1946 al 1960;;0.0;0.0;Impianto sportivo;Patrimonio indisponibile;Nessuno;Non Dichiarato;C12;;false;false;;;;;;;3.0;3.0;3.0;3.0;3.0;3.0;[];[];[];;1;;1405;35;
23524;45.0797925;7.6722794;Corso Principe Eugenio;26;7419.14;Prima del 1919;;0.0;0.0;Ufficio strutturato ed assimilabili;Patrimonio indisponibile;Dichiarazione di interesse culturale;Non Dichiarato;C17;160280.0;false;false;;;;;;;3.0;3.0;3.0;3.0;4.0;3.0;[];[];[];01/01/2019;1;in concessione a titolo oneroso;1180;252;
23646;45.0858188;7.6349071;Corso Appio Claudio;176;176.0;Prima del 1919;;0.0;0.0;Abitazione;Patrimonio indisponibile;Nessuno;Attività amministrativa/uffici pubblici;D23;;false;false;;;;;;;2.0;3.0;1.0;1.0;2.0;1.0;[];[];[];;1;;1160;34;
23657;45.0970416;7.7064023;via tartini giuseppe;36;257.0;Dal 2001 al 2010;;0.0;0.0;Magazzino e locali di deposito;Patrimonio indisponibile;Nessuno;Attività sportiva, ricreativa e di intrattenimento;D21;;false;false;;;;;;;2.0;2.0;1.0;1.0;3.0;1.0;[];[];[];;1;;1132;99;
23949;45.04352551;7.67227169;via nizza;151;5000.0;Prima del 1919;;0.0;0.0;Struttura residenziale collettiva (es.: collegi e convitti, educandati, ricoveri, orfanotrofi, ospizi, conventi, seminari);Patrimonio indisponibile;Nessuno;Non Dichiarato;C2;5237.0;false;false;;;;;;;3.0;3.0;3.0;3.0;4.0;3.0;[];[];[];01/11/2019;1;in concessione a titolo oneroso;1375;311;
24376;45.0678683;7.6926684;Via Sant'Ottavio;7;3633.25;Dal 1919 al 1945;;0.0;0.0;Edificio scolastico (es.: scuola di ogni ordine e grado, università, scuola di formazione);Demanio;Dichiarazione di interesse culturale;Attività didattica;B2;;false;false;;;;;;;3.0;3.0;3.0;3.0;4.0;3.0;[];[];[];;1;;1280;14;
24496;45.0909134;7.6956216;via monte rosa;54;11229.75;Dal 1991 al 2000;;0.0;0.0;Edificio scolastico (es.: scuola di ogni ordine e grado, università, scuola di formazione);Demanio;Dichiarazione di interesse culturale;Attività didattica;D20;;false;false;;;;;;;3.0;3.0;3.0;3.0;4.0;3.0;[];[];[];;1;;1148;426;
24497;45.0821922;7.6507202;Corso Svizzera;63;58.0;Dal 1946 al 1960;;0.0;0.0;Abitazione;Patrimonio disponibile;Nessuno;Altro;C21;;false;false;;;;;;;3.0;3.0;3.0;3.0;3.0;3.0;[];[];[];;1;;1174;271;
24506;45.1247425;7.672253;Strada Bellacomba;138;76.0;Prima del 1919;;0.0;0.0;Abitazione;Patrimonio indisponibile;Nessuno;Attività amministrativa/uffici pubblici;D22;;false;false;;;;;;;2.0;2.0;1.0;1.0;2.0;1.0;[];[];[];;1;;1033;17;
24636;45.0760111;7.6817108;Via Franco Bonelli;0;108.0;Prima del 1919;;0.0;0.0;Abitazione;Patrimonio indisponibile;Nessuno;Altro;B5;;false;false;;;;;;;2.0;3.0;2.0;2.0;3.0;2.0;[];[];[];;1;;1217;210;
24637;45.0797746;7.6778351;Via Sigismondo Gerdil;7;42.0;Prima del 1919;;0.0;0.0;Abitazione;Patrimonio indisponibile;Nessuno;Altro;C17;;false;false;;;;;;;3.0;3.0;2.0;3.0;3.0;3.0;[];[];[];;1;;1218;43;
24764;45.0771244;7.6346415;via valgioie;10;1614.5;Prima del 1919;;0.0;0.0;Edificio scolastico (es.: scuola di ogni ordine e grado, università, scuola di formazione);Demanio;Dichiarazione di interesse culturale;Attività didattica;D24;;false;false;;;;;;;3.0;3.0;2.0;2.0;3.0;2.0;[];[];[];;1;;1171;446;
24899;45.0760111;7.6817108;Via Franco Bonelli;0;111.0;Prima del 1919;;0.0;0.0;Abitazione;Patrimonio indisponibile;Nessuno;Altro;B5;;false;false;;;;;;;3.0;3.0;3.0;3.0;3.0;3.0;[];[];[];;1;;1217;211;
24907;45.0883715;7.7220411;Via Friedrich Nietzsche;154;1072.0;Prima del 1919;;0.0;0.0;Struttura residenziale collettiva (es.: collegi e convitti, educandati, ricoveri, orfanotrofi, ospizi, conventi, seminari);Patrimonio indisponibile;Nessuno;Non Dichiarato;D15;;false;false;;;;;;;2.0;2.0;2.0;2.0;3.0;2.0;[];[];[];;1;;1191;1;
25122;45.1247425;7.672253;Strada Bellacomba;138;100.0;Prima del 1919;;0.0;0.0;Fabbricato per attività produttiva (industriale, artigianale o agricola);Patrimonio indisponibile;Nessuno;Attività amministrativa/uffici pubblici;D22;;false;false;;;;;;;3.0;3.0;3.0;3.0;4.0;3.0;[];[];[];;1;;1033;17;
25247;45.0812209;7.6497705;Corso Svizzera;59;5228.0;Dal 1991 al 2000;;0.0;0.0;Edificio scolastico (es.: scuola di ogni ordine e grado, università, scuola di formazione);Patrimonio indisponibile;Nessuno;Attività didattica;C21;;false;false;;;;;;;3.0;3.0;2.0;2.0;3.0;2.0;[];[];[];;1;;1174;296;
26000;45.0797746;7.6778351;Via San Giuseppe Benedetto Cottolengo;25;48.0;Prima del 1919;;0.0;0.0;Abitazione;Patrimonio indisponibile;Nessuno;Altro;C17;;false;false;;;;;;;2.0;2.0;2.0;2.0;2.0;2.0;[];[];[];;1;;1218;43;
26231;45.0760111;7.6817108;Via Franco Bonelli;0;110.0;Prima del 1919;;0.0;0.0;Abitazione;Patrimonio indisponibile;Nessuno;Altro;B5;;false;false;;;;;;;3.0;2.0;1.0;2.0;4.0;1.0;[];[];[];;1;;1217;210;
26341;45.087521;7.6647145;corso umbria;53;39.0;Prima del 1919;;0.0;0.0;Abitazione;Patrimonio indisponibile;Nessuno;Alloggio di servizio, foresterie;D9;;false;false;;;;;;;3.0;3.0;3.0;3.0;4.0;3.0;[];[];[];;1;;1177;55;
26534;45.0769325;7.6772792;Via Bligny;19;108.0;Dal 1946 al 1960;;0.0;0.0;Abitazione;Patrimonio indisponibile;Nessuno;Attività amministrativa/uffici pubblici;B5;;false;false;;;;;;;4.0;4.0;4.0;4.0;4.0;4.0;[];[];[];;1;;1218;125;
26535;45.0785511;7.6770856;via giulio carlo ignazio;22;16640.0;Prima del 1919;;0.0;0.0;Ospedali, case di cura, cliniche e assimilabili;Demanio;Dichiarazione di interesse culturale;Attività amministrativa/uffici pubblici;C17;;false;false;;;;;;;3.0;3.0;3.0;3.0;4.0;3.0;[];[];[];;1;;1218;95;
26538;45.0415879;7.682662;Via Aquileia;1;2840.25;Dal 1919 al 1945;;0.0;0.0;Edificio scolastico (es.: scuola di ogni ordine e grado, università, scuola di formazione);Demanio;Dichiarazione di interesse culturale;Attività didattica;C12;;false;false;;;;;;;3.0;3.0;3.0;3.0;4.0;3.0;[];[];[];;1;;134;42;
26539;45.0493583;7.6852271;Viale Virgilio;107;114.0;Prima del 1919;;0.0;0.0;Locale commerciale, negozio;Demanio;Dichiarazione di interesse culturale;Attività commerciale e di ristorazione;C1;;false;false;;;;;;;2.0;2.0;2.0;2.0;2.0;2.0;[];[];[];;1;;1353;3;
26653;45.0760111;7.6817108;Via Franco Bonelli;0;110.0;Prima del 1919;;0.0;0.0;Abitazione;Patrimonio indisponibile;Nessuno;Altro;B5;;false;false;;;;;;;3.0;3.0;3.0;3.0;3.0;3.0;[];[];[];;1;;1217;211;
26672;45.0798385;7.6726279;Corso Principe Eugenio;26;10000.0;Prima del 1919;;0.0;0.0;Ufficio strutturato ed assimilabili;Patrimonio indisponibile;Dichiarazione di interesse culturale;Non Dichiarato;C17;160281.0;false;false;;;;;;;4.0;4.0;4.0;4.0;4.0;4.0;[];[];[];01/01/2019;1;in concessione a titolo oneroso;1180;255;
26841;45.0797746;7.6778351;Via Sigismondo Gerdil;7;63.0;Prima del 1919;;0.0;0.0;Abitazione;Patrimonio indisponibile;Nessuno;Altro;C17;;false;false;;;;;;;2.0;3.0;2.0;2.0;3.0;2.0;[];[];[];;1;;1218;43;
27069;45.0797746;7.6778351;Via San Giuseppe Benedetto Cottolengo;25;64.0;Prima del 1919;;0.0;0.0;Abitazione;Patrimonio indisponibile;Nessuno;Altro;C17;;false;false;;;;;;;2.0;3.0;2.0;2.0;3.0;2.0;[];[];[];;1;;1218;45;
28522;45.0488786;7.6848158;Viale Virgilio;107;1149.0;Prima del 1919;;0.0;0.0;Palazzo storico, castello;Demanio;Dichiarazione di interesse culturale;Attività artistica e culturale;C1;;false;false;;;;;;;3.0;4.0;3.0;3.0;4.0;3.0;[];[];[];;1;;1353;9;
28523;45.0832735;7.6950233;Via Bologna;51;1587.43;Prima del 1919;;0.0;0.0;Ufficio strutturato ed assimilabili;Demanio;Dichiarazione di interesse culturale;Attività amministrativa/uffici pubblici;C19;;false;false;;;;;;;3.0;4.0;3.0;3.0;4.0;3.0;[];[];[];;1;;1185;256;
43004;45.0268099;7.6710944;corso unita' d'italia;86;29.0;Dal 1946 al 1960;;0.0;0.0;Cantina, soffitta, rimessa, box, garage, posto auto aperto/scoperto,;Patrimonio disponibile;Nessuno;Non Dichiarato;D16;0.0;false;false;;;;;;;2.0;3.0;2.0;2.0;3.0;2.0;[];[];[];01/01/2019;1;in concessione a titolo oneroso;1420;20;
43005;45.0268099;7.6710944;corso unita' d'italia;86;104.0;Dal 1946 al 1960;;0.0;0.0;Abitazione;Patrimonio disponibile;Nessuno;Non Dichiarato;D16;0.0;false;false;;;;;;;3.0;3.0;3.0;3.0;3.0;3.0;[];[];[];01/01/2019;1;in concessione a titolo oneroso;1420;20;
43006;45.0268099;7.6710944;corso unita' d'italia;86;4642.5;Dal 1946 al 1960;;0.0;0.0;Edificio scolastico (es.: scuola di ogni ordine e grado, università, scuola di formazione);Patrimonio disponibile;Nessuno;Non Dichiarato;D16;158036.0;false;false;;;;;;;3.0;3.0;3.0;3.0;4.0;3.0;[];[];[];01/01/2019;1;in concessione a titolo oneroso;1420;20;
43009;45.037298;7.6499811;corso unione sovietica;220;5000.0;Prima del 1919;;0.0;0.0;Struttura residenziale collettiva (es.: collegi e convitti, educandati, ricoveri, orfanotrofi, ospizi, conventi, seminari);Demanio;Dichiarazione di interesse culturale;Servizi assistenza socio-sanitaria (residenziali);D18;;false;false;;;;;;;3.0;2.0;3.0;3.0;4.0;3.0;[];[];[];;1;;1397;83;
43011;45.037298;7.6499811;Via San Marino;10;1160.2;Prima del 1919;;0.0;0.0;Struttura residenziale collettiva (es.: collegi e convitti, educandati, ricoveri, orfanotrofi, ospizi, conventi, seminari);Demanio;Dichiarazione di interesse culturale;Servizi assistenza socio-sanitaria (residenziali);D18;;false;false;;;;;;;2.0;3.0;2.0;2.0;3.0;2.0;[];[];[];;1;;1397;83;
43012;45.0386222;7.6788063;corso sicilia;50;64.0;Dal 1946 al 1960;;0.0;0.0;Abitazione;Patrimonio indisponibile;Nessuno;Non Dichiarato;C12;;false;false;;;;;;;2.0;3.0;2.0;2.0;3.0;2.0;[];[];[];;1;;1405;37;
43206;45.0681388;7.6897004;via po;18;125.0;Prima del 1919;;0.0;0.0;Locale commerciale, negozio;Patrimonio disponibile;Dichiarazione di interesse culturale;Attività commerciale e di ristorazione;B2;;false;false;;;;;;;3.0;3.0;3.0;3.0;4.0;3.0;[];[];[];;1;;1280;85;
43207;45.0681388;7.6897004;via po;18;61.0;Prima del 1919;;0.0;0.0;Locale commerciale, negozio;Patrimonio disponibile;Dichiarazione di interesse culturale;Attività commerciale e di ristorazione;B2;;false;false;;;;;;;3.0;3.0;2.0;2.0;3.0;2.0;[];[];[];;1;;1280;85;
43208;45.0681388;7.6897004;via po;18;43.0;Prima del 1919;;0.0;0.0;Locale commerciale, negozio;Patrimonio disponibile;Dichiarazione di interesse culturale;Attività commerciale e di ristorazione;B2;;false;false;;;;;;;3.0;3.0;3.0;3.0;3.0;3.0;[];[];[];;1;;1280;85;
43211;45.0681388;7.6897004;via po;18;161.0;Prima del 1919;;0.0;0.0;Locale commerciale, negozio;Patrimonio disponibile;Dichiarazione di interesse culturale;Attività commerciale e di ristorazione;B2;;false;false;;;;;;;3.0;3.0;3.0;3.0;3.0;3.0;[];[];[];;1;;1280;85;
43212;45.0681388;7.6897004;via po;18;142.0;Prima del 1919;;0.0;0.0;Magazzino e locali di deposito;Demanio;Dichiarazione di interesse culturale;Attività commerciale e di ristorazione;B2;;false;false;;;;;;;3.0;3.0;3.0;3.0;3.0;3.0;[];[];[];;1;;1280;85;
44210;45.0646244;7.686777;Via Giovanni Giolitti;32;196.0;Dal 2001 al 2010;;0.0;0.0;Teatro, cinematografo, struttura per concerti e spettacoli e assimilabili;Patrimonio indisponibile;Nessuno;Attività commerciale e di ristorazione;B2;;false;false;;;;;;;2.0;2.0;2.0;2.0;2.0;2.0;[];[];[];;1;;1281;140;
44211;45.0646244;7.686777;Via San Francesco da Paola;16;248.0;Dal 2001 al 2010;;0.0;0.0;Locale commerciale, negozio;Patrimonio indisponibile;Nessuno;Non Dichiarato;B2;43855.0;false;false;;;;;;;2.0;2.0;2.0;2.0;2.0;2.0;[];[];[];01/10/2012;1;in concessione a titolo oneroso;1281;140;
44226;45.0646244;7.686777;Via Cavour;25;163.0;Dal 2001 al 2010;;0.0;0.0;Ufficio strutturato ed assimilabili;Patrimonio indisponibile;Nessuno;Attività amministrativa/uffici pubblici;B2;;false;false;;;;;;;3.0;4.0;3.0;3.0;4.0;3.0;[];[];[];;1;;1281;140;
44227;45.0646244;7.686777;PIAZZALE FUSI VALDO;SNC;193.0;Dal 2001 al 2010;;0.0;0.0;Locale commerciale, negozio;Patrimonio indisponibile;Nessuno;Attività commerciale e di ristorazione;B2;;false;false;;;;;;;3.0;3.0;3.0;3.0;4.0;3.0;[];[];[];;1;;1281;140;
54201;45.071259;7.658087;corso vittorio emanuele ii;130;10000.0;Dal 1991 al 2000;;0.0;0.0;Ufficio strutturato ed assimilabili;Patrimonio indisponibile;Nessuno;Non Dichiarato;C6;20224.0;false;false;;;;;;;3.0;3.0;3.0;3.0;3.0;3.0;[];[];[];01/07/2015;1;in concessione a titolo oneroso;1222;435;
54202;45.0569757;7.6723545;via s. secondo;43;324.0;Prima del 1919;;0.0;0.0;Abitazione;Patrimonio indisponibile;Nessuno;Attività giudiziaria;C3;;false;false;;;;;;;2.0;3.0;2.0;2.0;3.0;2.0;[];[];[];;1;;1302;305;
54203;45.0569757;7.6723545;via s. secondo;43;105.0;Prima del 1919;;0.0;0.0;Parcheggio collettivo;Patrimonio indisponibile;Nessuno;Attività giudiziaria;C3;;false;false;;;;;;;3.0;3.0;3.0;3.0;4.0;3.0;[];[];[];;1;;1302;305;
54205;45.0683157;7.6604391;corso vittorio emanuele ii;127;10000.0;Prima del 1919;;0.0;0.0;Ufficio strutturato ed assimilabili;Demanio;Dichiarazione di interesse culturale;Non Dichiarato;C6;633.0;false;false;;;;;;;3.0;3.0;3.0;3.0;4.0;3.0;[];[];[];01/10/2020;1;in concessione a titolo oneroso;1240;99;
54207;45.0746584;7.679317;Via Corte d'Appello;16;10000.0;Prima del 1919;;0.0;0.0;Ufficio strutturato ed assimilabili;Demanio;Dichiarazione di interesse culturale;Attività amministrativa/uffici pubblici;B5;;false;false;;;;;;;2.0;3.0;2.0;2.0;3.0;2.0;[];[];[];;1;;1219;80;
69712;45.0697803;7.6872855;via po;2;76.0;Prima del 1919;;0.0;0.0;Abitazione;Patrimonio indisponibile;Nessuno;Altro;B2;;false;false;;;;;;;3.0;4.0;2.0;2.0;3.0;2.0;[];[];[];;1;;1280;24;
69714;45.0697803;7.6872855;via po;2;83.0;Prima del 1919;;0.0;0.0;Abitazione;Patrimonio indisponibile;Nessuno;Altro;B2;;false;false;;;;;;;3.0;2.0;1.0;2.0;4.0;1.0;[];[];[];;1;;1280;24;
88451;45.038093;7.6753699;corso dogliotti;44/a;2728.0;Dal 2001 al 2010;;0.0;0.0;Parcheggio collettivo;ND;Nessuno;Non Dichiarato;D16;;false;false;;;;;;;3.0;3.0;3.0;3.0;3.0;3.0;[];[];[];;1;;1404;58;
248449;45.0680734;7.642807;Via Cenischia;50;84.0;Dal 1919 al 1945;;0.0;0.0;Abitazione;Patrimonio indisponibile;Nessuno;Altro;C23;;false;false;;;;;;;3.0;3.0;2.0;2.0;3.0;2.0;[];[];[];;1;;1237;45;
251960;45.1063747;7.6371566;Corso Ferrara;3;71.0;Dal 1961 al 1970;;0.0;0.0;Abitazione;Patrimonio indisponibile;Nessuno;Altro;D23;;false;false;;;;;;;2.0;3.0;2.0;2.0;3.0;2.0;[];[];[];;1;;57;61;
257494;45.101346;7.6257195;Via delle Primule;28;98.0;Dal 1946 al 1960;;0.0;0.0;Abitazione;Patrimonio indisponibile;Nessuno;Altro;D23;;false;false;;;;;;;2.0;2.0;2.0;2.0;2.0;2.0;[];[];[];;1;;1069;151;
257495;45.101346;7.6257195;Via delle Primule;28;99.0;Dal 1946 al 1960;;0.0;0.0;Abitazione;Patrimonio indisponibile;Nessuno;Altro;D23;;false;false;;;;;;;2.0;3.0;2.0;2.0;3.0;2.0;[];[];[];;1;;1069;151;
257496;45.101346;7.6257195;Via delle Primule;28;97.0;Dal 1946 al 1960;;0.0;0.0;Abitazione;Patrimonio indisponibile;Nessuno;Altro;D23;;false;false;;;;;;;3.0;3.0;3.0;3.0;4.0;3.0;[];[];[];;1;;1069;151;
257497;45.101346;7.6257195;Via delle Primule;28;98.0;Dal 1946 al 1960;;0.0;0.0;Abitazione;Patrimonio indisponibile;Nessuno;Altro;D23;;false;false;;;;;;;2.0;3.0;2.0;2.0;3.0;2.0;[];[];[];;1;;1069;151;
257498;45.1015414;7.6258345;Via delle Primule;28;105.0;Dal 1946 al 1960;;0.0;0.0;Abitazione;Patrimonio indisponibile;Nessuno;Altro;D23;;false;false;;;;;;;3.0;3.0;3.0;3.0;4.0;3.0;[];[];[];;1;;1069;151;
257499;45.101346;7.6257195;Via delle Primule;28;75.0;Dal 1946 al 1960;;0.0;0.0;Abitazione;Patrimonio indisponibile;Nessuno;Altro;D23;;false;false;;;;;;;2.0;2.0;2.0;2.0;3.0;2.0;[];[];[];;1;;1069;151;
257500;45.1015414;7.6258345;Via delle Primule;28;105.0;Dal 1946 al 1960;;0.0;0.0;Abitazione;Patrimonio indisponibile;Nessuno;Altro;D23;;false;false;;;;;;;3.0;4.0;3.0;3.0;4.0;3.0;[];[];[];;1;;1069;151;
257501;45.1015414;7.6258345;Via delle Primule;28;87.0;Dal 1946 al 1960;;0.0;0.0;Abitazione;Patrimonio indisponibile;Nessuno;Altro;D23;;false;false;;;;;;;2.0;2.0;2.0;2.0;2.0;2.0;[];[];[];;1;;1069;151;
257502;45.1015414;7.6258345;Via delle Primule;28;104.0;Dal 1946 al 1960;;0.0;0.0;Abitazione;Patrimonio indisponibile;Nessuno;Altro;D23;;false;false;;;;;;;3.0;3.0;3.0;3.0;3.0;3.0;[];[];[];;1;;1069;151;
257503;45.1015414;7.6258345;Via delle Primule;28;87.0;Dal 1946 al 1960;;0.0;0.0;Abitazione;Patrimonio indisponibile;Nessuno;Altro;D23;;false;false;;;;;;;3.0;3.0;3.0;3.0;4.0;3.0;[];[];[];;1;;1069;151;
257504;45.1015414;7.6258345;Via delle Primule;28;106.0;Dal 1946 al 1960;;0.0;0.0;Abitazione;Patrimonio indisponibile;Nessuno;Altro;D23;;false;false;;;;;;;2.0;2.0;1.0;1.0;2.0;1.0;[];[];[];;1;;1069;151;
257505;45.101346;7.6257195;Via delle Primule;28;93.0;Dal 1946 al 1960;;0.0;0.0;Abitazione;Patrimonio indisponibile;Nessuno;Altro;D23;;false;false;;;;;;;2.0;3.0;2.0;2.0;3.0;2.0;[];[];[];;1;;1069;151;
257506;45.1015414;7.6258345;Via delle Primule;28;87.0;Dal 1946 al 1960;;0.0;0.0;Abitazione;Patrimonio indisponibile;Nessuno;Altro;D23;;false;false;;;;;;;3.0;3.0;2.0;2.0;3.0;2.0;[];[];[];;1;;1069;151;
257512;45.101346;7.6257195;Via delle Primule;28;93.0;Dal 1946 al 1960;;0.0;0.0;Abitazione;Patrimonio indisponibile;Nessuno;Altro;D23;;false;false;;;;;;;3.0;3.0;3.0;3.0;3.0;3.0;[];[];[];;1;;1069;151;
257521;45.1015414;7.6258345;Via delle Primule;28;97.0;Dal 1946 al 1960;;0.0;0.0;Abitazione;Patrimonio indisponibile;Nessuno;Altro;D23;;false;false;;;;;;;2.0;2.0;2.0;2.0;2.0;2.0;[];[];[];;1;;1069;151;
257529;45.101346;7.6257195;Via delle Primule;28;100.0;Dal 1946 al 1960;;0.0;0.0;Abitazione;Patrimonio indisponibile;Nessuno;Altro;D23;;false;false;;;;;;;3.0;3.0;2.0;2.0;3.0;2.0;[];[];[];;1;;1069;151;
257539;45.101346;7.6257195;Via delle Primule;28;97.0;Dal 1946 al 1960;G;0.0;0.0;Abitazione;Patrimonio indisponibile;Nessuno;Altro;D23;;false;false;;6.0;1.0;2.0;1.0;2.0;3.0;3.0;2.0;2.0;3.0;2.0;['2019_104581_0012.xml'];['2019_104581_0012.xml'];[];;1;;1069;151;
257543;45.101346;7.6257195;Via delle Primule;28;94.0;Dal 1946 al 1960;;0.0;0.0;Abitazione;Patrimonio indisponibile;Nessuno;Altro;D23;;false;false;;;;;;;2.0;2.0;1.0;1.0;2.0;1.0;[];[];[];;1;;1069;151;
257544;45.101346;7.6257195;Via delle Primule;28;99.0;Dal 1946 al 1960;;0.0;0.0;Abitazione;Patrimonio indisponibile;Nessuno;Altro;D23;;false;false;;;;;;;2.0;2.0;2.0;2.0;3.0;2.0;[];[];[];;1;;1069;151;
257545;45.101346;7.6257195;Via delle Primule;28;98.0;Dal 1946 al 1960;;0.0;0.0;Abitazione;Patrimonio indisponibile;Nessuno;Altro;D23;;false;false;;;;;;;3.0;3.0;3.0;3.0;4.0;3.0;[];[];[];;1;;1069;151;
292655;45.0942259;7.688735;via palestrina pier luigi;43;125.0;Dal 1919 al 1945;;0.0;0.0;Abitazione;Patrimonio indisponibile;Nessuno;Altro;D20;;false;false;;;;;;;3.0;3.0;3.0;3.0;3.0;3.0;[];[];[];;1;;1127;63;
292657;45.0942259;7.688735;via palestrina pier luigi;43;11.0;Dal 1919 al 1945;;0.0;0.0;Cantina, soffitta, rimessa, box, garage, posto auto aperto/scoperto,;Patrimonio indisponibile;Nessuno;Altro;D20;;false;false;;;;;;;2.0;2.0;2.0;2.0;3.0;2.0;[];[];[];;1;;1127;63;
293553;45.0646476;7.6398669;via issiglio;34;86.0;Dal 1961 al 1970;;0.0;0.0;Abitazione;Patrimonio indisponibile;Nessuno;Altro;C24;;false;false;;;;;;;2.0;3.0;2.0;2.0;3.0;2.0;[];[];[];;1;;1236;259;
293554;45.0646476;7.6398669;via issiglio;34;54.0;Dal 1961 al 1970;;0.0;0.0;Abitazione;Patrimonio indisponibile;Nessuno;Altro;C24;;false;false;;;;;;;3.0;3.0;3.0;3.0;3.0;3.0;[];[];[];;1;;1236;259;
293556;45.0646476;7.6398669;via issiglio;34;58.0;Dal 1961 al 1970;;0.0;0.0;Abitazione;Patrimonio indisponibile;Nessuno;Altro;C24;;false;false;;;;;;;3.0;3.0;3.0;3.0;4.0;3.0;[];[];[];;1;;1236;259;
293557;45.0646476;7.6398669;via issiglio;34;75.0;Dal 1961 al 1970;;0.0;0.0;Abitazione;Patrimonio indisponibile;Nessuno;Altro;C24;;false;false;;;;;;;2.0;3.0;2.0;2.0;3.0;2.0;[];[];[];;1;;1236;259;
293558;45.0646476;7.6398669;via issiglio;34;65.0;Dal 1961 al 1970;;0.0;0.0;Abitazione;Patrimonio indisponibile;Nessuno;Altro;C24;;false;false;;;;;;;3.0;3.0;3.0;3.0;4.0;3.0;[];[];[];;1;;1236;259;
293559;45.0646476;7.6398669;via issiglio;34;72.0;Dal 1961 al 1970;;0.0;0.0;Abitazione;Patrimonio indisponibile;Nessuno;Altro;C24;;false;false;;;;;;;2.0;2.0;2.0;2.0;2.0;2.0;[];[];[];;1;;1236;259;
293560;45.0646476;7.6398669;via issiglio;34;85.0;Dal 1961 al 1970;;0.0;0.0;Abitazione;Patrimonio indisponibile;Nessuno;Altro;C24;;false;false;;;;;;;3.0;3.0;3.0;3.0;3.0;3.0;[];[];[];;1;;1236;259;
293561;45.0646476;7.6398669;via issiglio;34;72.0;Dal 1961 al 1970;;0.0;0.0;Abitazione;Patrimonio indisponibile;Nessuno;Altro;C24;;false;false;;;;;;;3.0;3.0;3.0;3.0;3.0;3.0;[];[];[];;1;;1236;259;
293562;45.0646476;7.6398669;via issiglio;34;84.0;Dal 1961 al 1970;;0.0;0.0;Abitazione;Patrimonio indisponibile;Nessuno;Altro;C24;;false;false;;;;;;;3.0;3.0;3.0;3.0;3.0;3.0;[];[];[];;1;;1236;259;
293563;45.0646476;7.6398669;via issiglio;34;99.0;Dal 1961 al 1970;;0.0;0.0;Abitazione;Patrimonio indisponibile;Nessuno;Altro;C24;;false;false;;;;;;;3.0;4.0;3.0;3.0;4.0;3.0;[];[];[];;1;;1236;259;
295000;45.0150404;7.6310601;Via Arturo Farinelli;22;135.0;Dal 1961 al 1970;;0.0;0.0;Abitazione;Patrimonio indisponibile;Nessuno;Altro;D6;;false;false;;;;;;;3.0;3.0;3.0;3.0;4.0;3.0;[];[];[];;1;;1481;440;
301849;45.0844539;7.690713;Via Aosta;29;56.0;Dal 1946 al 1960;;0.0;0.0;Abitazione;Patrimonio indisponibile;Nessuno;Altro;C19;;false;false;;;;;;;2.0;2.0;3.0;2.0;3.0;2.0;[];[];[];;1;;1184;10;
301851;45.0844539;7.690713;via lodi;9;72.0;Dal 1946 al 1960;;0.0;0.0;Abitazione;Patrimonio indisponibile;Nessuno;Altro;C19;;false;false;;;;;;;3.0;4.0;3.0;3.0;4.0;3.0;[];[];[];;1;;1184;10;
301852;45.0844539;7.690713;Via Lodi;11;71.0;Dal 1946 al 1960;;0.0;0.0;Abitazione;Patrimonio indisponibile;Nessuno;Altro;C19;;false;false;;;;;;;3.0;3.0;3.0;3.0;4.0;3.0;[];[];[];;1;;1184;10;
301853;45.0844539;7.690713;Via Lodi;13;72.0;Dal 1946 al 1960;;0.0;0.0;Abitazione;Patrimonio indisponibile;Nessuno;Altro;C19;;false;false;;;;;;;3.0;3.0;2.0;3.0;4.0;2.0;[];[];[];;1;;1184;10;
301854;45.0844539;7.690713;Via Lodi;13;72.0;Dal 1946 al 1960;;0.0;0.0;Abitazione;Patrimonio indisponibile;Nessuno;Altro;C19;;false;false;;;;;;;3.0;3.0;3.0;3.0;4.0;3.0;[];[];[];;1;;1184;10;
301855;45.0844539;7.690713;Via Lodi;13;72.0;Dal 1946 al 1960;;0.0;0.0;Abitazione;Patrimonio indisponibile;Nessuno;Altro;C19;;false;false;;;;;;;2.0;3.0;2.0;2.0;3.0;2.0;[];[];[];;1;;1184;10;
301856;45.0844539;7.690713;Via Lodi;13;72.0;Dal 1946 al 1960;;0.0;0.0;Abitazione;Patrimonio indisponibile;Nessuno;Altro;C19;;false;false;;;;;;;3.0;3.0;3.0;3.0;3.0;3.0;[];[];[];;1;;1184;10;
301857;45.0844539;7.690713;Via Lodi;13;72.0;Dal 1946 al 1960;;0.0;0.0;Abitazione;Patrimonio indisponibile;Nessuno;Altro;C19;;false;false;;;;;;;3.0;3.0;3.0;3.0;3.0;3.0;[];[];[];;1;;1184;10;
303849;45.0768656;7.6553383;via medici giacomo;12;133.0;Dal 1961 al 1970;;0.0;0.0;Abitazione;Patrimonio indisponibile;Nessuno;Alloggio di servizio, foresterie;C22;;false;false;;;;;;;2.0;2.0;2.0;2.0;2.0;2.0;[];[];[];;1;;1175;721;
303853;45.0768656;7.6553383;via medici giacomo;12;969.75;Dal 1961 al 1970;;0.0;0.0;Edificio scolastico (es.: scuola di ogni ordine e grado, università, scuola di formazione);Patrimonio indisponibile;Nessuno;Attività didattica;C22;;false;false;;;;;;;2.0;3.0;2.0;2.0;3.0;2.0;[];[];[];;1;;1175;721;
338610;45.0306089;7.6562613;Via Giordano Bruno;189;13.0;Dal 2001 al 2010;;0.0;0.0;Cantina, soffitta, rimessa, box, garage, posto auto aperto/scoperto,;Patrimonio indisponibile;Nessuno;Alloggio di servizio, foresterie;D17;;false;false;;;;;;;2.0;3.0;3.0;2.0;3.0;3.0;[];[];[];;1;;1422;185;
338611;45.0306089;7.6562613;Via Giordano Bruno;189;12.0;Dal 2001 al 2010;;0.0;0.0;Cantina, soffitta, rimessa, box, garage, posto auto aperto/scoperto,;Patrimonio indisponibile;Nessuno;Alloggio di servizio, foresterie;D17;;false;false;;;;;;;2.0;3.0;2.0;2.0;3.0;2.0;[];[];[];;1;;1422;185;
338612;45.0306089;7.6562613;Via Giordano Bruno;189;13.0;Dal 2001 al 2010;;0.0;0.0;Cantina, soffitta, rimessa, box, garage, posto auto aperto/scoperto,;Patrimonio indisponibile;Nessuno;Alloggio di servizio, foresterie;D17;;false;false;;;;;;;3.0;3.0;2.0;2.0;3.0;2.0;[];[];[];;1;;1422;185;
338613;45.0306089;7.6562613;Via Giordano Bruno;189;12.0;Dal 2001 al 2010;;0.0;0.0;Cantina, soffitta, rimessa, box, garage, posto auto aperto/scoperto,;Patrimonio indisponibile;Nessuno;Alloggio di servizio, foresterie;D17;;false;false;;;;;;;2.0;2.0;3.0;2.0;3.0;2.0;[];[];[];;1;;1422;185;
338614;45.0306089;7.6562613;Via Giordano Bruno;189;13.0;Dal 2001 al 2010;;0.0;0.0;Cantina, soffitta, rimessa, box, garage, posto auto aperto/scoperto,;Patrimonio indisponibile;Nessuno;Alloggio di servizio, foresterie;D17;;false;false;;;;;;;3.0;3.0;3.0;3.0;3.0;3.0;[];[];[];;1;;1422;185;
338624;45.0306089;7.6562613;Via Giordano Bruno;189;12.0;Dal 2001 al 2010;;0.0;0.0;Cantina, soffitta, rimessa, box, garage, posto auto aperto/scoperto,;Patrimonio indisponibile;Nessuno;Alloggio di servizio, foresterie;D17;;false;false;;;;;;;2.0;3.0;2.0;2.0;3.0;2.0;[];[];[];;1;;1422;185;
338625;45.0306089;7.6562613;Via Giordano Bruno;189;12.0;Dal 2001 al 2010;;0.0;0.0;Cantina, soffitta, rimessa, box, garage, posto auto aperto/scoperto,;Patrimonio indisponibile;Nessuno;Alloggio di servizio, foresterie;D17;;false;false;;;;;;;2.0;2.0;2.0;2.0;2.0;2.0;[];[];[];;1;;1422;185;
338626;45.0306089;7.6562613;Via Giordano Bruno;189;12.0;Dal 2001 al 2010;;0.0;0.0;Cantina, soffitta, rimessa, box, garage, posto auto aperto/scoperto,;Patrimonio indisponibile;Nessuno;Alloggio di servizio, foresterie;D17;;false;false;;;;;;;2.0;2.0;2.0;2.0;3.0;2.0;[];[];[];;1;;1422;185;
338627;45.0306089;7.6562613;Via Giordano Bruno;189;13.0;Dal 2001 al 2010;;0.0;0.0;Cantina, soffitta, rimessa, box, garage, posto auto aperto/scoperto,;Patrimonio indisponibile;Nessuno;Alloggio di servizio, foresterie;D17;;false;false;;;;;;;2.0;3.0;3.0;3.0;3.0;3.0;[];[];[];;1;;1422;185;
338628;45.0306089;7.6562613;Via Giordano Bruno;189;12.0;Dal 2001 al 2010;;0.0;0.0;Cantina, soffitta, rimessa, box, garage, posto auto aperto/scoperto,;Patrimonio indisponibile;Nessuno;Alloggio di servizio, foresterie;D17;;false;false;;;;;;;2.0;3.0;2.0;2.0;3.0;2.0;[];[];[];;1;;1422;185;
338629;45.0306089;7.6562613;Via Giordano Bruno;189;12.0;Dal 2001 al 2010;;0.0;0.0;Cantina, soffitta, rimessa, box, garage, posto auto aperto/scoperto,;Patrimonio indisponibile;Nessuno;Alloggio di servizio, foresterie;D17;;false;false;;;;;;;2.0;3.0;2.0;2.0;3.0;2.0;[];[];[];;1;;1422;185;
338630;45.0306089;7.6562613;Via Giordano Bruno;189;12.0;Dal 2001 al 2010;;0.0;0.0;Cantina, soffitta, rimessa, box, garage, posto auto aperto/scoperto,;Patrimonio indisponibile;Nessuno;Alloggio di servizio, foresterie;D17;;false;false;;;;;;;3.0;3.0;3.0;3.0;3.0;3.0;[];[];[];;1;;1422;185;
338631;45.0306089;7.6562613;Via Giordano Bruno;189;12.0;Dal 2001 al 2010;;0.0;0.0;Cantina, soffitta, rimessa, box, garage, posto auto aperto/scoperto,;Patrimonio indisponibile;Nessuno;Alloggio di servizio, foresterie;D17;;false;false;;;;;;;3.0;3.0;3.0;3.0;4.0;3.0;[];[];[];;1;;1422;185;
338632;45.0306089;7.6562613;Via Giordano Bruno;189;12.0;Dal 2001 al 2010;;0.0;0.0;Cantina, soffitta, rimessa, box, garage, posto auto aperto/scoperto,;Patrimonio indisponibile;Nessuno;Alloggio di servizio, foresterie;D17;;false;false;;;;;;;2.0;2.0;2.0;2.0;2.0;2.0;[];[];[];;1;;1422;185;
338659;45.0306089;7.6562613;Corso Eusebio Giambone;87;1208.0;Dal 2001 al 2010;;0.0;0.0;Struttura residenziale collettiva (es.: collegi e convitti, educandati, ricoveri, orfanotrofi, ospizi, conventi, seminari);Patrimonio indisponibile;Nessuno;Alloggio di servizio, foresterie;D17;;false;false;;;;;;;2.0;2.0;2.0;2.0;2.0;2.0;[];[];[];;1;;1422;185;
338703;45.0973318;7.7115029;Via Botticelli Sandro;130;5000.0;Dal 1991 al 2000;;0.0;0.0;Struttura residenziale collettiva (es.: collegi e convitti, educandati, ricoveri, orfanotrofi, ospizi, conventi, seminari);Patrimonio indisponibile;Nessuno;Non Dichiarato;D21;;false;false;;;;;;;2.0;3.0;2.0;2.0;3.0;2.0;[];[];[];;1;;1133;65;
338704;45.0973318;7.7115029;via sandro botticelli;130;26.0;Dal 1991 al 2000;;0.0;0.0;Cantina, soffitta, rimessa, box, garage, posto auto aperto/scoperto,;Patrimonio indisponibile;Nessuno;Non Dichiarato;D21;;false;false;;;;;;;2.0;2.0;1.0;1.0;2.0;1.0;[];[];[];;1;;1133;65;
338705;45.0973318;7.7115029;via sandro botticelli;130;26.0;Dal 1991 al 2000;;0.0;0.0;Cantina, soffitta, rimessa, box, garage, posto auto aperto/scoperto,;Patrimonio indisponibile;Nessuno;Non Dichiarato;D21;;false;false;;;;;;;2.0;3.0;2.0;2.0;3.0;2.0;[];[];[];;1;;1133;65;
338706;45.0973318;7.7115029;via sandro botticelli;130;26.0;Dal 1991 al 2000;;0.0;0.0;Cantina, soffitta, rimessa, box, garage, posto auto aperto/scoperto,;Patrimonio indisponibile;Nessuno;Non Dichiarato;D21;;false;false;;;;;;;2.0;2.0;2.0;2.0;3.0;2.0;[];[];[];;1;;1133;65;
338707;45.0973318;7.7115029;via sandro botticelli;130;142.18;Dal 1991 al 2000;;0.0;0.0;Fabbricato per attività produttiva (industriale, artigianale o agricola);Patrimonio indisponibile;Nessuno;Non Dichiarato;D21;;false;false;;;;;;;2.0;2.0;2.0;2.0;3.0;2.0;[];[];[];;1;;1133;65;
338714;45.0875777;7.6834118;via schio;1;721.0;Dal 1971 al 1980;;0.0;0.0;Ospedali, case di cura, cliniche e assimilabili;Patrimonio indisponibile;Nessuno;Non Dichiarato;C19;;false;false;;;;;;;3.0;3.0;3.0;3.0;3.0;3.0;[];[];[];;1;;1183;199;
338749;45.0446306;7.6391028;Via Gorizia;116;200.0;Dopo il 2010;;0.0;0.0;Ufficio strutturato ed assimilabili;Patrimonio indisponibile;Nessuno;Non Dichiarato;D18;4116.0;false;false;;;;;;;2.0;3.0;3.0;2.0;3.0;3.0;[];[];[];01/09/2017;1;in concessione a titolo oneroso;1386;163;
338751;45.0278086;7.6508088;Corso Corsica;55;908.6;Dal 1981 al 1990;;0.0;0.0;Biblioteca, pinacoteca, museo, gallerie;Patrimonio indisponibile;Nessuno;Attività artistica e culturale;D17;;false;false;;;;;;;3.0;3.0;3.0;3.0;3.0;3.0;[];[];[];;1;;1440;50;
338752;45.0278086;7.6508088;Corso Corsica;55;94.0;Dal 1981 al 1990;;0.0;0.0;Abitazione;Patrimonio indisponibile;Nessuno;Alloggio di servizio, foresterie;D17;;false;false;;;;;;;3.0;3.0;3.0;3.0;3.0;3.0;[];[];[];;1;;1440;50;
338753;45.0278086;7.6508088;Corso Corsica;55;1959.43;Dal 1981 al 1990;;0.0;0.0;Ufficio strutturato ed assimilabili;Patrimonio indisponibile;Nessuno;Attività amministrativa/uffici pubblici;D17;;false;false;;;;;;;2.0;3.0;2.0;2.0;3.0;2.0;[];[];[];;1;;1440;50;
373568;45.0677537;7.6888571;Via Principe Amedeo;19;5514.29;Prima del 1919;;0.0;0.0;Ufficio strutturato ed assimilabili;Patrimonio indisponibile;Dichiarazione di interesse culturale;Non Dichiarato;B2;1000.0;false;false;;;;;;;3.0;3.0;3.0;3.0;4.0;3.0;[];[];[];17/03/2016;1;in concessione a titolo oneroso;1280;167;
381821;45.0903857;7.6864074;VIA BANFO ANTONIO;SNC;2097.6;Dopo il 2010;;0.0;0.0;Caserma;Patrimonio disponibile;Nessuno;Non Dichiarato;D11;0.0;false;false;;;;;;;3.0;4.0;3.0;3.0;4.0;3.0;[];[];[];01/01/2019;1;in locazione;1150;333;
381822;45.0903857;7.6864074;VIA BANFO ANTONIO;SNC;212.0;Dopo il 2010;;0.0;0.0;Abitazione;Patrimonio disponibile;Nessuno;Servizi ordine pubblico, sicurezza nazionale e militare;D11;;false;false;;;;;;;2.0;3.0;2.0;2.0;3.0;2.0;[];[];[];;1;;1150;333;
381823;45.0903857;7.6864074;VIA BANFO ANTONIO;SNC;161.0;Dopo il 2010;;0.0;0.0;Abitazione;Patrimonio disponibile;Nessuno;Servizi ordine pubblico, sicurezza nazionale e militare;D11;;false;false;;;;;;;3.0;3.0;3.0;3.0;3.0;3.0;[];[];[];;1;;1150;333;
381824;45.0903857;7.6864074;VIA BANFO ANTONIO;SNC;167.0;Dopo il 2010;;0.0;0.0;Abitazione;Patrimonio disponibile;Nessuno;Servizi ordine pubblico, sicurezza nazionale e militare;D11;;false;false;;;;;;;3.0;3.0;3.0;3.0;4.0;3.0;[];[];[];;1;;1150;333;
381825;45.0903857;7.6864074;VIA BANFO ANTONIO;SNC;209.0;Dopo il 2010;;0.0;0.0;Abitazione;Patrimonio disponibile;Nessuno;Servizi ordine pubblico, sicurezza nazionale e militare;D11;;false;false;;;;;;;3.0;3.0;2.0;3.0;3.0;2.0;[];[];[];;1;;1150;333;
381826;45.0903857;7.6864074;VIA BANFO ANTONIO;SNC;157.0;Dopo il 2010;;0.0;0.0;Abitazione;Patrimonio disponibile;Nessuno;Servizi ordine pubblico, sicurezza nazionale e militare;D11;;false;false;;;;;;;3.0;3.0;3.0;3.0;4.0;3.0;[];[];[];;1;;1150;333;
381827;45.0903857;7.6864074;VIA BANFO ANTONIO;SNC;168.0;Dopo il 2010;;0.0;0.0;Abitazione;Patrimonio disponibile;Nessuno;Servizi ordine pubblico, sicurezza nazionale e militare;D11;;false;false;;;;;;;3.0;4.0;3.0;3.0;4.0;3.0;[];[];[];;1;;1150;333;
381828;45.0903857;7.6864074;VIA BANFO ANTONIO;SNC;166.0;Dopo il 2010;;0.0;0.0;Parcheggio collettivo;Patrimonio disponibile;Nessuno;Servizi ordine pubblico, sicurezza nazionale e militare;D11;;false;false;;;;;;;3.0;3.0;2.0;3.0;3.0;2.0;[];[];[];;1;;1150;333;
381839;45.05289149;7.6674511;Via Massena;105;2010.6;Dal 1946 al 1960;;0.0;0.0;Caserma;Patrimonio disponibile;Nessuno;Non Dichiarato;C5;95044.0;false;false;;;;;;;3.0;3.0;3.0;3.0;3.0;3.0;[];[];[];05/01/2006;1;in locazione;1349;199;
382042;45.05362793;7.68213638;Via Federico Campana;30;156.57;Prima del 1919;;0.0;0.0;Ufficio strutturato ed assimilabili;Patrimonio indisponibile;Nessuno;Attività amministrativa/uffici pubblici;C1;;false;false;;;;;;;2.0;2.0;2.0;2.0;3.0;2.0;[];[];[];;1;;1337;380;
382043;45.05362793;7.68213638;Via Ormea;47;154.0;Prima del 1919;;0.0;0.0;Parcheggio collettivo;Patrimonio indisponibile;Nessuno;Non Dichiarato;C1;19754.0;false;false;;;;;;;3.0;3.0;3.0;3.0;4.0;3.0;[];[];[];01/01/2022;1;in locazione;1337;380;
382044;45.05362793;7.68213638;Via Ormea;47;1051.2;Prima del 1919;;0.0;0.0;Struttura residenziale collettiva (es.: collegi e convitti, educandati, ricoveri, orfanotrofi, ospizi, conventi, seminari);Patrimonio indisponibile;Nessuno;Attività amministrativa/uffici pubblici;C1;;false;false;;;;;;;2.0;2.0;2.0;2.0;3.0;2.0;[];[];[];;1;;1337;380;
382050;45.0484196;7.6558198;corso monte lungo;51;295.0;Dal 1971 al 1980;;0.0;0.0;Caserma;Patrimonio disponibile;Nessuno;Non Dichiarato;D18;26778.0;false;false;;;;;;;3.0;3.0;3.0;3.0;3.0;3.0;[];[];[];01/01/2019;1;in locazione;1346;104;
382051;45.0484196;7.6558198;corso monte lungo;51;108.0;Dal 1971 al 1980;;0.0;0.0;Abitazione;Patrimonio disponibile;Nessuno;Servizi ordine pubblico, sicurezza nazionale e militare;D18;;false;false;;;;;;;3.0;3.0;3.0;3.0;4.0;3.0;[];[];[];;1;;1346;104;
382052;45.0484196;7.6558198;corso monte lungo;51;125.0;Dal 1971 al 1980;;0.0;0.0;Abitazione;Patrimonio disponibile;Nessuno;Servizi ordine pubblico, sicurezza nazionale e militare;D18;;false;false;;;;;;;3.0;3.0;2.0;2.0;3.0;2.0;[];[];[];;1;;1346;104;
382053;45.0484196;7.6558198;corso monte lungo;51;40.0;Dal 1971 al 1980;;0.0;0.0;Parcheggio collettivo;Patrimonio disponibile;Nessuno;Servizi ordine pubblico, sicurezza nazionale e militare;D18;;false;false;;;;;;;3.0;3.0;3.0;3.0;4.0;3.0;[];[];[];;1;;1346;104;
382054;45.0484196;7.6558198;corso monte lungo;51;16.0;Dal 1971 al 1980;;0.0;0.0;Cantina, soffitta, rimessa, box, garage, posto auto aperto/scoperto,;Patrimonio disponibile;Nessuno;Servizi ordine pubblico, sicurezza nazionale e militare;D18;;false;false;;;;;;;3.0;3.0;3.0;3.0;4.0;3.0;[];[];[];;1;;1346;104;
382055;45.0484196;7.6558198;corso monte lungo;51;16.0;Dal 1971 al 1980;;0.0;0.0;Cantina, soffitta, rimessa, box, garage, posto auto aperto/scoperto,;Patrimonio disponibile;Nessuno;Servizi ordine pubblico, sicurezza nazionale e militare;D18;;false;false;;;;;;;3.0;4.0;3.0;3.0;4.0;3.0;[];[];[];;1;;1346;104;
382493;45.0783209;7.6706855;corso principe eugenio;36;101.0;Dal 1971 al 1980;;0.0;0.0;Abitazione;Patrimonio disponibile;Nessuno;Non Dichiarato;C17;;false;false;;;;;;;3.0;3.0;3.0;3.0;4.0;3.0;[];[];[];;1;;1180;319;
388058;45.089604;7.7097084;via bologna;185;164.0;Dal 1919 al 1945;;0.0;0.0;Magazzino e locali di deposito;Patrimonio disponibile;Nessuno;Altro;D20;;false;false;;;;;;;2.0;2.0;1.0;1.0;2.0;1.0;[];[];[];;1;;1145;131;
388059;45.0841026;7.6979067;Corso Novara;63;4150.0;Dal 1919 al 1945;;0.0;0.0;Edificio scolastico (es.: scuola di ogni ordine e grado, università, scuola di formazione);Patrimonio indisponibile;Nessuno;Attività didattica;D20;;false;false;;;;;;;3.0;4.0;3.0;3.0;4.0;3.0;[];[];[];;1;;1187;63;
388082;45.0817319;7.6829121;Piazza Borgo Dora;61;4725.0;Prima del 1919;;0.0;0.0;Edificio scolastico (es.: scuola di ogni ordine e grado, università, scuola di formazione);Demanio;Dichiarazione di interesse culturale;Non Dichiarato;C17;142.0;false;false;;;;;;;2.0;2.0;2.0;2.0;2.0;2.0;[];[];[];01/03/1997;1;in concessione a titolo oneroso;1215;136;
388085;45.0817319;7.6829121;Via Vittorio Andreis;18;47.0;Prima del 1919;;0.0;0.0;Locale commerciale, negozio;Demanio;Dichiarazione di interesse culturale;Attività commerciale e di ristorazione;C17;;false;false;;;;;;;3.0;3.0;3.0;3.0;4.0;3.0;[];[];[];;1;;1215;136;
388086;45.0817319;7.6829121;Via Vittorio Andreis;18;60.0;Prima del 1919;;0.0;0.0;Locale commerciale, negozio;Demanio;Dichiarazione di interesse culturale;Attività commerciale e di ristorazione;C17;;false;false;;;;;;;3.0;3.0;3.0;3.0;3.0;3.0;[];[];[];;1;;1215;136;
388087;45.0817319;7.6829121;Via Vittorio Andreis;18;60.0;Prima del 1919;;0.0;0.0;Locale commerciale, negozio;Demanio;Dichiarazione di interesse culturale;Attività commerciale e di ristorazione;C17;;false;false;;;;;;;3.0;3.0;2.0;2.0;3.0;2.0;[];[];[];;1;;1215;136;
388088;45.0817319;7.6829121;Piazza Borgo Dora;61;169.25;Prima del 1919;;0.0;0.0;Edificio scolastico (es.: scuola di ogni ordine e grado, università, scuola di formazione);Demanio;Dichiarazione di interesse culturale;Attività didattica;C17;;false;false;;;;;;;2.0;2.0;2.0;2.0;2.0;2.0;[];[];[];;1;;1215;136;
388089;45.0817319;7.6829121;Piazza Borgo Dora;61;313.8;Prima del 1919;;0.0;0.0;Struttura residenziale collettiva (es.: collegi e convitti, educandati, ricoveri, orfanotrofi, ospizi, conventi, seminari);Demanio;Dichiarazione di interesse culturale;Altro;C17;;false;false;;;;;;;3.0;3.0;2.0;2.0;3.0;2.0;[];[];[];;1;;1215;136;
388090;45.0817319;7.6829121;Piazza Borgo Dora;61;173.0;Prima del 1919;;0.0;0.0;Struttura residenziale collettiva (es.: collegi e convitti, educandati, ricoveri, orfanotrofi, ospizi, conventi, seminari);Demanio;Dichiarazione di interesse culturale;Altro;C17;;false;false;;;;;;;2.0;2.0;2.0;2.0;3.0;2.0;[];[];[];;1;;1215;136;
388091;45.0817319;7.6829121;Piazza Borgo Dora;61;332.6;Prima del 1919;;0.0;0.0;Ospedali, case di cura, cliniche e assimilabili;Demanio;Dichiarazione di interesse culturale;Attività didattica;C17;;false;false;;;;;;;2.0;3.0;2.0;2.0;3.0;2.0;[];[];[];;1;;1215;136;
388095;45.0817319;7.6829121;Via Borgo Dora;49;6300.0;Prima del 1919;;0.0;0.0;Edificio scolastico (es.: scuola di ogni ordine e grado, università, scuola di formazione);Demanio;Dichiarazione di interesse culturale;Non Dichiarato;C17;28901.0;false;false;;;;;;;4.0;4.0;4.0;4.0;4.0;4.0;[];[];[];28/09/2012;1;in concessione a titolo oneroso;1215;136;
388100;45.0758634;7.6894159;Via Gianfrancesco Fiochetto;29;2919.25;Dal 1961 al 1970;;0.0;0.0;Edificio scolastico (es.: scuola di ogni ordine e grado, università, scuola di formazione);Patrimonio indisponibile;Nessuno;Attività didattica;C18;;false;false;;;;;;;3.0;3.0;3.0;3.0;3.0;3.0;[];[];[];;1;;1247;127;
388102;45.0758634;7.6894159;Via Gianfrancesco Fiochetto;29;90.0;Dal 1961 al 1970;E;0.0;0.0;Abitazione;Patrimonio indisponibile;Nessuno;Alloggio di servizio, foresterie;C18;;false;false;;7.0;2.0;2.0;1.0;2.0;3.0;4.0;2.0;2.0;3.0;2.0;['2021_106141_0050.xml'];['2021_106141_0050.xml'];[];;1;;1247;127;
388124;45.0982077;7.639026;Corso Lucio Quinzio Cincinnato;115;385.0;Dal 1971 al 1980;;0.0;0.0;Parcheggio collettivo;Patrimonio indisponibile;Nessuno;Attività didattica;D23;;false;false;;;;;;;3.0;3.0;3.0;3.0;4.0;3.0;[];[];[];;1;;1112;136;
388125;45.0982077;7.639026;Corso Lucio Quinzio Cincinnato;115;834.86;Dal 1971 al 1980;;0.0;0.0;Ufficio strutturato ed assimilabili;Patrimonio indisponibile;Nessuno;Attività amministrativa/uffici pubblici;D23;;false;false;;;;;;;3.0;3.0;3.0;3.0;4.0;3.0;[];[];[];;1;;1112;136;
388126;45.0982077;7.639026;Corso Lucio Quinzio Cincinnato;115;1365.71;Dal 1971 al 1980;;0.0;0.0;Ufficio strutturato ed assimilabili;Patrimonio indisponibile;Nessuno;Attività artistica e culturale;D23;;false;false;;;;;;;3.0;4.0;3.0;3.0;4.0;3.0;[];[];[];;1;;1112;136;
388129;45.0982077;7.639026;corso cincinnato l. quinzio;121;2477.75;Dal 1991 al 2000;;0.0;0.0;Edificio scolastico (es.: scuola di ogni ordine e grado, università, scuola di formazione);Patrimonio indisponibile;Nessuno;Attività didattica;D23;;false;false;;;;;;;2.0;3.0;2.0;2.0;3.0;2.0;[];[];[];;1;;1112;136;
388140;45.10513776;7.67861554;via paolo della cella;3;77.0;Dal 1946 al 1960;;0.0;0.0;Abitazione;Patrimonio indisponibile;Nessuno;Non Dichiarato;D22;0.0;false;false;;;;;;;3.0;4.0;3.0;3.0;4.0;3.0;[];[];[];01/01/2019;1;in locazione;1078;338;
388141;45.10513776;7.67861554;via paolo della cella;3;75.0;Dal 1946 al 1960;;0.0;0.0;Abitazione;Patrimonio indisponibile;Nessuno;Non Dichiarato;D22;0.0;false;false;;;;;;;3.0;3.0;3.0;3.0;4.0;3.0;[];[];[];01/01/2019;1;in locazione;1078;338;
388181;45.0610521;7.6477574;Via Paolo Braccini;70;11289.5;Prima del 1919;;0.0;0.0;Edificio scolastico (es.: scuola di ogni ordine e grado, università, scuola di formazione);Demanio;Dichiarazione di interesse culturale;Attività didattica;C24;;false;false;;;;;;;3.0;4.0;2.0;2.0;3.0;2.0;[];[];[];;1;;1288;310;
388182;45.0610521;7.6477574;Via Paolo Braccini;70;84.0;Prima del 1919;;0.0;0.0;Abitazione;Demanio;Dichiarazione di interesse culturale;Alloggio di servizio, foresterie;C24;;false;false;;;;;;;2.0;2.0;3.0;2.0;2.0;2.0;[];[];[];;1;;1288;310;
388183;45.0610521;7.6477574;Via Paolo Braccini;70;76.0;Prima del 1919;;0.0;0.0;Abitazione;Demanio;Dichiarazione di interesse culturale;Alloggio di servizio, foresterie;C24;;false;false;;;;;;;2.0;3.0;3.0;3.0;3.0;3.0;[];[];[];;1;;1288;310;
388185;45.06943207;7.64844938;via moretta;55 Bis;367.43;Prima del 1919;;0.0;0.0;Ufficio strutturato ed assimilabili;Patrimonio indisponibile;Nessuno;Attività amministrativa/uffici pubblici;C23;;false;false;;;;;;;3.0;3.0;3.0;3.0;4.0;3.0;[];[];[];;1;;1224;536;
388187;45.06943207;7.64844938;via revello;18;1708.5;Prima del 1919;;0.0;0.0;Edificio scolastico (es.: scuola di ogni ordine e grado, università, scuola di formazione);Patrimonio indisponibile;Nessuno;Attività didattica;C23;;false;false;;;;;;;3.0;3.0;2.0;2.0;3.0;2.0;[];[];[];;1;;1224;536;
388188;45.06986552;7.64782467;corso racconigi;51;38.0;Dal 1991 al 2000;;0.0;0.0;Locale commerciale, negozio;Patrimonio disponibile;Nessuno;Attività commerciale e di ristorazione;C23;;false;false;;;;;;;3.0;3.0;2.0;3.0;3.0;2.0;[];[];[];;1;;1224;546;
388189;45.06986552;7.64782467;corso racconigi;51;31.0;Dal 1991 al 2000;;0.0;0.0;Locale commerciale, negozio;Patrimonio disponibile;Nessuno;Attività commerciale e di ristorazione;C23;;false;false;;;;;;;3.0;3.0;3.0;3.0;4.0;3.0;[];[];[];;1;;1224;546;
388190;45.06986552;7.64782467;corso racconigi;51;35.0;Dal 1991 al 2000;;0.0;0.0;Locale commerciale, negozio;Patrimonio disponibile;Nessuno;Attività commerciale e di ristorazione;C23;;false;false;;;;;;;3.0;3.0;3.0;3.0;4.0;3.0;[];[];[];;1;;1224;546;
388191;45.06986552;7.64782467;corso racconigi;51;28.0;Dal 1991 al 2000;;0.0;0.0;Locale commerciale, negozio;Patrimonio disponibile;Nessuno;Attività commerciale e di ristorazione;C23;;false;false;;;;;;;3.0;3.0;2.0;2.0;3.0;2.0;[];[];[];;1;;1224;546;
