struttura,lat,lon,categoria,amenity,count_250m,count_500m,count_1km,count_2km,pois_within_2km
Casa di Riposo RSA Crocetta,45.0576071,7.6636406,sanità,healthcare,0,0,0,0,
Casa di Riposo RSA Crocetta,45.0576071,7.6636406,sanità,pharmacy,1,5,15,77,"4620303530,1470609151,2019649541,4734592596,4734595751,12703506925,7310501808,4553612464,4735016415,3147953801,1670302089,2135139106,4734594417,4734593954,7385328770,7380128899,7380131545,4289452247,7373154101,1198867317,4735667414,4735021763,4735023412,12814474916,2592486643,7310501806,7310088536,6029326322,4735669404,4735721872,12800044441,2036336905,2036356385,4735719316,4412226590,9140119438,4735717950,7384890987,7376141996,3342794654,7373154102,3342781917,3342780201,3344782869,1475077657,4736115522,7312267251,12798227483,4735804570,4735804530,11782400574,2036360279,3893151255,4735829063,2018737316,4735717430,2018187040,619193786,4735828988,3224067528,5255625937,2593187678,2048347744,2018203641,5628622146,1333701639,2018982162,2019517474,7310122343,4736110877,5113659491,2019532938,6827178588,5110808474,4736057638,4736055182,2068598491"
Casa di Riposo RSA Crocetta,45.0576071,7.6636406,sanità,dentist,0,0,4,16,"13306002941,7261094839,13288761320,9568693092,10698834221,8569291136,10751445003,12886910727,10737466798,2016414024,1448147009,8463109068,2406157072,11296229554,4195848889,5941324678"
Casa di Riposo RSA Crocetta,45.0576071,7.6636406,sanità,veterinary,0,1,2,9,"4734597325,6948201811,7023650031,8518082749,11283174640,6942723111,12951974696,11290467038,4735830189"
Casa di Riposo RSA Crocetta,45.0576071,7.6636406,sanità,optician,0,0,0,0,
Casa di Riposo RSA Crocetta,45.0576071,7.6636406,sanità,medical_supply,0,0,2,3,"11283227093,11064390829,3957940798"
Casa di Riposo RSA Crocetta,45.0576071,7.6636406,sanità,defibrillator,1,2,8,26,"12599100593,13271881701,13308607340,9376999100,10243877109,7227510560,12237513601,12829755501,11071576234,9552060491,9137861147,7232177660,9515896704,7234888685,12886227002,432803701,12484268753,5121847084,7934552531,13239427956,4374929675,13015096966,8356951251,6705560885,11273669529,5113659443"
Casa di Riposo RSA Crocetta,45.0576071,7.6636406,sanità,hospital,0,0,2,4,"3538149956,26294487,294267544,190728046"
Casa di Riposo RSA Crocetta,45.0576071,7.6636406,sanità,clinic,0,2,14,29,"12855312376,1266944688,10769159379,1196177763,395057467,12816667601,12816667602,12816909558,12816909553,12814452400,12816909554,12814474932,12814452396,4735802143,10769197381,4086304459,6664922333,822529092,4735668281,11290349432,10567218284,10567228303,4162728590,464291813,12168612107,3893264712,385995302,10698816652,2284074743"
Casa di Riposo RSA Crocetta,45.0576071,7.6636406,sanità,doctors,0,0,0,0,
Casa di Riposo RSA Crocetta,45.0576071,7.6636406,mobilità,station,0,0,0,10,"3253332071,893193542,1621697594,543360161,254594416,11592793752,432803698,1622042729,3395226356,254594415"
Casa di Riposo RSA Crocetta,45.0576071,7.6636406,mobilità,subway_entrance,0,0,0,45,"2617655139,1621378602,1621378600,1621378601,1213993997,1213994125,1213994014,3253332073,3431326297,3431314079,3431314078,10235736538,3431314077,3431314076,3431314075,10235736525,1367855910,1839686581,1367855907,1367855911,1367855914,3431314080,2299299617,2299299618,3283630305,1367855920,1026285948,1026285957,1026285955,1026285950,1367855922,3253332072,1622042886,3283904468,1622042919,3431326298,5020207823,5020207824,1262284319,10260242427,10260242426,1262284354,2014746582,1262284353,10260242428"
Casa di Riposo RSA Crocetta,45.0576071,7.6636406,mobilità,tram_stop,3,12,37,125,"1234675847,11009337364,1234675743,1234675824,1234675790,945383213,945383294,945383236,945383225,941491790,941491681,941491813,941491908,945383170,945383228,945383209,945383242,11009337366,1234675767,1234675754,1199240450,1230710275,1270651295,1262202670,1230710077,1230710325,1230709627,1230709993,1231011146,945383335,945383168,1230709942,1230709908,1231011227,941491761,941491518,941491902,941491727,1168929313,1167320836,1168929291,941491699,1167320919,941491496,1230709954,1230710110,1230709892,941491640,941491856,938733459,938733498,945268814,945268800,1185414536,1168929618,945268789,945268816,1167321000,1168270429,945268799,1199240661,1229263858,1167320990,1167320859,1167321088,1167321041,1167320969,1167320960,1185414562,1168270672,1231011192,1230709701,1229827369,1229580312,1229827462,1229580298,1229580302,1229827262,1185414492,945268801,945268822,945268805,943330838,11294052063,945268802,1624209638,950433574,951424216,1230710018,4997702728,1229827204,1231011119,1229827337,1231011175,1229580323,1229827230,1229580314,1229827620,941491483,941491672,941491612,1168270471,1168270534,941491716,941491868,1185414486,1229580315,1229827224,1227966230,1168270660,1185414504,1227966231,1167320937,12101484067,1168929427,12100765982,941491637,12101484058,1843302903,941491545,1229827150,1229580304,1227966234,1227966232,1624209625"
Casa di Riposo RSA Crocetta,45.0576071,7.6636406,mobilità,bus_stop,6,23,101,414,"1262207695,937591308,937591430,1262189772,1262190812,1262204920,1185441578,1262208869,1262211602,1262199144,1262195704,1262185164,1262210241,1262197150,1262210434,1262199934,1262199271,1262190748,1262200682,1262208770,1262186464,1262191474,1262199222,1262190163,1262185865,1668063927,1262195515,1262193449,1262203196,11009337365,1262207225,11211252314,1262195960,11211252315,1262208328,1262211523,1262184011,441698016,441698012,1262185459,937591581,1262207453,937591513,1262210240,1199003172,1199003187,1262209969,1262197382,1262194763,1262195528,1262182441,1262203530,1262209783,1262203317,1262201548,1262194534,1185441565,1262208618,1185441540,1185441579,937591574,1213368937,1262204355,1185441569,1262183019,937591597,1262201258,937605183,937605179,1198909279,1198909287,937605170,937605201,937605172,10200584299,1185414537,10200408844,1262206025,1185414591,1262212245,1262212777,1262192470,1262208298,1262197981,1262194443,1185441549,1262197105,1185441551,1262186201,1262199241,1185441575,10200584300,10200408843,1262205104,11211252313,1262195832,1262208385,1262209301,1262194948,1262198072,1262211472,1262197194,1230710356,1230710401,1262209161,1262194483,1213368919,1198867501,1198867296,1185441587,3979495903,10200408842,1262208027,1185441561,1230710173,1230709749,1262204124,1185441537,1231011169,1262194463,1212944734,1212944745,1262206303,1262208993,1262196617,1262196377,1262205652,1262198085,1262188120,1262192773,1262202694,1262199993,1262198818,1262207113,1262182479,1262189238,1213368963,1185809746,1185809738,1262208641,1185809741,1262208307,1185414473,1185809759,1262194959,1262188782,1185809737,1262199883,1262204464,1262187238,1262197176,1262207473,1262195467,1262192496,1262195984,1262196079,1262196389,1262189057,1262207017,1185809754,1185809736,1399644213,1131464110,1399644528,1262212319,937605193,937605195,937605181,937605194,937605189,1262198275,1198867720,1262200618,1262210403,1198867646,1198867624,1262199732,1198867456,1167320783,1262207954,1262187635,1262208539,1262200757,1262204432,1262205523,1262195376,1262203331,1262207470,1262195744,1185414571,1231011126,1168929258,1198867528,1199003141,1168929465,1185815850,1262195065,1262182588,937605174,937605197,1168270670,1199240778,937605169,1168929641,937605192,1168929327,937605175,1262195535,937605200,1229263756,1262201038,1262206788,1198867355,1262188427,13357227255,1198867590,1198867343,1198867678,1168929435,1198867713,1168929622,937605184,1185414408,1525407946,1262208796,937605187,1262193964,1262202938,1262210261,1262196361,1262193644,1262211503,937605188,1168270573,1262198137,1262203653,1262203564,1262208958,1262199591,1262193765,1262203257,1262194988,1262188706,1262202792,1262194321,1262197282,1262212832,1262211335,1262187575,1313599114,1313599098,1313599087,1313599111,1262201435,1313599104,1229580307,1229827398,12823257925,1262196595,1262196239,1229827470,1229580327,1262212991,1229580319,1262199709,1229827300,1262198618,1524833855,10938458344,4806485504,1569038269,12074187316,1262209419,1262197341,1524833877,4665090550,4665090551,1262209460,1262195174,1185414556,1185414572,1199240547,1569038260,1262208085,8494249908,1262196253,1199240667,1262201459,10938458345,1262197535,1262194358,8496496625,1262202182,4248370551,4245731174,4443910584,1262182722,1262198202,1262203078,1199240749,1262193035,943330835,937954831,1254531567,1262206062,2299299616,937605198,937605176,1262203237,937605196,937605190,1199240598,943330808,1262209067,1816820005,1262185598,1262203692,1262190108,1262203588,1262190098,1262209814,1262192681,1262200032,1262190944,1262212994,1262196128,1491228853,1262182560,1262187879,1262203150,1262212811,1262183335,1262204440,5594891025,1262199964,1262199168,1262182219,1399644425,1262198176,1262197433,1262192786,1262197275,1262200205,1262207921,1262210546,1262182382,1262192501,1262201910,1262192626,1229580308,4605836659,1262204898,12876021888,1229580300,1168929344,1262197041,1262207547,1198867604,8289837996,1262195219,8289837997,1262185354,1262181975,1262197387,1168270553,1168929565,1168270407,10200408841,4575722855,10066805517,1185414522,1262199608,1491228855,1262202711,1262199542,1262186722,1229580316,1229827663,1262208483,10136283371,1168270570,1168270559,1185414520,12876021885,1262211444,1168929371,1262200499,1262196215,1262201567,1262196300,1262198051,1262197657,1525407917,1262206483,1262203392,3229868385,3262101385,1168929432,1491228856,1262197246,1198867662,1262188506,1262208401,1262209581,1262199837,1262209446,1198867402,1229827101,1229580311,1168270639,1185414410,937605171,937954712,1262212512"
Casa di Riposo RSA Crocetta,45.0576071,7.6636406,mobilità,charging_station,0,3,6,46,"10200314273,10704779934,4691906384,5787665000,4691906382,7412497420,9568693093,10686606848,4691906381,8273687163,12206458665,9331784402,5545629913,10862580324,11107468089,13340070604,9088671239,4671233528,9088671240,5545493679,12801752468,13074606106,9056770766,8496473717,8496473719,8496473718,13254288285,9884949609,9884949607,9884949611,9884949608,9884949610,3906238205,11694139826,13254333741,12881604940,10132403023,10132403019,10132403022,10132403020,10132403021,10024930203,12848949670,12385342507,3906239156,5545493680"
Casa di Riposo RSA Crocetta,45.0576071,7.6636406,mobilità,car_sharing,0,0,0,1,4749176847
Casa di Riposo RSA Crocetta,45.0576071,7.6636406,mobilità,taxi,1,1,4,15,"7211219153,1720500302,1470612633,450595752,4289455496,2016414163,2902424081,2902424080,1545661422,3241731973,8316678430,2019632236,604332918,5020220491,5020220492"
Casa di Riposo RSA Crocetta,45.0576071,7.6636406,mobilità,parking,0,1,32,139,"102643101,847969007,104230904,847959016,802596631,243354152,243354153,166581389,82290354,1125287584,131713580,11503903538,184476157,1150750603,1154039642,1208808264,190437232,190437231,1318046507,12026842569,166457327,4247924022,54740253,4247924125,560321339,646904179,166583965,166596459,241336708,1128003509,166585310,3319891484,131477884,166652711,166652710,791410567,792699652,841495751,841502849,140260606,83808962,106366574,376495005,154500752,839476414,839476413,1218048192,752839776,270802496,839634184,7077733654,693367780,693367779,1032863499,300189916,287520875,1027356692,330956379,330956378,313088902,313088903,166630018,291492675,50259560,1126042539,1126043797,1126047090,1190970428,1340364497,49580893,925276467,1348523735,108470282,942603632,942603631,736824357,706164324,730684398,1300583616,1419477429,736824358,1076957801,730771775,166652712,83042948,1383582583,1381841252,1381841251,5693045436,12809872841,1381841253,448434080,132528231,222172799,6411440333,635372762,635372763,320706078,320706077,166616053,166611428,770822807,770822808,454001359,454001349,1621697577,915561379,914641500,914641495,914641496,914641504,914641505,914641487,914641506,596527947,914641494,489020583,1409158807,7195363113,282924801,191173232,747831924,1455462286,4488383689,248772281,248160665,13260980844,2019632224,1227966229,275161406,2284374403,5997771287,5997780786,320706080,5997812985,635372765,320706079,3363420315,1218557983"
Casa di Riposo RSA Crocetta,45.0576071,7.6636406,mobilità,car_rental,0,0,1,7,"659970718,1170039574,1170039581,13363265154,6113511883,11104716244,5628622134"
Casa di Riposo RSA Crocetta,45.0576071,7.6636406,mobilità,bicycle_parking,3,18,63,283,"10848373825,12604248402,6284273900,2699765012,2699765013,2699765014,2699765015,10852570102,10750674542,10852570103,10750674543,10850759990,10850759982,10850759991,10848408078,10750671202,10994635793,10852593713,2699763620,2699760641,10852593711,7076001860,2699836884,2699836885,2699836886,2699836887,2699836888,2699836889,12233636601,11766605054,2699836883,2699836880,638741739,2524446376,638741442,7685876482,10873504948,7685967899,2699774350,2699774352,11274729869,1780322685,7076063185,1780322731,11274729769,2699759047,2699759049,2699759048,10852570101,3799076904,7635131587,6104249055,7063812962,10873504950,10873504949,2699760635,2699760634,10873504974,7918354187,10853204514,2699759050,2699760640,2699760639,2699762076,2699762075,7785624492,9565968757,2699759052,2699759053,2699759051,2699760636,2699760637,2699759056,2699759058,2699759057,2699757974,443101911,7815134909,7815134911,7815134910,7815134913,7815134912,12394522606,12394489858,10873504973,6912162938,7815134903,10113463334,10113463333,10113463332,10113463331,9580694089,10113463330,10113463329,10113463335,2016369763,2017759603,11673291208,11673243325,7076063186,7076063187,7076063189,7076063188,5347703556,12153279090,7076001884,11933465157,7076001882,2635518486,7076001883,7076001878,7076063193,7076063194,7076063195,7076063192,2699759055,2699759054,11913808736,7054259454,9771620395,10011778505,7076063191,6954549387,6954549388,1783770824,10873504971,1783770825,10802789582,2699757972,2699757973,2699757978,2699757975,9536387625,706004735,9536764388,9515661833,2699754605,7076001859,7076001858,2699762077,12951928674,2699762079,7807429771,10771806119,2699762078,2699762081,7076063225,2699745128,7076063226,7076063227,7076063223,7076063224,7076063222,7076063221,7076063220,7076063219,7076063218,7076063217,7076063216,7076063228,2699745134,7076063215,2699745131,7076063214,2699745130,5628622143,2699745129,5628622144,2632353490,10873504970,5628622145,7025739876,10873504969,2699745132,2699745136,2699745135,2699745137,10159318064,2699757982,2699757981,2699757980,2699757979,2699757983,2699757984,2699757985,2699757986,2699757987,2699757989,2699752845,2699752839,2699757988,10959344809,2699753945,2699754607,2699754613,2699754610,2699754609,13142999531,13143056907,10741520276,10741540187,2699752835,13142731612,2699752836,2699752843,2699752848,2699752837,2699752846,7076001881,7076001880,7076063190,12168185377,8496468307,11082056515,8496468304,8496468306,8496468305,11082056516,11082056517,11182198684,5226211759,7076001868,12365551375,7076001867,7076001864,7076001863,7076001865,13283071994,13283160701,13283086792,9122302517,6909804800,9330196749,5594891026,13283101982,9038187426,13283226975,11274729970,9884528466,9321076956,4063688590,7076001861,7076001862,2282486102,5113659453,7076001866,11983497399,11983479625,2017190763,2018982169,7076063202,7076063203,12009896156,13324660699,7076063201,10884404308,7076063200,7076063199,12681485187,12681485188,6149852920,2699753943,2699753944,2699753946,2699753947,2699753951,2699753950,2699753949,2699753948,5117627158,5113659515,10779500105,2699753644,5968582882,5968581908,6827178603,12068659438,7076063204,7076063205,7076063206,11277111680,2699752833,2699752831"
Casa di Riposo RSA Crocetta,45.0576071,7.6636406,mobilità,bicycle_rental,0,0,0,3,"5169986448,12068398565,12068398566"
Casa di Riposo RSA Crocetta,45.0576071,7.6636406,mobilità,primary,0,0,0,0,
Casa di Riposo RSA Crocetta,45.0576071,7.6636406,mobilità,secondary,0,0,0,0,
Casa di Riposo RSA Crocetta,45.0576071,7.6636406,verde,park,0,0,8,36,"466175067,104230582,243356957,759194439,646904183,82290353,579229093,646904177,799333352,646904181,149395093,166596454,792699653,171271678,104147826,166986552,83808971,848000866,106251930,44503795,88206888,149395470,39789990,589863206,1164953300,605805917,731935819,41752855,41752854,82202795,23088806,433500383,130457686,698756805,549096612,23026345"
Casa di Riposo RSA Crocetta,45.0576071,7.6636406,verde,garden,0,0,4,31,"799305148,759206589,759206590,106331386,1135279260,140266730,107167208,436247597,436245116,436245118,436245117,23089011,589878717,436247596,28193052,1433432894,29176172,130448587,130448589,130448590,130448588,108470281,404714970,29183708,23089014,581600236,664912057,191051285,303807502,561608551,23054276"
Casa di Riposo RSA Crocetta,45.0576071,7.6636406,verde,grass,1,2,108,326,"288835317,666707223,759194441,1238389436,1238389437,1150137827,1238389435,1150137826,1239406381,1239406380,1238389427,1239177125,588745424,1132207955,1132207950,1132207951,1132207954,1132207953,1132207957,288835312,288835318,486174619,561542442,561542441,486174620,486174618,486174616,486174615,1239626888,1239626887,579229113,561619126,561619122,561619130,561619125,1132492706,561619121,579229112,1132492002,579229108,561619129,1132492003,579229110,579229099,579229097,579229106,579229101,1132209306,862454070,1132207952,1128002965,1128002964,1132207956,1128002962,1128002963,1311364296,154500720,687010710,687010712,891907991,687010711,154500733,1126792071,131477879,166596453,131477878,757727656,131477880,757727655,646909062,687010714,687010713,687010715,687010716,154500739,154500731,154500729,1066997745,234298691,154500724,316299344,154500737,154500736,315954828,234298714,234298715,234298692,234298708,234298712,234298709,234298702,234298698,234298695,234298694,234298699,234298703,234298687,234298690,234298711,234298688,234298710,234298707,234298706,234298700,234298713,234298697,234298696,234298689,234298693,234298705,234298701,234298704,315954833,181232343,181232355,181232342,181232349,181232340,181232352,286653246,181232353,181232350,181232347,181232345,181232348,181232341,286653247,181232346,286767165,314388661,286767159,286767161,181232351,286653245,286653244,286653242,242409910,286653241,286646606,286647293,286653240,286653237,286646604,286646594,286645617,286653239,286646607,286647294,286646605,286647291,732177417,286646595,1236922853,286646601,732177420,732177418,286646602,732177419,286646603,286647290,286646597,577460557,485912130,485912131,485912126,485912128,485912129,579229154,485912127,579229089,1126040506,1126042440,730665854,690822581,690822578,690822577,579953323,579953322,579953321,579953320,579953319,579953318,579953317,579916574,579916577,579953316,579953328,690822582,379516467,579953324,379516466,579953327,579953326,579953325,690824765,690824749,690824748,866606424,922479075,922479076,730682845,730682868,730682867,730682869,589878721,730682864,730682866,945490938,730682863,730682844,589878716,945490937,943784964,943784963,943782516,943782515,730682843,589878718,730682865,730682842,730682862,589878720,589878719,589878715,1034782636,730684397,736826338,706164330,730771776,166653765,690808828,690808830,690808831,333831817,242409911,544187117,286636546,242409909,286656050,286636547,286636548,286664226,286636549,732157565,286664225,318948807,326073532,326073533,319649516,732096036,732096037,732096038,731939743,731935824,731935825,731939740,731939738,731939741,221891468,731939739,731939742,732125145,732125146,732177422,732125147,178997269,732125144,178997273,732125148,732125140,178997270,684348512,732125143,732125142,732125141,732125149,732125150,732125151,732125152,732157570,286656044,732125138,732157568,732157569,732157567,286656041,732125139,462066644,684095662,130448586,684095663,130448583,589459961,589459963,589459964,415224186,589459962,463612383,463612382,914641482,401668588,561611213,561611216,561611209,561611219,561611214,561611211,561611221,561611218,123242586,123242589,123242584,1447741497,1264205127,1455462300,1455462921,1455462291,1455462301,337361722,1362575098,245046146,1098853222,245045846,397809397,245045845,245045844"
Casa di Riposo RSA Crocetta,45.0576071,7.6636406,verde,wood,0,0,0,0,
Casa di Riposo RSA Crocetta,45.0576071,7.6636406,verde,forest,0,0,0,0,
Casa di Riposo RSA Crocetta,45.0576071,7.6636406,verde,meadow,0,0,0,0,
Casa di Riposo RSA Crocetta,45.0576071,7.6636406,verde,scrub,0,0,0,1,360131117
Casa di Riposo RSA Crocetta,45.0576071,7.6636406,verde,allotments,0,0,0,1,328621268
Casa di Riposo RSA Crocetta,45.0576071,7.6636406,verde,playground,0,4,11,44,"10696669360,1135247414,171271131,557627561,1238389440,467446544,50258285,77722952,111815995,579229091,50174964,7685973296,1114952714,10187943589,140235237,1135279252,165022279,306160704,556681453,906203825,306160702,448162839,1217815310,910933663,1445632679,660162335,660162333,942887046,942888157,105377046,83093080,4968614878,83051429,83051428,448434079,1149617853,1149617852,499890620,1438254805,130457685,561242634,1193870930,1780526494,191211963"
Casa di Riposo RSA Crocetta,45.0576071,7.6636406,verde,recreation_ground,0,0,0,0,
Casa di Riposo RSA Crocetta,45.0576071,7.6636406,verde,nature_reserve,0,0,0,0,
Casa di Riposo RSA Crocetta,45.0576071,7.6636406,verde,lake,0,0,0,0,
Casa di Riposo RSA Crocetta,45.0576071,7.6636406,verde,reservoir,0,0,0,0,
Casa di Riposo RSA Crocetta,45.0576071,7.6636406,sport,fitness_centre,0,0,6,14,"12980028801,11274687270,8518130285,5846394818,9568693090,11841788895,10736644789,12886908643,9463603381,10067097220,12327658096,2018982152,4736058200,12547891555"
Casa di Riposo RSA Crocetta,45.0576071,7.6636406,sport,sports_centre,0,0,2,12,"751826434,646909066,3799075121,188466381,289416784,404714971,3332362719,749439074,256781255,286976821,9792328371,630344434"
Casa di Riposo RSA Crocetta,45.0576071,7.6636406,sport,stadium,0,0,0,0,
Casa di Riposo RSA Crocetta,45.0576071,7.6636406,sport,swimming_pool,0,0,1,5,"191056430,1118749030,1118749029,1118749028,749439076"
Casa di Riposo RSA Crocetta,45.0576071,7.6636406,sport,water_park,0,0,0,0,
Casa di Riposo RSA Crocetta,45.0576071,7.6636406,sport,pitch,0,3,13,101,"305071206,1126470600,1114952586,122455822,166582169,166582150,166583970,229256419,229256420,229256683,229256235,83386642,839152651,839152652,846003832,848616352,848616351,425484921,1311366022,304926006,304926005,304926004,304926003,252850307,425484914,1311364291,1311364292,111815987,241336707,1385612307,689326916,1311364294,425484913,425484919,425484916,425484909,241263809,1311364295,1311364293,241263815,425484924,1132205221,7685973295,1062615795,1135281752,7685967898,823258433,166582149,166582159,166583971,860988474,151216651,10582643941,1135279253,166582161,1123200344,8415343321,1058456079,1058456078,906203826,556681458,556681459,7007648418,7007648417,436248508,448850336,1445632678,1058453911,839634186,839634187,253538106,1065476429,846003831,186413454,1303852812,731935820,731935821,41752773,731935823,220614907,220614908,289416782,289416786,289416797,289416790,10694640239,10694640238,10694640237,324738752,1014573092,1058452924,915561405,362273176,13284561433,13284561431,923782195,923780960,915561404,13284561432,5410221475,578921511"
Casa di Riposo RSA Crocetta,45.0576071,7.6636406,sport,tennis_court,0,0,0,0,
Casa di Riposo RSA Crocetta,45.0576071,7.6636406,sport,golf_course,0,0,0,0,
Casa di Riposo RSA Crocetta,45.0576071,7.6636406,sport,ice_rink,0,0,0,0,
Casa di Riposo RSA Crocetta,45.0576071,7.6636406,sport,bowling_alley,0,0,0,0,
Casa di Riposo RSA Crocetta,45.0576071,7.6636406,sport,climbing_wall,0,0,0,0,
Casa di Riposo RSA Crocetta,45.0576071,7.6636406,sport,gym,0,0,0,0,
Casa di Riposo RSA Crocetta,45.0576071,7.6636406,commerciale,shop,0,0,0,0,
Casa di Riposo RSA Crocetta,45.0576071,7.6636406,educazione,school,1,1,9,35,"858864692,367967850,367967851,243356083,1123417944,1123417943,1123417945,376495012,799304797,131584960,744546260,3799075120,3799075123,282772081,837385370,690824769,242435627,7501518183,7501518184,367981582,1065476430,315598789,443199497,4736111631,340249805,334684164,426293828,4735804563,6189845887,190499456,190499455,243074534,250151807,2284034343,2284034348"
Casa di Riposo RSA Crocetta,45.0576071,7.6636406,educazione,kindergarten,0,1,2,7,"3798287445,3799075125,3474642596,253301347,314888176,1328540432,2284034346"
Casa di Riposo RSA Crocetta,45.0576071,7.6636406,educazione,university,0,0,2,22,"12694977921,1063867657,8903777986,1107125327,1107125328,8496468303,1107125331,988062105,6944502291,6945638233,10132258250,6944516128,6944505643,6945671127,2714024340,749760378,9430411581,6339286102,4605849272,4605836657,4605847888,4605836658"
Casa di Riposo RSA Crocetta,45.0576071,7.6636406,educazione,college,0,0,0,2,"318997570,12248046055"
Casa di Riposo RSA Crocetta,45.0576071,7.6636406,educazione,music_school,0,0,0,1,28109102
Casa di Riposo RSA Crocetta,45.0576071,7.6636406,educazione,driving_school,0,1,3,8,"4734602699,10570991907,7077970133,8569299026,12886844895,10879184439,11841904325,3473130432"
Casa di Riposo RSA Crocetta,45.0576071,7.6636406,educazione,research_institute,0,0,0,2,"190482116,6241694510"
Casa di Riposo RSA Crocetta,45.0576071,7.6636406,educazione,vocational_school,0,0,0,0,
Casa di Riposo RSA Crocetta,45.0576071,7.6636406,educazione,library,0,0,0,4,"4735799707,11926381625,10229510808,4209315503"
Casa di Riposo RSA Crocetta,45.0576071,7.6636406,educazione,archive,0,0,0,0,
Casa di Riposo RSA Crocetta,45.0576071,7.6636406,educazione,museum,0,0,2,12,"182886373,12072302022,123180294,397514864,435784636,4572133130,5482049568,4219719436,2981060587,6425777001,12393405666,9585924917"
Casa di Riposo RSA Crocetta,45.0576071,7.6636406,educazione,community_centre,1,1,2,4,"12616853914,12585045537,194336591,12548906803"
Casa di Riposo RSA Massimo D’Azeglio,45.0449267,7.6789245,sanità,healthcare,0,0,0,0,
Casa di Riposo RSA Massimo D’Azeglio,45.0449267,7.6789245,sanità,pharmacy,2,3,11,50,"7310631667,7536790841,7379841664,4735801227,6649834586,12703506925,7392300898,4735799619,4735803897,4735016415,2135139106,4735021763,4735023412,12814474916,2592486643,7310501806,7310088536,6029326322,4735669404,4735721872,12800044441,2036336905,2036356385,4735719316,4412226590,9140119438,4735717950,4735056994,7379836453,2635518585,12798227483,4735804570,4735804530,11782400574,2036360279,3893151255,4735829063,2018737316,4735056034,4735058545,4735717430,2018187040,619193786,4735828988,3224067528,5255625937,1333701639,2018982162,4736055182,7376141997"
Casa di Riposo RSA Massimo D’Azeglio,45.0449267,7.6789245,sanità,dentist,0,0,3,8,"10698834221,8569291136,10751445003,12886910727,10737466798,351676886,8463109068,11296229554"
Casa di Riposo RSA Massimo D’Azeglio,45.0449267,7.6789245,sanità,veterinary,0,0,1,6,"8518082749,11283174640,6942723111,12883887836,4735830189,4736055191"
Casa di Riposo RSA Massimo D’Azeglio,45.0449267,7.6789245,sanità,optician,0,0,0,0,
Casa di Riposo RSA Massimo D’Azeglio,45.0449267,7.6789245,sanità,medical_supply,0,0,2,5,"12867088801,12752031502,11283227093,11064390829,3957940798"
Casa di Riposo RSA Massimo D’Azeglio,45.0449267,7.6789245,sanità,defibrillator,1,1,4,9,"12599100593,12829755501,11071576234,9552060491,9137861147,4374929675,13015096966,8356951251,8210481138"
Casa di Riposo RSA Massimo D’Azeglio,45.0449267,7.6789245,sanità,hospital,0,0,1,10,"305681406,3538127652,305681074,3538149953,3070468685,149116211,3538149956,26294487,1196653949,190728046"
Casa di Riposo RSA Massimo D’Azeglio,45.0449267,7.6789245,sanità,clinic,2,4,7,20,"4086300425,1266944688,10769159379,12816667601,12816667602,12816909558,12816909553,12814452400,12816909554,12814474932,12814452396,4735802143,10769197381,4086304459,4162728590,464291813,12168612107,3893264712,385995302,10698816652"
Casa di Riposo RSA Massimo D’Azeglio,45.0449267,7.6789245,sanità,doctors,0,0,0,0,
Casa di Riposo RSA Massimo D’Azeglio,45.0449267,7.6789245,mobilità,station,0,0,3,8,"4076608590,1621378603,3253332071,893193542,1621697594,1622042729,3395226356,254594415"
Casa di Riposo RSA Massimo D’Azeglio,45.0449267,7.6789245,mobilità,subway_entrance,0,0,10,24,"1213993854,1213993797,1213993844,3431330484,3431330485,3431330483,2617655139,1621378602,1621378600,1621378601,1213993997,1213994125,1213994014,3253332073,3431326297,3253332072,1622042886,3283904468,1622042919,3431326298,5020207823,5020207824,10260242426,10260242428"
Casa di Riposo RSA Massimo D’Azeglio,45.0449267,7.6789245,mobilità,tram_stop,0,0,7,55,"941491790,941491681,941491813,941491908,941491761,941491518,941491902,941491727,1168929313,1167320836,1168929291,941491699,1167320919,941491496,1230709954,1230710110,1230709892,941491640,941491856,938733459,938733498,1167321000,1167320990,1167320859,1167321088,1167321041,950433574,951424216,1230710018,4997702728,1229827204,1231011119,1229827337,1231011175,1229580323,1229827230,1229580314,1229827620,941491483,941491672,941491612,1168270471,941491868,1185414486,1229580315,1229827224,1227966230,1168270660,1185414504,1227966231,1229827150,1229580304,1230710216,1230709587,1230710154"
Casa di Riposo RSA Massimo D’Azeglio,45.0449267,7.6789245,mobilità,bus_stop,5,20,64,279,"9687643553,1213993949,1262192830,1262197333,1262205805,1262197393,1262182000,13343490798,1262209430,1262189855,1262186555,1262202902,1262211523,1262185759,1262194782,1262198369,1262209999,1262195661,1262208280,1262192621,1262198126,1262210202,3226168498,1262191964,1262204703,1262200130,1262200239,1262209564,1262199832,1262187034,1262212592,1262212443,1262209969,1262197382,1262194763,1262195528,1262182441,1262203530,1262209783,1262203317,1262201548,1262194534,937605170,937605201,937605172,1262196617,1262196377,1262205652,1262198085,1262188120,1262192773,1262202694,1262199993,1262198818,1262207113,1262182479,1262189238,1213368963,1185809746,1185809738,1262208641,1185809741,1262208307,1185414473,1185809759,1262194959,1262188782,1185809737,1262199883,1262204464,1262187238,1262197176,1262207473,1262195467,1262192496,1262195984,1262196079,1262196389,1262189057,1262207017,1185809754,1185809736,1399644213,1131464110,1399644528,1262212319,937605193,937605195,937605181,937605194,937605189,1262198275,1198867720,1262200618,1262210403,1198867646,1198867624,1262199732,1198867456,1167320783,1262207954,1262187635,1262208539,1262200757,1262204432,1262205523,1262195376,1262203331,1262207470,1185815850,937605174,937605197,937605169,937605192,1198867355,1198867590,1198867343,1198867678,1168929435,1198867713,1262208074,1262193274,1262196037,1262198943,1262194467,1262209394,1262210127,1262203515,1262208005,1262184768,1262199100,1262191907,1262207759,1262195389,1262197179,1262186062,1262205538,1262210265,1262200309,1262196573,1262207033,1262195041,1262207412,1262189743,1262182491,1262203811,1262210759,1262211281,1262200961,1262195128,1262196222,1262194864,1262204246,1262189288,1262207969,1262197318,1262208380,1262197731,1262183403,1262208226,1262198069,1262198445,1262185598,1262203692,1262190108,1262203588,1262190098,1262209814,1262208210,1262204320,1262192681,1262200032,1262190944,1262212994,1262195471,1262209837,1262196128,1262195993,1491228853,1262210935,1262182560,1262201063,1262187879,1262203150,1262212811,1262183335,1262204440,5594891025,1262199964,1262199168,1262182219,1399644425,1262198176,1262197433,1262192786,1262197275,1262200205,1262207921,1262210546,1262182382,1262192501,1262201910,1262192626,1229580308,4605836659,1262204898,12876021888,1229580300,1262196357,1262211500,1262208182,1262192466,1262196307,1262195324,1262209515,1262196647,1262212519,1262207853,1480474270,1262210350,1262190981,1262207187,1262197218,1262184662,1262204656,1262196134,1480474276,1262203192,1262194723,1262209179,1262196512,1262206934,1262207679,1480474287,1480474282,1262211196,1262199022,1480474260,1262197190,1480474258,1262212607,1262207895,1262197255,1262184419,1480474268,1480474269,1480474262,1262198132,1262197142,1480474257,1262209613,1168929344,1262197041,1262207547,1198867604,8289837996,1262195219,8289837997,1262185354,1262181975,1262197387,1168270553,1185414522,1262199542,1262186722,1229580316,1229827663,1262208483,10136283371,1168270570,1168270559,1185414520,1229827101,1229580311,1399644118,1262197436,1262211451,1262192792,1262205970"
Casa di Riposo RSA Massimo D’Azeglio,45.0449267,7.6789245,mobilità,charging_station,0,2,7,50,"12012137945,12751913403,9826286312,9369861982,9369861983,9826286313,9826286311,9826286304,9826286310,9826286309,9826286308,9826286307,9826286305,9826286306,10023825560,11066736413,10023825565,10023825563,10023825564,10023825562,10023825561,4691906382,10686606848,4691906381,8273687163,12206458665,9331784402,5545629913,10862580324,10023825566,11253226587,9056770766,8496473717,8496473719,8496473718,13254288285,9884949609,9884949607,9884949611,9884949608,9884949610,10676666527,13254333741,12881604940,10132403023,10132403019,10132403022,10132403020,10132403021,10024930198"
Casa di Riposo RSA Massimo D’Azeglio,45.0449267,7.6789245,mobilità,car_sharing,0,0,0,0,
Casa di Riposo RSA Massimo D’Azeglio,45.0449267,7.6789245,mobilità,taxi,0,0,0,5,"1720500302,450595752,4289455496,8316678430,2019632236"
Casa di Riposo RSA Massimo D’Azeglio,45.0449267,7.6789245,mobilità,parking,3,17,52,140,"1054163508,122239101,925814532,562884412,562884413,48277250,515614122,149024065,43165556,325025599,48275806,660696717,305681433,253301357,305680190,305940763,190437232,190437231,12026842569,166457327,4247924022,54740253,4247924125,241336708,1128003509,3319891484,166652711,166652710,839634184,330956379,330956378,313088902,313088903,166630018,291492675,50259560,1126042539,1126043797,1126047090,1190970428,1340364497,49580893,925276467,1348523735,108470282,942603632,942603631,736824357,706164324,730684398,1300583616,1419477429,736824358,1076957801,730771775,166652712,1052633973,1427640386,1052633974,304847773,78327977,1427317405,1427317410,1427317409,1427317413,1427317412,1427317411,1427317415,1427317414,1424188534,1423071218,257509768,305940327,588952908,305941030,257509769,257509770,257509771,257509772,82207171,257509773,257509774,9676270320,1046462111,1423071183,1422867667,308321226,255963727,1059062375,1381943053,1220165362,1220165363,1423260184,1423635386,770822807,770822809,770822808,454001359,454001349,1621697577,257509778,257509777,330503346,915561379,1218148322,914641500,914641495,914641496,914641504,914641505,914641487,914641506,596527947,914641494,489020583,1409158807,7195363113,282924801,191173232,112172255,1075063889,747831924,7573315188,966980831,45819032,1432694418,1433218612,842479608,842479609,842479611,132406184,69976487,77914307,1256054371,1441572060,1455462286,4488383689,13260980844,1218557983,1057905850"
Casa di Riposo RSA Massimo D’Azeglio,45.0449267,7.6789245,mobilità,car_rental,0,0,2,6,"1170039574,1170039581,13363265154,6113511883,11104716244,5628622134"
Casa di Riposo RSA Massimo D’Azeglio,45.0449267,7.6789245,mobilità,bicycle_parking,3,4,28,101,"9826286292,12168185381,11648561445,11648573495,12233636601,11766605054,2699836883,2699836880,638741739,2524446376,638741442,7076063185,2699759047,2699759049,2699759052,11673291208,11673243325,7076063186,7076063187,7076063189,7076063188,5347703556,12153279090,7076001884,11933465157,7076001882,2635518486,7076001883,7076001878,7076063193,7076063194,7076063195,7076063192,2699759055,2699759054,11913808736,7054259454,9771620395,10011778505,7076063191,7076001881,7076001880,7076001879,7076063190,12168185377,8496468307,11082056515,8496468304,8496468306,8496468305,11082056516,11082056517,11182198684,5226211759,7076001868,12365551375,7076001867,7076001864,7076001863,7076001865,13283071994,13283160701,13283086792,9122302517,6909804800,9330196749,5594891026,13283101982,8638211147,9038187426,13283226975,11274729970,9884528466,7076063196,7076063197,7076063198,9321076956,4063688590,7076001861,7076001862,7076001866,11983497399,11983479625,2017190763,2018982169,7076063202,7076063203,12009896156,7076063201,12681485187,12681485188,7076063204,7076063205,7076063206,7076063207,7076063208,7076063209,7076063210,7076063211,7076063212,7076063213"
Casa di Riposo RSA Massimo D’Azeglio,45.0449267,7.6789245,mobilità,bicycle_rental,0,0,0,1,12068398566
Casa di Riposo RSA Massimo D’Azeglio,45.0449267,7.6789245,mobilità,primary,0,0,0,0,
Casa di Riposo RSA Massimo D’Azeglio,45.0449267,7.6789245,mobilità,secondary,0,0,0,0,
Casa di Riposo RSA Massimo D’Azeglio,45.0449267,7.6789245,verde,park,1,2,9,25,"613505979,660699444,1119404704,588666372,305683893,589659003,579229093,149395093,106251930,44503795,88206888,149395470,39789990,589863206,1164953300,79268611,28192921,1424069956,335352981,698756805,549096612,111646227,112172943,1432694404,1428971503"
Casa di Riposo RSA Massimo D’Azeglio,45.0449267,7.6789245,verde,garden,2,5,40,212,"588421219,588421218,1015820491,1135279260,436247597,436245116,436245118,436245117,23089011,589878717,436247596,28193052,1427640390,1427640389,1427640391,1427648023,1427478336,1427640388,1427648053,1427478331,1427529402,1427317389,1427529413,1427529412,1427478347,1427317390,1427317391,1427317370,1427478349,1427478348,3784063293,306423388,1430193314,1430193313,1424069959,1430193319,1423071221,1430193315,304847769,1424530946,1424530934,1423554854,1423554881,1423554810,1423260250,1423554811,1423554820,1423554797,1423554783,1423260221,1427931415,1427931416,1423554801,1427931418,1428461507,1428218673,1428218674,1427931417,1428218676,1428461506,1430193322,1428461508,1423260200,1423260183,1427931419,1428461498,1428461512,1428461499,108470281,404714970,29183708,1430193309,23089014,581600236,664912057,191051285,1429655975,1429668701,1429927724,1429927720,1429668708,1429668706,1429668703,1430558115,1429655972,1429927718,1429927726,1429668711,1429668710,1429668709,1430558102,1430193311,1430558111,1430558114,1429655978,1430558101,1429655977,1430558098,1431902919,1432497805,1432497804,1431902918,1432497803,1431902920,1432497799,1431902926,1431902917,1430558093,1431902925,1431902923,1432497802,1431902908,1431902916,1432497790,1432497798,1432497801,1431902915,1431902907,1431902906,1432497788,635651375,1432497787,1432497786,303807502,1432497777,1432497771,1432497780,1432542554,1432694413,1432542546,1432694420,1432694414,1432694410,1432694408,1433218603,1432694412,1433516891,1433516897,1432694406,1433516899,1433218602,1433218608,1433218609,1433218611,635651377,1433516893,1433516896,1434558345,1434859342,1429455090,1431214248,1429531893,1429531906,1431167268,1431167270,1435026062,1429455089,1429531911,1435026061,1435026060,1429455098,1435026072,1429531910,1429455104,1435074195,1435248845,1435248868,1435248844,1435074194,1435248869,1435248853,1435074200,1435074202,1429455120,1435074193,1435248854,1435248861,1428870601,1435248860,1433516866,1434558331,1433516869,1433516870,1434558326,1434859339,1434558323,1434558321,1434558344,1434859340,1433516867,1434859343,1434859351,1434859338,1434558312,1434558342,1434558339,1434558336,1434558316,1433516874,1434558328,1434558319,1434558314,1434558315,1433516882,1434558313,1433516875,1434859334,1434859333,1434558318,1434558317,1435026103,1435026104"
Casa di Riposo RSA Massimo D’Azeglio,45.0449267,7.6789245,verde,grass,5,23,85,260,"485882902,706744158,500726176,500726174,706744166,706744165,834050861,515910788,660934959,660934958,660934957,660934950,660934952,660934953,399908684,660934954,660934961,660699436,613483953,399908685,613483954,660934960,660699435,660699445,825826529,825826531,660699446,613483955,613483956,825826532,588733367,825826533,660699443,588733368,825826534,588733369,588733370,588733371,588733372,588733373,588733375,485909319,500657170,562884416,562884417,562884419,562884418,485909320,485900905,485909318,485909324,485909323,562884414,588421212,485909321,562884415,516654049,485909322,588745417,588745424,588745422,588745419,515616816,515616817,588745408,588745405,588745412,588745410,660696720,101510078,660696719,660932247,660696718,612374681,612374682,588952912,612374680,588952906,588666384,588666381,588666382,588726773,486174619,561542442,561542441,486174620,486174618,486174616,486174615,1239626888,1239626887,579229113,561619126,561619122,561619130,561619125,1132492706,561619121,579229112,1132492002,579229108,561619129,1132492003,579229110,579229099,579229097,579229106,579229101,1132209306,862454070,1128002965,1128002964,1132207956,1128002962,1128002963,1126792071,757727656,757727655,577460557,485912130,485912131,485912126,485912128,485912129,579229154,485912127,579229089,1126040506,1126042440,730665854,690822581,690822578,690822577,579953323,579953322,579953321,579953320,579953319,579953318,579953317,579916574,579916577,579953316,579953328,690822582,379516467,579953324,379516466,579953327,579953326,579953325,690824765,690824749,690824748,866606424,922479075,922479076,730682845,730682868,730682867,730682869,589878721,730682864,730682866,945490938,730682863,730682844,589878716,945490937,943784964,943784963,943782516,943782515,730682843,589878718,730682865,730682842,730682862,589878720,589878719,589878715,1034782636,730684397,736826338,706164330,730771776,166653765,690808828,690808830,690808831,333831817,588733365,588952917,588733358,588733359,588733360,588952904,588733361,588952902,588952915,588733363,390805213,390805212,1424069955,430869532,588726775,589459967,589459968,589459969,589459961,589459963,589459964,415224186,589459962,1047587836,1047587838,1047587837,1047587843,1047587839,1047587840,1047587841,1047587842,463612383,463612382,914641482,401668588,561611213,561611216,561611209,561611219,561611214,561611211,561611221,561611218,123242586,123242589,123242584,1447741497,1264205127,112698197,112698185,112698601,842026974,1429531892,1435026096,1435026095,1435026078,1435026075,1433516865,1455462300,1455462921,1455462291,1455462301,397809397,616677987,616677976,616677985,616677978,616677983,616677980"
Casa di Riposo RSA Massimo D’Azeglio,45.0449267,7.6789245,verde,wood,0,0,3,30,"274222819,274216280,1424348128,274216279,1423554859,256204639,1429668713,1429927729,1075307130,1430558097,1431902912,256273453,1433516888,1075307129,1429531902,1429655981,1435026069,1428971488,1435026063,1435026076,1435026071,274287831,1428971491,1428971492,1431214247,1434859332,1433516863,1434859344,1434859331,1435026077"
Casa di Riposo RSA Massimo D’Azeglio,45.0449267,7.6789245,verde,forest,0,0,0,3,"458043150,458043152,28110850"
Casa di Riposo RSA Massimo D’Azeglio,45.0449267,7.6789245,verde,meadow,0,0,0,0,
Casa di Riposo RSA Massimo D’Azeglio,45.0449267,7.6789245,verde,scrub,0,0,3,16,"1427640379,1430193318,1423554883,1429927730,1428218675,1428461509,1428461496,1429668705,1430558096,1431167269,1432694422,1429455088,1431167266,1435248870,1435248842,1435248867"
Casa di Riposo RSA Massimo D’Azeglio,45.0449267,7.6789245,verde,allotments,0,0,0,1,328621268
Casa di Riposo RSA Massimo D’Azeglio,45.0449267,7.6789245,verde,playground,0,1,11,25,"77722951,589503930,77722952,111815995,579229091,50174964,1135279252,448162839,1217815310,910933663,1445632679,660162335,660162333,942887046,942888157,105377046,257509726,257509767,257509776,1424530935,561242634,1193870930,132364747,1433218613,1432694403"
Casa di Riposo RSA Massimo D’Azeglio,45.0449267,7.6789245,verde,recreation_ground,0,0,0,0,
Casa di Riposo RSA Massimo D’Azeglio,45.0449267,7.6789245,verde,nature_reserve,0,0,0,0,
Casa di Riposo RSA Massimo D’Azeglio,45.0449267,7.6789245,verde,lake,0,0,0,0,
Casa di Riposo RSA Massimo D’Azeglio,45.0449267,7.6789245,verde,reservoir,0,0,0,0,
Casa di Riposo RSA Massimo D’Azeglio,45.0449267,7.6789245,sport,fitness_centre,0,0,2,10,"12748314201,11841788895,10736644789,12886908643,9463603381,11297477634,10067097220,10784287024,2018982152,4736058200"
Casa di Riposo RSA Massimo D’Azeglio,45.0449267,7.6789245,sport,sports_centre,1,1,5,11,"1427648033,1427648036,494397784,635797746,4735055931,4086520147,404714971,3332362719,749439074,256781255,286976821"
Casa di Riposo RSA Massimo D’Azeglio,45.0449267,7.6789245,sport,stadium,0,0,0,1,481253195
Casa di Riposo RSA Massimo D’Azeglio,45.0449267,7.6789245,sport,swimming_pool,0,0,11,58,"191056430,784822193,784822192,1427529403,784822190,784822189,784822191,257509763,1422783951,1275288859,1275288856,1275288857,1381936137,1423554839,1423394835,1423554855,1423554861,1423554878,1423554821,1422783977,1422783961,1422783972,1422783995,1422594033,1422783989,1423635394,1422783986,1428461503,1423807401,1423807398,1422594069,749439076,1422419030,1422418993,1422418990,1422419019,1422418987,1422418984,1422224010,1422224027,1422594076,1432497807,1075063887,1422594077,1422594081,1263799982,1431902914,1432497796,856951591,1431902913,1433218610,1433218607,1429531899,692335424,1435074201,899626040,1435026110,320710589"
Casa di Riposo RSA Massimo D’Azeglio,45.0449267,7.6789245,sport,water_park,0,0,0,0,
Casa di Riposo RSA Massimo D’Azeglio,45.0449267,7.6789245,sport,pitch,0,6,30,79,"1359396455,1359396451,1359396452,693364627,693364626,481253196,499538129,13308739939,111815987,241336707,689326916,425484913,425484916,425484909,241263809,1311364293,241263815,425484924,1132205221,10582643941,1135279253,436248508,448850336,1445632678,1058453911,839634186,839634187,253538106,1065476429,1359396454,1359396457,207860575,1359396456,1359396453,257959656,1289661072,1427529401,257509783,257509782,1347606402,1289661073,257509764,257509765,160090690,160090692,257509780,257509781,257509775,13151468861,390805226,257509784,869894480,859050130,859050133,869894478,869894475,869894481,1058452924,915561405,362273176,13284561433,13284561431,923782195,923780960,915561404,13284561432,1422419022,1422594036,1422418992,1422594070,1346976213,1089685037,1429531896,1421975477,1428971499,1347180844,1190222452,1347180845,1347180843"
Casa di Riposo RSA Massimo D’Azeglio,45.0449267,7.6789245,sport,tennis_court,0,0,0,0,
Casa di Riposo RSA Massimo D’Azeglio,45.0449267,7.6789245,sport,golf_course,0,0,0,0,
Casa di Riposo RSA Massimo D’Azeglio,45.0449267,7.6789245,sport,ice_rink,0,0,0,0,
Casa di Riposo RSA Massimo D’Azeglio,45.0449267,7.6789245,sport,bowling_alley,0,0,0,0,
Casa di Riposo RSA Massimo D’Azeglio,45.0449267,7.6789245,sport,climbing_wall,0,0,0,0,
Casa di Riposo RSA Massimo D’Azeglio,45.0449267,7.6789245,sport,gym,0,0,0,0,
Casa di Riposo RSA Massimo D’Azeglio,45.0449267,7.6789245,commerciale,shop,0,0,0,0,
Casa di Riposo RSA Massimo D’Azeglio,45.0449267,7.6789245,educazione,school,1,4,8,19,"253301370,253301371,613483942,436304902,253301354,690824769,1065476430,315598789,257509745,4735804563,109771125,123376948,390805214,601868991,390805217,6189845887,190499456,190499455,298804713"
Casa di Riposo RSA Massimo D’Azeglio,45.0449267,7.6789245,educazione,kindergarten,0,1,1,8,"457909877,2592486650,253301347,314888176,258200656,869894477,1328540432,7807308276"
Casa di Riposo RSA Massimo D’Azeglio,45.0449267,7.6789245,educazione,university,0,0,6,23,"988059309,10187943548,1172116313,1063867657,1107125327,1107125328,8496468303,1107125331,988062105,6944502291,6945638233,10132258250,6944516128,6944505643,6945671127,2714024340,749760378,9430411581,6339286102,4605849272,4605836657,4605847888,4605836658"
Casa di Riposo RSA Massimo D’Azeglio,45.0449267,7.6789245,educazione,college,0,0,0,0,
Casa di Riposo RSA Massimo D’Azeglio,45.0449267,7.6789245,educazione,music_school,0,0,0,0,
Casa di Riposo RSA Massimo D’Azeglio,45.0449267,7.6789245,educazione,driving_school,0,0,0,2,"10570991907,12886844895"
Casa di Riposo RSA Massimo D’Azeglio,45.0449267,7.6789245,educazione,research_institute,0,0,1,1,190482116
Casa di Riposo RSA Massimo D’Azeglio,45.0449267,7.6789245,educazione,vocational_school,0,0,0,0,
Casa di Riposo RSA Massimo D’Azeglio,45.0449267,7.6789245,educazione,library,0,0,1,3,"4735799707,10229510808,4209315503"
Casa di Riposo RSA Massimo D’Azeglio,45.0449267,7.6789245,educazione,archive,0,0,0,0,
Casa di Riposo RSA Massimo D’Azeglio,45.0449267,7.6789245,educazione,museum,0,0,5,9,"96185130,9775052400,12413494664,12072302022,5482049568,4219719436,2981060587,6425777001,12393405666"
Casa di Riposo RSA Massimo D’Azeglio,45.0449267,7.6789245,educazione,community_centre,0,0,1,5,"13192364672,12616853914,12585045537,194336591,12548906803"
Residenza Il Valentino (RSA),45.0558904,7.6777389,sanità,healthcare,0,0,0,0,
Residenza Il Valentino (RSA),45.0558904,7.6777389,sanità,pharmacy,1,10,26,75,"1670302089,2135139106,1198867317,4735667414,4735021763,4735023412,12814474916,2592486643,7310501806,7310088536,6029326322,4735669404,4735721872,12800044441,2036336905,2036356385,4735719316,4412226590,9140119438,4735717950,7384890987,7376141996,3344782869,4736115522,7312267251,7379836453,12798227483,4735804570,4735804530,11782400574,2036360279,3893151255,4735829063,2018737316,4735056034,4735058545,4735717430,2018187040,619193786,4735828988,3224067528,5255625937,2593187678,2048347744,2018203641,5628622146,1333701639,2018982162,2019517474,7310122343,4736110877,5113659491,2019532938,6827178588,5110808474,4736057638,2048276171,7376114116,12691580935,4736055182,5206578925,7376141997,4736058640,4736054350,7312494521,4736054639,4736054574,7309967811,7376141998,4735870073,306557185,4736077953,2068598491,2018175898,7379060407"
Residenza Il Valentino (RSA),45.0558904,7.6777389,sanità,dentist,0,3,5,15,"7261094839,10698834221,8569291136,10751445003,12886910727,10737466798,2016414024,351676886,8463109068,2406157072,11296229554,4195848889,5941324678,3373033912,9301525972"
Residenza Il Valentino (RSA),45.0558904,7.6777389,sanità,veterinary,0,1,1,7,"6948201811,8518082749,11283174640,6942723111,4735830189,4736055191,2018192326"
Residenza Il Valentino (RSA),45.0558904,7.6777389,sanità,optician,0,0,0,0,
Residenza Il Valentino (RSA),45.0558904,7.6777389,sanità,medical_supply,0,0,0,4,"12867088801,11283227093,11064390829,3957940798"
Residenza Il Valentino (RSA),45.0558904,7.6777389,sanità,defibrillator,0,0,4,34,"13308607340,9376999100,10243877109,7227510560,12237513601,12829755501,11071576234,9552060491,9137861147,7232177660,9515896704,12886227002,432803701,12484268753,5121847084,7934552531,4374929675,13015096966,8356951251,8210481138,6705560885,11273669529,5113659443,6851497986,12095446701,6851187750,6853723885,6851437489,6853946708,6853946004,6851357885,10942463291,3722895975,6877134124"
Residenza Il Valentino (RSA),45.0558904,7.6777389,sanità,hospital,0,0,1,5,"149116211,3538149956,26294487,190728046,191194250"
Residenza Il Valentino (RSA),45.0558904,7.6777389,sanità,clinic,1,2,4,27,"1196177763,395057467,12816667601,12816667602,12816909558,12816909553,12814452400,12816909554,12814474932,12814452396,4735802143,10769197381,4086304459,6664922333,822529092,4735668281,11290349432,10567218284,10567228303,4162728590,464291813,12168612107,3893264712,385995302,10698816652,2284074743,4086502595"
Residenza Il Valentino (RSA),45.0558904,7.6777389,sanità,doctors,0,0,0,0,
Residenza Il Valentino (RSA),45.0558904,7.6777389,mobilità,station,1,1,5,9,"3253332071,893193542,1621697594,543360161,254594416,11592793752,1622042729,3395226356,254594415"
Residenza Il Valentino (RSA),45.0558904,7.6777389,mobilità,subway_entrance,3,4,21,36,"2617655139,1621378602,1621378600,1621378601,1213993997,1213994125,1213994014,3253332073,3431326297,3431314079,3431314078,10235736538,3431314077,3431314076,3431314075,10235736525,1367855910,1839686581,1367855907,3431314080,2299299617,2299299618,3253332072,1622042886,3283904468,1622042919,3431326298,5020207823,5020207824,1262284319,10260242427,10260242426,1262284354,2014746582,1262284353,10260242428"
Residenza Il Valentino (RSA),45.0558904,7.6777389,mobilità,tram_stop,0,9,48,123,"941491908,945383170,945383228,945383209,945383242,1231011146,945383335,945383168,1230709942,1230709908,1231011227,941491761,941491518,941491902,941491727,1168929313,1167320836,1168929291,941491699,1167320919,941491496,1230709954,1230710110,1230709892,941491640,941491856,938733459,938733498,945268814,945268800,1185414536,1168929618,945268789,945268816,1167321000,1168270429,945268799,1199240661,1229263858,1167320990,1167320859,1167321088,1167321041,1167320969,1167320960,1185414562,1168270672,1185414492,945268801,945268822,945268805,945268802,1624209638,950433574,951424216,1230710018,4997702728,1229827204,1231011119,1229827337,1231011175,1229580323,1229827230,1229580314,1229827620,941491483,941491672,941491612,1168270471,1168270534,941491716,941491868,1185414486,1229580315,1229827224,1227966230,1168270660,1185414504,1227966231,1167320937,12101484067,1168929427,12100765982,941491637,12101484058,1624209624,1843302903,941491545,943330768,1370347434,1229263851,1370347438,1229827150,1229580304,1230710216,1230709587,1230709694,1230710154,1230710053,1230710389,1227966234,1227966232,1227966233,1229263766,1229264040,12616325336,12715581050,12978416484,12978416485,943330769,12715581035,943330816,943330822,943330819,1230709780,1231011218,943330805,11281292421,1230709737,1230709859,1624209625,941491939,1167320980"
Residenza Il Valentino (RSA),45.0558904,7.6777389,mobilità,bus_stop,2,19,100,377,"1262212592,1262212443,1262201548,1262194534,1262201258,937605183,1198909279,1198909287,937605170,937605201,937605172,10200584299,1185414537,10200408844,1262206025,1185414591,1262199241,1185441575,10200584300,10200408843,1213368919,1198867501,1198867296,1185441587,3979495903,10200408842,1262208027,1185441561,1230710173,1230709749,1262204124,1185441537,1231011169,1262194463,1212944745,1262206303,1262196617,1262205652,1262198085,1262188120,1262192773,1262202694,1262199993,1262198818,1262207113,1262182479,1262189238,1213368963,1185809746,1185809738,1262208641,1185809741,1262208307,1185414473,1185809759,1262194959,1262188782,1185809737,1262199883,1262204464,1262187238,1262197176,1262207473,1262195467,1262192496,1262195984,1262196079,1262196389,1262189057,1262207017,1185809754,1185809736,1399644213,1131464110,1399644528,1262212319,937605193,937605195,937605181,937605194,937605189,1262198275,1198867720,1262200618,1262210403,1198867646,1198867624,1262199732,1198867456,1167320783,1262207954,1262187635,1262208539,1262200757,1262204432,1262205523,1262195376,1262203331,1262207470,1262195744,1185414571,1231011126,1168929258,1198867528,1199003141,1168929465,1185815850,1262195065,1262182588,937605174,937605197,1168270670,1199240778,937605169,1168929641,937605192,1168929327,937605175,1262195535,937605200,1229263756,1262201038,1262206788,1198867355,1262188427,13357227255,1198867590,1198867343,1198867678,1168929435,1198867713,1168929622,937605184,1185414408,1525407946,1262208796,937605187,1262193964,1262202938,1262210261,1262196361,1262193644,1262211503,937605188,1168270573,1262212991,1262198618,1524833855,10938458344,4806485504,1569038269,12074187316,1262197341,1185414556,1185414572,1199240547,1569038260,1262208085,8494249908,1262196253,1199240667,1262201459,10938458345,1262197535,1262194358,937605198,937605176,1262203237,937605196,937605190,1199240598,943330808,1262209067,1816820005,1262195389,1262186062,1262205538,1262185598,1262203692,1262190108,1262203588,1262190098,1262209814,1262208210,1262204320,1262192681,1262200032,1262190944,1262212994,1262195471,1262209837,1262196128,1262195993,1491228853,1262210935,1262182560,1262201063,1262187879,1262203150,1262212811,1262183335,1262204440,5594891025,1262199964,1262199168,1262182219,1399644425,1262198176,1262197433,1262192786,1262197275,1262200205,1262207921,1262210546,1262182382,1262192501,1262201910,1262192626,1229580308,4605836659,1262204898,12876021888,1229580300,1262196357,1262211500,1262208182,1262192466,1262196307,1262195324,1262209515,1262196647,1262212519,1262207853,1480474270,1262210350,1262190981,1262207187,1262197218,1262184662,1262204656,1262196134,1480474276,1262203192,1262194723,1262209179,1262196512,1262206934,1262207679,1480474287,1480474282,1480474260,1480474258,1262184419,1480474268,1480474269,1480474262,1262198132,1262197142,1480474257,1262209613,1262208977,1262182398,1168929344,1262197041,1262207547,1198867604,8289837996,1262195219,8289837997,1262185354,1262181975,1262197387,1168270553,1168929565,1168270407,10200408841,4575722855,10066805517,1185414522,1262199608,1491228855,1262202711,1262199542,1262186722,1229580316,1229827663,1262208483,10136283371,1168270570,1168270559,1185414520,12876021885,1262211444,1168929371,1262200499,1262196215,1262201567,1262196300,1262198051,1262197657,1525407917,1262206483,1262203392,3229868385,3262101385,1168929432,1491228856,1262197246,1198867662,1262188506,1262197678,1262208401,1262209581,1262199837,1262209446,1198867402,1262207476,1262190131,1491228854,11657164483,11657164484,1229827101,1229580311,1399644118,1262197436,1262211451,1262205080,1262192792,1262199977,1262195420,1262205970,1262195822,1168270639,1185414410,1262208503,1185414465,1262194546,1262208323,5117626905,1262209930,1262198026,1185414577,6851570620,1262199075,1262182576,1262200213,1262203030,1262212401,1262196900,1262196798,1262206389,1262208051,1262196187,1262191998,1262202844,1262195567,1262212221,1262192881,1262194437,1262196834,1270905157,1262191772,1270905158,1262208954,1262199922,1262209046,1262197197,1262199746,1262212615,1262204404,1262194653,937605171,937954712,1262212512,1198867441,1262208216,1198867556"
Residenza Il Valentino (RSA),45.0558904,7.6777389,mobilità,charging_station,1,7,21,47,"4691906382,9568693093,10686606848,4691906381,8273687163,12206458665,9331784402,5545629913,10862580324,11107468089,5545493679,12801752468,13074606106,10023825566,11253226587,9056770766,8496473717,8496473719,8496473718,13254288285,9884949609,9884949607,9884949611,9884949608,9884949610,10676666527,11676231525,3906238205,11694139826,13254333741,12881604940,10132403023,10132403019,10132403022,10132403020,10132403021,10024930203,12848949670,12385342507,3906239156,5545493680,5255643474,10024930198,10024930204,9903597728,3906262432,11330971755"
Residenza Il Valentino (RSA),45.0558904,7.6777389,mobilità,car_sharing,0,0,0,1,4749176847
Residenza Il Valentino (RSA),45.0558904,7.6777389,mobilità,taxi,0,1,3,16,"1720500302,450595752,4289455496,2016414163,2902424080,3241731973,8316678430,2019632236,604332918,5020220491,5020220492,3241731972,3241731971,5941325188,3241731964,2902424078"
Residenza Il Valentino (RSA),45.0558904,7.6777389,mobilità,parking,2,4,31,151,"305940763,190437232,190437231,166457327,54740253,166596459,241336708,1128003509,166585310,3319891484,131477884,166652711,166652710,140260606,106366574,376495005,154500752,839476414,839476413,839634184,7077733654,693367780,693367779,1032863499,300189916,287520875,1027356692,330956379,330956378,313088902,313088903,166630018,291492675,50259560,1126042539,1126043797,1126047090,1190970428,1340364497,49580893,925276467,1348523735,108470282,942603632,942603631,736824357,706164324,730684398,1300583616,1419477429,736824358,1076957801,730771775,166652712,83042948,1383582583,1381841252,1381841251,5693045436,12809872841,1381841253,635372762,635372763,320706078,320706077,166616053,166611428,305940327,305941030,257509773,257509774,1046462111,770822807,770822809,770822808,454001359,454001349,1621697577,257509778,257509777,330503346,915561379,1218148322,914641500,914641495,914641496,914641504,914641505,914641487,914641506,596527947,914641494,489020583,1409158807,7195363113,282924801,191173232,112172255,1075063889,747831924,7573315188,966980831,45819032,1432694418,1433218612,842479608,842479609,842479611,132406184,69976487,1256054371,1441572060,1255963826,1455462286,4488383689,248772281,248160665,13260980844,2019632224,1227966229,275161406,2284374403,5997771287,5997780786,320706080,5997812985,635372765,320706079,3363420315,22953965,1218557983,1057905850,316211275,319749756,249248499,319742232,191375051,5941325249,193000008,435793218,1255999599,731592384,731605916,436314967,242957870,6851422048,733635639,358681039,124778755,5993028887,5993028888"
Residenza Il Valentino (RSA),45.0558904,7.6777389,mobilità,car_rental,1,2,6,8,"1170039574,1170039581,13363265154,6113511883,11104716244,5628622134,5941325247,5941325228"
Residenza Il Valentino (RSA),45.0558904,7.6777389,mobilità,bicycle_parking,4,14,58,231,"11274729869,1780322685,7076063185,1780322731,11274729769,2699759047,2699759049,2699759048,10853204514,2699759050,2699759052,2699759053,2699759051,2699760636,2699760637,2699759056,2699759058,2699759057,2699757974,443101911,7815134909,7815134911,7815134910,7815134913,7815134912,12394522606,12394489858,10873504973,6912162938,7815134903,10113463334,10113463333,10113463332,10113463331,9580694089,10113463330,10113463329,10113463335,2016369763,11673291208,11673243325,7076063186,7076063187,7076063189,7076063188,5347703556,12153279090,7076001884,11933465157,7076001882,2635518486,7076001883,7076001878,7076063193,7076063194,7076063195,7076063192,2699759055,2699759054,11913808736,7054259454,9771620395,10011778505,7076063191,6954549387,6954549388,1783770824,10873504971,1783770825,10802789582,2699757972,2699757973,2699757978,2699757975,9536387625,706004735,9536764388,9515661833,2699754605,5628622143,5628622144,2632353490,10873504970,5628622145,7025739876,10873504969,10159318064,2699757982,2699757981,2699757980,2699757979,2699757983,2699757984,2699753945,2699754607,2699754613,2699754610,2699754609,13142999531,13143056907,10741520276,10741540187,2699752835,13142731612,2699752836,2699752837,7076001881,7076001880,7076001879,7076063190,12168185377,8496468307,11082056515,8496468304,8496468306,8496468305,11082056516,11082056517,11182198684,5226211759,7076001868,12365551375,7076001867,7076001864,7076001863,7076001865,13283071994,13283160701,13283086792,9122302517,6909804800,9330196749,5594891026,13283101982,8638211147,9038187426,13283226975,11274729970,9884528466,7076063196,7076063197,7076063198,9321076956,4063688590,7076001861,7076001862,2282486102,5113659453,7076001866,11983497399,11983479625,2017190763,2018982169,7076063202,7076063203,12009896156,13324660699,7076063201,10884404308,7076063200,7076063199,12681485187,12681485188,6149852920,2699753943,2699753944,2699753946,2699753947,2699753951,2699753950,2699753949,2699753948,5117627158,5113659515,10779500105,2699753644,5968582882,5968581908,6827178603,12068659438,5941325235,2699753641,2699753643,2699753642,7076063204,7076063205,7076063206,11277111680,11277111681,7076063207,10777961006,12650442898,7076063208,7076063209,8026222938,7076063210,7076063211,7076063212,7076063213,5117627124,5941324676,5941324684,5941325233,2048050409,5941324672,11966746787,5941325227,5941325219,11966792060,5941325190,9740895475,12634535120,12634548501,12634222020,12634416056,9740895502,9740888733,10759662318,11238380039,11238380037,11238380038,2699752833,2699752840,2699752831,10951467173,10951467161,2699752834,2699752832,9307377317,9307358113,6851396187"
Residenza Il Valentino (RSA),45.0558904,7.6777389,mobilità,bicycle_rental,0,1,1,1,12068398566
Residenza Il Valentino (RSA),45.0558904,7.6777389,mobilità,primary,0,0,0,0,
Residenza Il Valentino (RSA),45.0558904,7.6777389,mobilità,secondary,0,0,0,0,
Residenza Il Valentino (RSA),45.0558904,7.6777389,verde,park,0,0,3,23,"305683893,579229093,149395093,166596454,848000866,106251930,44503795,88206888,149395470,39789990,589863206,1164953300,130457686,335352981,698756805,549096612,111646227,112172943,1432694404,23026345,22897848,543676718,457323344"
Residenza Il Valentino (RSA),45.0558904,7.6777389,verde,garden,2,2,5,148,"1135279260,140266730,107167208,436247597,436245116,436245118,436245117,23089011,589878717,436247596,28193052,3784063293,1430193319,1430193315,1430193322,108470281,404714970,29183708,1430193309,23089014,581600236,664912057,191051285,1429668701,1429927724,1429927720,1429668708,1429668706,1429668703,1430558115,1429927718,1429927726,1429668711,1429668710,1429668709,1430558102,1430193311,1430558111,1430558114,1429655978,1430558101,1429655977,1430558098,1431902919,1432497805,1432497804,1431902918,1432497803,1431902920,1432497799,1431902926,1431902917,1430558093,1431902925,1431902923,1432497802,1431902908,1431902916,1432497790,1432497798,1432497801,1431902915,1431902907,1431902906,1432497788,635651375,1432497787,1432497786,303807502,1432497777,1432497771,1432497780,1432542554,1432694413,1432542546,1432694420,1432694414,1432694410,1432694408,1433218603,1432694412,1433516891,1433516897,1432694406,1433516899,1433218602,1433218608,1433218609,1433218611,635651377,1433516893,1433516896,1434558345,1434859342,1431214248,1429531893,1431167268,1431167270,1435026062,1435026061,1435026060,1435026072,1433516866,1434558331,1433516869,1433516870,1434558326,1434859339,1434558323,1434558321,1434558344,1434859340,1433516867,1434859343,1434859351,1434859338,1434558312,1434558342,1434558339,1434558336,1434558316,1433516874,1434558328,1434558319,1434558314,1434558315,1433516882,1434558313,1433516875,1434859334,1434859333,1434558318,1434558317,1435026103,1435026104,1412323438,561608551,23054276,318993599,251488296,23026360,302764761,1060217784,1060217774,848959753,848959890,585434922,585434925"
Residenza Il Valentino (RSA),45.0558904,7.6777389,verde,grass,8,8,34,267,"588726773,579229099,862454070,1128002965,1128002964,1128002962,1128002963,154500733,1126792071,131477879,166596453,131477878,757727656,131477880,757727655,154500739,154500731,154500729,1066997745,234298691,154500724,316299344,154500737,154500736,234298714,234298715,234298692,234298708,234298712,234298709,234298702,234298698,234298695,234298694,234298699,234298703,234298687,234298690,234298711,234298688,234298710,234298707,234298706,234298700,234298713,234298697,234298696,234298689,234298693,234298705,234298701,234298704,315954833,181232343,181232355,181232342,181232349,181232340,181232352,286653246,181232353,181232350,181232347,181232345,181232348,181232341,286653247,181232346,286767165,314388661,286767159,286767161,181232351,286653245,286653244,286653242,242409910,286653241,286646606,286647293,286653240,286653237,286646604,286646594,286645617,286653239,286646607,286647294,286646605,286647291,286646595,286646601,286646602,286646603,286647290,286646597,485912130,485912131,485912126,485912128,485912129,579229154,485912127,579229089,1126040506,1126042440,730665854,690822581,690822578,690822577,579953323,579953322,579953321,579953320,579953319,579953318,579953317,579916574,579916577,579953316,579953328,690822582,379516467,579953324,379516466,579953327,579953326,579953325,690824765,690824749,690824748,866606424,922479075,922479076,730682845,730682868,730682867,730682869,589878721,730682864,730682866,945490938,730682863,730682844,589878716,945490937,943784964,943784963,943782516,943782515,730682843,589878718,730682865,730682842,730682862,589878720,589878719,589878715,1034782636,730684397,736826338,706164330,730771776,166653765,690808828,690808830,690808831,333831817,242409911,544187117,286636546,242409909,286656050,286636547,286636548,286664226,286636549,732157565,286664225,318948807,326073532,326073533,319649516,732157570,286656044,732157568,732157569,732157567,286656041,390805213,390805212,588726775,589459967,589459968,589459969,589459961,589459963,589459964,415224186,589459962,1047587836,1047587838,1047587837,1047587843,1047587839,1047587840,1047587841,1047587842,463612383,463612382,914641482,401668588,561611213,561611216,561611209,561611219,561611214,561611211,561611221,561611218,123242586,123242589,123242584,1447741497,1264205127,112698197,112698185,112698601,842026974,1429531892,1435026096,1435026095,1435026078,1435026075,1433516865,1455462300,1455462921,1455462291,1455462301,337361722,1362575098,192061493,192061494,192061492,192061489,192061490,192061491,1272990787,245046146,1098853222,245045846,397809397,616677987,616677976,616677985,616677978,616677983,616677980,245045845,337361720,337361721,245045844,289014365,258298837,1173001072,1118869379,1118869380"
Residenza Il Valentino (RSA),45.0558904,7.6777389,verde,wood,0,0,0,21,"256204639,1429668713,1429927729,1075307130,1430558097,1431902912,256273453,1433516888,1075307129,1429655981,1435026069,1435026063,1435026076,1435026071,1431214247,1434859332,1433516863,1434859344,1434859331,1435026077,457323345"
Residenza Il Valentino (RSA),45.0558904,7.6777389,verde,forest,0,0,0,1,28110850
Residenza Il Valentino (RSA),45.0558904,7.6777389,verde,meadow,0,0,0,0,
Residenza Il Valentino (RSA),45.0558904,7.6777389,verde,scrub,0,0,0,9,"360131117,1430193318,1429927730,1429668705,1430558096,1431167269,1432694422,1431167266,1441572063"
Residenza Il Valentino (RSA),45.0558904,7.6777389,verde,allotments,0,1,1,1,328621268
Residenza Il Valentino (RSA),45.0558904,7.6777389,verde,playground,0,0,3,30,"579229091,140235237,1135279252,306160702,448162839,1217815310,910933663,1445632679,660162335,660162333,942887046,942888157,105377046,83093080,4968614878,83051429,83051428,1149617853,130457685,257509776,561242634,1193870930,132364747,1433218613,1432694403,1780526494,191211963,1168299039,1170974105,1054786065"
Residenza Il Valentino (RSA),45.0558904,7.6777389,verde,recreation_ground,0,0,0,0,
Residenza Il Valentino (RSA),45.0558904,7.6777389,verde,nature_reserve,0,0,0,0,
Residenza Il Valentino (RSA),45.0558904,7.6777389,verde,lake,0,0,0,0,
Residenza Il Valentino (RSA),45.0558904,7.6777389,verde,reservoir,0,0,0,0,
Residenza Il Valentino (RSA),45.0558904,7.6777389,sport,fitness_centre,0,1,8,15,"8518130285,5846394818,11841788895,10736644789,12886908643,9463603381,11297477634,10067097220,10784287024,12327658096,2018982152,4736058200,12547891555,11049505605,6851326135"
Residenza Il Valentino (RSA),45.0558904,7.6777389,sport,sports_centre,1,1,5,15,"3799075121,188466381,635797746,4735055931,4086520147,404714971,3332362719,749439074,256781255,286976821,9792328371,630344434,458039656,288893797,458039655"
Residenza Il Valentino (RSA),45.0558904,7.6777389,sport,stadium,0,0,0,0,
Residenza Il Valentino (RSA),45.0558904,7.6777389,sport,swimming_pool,0,0,2,32,"191056430,1118749030,1118749029,1118749028,1422594069,749439076,1422419030,1422418993,1422418990,1422419019,1422418987,1422418984,1422224010,1422224027,1422594076,1432497807,1075063887,1422594077,1422594081,1263799982,1431902914,1432497796,856951591,1431902913,1433218610,1433218607,1429531899,692335424,899626040,1435026110,1323785257,320710589"
Residenza Il Valentino (RSA),45.0558904,7.6777389,sport,water_park,0,0,0,0,
Residenza Il Valentino (RSA),45.0558904,7.6777389,sport,pitch,1,1,10,76,"689326916,241263809,241263815,10582643941,1135279253,7007648418,7007648417,436248508,448850336,1445632678,1058453911,839634186,839634187,253538106,1065476429,10694640239,10694640238,10694640237,324738752,257509783,257509782,1347606402,1289661073,257509764,257509765,160090692,257509780,257509781,257509775,13151468861,390805226,257509784,869894480,859050130,859050133,869894478,869894475,869894481,1058452924,915561405,362273176,13284561433,13284561431,923782195,923780960,915561404,13284561432,1422419022,1422594036,1422418992,1422594070,1346976213,1089685037,1429531896,1421975477,1005248573,1005248575,1005248574,5410221475,117526387,1347180844,1190222149,117526384,1190222452,1190222148,117526386,1347180845,117526378,1347180843,245045843,1062624219,358681038,358681041,358681042,358681037,578921511"
Residenza Il Valentino (RSA),45.0558904,7.6777389,sport,tennis_court,0,0,0,0,
Residenza Il Valentino (RSA),45.0558904,7.6777389,sport,golf_course,0,0,0,0,
Residenza Il Valentino (RSA),45.0558904,7.6777389,sport,ice_rink,0,0,0,0,
Residenza Il Valentino (RSA),45.0558904,7.6777389,sport,bowling_alley,0,0,0,0,
Residenza Il Valentino (RSA),45.0558904,7.6777389,sport,climbing_wall,0,0,0,0,
Residenza Il Valentino (RSA),45.0558904,7.6777389,sport,gym,0,0,0,0,
Residenza Il Valentino (RSA),45.0558904,7.6777389,commerciale,shop,0,0,0,0,
Residenza Il Valentino (RSA),45.0558904,7.6777389,educazione,school,0,3,6,36,"253301354,3799075120,3799075123,282772081,690824769,242435627,7501518183,7501518184,367981582,1065476430,315598789,4736111631,340249805,334684164,4735804563,109771125,123376948,390805214,601868991,390805217,6189845887,190499456,190499455,298804713,1075307126,243074534,250151807,2284034343,2284034348,117493773,1304814076,1168299038,10765663105,450287805,1091923526,1168299037"
Residenza Il Valentino (RSA),45.0558904,7.6777389,educazione,kindergarten,0,1,2,9,"2592486650,3474642596,253301347,314888176,869894477,1328540432,2284034346,219014163,7807308276"
Residenza Il Valentino (RSA),45.0558904,7.6777389,educazione,university,0,1,20,37,"12694977921,1063867657,8903777986,1107125327,1107125328,8496468303,1107125331,988062105,6944502291,6945638233,10132258250,6944516128,6944505643,6945671127,2714024340,749760378,9430411581,6339286102,4605849272,4605836657,4605847888,4605836658,192604816,2577028412,2577029282,2018055299,2018055301,9739802942,2503902059,3363964793,6851326132,4086214801,2018087957,1218747279,6851439272,651771955,4735868696"
Residenza Il Valentino (RSA),45.0558904,7.6777389,educazione,college,0,0,1,2,"318997570,12248046055"
Residenza Il Valentino (RSA),45.0558904,7.6777389,educazione,music_school,0,0,1,1,28109102
Residenza Il Valentino (RSA),45.0558904,7.6777389,educazione,driving_school,0,1,1,8,"7077970133,8569299026,12886844895,10879184439,11841904325,12089511784,9762124287,3473130432"
Residenza Il Valentino (RSA),45.0558904,7.6777389,educazione,research_institute,0,1,2,2,"190482116,6241694510"
Residenza Il Valentino (RSA),45.0558904,7.6777389,educazione,vocational_school,0,0,0,0,
Residenza Il Valentino (RSA),45.0558904,7.6777389,educazione,library,1,2,2,8,"4735799707,10229510808,4209315503,11806550856,4936115896,9693041809,6074405709,4849156539"
Residenza Il Valentino (RSA),45.0558904,7.6777389,educazione,archive,0,0,0,0,
Residenza Il Valentino (RSA),45.0558904,7.6777389,educazione,museum,0,1,6,27,"12072302022,123180294,397514864,435784636,4572133130,5482049568,4219719436,2981060587,6425777001,12393405666,6433935512,9585924917,5171950042,246516587,246643344,6432836094,2177769729,1333701144,6435420518,6431480861,2026479833,318938052,2026479832,246443715,6432887576,6434268049,248771289"
Residenza Il Valentino (RSA),45.0558904,7.6777389,educazione,community_centre,1,2,3,6,"13192364672,12616853914,12585045537,194336591,12548906803,3363460993"
Casa di Riposo RSA Chiabrera34,45.0448022,7.6795748,sanità,healthcare,0,0,0,0,
Casa di Riposo RSA Chiabrera34,45.0448022,7.6795748,sanità,pharmacy,1,3,11,47,"7536790841,7379841664,4735801227,6649834586,12703506925,7392300898,4735799619,4735803897,4735016415,4735021763,4735023412,12814474916,2592486643,7310501806,7310088536,6029326322,4735721872,12800044441,2036336905,2036356385,4735719316,4412226590,9140119438,4735717950,4735056994,7379836453,2635518585,12798227483,4735804570,4735804530,11782400574,2036360279,3893151255,4735829063,2018737316,4735056034,4735058545,4735717430,2018187040,619193786,4735828988,3224067528,5255625937,1333701639,2018982162,4736055182,7376141997"
Casa di Riposo RSA Chiabrera34,45.0448022,7.6795748,sanità,dentist,0,0,3,8,"10698834221,8569291136,10751445003,12886910727,10737466798,351676886,8463109068,11296229554"
Casa di Riposo RSA Chiabrera34,45.0448022,7.6795748,sanità,veterinary,0,0,0,6,"8518082749,11283174640,6942723111,12883887836,4735830189,4736055191"
Casa di Riposo RSA Chiabrera34,45.0448022,7.6795748,sanità,optician,0,0,0,0,
Casa di Riposo RSA Chiabrera34,45.0448022,7.6795748,sanità,medical_supply,0,0,2,5,"12867088801,12752031502,11283227093,11064390829,3957940798"
Casa di Riposo RSA Chiabrera34,45.0448022,7.6795748,sanità,defibrillator,1,1,3,8,"12599100593,12829755501,11071576234,9137861147,4374929675,13015096966,8356951251,8210481138"
Casa di Riposo RSA Chiabrera34,45.0448022,7.6795748,sanità,hospital,0,0,1,10,"305681406,3538127652,305681074,3538149953,3070468685,149116211,3538149956,26294487,1196653949,190728046"
Casa di Riposo RSA Chiabrera34,45.0448022,7.6795748,sanità,clinic,2,4,7,20,"4086300425,1266944688,10769159379,12816667601,12816667602,12816909558,12816909553,12814452400,12816909554,12814474932,12814452396,4735802143,10769197381,4086304459,4162728590,464291813,12168612107,3893264712,385995302,10698816652"
Casa di Riposo RSA Chiabrera34,45.0448022,7.6795748,sanità,doctors,0,0,0,0,
Casa di Riposo RSA Chiabrera34,45.0448022,7.6795748,mobilità,station,0,0,3,8,"4076608590,1621378603,3253332071,893193542,1621697594,1622042729,3395226356,254594415"
Casa di Riposo RSA Chiabrera34,45.0448022,7.6795748,mobilità,subway_entrance,0,0,10,21,"1213993854,1213993797,1213993844,3431330484,3431330485,3431330483,2617655139,1621378602,1621378600,1621378601,1213993997,1213994125,1213994014,3253332073,3431326297,3253332072,1622042886,3283904468,1622042919,3431326298,5020207823"
Casa di Riposo RSA Chiabrera34,45.0448022,7.6795748,mobilità,tram_stop,0,0,6,53,"941491790,941491681,941491813,941491908,941491761,941491518,941491902,941491727,1168929313,1167320836,1168929291,941491699,1167320919,941491496,1230709954,1230710110,1230709892,941491640,941491856,938733459,938733498,1167320990,1167320859,1167321088,1167321041,950433574,951424216,1230710018,4997702728,1229827204,1231011119,1229827337,1231011175,1229580323,1229827230,1229580314,1229827620,941491483,941491672,941491612,1168270471,941491868,1229580315,1229827224,1227966230,1168270660,1185414504,1227966231,1229827150,1229580304,1230710216,1230709587,1230710154"
Casa di Riposo RSA Chiabrera34,45.0448022,7.6795748,mobilità,bus_stop,5,22,63,275,"9687643553,1213993949,1262192830,1262197333,1262205805,1262197393,1262182000,13343490798,1262209430,1262186555,1262202902,1262211523,1262185759,1262194782,1262198369,1262209999,1262195661,1262208280,1262192621,1262198126,1262210202,3226168498,1262191964,1262204703,1262200130,1262200239,1262209564,1262199832,1262187034,1262212592,1262212443,1262209969,1262197382,1262194763,1262182441,1262203530,1262209783,1262203317,1262201548,1262194534,937605170,937605201,937605172,1262196617,1262196377,1262205652,1262198085,1262188120,1262192773,1262202694,1262199993,1262198818,1262207113,1262182479,1262189238,1213368963,1185809746,1185809738,1262208641,1185809741,1262208307,1185414473,1185809759,1262194959,1262188782,1185809737,1262199883,1262204464,1262187238,1262197176,1262207473,1262195467,1262192496,1262195984,1262196079,1262196389,1262189057,1262207017,1185809754,1185809736,1399644213,1131464110,1399644528,1262212319,937605193,937605195,937605181,937605194,937605189,1262198275,1198867720,1262200618,1262210403,1198867646,1198867624,1262199732,1198867456,1167320783,1262207954,1262187635,1262208539,1262200757,1262204432,1262205523,1262195376,1262203331,1262207470,937605169,937605192,1198867355,1198867590,1198867343,1198867678,1168929435,1198867713,1262208074,1262193274,1262196037,1262198943,1262194467,1262209394,1262210127,1262203515,1262208005,1262184768,1262199100,1262191907,1262207759,1262195389,1262197179,1262186062,1262205538,1262210265,1262200309,1262196573,1262207033,1262195041,1262207412,1262189743,1262182491,1262203811,1262210759,1262211281,1262200961,1262195128,1262196222,1262194864,1262204246,1262189288,1262207969,1262197318,1262208380,1262195480,1262197731,1262204535,1262183403,1262208226,1262198069,1262198445,1262185598,1262203692,1262190108,1262203588,1262190098,1262209814,1262208210,1262204320,1262192681,1262200032,1262190944,1262212994,1262195471,1262209837,1262196128,1262195993,1491228853,1262210935,1262182560,1262201063,1262187879,1262203150,1262212811,1262183335,1262204440,5594891025,1262199964,1262199168,1262182219,1399644425,1262198176,1262197433,1262192786,1262197275,1262200205,1262207921,1262210546,1262182382,1262192501,1262201910,1262192626,1229580308,4605836659,1262204898,12876021888,1229580300,1262196357,1262211500,1262208182,1262192466,1262196307,1262195324,1262209515,1262196647,1262212519,1262207853,1480474270,1262210350,1262190981,1262207187,1262197218,1262184662,1262204656,1262196134,1480474276,1262203192,1262194723,1262209179,1262196512,1262206934,1262207679,1480474287,1480474282,1262211196,1262199022,1480474260,1262197190,1480474258,1262212607,1262207895,1262197255,1262184419,1480474268,1480474269,1480474262,1262198132,1262197142,1480474257,1262209613,1168929344,1262197041,1262207547,1198867604,8289837996,1262195219,8289837997,1262185354,1262181975,1262197387,1168270553,1262199542,1262186722,1229580316,1229827663,1262208483,10136283371,1168270570,1168270559,1185414520,1229827101,1229580311,1399644118,1262197436,1262211451,1262192792,1262205970"
Casa di Riposo RSA Chiabrera34,45.0448022,7.6795748,mobilità,charging_station,0,2,7,49,"12751913403,9826286312,9369861982,9369861983,9826286313,9826286311,9826286304,9826286310,9826286309,9826286308,9826286307,9826286305,9826286306,10023825560,11066736413,10023825565,10023825563,10023825564,10023825562,10023825561,4691906382,10686606848,4691906381,8273687163,12206458665,9331784402,5545629913,10862580324,10023825566,11253226587,9056770766,8496473717,8496473719,8496473718,13254288285,9884949609,9884949607,9884949611,9884949608,9884949610,10676666527,13254333741,12881604940,10132403023,10132403019,10132403022,10132403020,10132403021,10024930198"
Casa di Riposo RSA Chiabrera34,45.0448022,7.6795748,mobilità,car_sharing,0,0,0,0,
Casa di Riposo RSA Chiabrera34,45.0448022,7.6795748,mobilità,taxi,0,0,0,4,"450595752,4289455496,8316678430,2019632236"
Casa di Riposo RSA Chiabrera34,45.0448022,7.6795748,mobilità,parking,3,17,51,142,"1054163508,122239101,925814532,562884412,562884413,48277250,515614122,149024065,43165556,325025599,48275806,660696717,305681433,253301357,305680190,305940763,190437232,190437231,12026842569,166457327,4247924022,54740253,4247924125,241336708,1128003509,3319891484,166652711,166652710,839634184,330956379,330956378,313088902,313088903,166630018,291492675,50259560,1126042539,1126043797,1126047090,1190970428,1340364497,49580893,925276467,1348523735,108470282,942603632,942603631,736824357,706164324,730684398,1300583616,1419477429,736824358,1076957801,730771775,166652712,1052633973,1427640386,1052633974,304847773,78327977,1427317405,1427317410,1427317409,1427317413,1427317412,1427317411,1427317415,1427317414,1424188534,1423071218,257509768,305940327,588952908,305941030,257509769,257509770,257509771,257509772,82207171,257509773,257509774,9676270320,1046462111,1423071183,1422867667,308321226,255963727,1059062375,1381943053,261439253,1381936140,1220165362,1220165363,1423260184,1423635386,770822807,770822809,770822808,454001359,454001349,1621697577,257509778,257509777,330503346,915561379,1218148322,914641500,914641495,914641496,914641504,914641505,914641487,914641506,596527947,914641494,489020583,1409158807,7195363113,282924801,191173232,112172255,1075063889,747831924,7573315188,966980831,45819032,1432694418,1433218612,842479608,842479609,842479611,132406184,69976487,77914307,111728389,1256054371,1441572060,1455462286,13260980844,1218557983,1057905850"
Casa di Riposo RSA Chiabrera34,45.0448022,7.6795748,mobilità,car_rental,0,0,2,6,"1170039574,1170039581,13363265154,6113511883,11104716244,5628622134"
Casa di Riposo RSA Chiabrera34,45.0448022,7.6795748,mobilità,bicycle_parking,3,4,28,95,"9826286292,12168185381,11648561445,11648573495,12233636601,11766605054,638741442,7076063185,2699759047,2699759049,11673291208,11673243325,7076063186,7076063187,7076063189,7076063188,5347703556,12153279090,7076001884,11933465157,7076001882,2635518486,7076001883,7076001878,7076063193,7076063194,7076063195,7076063192,2699759054,11913808736,7054259454,9771620395,10011778505,7076063191,7076001881,7076001880,7076001879,7076063190,12168185377,8496468307,11082056515,8496468304,8496468306,8496468305,11082056516,11082056517,11182198684,5226211759,7076001868,12365551375,7076001867,7076001864,7076001863,7076001865,13283071994,13283160701,13283086792,9122302517,6909804800,9330196749,5594891026,13283101982,8638211147,9038187426,13283226975,11274729970,9884528466,7076063196,7076063197,7076063198,9321076956,4063688590,7076001861,7076001862,7076001866,11983497399,11983479625,2017190763,2018982169,7076063202,7076063203,12009896156,7076063201,12681485187,12681485188,7076063204,7076063205,7076063206,7076063207,7076063208,7076063209,7076063210,7076063211,7076063212,7076063213"
Casa di Riposo RSA Chiabrera34,45.0448022,7.6795748,mobilità,bicycle_rental,0,0,0,1,12068398566
Casa di Riposo RSA Chiabrera34,45.0448022,7.6795748,mobilità,primary,0,0,0,0,
Casa di Riposo RSA Chiabrera34,45.0448022,7.6795748,mobilità,secondary,0,0,0,0,
Casa di Riposo RSA Chiabrera34,45.0448022,7.6795748,verde,park,1,2,8,25,"613505979,660699444,1119404704,588666372,305683893,589659003,579229093,149395093,106251930,44503795,88206888,149395470,39789990,589863206,1164953300,79268611,28192921,1424069956,335352981,698756805,549096612,111646227,112172943,1432694404,1428971503"
Casa di Riposo RSA Chiabrera34,45.0448022,7.6795748,verde,garden,1,5,42,214,"588421219,588421218,1015820491,436247597,436245116,436245118,436245117,23089011,589878717,436247596,28193052,1427640390,1427640389,1427640391,1427648023,1427478336,1427640388,1427648053,1427478331,1427529402,1427317389,1427529413,1427529412,1427478347,1427317390,1427317391,1427317370,1427478349,1427478348,3784063293,306423388,1430193314,1430193313,1424069959,1430193319,1423071221,1430193315,304847769,1424530946,1424530934,1423554854,1423554881,1423554810,1423260250,1423554811,1423554820,1423554797,1423554783,1423260221,1427931415,1427931416,1423554801,1427931418,1428461507,1428218673,1428218674,1427931417,1428218676,1428461506,1430193322,1428461508,1423260200,1423260183,1427931419,1423943594,1428461498,1428461512,1428461499,108470281,404714970,29183708,1430193309,23089014,581600236,664912057,191051285,1429655975,1429668701,1429927724,1429927720,1429668708,1429668706,1429668703,1430558115,1429655972,1429927718,1429927726,1429668711,1429668710,1429668709,1430558102,1430193311,1430558111,1430558114,1429655978,1430558101,1429655977,1430558098,1431902919,1432497805,1432497804,1431902918,1432497803,1431902920,1432497799,1431902926,1431902917,1430558093,1431902925,1431902923,1432497802,1431902908,1431902916,1432497790,1432497798,1432497801,1431902915,1431902907,1431902906,1432497788,635651375,1432497787,1432497786,303807502,1432497777,1432497771,1432497780,1432542554,1432694413,1432542546,1432694420,1432694414,1432694410,1432694408,1433218603,1432694412,1433516891,1433516897,1432694406,1433516899,1433218602,1433218608,1433218609,1433218611,635651377,1433516893,1433516896,1434558345,1434859342,1429455090,1431214248,1429531893,1429531906,1431167268,1431167270,1435026062,1429455089,1429531911,1435026061,1435026060,1429455098,1435026072,1429531910,1429455104,1435074195,1435248845,1435248868,1435248844,1435074194,1435248869,1435248853,1435074200,1435074202,1429455120,1435074193,1435248854,1435248861,1435248851,1428870601,1435248860,1433516866,1434558331,1433516869,1433516870,1434558326,1434859339,1434558323,1434558321,1434558344,1434859340,1433516867,1434859343,1434859351,1434859338,1434558312,1434558342,1434558339,1434558336,1434558316,1433516874,1434558328,1434558319,1434558314,1434558315,1433516882,1434558313,1433516875,1434859334,1434859333,1434558318,1434558317,1435026103,1435026104,1412323438"
Casa di Riposo RSA Chiabrera34,45.0448022,7.6795748,verde,grass,5,22,85,255,"706744158,500726176,500726174,706744165,834050861,515910788,660934959,660934958,660934957,660934950,660934952,660934953,399908684,660934954,660934961,660699436,613483953,399908685,613483954,660934960,660699435,660699445,825826529,825826531,660699446,613483955,613483956,825826532,588733367,825826533,660699443,588733368,825826534,588733369,588733370,588733371,588733372,588733373,588733375,485909319,500657170,562884416,562884417,562884419,562884418,485909320,485900905,485909318,485909324,485909323,562884414,588421212,485909321,562884415,516654049,485909322,588745417,588745424,588745422,588745419,515616816,515616817,588745408,588745405,588745412,588745410,660696720,101510078,660696719,660932247,660696718,612374681,612374682,588952912,612374680,588952906,588666384,588666381,588666382,588726773,486174619,561542442,561542441,486174620,486174618,486174616,486174615,1239626888,1239626887,579229113,561619126,561619122,561619130,561619125,561619121,579229112,579229108,561619129,1132492003,579229110,579229099,579229097,579229106,579229101,1132209306,862454070,1128002965,1128002964,1132207956,1128002962,1128002963,1126792071,757727656,757727655,577460557,485912130,485912131,485912126,485912128,485912129,579229154,485912127,579229089,1126040506,1126042440,730665854,690822581,690822578,690822577,579953323,579953322,579953321,579953320,579953319,579953318,579953317,579916574,579916577,579953316,579953328,690822582,379516467,579953324,379516466,579953327,579953326,579953325,690824765,690824749,690824748,866606424,922479075,922479076,730682845,730682868,730682867,730682869,589878721,730682864,730682866,945490938,730682863,730682844,589878716,945490937,943784964,943784963,943782516,943782515,730682843,589878718,730682865,730682842,730682862,589878720,589878719,589878715,1034782636,730684397,736826338,706164330,730771776,166653765,690808828,690808830,690808831,333831817,588733365,588952917,588733358,588733359,588733360,588952904,588733361,588952902,588952915,588733363,390805213,390805212,1424069955,430869532,588726775,589459967,589459968,589459969,589459961,589459963,589459964,415224186,589459962,1047587836,1047587838,1047587837,1047587843,1047587839,1047587840,1047587841,1047587842,463612383,463612382,914641482,401668588,561611213,561611216,561611209,561611219,561611214,561611211,561611221,561611218,123242586,123242589,123242584,1447741497,1264205127,112698197,112698185,112698601,842026974,1429531892,1435026096,1435026095,1435026078,1435026075,1433516865,1455462300,1455462921,1455462291,397809397,616677987,616677976,616677985,616677978,616677983,616677980"
Casa di Riposo RSA Chiabrera34,45.0448022,7.6795748,verde,wood,0,0,4,30,"274222819,274216280,1424348128,274216279,1423554859,256204639,1429668713,1429927729,1075307130,1430558097,1431902912,256273453,1433516888,1075307129,1429531902,1429655981,1435026069,1428971488,1435026063,1435026076,1435026071,274287831,1428971491,1428971492,1431214247,1434859332,1433516863,1434859344,1434859331,1435026077"
Casa di Riposo RSA Chiabrera34,45.0448022,7.6795748,verde,forest,0,0,0,3,"458043150,458043152,28110850"
Casa di Riposo RSA Chiabrera34,45.0448022,7.6795748,verde,meadow,0,0,0,0,
Casa di Riposo RSA Chiabrera34,45.0448022,7.6795748,verde,scrub,0,0,3,16,"1427640379,1430193318,1423554883,1429927730,1428218675,1428461509,1428461496,1429668705,1430558096,1431167269,1432694422,1429455088,1431167266,1435248870,1435248842,1435248867"
Casa di Riposo RSA Chiabrera34,45.0448022,7.6795748,verde,allotments,0,0,0,1,328621268
Casa di Riposo RSA Chiabrera34,45.0448022,7.6795748,verde,playground,0,1,11,23,"77722951,589503930,77722952,579229091,1135279252,448162839,1217815310,910933663,1445632679,660162335,660162333,942887046,942888157,105377046,257509726,257509767,257509776,1424530935,561242634,1193870930,132364747,1433218613,1432694403"
Casa di Riposo RSA Chiabrera34,45.0448022,7.6795748,verde,recreation_ground,0,0,0,0,
Casa di Riposo RSA Chiabrera34,45.0448022,7.6795748,verde,nature_reserve,0,0,0,0,
Casa di Riposo RSA Chiabrera34,45.0448022,7.6795748,verde,lake,0,0,0,0,
Casa di Riposo RSA Chiabrera34,45.0448022,7.6795748,verde,reservoir,0,0,0,0,
Casa di Riposo RSA Chiabrera34,45.0448022,7.6795748,sport,fitness_centre,0,0,2,10,"12748314201,11841788895,10736644789,12886908643,9463603381,11297477634,10067097220,10784287024,2018982152,4736058200"
Casa di Riposo RSA Chiabrera34,45.0448022,7.6795748,sport,sports_centre,1,2,5,11,"1427648033,1427648036,494397784,635797746,4735055931,4086520147,404714971,3332362719,749439074,256781255,286976821"
Casa di Riposo RSA Chiabrera34,45.0448022,7.6795748,sport,stadium,0,0,0,1,481253195
Casa di Riposo RSA Chiabrera34,45.0448022,7.6795748,sport,swimming_pool,0,0,15,59,"191056430,784822193,784822192,1427529403,784822190,784822189,784822191,257509763,1422783951,1275288859,1275288856,1275288857,1424629757,1381936137,1423554839,1423394835,1423554855,1423554861,1423554878,1423554821,1422783977,1422783961,1422783972,1422783995,1422594033,1422783989,1423635394,1422783986,1428461503,1423807401,1423807398,1422594069,749439076,1422419030,1422418993,1422418990,1422419019,1422418987,1422418984,1422224010,1422224027,1422594076,1432497807,1075063887,1422594077,1422594081,1263799982,1431902914,1432497796,856951591,1431902913,1433218610,1433218607,1429531899,692335424,1435074201,899626040,1435026110,320710589"
Casa di Riposo RSA Chiabrera34,45.0448022,7.6795748,sport,water_park,0,0,0,0,
Casa di Riposo RSA Chiabrera34,45.0448022,7.6795748,sport,pitch,0,7,30,79,"1359396455,1359396451,1359396452,693364627,693364626,481253196,499538129,13308739939,241336707,689326916,425484913,425484916,425484909,241263809,241263815,425484924,1132205221,10582643941,1135279253,436248508,448850336,1445632678,1058453911,839634186,839634187,253538106,1065476429,1359396454,1359396457,207860575,1359396456,1359396453,257959656,1289661072,1427529401,257509783,257509782,1347606402,1289661073,257509764,257509765,160090690,160090692,257509780,257509781,257509775,13151468861,390805226,261439251,1381938852,257509784,869894480,859050130,859050133,869894478,869894475,869894481,1058452924,915561405,362273176,13284561433,13284561431,923782195,923780960,915561404,13284561432,1422419022,1422594036,1422418992,1422594070,1346976213,1089685037,1429531896,1421975477,1428971499,1347180844,1190222452,1347180845,1347180843"
Casa di Riposo RSA Chiabrera34,45.0448022,7.6795748,sport,tennis_court,0,0,0,0,
Casa di Riposo RSA Chiabrera34,45.0448022,7.6795748,sport,golf_course,0,0,0,0,
Casa di Riposo RSA Chiabrera34,45.0448022,7.6795748,sport,ice_rink,0,0,0,0,
Casa di Riposo RSA Chiabrera34,45.0448022,7.6795748,sport,bowling_alley,0,0,0,0,
Casa di Riposo RSA Chiabrera34,45.0448022,7.6795748,sport,climbing_wall,0,0,0,0,
Casa di Riposo RSA Chiabrera34,45.0448022,7.6795748,sport,gym,0,0,0,0,
Casa di Riposo RSA Chiabrera34,45.0448022,7.6795748,commerciale,shop,0,0,0,0,
Casa di Riposo RSA Chiabrera34,45.0448022,7.6795748,educazione,school,1,5,8,19,"253301370,253301371,613483942,436304902,253301354,690824769,1065476430,315598789,257509745,4735804563,109771125,123376948,390805214,601868991,390805217,6189845887,190499456,190499455,298804713"
Casa di Riposo RSA Chiabrera34,45.0448022,7.6795748,educazione,kindergarten,0,1,1,8,"457909877,2592486650,253301347,314888176,258200656,869894477,1328540432,7807308276"
Casa di Riposo RSA Chiabrera34,45.0448022,7.6795748,educazione,university,0,0,6,23,"988059309,10187943548,1172116313,1063867657,1107125327,1107125328,8496468303,1107125331,988062105,6944502291,6945638233,10132258250,6944516128,6944505643,6945671127,2714024340,749760378,9430411581,6339286102,4605849272,4605836657,4605847888,4605836658"
Casa di Riposo RSA Chiabrera34,45.0448022,7.6795748,educazione,college,0,0,0,0,
Casa di Riposo RSA Chiabrera34,45.0448022,7.6795748,educazione,music_school,0,0,0,0,
Casa di Riposo RSA Chiabrera34,45.0448022,7.6795748,educazione,driving_school,0,0,0,2,"10570991907,12886844895"
Casa di Riposo RSA Chiabrera34,45.0448022,7.6795748,educazione,research_institute,0,0,1,1,190482116
Casa di Riposo RSA Chiabrera34,45.0448022,7.6795748,educazione,vocational_school,0,0,0,0,
Casa di Riposo RSA Chiabrera34,45.0448022,7.6795748,educazione,library,0,0,1,3,"4735799707,10229510808,4209315503"
Casa di Riposo RSA Chiabrera34,45.0448022,7.6795748,educazione,archive,0,0,0,0,
Casa di Riposo RSA Chiabrera34,45.0448022,7.6795748,educazione,museum,0,0,5,9,"96185130,9775052400,12413494664,12072302022,5482049568,4219719436,2981060587,6425777001,12393405666"
Casa di Riposo RSA Chiabrera34,45.0448022,7.6795748,educazione,community_centre,0,0,1,5,"13192364672,12616853914,12585045537,194336591,12548906803"
Casa di Riposo RSA Servais,45.0837659,7.6264471,sanità,healthcare,0,0,0,0,
Casa di Riposo RSA Servais,45.0837659,7.6264471,sanità,pharmacy,1,4,8,34,"7380109523,6092363745,7312274928,7378942316,11269135665,4734251590,7312260730,1738121268,2208919912,6061213817,3027567380,4734738176,7373154100,7378946079,4734005493,8228658596,7380102116,1446143790,7380072654,3348688592,1491288435,7378941367,8196134564,1432238864,4734011255,3914894256,3946017788,4111366192,3917178727,7058359416,4734135996,4734225963,3563452895,7368578482"
Casa di Riposo RSA Servais,45.0837659,7.6264471,sanità,dentist,0,0,0,6,"13040748750,12987277703,12969033170,11269180205,12946986024,11564921123"
Casa di Riposo RSA Servais,45.0837659,7.6264471,sanità,veterinary,0,0,1,6,"4362506882,11278456881,10271366850,9952804074,3956304242,13273646894"
Casa di Riposo RSA Servais,45.0837659,7.6264471,sanità,optician,0,0,0,0,
Casa di Riposo RSA Servais,45.0837659,7.6264471,sanità,medical_supply,0,0,0,3,"294137744,12730508999,12951935240"
Casa di Riposo RSA Servais,45.0837659,7.6264471,sanità,defibrillator,0,0,0,1,12691328901
Casa di Riposo RSA Servais,45.0837659,7.6264471,sanità,hospital,0,0,0,3,"521821122,3521390394,843447029"
Casa di Riposo RSA Servais,45.0837659,7.6264471,sanità,clinic,0,1,1,3,"9588764034,4577161593,4159998135"
Casa di Riposo RSA Servais,45.0837659,7.6264471,sanità,doctors,0,0,0,0,
Casa di Riposo RSA Servais,45.0837659,7.6264471,mobilità,station,0,0,0,6,"496268561,496268560,496268559,496268558,1095052533,332648726"
Casa di Riposo RSA Servais,45.0837659,7.6264471,mobilità,subway_entrance,0,0,2,16,"1484955755,1484955757,946525620,1484955758,429724253,1484955763,1484955764,1484955765,430167591,429724255,946525643,1484955768,1484955766,1484955767,957916124,946525616"
Casa di Riposo RSA Servais,45.0837659,7.6264471,mobilità,tram_stop,0,1,5,13,"1262210955,942830318,942830322,7788257670,942830306,942830333,942830319,942830330,942830343,942830344,942830324,942830313,942830316"
Casa di Riposo RSA Servais,45.0837659,7.6264471,mobilità,bus_stop,6,22,54,181,"1262211378,1262199629,1262212144,1262195529,1262208902,1262212584,1262200195,1262197335,1262197168,1262195360,1262195977,1262199321,946525610,1262196155,946525640,946525632,2291878854,2291878847,946525613,1262200106,1262201262,1262189043,1262204508,1262182442,1262184570,946525626,1262211055,1262199057,1262210484,1262186951,1262200726,1262207530,1262192776,1262210406,1262203278,1262196857,1262210254,1262199601,1262207652,1262192820,1262192572,1262182489,1262198018,1262208395,1262208246,1262212146,12690560970,1262204223,1262197828,1262204392,1262183098,1262212550,1262203181,1262209396,1262196675,1262203579,1262185760,1262197125,1262211759,1262183534,1262194696,1262191338,1262208360,1262207271,1262207439,1262209980,1262212738,1262200111,1262194584,1262204585,1262212453,1262198988,1262198123,1262212515,1262197053,1262209471,1262197177,1262198384,1262209293,1262199646,1262204607,1262208375,1262185661,1262201597,1262208218,1262195899,1262192507,1262196140,1262182653,1262199082,1262199702,1262197372,1262187256,1262208290,1262197969,1262201321,1262197313,1262211448,1262210034,1262182600,1262197071,1262196581,1262204331,1262184392,13051936980,13051936979,3228156230,12701902027,1262195543,1262193705,1262206540,1262195996,1262210565,1262195403,1262200220,1262187100,1262207479,1262194791,1262189175,1262198311,1262195447,1262183195,1262208260,1262211717,1262184927,1262196052,1262205722,1262209117,1262192893,1262192699,1262191010,1262190401,1262205881,1262201336,1262203738,1262199030,1262209939,1262184292,1262207376,1262208142,1262191786,1262199960,1262199765,1262199249,1262204635,1262198505,1262203762,1262200629,1262190870,1262184112,1262203796,1262208309,1262195096,1262194495,3228284521,1262209506,1262210297,1262212628,1262208461,1262192447,1262210223,1262210677,1262196028,1262210271,1262194977,1262195990,1262188903,1262203936,1262188478,1262207580,1262182262,1262182236,1262197435,1262200157,1262189491,1262207083,1262185232,1262207614,1262200572,1262190626,1262209085"
Casa di Riposo RSA Servais,45.0837659,7.6264471,mobilità,charging_station,0,2,2,16,"10759330929,9240428223,11032837899,10574420948,11895314700,12804904532,12766392871,9952823611,12804895752,12504447605,13138483052,11518533826,10203837376,13027591668,10243424972,13027614487"
Casa di Riposo RSA Servais,45.0837659,7.6264471,mobilità,car_sharing,0,0,0,0,
Casa di Riposo RSA Servais,45.0837659,7.6264471,mobilità,taxi,0,0,0,2,"2214915027,3205040135"
Casa di Riposo RSA Servais,45.0837659,7.6264471,mobilità,parking,3,9,38,143,"386376298,386376080,386376296,386376081,1150720572,572131684,1370814015,229260055,1152878418,571048424,1257852387,1152878417,1152878416,1157692129,122114019,1158185707,1150724561,1150728372,1222544251,294137831,1227626225,1066448011,1216250184,219922320,1216250183,134467635,336054157,336054158,1216407390,219922338,171721723,1216238314,1216238309,1216238310,1051058726,1216238307,1216238308,592440671,1216245336,472568620,1216407389,438987370,900936894,84470728,913316090,571246785,342866808,910744908,342866809,910744903,342866810,910744895,910744894,804089756,125664374,571037511,772457827,274564580,904047155,104183442,389735411,1121215910,888437474,892435294,167316233,1423333701,292034360,171572406,1243695860,171572408,885983220,901726403,8238384557,885983263,8238384556,909076060,893611639,525114438,804926618,1125419383,881078243,822527115,110530901,388410845,892061235,895352333,895352332,891936899,891936900,389549638,391743104,389601115,389601114,448718773,448969330,110534406,110862166,110862168,525113175,116648838,904480300,116648837,170359393,913974587,913974589,116648844,914061236,914061235,904480306,116648846,905200784,914080225,904655875,904480313,904655874,904655868,900506112,914093626,914093596,123075860,1381549540,1047601924,289462907,350598661,883916435,82257430,82257429,122594341,37041494,285017151,285017148,38322092,285017150,285070811,285070405,285016866,3563452897,802137790,883916442,846925185,919673015,846925184,921599999"
Casa di Riposo RSA Servais,45.0837659,7.6264471,mobilità,car_rental,0,0,0,0,
Casa di Riposo RSA Servais,45.0837659,7.6264471,mobilità,bicycle_parking,1,2,4,24,"10766359910,3431361722,13301048574,12896310110,2602219048,2699762534,12712880205,12712831795,2699762531,2699763621,2699762528,2699762080,7174545829,12165839590,13273630892,10901383359,9300406026,2699743589,12791438497,13303872013,2900432848,12120421659,10831661710,9519183729"
Casa di Riposo RSA Servais,45.0837659,7.6264471,mobilità,bicycle_rental,0,0,0,0,
Casa di Riposo RSA Servais,45.0837659,7.6264471,mobilità,primary,0,0,0,0,
Casa di Riposo RSA Servais,45.0837659,7.6264471,mobilità,secondary,0,0,0,0,
Casa di Riposo RSA Servais,45.0837659,7.6264471,verde,park,5,15,37,83,"97550213,123245358,573021999,573021998,572393053,529652137,1156625968,652411037,1152885668,1157688796,1157690636,294150168,192280717,1185553285,293857921,202530430,529652140,337532331,335550691,337532332,213894209,904047158,904402091,904047163,571008370,97550214,438380758,97686011,168437530,571008371,389732506,167316232,133623606,82205065,1153579567,390153110,886067334,888437481,888451639,314020901,286095909,895315284,901726422,888451642,181314354,181314353,873160468,888451650,888470381,314108055,769102585,709584087,242407848,292034395,82400823,36854185,1055411315,880153068,822527117,136174598,385418437,117959657,525113176,129903965,341402495,904270747,821781215,821781214,905200796,904270763,905200776,116615284,893738440,288891648,274568782,288891650,769097597,140774441,883916433,769102583,633262008,801927117,802161320"
Casa di Riposo RSA Servais,45.0837659,7.6264471,verde,garden,20,50,121,298,"292158239,914597112,914617974,1169028898,1377744287,1377744286,1150720581,1172129699,1172129701,1171677223,1353185283,1172129702,1347554423,1238542565,1329383340,1313514289,1242877242,1173402413,1175040049,1236901871,1175040050,1236901872,1238542566,1172147283,1160489799,1242877244,1172147279,1160489798,1172147278,1152878415,1152878412,1247587118,1158485657,1158485662,1160228738,1158485659,1160228739,1158485658,1160228741,1158485660,1160230340,1160230341,1160228740,1158485661,1158485640,1157915971,1150728378,1150724577,1158456451,1158456450,1158456449,1150724575,1160228746,1150724576,1158485639,1150724562,1158456445,1157919654,1158485638,1158485637,1150724563,1222210926,1222210925,1216273007,478280745,1216496187,913296524,914385208,914385206,914385207,914385205,1150728377,804086828,804086829,904402101,804086827,913963095,1158456440,1158456441,1157919658,904402100,913963094,1221747935,911490404,898105031,898105030,912941790,912941791,898105032,912941765,911490403,911527611,910395906,904270754,904047172,1218276699,1183650332,1183650331,1218276695,892435308,82290351,888354908,897707178,888354904,888354903,888354905,897707188,885983275,888354906,897707189,892435320,892435322,897304955,897304935,911342036,897304934,895660509,895315779,895315780,895315778,895315777,894509028,895315776,894684426,895315775,901726429,894509024,894684436,895315774,894357524,894357546,1281784979,885983278,886066456,885983213,886066462,664934591,885983233,885983255,885983257,885983236,885983277,885983245,893427549,884864142,893621190,883226367,884146072,893427570,893427561,893427562,893611640,893427548,893427547,888568023,888568021,888582098,1055416062,881236255,909076059,1055416029,1055413219,881551760,892460217,892460222,892460206,892460208,891498339,891498341,891498343,891498340,890748884,892460219,916939206,916939199,10901405103,525113177,889467736,525113178,889468648,889467729,766788903,889348394,918136704,918136724,889467725,918136703,918136723,917103499,917103501,919651094,919651087,919651082,919651086,919651081,919651093,904270755,904480314,904270756,904777843,904270780,904480304,913974577,913986782,913974572,904270778,913974571,905200782,905200781,905200791,900506208,900506174,914080215,900506161,900506144,904047171,900848395,900506162,904562698,904655883,904777838,904777839,914093603,901295930,904047173,900506160,900506131,893738455,893738456,893738461,893453946,893453945,288891649,893738459,893738460,893453947,893453944,916438090,914315476,914315485,914315475,149850691,914315477,916438130,917103497,916939198,916438146,916939214,916438095,917103478,883708994,916438144,916438094,916939212,916438145,916438127,916438096,916438128,916438147,916939204,917103477,916438101,916438102,917103503,916438129,917103502,916438103,916438107,917103500,920625897,918136722,918582404,885678001,918582402,918582414,885677997,918136682,918136701,885678002,918584287,918136725,918136700,918582413,885678003,918582411,918582401,918582398,918582400,885678006,918582399,918136721,918582397,918582395,918582396,920118750,919657585,919657586,919657591"
Casa di Riposo RSA Servais,45.0837659,7.6264471,verde,grass,6,16,47,199,"484744758,1377480247,1377480246,1158185710,1158185709,1068596098,1068763133,1216410424,1216250181,1216238313,1216017279,1216250185,1216020594,1216250182,1216020595,1216238312,1216020596,1216017278,484744760,1340546211,901938939,901938940,901938942,901288362,901288363,1150728371,901288365,904276844,901288364,912305340,913316089,913316094,910744888,913316117,913316106,913316093,910744905,913316096,910744906,910744886,910744887,910744889,910744890,342868617,342868616,337532333,1267945642,571634201,1267945641,898105045,911490408,912537095,912537092,912537094,911631941,911631958,911631967,911631960,911631969,911631952,911631959,911631957,911631953,911631951,438380761,1217131872,1217208884,1217208291,911467585,911342051,901898030,901898029,1339217622,1339217623,901898028,885983264,885983265,883226368,954750078,953713788,953713787,956494708,954750079,956494707,956494706,955893950,37671811,731899351,731899352,731899353,1173967163,731899358,1173907484,1173907485,731899359,731899350,731899354,1173907483,1173898346,1173898347,731899360,1173898349,1173898348,731899357,731899355,731899356,889467735,762971427,81753214,1369181321,1369181324,1369181323,1369181322,904402118,905200788,904402117,913986791,913318622,913974580,913974573,904402114,913974568,1195666862,1195666875,1195666863,1195666873,1195666874,1195666872,1195666871,1195666876,1195666865,1195666864,1195666861,1195666857,1195666879,1195666870,1195666858,1195666866,1195666877,1195666878,914315467,1195666869,1195666868,1195666867,914080220,904655872,914080217,900506132,914159392,1339217624,893796322,914217503,893738444,893738443,893738442,893453923,914217504,769102584,914315500,914234002,914315498,914315499,914315497,914315486,304476163,287695723,287695729,914315469,287695725,304476161,914315489,289462909,914315470,926317335,304476164,304476160,304476162,626529206,917103479,287695730,287696035,914234001,914234003,287696039,287695726,289716340,768892605,289716346,919657582,884335982,918582410,919657583,919657584,81976030,920661315,123461299,920661317,81976033,1306640972"
Casa di Riposo RSA Servais,45.0837659,7.6264471,verde,wood,0,0,3,14,"1158185716,579522480,341780236,914228076,914061249,914074271,304476284,304476285,914324682,341780239,914159390,914228073,914315491,920625896"
Casa di Riposo RSA Servais,45.0837659,7.6264471,verde,forest,0,0,0,2,"956497469,530269639"
Casa di Riposo RSA Servais,45.0837659,7.6264471,verde,meadow,0,0,0,0,
Casa di Riposo RSA Servais,45.0837659,7.6264471,verde,scrub,0,3,3,19,"304477702,1247191753,914061232,913986794,914074270,914315503,914315468,914228077,914315506,914159384,914159381,914159391,914228085,914228083,914315501,914228080,914228081,914315488,914228082"
Casa di Riposo RSA Servais,45.0837659,7.6264471,verde,allotments,0,1,4,7,"1158185713,910744926,910744934,433042260,328629680,914228075,274564739"
Casa di Riposo RSA Servais,45.0837659,7.6264471,verde,playground,1,5,12,45,"914597098,5504673903,2378810629,2368279751,2028399382,1066934059,572129026,571006383,911467591,571408914,5491685425,290144050,804923258,82205062,772447467,888451641,314108056,888470379,888470385,788805104,124772011,1115761786,11832550679,880153078,390653412,448718771,1173081441,801903369,129903966,821781216,116648850,116648841,1382575171,3563452938,352570456,113557355,243156173,12120385298,10831666705,122594343,6314036593,2458961315,122594342,351171619,351171617"
Casa di Riposo RSA Servais,45.0837659,7.6264471,verde,recreation_ground,0,0,0,0,
Casa di Riposo RSA Servais,45.0837659,7.6264471,verde,nature_reserve,0,0,0,0,
Casa di Riposo RSA Servais,45.0837659,7.6264471,verde,lake,0,0,0,0,
Casa di Riposo RSA Servais,45.0837659,7.6264471,verde,reservoir,0,0,0,0,
Casa di Riposo RSA Servais,45.0837659,7.6264471,sport,fitness_centre,1,1,1,4,"11293465819,5592351571,630539346,4477792090"
Casa di Riposo RSA Servais,45.0837659,7.6264471,sport,sports_centre,0,1,9,17,"909775020,116648845,742125234,4086636019,3200584297,168437524,314254880,290420034,290423873,4479684158,905200795,893796314,44051344,769032633,42929460,44050243,81976028"
Casa di Riposo RSA Servais,45.0837659,7.6264471,sport,stadium,0,0,0,0,
Casa di Riposo RSA Servais,45.0837659,7.6264471,sport,swimming_pool,0,0,2,4,"529652138,529652139,431631714,379375639"
Casa di Riposo RSA Servais,45.0837659,7.6264471,sport,water_park,0,0,0,0,
Casa di Riposo RSA Servais,45.0837659,7.6264471,sport,pitch,1,6,31,103,"1126581879,5491712414,914597096,572393054,230710323,229260148,1226476500,294150156,637559789,9792833748,1066934060,1216496186,5491715388,912941768,369847632,911631950,911342030,369847633,369847631,116648836,903916475,116648847,369847630,116648853,909775016,116648840,909775017,169446393,169446392,10303519262,169446389,169446391,945175002,82290347,292034359,292036104,292034357,292036102,83393204,10301482921,169446390,292036101,1239172057,661429603,897304943,885983260,893621184,883226363,9072007555,9072007556,242407846,242407872,242407870,1086267302,186413455,1221399783,880153075,880153074,884136331,835698128,385418498,1173898344,1173235467,388690911,877785725,116648842,116648852,342866853,116648835,116648848,914093605,84476409,769096949,58759134,1363866467,283405367,286222329,285069763,351171609,351171611,13112378001,769033182,769033175,769033180,769033179,58758878,12120421777,285070816,283405360,283405361,351171608,351171614,287694954,769033181,769033176,769033177,885675273,918136689,918136688,769033178,129305954,919709049,919673004"
Casa di Riposo RSA Servais,45.0837659,7.6264471,sport,tennis_court,0,0,0,0,
Casa di Riposo RSA Servais,45.0837659,7.6264471,sport,golf_course,0,0,0,0,
Casa di Riposo RSA Servais,45.0837659,7.6264471,sport,ice_rink,0,0,0,0,
Casa di Riposo RSA Servais,45.0837659,7.6264471,sport,bowling_alley,0,0,0,0,
Casa di Riposo RSA Servais,45.0837659,7.6264471,sport,climbing_wall,0,0,0,0,
Casa di Riposo RSA Servais,45.0837659,7.6264471,sport,gym,0,0,0,0,
Casa di Riposo RSA Servais,45.0837659,7.6264471,commerciale,shop,0,0,0,0,
Casa di Riposo RSA Servais,45.0837659,7.6264471,educazione,school,0,1,10,27,"1210277879,763986057,879463612,438380755,294155385,529644452,369847634,903916492,376503486,892437397,291465020,369833269,314253563,761431036,181314352,314253764,879877463,369816435,58888771,369816434,385417873,388411291,137280029,889097430,889096565,453977011,7177945834"
Casa di Riposo RSA Servais,45.0837659,7.6264471,educazione,kindergarten,0,1,1,12,"3149305228,879463610,572131683,879463614,9580741278,335550693,4254402204,390148247,898160525,131644847,883378381,7177945833"
Casa di Riposo RSA Servais,45.0837659,7.6264471,educazione,university,0,0,0,1,58760727
Casa di Riposo RSA Servais,45.0837659,7.6264471,educazione,college,0,0,0,0,
Casa di Riposo RSA Servais,45.0837659,7.6264471,educazione,music_school,0,0,0,0,
Casa di Riposo RSA Servais,45.0837659,7.6264471,educazione,driving_school,0,1,1,6,"13042699426,12509555365,13098339874,10729626293,9962100684,13273674967"
Casa di Riposo RSA Servais,45.0837659,7.6264471,educazione,research_institute,0,0,0,0,
Casa di Riposo RSA Servais,45.0837659,7.6264471,educazione,vocational_school,0,0,0,0,
Casa di Riposo RSA Servais,45.0837659,7.6264471,educazione,library,0,0,0,4,"1513480039,293677523,4604602037,243093488"
Casa di Riposo RSA Servais,45.0837659,7.6264471,educazione,archive,0,0,0,0,
Casa di Riposo RSA Servais,45.0837659,7.6264471,educazione,museum,0,0,0,0,
Casa di Riposo RSA Servais,45.0837659,7.6264471,educazione,community_centre,0,0,0,2,"432388873,13082041537"
Residenza Richelmy,45.0830721,7.6575123,sanità,healthcare,0,0,0,0,
Residenza Richelmy,45.0830721,7.6575123,sanità,pharmacy,2,6,17,62,"7385328770,7373154101,3348688592,1491288435,7378941367,8196134564,1432238864,4734011255,3914894256,3946017788,4111366192,3917178727,3342794654,7373154102,4734768651,3342781917,3342780201,7058359416,4734135996,7312067712,7312112149,4734225963,1757127788,3344768366,3344782869,1475077657,7312514018,1923349804,7372912660,4734222157,7372912662,7372912663,4736115522,7312267251,3342806293,7372912661,7312091706,4736083750,4736083746,7372987830,1757126232,7368520916,2505526580,4733875703,4733876380,7177858867,4733869636,7312142691,7378996367,10684062914,4733867927,10766828805,4733873633,4733874286,4733870733,7310122343,5117627162,7373154098,7373154099,2097331576,2097331604,4733988594"
Residenza Richelmy,45.0830721,7.6575123,sanità,dentist,0,0,2,6,"13288761320,9568693092,11564921123,12165839580,1448147009,11290710394"
Residenza Richelmy,45.0830721,7.6575123,sanità,veterinary,1,1,2,8,"3956304242,13273646894,12951974696,11290467038,1757121990,7234175545,13170595046,4733990660"
Residenza Richelmy,45.0830721,7.6575123,sanità,optician,0,0,0,0,
Residenza Richelmy,45.0830721,7.6575123,sanità,medical_supply,0,0,0,1,12951935240
Residenza Richelmy,45.0830721,7.6575123,sanità,defibrillator,1,2,2,12,"12237513601,7234888685,12886227002,432803701,12484268753,8404250984,12422338516,7934552531,13239427956,6853513958,8025708191,7230718281"
Residenza Richelmy,45.0830721,7.6575123,sanità,hospital,1,1,2,5,"107278669,294267544,295500484,777989578,1196177764"
Residenza Richelmy,45.0830721,7.6575123,sanità,clinic,0,1,1,5,"4086286155,11290349432,10567218284,10567228303,13314604189"
Residenza Richelmy,45.0830721,7.6575123,sanità,doctors,0,0,0,0,
Residenza Richelmy,45.0830721,7.6575123,mobilità,station,0,0,2,8,"543360161,496268558,1095052533,332648726,332648606,2081499942,11592793752,432803698"
Residenza Richelmy,45.0830721,7.6575123,mobilità,subway_entrance,0,0,7,32,"3431314079,3431314078,430167591,429724255,946525643,1484955768,1484955766,1484955767,957916124,946525616,957923325,442641053,442641055,1367855910,1839686581,1367855907,1367855911,1367855914,957923361,957923319,957923307,957923318,3431314080,2299299617,2299299618,3283630305,1367855920,1026285948,1026285957,1026285955,1026285950,1367855922"
Residenza Richelmy,45.0830721,7.6575123,mobilità,tram_stop,4,14,30,82,"1230710077,1168270429,1262210955,942830318,942830322,7788257670,942830306,942830333,942830319,1231011192,1230709701,942830330,942830343,942830344,942830324,942830342,942830327,942830313,942830316,1229827369,1229580312,1229827462,1229580298,1229580302,1229827262,1229827380,1229580296,943330794,943330820,948350593,948350631,943330778,1229827164,943330837,1229827464,943330773,943330793,1185414492,945268801,945268822,945268805,943330838,11294052063,945268802,1624209638,948015761,948015895,1569477511,1569477500,943330850,3514463818,1169943939,945268803,945268817,948015844,948016105,948015819,1229827566,946742787,946742856,946742809,1229827407,946742863,946742770,946742838,948016123,948015910,946742800,946742819,946742866,946742774,946742875,946742772,13342739753,1229827560,1624209625,948015780,945268808,948015938,945268793,948015923,948016134"
Residenza Richelmy,45.0830721,7.6575123,mobilità,bus_stop,7,27,84,342,"1262211472,1262194483,1212944734,1212944745,1262206303,1262208993,1168270670,1262198384,1262209293,1262208218,1262192507,1262196140,1262182653,1262199082,1262199702,1262197372,1262208290,1262197969,1262201321,1262197313,1262211448,1262210034,1262182600,1262197071,1262196581,1262204331,1262184392,13051936980,13051936979,3228156230,12701902027,1262195543,1262193705,1262206540,1262195996,1262210565,1262195403,1262200220,1262187100,1262207479,1262194791,1262198137,1262203653,1262203564,1262212324,1262195144,1262182776,1262199205,1262208958,1262199591,1262193765,1262203257,1262194988,1262188706,1262202792,1262194321,1262197282,1262212832,1262211335,1262189175,1262199980,1262198311,1262195447,1262183195,1262208260,1262211717,1262184927,1262196052,1262205722,1262209117,1262192893,1262192699,1262191010,1262190401,1262205881,1262201336,1262203738,1262199030,1262209939,1262196012,1262192555,1262209422,1262184292,1262201989,1262207376,1262208142,1262199711,1262204582,1262191786,1262187575,1313599114,1313599098,1313599087,1313599111,1262201435,1313599104,1229580307,1229827398,12823257925,1262196595,1262210281,1262196239,1229827470,1229580327,1262198584,1262212991,1229580319,1262199709,1229827300,1262198618,1524833855,10938458344,4806485504,1569038269,12074187316,1262209419,1262197341,1524833877,4665090550,4665090551,1262209460,1262195174,1262203792,1262195359,1262203217,943330789,943330777,1262206976,1399644508,1262193498,1262211612,1262202140,943330783,943330770,1254531625,1254531624,1262204189,943330813,1262203134,1262208172,937954790,1254531622,1254531604,1185414556,1185414572,1199240547,1569038260,1262208085,8494249908,1262196253,1199240667,1262201459,10938458345,1262197535,1262194358,8496496625,1262202182,4248370551,4245731174,4443910584,1262182722,1262198202,1262203078,1199240749,1262193035,943330835,937954831,1254531567,1262206062,2299299616,937605198,937605196,937605190,1199240598,943330808,1262209067,1816820005,1524833867,1262194622,1254531589,1254531599,1262192569,1534402607,1262199643,1534402620,1262209355,1816820048,937954690,1199240497,1169943950,1199240580,1262203543,1262194491,1254531584,1262208183,1262199327,1262190791,1262192727,1262203691,1525407819,1816820135,4357263598,1262209141,1262211268,1262210271,1262194977,1262188903,1262203936,1262207083,1262185232,1262207614,1262200572,1262190626,1262209085,1262182405,1262203714,1262194671,1262210195,1262192814,1262209535,12993111273,1262204423,1262198343,1262183268,1262204495,1262195456,12993111272,1262207261,1262199317,1262203747,1262203829,1262195018,1262200416,1262195334,1262210316,1262205306,1262195276,1262195915,1262199154,1262195579,1262206853,1262209342,1262211115,1262202505,1262208270,1262195767,1262209627,1262204692,1262197912,1262195655,1262208897,1262204199,1262211429,1262191067,1262204839,1262195485,1262189835,1262191584,1262208965,1262194453,1262199215,1262205148,1262191867,1262186943,1262203897,1262201355,1262207985,1262199136,1262185091,1262197302,1262204596,1262194624,1262207744,1262209011,1262203586,1262182214,1262183313,1262201881,1262207876,1262191135,1262198629,1262206242,1262194923,1262210903,1262183810,1262204006,1262189434,1262199799,1262212040,1262199676,1262204382,1262195299,1229827090,13342739754,1262198055,1262186650,1262199524,1262210222,3262101385,937605171,1262199772,937954712,1262182632,1262212512,1262199811,1262199749,1262188243,1262206716,1262207159,1262212066,1262208315,1169944001,1262210342,1262201382,1199240610,1262192916,1262195506,1262204561,1169944104,1169944065,1262203915,1262211062,1262209142,1262208471,1262212637,1262210724,1262205191,1262208862,5170992749,1262198865,1262203646,1262207847,1262200944,1262197431,1262199070,2291910682,1262204651,1262195627,11900736750,1262205952,1262200770,1262194786"
Residenza Richelmy,45.0830721,7.6575123,mobilità,charging_station,0,0,1,20,"11518533826,10203837376,13027591668,10243424972,13340070604,13027614487,9088671239,4671233528,9088671240,13075187843,5545493679,12801752468,13074606106,13074583239,12974489257,3906163545,7787992006,10608756008,13031168994,10682653692"
Residenza Richelmy,45.0830721,7.6575123,mobilità,car_sharing,0,0,1,1,4616005750
Residenza Richelmy,45.0830721,7.6575123,mobilità,taxi,0,1,1,7,"2902424081,1757138441,2902424080,1545661422,3241731973,2902424082,5167146632"
Residenza Richelmy,45.0830721,7.6575123,mobilità,parking,3,9,27,108,"287520875,1027356692,1125419383,881078243,822527115,110530901,388410845,892061235,895352333,895352332,891936899,891936900,389549638,391743104,389601115,389601114,448718773,448969330,110534406,110862166,110862168,525113175,448434080,132528231,222172799,6411440333,1109043885,928634211,928634186,5239566614,352332303,928634275,320706078,320706077,166616053,125745550,586939744,12197274454,1351673211,23090218,1219311967,1219311969,1062840998,1063527547,1062853762,1062853768,1219311968,883916435,82257430,82257429,122594341,37041494,38322092,883916442,846925185,919673015,846925184,921599999,919673001,921600007,921849957,921849941,459073294,627368788,868823455,123587977,620145344,921075185,573314876,868823459,316646623,398908818,620374363,525108995,621732915,123588186,505620794,310919719,846925182,840256684,644610711,151998821,151998771,58378277,5997771287,5997772786,5997773586,5997772787,5997773587,5997780785,96556746,635989603,5997762385,308834324,1122299605,5997837886,5997837887,553224994,5239210899,5340476663,388422914,149459698,532901305,133130652,373093368,1426204055,2275474473,2275474943"
Residenza Richelmy,45.0830721,7.6575123,mobilità,car_rental,0,0,0,0,
Residenza Richelmy,45.0830721,7.6575123,mobilità,bicycle_parking,0,3,63,199,"9565968757,2016369763,2017759603,1783770824,10873504971,1783770825,2699762080,7174545829,12165839590,13273630892,7076001859,7076001858,2699762077,12951928674,10901383359,2699745133,2699762079,7807429771,10771806119,2699762078,2699762081,9300406026,2699743589,13231686483,12165839584,2699743595,2699743596,7076063225,2699745128,7076063226,7076063227,7076063223,7076063224,7076063222,7076063221,7076063220,7076063219,7076063218,7076063217,7076063216,7076063232,7076063233,7076063229,7076063237,7076063228,7076063235,7076063236,2699745134,7076063215,2699745131,7076063214,2699745130,5628622143,2699745129,5628622144,2632353490,10873504970,5628622145,7025739876,10873504969,2699745132,2699745136,2699745135,7076063244,7076063250,7076063251,2699745137,7076063243,7076063242,12165781958,7076063247,7076063246,7076063230,7076063239,7076063238,7076063240,7076063241,7076063234,7076063231,12889486162,13231692502,12889485978,12889485179,12889481110,12889467141,2699743593,12165781957,7076063264,7188790471,7076063257,7076063253,7076063252,7076063255,7076063249,7188790470,7076063260,7076063258,7076063248,7076063256,7076063262,7076063245,7076063263,7076063265,7076063254,7076063259,7076063261,10159318064,2699757982,2699757981,2699757980,2699757979,2699757983,2699757984,2699757985,2699757986,2699757987,2699757989,2699752845,2699752839,2699757988,10959344809,2699754607,2699754613,2699754610,2699754609,13142999531,13143056907,10741520276,10741540187,2699752835,13142731612,2699752836,2699752843,2699752848,12423088352,12423084564,2699752837,2699752846,7076063266,7076063268,7076063269,11357996666,11357989903,2699752855,7076063267,2699752858,10873504966,3748951425,2699743590,10770406639,2699752850,12227768290,12962232569,10874232260,10873504967,2699743591,2699743592,10873504965,11505942798,12120421659,10831661710,9519183729,11950499859,2699740343,12996199743,13175581648,2540601566,13026972875,10873504964,13026966312,13026970105,11963628161,10766828705,2699752844,2699752833,2699752840,10951467173,2699752842,10951467161,2699752853,10883132771,2699752854,2699752859,2699752857,13074641241,12960979068,2699743594,12960995980,13031764505,13031144492,13031774310,13031783911,13031764501,13031764500,13031773532,13031773533,11084637605,12079627878,10873504963"
Residenza Richelmy,45.0830721,7.6575123,mobilità,bicycle_rental,0,0,1,2,"12068398565,4818660028"
Residenza Richelmy,45.0830721,7.6575123,mobilità,primary,0,0,0,0,
Residenza Richelmy,45.0830721,7.6575123,mobilità,secondary,0,0,0,0,
Residenza Richelmy,45.0830721,7.6575123,verde,park,5,9,17,62,"82400823,36854185,1055411315,880153068,822527117,136174598,385418437,605805917,731935819,41752855,41752854,117959657,525113176,129903965,479483770,81792740,81792741,341402495,82202795,23088806,433500383,81157499,925827425,130457686,23034764,23034770,238704379,883916433,769102583,480821049,79942860,82508282,824643082,824642760,875795239,868823458,631801832,802161320,878127523,254100539,428655680,647241676,846925187,123548922,604123849,333572251,121211619,633978502,123548656,820424986,306556283,306556287,306556291,306556292,306556281,758075564,920991543,935616642,41753266,664910389,939068383,23055671"
Residenza Richelmy,45.0830721,7.6575123,verde,garden,8,12,76,164,"888568023,888568021,888582098,1055416062,881236255,1055416029,1055413219,881551760,892460217,892460222,892460206,892460208,891498339,891498341,891498343,891498340,890748884,892460219,916939206,916939199,10901405103,1433432894,111596409,525113177,889467736,525113178,889468648,889467729,766788903,889348394,918136704,918136724,889467725,918136703,918136723,917103499,917103501,919651094,919048424,919651087,919651082,919651086,919651081,919651093,29176172,925917989,925917990,928634201,44574181,351520239,928634230,928634231,130448587,130448589,130448590,130448588,327939730,1064035772,1064035771,28621748,916438090,916438130,917103497,916939198,916438146,916939214,916438095,917103478,883708994,916438144,916438094,916939212,916438145,916438127,916438096,916438128,916438147,916939204,917103477,916438101,916438102,917103503,916438129,917103502,916438103,916438107,917103500,920625897,918136722,918582404,885678001,918582402,918582414,885677997,918136682,918136701,885678002,918584287,918136725,918136700,918582413,885678003,918582411,918582401,918582398,918582400,885678006,918582399,918136721,918582397,918582395,918582396,920118750,920118749,919657585,920118755,919657586,920118740,919657591,920118744,919709083,919657592,919672998,919724557,919709048,921075201,919724558,921600001,921075200,921075204,924935993,924936006,924936005,924936007,921849943,921600014,921075238,921075237,921075193,921075192,921479317,921479324,921479314,921479323,921075207,921479319,920118746,920118747,920118748,920118745,193285156,603463549,128268848,414225571,414225572,414225915,930347116,664919160,664905158,664905157,1067243272,414225569,414225570,930436693"
Residenza Richelmy,45.0830721,7.6575123,verde,grass,3,15,77,224,"286646606,286647293,286646604,286646594,286647294,286646605,286647291,732177417,286646595,1236922853,286646601,732177420,732177418,286646602,732177419,286646603,286647290,286646597,286656050,286664226,732157565,286664225,954750078,953713788,953713787,956494708,954750079,956494707,956494706,955893950,37671811,731899351,731899352,731899353,1173967163,731899358,1173907484,1173907485,731899359,731899350,731899354,1173907483,1173898346,1173898347,731899360,1173898349,1173898348,731899357,731899355,731899356,732096036,732096037,732096038,732096048,731939743,731935824,731935825,731939740,731939738,731939741,221891468,731939739,731939742,889467735,762971427,81753214,732125145,732125146,732177422,732125147,178997269,732125144,178997273,732125148,732125140,178997270,684348512,732125143,732125142,732125141,732125149,732125150,732125151,732125152,37738037,732157570,286656044,732125138,732157568,732157569,732157567,286656041,732125139,342742135,342742125,342742134,347254651,342742126,347254668,347254667,347254652,347254640,347254654,347254660,355063902,365762772,355063900,355063904,354610028,365762771,351520237,351520236,424025002,394218574,394218572,352332316,352332309,352332314,353072697,352332319,424025003,352396030,355063909,355063907,355063905,462066644,684095662,130448586,684095663,130448583,134236056,1218836989,134236059,149628054,396842103,396842101,408842296,408842295,408842294,408842300,408842297,408842293,408842299,408842298,556500005,1067805718,1062853763,1062853769,1067805717,917103479,919657582,884335982,918582410,919657583,919657584,81976030,920661315,920661316,920661314,123461299,920661317,81976033,920661319,920661313,921075162,81976031,921600013,81976027,920036095,123461298,921850001,921849999,660967943,577583408,577583407,577583403,660967944,577583409,921479284,577583406,921479315,577583404,1306640972,920118742,1288746885,846925186,848623838,246370042,246370044,246370040,245651852,577583405,246370043,246370041,848623840,245651854,245651855,246366194,245663246,246371511,246371512,246371513,246371510,246371514,246366191,246366190,107568897,1068463711,769094730,1069866764,258298837,107568893,1064513659,107568895,107568898,1250264722,1426204057,1426204058,1271377215,1426204056,1426204054,1271377217,1426204053,1271377216"
Residenza Richelmy,45.0830721,7.6575123,verde,wood,0,0,2,3,"920625896,921479313,920004733"
Residenza Richelmy,45.0830721,7.6575123,verde,forest,0,0,0,2,"956497469,530269639"
Residenza Richelmy,45.0830721,7.6575123,verde,meadow,0,0,0,0,
Residenza Richelmy,45.0830721,7.6575123,verde,scrub,0,0,7,8,"360131117,919709082,920036085,924938667,921479311,921479316,1173223756,921479325"
Residenza Richelmy,45.0830721,7.6575123,verde,allotments,0,0,0,1,328623930
Residenza Richelmy,45.0830721,7.6575123,verde,playground,1,2,10,40,"880153078,390653412,448718771,1173081441,801903369,129903966,919048423,82400814,341402905,448434079,1149617853,1149617852,499890620,1438254805,2110827287,8787334116,130457685,3419744722,3419744721,113557355,243156173,12120385298,10831666705,6314036593,2458961315,921849990,6772490090,1057169403,80440121,243120102,740900642,437805478,11305259332,820424988,164063782,287696765,12851950094,623124807,3405371588,2097331624"
Residenza Richelmy,45.0830721,7.6575123,verde,recreation_ground,0,0,0,0,
Residenza Richelmy,45.0830721,7.6575123,verde,nature_reserve,0,0,0,0,
Residenza Richelmy,45.0830721,7.6575123,verde,lake,0,0,0,0,
Residenza Richelmy,45.0830721,7.6575123,verde,reservoir,0,0,0,0,
Residenza Richelmy,45.0830721,7.6575123,sport,fitness_centre,0,0,3,6,"9568693090,4477792090,12488885986,4734138530,6341721823,5871656872"
Residenza Richelmy,45.0830721,7.6575123,sport,sports_centre,0,0,2,16,"4479684158,83825215,289416784,44051344,769032633,42929460,44050243,81976028,768862230,181116659,768857945,7177839299,254095735,287246964,123568272,10572346562"
Residenza Richelmy,45.0830721,7.6575123,sport,stadium,0,0,0,0,
Residenza Richelmy,45.0830721,7.6575123,sport,swimming_pool,0,0,1,1,379375639
Residenza Richelmy,45.0830721,7.6575123,sport,water_park,0,0,0,0,
Residenza Richelmy,45.0830721,7.6575123,sport,pitch,0,1,14,83,"7007648417,186413455,1221399783,880153075,880153074,884136331,835698128,385418498,846003831,186413454,1303852812,1173898344,1173235467,731935820,731935821,41752773,731935823,220614907,220614908,388690911,83825205,875720649,457661508,877785725,289416782,289416786,289416797,289416790,10694640239,10694640238,10694640237,324738752,1014573092,13112378001,769033182,769033175,769033180,769033179,58758878,12120421777,254095740,254095744,254095743,254095742,254095741,769033181,769033176,769033177,885675273,918136689,918136688,769033178,129305954,919709049,919673004,919709047,921075206,921075182,921075180,768857944,254095730,768857943,254402611,254402612,254402613,505620792,1058462171,1058462170,1058462169,1058462168,620143556,620143554,620143555,930662098,513365787,285047351,578921511,1315551317,1315551316,319284839,809362711,809362112,256770955"
Residenza Richelmy,45.0830721,7.6575123,sport,tennis_court,0,0,0,0,
Residenza Richelmy,45.0830721,7.6575123,sport,golf_course,0,0,0,0,
Residenza Richelmy,45.0830721,7.6575123,sport,ice_rink,0,0,0,0,
Residenza Richelmy,45.0830721,7.6575123,sport,bowling_alley,0,0,0,0,
Residenza Richelmy,45.0830721,7.6575123,sport,climbing_wall,0,0,0,0,
Residenza Richelmy,45.0830721,7.6575123,sport,gym,0,0,0,0,
Residenza Richelmy,45.0830721,7.6575123,commerciale,shop,0,0,0,0,
Residenza Richelmy,45.0830721,7.6575123,educazione,school,1,6,14,36,"879877463,369816435,58888771,369816434,385417873,388411291,137280029,875684723,889097430,392518162,889096565,443199497,443199498,391737655,344744214,318938045,369665895,369665896,365610519,4736111631,340249805,334684164,426293828,4736081694,320875624,4736084237,453977011,647241680,647241679,848705062,647241678,7177858866,436288158,201438197,137279108,43588808"
Residenza Richelmy,45.0830721,7.6575123,educazione,kindergarten,0,0,3,9,"898160525,131644847,919048421,12227784321,921075190,768854407,7177858865,4762289761,532940553"
Residenza Richelmy,45.0830721,7.6575123,educazione,university,0,0,1,2,"8903777986,12168588078"
Residenza Richelmy,45.0830721,7.6575123,educazione,college,0,0,0,1,780144763
Residenza Richelmy,45.0830721,7.6575123,educazione,music_school,0,0,1,1,12569155038
Residenza Richelmy,45.0830721,7.6575123,educazione,driving_school,0,0,2,7,"13273674967,12951948641,10879184439,11841904325,3859150411,12165781951,4734140809"
Residenza Richelmy,45.0830721,7.6575123,educazione,research_institute,0,0,0,0,
Residenza Richelmy,45.0830721,7.6575123,educazione,vocational_school,0,0,0,0,
Residenza Richelmy,45.0830721,7.6575123,educazione,library,0,0,0,4,"4604602037,11926381625,243093474,2096881473"
Residenza Richelmy,45.0830721,7.6575123,educazione,archive,0,0,0,0,
Residenza Richelmy,45.0830721,7.6575123,educazione,museum,0,1,5,15,"3338687283,397514864,6433764792,435784636,4572133130,4736079916,6433974757,96139133,4734142853,10901623367,6432887576,6432637423,11267476069,4908362221,9757285250"
Residenza Richelmy,45.0830721,7.6575123,educazione,community_centre,1,1,2,5,"423150315,10931712505,12624324778,3371757496,8069412590"
Casa di Riposo RSA Mazzarello,45.0623818,7.6248737,sanità,healthcare,0,0,0,0,
Casa di Riposo RSA Mazzarello,45.0623818,7.6248737,sanità,pharmacy,1,3,9,45,"12480903766,12480903748,7385973893,7376114115,7385981427,2017708681,4734247663,4785081493,7380109523,1738124690,2590051039,10090308295,2536257617,1470609151,2019649541,4734592596,4786739926,3348691737,4734591980,4734595751,4734594417,7385987803,4734246721,7312274928,7378942316,11269135665,4734251590,7312260730,1738121268,2208919912,6061213817,3027567380,4734738176,7373154100,8228658596,7380102116,1446143790,7380072654,3348688592,1491288435,7378941367,3914894256,3946017788,3342794654,7373154102"
Casa di Riposo RSA Mazzarello,45.0623818,7.6248737,sanità,dentist,0,0,0,6,"13306002941,13040748750,12987277703,12969033170,11269180205,12946986024"
Casa di Riposo RSA Mazzarello,45.0623818,7.6248737,sanità,veterinary,0,0,0,6,"11357160542,4734597325,4362506882,11278456881,10271366850,9952804074"
Casa di Riposo RSA Mazzarello,45.0623818,7.6248737,sanità,optician,0,0,0,0,
Casa di Riposo RSA Mazzarello,45.0623818,7.6248737,sanità,medical_supply,0,0,0,4,"13138464036,294137744,12730508999,12951935240"
Casa di Riposo RSA Mazzarello,45.0623818,7.6248737,sanità,defibrillator,0,0,1,3,"13333453869,10050853131,12691328901"
Casa di Riposo RSA Mazzarello,45.0623818,7.6248737,sanità,hospital,0,0,1,2,"521821122,862795993"
Casa di Riposo RSA Mazzarello,45.0623818,7.6248737,sanità,clinic,0,0,1,5,"654215083,290245244,9588764034,4577161593,4159998135"
Casa di Riposo RSA Mazzarello,45.0623818,7.6248737,sanità,doctors,0,0,0,0,
Casa di Riposo RSA Mazzarello,45.0623818,7.6248737,mobilità,station,0,0,0,4,"496268561,496268560,496268559,496268558"
Casa di Riposo RSA Mazzarello,45.0623818,7.6248737,mobilità,subway_entrance,0,0,0,10,"1484955755,1484955757,946525620,1484955758,429724253,1484955763,1484955764,1484955765,430167591,429724255"
Casa di Riposo RSA Mazzarello,45.0623818,7.6248737,mobilità,tram_stop,0,6,11,21,"1233612804,11009337363,1233612820,1233612853,1234675838,1233612845,1270905156,1233612826,1234675831,1234675807,1234675699,1234675847,11009337364,1234675743,1234675824,1234675790,11009337366,1234675767,1234675754,1199240450,1270651295"
Casa di Riposo RSA Mazzarello,45.0623818,7.6248737,mobilità,bus_stop,2,10,56,256,"1262204497,1262207262,1262206450,1262193261,1262197625,12205988418,12194813099,1262212854,1262204475,1262204583,1262211526,1262196292,1262185547,1262211433,1262193355,1262203172,1262203832,1262209270,1262196068,1262194327,1262205159,1262201851,1262203428,1262189016,1660451575,1262202528,1262198231,1399644724,1262203143,1262206034,1262189652,1262199024,1262209792,1262195912,1262212286,1262182626,1262203899,13004871144,1262209315,1262187428,1262201366,1262182550,1262199886,1262212986,1262202907,1262194961,1262192908,1262182480,1262197922,1262196919,1262211487,1262197484,1262208174,1262185316,1262188130,1262207882,1262205816,1262203621,1262194927,1262212183,1262190343,1262187650,1262196821,1262196083,1262211661,1262203426,1262202360,1262194455,1262204467,1262202030,1262195428,1262209387,1262198345,1262212048,1262204554,1262207463,2940112350,1262197992,1262195497,1262203503,1262208711,1262205367,1234675634,1233612831,1233612840,1262211378,1262206677,1262196571,1262182521,1233612852,1262193998,1233612824,1262207027,1262203336,1262199552,1262198249,1262208932,1262196696,1262182594,1262187916,1262199776,1262182899,1262203152,1262211683,1262200546,1262189772,1262195237,1262207755,1262190794,1262182380,1262210347,1262190812,1262182452,1262194936,1262199328,1262204920,1185441578,1262208869,1262211602,1262199144,1262195704,1262185164,1262210241,1262197150,1262210434,1262199934,1262199271,1262190748,1262200682,1262208770,1262186464,1262191474,1234675726,1262203695,1234675650,1262203346,1262204437,1262208811,1262202241,1262204527,11211252316,1262185590,1262199222,1262190163,1262185865,1668063927,1262195515,1262193449,1262203196,11009337365,1262207225,11211252314,1262195960,11211252315,1262208328,1262212245,1262192470,1262205104,11211252313,1262195832,1262208385,1262194948,1262207170,1262196639,1262197455,1262208296,1262199629,1262195459,1262212144,1262195529,1262208902,1262212584,1262200195,1262197335,1262197168,1262195360,1262195977,1262199321,946525610,1262196155,946525640,946525632,2291878854,2291878847,946525613,1262204508,1262182442,1262184570,946525626,1262211055,1262199057,1262192776,1262210406,1262203278,1262196857,1262210254,1262199601,1262207652,1262192820,1262192572,1262182489,1262198018,1262208395,1262208246,1262212146,12690560970,1262204223,1262197828,1262204392,1262183098,1262212550,1262203181,1262209396,1262196675,1262203579,1262197125,1262208360,1262207271,1262207439,1262209980,1262212738,1262198988,1262198123,1262212515,1262197053,1262209471,1262197177,1262198384,1262209293,1262199646,1262204607,1262208375,1262208983,1262185661,1262201597,1262208218,1262207930,1262195899,1262192507,1262196140,1262182653,1262199082,1262199702,1262197372,1262187256,1262208290,1262197969,1262201321,1262197313,1262195996,1262210565,1262198137,1262203653,1262203564,1262212324,1262195144"
Casa di Riposo RSA Mazzarello,45.0623818,7.6248737,mobilità,charging_station,0,1,6,17,"9924238928,4691906385,13042652773,10759330929,11505952227,10704779934,7412497420,9240428223,11032837899,10574420948,12804904532,12766392871,9952823611,12804895752,12504447605,13138483052,13027591668"
Casa di Riposo RSA Mazzarello,45.0623818,7.6248737,mobilità,car_sharing,0,0,0,0,
Casa di Riposo RSA Mazzarello,45.0623818,7.6248737,mobilità,taxi,0,0,0,4,"12478128871,1470612633,2214915027,3205040135"
Casa di Riposo RSA Mazzarello,45.0623818,7.6248737,mobilità,parking,0,6,36,137,"1297659782,1453860668,103409715,83196486,39541436,1070195644,41871108,103409685,147242599,83196478,39541435,12800068200,39685729,39541434,500376362,1040537885,1109766700,1040537886,1038012059,1062088026,294134647,106837754,1040537887,458493305,458493307,458493306,287673382,211771635,291892756,287676827,43271464,931570540,857453221,458493302,862975532,1123178661,851290376,1222735865,1123178659,1418357920,1418357265,81892443,1418357921,1450297255,169109665,254428905,290481673,81603203,386376298,290481672,290481671,386376080,386376296,386376081,860301015,4734924482,434344155,1388871429,102643101,847969006,847969007,104230904,847959016,802596631,243354152,243354153,166581389,82290354,1125287584,290436848,290436857,290436845,133144552,1192476391,848622593,131713580,11503903538,184476157,1150750603,1154039642,1208808264,791410567,792699652,1218048192,752839776,462769980,1046200795,1222544251,294137831,1227626225,1068557306,1068834433,1066448011,1216250184,219922320,1216250183,134467635,336054157,336054158,1216407390,219922338,171721723,1216238314,1216238309,1216238310,1051058726,1216238307,1216238308,592440671,1216245336,472568620,1216407389,438987370,900936894,84470728,913316090,571037511,772457827,274564580,104183442,389735411,1121215910,888437474,892435294,167316233,1423333701,292034360,171572406,1243695860,171572408,885983220,8238384557,885983263,8238384556,804926618,1125419383,448718773"
Casa di Riposo RSA Mazzarello,45.0623818,7.6248737,mobilità,car_rental,0,0,0,2,"659970718,1819918149"
Casa di Riposo RSA Mazzarello,45.0623818,7.6248737,mobilità,bicycle_parking,0,1,10,72,"10873504946,6283087223,10940032664,10188263281,10755570619,10864236935,10842180234,10853204513,10864236936,10842180233,7174535553,10871415399,10904588369,10864236934,10904635285,2699774351,10873504947,10846725764,10848373825,10873504985,10873504986,10871415400,12604248402,6284273900,2699765012,2699765013,2699765014,2699765015,10852570102,10750674542,10852570103,10750674543,10873504976,2699763618,10873504975,10852593727,2699763619,10852593712,10850759990,10850759982,10850759991,10848408078,10750671202,10994635793,10852593713,2699763620,2699760641,10852593711,7076001860,10852570101,3799076904,6104249055,2699760640,2699760639,2699762076,3431361722,13301048574,12896310110,2602219048,2699762534,12712880205,12712831795,2699762531,2699763621,2699762528,2699762080,7174545829,7076001859,7076001858,2699762077,12951928674,10901383359"
Casa di Riposo RSA Mazzarello,45.0623818,7.6248737,mobilità,bicycle_rental,0,0,0,1,12068398565
Casa di Riposo RSA Mazzarello,45.0623818,7.6248737,mobilità,primary,0,0,0,0,
Casa di Riposo RSA Mazzarello,45.0623818,7.6248737,mobilità,secondary,0,0,0,0,
Casa di Riposo RSA Mazzarello,45.0623818,7.6248737,verde,park,1,6,23,85,"823268040,500376363,497987406,1109766692,1040539471,274505631,865283220,106400048,140447378,674366763,106400836,287675212,99846380,287841882,106564125,599426190,97079974,865449655,1281995798,1222735862,851290355,1281996512,97080017,97550213,123245358,96704211,466175067,466175069,466175070,103422196,466175068,1126392199,104240184,104230582,104240183,37524337,243356957,759194439,646904183,290137848,1254357945,82290353,646904177,792699653,171271678,1257831736,41871157,513859516,572393053,294150168,192280717,1185553285,293857921,202530430,337532331,335550691,337532332,213894209,571008370,97550214,438380758,97686011,168437530,571008371,389732506,167316232,133623606,82205065,1153579567,390153110,886067334,888437481,888451639,314020901,286095909,895315284,888451642,181314354,181314353,873160468,888451650,242407848,292034395,82400823,36854185"
Casa di Riposo RSA Mazzarello,45.0623818,7.6248737,verde,garden,0,2,7,84,"865446217,874051315,867040889,1224543271,1222821235,1069969272,290481670,292158239,106333266,914597112,1070293288,1070306896,1072738367,1070375996,1072344340,1072344341,1072738366,1070306897,1072344331,1222210926,1222210925,1216273007,478280745,1216496187,913296524,914385208,914385206,914385207,914385205,1221747935,911490404,898105031,898105030,912941790,912941791,898105032,912941765,911490403,911527611,1218276699,1183650332,1183650331,1218276695,892435308,82290351,888354908,897707178,888354904,888354903,888354905,897707188,885983275,888354906,897707189,892435320,892435322,897304955,897304935,911342036,897304934,895660509,895315779,895315780,895315778,895315777,895315776,895315775,895315774,885983278,886066456,885983213,886066462,664934591,885983233,885983255,885983257,885983236,885983277,885983245,888568023,888568021,888582098,892460222,10901405103"
Casa di Riposo RSA Mazzarello,45.0623818,7.6248737,verde,grass,2,3,16,154,"593101391,966716888,966716891,966716890,966716889,966716892,768844818,768844816,593101390,593101389,966716887,966720156,592383486,966720155,966720154,966720160,966720157,966720158,966720153,966720152,593101388,966720159,593101383,592383487,592383485,592383476,592383477,823280925,281656211,281656210,592383454,281656209,1068338946,281656212,1195859706,1068570766,1177931662,592383489,592383488,844167555,931570542,966689857,966689858,859854892,966689859,966689860,863151686,966696318,966696325,966689851,966689850,484744751,484744754,1418357914,1418357915,484744758,846003834,846003833,396869722,396869721,1126392509,1126392512,1126472583,1126392510,1126392511,1131164754,1131164753,104240182,666707223,759194441,1238389436,1238389437,1150137827,1238389435,1150137826,1239406381,1239406380,1238389427,1239177125,646909062,1070306898,1068769879,1068834438,1068834431,1068834437,1068596098,1068763133,1216410424,1216250181,1216238313,1216017279,1216250185,1216020594,1216250182,1216020595,1216238312,1216020596,1216017278,484744760,1340546211,901938940,901938942,901288363,901288364,912305340,913316089,913316094,913316093,337532333,1267945642,571634201,1267945641,898105045,911490408,912537095,912537092,912537094,911631941,911631958,911631967,911631960,911631969,911631952,911631959,911631957,911631953,911631951,438380761,1217131872,1217208884,1217208291,911467585,911342051,885983264,885983265,954750078,953713787,954750079,956494706,731899351,731899352,731899353,1173967163,731899358,1173907484,731899359,731899350,731899354,1173907483,1173898347,1173898349,731899357,731899355,731899356"
Casa di Riposo RSA Mazzarello,45.0623818,7.6248737,verde,wood,0,0,1,1,835355026
Casa di Riposo RSA Mazzarello,45.0623818,7.6248737,verde,forest,0,0,0,1,956497469
Casa di Riposo RSA Mazzarello,45.0623818,7.6248737,verde,meadow,0,0,0,0,
Casa di Riposo RSA Mazzarello,45.0623818,7.6248737,verde,scrub,0,0,0,0,
Casa di Riposo RSA Mazzarello,45.0623818,7.6248737,verde,allotments,0,0,0,1,433042260
Casa di Riposo RSA Mazzarello,45.0623818,7.6248737,verde,playground,0,3,20,58,"6665022329,9288494038,1455945521,4914464893,3512394531,1041278040,1538818832,11622778326,1172174757,9288498355,11897183145,1124860756,847961152,389404045,169109664,169109654,246613691,1114937101,2506967014,1114938741,10696669360,833668347,833668346,169109663,1135247414,171271131,557627561,169109652,290144055,169109659,169109658,2113377131,1238389440,467446544,165022279,306160704,5021916320,914597098,292555425,292555426,1052798140,2028399382,1066934059,572129026,571006383,911467591,571408914,5491685425,290144050,804923258,82205062,772447467,888451641,124772011,1115761786,11832550679,448718771,1173081441"
Casa di Riposo RSA Mazzarello,45.0623818,7.6248737,verde,recreation_ground,0,0,0,0,
Casa di Riposo RSA Mazzarello,45.0623818,7.6248737,verde,nature_reserve,0,0,0,0,
Casa di Riposo RSA Mazzarello,45.0623818,7.6248737,verde,lake,0,0,0,0,
Casa di Riposo RSA Mazzarello,45.0623818,7.6248737,verde,reservoir,0,0,0,0,
Casa di Riposo RSA Mazzarello,45.0623818,7.6248737,sport,fitness_centre,0,2,2,10,"203232910,9757354675,755889752,5592340115,5592321393,7272896085,11274687270,11293465819,5592351571,4477792090"
Casa di Riposo RSA Mazzarello,45.0623818,7.6248737,sport,sports_centre,0,0,6,20,"1314234299,823270152,13307202101,1037996309,140427403,10090308290,860301014,211767603,646909064,751826434,290482354,646909066,742125234,4086636019,3200584297,168437524,314254880,290420034,290423873,4479684158"
Casa di Riposo RSA Mazzarello,45.0623818,7.6248737,sport,stadium,0,0,2,2,"43138628,285499599"
Casa di Riposo RSA Mazzarello,45.0623818,7.6248737,sport,swimming_pool,0,0,1,4,"1314232885,1855080479,243270140,431631714"
Casa di Riposo RSA Mazzarello,45.0623818,7.6248737,sport,water_park,0,0,0,0,
Casa di Riposo RSA Mazzarello,45.0623818,7.6248737,sport,pitch,1,2,44,150,"1297659781,1297659780,220693681,593102394,1314232662,1315685861,1315685864,1315685862,154296779,1315685863,154301592,220693678,220693670,154296785,154296783,593102396,154296790,154296771,593102397,154296775,154296777,154296787,85418201,971907327,85418206,82295505,294134654,41871156,85418203,101520585,274562594,1177610610,101520587,101520589,220230421,101520588,220230383,83685153,103649704,103650076,467648069,1006779136,290482367,1126581879,5491712414,422061581,169444963,169109655,169444964,847961150,847961151,83676850,169444965,169444966,169444967,169444968,169444969,83676825,169444962,290245229,10301477239,290245230,290245231,467648071,305071206,1126470600,10197383852,467648063,467648060,10197383853,1124007367,191495971,191495973,191495969,833668344,416059891,833668348,285499767,10301477240,1114952586,122455822,166582169,166582150,166583970,229256419,229256420,229256683,229256235,83386642,847975010,839152651,839152652,846003832,848616352,848616351,166582149,166582159,166582161,1123200344,482465941,85418208,1047147718,914597096,572393054,292555422,1226476500,294150156,637559789,9792833748,1066934060,1216496186,5491715388,912941768,369847632,911631950,911342030,369847633,369847631,169446393,169446392,10303519262,169446389,169446391,945175002,82290347,292034359,292036104,292034357,292036102,83393204,10301482921,169446390,292036101,1239172057,661429603,897304943,885983260,9072007555,9072007556,242407846,242407872,242407870,1086267302,186413455,1221399783,846003831,186413454,1303852812,1173898344,1173235467"
Casa di Riposo RSA Mazzarello,45.0623818,7.6248737,sport,tennis_court,0,0,0,0,
Casa di Riposo RSA Mazzarello,45.0623818,7.6248737,sport,golf_course,0,0,0,0,
Casa di Riposo RSA Mazzarello,45.0623818,7.6248737,sport,ice_rink,0,0,0,0,
Casa di Riposo RSA Mazzarello,45.0623818,7.6248737,sport,bowling_alley,0,0,0,0,
Casa di Riposo RSA Mazzarello,45.0623818,7.6248737,sport,climbing_wall,0,0,0,0,
Casa di Riposo RSA Mazzarello,45.0623818,7.6248737,sport,gym,0,0,0,0,
Casa di Riposo RSA Mazzarello,45.0623818,7.6248737,commerciale,shop,0,0,0,0,
Casa di Riposo RSA Mazzarello,45.0623818,7.6248737,educazione,school,1,3,14,43,"635688071,1210277879,1177622056,863104614,212349568,862950965,2018185225,865449659,865449656,865449657,254434717,1108121172,169117804,860414963,367967850,367967851,243356083,1123417944,1123417943,1123417945,376495012,763986057,763986058,9623980923,131584960,744546260,837385370,482465942,823280923,211911974,879463612,438380755,294155385,529644452,369847634,376503486,892437397,291465020,369833269,314253563,181314352,314253764,388411291"
Casa di Riposo RSA Mazzarello,45.0623818,7.6248737,educazione,kindergarten,0,2,8,22,"1177617934,1040174839,862950963,254434718,290413521,169117808,167457423,863908356,466886543,3149305228,3149300430,3798287445,3799075125,211769538,823280922,879463610,879463614,9580741278,335550693,4254402204,390148247,131644847"
Casa di Riposo RSA Mazzarello,45.0623818,7.6248737,educazione,university,0,0,0,1,58760727
Casa di Riposo RSA Mazzarello,45.0623818,7.6248737,educazione,college,0,0,0,1,131654729
Casa di Riposo RSA Mazzarello,45.0623818,7.6248737,educazione,music_school,0,0,0,0,
Casa di Riposo RSA Mazzarello,45.0623818,7.6248737,educazione,driving_school,0,0,2,8,"13042699426,4734602699,12995526273,12509555365,13098339874,10729626293,9962100684,12951948641"
Casa di Riposo RSA Mazzarello,45.0623818,7.6248737,educazione,research_institute,0,0,0,0,
Casa di Riposo RSA Mazzarello,45.0623818,7.6248737,educazione,vocational_school,0,0,0,0,
Casa di Riposo RSA Mazzarello,45.0623818,7.6248737,educazione,library,0,0,2,5,"10090308294,13144212299,1513480039,293677523,4604602037"
Casa di Riposo RSA Mazzarello,45.0623818,7.6248737,educazione,archive,0,0,0,0,
Casa di Riposo RSA Mazzarello,45.0623818,7.6248737,educazione,museum,0,0,0,1,182886373
Casa di Riposo RSA Mazzarello,45.0623818,7.6248737,educazione,community_centre,0,0,2,3,"4477469394,432388873,13082041537"
Residenza Santa Rita,45.0512972,7.6450002,sanità,healthcare,0,0,0,0,
Residenza Santa Rita,45.0512972,7.6450002,sanità,pharmacy,0,4,16,65,"775369563,7379941557,1100137709,7376114115,7385981427,4785081493,4162647177,4736151640,2594807829,705908248,4735017456,775369478,705825975,705825976,1738124690,10245695699,2590051039,10090308295,2536257617,2579185461,1856039554,705825977,3143648124,2594328572,7379956054,7380019165,10090308303,4620303530,1470609151,2019649541,4734592596,4786739926,3348691737,4734591980,4734595751,2592486589,10246779442,7310631667,6649834586,12703506925,7310501808,4553612464,4735016415,3147953801,1670302089,2135139106,4734594417,4734593954,7385328770,7380128899,7380131545,4289452247,7373154101,1198867317,4735667414,4735021763,4735023412,12814474916,6029326322,4735669404,4735721872,12800044441,2036336905,7380072654,3342781917"
Residenza Santa Rita,45.0512972,7.6450002,sanità,dentist,0,0,2,6,"13306002941,7261094839,13288761320,9568693092,10698834221,8569291136"
Residenza Santa Rita,45.0512972,7.6450002,sanità,veterinary,0,0,2,12,"202520052,11357160542,10245695701,3147953784,4734597325,10698741095,6948201811,7023650031,8518082749,11283174640,6942723111,11290467038"
Residenza Santa Rita,45.0512972,7.6450002,sanità,optician,0,0,0,0,
Residenza Santa Rita,45.0512972,7.6450002,sanità,medical_supply,0,0,0,4,"13138464036,12752031502,11283227093,11064390829"
Residenza Santa Rita,45.0512972,7.6450002,sanità,defibrillator,0,0,0,12,"10050853131,13271881201,12599100593,13271881701,13308607340,9376999100,10243877109,7227510560,11071576234,9552060491,9137861147,7232177660"
Residenza Santa Rita,45.0512972,7.6450002,sanità,hospital,0,1,1,3,"862795993,3538149956,26294487"
Residenza Santa Rita,45.0512972,7.6450002,sanità,clinic,0,2,4,18,"654215083,247783545,1365319773,12855312376,290245244,4086281841,1266944688,10769159379,1196177763,395057467,12816667601,12816667602,12816909558,12816909553,12814452400,12816909554,12814474932,12814452396"
Residenza Santa Rita,45.0512972,7.6450002,sanità,doctors,0,0,0,0,
Residenza Santa Rita,45.0512972,7.6450002,mobilità,station,0,0,0,0,
Residenza Santa Rita,45.0512972,7.6450002,mobilità,subway_entrance,0,0,0,0,
Residenza Santa Rita,45.0512972,7.6450002,mobilità,tram_stop,0,0,8,68,"1233612845,1270905156,1233612826,945016947,945383355,945383348,945383185,1234675831,1234675807,1234675699,1234675847,11009337364,1234675743,1234675824,1234675790,941491600,941491747,941491722,941491583,941491848,941491526,945383261,945383182,945383213,945383294,945383236,945383225,941491790,941491681,941491813,941491908,945383170,945383228,945383209,945383242,11009337366,1234675767,1234675754,1199240450,1230710275,1270651295,1262202670,1230710077,1230710325,1230709627,1230709993,1231011146,945383335,945383168,1230709942,1230709908,1231011227,941491761,941491518,941491902,941491727,1168929313,1167320836,1168929291,941491699,941491496,945268814,945268800,1185414536,1168929618,945268789,945268816,1167321000"
Residenza Santa Rita,45.0512972,7.6450002,mobilità,bus_stop,2,20,92,338,"1262194840,1262209239,1262202823,1262203547,937591391,937591441,1262207498,1262212286,1262182626,1262190670,1262203899,13004871144,1262209315,1262187428,1262201366,1262182550,1262199886,1262212986,1262202907,1262194961,1262192908,1262182480,1262203724,1262208040,1262195679,1262201466,1262196344,1262196919,1262211487,1262197484,1262208174,1262185316,1262188130,1262207882,1262205816,1262203621,1262194927,1262212183,1262190343,1262187650,1262196821,1262196083,1262211661,1262202360,1262204467,1262195428,1262209387,1262204554,1262207463,1262197992,1262195497,1262205367,1262206677,1262196571,1262182521,1233612852,1262193998,1233612824,1262207027,1262203336,1262211455,1262205239,1262192741,1262202645,1262194630,1262203463,1262187514,1199003152,1262191921,1262202991,1262212352,1262201933,1262198101,1262196783,1262206824,1262210987,1262196098,1262209148,1262193278,937591472,937591340,1262185617,1262208080,1262203764,1262200766,1262204339,1262186105,937591556,937591355,1262206112,1262205563,1262195254,1262207963,1262199552,1262198249,1262208932,1262196696,1262182594,1262187916,1262199776,1262182899,1262203152,1262211683,1262195008,1262209476,1262200546,1262204026,1262194212,1262198184,1262194737,1262196228,1525407964,1199003132,1199003178,937591454,937591411,1262182459,1262209185,1262203770,1262211304,1262195057,1262207695,937591308,937591430,1262196400,1262203407,1262208411,1262192798,1262189772,1262206803,1262195237,1262207755,1262190794,1262182380,1262210347,1262190812,1262182452,1262194936,1262199328,1262204920,1185441578,1262208869,1262211602,1262199144,1262195704,1262185164,1262210241,1262197150,1262210434,1262199934,1262199271,1262190748,1262200682,1262208770,1262186464,1262191474,1234675726,1262203695,1234675650,1262203346,1262204437,1262208811,1262202241,1262204527,11211252316,1262185590,1262199222,1262190163,1262185865,1668063927,1262195515,1262193449,1262203196,11009337365,1262207225,11211252314,1262195960,11211252315,1262208328,1262182469,1262204409,1262204616,1262203170,1262182581,1262190229,1262187182,2291878598,2291878608,1262186555,1262202902,1262211523,1726428584,1262209519,1262199815,441698011,1262184011,441698016,441698012,1262185459,937591581,1262207453,937591513,1262210240,1199003172,1199003187,1262209969,1262197382,1262194763,1262195528,1262182441,1262203530,1262209783,1262203317,1262201548,1262194534,1185441565,1262208618,1185441540,1185441579,937591574,1213368937,1262204355,1185441569,1262183019,937591597,1262201258,937605183,937605179,1198909279,1198909287,937605170,937605201,937605172,10200584299,1185414537,10200408844,1262206025,1185414591,1262212245,1262212777,1262192470,1262208298,1262197981,1262194443,1185441549,1262197105,1185441551,1262186201,1262199241,1185441575,10200584300,10200408843,1262205104,11211252313,1262195832,1262208385,1262209301,1262194948,1262198072,1262211472,1262197194,1230710356,1230710401,1262209161,1262194483,1213368919,1198867501,1198867296,1185441587,3979495903,10200408842,1262208027,1185441561,1230710173,1230709749,1262204124,1185441537,1231011169,1262194463,1212944734,1212944745,1262208993,1262196617,1262196377,1262205652,1262198085,1262188120,1262192773,1262202694,1262199993,1262198818,1262207113,1262182479,1262189238,1213368963,1185809746,1185809738,1262208641,1185809741,1262208307,1185414473,1185809759,1262194959,1262188782,1185809737,1262199883,1262204464,1262187238,937605193,937605195,937605181,937605194,937605189,1262198275,1198867720,1262200618,1262210403,1198867646,1198867624,1262199732,1167320783,1262207954,1262187635,1262195744,1185414571,1231011126,1168929258,1198867528,1199003141,1168929465,1185815850,937605169,937605192,1262208983,1262207930,1262195899,1262197282,1262212832"
Residenza Santa Rita,45.0512972,7.6450002,mobilità,charging_station,0,3,7,18,"4691906385,13144046065,11933501180,11933496419,10200314273,11505952227,10704779934,4691906384,5787665000,4691906382,7412497420,9568693093,10686606848,4691906381,12206458665,9331784402,5545629913,11107468089"
Residenza Santa Rita,45.0512972,7.6450002,mobilità,car_sharing,0,0,0,0,
Residenza Santa Rita,45.0512972,7.6450002,mobilità,taxi,0,0,3,5,"7211219153,1720500302,1470612633,450595752,4289455496"
Residenza Santa Rita,45.0512972,7.6450002,mobilità,parking,3,9,30,140,"105712907,396706867,1177668251,458493305,458493307,458493306,287673382,211771635,291892756,287676827,105736983,274548875,244984907,105709819,274548878,857453221,458493302,862975532,1222735865,169109665,254428905,290481673,81603203,290481672,290481671,363604599,103536289,861323709,363604600,110892457,253517569,861323707,106565241,1174259377,490149383,861323718,787876937,787876940,860301015,4734924482,434344155,1388871429,253123418,862941755,223470912,223470911,223470910,102643101,847969006,847969007,104230904,847959016,802596631,243354152,243354153,166581389,82290354,1125287584,290436848,290436857,290436845,133144552,1192476391,848622593,131713580,11503903538,184476157,1150750603,1154039642,1208808264,561085119,515873473,561276369,561276365,1287311504,515612630,1287311508,1287311509,588758207,1137569356,246856878,48277250,1287311510,1318046506,588758206,1321438974,1318046507,12026842569,166457327,4247924022,54740253,4247924125,560321339,646904179,166583965,166596459,241336708,1128003509,166585310,3319891484,131477884,166652711,166652710,791410567,792699652,841495751,841502849,140260606,83808962,106366574,376495005,154500752,839476414,839476413,1218048192,752839776,270802496,839634184,7077733654,693367780,693367779,1032863499,300189916,287520875,330956379,330956378,313088902,313088903,166630018,291492675,50259560,1126042539,1126043797,1126047090,1190970428,1340364497,1300583616,1076957801,166652712,83042948"
Residenza Santa Rita,45.0512972,7.6450002,mobilità,car_rental,0,0,1,5,"11750585956,659970718,1819918149,10698856934,1170039574"
Residenza Santa Rita,45.0512972,7.6450002,mobilità,bicycle_parking,1,8,42,172,"2699840038,2699840041,2699840045,10873504945,10940032664,2792516772,10755570619,10864236935,10842180234,10853204513,10864236936,10842180233,7174535553,10871415399,7076001875,2699838358,9367516460,11189060645,9367516461,4226491672,2592687602,2592687600,2592687601,10904588369,7076001877,7076001876,4226491676,10864236934,10904635285,4226491674,4226491673,2699836875,2699774349,2699774351,10873504947,10846725764,10848373825,10873504985,10873504986,10871415400,12604248402,6284273900,2699765012,2699765013,2699765014,2699765015,10852570102,10750674542,10852570103,10750674543,10873504976,2699763618,10873504975,10852593727,2699763619,10852593712,10850759990,10850759982,10850759991,10848408078,10750671202,10994635793,10852593713,2699763620,2699760641,10852593711,7076001860,10756360603,1202914660,2699836871,11274729969,10247952609,2699836873,2699836878,2699836877,2699836884,2699836885,2699836886,2699836887,2699836888,2699836889,12233636601,11766605054,2699836883,2699836880,638741739,2524446376,638741442,7685876482,10873504948,7685967899,2699774350,2699774352,11274729869,1780322685,7076063185,1780322731,11274729769,2699759047,2699759049,2699759048,10852570101,3799076904,7635131587,6104249055,7063812962,10873504950,10873504949,2699760635,2699760634,10873504974,7918354187,10853204514,2699759050,2699760640,2699760639,2699762076,2699762075,7785624492,9565968757,2699759052,2699759053,2699759051,2699760636,2699760637,2699759056,2699759058,2699759057,2699757974,443101911,7815134909,7815134911,7815134910,7815134913,7815134912,12394522606,12394489858,10873504973,6912162938,7815134903,10113463334,10113463333,10113463332,10113463331,9580694089,10113463330,10113463329,10113463335,2016369763,2017759603,11673291208,11673243325,7076063186,7076063187,7076063189,7076063188,5347703556,12153279090,2699759055,2699759054,11913808736,7054259454,6954549387,6954549388,10802789582,2699757972,2699757973,2699757975,2699763621,7076001859,7076001858,2699762077"
Residenza Santa Rita,45.0512972,7.6450002,mobilità,bicycle_rental,0,1,1,2,"5169986448,12068398565"
Residenza Santa Rita,45.0512972,7.6450002,mobilità,primary,0,0,0,0,
Residenza Santa Rita,45.0512972,7.6450002,mobilità,secondary,0,0,0,0,
Residenza Santa Rita,45.0512972,7.6450002,verde,park,3,8,18,74,"100071451,274556555,97689999,100071327,253392872,880603969,106263528,274505631,865283220,140447378,674366763,106400836,287675212,106332802,95659113,99846380,287841882,106564125,599426190,865449655,1222735862,851290355,96704211,612874345,104200718,106512417,256503367,111550929,787876930,48135024,190471810,87776955,182810976,87776951,107161646,466175067,466175069,466175070,103422196,466175068,1126392199,104240184,104230582,104240183,37524337,243356957,759194439,646904183,290137848,1254357945,82290353,561795883,37201910,36956969,1119404704,579229093,646904177,799333352,646904181,149395093,166596454,792699653,171271678,104147826,166986552,83808971,848000866,106251930,44503795,88206888,149395470,39789990,589863206,242407848"
Residenza Santa Rita,45.0512972,7.6450002,verde,garden,3,5,6,24,"867040889,1224543271,1222821235,1069969272,290481670,106229859,106229844,106229845,106333266,799305148,588421219,588421218,759206589,759206590,106331386,1135279260,140266730,107167208,436247597,436245116,436245118,436245117,436247596,28193052"
Residenza Santa Rita,45.0512972,7.6450002,verde,grass,1,4,55,309,"966696342,966696341,968906208,968906209,966696340,968906210,1177931662,592383489,569898244,968906214,968906213,968906218,968906215,966689857,968906212,968906216,968906217,569898243,968906211,966689858,859854892,966689859,966689860,863151686,966696318,966696325,966689851,966689850,484744754,846003834,846003833,665386295,665386296,1219382508,549224794,106565367,106565369,1131707120,787876932,790523269,787876943,787876939,396869722,396869721,230378258,1173007959,815517896,815523251,815523250,815517898,815523249,815517901,815517900,815523252,815523247,815517902,815523246,859854879,859854880,288835317,1126392509,1126392512,1126472583,1126392510,1126392511,1131164754,1131164753,104240182,666707223,759194441,1238389436,1238389437,1150137827,1238389435,1150137826,1239406381,1239406380,1238389427,1239177125,561085123,561276367,609926760,561085122,590780686,561276358,561276373,561276360,561276375,561276371,561276363,561276374,485882117,588494313,588494314,485882902,485882904,485882905,500651541,485882903,500651540,500651544,561795894,706744158,500726176,500726174,588758210,563089035,706744166,563084879,563089033,561276376,706744165,588758205,588758209,485909319,500657170,485909320,485900905,485909318,485909324,485909323,588421212,485909321,516654049,485909322,588745417,588745424,588745422,588745419,588745408,588745405,588745412,588745410,588758208,1132207955,1132207950,1132207951,1132207954,1132207953,1132207957,288835312,288835318,486174619,561542442,561542441,486174620,486174618,486174616,486174615,1239626888,1239626887,579229113,561619126,561619122,561619130,561619125,1132492706,561619121,579229112,1132492002,579229108,561619129,1132492003,579229110,579229099,579229097,579229106,579229101,1132209306,862454070,1132207952,1128002965,1128002964,1132207956,1128002962,1128002963,1311364296,154500720,687010710,687010712,891907991,687010711,154500733,1126792071,131477879,166596453,131477878,757727656,131477880,757727655,646909062,687010714,687010713,687010715,687010716,154500739,154500731,154500729,1066997745,234298691,154500724,316299344,154500737,154500736,315954828,234298714,234298715,234298692,234298708,234298712,234298709,234298702,234298698,234298695,234298694,234298699,234298703,234298687,234298690,234298711,234298688,234298710,234298707,234298706,234298700,234298713,234298697,234298696,234298689,234298693,234298705,234298701,234298704,315954833,181232343,181232355,181232342,181232349,181232340,181232352,286653246,181232353,181232350,181232347,181232345,181232348,181232341,286653247,181232346,286767165,314388661,286767159,286767161,181232351,286653245,286653244,286653242,242409910,286653241,286646606,286647293,286653240,286653237,286646604,286646594,286645617,286653239,286646607,286647294,286646605,286647291,732177417,286646595,1236922853,286646601,732177420,732177418,286646602,732177419,286646603,286647290,286646597,577460557,485912130,485912131,485912126,485912128,485912129,579229154,485912127,579229089,1126040506,1126042440,589878721,589878718,589878720,589878719,166653765,690808828,690808830,690808831,333831817,242409911,544187117,286636546,242409909,286636547,286636548,286636549"
Residenza Santa Rita,45.0512972,7.6450002,verde,wood,0,0,0,1,835355026
Residenza Santa Rita,45.0512972,7.6450002,verde,forest,0,0,0,0,
Residenza Santa Rita,45.0512972,7.6450002,verde,meadow,0,0,0,0,
Residenza Santa Rita,45.0512972,7.6450002,verde,scrub,0,0,0,0,
Residenza Santa Rita,45.0512972,7.6450002,verde,allotments,0,0,0,0,
Residenza Santa Rita,45.0512972,7.6450002,verde,playground,1,3,17,63,"1538818832,11622778326,1855080488,1172174757,9288498355,847961152,389404045,169109664,169109654,11341897766,107166416,1202293060,1225404612,1225404594,926947839,48765726,1855093913,1855093905,246613691,1115555287,56250537,1114937101,2506967014,1114938741,10696669360,833668347,833668346,169109663,1135247414,171271131,557627561,169109652,290144055,169109659,169109658,2113377131,1238389440,467446544,1137569381,561795884,77722951,50258285,77722952,111815995,579229091,50174964,7685973296,1114952714,10187943589,140235237,1135279252,165022279,306160704,556681453,906203825,306160702,448162839,1217815310,910933663,105377046,83093080,4968614878,83051429"
Residenza Santa Rita,45.0512972,7.6450002,verde,recreation_ground,0,0,0,0,
Residenza Santa Rita,45.0512972,7.6450002,verde,nature_reserve,0,0,0,0,
Residenza Santa Rita,45.0512972,7.6450002,verde,lake,0,0,0,0,
Residenza Santa Rita,45.0512972,7.6450002,verde,reservoir,0,0,0,0,
Residenza Santa Rita,45.0512972,7.6450002,sport,fitness_centre,0,1,4,11,"755889752,5592340115,5592321393,12980028801,7272896085,11274687270,8518130285,5846394818,9568693090,11841788895,10736644789"
Residenza Santa Rita,45.0512972,7.6450002,sport,sports_centre,0,1,5,18,"805355920,4736145840,635797742,140427403,10090308290,287706740,287477348,860301014,211767603,1137569364,646909064,751826434,290482354,13076830601,106227756,41753512,646909066,3799075121"
Residenza Santa Rita,45.0512972,7.6450002,sport,stadium,0,0,0,5,"43138628,1137569365,285499599,481253195,652725229"
Residenza Santa Rita,45.0512972,7.6450002,sport,swimming_pool,0,0,2,8,"253517565,1175668467,1855080479,243270140,106357922,106403249,49054011,106487528"
Residenza Santa Rita,45.0512972,7.6450002,sport,water_park,0,0,0,0,
Residenza Santa Rita,45.0512972,7.6450002,sport,pitch,0,16,48,164,"95513730,274555237,224505094,224505095,88279648,83640857,101520585,274562594,1177610610,101520589,220230421,101520588,220230383,83685153,103649704,103650076,467648069,1006779136,169444963,169109655,169444964,847961150,847961151,83676850,169444965,169444966,169444967,169444968,169444969,83676825,169444962,290245229,10301477239,290245230,290245231,106512428,253517570,1172363858,242926787,242926786,253390290,914614317,367965248,308180217,249696006,249696004,249696009,467648071,305071206,1126470600,10197383852,467648063,467648060,10197383853,1124007367,191495971,191495973,191495969,833668344,416059891,833668348,285499767,10301477240,1114952586,122455822,166582169,166582150,166583970,229256419,229256420,229256683,229256235,83386642,847975010,839152651,839152652,846003832,848616352,848616351,191379107,561085125,561085130,563091690,561085128,249696008,249696007,249696005,106403253,249696003,1137569352,563091689,563091684,563091688,1137569353,563091685,1137569376,1137569378,1137569377,500651547,500651546,481253196,499538129,1137569375,1137569374,124253933,425484921,1311366022,304926006,304926005,304926004,304926003,252850307,425484914,1311364291,1311364292,111815987,241336707,1385612307,689326916,1311364294,425484913,425484919,425484916,425484909,241263809,1311364295,1311364293,241263815,425484924,1132205221,7685973295,1062615795,1135281752,7685967898,823258433,166582149,166582159,166583971,860988474,151216651,10582643941,1135279253,166582161,1123200344,8415343321,1058456079,1058456078,906203826,556681458,556681459,7007648418,7007648417,436248508,448850336,1445632678,1058453911,839634186,839634187,253538106,9072007555,9072007556,846003831,186413454,1303852812"
Residenza Santa Rita,45.0512972,7.6450002,sport,tennis_court,0,0,0,0,
Residenza Santa Rita,45.0512972,7.6450002,sport,golf_course,0,0,0,0,
Residenza Santa Rita,45.0512972,7.6450002,sport,ice_rink,0,0,0,0,
Residenza Santa Rita,45.0512972,7.6450002,sport,bowling_alley,0,0,0,0,
Residenza Santa Rita,45.0512972,7.6450002,sport,climbing_wall,0,0,0,0,
Residenza Santa Rita,45.0512972,7.6450002,sport,gym,0,0,0,0,
Residenza Santa Rita,45.0512972,7.6450002,commerciale,shop,0,0,0,0,
Residenza Santa Rita,45.0512972,7.6450002,educazione,school,2,4,12,45,"863104614,212349568,862950965,865449657,1108121172,169117804,249740540,846112873,370435830,174956556,860414963,253035251,370435829,160591228,815523248,858864692,859854877,859215053,367967850,367967851,243356083,1123417944,1123417943,1123417945,376495012,763986057,763986058,9623980923,253301345,36915187,49048104,49048103,36929942,815671121,799304797,131584960,744546260,3799075120,3799075123,282772081,837385370,242435627,7501518183,7501518184,367981582"
Residenza Santa Rita,45.0512972,7.6450002,educazione,kindergarten,0,1,3,18,"863937076,862950963,290413521,169117808,861522967,242926781,863908356,370436115,253036895,466886543,3149305228,3149300430,245211081,457922345,3798287445,3799075125,3474642596,253301347"
Residenza Santa Rita,45.0512972,7.6450002,educazione,university,0,0,0,2,"49046716,12694977921"
Residenza Santa Rita,45.0512972,7.6450002,educazione,college,0,0,0,1,131654729
Residenza Santa Rita,45.0512972,7.6450002,educazione,music_school,0,0,0,0,
Residenza Santa Rita,45.0512972,7.6450002,educazione,driving_school,0,0,2,5,"4734602699,12995526273,10570991907,7077970133,8569299026"
Residenza Santa Rita,45.0512972,7.6450002,educazione,research_institute,0,0,0,0,
Residenza Santa Rita,45.0512972,7.6450002,educazione,vocational_school,0,0,0,0,
Residenza Santa Rita,45.0512972,7.6450002,educazione,library,0,0,0,5,"10090308294,1173244350,13144212299,2562689774,10928794497"
Residenza Santa Rita,45.0512972,7.6450002,educazione,archive,0,0,0,0,
Residenza Santa Rita,45.0512972,7.6450002,educazione,museum,0,0,0,1,182886373
Residenza Santa Rita,45.0512972,7.6450002,educazione,community_centre,0,0,0,2,"12616853914,12585045537"
Residenza CIT Turin,45.0674067,7.6354469,sanità,healthcare,0,0,0,0,
Residenza CIT Turin,45.0674067,7.6354469,sanità,pharmacy,1,6,17,57,"7385973893,7385981427,2017708681,4734247663,4785081493,7380109523,1738124690,1470609151,2019649541,4734592596,4786739926,3348691737,4734591980,4734595751,4734594417,4734593954,7385328770,7380128899,7380131545,4289452247,7373154101,7312274928,7378942316,11269135665,7312260730,1738121268,2208919912,6061213817,3027567380,4734738176,7373154100,7378946079,4734005493,8228658596,7380102116,1446143790,7380072654,3348688592,1491288435,7378941367,8196134564,1432238864,4734011255,3914894256,3946017788,4111366192,3917178727,3342794654,7373154102,4734768651,3342781917,3342780201,7058359416,4734135996,7312067712,7312112149,4734225963"
Residenza CIT Turin,45.0674067,7.6354469,sanità,dentist,0,0,2,11,"13306002941,13288761320,9568693092,13040748750,12987277703,12969033170,11269180205,12946986024,11564921123,12165839580,1448147009"
Residenza CIT Turin,45.0674067,7.6354469,sanità,veterinary,0,0,2,10,"4734597325,7023650031,4362506882,11278456881,10271366850,9952804074,3956304242,13273646894,12951974696,11290467038"
Residenza CIT Turin,45.0674067,7.6354469,sanità,optician,0,0,0,0,
Residenza CIT Turin,45.0674067,7.6354469,sanità,medical_supply,0,1,2,4,"13138464036,294137744,12730508999,12951935240"
Residenza CIT Turin,45.0674067,7.6354469,sanità,defibrillator,0,0,1,6,"13308607340,10243877109,7227510560,12237513601,12691328901,7234888685"
Residenza CIT Turin,45.0674067,7.6354469,sanità,hospital,0,0,1,2,"521821122,862795993"
Residenza CIT Turin,45.0674067,7.6354469,sanità,clinic,0,1,1,4,"654215083,290245244,4577161593,4159998135"
Residenza CIT Turin,45.0674067,7.6354469,sanità,doctors,0,0,0,0,
Residenza CIT Turin,45.0674067,7.6354469,mobilità,station,0,0,2,7,"496268561,496268560,496268559,496268558,1095052533,332648726,332648606"
Residenza CIT Turin,45.0674067,7.6354469,mobilità,subway_entrance,0,0,5,19,"1484955755,1484955757,946525620,1484955758,429724253,1484955763,1484955764,1484955765,430167591,429724255,946525643,1484955768,1484955766,1484955767,957916124,946525616,957923325,442641053,442641055"
Residenza CIT Turin,45.0674067,7.6354469,mobilità,tram_stop,0,5,13,56,"1233612804,11009337363,1233612820,1233612853,1234675838,1233612845,1270905156,1233612826,1234675831,1234675807,1234675699,1234675847,11009337364,1234675743,1234675824,1234675790,11009337366,1234675767,1234675754,1199240450,1230710275,1270651295,1262202670,1230710077,1230710325,1230709627,1230709993,1231011146,1230709942,1230709908,1231011227,1262210955,942830318,942830322,7788257670,942830306,942830333,942830319,1231011192,1230709701,942830330,942830343,942830344,942830324,942830342,942830327,942830313,942830316,1229827369,1229580312,1229827462,1229580298,1229580302,1229827262,1229827380,1229580296"
Residenza CIT Turin,45.0674067,7.6354469,mobilità,bus_stop,1,24,75,322,"1262194327,1262205159,1262201851,1262203428,1262198231,1399644724,1262203143,1262189652,1262202907,1262192908,1262197922,1262207882,1262205816,1262203621,1262194927,1262212183,1262190343,1262187650,1262196821,1262196083,1262211661,1262202360,1262194455,1262204467,1262202030,1262195428,1262209387,1262198345,1262212048,1262204554,1262207463,2940112350,1262197992,1262195497,1262203503,1262208711,1262205367,1234675634,1233612831,1233612840,1262211378,1262206677,1262196571,1262182521,1233612852,1262193998,1233612824,1262207027,1262203336,1262198249,1262182594,1262195237,1262207755,1262190794,1262182380,1262210347,1262190812,1262182452,1262194936,1262199328,1262204920,1185441578,1262208869,1262211602,1262199144,1262195704,1262185164,1262210241,1262197150,1262210434,1262199934,1262199271,1262190748,1262200682,1262208770,1262186464,1262191474,1234675726,1262203695,1234675650,1262203346,1262204437,1262208811,1262202241,1262204527,11211252316,1262185590,1262199222,1262190163,1262185865,1668063927,1262195515,1262193449,1262203196,11009337365,1262207225,11211252314,1262195960,11211252315,1262208328,1185441540,1262204355,1185441569,1262183019,1262212245,1262212777,1262192470,1262208298,1262197981,1262194443,1185441549,1262197105,1185441551,1262186201,1262199241,1185441575,10200584300,10200408843,1262205104,11211252313,1262195832,1262208385,1262209301,1262194948,1262198072,1262211472,1262197194,1230710356,1230710401,1262209161,1262194483,1213368919,10200408842,1262208027,1185441561,1230710173,1230709749,1262204124,1185441537,1231011169,1262194463,1212944734,1212944745,1262206303,1262208993,1262195744,1262212144,1262195529,1262208902,1262212584,1262200195,1262197335,1262197168,1262195360,1262195977,1262199321,946525640,2291878854,2291878847,946525613,1262204508,1262182442,1262184570,946525626,1262211055,1262199057,1262186951,1262192776,1262210406,1262203278,1262196857,1262210254,1262199601,1262207652,1262192820,1262192572,1262182489,1262198018,1262208395,1262208246,1262212146,12690560970,1262204223,1262197828,1262204392,1262183098,1262212550,1262203181,1262209396,1262196675,1262203579,1262185760,1262197125,1262211759,1262183534,1262194696,1262191338,1262208360,1262207271,1262207439,1262209980,1262212738,1262200111,1262194584,1262204585,1262212453,1262198988,1262198123,1262212515,1262197053,1262209471,1262197177,1262198384,1262209293,1262199646,1262204607,1262208375,1262208983,1262185661,1262201597,1262208218,1262207930,1262195899,1262192507,1262196140,1262182653,1262199082,1262199702,1262197372,1262187256,1262208290,1262197969,1262201321,1262197313,1262211448,1262210034,1262182600,1262197071,1262196581,1262204331,1262184392,13051936980,13051936979,3228156230,12701902027,1262195543,1262193705,1262206540,1262195996,1262210565,1262195403,1262200220,1262187100,1262207479,1262194791,1262198137,1262203653,1262203564,1262212324,1262195144,1262182776,1262199205,1262208958,1262199591,1262193765,1262203257,1262194988,1262188706,1262202792,1262194321,1262197282,1262212832,1262211335,1262189175,1262199980,1262198311,1262195447,1262183195,1262208260,1262211717,1262184927,1262196052,1262205722,1262209117,1262192893,1262192699,1262191010,1262190401,1262205881,1262203738,1262209939,1262196012,1262192555,1262209422,1262184292,1262201989,1262207376,1262208142,1262187575,1313599114,1313599098,1313599087,1313599111,1262201435,1313599104,1229580307,1229827398,12823257925,1262196595,1262210281,1262196239,1229827470,1229580327,1262198584,1229580319,1262199709,1229827300,1262195359,1262203217,1262195096,1262194495,3228284521"
Residenza CIT Turin,45.0674067,7.6354469,mobilità,charging_station,0,7,9,22,"13042652773,10759330929,11505952227,10704779934,5787665000,7412497420,9568693093,11032837899,10574420948,11895314700,12804904532,12766392871,9952823611,12804895752,12504447605,13138483052,11518533826,10203837376,13027591668,10243424972,13340070604,13027614487"
Residenza CIT Turin,45.0674067,7.6354469,mobilità,car_sharing,0,0,0,1,4616005750
Residenza CIT Turin,45.0674067,7.6354469,mobilità,taxi,0,1,1,4,"1470612633,2214915027,3205040135,2902424081"
Residenza CIT Turin,45.0674067,7.6354469,mobilità,parking,0,6,36,158,"103409685,83196478,1040537885,1109766700,1040537886,1038012059,1062088026,294134647,106837754,211771635,291892756,862975532,1123178661,851290376,1222735865,1123178659,1418357920,1418357265,81892443,1418357921,1450297255,169109665,254428905,290481673,81603203,386376298,290481672,290481671,386376080,386376296,386376081,4734924482,1388871429,102643101,847969006,847969007,104230904,847959016,802596631,243354152,243354153,166581389,82290354,1125287584,290436848,290436857,290436845,133144552,1192476391,848622593,131713580,11503903538,184476157,1150750603,1154039642,1208808264,560321339,646904179,166583965,791410567,792699652,841495751,841502849,140260606,83808962,106366574,376495005,154500752,839476414,839476413,1218048192,752839776,270802496,693367780,693367779,1032863499,300189916,287520875,1027356692,1222544251,294137831,1227626225,1068557306,1068834433,1066448011,1216250184,219922320,1216250183,134467635,336054157,336054158,1216407390,219922338,171721723,1216238314,1216238309,1216238310,1051058726,1216238307,1216238308,592440671,1216245336,472568620,1216407389,438987370,571037511,772457827,274564580,104183442,389735411,1121215910,888437474,892435294,167316233,1423333701,292034360,171572406,1243695860,171572408,885983220,901726403,8238384557,885983263,8238384556,909076060,893611639,525114438,804926618,1125419383,881078243,822527115,110530901,388410845,892061235,895352333,895352332,891936899,891936900,389549638,391743104,389601115,389601114,448718773,448969330,110534406,110862166,110862168,525113175,448434080,132528231,222172799,6411440333,123075860,1381549540,883916435,82257430,82257429,122594341"
Residenza CIT Turin,45.0674067,7.6354469,mobilità,car_rental,0,0,0,2,"659970718,1819918149"
Residenza CIT Turin,45.0674067,7.6354469,mobilità,bicycle_parking,0,5,34,138,"10842180233,7174535553,10871415399,2699774351,10873504947,10846725764,10848373825,10873504985,10873504986,10871415400,12604248402,6284273900,2699765012,2699765013,2699765014,2699765015,10852570102,10750674542,10852570103,10750674543,10873504976,2699763618,10873504975,10852593727,2699763619,10852593712,10850759990,10850759982,10850759991,10848408078,10750671202,10994635793,10852593713,2699763620,2699760641,10852593711,7076001860,7685876482,10873504948,7685967899,10852570101,3799076904,7635131587,6104249055,7063812962,10873504950,10873504949,2699760635,2699760634,10873504974,7918354187,10853204514,2699760640,2699760639,2699762076,2699762075,7785624492,9565968757,2699760636,2699760637,2699759056,2699759058,12394522606,12394489858,10873504973,6912162938,7815134903,10113463334,10113463333,10113463332,10113463331,9580694089,10113463330,10113463329,10113463335,2016369763,2017759603,1783770824,3431361722,13301048574,12896310110,2602219048,2699762534,12712880205,12712831795,2699762531,2699763621,2699762528,2699762080,7174545829,12165839590,13273630892,7076001859,7076001858,2699762077,12951928674,10901383359,2699745133,2699762079,7807429771,10771806119,2699762078,2699762081,9300406026,2699743589,13231686483,12165839584,7076063225,2699745128,7076063226,7076063227,7076063223,7076063224,7076063222,7076063221,7076063220,7076063219,7076063218,7076063217,7076063216,7076063232,7076063233,7076063229,7076063228,2699745134,7076063215,2699745131,7076063214,2699745130,2699745129,12889486162,13231692502,12889485978,12889485179,12889481110,12889467141,12791438497,13303872013"
Residenza CIT Turin,45.0674067,7.6354469,mobilità,bicycle_rental,0,0,0,1,12068398565
Residenza CIT Turin,45.0674067,7.6354469,mobilità,primary,0,0,0,0,
Residenza CIT Turin,45.0674067,7.6354469,mobilità,secondary,0,0,0,0,
Residenza CIT Turin,45.0674067,7.6354469,verde,park,1,4,19,95,"1109766692,287675212,599426190,97079974,865449655,1281995798,1222735862,851290355,1281996512,97080017,97550213,123245358,96704211,466175067,466175069,466175070,103422196,466175068,1126392199,104240184,104230582,104240183,37524337,243356957,759194439,646904183,290137848,1254357945,82290353,646904177,646904181,792699653,171271678,104147826,166986552,83808971,848000866,192280717,1185553285,293857921,202530430,337532331,335550691,337532332,213894209,571008370,97550214,438380758,97686011,168437530,571008371,389732506,167316232,133623606,82205065,1153579567,390153110,886067334,888437481,888451639,314020901,286095909,895315284,901726422,888451642,181314354,181314353,873160468,888451650,888470381,314108055,769102585,709584087,242407848,292034395,82400823,36854185,1055411315,880153068,822527117,136174598,385418437,605805917,731935819,41752855,41752854,117959657,525113176,129903965,479483770,82202795,288891648,769097597,883916433,769102583"
Residenza CIT Turin,45.0674067,7.6354469,verde,garden,0,1,5,154,"874051315,1224543271,1222821235,1069969272,290481670,292158239,106333266,759206589,759206590,140266730,107167208,1222210926,1222210925,1216273007,478280745,1216496187,913296524,1221747935,911490404,898105031,898105030,912941790,912941791,898105032,912941765,911490403,911527611,1218276699,1183650332,1183650331,1218276695,892435308,82290351,888354908,897707178,888354904,888354903,888354905,897707188,885983275,888354906,897707189,892435320,892435322,897304955,897304935,911342036,897304934,895660509,895315779,895315780,895315778,895315777,894509028,895315776,894684426,895315775,901726429,894509024,894684436,895315774,894357524,894357546,1281784979,885983278,886066456,885983213,886066462,664934591,885983233,885983255,885983257,885983236,885983277,885983245,893427549,884864142,893621190,883226367,884146072,893427570,893427561,893427562,893611640,893427548,893427547,888568023,888568021,888582098,1055416062,881236255,909076059,1055416029,1055413219,881551760,892460217,892460222,892460206,892460208,891498339,891498341,891498343,891498340,890748884,892460219,916939206,916939199,10901405103,1433432894,111596409,525113177,889467736,525113178,889468648,889467729,766788903,889348394,918136704,889467725,918136703,917103499,917103501,919048424,893738461,288891649,893453944,916438090,916438130,917103497,916939198,916438146,916939214,916438095,917103478,883708994,916438144,916438094,916939212,916438145,916438127,916438096,916438128,916438147,916939204,917103477,916438101,916438102,917103503,916438129,917103502,916438103,916438107,917103500,918136682"
Residenza CIT Turin,45.0674067,7.6354469,verde,grass,0,0,28,255,"281656211,281656210,592383454,281656209,281656212,1195859706,1068570766,966689851,966689850,484744751,484744754,1418357914,1418357915,484744758,846003834,846003833,1126392509,1126392512,1126472583,1126392510,1126392511,1131164754,1131164753,104240182,666707223,759194441,1238389436,1238389437,1150137827,1238389435,1150137826,1239406381,1239406380,1238389427,1239177125,154500720,687010710,687010712,891907991,687010711,154500733,646909062,687010714,687010713,687010715,687010716,154500739,154500731,154500729,1066997745,234298691,154500724,316299344,154500736,315954828,234298714,234298715,234298692,234298708,234298712,234298709,234298702,234298698,234298695,234298694,234298699,234298703,234298687,234298690,234298711,234298688,234298710,234298707,234298706,234298700,234298713,234298697,234298696,234298689,234298693,234298705,234298701,234298704,315954833,181232343,181232355,181232342,181232349,181232340,181232352,286653246,181232353,181232350,181232347,181232345,181232348,181232341,286653247,181232346,286767165,314388661,286767159,286767161,181232351,286653245,286653244,286653242,242409910,286653241,286646606,286647293,286653240,286653237,286646604,286646594,286645617,286653239,286646607,286647294,286646605,286647291,732177417,286646595,1236922853,286646601,732177420,732177418,286646602,732177419,286646603,286647290,286646597,242409911,242409909,1068769879,1068834438,1068834431,1068834437,1068596098,1068763133,1216410424,1216250181,1216238313,1216017279,1216250185,1216020594,1216250182,1216020595,1216238312,1216020596,1216017278,484744760,913316089,337532333,1267945642,571634201,1267945641,898105045,911490408,912537095,912537092,912537094,911631941,911631958,911631967,911631960,911631969,911631952,911631959,911631957,911631953,911631951,438380761,1217131872,1217208884,1217208291,911467585,911342051,901898030,901898029,1339217622,1339217623,901898028,885983264,885983265,883226368,954750078,953713788,953713787,956494708,954750079,956494707,956494706,955893950,37671811,731899351,731899352,731899353,1173967163,731899358,1173907484,1173907485,731899359,731899350,731899354,1173907483,1173898346,1173898347,731899360,1173898349,1173898348,731899357,731899355,731899356,732096036,732096037,732096038,732096048,731939743,731935824,731935825,731939740,731939738,731939741,221891468,731939739,731939742,889467735,762971427,732125145,732125146,732177422,732125147,178997269,732125144,178997273,732125148,732125140,178997270,684348512,732125143,732125142,732125141,732125149,732125150,732125151,732125152,37738037,732125138,732157568,732157567,732125139,1339217624,769102584,917103479"
Residenza CIT Turin,45.0674067,7.6354469,verde,wood,0,0,0,1,835355026
Residenza CIT Turin,45.0674067,7.6354469,verde,forest,0,0,0,1,956497469
Residenza CIT Turin,45.0674067,7.6354469,verde,meadow,0,0,0,0,
Residenza CIT Turin,45.0674067,7.6354469,verde,scrub,0,0,0,0,
Residenza CIT Turin,45.0674067,7.6354469,verde,allotments,0,0,0,1,433042260
Residenza CIT Turin,45.0674067,7.6354469,verde,playground,2,5,24,64,"1455945521,1041278040,11622778326,9288498355,11897183145,1124860756,847961152,389404045,169109664,169109654,1114937101,2506967014,1114938741,10696669360,833668347,833668346,169109663,1135247414,171271131,557627561,169109652,290144055,169109659,169109658,2113377131,1238389440,467446544,7685973296,1114952714,140235237,165022279,306160704,556681453,906203825,306160702,2028399382,1066934059,572129026,571006383,911467591,571408914,5491685425,290144050,804923258,82205062,772447467,888451641,314108056,888470379,888470385,788805104,124772011,1115761786,11832550679,880153078,390653412,448718771,1173081441,801903369,129903966,919048423,82400814,448434079,1382575171"
Residenza CIT Turin,45.0674067,7.6354469,verde,recreation_ground,0,0,0,0,
Residenza CIT Turin,45.0674067,7.6354469,verde,nature_reserve,0,0,0,0,
Residenza CIT Turin,45.0674067,7.6354469,verde,lake,0,0,0,0,
Residenza CIT Turin,45.0674067,7.6354469,verde,reservoir,0,0,0,0,
Residenza CIT Turin,45.0674067,7.6354469,sport,fitness_centre,0,0,4,12,"9757354675,755889752,5592340115,5592321393,7272896085,11274687270,5846394818,9568693090,11293465819,5592351571,630539346,4477792090"
Residenza CIT Turin,45.0674067,7.6354469,sport,sports_centre,1,3,7,18,"13307202101,1037996309,10090308290,646909064,751826434,290482354,646909066,3799075121,742125234,4086636019,3200584297,168437524,314254880,290420034,290423873,4479684158,83825215,289416784"
Residenza CIT Turin,45.0674067,7.6354469,sport,stadium,0,0,1,2,"43138628,285499599"
Residenza CIT Turin,45.0674067,7.6354469,sport,swimming_pool,0,0,1,2,"431631714,379375639"
Residenza CIT Turin,45.0674067,7.6354469,sport,water_park,0,0,0,0,
Residenza CIT Turin,45.0674067,7.6354469,sport,pitch,5,8,44,144,"82295505,294134654,83685153,103649704,103650076,467648069,1006779136,290482367,1126581879,5491712414,422061581,169444963,169109655,169444964,847961150,847961151,83676850,169444965,169444966,169444967,169444968,169444969,83676825,169444962,290245229,10301477239,290245230,290245231,467648071,305071206,1126470600,10197383852,467648063,467648060,10197383853,1124007367,191495971,191495973,191495969,833668344,416059891,833668348,285499767,10301477240,1114952586,122455822,166582169,166582150,166583970,229256419,229256420,229256683,229256235,83386642,847975010,839152651,839152652,846003832,848616352,848616351,7685973295,1062615795,1135281752,7685967898,823258433,166582149,166582159,166583971,166582161,1123200344,8415343321,1058456079,1058456078,906203826,556681458,556681459,7007648418,7007648417,1226476500,294150156,637559789,9792833748,1066934060,1216496186,5491715388,912941768,369847632,911631950,911342030,369847633,369847631,169446393,169446392,10303519262,169446389,169446391,945175002,82290347,292034359,292036104,292034357,292036102,83393204,10301482921,169446390,292036101,1239172057,661429603,897304943,885983260,893621184,883226363,9072007555,9072007556,242407846,242407872,242407870,1086267302,186413455,1221399783,880153075,880153074,884136331,835698128,385418498,846003831,186413454,1303852812,1173898344,1173235467,731935820,731935821,41752773,731935823,220614907,220614908,388690911,83825205,875720649,289416782,289416786,289416797,289416790,13112378001"
Residenza CIT Turin,45.0674067,7.6354469,sport,tennis_court,0,0,0,0,
Residenza CIT Turin,45.0674067,7.6354469,sport,golf_course,0,0,0,0,
Residenza CIT Turin,45.0674067,7.6354469,sport,ice_rink,0,0,0,0,
Residenza CIT Turin,45.0674067,7.6354469,sport,bowling_alley,0,0,0,0,
Residenza CIT Turin,45.0674067,7.6354469,sport,climbing_wall,0,0,0,0,
Residenza CIT Turin,45.0674067,7.6354469,sport,gym,0,0,0,0,
Residenza CIT Turin,45.0674067,7.6354469,commerciale,shop,0,0,0,0,
Residenza CIT Turin,45.0674067,7.6354469,educazione,school,3,4,9,50,"1210277879,862950965,2018185225,865449659,865449656,865449657,254434717,1108121172,169117804,367967850,367967851,243356083,1123417944,1123417943,1123417945,376495012,763986057,763986058,9623980923,131584960,744546260,3799075120,3799075123,282772081,837385370,438380755,529644452,369847634,376503486,892437397,291465020,369833269,314253563,761431036,181314352,314253764,879877463,369816435,58888771,369816434,385417873,388411291,137280029,875684723,889097430,889096565,443199497,443199498,318938045,453977011"
Residenza CIT Turin,45.0674067,7.6354469,educazione,kindergarten,2,2,6,20,"1040174839,862950963,254434718,290413521,169117808,167457423,466886543,3149305228,3149300430,3798287445,3799075125,879463614,9580741278,335550693,4254402204,390148247,898160525,131644847,919048421,883378381"
Residenza CIT Turin,45.0674067,7.6354469,educazione,university,0,0,0,2,"12694977921,12168588078"
Residenza CIT Turin,45.0674067,7.6354469,educazione,college,0,0,1,1,131654729
Residenza CIT Turin,45.0674067,7.6354469,educazione,music_school,0,0,0,1,12569155038
Residenza CIT Turin,45.0674067,7.6354469,educazione,driving_school,0,1,5,9,"13042699426,4734602699,12995526273,12509555365,13098339874,10729626293,9962100684,13273674967,12951948641"
Residenza CIT Turin,45.0674067,7.6354469,educazione,research_institute,0,0,0,0,
Residenza CIT Turin,45.0674067,7.6354469,educazione,vocational_school,0,0,0,0,
Residenza CIT Turin,45.0674067,7.6354469,educazione,library,0,1,2,5,"13144212299,1513480039,293677523,4604602037,11926381625"
Residenza CIT Turin,45.0674067,7.6354469,educazione,archive,0,0,0,0,
Residenza CIT Turin,45.0674067,7.6354469,educazione,museum,0,0,1,2,"182886373,397514864"
Residenza CIT Turin,45.0674067,7.6354469,educazione,community_centre,0,0,2,2,"432388873,13082041537"
Casa di Riposo San Vincenzo,45.0474456,7.7158648,sanità,healthcare,0,0,0,0,
Casa di Riposo San Vincenzo,45.0474456,7.7158648,sanità,pharmacy,0,0,0,0,
Casa di Riposo San Vincenzo,45.0474456,7.7158648,sanità,dentist,0,0,0,0,
Casa di Riposo San Vincenzo,45.0474456,7.7158648,sanità,veterinary,0,0,0,0,
Casa di Riposo San Vincenzo,45.0474456,7.7158648,sanità,optician,0,0,0,0,
Casa di Riposo San Vincenzo,45.0474456,7.7158648,sanità,medical_supply,0,0,0,0,
Casa di Riposo San Vincenzo,45.0474456,7.7158648,sanità,defibrillator,0,0,0,2,"8210481138,8259759257"
Casa di Riposo San Vincenzo,45.0474456,7.7158648,sanità,hospital,0,0,0,0,
Casa di Riposo San Vincenzo,45.0474456,7.7158648,sanità,clinic,0,0,0,0,
Casa di Riposo San Vincenzo,45.0474456,7.7158648,sanità,doctors,0,0,0,0,
Casa di Riposo San Vincenzo,45.0474456,7.7158648,mobilità,station,0,0,0,0,
Casa di Riposo San Vincenzo,45.0474456,7.7158648,mobilità,subway_entrance,0,0,0,0,
Casa di Riposo San Vincenzo,45.0474456,7.7158648,mobilità,tram_stop,0,0,0,1,13326178314
Casa di Riposo San Vincenzo,45.0474456,7.7158648,mobilità,bus_stop,5,12,44,143,"1262208380,1262195480,1262197731,1262204535,1262183403,1262208226,1262192706,1262198069,1262198445,1262196357,1262211500,1262208182,1262192466,1262195324,1262209515,1262196647,1262207853,1480474270,1262190981,1262197218,1262184662,1262204656,1480474276,1262203192,1262194723,1262209179,1262196512,1262206934,1262207679,1480474287,1480474282,1262211196,1262199022,1480474260,1262197190,1480474258,1262212607,1262207895,1262197255,1262206294,1262199787,1262203825,1262212530,1262194890,1262197079,1262184419,1480474268,1480474269,1480474262,1262198132,1262197142,1480474257,1262209613,1262208977,1262182398,1262212389,1262211321,1262191031,1262198260,1262200999,1262208051,1262191998,1262187555,1262194051,1262209878,1262203354,1262195649,1262195757,1262194554,1262184239,1262209956,1262200090,1262196774,1262196983,1262197162,1262185506,1262199854,1262199213,1262207712,1262205334,1262198560,1262207410,1262191831,1262182436,1262206964,1262203493,1262207516,1262189714,1262194254,1262203418,1262212845,1262202113,1262185889,1262209645,1262196111,1262196200,1262199040,1262211222,1262182162,1262183490,1262205449,1262197416,1262202001,1262192562,1262185725,1262206874,1262188757,6593052233,6593052234,1262192663,1262188076,1262206632,1262200241,1262201643,1262197388,1262198198,1262189867,1262211349,1262182702,1262196247,1262199382,1262208303,1262204271,1262205905,1262204050,1262196312,1262193785,1262208882,1262195024,1262197328,1262196148,1262212974,1262204577,1262188303,1262200697,1262195966,1262186888,1262207456,1262196847,1262208744,1262190657,1262203371,1262194091"
Casa di Riposo San Vincenzo,45.0474456,7.7158648,mobilità,charging_station,0,0,0,2,"11676231525,9671594609"
Casa di Riposo San Vincenzo,45.0474456,7.7158648,mobilità,car_sharing,0,0,0,0,
Casa di Riposo San Vincenzo,45.0474456,7.7158648,mobilità,taxi,0,0,0,0,
Casa di Riposo San Vincenzo,45.0474456,7.7158648,mobilità,parking,0,1,9,41,"1086033380,1075063889,1432694418,1433218612,842479608,842479609,842479611,132406184,69976487,77914307,111728389,1428971502,41798667,1256054371,1441572060,411031505,1255963826,1411982815,1256019628,4127735019,4127734643,4127734444,1414322225,4127735255,1383338299,4127735240,305862806,84974307,60257348,77912848,153604809,111622925,4127734429,4127734415,4127734464,147850282,702065276,702065275,78342699,450499423,4127734825"
Casa di Riposo San Vincenzo,45.0474456,7.7158648,mobilità,car_rental,0,0,0,0,
Casa di Riposo San Vincenzo,45.0474456,7.7158648,mobilità,bicycle_parking,0,0,0,1,8269943195
Casa di Riposo San Vincenzo,45.0474456,7.7158648,mobilità,bicycle_rental,0,0,0,0,
Casa di Riposo San Vincenzo,45.0474456,7.7158648,mobilità,primary,0,0,0,0,
Casa di Riposo San Vincenzo,45.0474456,7.7158648,mobilità,secondary,0,0,0,0,
Casa di Riposo San Vincenzo,45.0474456,7.7158648,verde,park,0,1,1,10,"111646227,1432694404,1428971503,287696722,109742701,42138385,113718207,816783671,895647570,784211972"
Casa di Riposo San Vincenzo,45.0474456,7.7158648,verde,garden,0,2,15,141,"1428461506,1428461508,1428461498,1428534585,1428632700,1428461512,1428534594,1428461499,1429655975,1430558115,1429655972,1429927726,1429668711,1429668710,1429668709,1430558102,1430558111,1430558114,1429655978,1430558101,1429655977,1430558098,1431902919,1431902918,1431902920,1431902926,1431902917,1430558093,1431902925,1431902923,1431902908,1431902907,1431902906,635651375,1432694413,1432694420,1432694414,1432694410,1432694408,1433218603,1432694412,1433516891,1433516897,1432694406,1433516899,1433218602,1433218608,1433218609,1433218611,635651377,1433516893,1433516896,1434558345,1434859342,1429455090,1431214248,1429531893,1429531906,1431167268,1431167270,1435026062,1429455089,1429531911,1435026061,1435026060,1429455098,1435026072,1429531910,1429455104,1435074195,1435248845,1435248868,1435248844,1435074194,1435248869,1435248853,1435074200,1435074202,1429455120,1435074193,1435248854,1435248861,1435248855,1435248851,1428870601,1435248860,1435248856,1435248850,1433516866,1434558331,1433516869,1433516870,1434558326,1434859339,1434558323,1434558321,1434558344,1434859340,1433516867,1434859343,1434859351,1434859338,1434558312,1434558342,1434558339,1434558336,1434558316,1433516874,1434558328,1434558319,1434558314,1434558315,1433516882,1434558313,1433516875,1434859334,1434859333,1434558318,1434558317,1435026103,1435026104,1441572055,1441572048,1412323438,1441572051,1441572050,1411246328,1441572049,1441572058,1411656563,411053238,633972127,411053241,633972128,1428632694,1428632682,1428632684,1428632689,1428632692,1410841701,1410961476"
Casa di Riposo San Vincenzo,45.0474456,7.7158648,verde,grass,0,0,6,27,"112698601,842026974,1429531892,1435026096,1435026095,1435026078,1435026075,890136925,1433516865,411053235,129209564,129209563,84974310,84974311,82442519,834177892,791803245,791803243,770050233,1103796070,791803246,1103796081,1324210687,1324210683,1324210682,1324210688,1324210684"
Casa di Riposo San Vincenzo,45.0474456,7.7158648,verde,wood,1,1,3,33,"1429668713,1075307130,1430558097,256273453,1433516888,1075307129,1429531902,1429655981,1435026069,1428971488,1435026063,1435026076,1435026071,274287831,1428971491,1428971492,1429455121,1431214247,1434859332,1433516863,1434859344,1434859331,1435026077,256204633,457323345,256204642,28110844,256204634,28110814,61732412,81268267,256204632,28089070"
Casa di Riposo San Vincenzo,45.0474456,7.7158648,verde,forest,0,0,1,7,"28110850,1075063885,274291006,1066222729,1324210693,28110829,180567010"
Casa di Riposo San Vincenzo,45.0474456,7.7158648,verde,meadow,0,0,0,0,
Casa di Riposo San Vincenzo,45.0474456,7.7158648,verde,scrub,0,0,0,15,"1428534593,1428461509,1428461496,1428534584,1429668705,1430558096,1431167269,1432694422,1429455088,1431167266,1435248870,1435248842,1435248867,1428870607,1441572063"
Casa di Riposo San Vincenzo,45.0474456,7.7158648,verde,allotments,0,0,0,0,
Casa di Riposo San Vincenzo,45.0474456,7.7158648,verde,playground,0,0,1,4,"1433218613,1432694403,11676688669,772750642"
Casa di Riposo San Vincenzo,45.0474456,7.7158648,verde,recreation_ground,0,0,0,0,
Casa di Riposo San Vincenzo,45.0474456,7.7158648,verde,nature_reserve,0,0,0,0,
Casa di Riposo San Vincenzo,45.0474456,7.7158648,verde,lake,0,0,0,0,
Casa di Riposo San Vincenzo,45.0474456,7.7158648,verde,reservoir,0,0,0,0,
Casa di Riposo San Vincenzo,45.0474456,7.7158648,sport,fitness_centre,0,0,0,1,10784287024
Casa di Riposo San Vincenzo,45.0474456,7.7158648,sport,sports_centre,0,0,0,0,
Casa di Riposo San Vincenzo,45.0474456,7.7158648,sport,stadium,0,0,0,0,
Casa di Riposo San Vincenzo,45.0474456,7.7158648,sport,swimming_pool,1,8,16,61,"1422783989,1346977120,1423807360,1422783986,1428534589,1428461503,1423807401,1423807398,1422419030,1422418993,1422419019,1422224010,1422224027,1422594076,1075063887,1422594081,1433218610,1433218607,1429531899,692335424,1435074201,1411656629,899626040,1435026110,1323785257,1412323464,1411982775,1270460659,1066222728,1411656647,1411656609,1411656646,1411656637,1411656614,1410841703,1411656613,1410961460,1410961449,1410961426,1410961419,1103796068,824078650,824078661,824078665,824078705,824078678,824078752,824078776,1421771498,824078784,824078807,1066094576,769051961,1066094575,1066094579,769051964,824094670,824094719,824094718,824094675,843604986"
Casa di Riposo San Vincenzo,45.0474456,7.7158648,sport,water_park,0,0,0,0,
Casa di Riposo San Vincenzo,45.0474456,7.7158648,sport,pitch,0,3,12,35,"1346977119,1422419022,1346976213,1089685037,1429531896,1421975477,1428971499,1421975464,1411656642,1411656644,1421975465,1411656643,1411656645,1005248573,1005248575,1005248574,1410961405,1410961406,256368311,1418747925,1410563539,1410563538,1410563540,1410563541,1410563544,1410563543,824078624,824078640,824078772,1421771500,769051962,824109528,824109514,824094689,824078840"
Casa di Riposo San Vincenzo,45.0474456,7.7158648,sport,tennis_court,0,0,0,0,
Casa di Riposo San Vincenzo,45.0474456,7.7158648,sport,golf_course,0,0,0,0,
Casa di Riposo San Vincenzo,45.0474456,7.7158648,sport,ice_rink,0,0,0,0,
Casa di Riposo San Vincenzo,45.0474456,7.7158648,sport,bowling_alley,0,0,0,0,
Casa di Riposo San Vincenzo,45.0474456,7.7158648,sport,climbing_wall,0,0,0,0,
Casa di Riposo San Vincenzo,45.0474456,7.7158648,sport,gym,0,0,0,0,
Casa di Riposo San Vincenzo,45.0474456,7.7158648,commerciale,shop,0,0,0,0,
Casa di Riposo San Vincenzo,45.0474456,7.7158648,educazione,school,0,1,1,6,"1075307126,7796907023,1176873243,82256497,4946642021,8259759258"
Casa di Riposo San Vincenzo,45.0474456,7.7158648,educazione,kindergarten,0,0,0,1,7807308276
Casa di Riposo San Vincenzo,45.0474456,7.7158648,educazione,university,0,0,0,0,
Casa di Riposo San Vincenzo,45.0474456,7.7158648,educazione,college,0,0,0,0,
Casa di Riposo San Vincenzo,45.0474456,7.7158648,educazione,music_school,0,0,0,0,
Casa di Riposo San Vincenzo,45.0474456,7.7158648,educazione,driving_school,0,0,0,0,
Casa di Riposo San Vincenzo,45.0474456,7.7158648,educazione,research_institute,0,0,0,0,
Casa di Riposo San Vincenzo,45.0474456,7.7158648,educazione,vocational_school,0,0,0,0,
Casa di Riposo San Vincenzo,45.0474456,7.7158648,educazione,library,0,0,0,1,4936115896
Casa di Riposo San Vincenzo,45.0474456,7.7158648,educazione,archive,0,0,0,0,
Casa di Riposo San Vincenzo,45.0474456,7.7158648,educazione,museum,0,0,0,1,6433935512
Casa di Riposo San Vincenzo,45.0474456,7.7158648,educazione,community_centre,0,0,0,0,
RSA Le Terrazze,45.1023505,7.6387887,sanità,healthcare,0,0,0,0,
RSA Le Terrazze,45.1023505,7.6387887,sanità,pharmacy,2,4,9,21,"4733732772,3563452895,4733730429,7368578482,7312162847,2932635380,7368520916,2505526580,4733875703,4733876380,7368562160,7177940988,7177858867,4733869636,4733870733,4733873923,4733919902,7474555548,3430113512,7378920899,4733919826"
RSA Le Terrazze,45.1023505,7.6387887,sanità,dentist,0,0,0,0,
RSA Le Terrazze,45.1023505,7.6387887,sanità,veterinary,0,0,0,0,
RSA Le Terrazze,45.1023505,7.6387887,sanità,optician,0,0,0,0,
RSA Le Terrazze,45.1023505,7.6387887,sanità,medical_supply,0,0,0,0,
RSA Le Terrazze,45.1023505,7.6387887,sanità,defibrillator,0,0,2,2,"11291207038,12146245101"
RSA Le Terrazze,45.1023505,7.6387887,sanità,hospital,0,0,1,1,11640646342
RSA Le Terrazze,45.1023505,7.6387887,sanità,clinic,0,0,2,2,"4733738280,7179244441"
RSA Le Terrazze,45.1023505,7.6387887,sanità,doctors,0,0,0,0,
RSA Le Terrazze,45.1023505,7.6387887,mobilità,station,0,0,0,0,
RSA Le Terrazze,45.1023505,7.6387887,mobilità,subway_entrance,0,0,0,0,
RSA Le Terrazze,45.1023505,7.6387887,mobilità,tram_stop,3,5,10,29,"946577696,946577584,1569038332,946577693,946742852,946742823,946742785,946577711,946742825,946742787,946742856,946742809,1229827407,946742863,946742770,946742838,946742899,946742875,13342739753,1229827560,8675458042,1262182544,1229827697,1427044890,951433215,1229827295,1229827195,1229827601,1229827276"
RSA Le Terrazze,45.1023505,7.6387887,mobilità,bus_stop,7,22,69,185,"1262209506,1262210297,1262212628,1262208461,1262192447,1262210223,1262210677,1262201183,1262197305,1262203381,1262208801,1262207957,1262196028,1262198651,1262196624,1262199396,1262200864,1262182723,1262207115,1262203084,1262212796,1262194117,1262199802,1262193037,1262197269,1262204256,1262195783,1262207913,1262210271,1262194977,1262195990,1262188903,1262203936,1262188478,1262207580,1262182262,1262182236,1262192071,1262197435,1262201579,1262207045,1262199970,1262201307,1262211183,1262189125,1262209363,1262200157,2291910679,1262189491,2291910683,1262210159,2291878629,13340572748,1262207491,1262196908,1262183371,1262197707,1262195641,1262212836,1262208728,1262209726,1262189313,1262206949,1262207429,1262182431,1262197883,1262207083,1262209085,1262182405,1262203714,1262194671,1262199317,1262203747,1262195018,1262200416,1262195334,1262210316,1262205306,1262195276,1262195915,1262199154,1262195579,1262206853,1262209342,1262211115,1262202505,1262208270,1262195767,1262209627,1262204692,1262197912,1262195655,1262208897,1262204199,1262211429,1262191067,1262204839,1262195485,1262194509,1262184469,1262210382,1262209450,1262201507,1262209897,1262212537,1262203362,1262204587,1262194558,1262196871,1262196838,1262208187,1262206407,1262208477,1262196283,1262210859,1262208343,1262182502,1262189835,1262191584,1262196551,1262181948,1262192949,1262191867,1262201355,1262207985,1262199676,1262204382,1262195299,1229827090,13342739754,1262183088,1262208676,1262195925,1262210398,1262200270,1262194835,12990437010,1262200194,1262200461,12459134549,13339063376,1262193280,1262190460,1262198056,1262209825,1262208283,1262202212,1262209280,1457017825,1262202408,1262207838,1262191975,1262193680,1262184352,1262212105,1262198411,1262197222,1262194878,1262196275,1262211419,1262208054,1262203891,1262195066,1262192954,1262212410,1262196903,1262196665,1262211885,1262207868,1262182366,1262203578,1262208193,1262198165,1262203675,1262206442,1262207923,1262210669,1229827429,1262196023,1262207398,1262196762,1262196656,1262204572,1262198034,1262200069"
RSA Le Terrazze,45.1023505,7.6387887,mobilità,charging_station,0,1,2,2,"11013742764,11013741756"
RSA Le Terrazze,45.1023505,7.6387887,mobilità,car_sharing,0,0,0,0,
RSA Le Terrazze,45.1023505,7.6387887,mobilità,taxi,0,0,0,1,5543194563
RSA Le Terrazze,45.1023505,7.6387887,mobilità,parking,0,4,30,73,"1052146107,914093626,914093596,1047601924,289462907,350598661,140774446,754526713,316646624,140774444,883916435,82257429,37041494,285017151,285017148,38322092,285017150,285070811,285070405,285016866,3563452897,802137790,119510318,119510761,765902598,957117100,316549235,957117096,883916442,846925185,919673015,846925184,919673001,868823455,123587977,620145344,921075185,868823459,316646623,398908818,620374363,768824820,768824821,116380707,105072070,765902599,768824831,768824822,768824823,768824830,1021467563,1071123991,1022695387,195276805,876642147,693617367,876642145,119512811,165944889,119510295,397850620,398053342,957117105,957117104,165085738,165944885,165947536,182514763,425377829,5543194544,1080456950,1080456951,182514764"
RSA Le Terrazze,45.1023505,7.6387887,mobilità,car_rental,0,0,0,0,
RSA Le Terrazze,45.1023505,7.6387887,mobilità,bicycle_parking,0,0,1,5,"2900432848,12120421659,10831661710,9519183729,11950499859"
RSA Le Terrazze,45.1023505,7.6387887,mobilità,bicycle_rental,0,0,0,0,
RSA Le Terrazze,45.1023505,7.6387887,mobilità,primary,0,0,0,0,
RSA Le Terrazze,45.1023505,7.6387887,mobilità,secondary,0,0,0,0,
RSA Le Terrazze,45.1023505,7.6387887,verde,park,0,2,9,29,"140774441,633262008,801927117,352804141,294827977,801927116,294827976,480821049,868823458,631801832,802161320,878127523,254100539,428655680,647241676,846925187,436714244,436714264,121211619,633978502,1001522034,463268266,247794152,293696728,1080338908,1080456949,664846878,301910534,93887807"
RSA Le Terrazze,45.1023505,7.6387887,verde,garden,0,0,1,52,"914093603,914315476,914315485,914315475,149850691,914315477,883708994,920625897,920118750,920118749,919657585,920118755,919657586,920118740,919657591,920118744,919709083,919657592,919672998,919724557,919709048,921075201,919724558,921075200,921075204,921479317,921479324,921479314,921479323,921479319,920118746,920118747,920118748,920118745,664905158,664905157,664916293,125667384,876642132,876642131,876642126,876642130,876642128,876642150,876642148,876642129,876642127,876642151,876642139,664915419,1016975659,81620571"
RSA Le Terrazze,45.1023505,7.6387887,verde,grass,4,12,55,171,"914315467,914159392,893796322,914217503,893738444,893738443,893738442,914217504,914315500,914234002,914315498,914315499,914315497,914315486,304476163,287695723,287695729,914315469,287695725,304476161,914315489,289462909,914315470,926317335,304476164,304476160,304476162,626529206,288617700,1064529269,436714242,287695730,287696035,914234001,914234003,287696039,287695726,289716340,768892605,289716346,289716339,693615743,693615747,129321527,693616344,289716343,768824825,768824829,768824828,768951362,768824826,289716344,768824827,289716345,919657582,919657583,919657584,81976030,920661315,920661316,920661314,920661317,81976033,920661319,920661313,921075162,81976031,920036095,921479284,577583406,921479315,577583404,1306640972,920118742,1288746885,846925186,848623838,246370042,246370044,246370040,245651852,577583405,246370043,246370041,848623840,245651854,245651855,116378791,768824843,768824840,289950702,768824841,289950698,768824845,768824842,768824844,768824846,768813349,768824832,768824836,768824837,1239764266,846003826,768824838,768824835,768813347,768824839,768824834,768813348,768824833,768813346,246366194,246366190,1071123133,1071123131,1071121492,1071121491,1071123130,1071121489,1071121490,1071121493,1071121488,1071121495,1071121494,1071121486,1022689004,1022689010,1022695366,1022695375,1022695376,876642155,1250246522,1250246521,693615745,693615744,1250246520,1250069475,693615746,1250246523,129321526,1250069474,693615739,1250246519,1250246524,1250246516,1250246525,1250246518,1250246515,1250246517,119513742,1250246514,172816609,119513741,846003827,1250246513,1250246512,1117682699,116378785,1104381718,1117682696,1104381721,116378796,1080456953,1080456952,1080460481,1080456957,1080456954,1222288073,1222283698,1222288519,1222284943"
RSA Le Terrazze,45.1023505,7.6387887,verde,wood,0,0,0,7,"304476285,914159390,914228073,914315491,920625896,921479313,920004733"
RSA Le Terrazze,45.1023505,7.6387887,verde,forest,0,0,1,2,"530269639,1193434556"
RSA Le Terrazze,45.1023505,7.6387887,verde,meadow,0,0,0,0,
RSA Le Terrazze,45.1023505,7.6387887,verde,scrub,0,0,0,21,"914315503,914315468,914228077,914159384,914159381,914159391,914228085,914228083,914315501,914228080,914228081,914315488,914228082,919709082,920036085,924938667,921479316,921479325,1239765334,1239764264,1104381719"
RSA Le Terrazze,45.1023505,7.6387887,verde,allotments,0,0,0,3,"914228075,274564739,328629985"
RSA Le Terrazze,45.1023505,7.6387887,verde,playground,0,2,6,21,"3563452938,352570456,113557355,243156173,12120385298,10831666705,122594343,6314036593,2458961315,122594342,351171619,351171617,6772490090,1057169403,80440121,243120102,122245482,11305259332,315805107,293696733,578541333"
RSA Le Terrazze,45.1023505,7.6387887,verde,recreation_ground,0,0,0,0,
RSA Le Terrazze,45.1023505,7.6387887,verde,nature_reserve,0,0,0,0,
RSA Le Terrazze,45.1023505,7.6387887,verde,lake,0,0,0,0,
RSA Le Terrazze,45.1023505,7.6387887,verde,reservoir,0,0,0,0,
RSA Le Terrazze,45.1023505,7.6387887,sport,fitness_centre,0,0,0,0,
RSA Le Terrazze,45.1023505,7.6387887,sport,sports_centre,0,0,5,13,"893796314,44051344,769032633,42929460,44050243,81976028,768862230,181116659,768857945,7177839299,254095735,287246964,768924428"
RSA Le Terrazze,45.1023505,7.6387887,sport,stadium,0,0,0,0,
RSA Le Terrazze,45.1023505,7.6387887,sport,swimming_pool,0,0,0,0,
RSA Le Terrazze,45.1023505,7.6387887,sport,water_park,0,0,0,0,
RSA Le Terrazze,45.1023505,7.6387887,sport,pitch,1,1,30,57,"914093605,769096949,58759134,1363866467,283405367,286222329,285069763,351171609,351171611,316646622,316646620,13112378001,769033182,769033175,769033180,769033179,58758878,12120421777,285070816,283405360,254095740,254095744,254095743,283405361,254095742,351171608,351171614,287694954,768824824,254095741,769033181,769033176,769033177,769033178,129305954,919709049,919673004,919709047,921075182,921075180,768857944,254095730,768857943,254402611,254402612,254402613,293858597,289950706,289950703,293858598,293858599,285047351,119509430,929813474,578574944,578541334,579193640"
RSA Le Terrazze,45.1023505,7.6387887,sport,tennis_court,0,0,0,0,
RSA Le Terrazze,45.1023505,7.6387887,sport,golf_course,0,0,0,0,
RSA Le Terrazze,45.1023505,7.6387887,sport,ice_rink,0,0,0,0,
RSA Le Terrazze,45.1023505,7.6387887,sport,bowling_alley,0,0,0,0,
RSA Le Terrazze,45.1023505,7.6387887,sport,climbing_wall,0,0,0,0,
RSA Le Terrazze,45.1023505,7.6387887,sport,gym,0,0,0,0,
RSA Le Terrazze,45.1023505,7.6387887,commerciale,shop,0,0,0,0,
RSA Le Terrazze,45.1023505,7.6387887,educazione,school,1,3,5,11,"754583185,7177945834,768902068,647241680,647241679,848705062,647241678,7177858866,7177993362,137279108,304466353"
RSA Le Terrazze,45.1023505,7.6387887,educazione,kindergarten,0,1,2,7,"7177945833,768854407,7177931212,7177940987,7177858865,315805218,302560730"
RSA Le Terrazze,45.1023505,7.6387887,educazione,university,0,0,0,0,
RSA Le Terrazze,45.1023505,7.6387887,educazione,college,0,0,0,0,
RSA Le Terrazze,45.1023505,7.6387887,educazione,music_school,0,0,0,0,
RSA Le Terrazze,45.1023505,7.6387887,educazione,driving_school,0,0,0,0,
RSA Le Terrazze,45.1023505,7.6387887,educazione,research_institute,0,0,0,0,
RSA Le Terrazze,45.1023505,7.6387887,educazione,vocational_school,0,0,0,0,
RSA Le Terrazze,45.1023505,7.6387887,educazione,library,0,1,1,2,"2546516298,243093488"
RSA Le Terrazze,45.1023505,7.6387887,educazione,archive,0,0,0,0,
RSA Le Terrazze,45.1023505,7.6387887,educazione,museum,0,0,1,2,"6429836285,4456002089"
RSA Le Terrazze,45.1023505,7.6387887,educazione,community_centre,0,0,1,1,9528544046
Residence Ithaca - iSenior,45.0824921,7.6217349,sanità,healthcare,0,0,0,0,
Residence Ithaca - iSenior,45.0824921,7.6217349,sanità,pharmacy,1,2,9,32,"7380109523,7385935795,6092363745,4734246721,7312274928,7378942316,11269135665,4734251590,7312260730,1738121268,2208919912,6061213817,3027567380,4734738176,7373154100,7378946079,4734005493,8228658596,7380102116,1446143790,1491288435,7378941367,8196134564,1432238864,4734011255,3914894256,3946017788,4111366192,3917178727,7058359416,4734135996,3563452895"
Residence Ithaca - iSenior,45.0824921,7.6217349,sanità,dentist,0,0,0,5,"13040748750,12987277703,12969033170,11269180205,12946986024"
Residence Ithaca - iSenior,45.0824921,7.6217349,sanità,veterinary,0,0,1,6,"4362506882,11278456881,10271366850,9952804074,3956304242,13273646894"
Residence Ithaca - iSenior,45.0824921,7.6217349,sanità,optician,0,0,0,0,
Residence Ithaca - iSenior,45.0824921,7.6217349,sanità,medical_supply,0,0,1,2,"294137744,12730508999"
Residence Ithaca - iSenior,45.0824921,7.6217349,sanità,defibrillator,0,0,0,1,12691328901
Residence Ithaca - iSenior,45.0824921,7.6217349,sanità,hospital,0,0,0,3,"521821122,3521390394,843447029"
Residence Ithaca - iSenior,45.0824921,7.6217349,sanità,clinic,0,0,1,3,"9588764034,4577161593,4159998135"
Residence Ithaca - iSenior,45.0824921,7.6217349,sanità,doctors,0,0,0,0,
Residence Ithaca - iSenior,45.0824921,7.6217349,mobilità,station,0,0,1,6,"332648897,496268561,496268560,496268559,496268558,332648726"
Residence Ithaca - iSenior,45.0824921,7.6217349,mobilità,subway_entrance,0,0,3,16,"1484955760,1484955761,1484955762,1484955755,1484955757,946525620,1484955758,429724253,1484955763,1484955764,1484955765,430167591,429724255,946525643,957916124,946525616"
Residence Ithaca - iSenior,45.0824921,7.6217349,mobilità,tram_stop,0,0,1,10,"1262210955,942830318,942830322,7788257670,942830306,942830333,942830319,942830330,942830344,942830324"
Residence Ithaca - iSenior,45.0824921,7.6217349,mobilità,bus_stop,6,20,57,162,"1262198231,1399644724,1262203143,1262189652,1262211378,1477917824,1262204363,946525623,946070343,946070295,946525641,1262199629,1262212144,1262195529,1262208902,1262212584,1262200195,1262197335,1262197168,1262195360,1262195977,1262199321,946525610,1262196155,946525640,946525632,2291878854,2291878847,946525613,1262200106,1262201262,1262189043,1262204508,1262182442,1262184570,946525626,1262211055,1262199057,1262210484,1262186951,1262200726,1262207530,1262192776,1262210406,1262203278,1262196857,1262210254,1262199601,1262207652,1262192820,1262192572,1262182489,1262198018,1262208395,1262208246,1262212146,12690560970,1262204223,1262197828,1262204392,1262183098,1262212550,1262203181,1262209396,1262196675,1262203579,1262185760,1262197125,1262211759,1262183534,1262194696,1262191338,1262208360,1262207271,1262207439,1262209980,1262212738,1262200111,1262194584,1262204585,1262212453,1262198988,1262198123,1262212515,1262197053,1262209471,1262197177,1262198384,1262209293,1262199646,1262204607,1262208375,1262185661,1262201597,1262208218,1262196140,1262199082,1262199702,1262197372,1262187256,1262208290,1262197969,1262201321,1262197313,1262211448,1262210034,1262182600,1262197071,1262196581,1262204331,1262184392,13051936980,13051936979,3228156230,12701902027,1262195543,1262193705,1262206540,1262195996,1262210565,1262195403,1262200220,1262187100,1262207479,1262194791,1262198311,1262195447,1262183195,1262208260,1262184927,1262196052,1262205722,1262209117,1262192893,1262192699,1262191010,1262203738,1262209939,1262199960,1262199765,1262199249,1262204635,1262198505,1262203762,1262200629,1262190870,1262184112,1262203796,1262208309,1262195096,1262194495,3228284521,1262209506,1262210297,1262212628,1262208461,1262210271,1262195990,1262188903,1262188478,1262182236,1262197435"
Residence Ithaca - iSenior,45.0824921,7.6217349,mobilità,charging_station,1,1,4,17,"13042652773,10759330929,9240428223,11032837899,10574420948,11895314700,12804904532,12766392871,9952823611,12804895752,12504447605,13138483052,11518533826,10203837376,13027591668,10243424972,13027614487"
Residence Ithaca - iSenior,45.0824921,7.6217349,mobilità,car_sharing,0,0,0,0,
Residence Ithaca - iSenior,45.0824921,7.6217349,mobilità,taxi,0,0,1,2,"2214915027,3205040135"
Residence Ithaca - iSenior,45.0824921,7.6217349,mobilità,parking,2,12,49,166,"1109766700,1040537886,1062088026,294134647,106837754,1040537887,1418357920,1418357265,81892443,1418357921,1450297255,81603203,386376298,386376080,386376296,386376081,219735942,841973860,1378306022,1378306021,841984046,1378291638,1373400615,1454491434,1451585524,1452306248,1372455970,1372104963,1372089909,192653802,1168467940,33734466,1372089908,1150720572,572131684,1353156826,1370814015,229260055,1152878418,571048424,1257852387,1152878417,1152878416,1157692129,122114019,1158185707,1150724561,1150728372,1046200795,1222544251,294137831,1227626225,1068557306,1068834433,1066448011,1216250184,219922320,1216250183,134467635,336054157,336054158,1216407390,219922338,171721723,1216238314,1216238309,1216238310,1051058726,1216238307,1216238308,592440671,1216245336,472568620,1216407389,438987370,900936894,84470728,913316090,571246785,342866808,910744908,342866809,910744903,342866810,910744895,910744894,804089756,125664374,571037511,772457827,274564580,904047155,104183442,389735411,1121215910,888437474,892435294,167316233,1423333701,292034360,171572406,1243695860,171572408,885983220,901726403,8238384557,885983263,8238384556,909076060,893611639,525114438,804926618,881078243,822527115,110530901,388410845,892061235,895352333,895352332,891936899,891936900,389549638,391743104,389601115,389601114,110534406,110862166,110862168,525113175,116648838,904480300,116648837,170359393,913974587,913974589,116648844,914061236,914061235,904480306,116648846,905200784,914080225,904655875,904480313,904655874,904655868,900506112,914093626,914093596,123075860,1381549540,1047601924,289462907,350598661,883916435,82257430,82257429,122594341,37041494,285017151,285017148,285017150,285070811,285070405,285016866,883916442"
Residence Ithaca - iSenior,45.0824921,7.6217349,mobilità,car_rental,0,0,0,0,
Residence Ithaca - iSenior,45.0824921,7.6217349,mobilità,bicycle_parking,0,0,4,21,"12705242553,10766359910,3431361722,13301048574,12896310110,2602219048,2699762534,12712880205,12712831795,2699762531,2699762528,7174545829,12165839590,13273630892,9300406026,12791438497,13303872013,2900432848,12120421659,10831661710,9519183729"
Residence Ithaca - iSenior,45.0824921,7.6217349,mobilità,bicycle_rental,0,0,0,0,
Residence Ithaca - iSenior,45.0824921,7.6217349,mobilità,primary,0,0,0,0,
Residence Ithaca - iSenior,45.0824921,7.6217349,mobilità,secondary,0,0,0,0,
Residence Ithaca - iSenior,45.0824921,7.6217349,verde,park,3,10,38,88,"1109766692,1040539471,97080017,97550213,123245358,228195629,229259731,1378306024,680896208,841984069,41871157,513859516,573021999,573021998,572393053,529652137,1156625968,652411037,1152885668,1157688796,1157690636,294150168,192280717,1185553285,293857921,202530430,529652140,337532331,335550691,337532332,213894209,904047158,904402091,904047163,571008370,97550214,438380758,97686011,168437530,571008371,389732506,167316232,133623606,82205065,1153579567,390153110,886067334,888437481,888451639,314020901,286095909,895315284,901726422,888451642,181314354,181314353,873160468,888451650,888470381,314108055,769102585,709584087,242407848,292034395,82400823,36854185,1055411315,880153068,822527117,136174598,385418437,525113176,129903965,904270747,821781215,821781214,905200796,904270763,905200776,116615284,893738440,288891648,274568782,288891650,769097597,883916433,769102583,633262008"
Residence Ithaca - iSenior,45.0824921,7.6217349,verde,garden,8,49,126,325,"874051315,290481670,292158239,1450692726,1450690065,1378656651,1450692725,1378656652,1193870350,1378291642,1436871288,1378306027,1423825561,1454167294,1455972851,1455975724,1456017549,1452146577,1373329353,1372089910,1373329352,914597112,1168467946,1423529655,914617974,1169028898,1372102631,1423529669,1382524522,1412255824,1374191804,1374438514,1412255829,1423529662,1423529660,1168467947,1378044707,1412255826,1377744287,1423529656,1377744286,1374438519,1378671254,1150720581,1172129699,1377763778,1172129701,1171677223,1353185283,1378109321,1172129702,1353148466,1347554423,1313528182,1238542565,1329383340,1313514289,1316326948,1242877242,1316326944,1378109323,1378109316,1378123693,1173402413,1175040049,1236901871,1175040050,1236901872,1238542566,1172147283,1160489799,1242877244,1172147279,1160489798,1172147278,1152878415,1152878412,1247587118,1158485657,1158485662,1160228738,1158485659,1160228739,1158485658,1160228741,1158485660,1160230340,1160230341,1160228740,1158485661,1158485640,1157915971,1150728378,1150724577,1158456451,1158456450,1158456449,1150724575,1160228746,1150724576,1158485639,1150724562,1158456445,1157919654,1158485638,1158485637,1150724563,1070293288,1070306896,1072738367,1070375996,1072344340,1072344341,1072738366,1070306897,1072344331,1222210926,1222210925,1216273007,478280745,1216496187,913296524,914385208,914385206,914385207,914385205,1150728377,804086828,804086829,904402101,804086827,913963095,1158456440,1158456441,1157919658,904402100,913963094,1221747935,911490404,898105031,898105030,912941790,912941791,898105032,912941765,911490403,911527611,910395906,904270754,904047172,1218276699,1183650332,1183650331,1218276695,892435308,82290351,888354908,897707178,888354904,888354903,888354905,897707188,885983275,888354906,897707189,892435320,892435322,897304955,897304935,911342036,897304934,895660509,895315779,895315780,895315778,895315777,894509028,895315776,894684426,895315775,901726429,894509024,894684436,895315774,894357524,894357546,1281784979,885983278,886066456,885983213,886066462,664934591,885983233,885983255,885983257,885983236,885983277,885983245,893427549,884864142,893621190,883226367,884146072,893427570,893427561,893427562,893611640,893427548,893427547,888568023,888568021,888582098,1055416062,881236255,909076059,1055416029,1055413219,881551760,892460217,892460222,892460206,892460208,891498339,891498341,891498343,891498340,890748884,892460219,916939206,916939199,525113177,889467736,525113178,889468648,889467729,766788903,889348394,918136704,889467725,918136703,917103499,917103501,904270755,904480314,904270756,904777843,904270780,904480304,913974577,913986782,913974572,904270778,913974571,905200782,905200781,905200791,900506208,900506174,914080215,900506161,900506144,904047171,900848395,900506162,904562698,904655883,904777838,904777839,914093603,901295930,904047173,900506160,900506131,893738455,893738456,893738461,893453946,893453945,288891649,893738459,893738460,893453947,893453944,916438090,914315476,914315485,914315475,149850691,914315477,916438130,917103497,916939198,916438146,916939214,916438095,917103478,883708994,916438144,916438094,916939212,916438145,916438127,916438096,916438128,916438147,916939204,917103477,916438101,916438102,917103503,916438129,917103502,916438103,916438107,917103500,920625897,918582414,918136682,918136701,885678002,918584287,918136700,918582413,885678003,918582411"
Residence Ithaca - iSenior,45.0824921,7.6217349,verde,grass,3,10,68,177,"1195859706,1068570766,1418357914,1418357915,484744758,1451196355,1372104962,1372089912,1377480247,1377480246,1158185710,1158185709,1070306898,1068769879,1068834438,1068834431,1068834437,1068596098,1068763133,1216410424,1216250181,1216238313,1216017279,1216250185,1216020594,1216250182,1216020595,1216238312,1216020596,1216017278,484744760,1340546211,901938939,901938940,901938942,901288362,901288363,1150728371,901288365,904276844,901288364,912305340,913316089,913316094,910744888,913316117,913316106,913316093,910744905,913316096,910744906,910744886,910744887,910744889,910744890,342868617,342868616,337532333,1267945642,571634201,1267945641,898105045,911490408,912537095,912537092,912537094,911631941,911631958,911631967,911631960,911631969,911631952,911631959,911631957,911631953,911631951,438380761,1217131872,1217208884,1217208291,911467585,911342051,901898030,901898029,1339217622,1339217623,901898028,885983264,885983265,883226368,954750078,953713788,953713787,956494708,954750079,956494707,956494706,955893950,37671811,889467735,762971427,1369181321,1369181324,1369181323,1369181322,904402118,905200788,904402117,913986791,913318622,913974580,913974573,904402114,913974568,1195666862,1195666875,1195666863,1195666873,1195666874,1195666872,1195666871,1195666876,1195666865,1195666864,1195666861,1195666857,1195666879,1195666870,1195666858,1195666866,1195666877,1195666878,914315467,1195666869,1195666868,1195666867,914080220,904655872,914080217,900506132,914159392,1339217624,893796322,914217503,893738444,893738443,893738442,893453923,914217504,769102584,914315500,914234002,914315498,914315499,914315497,914315486,304476163,287695723,287695729,914315469,287695725,304476161,914315489,289462909,914315470,926317335,304476164,304476160,304476162,917103479,287695730,287696035,914234001,914234003,287696039,287695726,918582410"
Residence Ithaca - iSenior,45.0824921,7.6217349,verde,wood,0,0,2,16,"1158185716,310240851,579522480,341780236,304476159,914228076,914061249,914074271,304476284,304476285,914324682,341780239,914159390,914228073,914315491,920625896"
Residence Ithaca - iSenior,45.0824921,7.6217349,verde,forest,0,0,0,1,956497469
Residence Ithaca - iSenior,45.0824921,7.6217349,verde,meadow,0,0,0,0,
Residence Ithaca - iSenior,45.0824921,7.6217349,verde,scrub,0,0,6,19,"304477702,1247191753,914061232,913986794,914074270,914315503,914315468,914228077,914315506,914159384,914159381,914159391,914228085,914228083,914315501,914228080,914228081,914315488,914228082"
Residence Ithaca - iSenior,45.0824921,7.6217349,verde,allotments,0,1,4,8,"1158185713,910744926,910744934,433042260,579522479,328629680,914228075,274564739"
Residence Ithaca - iSenior,45.0824921,7.6217349,verde,playground,0,2,11,49,"1124860756,2288757556,1049867537,1150389294,2378804580,2378804566,5021916320,914597098,5504673903,2378810629,2368279751,292555425,292555426,1052798140,2028399382,1066934059,572129026,571006383,911467591,571408914,5491685425,290144050,804923258,82205062,772447467,888451641,314108056,888470379,888470385,788805104,124772011,1115761786,11832550679,880153078,390653412,129903966,821781216,116648850,116648841,1382575171,3563452938,113557355,243156173,12120385298,10831666705,122594343,6314036593,2458961315,122594342"
Residence Ithaca - iSenior,45.0824921,7.6217349,verde,recreation_ground,0,0,0,0,
Residence Ithaca - iSenior,45.0824921,7.6217349,verde,nature_reserve,0,0,0,0,
Residence Ithaca - iSenior,45.0824921,7.6217349,verde,lake,0,0,0,0,
Residence Ithaca - iSenior,45.0824921,7.6217349,verde,reservoir,0,0,0,0,
Residence Ithaca - iSenior,45.0824921,7.6217349,sport,fitness_centre,0,1,1,5,"9757354675,11293465819,5592351571,630539346,4477792090"
Residence Ithaca - iSenior,45.0824921,7.6217349,sport,sports_centre,0,2,6,16,"909775020,116648845,742125234,4086636019,3200584297,168437524,314254880,290420034,290423873,905200795,893796314,44051344,769032633,42929460,44050243,81976028"
Residence Ithaca - iSenior,45.0824921,7.6217349,sport,stadium,0,0,0,0,
Residence Ithaca - iSenior,45.0824921,7.6217349,sport,swimming_pool,0,2,2,3,"529652138,529652139,431631714"
Residence Ithaca - iSenior,45.0824921,7.6217349,sport,water_park,0,0,0,0,
Residence Ithaca - iSenior,45.0824921,7.6217349,sport,pitch,1,9,29,102,"294134654,1126581879,5491712414,422061581,1376120872,1009386245,304477400,10109028850,228195917,304477700,1047147718,914597096,572393054,1370814006,230710323,230710321,229260148,304477701,292555422,1226476500,294150156,637559789,9792833748,1066934060,1216496186,5491715388,912941768,369847632,911631950,911342030,369847633,369847631,116648836,903916475,116648847,369847630,116648853,909775016,116648840,909775017,169446393,169446392,10303519262,169446389,169446391,945175002,82290347,292034359,292036104,292034357,292036102,83393204,10301482921,169446390,292036101,1239172057,661429603,897304943,885983260,893621184,883226363,9072007555,9072007556,242407846,242407872,242407870,1086267302,186413455,880153075,880153074,884136331,835698128,385418498,116648842,116648852,342866853,116648835,116648848,3898545572,914093605,84476409,769096949,58759134,1363866467,283405367,286222329,13112378001,769033182,769033175,769033180,769033179,58758878,12120421777,285070816,283405360,283405361,769033181,769033176,769033177,918136689,918136688,769033178"
Residence Ithaca - iSenior,45.0824921,7.6217349,sport,tennis_court,0,0,0,0,
Residence Ithaca - iSenior,45.0824921,7.6217349,sport,golf_course,0,0,0,0,
Residence Ithaca - iSenior,45.0824921,7.6217349,sport,ice_rink,0,0,0,0,
Residence Ithaca - iSenior,45.0824921,7.6217349,sport,bowling_alley,0,0,0,0,
Residence Ithaca - iSenior,45.0824921,7.6217349,sport,climbing_wall,0,0,0,0,
Residence Ithaca - iSenior,45.0824921,7.6217349,sport,gym,0,0,0,0,
Residence Ithaca - iSenior,45.0824921,7.6217349,commerciale,shop,0,0,0,0,
Residence Ithaca - iSenior,45.0824921,7.6217349,educazione,school,1,3,8,22,"1210277879,211911974,879463612,438380755,294155385,529644452,369847634,903916492,376503486,892437397,291465020,369833269,314253563,761431036,181314352,314253764,879877463,369816435,58888771,369816434,385417873,453977011"
Residence Ithaca - iSenior,45.0824921,7.6217349,educazione,kindergarten,0,0,2,12,"167457423,3149305228,823280922,879463610,572131683,879463614,9580741278,335550693,4254402204,390148247,898160525,883378381"
Residence Ithaca - iSenior,45.0824921,7.6217349,educazione,university,0,0,0,1,58760727
Residence Ithaca - iSenior,45.0824921,7.6217349,educazione,college,0,0,0,0,
Residence Ithaca - iSenior,45.0824921,7.6217349,educazione,music_school,0,0,0,0,
Residence Ithaca - iSenior,45.0824921,7.6217349,educazione,driving_school,0,0,2,6,"13042699426,12509555365,13098339874,10729626293,9962100684,13273674967"
Residence Ithaca - iSenior,45.0824921,7.6217349,educazione,research_institute,0,0,0,0,
Residence Ithaca - iSenior,45.0824921,7.6217349,educazione,vocational_school,0,0,0,0,
Residence Ithaca - iSenior,45.0824921,7.6217349,educazione,library,0,0,1,3,"1513480039,293677523,4604602037"
Residence Ithaca - iSenior,45.0824921,7.6217349,educazione,archive,0,0,0,0,
Residence Ithaca - iSenior,45.0824921,7.6217349,educazione,museum,0,0,0,0,
Residence Ithaca - iSenior,45.0824921,7.6217349,educazione,community_centre,0,0,0,4,"1378347675,1378347676,432388873,13082041537"
RSA La Trinité,45.0556814,7.663445,sanità,healthcare,0,0,0,0,
RSA La Trinité,45.0556814,7.663445,sanità,pharmacy,1,7,16,71,"7379956054,10090308303,4620303530,1470609151,2019649541,4734592596,4734595751,12703506925,7310501808,4553612464,4735016415,3147953801,1670302089,2135139106,4734594417,4734593954,7385328770,7380128899,7380131545,4289452247,7373154101,1198867317,4735667414,4735021763,4735023412,12814474916,2592486643,7310501806,7310088536,6029326322,4735669404,4735721872,12800044441,2036336905,2036356385,4735719316,4412226590,9140119438,4735717950,7384890987,7376141996,3342781917,3342780201,3344782869,4736115522,7312267251,12798227483,4735804570,4735804530,11782400574,2036360279,3893151255,4735829063,2018737316,4735717430,2018187040,619193786,4735828988,3224067528,5255625937,2593187678,2048347744,2018203641,5628622146,1333701639,2018982162,2019517474,7310122343,4736110877,2019532938,4736057638"
RSA La Trinité,45.0556814,7.663445,sanità,dentist,0,0,5,15,"13306002941,7261094839,13288761320,9568693092,10698834221,8569291136,10751445003,12886910727,10737466798,2016414024,8463109068,2406157072,11296229554,4195848889,5941324678"
RSA La Trinité,45.0556814,7.663445,sanità,veterinary,1,1,3,8,"4734597325,6948201811,7023650031,8518082749,11283174640,6942723111,11290467038,4735830189"
RSA La Trinité,45.0556814,7.663445,sanità,optician,0,0,0,0,
RSA La Trinité,45.0556814,7.663445,sanità,medical_supply,0,0,2,5,"12867088801,12752031502,11283227093,11064390829,3957940798"
RSA La Trinité,45.0556814,7.663445,sanità,defibrillator,0,2,8,25,"13271881201,12599100593,13271881701,13308607340,9376999100,10243877109,7227510560,12237513601,12829755501,11071576234,9552060491,9137861147,7232177660,9515896704,7234888685,12886227002,432803701,12484268753,5121847084,7934552531,4374929675,13015096966,8356951251,11273669529,5113659443"
RSA La Trinité,45.0556814,7.663445,sanità,hospital,0,0,2,5,"862795993,149116211,3538149956,26294487,190728046"
RSA La Trinité,45.0556814,7.663445,sanità,clinic,0,5,12,29,"654215083,12855312376,4086281841,1266944688,10769159379,1196177763,395057467,12816667601,12816667602,12816909558,12816909553,12814452400,12816909554,12814474932,12814452396,4735802143,10769197381,4086304459,6664922333,822529092,4735668281,11290349432,4162728590,464291813,12168612107,3893264712,385995302,10698816652,2284074743"
RSA La Trinité,45.0556814,7.663445,sanità,doctors,0,0,0,0,
RSA La Trinité,45.0556814,7.663445,mobilità,station,0,0,1,9,"3253332071,893193542,1621697594,543360161,254594416,11592793752,1622042729,3395226356,254594415"
RSA La Trinité,45.0556814,7.663445,mobilità,subway_entrance,0,0,1,43,"3431330484,3431330485,2617655139,1621378602,1621378600,1621378601,1213993997,1213994125,1213994014,3253332073,3431326297,3431314079,3431314078,10235736538,3431314077,3431314076,3431314075,10235736525,1367855910,1839686581,1367855907,1367855911,1367855914,3431314080,2299299617,2299299618,3283630305,1367855920,1367855922,3253332072,1622042886,3283904468,1622042919,3431326298,5020207823,5020207824,1262284319,10260242427,10260242426,1262284354,2014746582,1262284353,10260242428"
RSA La Trinité,45.0556814,7.663445,mobilità,tram_stop,0,9,38,116,"1234675743,1234675824,941491848,941491526,945383213,945383294,945383236,945383225,941491790,941491681,941491813,941491908,945383170,945383228,945383209,945383242,11009337366,1234675767,1234675754,1199240450,1230710275,1270651295,1262202670,1230710077,1230710325,1230709627,1230709993,1231011146,945383335,945383168,1230709942,1230709908,1231011227,941491761,941491518,941491902,941491727,1168929313,1167320836,1168929291,941491699,1167320919,941491496,1230709954,1230710110,1230709892,941491640,941491856,938733459,938733498,945268814,945268800,1185414536,1168929618,945268789,945268816,1167321000,1168270429,945268799,1199240661,1229263858,1167320990,1167320859,1167321088,1167321041,1167320969,1167320960,1185414562,1168270672,1231011192,1230709701,1229827369,1229580312,1229827462,1229580298,1229580302,1229827262,1185414492,945268801,945268822,945268805,945268802,1624209638,950433574,951424216,1230710018,4997702728,1229827204,1231011119,1229827337,1231011175,1229580323,1229827230,1229580314,1229827620,941491483,941491672,941491612,1168270471,1168270534,941491716,941491868,1185414486,1229580315,1229827224,1227966230,1168270660,1185414504,1227966231,1167320937,12101484067,1168929427,12100765982,1229827150,1229580304,1624209625"
RSA La Trinité,45.0556814,7.663445,mobilità,bus_stop,4,24,100,396,"1262209185,1262211304,1262195057,1262207695,937591308,937591430,1262208411,1262192798,1262189772,1262206803,1262190812,1262204920,1185441578,1262208869,1262211602,1262199144,1262195704,1262185164,1262210241,1262197150,1262210434,1262199934,1262199271,1262190748,1262200682,1262208770,1262186464,1262191474,1262199222,1262190163,1262185865,1668063927,1262195515,1262193449,1262203196,11009337365,1262207225,11211252314,1262195960,1262208328,1262187182,2291878598,1262186555,1262202902,1262211523,1262212592,1262212443,1262184011,441698016,441698012,1262185459,937591581,1262207453,937591513,1262210240,1199003172,1199003187,1262209969,1262197382,1262194763,1262195528,1262182441,1262203530,1262209783,1262203317,1262201548,1262194534,1185441565,1262208618,1185441540,1185441579,937591574,1213368937,1262204355,1185441569,1262183019,937591597,1262201258,937605183,937605179,1198909279,1198909287,937605170,937605201,937605172,10200584299,1185414537,10200408844,1262206025,1185414591,1262212245,1262212777,1262192470,1262208298,1262197981,1262194443,1185441549,1262197105,1185441551,1262186201,1262199241,1185441575,10200584300,10200408843,1262205104,11211252313,1262195832,1262208385,1262209301,1262194948,1262198072,1262211472,1262197194,1230710356,1230710401,1262209161,1262194483,1213368919,1198867501,1198867296,1185441587,3979495903,10200408842,1262208027,1185441561,1230710173,1230709749,1262204124,1185441537,1231011169,1262194463,1212944734,1212944745,1262206303,1262208993,1262196617,1262196377,1262205652,1262198085,1262188120,1262192773,1262202694,1262199993,1262198818,1262207113,1262182479,1262189238,1213368963,1185809746,1185809738,1262208641,1185809741,1262208307,1185414473,1185809759,1262194959,1262188782,1185809737,1262199883,1262204464,1262187238,1262197176,1262207473,1262195467,1262192496,1262195984,1262196079,1262196389,1262189057,1262207017,1185809754,1185809736,1399644213,1131464110,1399644528,1262212319,937605193,937605195,937605181,937605194,937605189,1262198275,1198867720,1262200618,1262210403,1198867646,1198867624,1262199732,1198867456,1167320783,1262207954,1262187635,1262208539,1262200757,1262204432,1262205523,1262195376,1262203331,1262207470,1262195744,1185414571,1231011126,1168929258,1198867528,1199003141,1168929465,1185815850,1262195065,1262182588,937605174,937605197,1168270670,1199240778,937605169,1168929641,937605192,1168929327,937605175,1262195535,937605200,1229263756,1262201038,1262206788,1198867355,1262188427,13357227255,1198867590,1198867343,1198867678,1168929435,1198867713,1168929622,937605184,1185414408,1525407946,1262208796,937605187,1262193964,1262202938,1262210261,1262196361,1262193644,1262211503,937605188,1168270573,1262194988,1262188706,1262202792,1262194321,1262197282,1262212832,1262211335,1262187575,1313599114,1313599098,1313599087,1313599111,1262201435,1313599104,1229580307,1229827398,12823257925,1262196595,1229827470,1229580327,1262212991,1229580319,1262199709,1229827300,1262198618,1524833855,10938458344,4806485504,1569038269,12074187316,1262209419,1262197341,1524833877,4665090550,4665090551,1185414556,1185414572,1199240547,1569038260,1262208085,8494249908,1262196253,1199240667,1262201459,10938458345,1262197535,1262194358,8496496625,1262202182,4248370551,4245731174,1262182722,1262203078,1262193035,937605198,937605176,1262203237,937605196,937605190,1199240598,943330808,1262209067,1262185598,1262203692,1262190108,1262203588,1262190098,1262209814,1262208210,1262204320,1262192681,1262200032,1262190944,1262212994,1262196128,1262195993,1491228853,1262182560,1262187879,1262203150,1262212811,1262183335,1262204440,5594891025,1262199964,1262199168,1262182219,1399644425,1262198176,1262197433,1262192786,1262197275,1262200205,1262207921,1262210546,1262182382,1262192501,1262201910,1262192626,1229580308,4605836659,1262204898,12876021888,1229580300,1168929344,1262197041,1262207547,1198867604,8289837996,1262195219,8289837997,1262185354,1262181975,1262197387,1168270553,1168929565,1168270407,10200408841,4575722855,10066805517,1185414522,1262199608,1491228855,1262202711,1262199542,1262186722,1229580316,1229827663,1262208483,10136283371,1168270570,1168270559,1185414520,12876021885,1262211444,1168929371,1262200499,1262196215,1262201567,1262196300,1262198051,1262197657,1525407917,1262206483,1262203392,3229868385,3262101385,1168929432,1229827101,1229580311,937954712"
RSA La Trinité,45.0556814,7.663445,mobilità,charging_station,2,2,7,43,"11933501180,10200314273,10704779934,4691906384,5787665000,4691906382,7412497420,9568693093,10686606848,4691906381,8273687163,12206458665,9331784402,5545629913,10862580324,11107468089,9088671239,4671233528,5545493679,12801752468,9056770766,8496473717,8496473719,8496473718,13254288285,9884949609,9884949607,9884949611,9884949608,9884949610,3906238205,11694139826,13254333741,12881604940,10132403023,10132403019,10132403022,10132403020,10132403021,10024930203,12385342507,3906239156,5545493680"
RSA La Trinité,45.0556814,7.663445,mobilità,car_sharing,0,0,0,1,4749176847
RSA La Trinité,45.0556814,7.663445,mobilità,taxi,0,1,4,13,"7211219153,1720500302,1470612633,450595752,4289455496,2016414163,2902424081,2902424080,3241731973,8316678430,2019632236,604332918,5020220491"
RSA La Trinité,45.0556814,7.663445,mobilità,parking,0,3,31,144,"1388871429,102643101,847969007,104230904,847959016,802596631,243354152,243354153,166581389,82290354,1125287584,131713580,11503903538,184476157,1150750603,1154039642,1208808264,588758207,190437232,190437231,1318046506,588758206,1321438974,1318046507,12026842569,166457327,4247924022,54740253,4247924125,560321339,646904179,166583965,166596459,241336708,1128003509,166585310,3319891484,131477884,166652711,166652710,791410567,792699652,841495751,841502849,140260606,83808962,106366574,376495005,154500752,839476414,839476413,1218048192,752839776,270802496,839634184,7077733654,693367780,693367779,1032863499,300189916,287520875,1027356692,330956379,330956378,313088902,313088903,166630018,291492675,50259560,1126042539,1126043797,1126047090,1190970428,1340364497,49580893,925276467,1348523735,108470282,942603632,942603631,736824357,706164324,730684398,1300583616,1419477429,736824358,1076957801,730771775,166652712,83042948,1383582583,1381841252,1381841251,5693045436,12809872841,1381841253,448434080,132528231,222172799,6411440333,635372762,635372763,320706078,320706077,166616053,166611428,770822807,770822809,770822808,454001359,454001349,1621697577,330503346,915561379,1218148322,914641500,914641495,914641496,914641504,914641505,914641487,914641506,596527947,914641494,489020583,1409158807,7195363113,282924801,191173232,747831924,1455462286,4488383689,248772281,248160665,13260980844,2019632224,275161406,2284374403,5997771287,5997780786,320706080,5997812985,635372765,320706079"
RSA La Trinité,45.0556814,7.663445,mobilità,car_rental,0,0,1,7,"659970718,1170039574,1170039581,13363265154,6113511883,11104716244,5628622134"
RSA La Trinité,45.0556814,7.663445,mobilità,bicycle_parking,1,9,51,262,"2699774349,2699774351,10848373825,12604248402,6284273900,2699765012,2699765013,2699765014,2699765015,10852570102,10750674542,10852570103,10750674543,10850759990,10850759982,10850759991,10848408078,10750671202,10994635793,2699763620,2699760641,10852593711,7076001860,10247952609,2699836878,2699836877,2699836884,2699836885,2699836886,2699836887,2699836888,2699836889,12233636601,11766605054,2699836883,2699836880,638741739,2524446376,638741442,7685876482,10873504948,7685967899,2699774350,2699774352,11274729869,1780322685,7076063185,1780322731,11274729769,2699759047,2699759049,2699759048,10852570101,3799076904,7635131587,6104249055,7063812962,10873504950,10873504949,2699760635,2699760634,10873504974,7918354187,10853204514,2699759050,2699760640,2699760639,2699762076,2699762075,7785624492,9565968757,2699759052,2699759053,2699759051,2699760636,2699760637,2699759056,2699759058,2699759057,2699757974,443101911,7815134909,7815134911,7815134910,7815134913,7815134912,12394522606,12394489858,10873504973,6912162938,7815134903,10113463334,10113463333,10113463332,10113463331,9580694089,10113463330,10113463329,10113463335,2016369763,2017759603,11673291208,11673243325,7076063186,7076063187,7076063189,7076063188,5347703556,12153279090,7076001884,11933465157,7076001882,2635518486,7076001883,7076001878,7076063193,7076063194,7076063195,7076063192,2699759055,2699759054,11913808736,7054259454,9771620395,10011778505,7076063191,6954549387,6954549388,1783770824,10873504971,1783770825,10802789582,2699757972,2699757973,2699757978,2699757975,9536387625,706004735,9536764388,9515661833,2699754605,7076001859,7076001858,2699762077,2699762079,10771806119,2699762078,2699762081,7076063225,2699745128,7076063226,7076063227,7076063223,7076063224,7076063222,7076063221,7076063220,7076063219,7076063218,7076063217,7076063216,7076063215,2699745131,7076063214,2699745130,5628622143,2699745129,5628622144,2632353490,10873504970,5628622145,7025739876,10873504969,10159318064,2699757982,2699757981,2699757980,2699757979,2699757983,2699757984,2699757985,2699757986,2699757987,2699757988,10959344809,2699753945,2699754607,2699754613,2699754610,2699754609,13142999531,13143056907,2699752835,7076001881,7076001880,7076001879,7076063190,12168185377,8496468307,11082056515,8496468304,8496468306,8496468305,11082056516,11082056517,11182198684,5226211759,7076001868,12365551375,7076001867,7076001864,7076001863,7076001865,13283071994,13283160701,13283086792,9122302517,6909804800,9330196749,5594891026,13283101982,9038187426,13283226975,11274729970,9884528466,9321076956,4063688590,7076001861,7076001862,2282486102,5113659453,7076001866,11983497399,11983479625,2017190763,2018982169,7076063202,7076063203,12009896156,13324660699,7076063201,10884404308,7076063200,7076063199,12681485187,12681485188,6149852920,2699753943,2699753944,2699753946,2699753947,2699753951,2699753950,2699753949,2699753948,5117627158,5113659515,10779500105,5968582882,5968581908,12068659438,7076063204"
RSA La Trinité,45.0556814,7.663445,mobilità,bicycle_rental,0,0,0,3,"5169986448,12068398565,12068398566"
RSA La Trinité,45.0556814,7.663445,mobilità,primary,0,0,0,0,
RSA La Trinité,45.0556814,7.663445,mobilità,secondary,0,0,0,0,
RSA La Trinité,45.0556814,7.663445,verde,park,0,0,8,39,"466175067,466175069,466175068,104230582,243356957,759194439,646904183,37201910,1119404704,305683893,589659003,579229093,646904177,799333352,646904181,149395093,166596454,792699653,171271678,104147826,166986552,83808971,848000866,106251930,44503795,88206888,149395470,39789990,589863206,1164953300,41752855,41752854,82202795,23088806,433500383,130457686,335352981,698756805,549096612"
RSA La Trinité,45.0556814,7.663445,verde,garden,0,1,7,29,"106333266,799305148,588421219,588421218,759206589,759206590,106331386,1135279260,140266730,107167208,436247597,436245116,436245118,436245117,23089011,589878717,436247596,28193052,1433432894,29176172,108470281,404714970,29183708,23089014,581600236,664912057,191051285,303807502,561608551"
RSA La Trinité,45.0556814,7.663445,verde,grass,0,6,83,348,"815517900,815523247,815523246,288835317,666707223,759194441,1238389436,1238389437,1150137827,1238389435,1150137826,1239406381,1239406380,1238389427,1239177125,706744158,500726176,588758210,563089035,706744166,563089033,706744165,588758205,588758209,485909319,485909320,485900905,485909318,485909324,485909323,588421212,485909321,485909322,588745417,588745424,588745422,588745419,588745408,588745405,588745412,588745410,101510078,588726773,588758208,1132207955,1132207950,1132207951,1132207954,1132207953,1132207957,288835312,288835318,486174619,561542442,561542441,486174620,486174618,486174616,486174615,1239626888,1239626887,579229113,561619126,561619122,561619130,561619125,1132492706,561619121,579229112,1132492002,579229108,561619129,1132492003,579229110,579229099,579229097,579229106,579229101,1132209306,862454070,1132207952,1128002965,1128002964,1132207956,1128002962,1128002963,1311364296,154500720,687010710,687010712,891907991,687010711,154500733,1126792071,131477879,166596453,131477878,757727656,131477880,757727655,646909062,687010714,687010713,687010715,687010716,154500739,154500731,154500729,1066997745,234298691,154500724,316299344,154500737,154500736,315954828,234298714,234298715,234298692,234298708,234298712,234298709,234298702,234298698,234298695,234298694,234298699,234298703,234298687,234298690,234298711,234298688,234298710,234298707,234298706,234298700,234298713,234298697,234298696,234298689,234298693,234298705,234298701,234298704,315954833,181232343,181232355,181232342,181232349,181232340,181232352,286653246,181232353,181232350,181232347,181232345,181232348,181232341,286653247,181232346,286767165,314388661,286767159,286767161,181232351,286653245,286653244,286653242,242409910,286653241,286646606,286647293,286653240,286653237,286646604,286646594,286645617,286653239,286646607,286647294,286646605,286647291,732177417,286646595,1236922853,286646601,732177420,732177418,286646602,732177419,286646603,286647290,286646597,577460557,485912130,485912131,485912126,485912128,485912129,579229154,485912127,579229089,1126040506,1126042440,730665854,690822581,690822578,690822577,579953323,579953322,579953321,579953320,579953319,579953318,579953317,579916574,579916577,579953316,579953328,690822582,379516467,579953324,379516466,579953327,579953326,579953325,690824765,690824749,690824748,866606424,922479075,922479076,730682845,730682868,730682867,730682869,589878721,730682864,730682866,945490938,730682863,730682844,589878716,945490937,943784964,943784963,943782516,943782515,730682843,589878718,730682865,730682842,730682862,589878720,589878719,589878715,1034782636,730684397,736826338,706164330,730771776,166653765,690808828,690808830,690808831,333831817,242409911,544187117,286636546,242409909,286656050,286636547,286636548,286664226,286636549,732157565,286664225,318948807,326073532,326073533,319649516,731939743,731939740,731939738,731939741,731939739,731939742,732125145,732125146,732177422,732125147,178997269,732125144,178997273,732125148,732125140,178997270,684348512,732125143,732125142,732125141,732125149,732125150,732125151,732125152,732157570,286656044,732125138,732157568,732157569,732157567,286656041,732125139,462066644,684095662,684095663,130448583,588726775,589459967,589459968,589459969,589459961,589459963,589459964,415224186,589459962,463612383,463612382,914641482,401668588,561611213,561611216,561611209,561611219,561611214,561611211,561611221,561611218,123242586,123242589,123242584,1447741497,1264205127,1455462300,1455462921,1455462291,1455462301,1362575098,397809397"
RSA La Trinité,45.0556814,7.663445,verde,wood,0,0,0,0,
RSA La Trinité,45.0556814,7.663445,verde,forest,0,0,0,0,
RSA La Trinité,45.0556814,7.663445,verde,meadow,0,0,0,0,
RSA La Trinité,45.0556814,7.663445,verde,scrub,0,0,0,1,360131117
RSA La Trinité,45.0556814,7.663445,verde,allotments,0,0,0,1,328621268
RSA La Trinité,45.0556814,7.663445,verde,playground,0,1,11,44,"10696669360,1135247414,171271131,557627561,1238389440,467446544,77722951,50258285,77722952,111815995,579229091,50174964,7685973296,1114952714,10187943589,140235237,1135279252,165022279,306160704,556681453,906203825,306160702,448162839,1217815310,910933663,1445632679,660162335,660162333,942887046,942888157,105377046,83093080,4968614878,83051429,83051428,448434079,1149617853,1149617852,499890620,1438254805,130457685,561242634,1193870930,1780526494"
RSA La Trinité,45.0556814,7.663445,verde,recreation_ground,0,0,0,0,
RSA La Trinité,45.0556814,7.663445,verde,nature_reserve,0,0,0,0,
RSA La Trinité,45.0556814,7.663445,verde,lake,0,0,0,0,
RSA La Trinité,45.0556814,7.663445,verde,reservoir,0,0,0,0,
RSA La Trinité,45.0556814,7.663445,sport,fitness_centre,0,0,6,14,"12980028801,11274687270,8518130285,5846394818,9568693090,11841788895,10736644789,12886908643,9463603381,10067097220,12327658096,2018982152,4736058200,12547891555"
RSA La Trinité,45.0556814,7.663445,sport,sports_centre,0,0,2,13,"751826434,41753512,646909066,3799075121,188466381,289416784,404714971,3332362719,749439074,256781255,286976821,9792328371,630344434"
RSA La Trinité,45.0556814,7.663445,sport,stadium,0,0,0,2,"481253195,652725229"
RSA La Trinité,45.0556814,7.663445,sport,swimming_pool,0,0,1,7,"49054011,106487528,191056430,1118749030,1118749029,1118749028,749439076"
RSA La Trinité,45.0556814,7.663445,sport,water_park,0,0,0,0,
RSA La Trinité,45.0556814,7.663445,sport,pitch,3,3,8,94,"305071206,1126470600,1114952586,122455822,166582169,166582150,166583970,229256419,229256420,229256683,229256235,83386642,839152651,839152652,848616351,481253196,124253933,425484921,1311366022,304926006,304926005,304926004,304926003,252850307,425484914,1311364291,1311364292,111815987,241336707,1385612307,689326916,1311364294,425484913,425484919,425484916,425484909,241263809,1311364295,1311364293,241263815,425484924,1132205221,7685973295,1062615795,1135281752,7685967898,823258433,166582149,166582159,166583971,860988474,151216651,10582643941,1135279253,166582161,1123200344,8415343321,1058456079,1058456078,906203826,556681458,556681459,7007648418,7007648417,436248508,448850336,1445632678,1058453911,839634186,839634187,253538106,1065476429,846003831,186413454,1303852812,220614907,220614908,289416782,289416786,289416797,289416790,10694640239,10694640238,10694640237,324738752,1058452924,915561405,362273176,13284561433,13284561431,923782195,923780960,915561404,13284561432"
RSA La Trinité,45.0556814,7.663445,sport,tennis_court,0,0,0,0,
RSA La Trinité,45.0556814,7.663445,sport,golf_course,0,0,0,0,
RSA La Trinité,45.0556814,7.663445,sport,ice_rink,0,0,0,0,
RSA La Trinité,45.0556814,7.663445,sport,bowling_alley,0,0,0,0,
RSA La Trinité,45.0556814,7.663445,sport,climbing_wall,0,0,0,0,
RSA La Trinité,45.0556814,7.663445,sport,gym,0,0,0,0,
RSA La Trinité,45.0556814,7.663445,commerciale,shop,0,0,0,0,
RSA La Trinité,45.0556814,7.663445,educazione,school,0,1,9,34,"858864692,859215053,367967850,367967851,243356083,1123417944,1123417943,1123417945,376495012,253301354,815671121,799304797,131584960,744546260,3799075120,3799075123,282772081,837385370,690824769,242435627,7501518183,7501518184,367981582,1065476430,315598789,4736111631,4735804563,6189845887,190499456,190499455,243074534,250151807,2284034343,2284034348"
RSA La Trinité,45.0556814,7.663445,educazione,kindergarten,0,1,2,9,"466886543,2592486650,3798287445,3799075125,3474642596,253301347,314888176,1328540432,2284034346"
RSA La Trinité,45.0556814,7.663445,educazione,university,0,0,2,22,"12694977921,1063867657,8903777986,1107125327,1107125328,8496468303,1107125331,988062105,6944502291,6945638233,10132258250,6944516128,6944505643,6945671127,2714024340,749760378,9430411581,6339286102,4605849272,4605836657,4605847888,4605836658"
RSA La Trinité,45.0556814,7.663445,educazione,college,0,0,0,2,"318997570,12248046055"
RSA La Trinité,45.0556814,7.663445,educazione,music_school,0,0,0,1,28109102
RSA La Trinité,45.0556814,7.663445,educazione,driving_school,0,1,3,7,"4734602699,10570991907,7077970133,8569299026,12886844895,10879184439,11841904325"
RSA La Trinité,45.0556814,7.663445,educazione,research_institute,0,0,0,2,"190482116,6241694510"
RSA La Trinité,45.0556814,7.663445,educazione,vocational_school,0,0,0,0,
RSA La Trinité,45.0556814,7.663445,educazione,library,0,0,0,4,"4735799707,11926381625,10229510808,4209315503"
RSA La Trinité,45.0556814,7.663445,educazione,archive,0,0,0,0,
RSA La Trinité,45.0556814,7.663445,educazione,museum,0,0,1,11,"182886373,12072302022,123180294,397514864,435784636,4572133130,5482049568,4219719436,2981060587,6425777001,12393405666"
RSA La Trinité,45.0556814,7.663445,educazione,community_centre,0,2,2,5,"13192364672,12616853914,12585045537,194336591,12548906803"
Residenza Millenium,45.0414304,7.683772,sanità,healthcare,0,0,0,0,
Residenza Millenium,45.0414304,7.683772,sanità,pharmacy,0,1,6,36,"7536790841,7379841664,2048316031,4735801227,12703506925,7392300898,4735799619,4735803897,4735016415,4735021763,4735023412,12814474916,2592486643,7310501806,7310088536,12800044441,2036336905,2036356385,4735719316,4735056994,7379836453,2635518585,12798227483,4735804570,4735804530,11782400574,2036360279,3893151255,4735829063,2018737316,4735056034,4735058545,2018187040,3224067528,1333701639,7376141997"
Residenza Millenium,45.0414304,7.683772,sanità,dentist,0,1,1,6,"10698834221,8569291136,10751445003,10737466798,351676886,8463109068"
Residenza Millenium,45.0414304,7.683772,sanità,veterinary,0,0,1,4,"8518082749,11283174640,12883887836,4735830189"
Residenza Millenium,45.0414304,7.683772,sanità,optician,0,0,0,0,
Residenza Millenium,45.0414304,7.683772,sanità,medical_supply,0,0,2,4,"12867088801,11283227093,11064390829,3957940798"
Residenza Millenium,45.0414304,7.683772,sanità,defibrillator,0,0,1,7,"12829755501,11071576234,9137861147,4374929675,13015096966,8356951251,8210481138"
Residenza Millenium,45.0414304,7.683772,sanità,hospital,0,0,3,10,"305681406,3538127652,305681074,3538149953,3070468685,149116211,3538149956,26294487,1196653949,190728046"
Residenza Millenium,45.0414304,7.683772,sanità,clinic,0,1,5,17,"4086300425,12816667601,12816667602,12816909558,12816909553,12814452400,12816909554,12814474932,12814452396,4735802143,10769197381,4086304459,4162728590,464291813,12168612107,3893264712,385995302"
Residenza Millenium,45.0414304,7.683772,sanità,doctors,0,0,0,0,
Residenza Millenium,45.0414304,7.683772,mobilità,station,0,0,1,6,"4076608590,1621378603,3253332071,893193542,1621697594,1622042729"
Residenza Millenium,45.0414304,7.683772,mobilità,subway_entrance,0,0,2,19,"1213993854,1213993797,1213993844,3431330484,3431330485,3431330483,2617655139,1621378602,1621378600,1621378601,1213993997,1213994125,1213994014,3253332073,3431326297,3253332072,1622042886,3283904468,1622042919"
Residenza Millenium,45.0414304,7.683772,mobilità,tram_stop,0,0,0,26,"941491813,941491908,941491761,941491518,941491902,941491727,941491699,941491496,1230710110,1230709892,941491640,941491856,950433574,951424216,1230710018,4997702728,1229827204,1231011119,1229827337,1231011175,1229580323,1229827230,1229580314,1229827620,1229580304,1230709587"
Residenza Millenium,45.0414304,7.683772,mobilità,bus_stop,5,11,55,230,"1399644573,9687643553,1213993949,1262211151,1262192830,1262203451,1262197333,1262205805,1262197393,1262182000,13343490798,1262209430,1262202902,1262211523,1262185759,1262194782,1262198369,1262209999,1262195661,1262208280,1262192621,1262198126,1262210202,3226168498,1262191964,1262204703,1262200130,1262200239,1262209564,1262199832,1262187034,1262212592,1262212443,1262203317,1262201548,1262194534,1262196617,1262196377,1262205652,1262198085,1262188120,1262192773,1262202694,1262199993,1262198818,1262207113,1262182479,1262189238,1185809746,1185809738,1262208641,1262208307,1185809759,1262194959,1262188782,1185809737,1262199883,1262204464,1262187238,1262197176,1262207473,1262195467,1262192496,1262195984,1262196079,1262196389,1262189057,1262207017,1185809754,1185809736,1399644213,1131464110,1399644528,1262212319,1262198275,1262200618,1262210403,1262199732,1262207954,1262187635,1262200757,1262204432,1262205523,1262195376,1262199687,1262197347,1262208074,1262193274,1262196037,1262198943,1262194467,1262209394,1262210127,1262203515,1262208005,1262184768,1262199100,1262191907,1262207759,1262195389,1262197179,1262186062,1262205538,1262210265,1262200309,1262196573,1262207033,1262195041,1262207412,1262189743,1262182491,1262203811,1262210759,1262211281,1262200961,1262195128,1262196222,1262194864,1262204246,1262189288,1262207969,1262197318,1262208380,1262195480,1262197731,1262204535,1262183403,1262208226,1262198069,1262198445,1262185598,1262203692,1262190108,1262203588,1262190098,1262209814,1262208210,1262204320,1262192681,1262200032,1262190944,1262212994,1262195471,1262209837,1262196128,1262195993,1491228853,1262210935,1262182560,1262201063,1262187879,1262203150,1262212811,1262183335,1262204440,5594891025,1262199964,1262199168,1262182219,1399644425,1262198176,1262197433,1262192786,1262197275,1262200205,1262207921,1262210546,1262182382,1262192501,1262201910,1262192626,1229580308,4605836659,1262204898,12876021888,1229580300,1262196357,1262211500,1262208182,1262192466,1262196307,1262195324,1262209515,1262196647,1262212519,1262207853,1480474270,1262210350,1262190981,1262207187,1262197218,1262184662,1262204656,1262196134,1480474276,1262203192,1262194723,1262209179,1262196512,1262206934,1262207679,1480474287,1480474282,1262211196,1262199022,1480474260,1262197190,1480474258,1262212607,1262207895,1262197255,1262212530,1262197079,1262184419,1480474268,1480474269,1480474262,1262198132,1262197142,1480474257,1262209613,1262208977,1262182398,8289837996,8289837997,1262199542,1262186722,1229580311,1262211451,1262205970"
Residenza Millenium,45.0414304,7.683772,mobilità,charging_station,1,2,9,41,"12012137945,12751913403,9826286312,9369861982,9369861983,9826286313,9826286311,9826286304,9826286310,9826286309,9826286308,9826286307,9826286305,9826286306,10023825560,11066736413,10023825565,10023825563,10023825564,10023825562,10023825561,10686606848,4691906381,8273687163,5545629913,10862580324,10023825566,11253226587,9056770766,8496473717,8496473719,8496473718,13254288285,9884949609,9884949607,9884949611,9884949608,9884949610,10676666527,11676231525,13254333741"
Residenza Millenium,45.0414304,7.683772,mobilità,car_sharing,0,0,0,0,
Residenza Millenium,45.0414304,7.683772,mobilità,taxi,0,0,0,2,"450595752,8316678430"
Residenza Millenium,45.0414304,7.683772,mobilità,parking,0,7,43,127,"1054163508,104674193,122239101,925814532,515614122,149024065,43165556,325025599,48275806,660696717,305681433,253301357,305680190,305940763,190437232,190437231,330956379,330956378,313088902,313088903,166630018,291492675,50259560,1190970428,1340364497,49580893,925276467,1348523735,108470282,942603632,942603631,736824357,706164324,730684398,1300583616,1419477429,736824358,1076957801,730771775,1052633973,1427640386,1052633974,304847773,78327977,1427317405,1427317410,1427317409,1427317413,1427317412,1427317411,1427317415,1427317414,1424188534,1423071218,257509768,305940327,588952908,305941030,257509769,257509770,257509771,257509772,82207171,257509773,257509774,9676270320,1046462111,1423071183,1422867667,308321226,255963727,1059062375,1381943053,261439253,1381936140,1220165362,1220165363,1423260184,633239638,1423635386,688990117,1086033380,770822807,770822809,770822808,454001359,454001349,1621697577,257509778,257509777,330503346,915561379,1218148322,914641500,914641495,914641496,914641504,914641505,914641487,914641506,596527947,914641494,489020583,1409158807,7195363113,282924801,191173232,112172255,1075063889,747831924,7573315188,966980831,45819032,1432694418,1433218612,842479608,842479609,842479611,132406184,69976487,77914307,111728389,1428971502,1256054371,1441572060,1255963826,1057905850"
Residenza Millenium,45.0414304,7.683772,mobilità,car_rental,0,0,0,4,"1170039574,1170039581,13363265154,6113511883"
Residenza Millenium,45.0414304,7.683772,mobilità,bicycle_parking,0,1,16,66,"9826286292,12168185381,11648561445,11648573495,11673291208,11673243325,7076063186,7076063187,5347703556,12153279090,7076001884,11933465157,7076001882,2635518486,7076001883,7076001878,7076063193,7076063194,7076063195,7076063192,11913808736,9771620395,10011778505,7076063191,7076001881,7076001880,7076001879,7076063190,12168185377,8496468307,11082056515,8496468304,8496468306,8496468305,11082056516,11082056517,11182198684,5226211759,7076001868,12365551375,7076001867,7076001864,7076001863,7076001865,13283071994,13283160701,13283086792,9122302517,6909804800,9330196749,5594891026,13283101982,8638211147,9038187426,13283226975,11274729970,9884528466,7076063196,7076063197,7076063198,7076001861,7076001866,11983497399,11983479625,2017190763,2018982169"
Residenza Millenium,45.0414304,7.683772,mobilità,bicycle_rental,0,0,0,1,12068398566
Residenza Millenium,45.0414304,7.683772,mobilità,primary,0,0,0,0,
Residenza Millenium,45.0414304,7.683772,mobilità,secondary,0,0,0,0,
Residenza Millenium,45.0414304,7.683772,verde,park,0,1,5,24,"613505979,613505978,660699444,1119404704,588666372,305683893,589659003,579229093,106251930,44503795,88206888,39789990,589863206,1164953300,79268611,28192921,1424069956,335352981,698756805,549096612,111646227,112172943,1432694404,1428971503"
Residenza Millenium,45.0414304,7.683772,verde,garden,1,11,67,231,"1015820491,436247597,436245116,436245118,436245117,23089011,589878717,436247596,28193052,1427640390,1427640389,1427640391,1427648023,1427478336,1427640388,1427648053,1427478331,1427529402,1427317389,1427529413,1427529412,1427478347,1427317390,1427317391,1427317370,1427478349,1427478348,3784063293,306423388,1430193314,1430193313,1424069959,1430193319,1423071221,1430193315,304847769,1424530946,1426162025,1426162047,1425813506,1424530922,1426162038,1424530934,1424530923,1423554854,1423554881,1423554810,1423260250,1423554811,1423554820,1423554797,1423554783,1423260221,1427931415,1427931416,1423554801,1427931418,1428461507,1428218673,1428218674,1427931417,1428218676,1428461506,1430193322,1428461508,1423260200,1423260183,1427931419,1426162026,1427085777,1426651409,1427085776,1426651415,1426037543,1426037540,1426651387,1425296462,1423943594,1428461498,1428461512,1428534594,1428461499,108470281,404714970,29183708,1430193309,23089014,581600236,664912057,191051285,1429655975,1429668701,1429927724,1429927720,1429668708,1429668706,1429668703,1430558115,1429655972,1429927718,1429927726,1429668711,1429668710,1429668709,1430558102,1430193311,1430558111,1430558114,1429655978,1430558101,1429655977,1430558098,1431902919,1432497805,1432497804,1431902918,1432497803,1431902920,1432497799,1431902926,1431902917,1430558093,1431902925,1431902923,1432497802,1431902908,1431902916,1432497790,1432497798,1432497801,1431902915,1431902907,1431902906,1432497788,635651375,1432497787,1432497786,303807502,1432497777,1432497771,1432497780,1432542554,1432694413,1432542546,1432694420,1432694414,1432694410,1432694408,1433218603,1432694412,1433516891,1433516897,1432694406,1433516899,1433218602,1433218608,1433218609,1433218611,635651377,1433516893,1433516896,1434558345,1434859342,1429455090,1431214248,1429531893,1429531906,1431167268,1431167270,1435026062,1429455089,1429531911,1435026061,1435026060,1429455098,1435026072,1429531910,1429455104,1435074195,1435248845,1435248868,1435248844,1435074194,1435248869,1435248853,1435074200,1435074202,1429455120,1435074193,1435248854,1435248861,1435248855,1435248851,1428870601,1435248860,1435248856,1435248850,1433516866,1434558331,1433516869,1433516870,1434558326,1434859339,1434558323,1434558321,1434558344,1434859340,1433516867,1434859343,1434859351,1434859338,1434558312,1434558342,1434558339,1434558336,1434558316,1433516874,1434558328,1434558319,1434558314,1434558315,1433516882,1434558313,1433516875,1434859334,1434859333,1434558318,1434558317,1435026103,1435026104,1412323438"
Residenza Millenium,45.0414304,7.683772,verde,grass,8,10,48,224,"834050861,515910788,705456972,672524319,705456965,705456964,705456973,660934959,705456975,660934958,705456976,660934957,705456974,660934950,660934952,660934953,399908684,705456977,660934954,660934961,660699436,613483953,399908685,613483954,660934960,660699435,660699445,825826529,825826531,660699446,613483955,613483956,825826532,588733367,825826533,660699443,588733368,825826534,588733369,588733370,588733371,588733372,588733373,588733375,485909319,485909320,485900905,485909318,485909324,485909323,588421212,485909321,516654049,485909322,588745417,588745424,588745422,588745419,515616816,515616817,588745408,588745405,588745412,588745410,660696720,101510078,660696719,660932247,660696718,612374681,612374682,588952912,612374680,588952906,588666384,588666381,588666382,588726773,561542442,561542441,579229113,561619126,561619122,561619130,561619125,561619121,579229112,579229108,561619129,579229110,579229099,579229097,579229106,579229101,577460557,485912130,485912131,485912126,485912128,485912129,579229154,485912127,579229089,730665854,690822581,690822578,690822577,579953323,579953322,579953321,579953320,579953319,579953318,579953317,579916574,579916577,579953316,579953328,690822582,379516467,579953324,379516466,579953327,579953326,579953325,690824765,690824749,690824748,866606424,922479075,922479076,730682845,730682868,730682867,730682869,589878721,730682864,730682866,945490938,730682863,730682844,589878716,945490937,943784964,943784963,943782516,943782515,730682843,589878718,730682865,730682842,730682862,589878720,589878719,589878715,1034782636,730684397,736826338,706164330,730771776,690808828,690808830,690808831,333831817,588733365,588952917,588733358,588733359,588733360,588952904,588733361,588952902,588952915,588733363,390805213,390805212,1424069955,430869532,588726775,589459967,589459968,589459969,589459961,589459963,589459964,415224186,589459962,1047587836,1047587838,1047587837,1047587843,1047587839,1047587840,1047587841,1047587842,463612383,463612382,914641482,401668588,561611213,561611216,561611209,561611219,561611214,561611211,561611221,561611218,123242586,123242589,123242584,1447741497,1264205127,112698197,112698185,112698601,842026974,1429531892,1435026096,1435026095,1435026078,1435026075,890136925,1433516865,616677976"
Residenza Millenium,45.0414304,7.683772,verde,wood,1,2,6,35,"274223500,274222819,274216280,272542927,1424348128,274216279,1423554859,1427085779,1426037580,256204639,1429668713,1429927729,1075307130,1430558097,1431902912,256273453,1433516888,1075307129,1429531902,1429655981,1435026069,1428971488,1435026063,1435026076,1435026071,274287831,1428971491,1428971492,1429455121,1431214247,1434859332,1433516863,1434859344,1434859331,1435026077"
Residenza Millenium,45.0414304,7.683772,verde,forest,0,0,0,3,"458043150,458043152,28110850"
Residenza Millenium,45.0414304,7.683772,verde,meadow,0,0,0,0,
Residenza Millenium,45.0414304,7.683772,verde,scrub,1,2,5,22,"1427640379,1430193318,1423554883,1429927730,1428218675,1426037541,1426037567,1428534593,1428461509,1428461496,1428534584,1429668705,1430558096,1431167269,1432694422,1429455088,1431167266,1435248870,1435248842,1435248867,1428870607,1441572063"
Residenza Millenium,45.0414304,7.683772,verde,allotments,0,0,0,1,328621268
Residenza Millenium,45.0414304,7.683772,verde,playground,0,1,4,22,"4883648610,77722951,589503930,77722952,579229091,448162839,1217815310,1445632679,660162335,660162333,942887046,942888157,105377046,257509726,257509767,257509776,1424530935,561242634,1193870930,132364747,1433218613,1432694403"
Residenza Millenium,45.0414304,7.683772,verde,recreation_ground,0,0,0,0,
Residenza Millenium,45.0414304,7.683772,verde,nature_reserve,0,0,0,0,
Residenza Millenium,45.0414304,7.683772,verde,lake,0,0,0,0,
Residenza Millenium,45.0414304,7.683772,verde,reservoir,0,0,0,0,
Residenza Millenium,45.0414304,7.683772,sport,fitness_centre,1,1,1,6,"12748314201,11841788895,10736644789,11297477634,10067097220,10784287024"
Residenza Millenium,45.0414304,7.683772,sport,sports_centre,0,3,4,11,"1427648033,1427648036,494397784,635797746,4735055931,4086520147,404714971,3332362719,749439074,256781255,286976821"
Residenza Millenium,45.0414304,7.683772,sport,stadium,0,0,0,0,
Residenza Millenium,45.0414304,7.683772,sport,swimming_pool,1,2,29,66,"191056430,784822193,784822192,1427529403,784822190,784822189,784822191,257509763,1422783951,1275288859,1275288856,1275288857,862227350,1424629757,1381936137,1423554839,1423394835,1423554855,1423554861,1423554878,1423554821,1422783977,1422783961,1422783972,1422783995,1422594033,1422783989,1426420164,1346977123,1425296438,1425296447,1423635394,1423807360,1422783986,1428461503,1423807401,1423807398,1422594069,749439076,1422419030,1422418993,1422418990,1422419019,1422418987,1422418984,1422224010,1422224027,1422594076,1432497807,1075063887,1422594077,1422594081,1263799982,1431902914,1432497796,856951591,1431902913,1433218610,1433218607,1429531899,692335424,1435074201,899626040,1435026110,1412323464,1411982775"
Residenza Millenium,45.0414304,7.683772,sport,water_park,0,0,0,0,
Residenza Millenium,45.0414304,7.683772,sport,pitch,7,20,25,66,"1451321175,1359396455,1359396451,1359396452,693364627,693364626,13308739939,241263809,241263815,436248508,448850336,1445632678,1058453911,1359396454,1359396457,207860575,1359396456,1359396453,257959656,1289661072,1427529401,257509783,257509782,1347606402,1289661073,257509764,257509765,160090690,160090692,257509780,257509781,257509775,13151468861,390805226,261439251,1381938852,1424838291,1346977119,257509784,869894480,859050130,859050133,869894478,869894475,869894481,1058452924,915561405,362273176,13284561433,13284561431,923782195,923780960,915561404,13284561432,1422419022,1422594036,1422418992,1422594070,1346976213,1089685037,1429531896,1421975477,1428971499,1421975464,1421975465,1005248575"
Residenza Millenium,45.0414304,7.683772,sport,tennis_court,0,0,0,0,
Residenza Millenium,45.0414304,7.683772,sport,golf_course,0,0,0,0,
Residenza Millenium,45.0414304,7.683772,sport,ice_rink,0,0,0,0,
Residenza Millenium,45.0414304,7.683772,sport,bowling_alley,0,0,0,0,
Residenza Millenium,45.0414304,7.683772,sport,climbing_wall,0,0,0,0,
Residenza Millenium,45.0414304,7.683772,sport,gym,0,0,0,0,
Residenza Millenium,45.0414304,7.683772,commerciale,shop,0,0,0,0,
Residenza Millenium,45.0414304,7.683772,educazione,school,5,5,7,17,"253301370,253301371,613483942,436304902,253301354,690824769,257509745,4735804563,109771125,123376948,390805214,601868991,390805217,6189845887,190499456,190499455,298804713"
Residenza Millenium,45.0414304,7.683772,educazione,kindergarten,1,1,1,6,"457909877,2592486650,253301347,258200656,869894477,1328540432"
Residenza Millenium,45.0414304,7.683772,educazione,university,0,0,1,23,"988059309,10187943548,1172116313,1063867657,1107125327,1107125328,8496468303,1107125331,988062105,6944502291,6945638233,10132258250,6944516128,6944505643,6945671127,2714024340,749760378,9430411581,6339286102,4605849272,4605836657,4605847888,4605836658"
Residenza Millenium,45.0414304,7.683772,educazione,college,0,0,0,0,
Residenza Millenium,45.0414304,7.683772,educazione,music_school,0,0,0,0,
Residenza Millenium,45.0414304,7.683772,educazione,driving_school,0,0,0,1,12886844895
Residenza Millenium,45.0414304,7.683772,educazione,research_institute,0,0,0,1,190482116
Residenza Millenium,45.0414304,7.683772,educazione,vocational_school,0,0,0,0,
Residenza Millenium,45.0414304,7.683772,educazione,library,0,0,1,3,"4735799707,10229510808,4209315503"
Residenza Millenium,45.0414304,7.683772,educazione,archive,0,0,0,0,
Residenza Millenium,45.0414304,7.683772,educazione,museum,0,0,4,8,"96185130,9775052400,12413494664,5482049568,4219719436,2981060587,6425777001,12393405666"
Residenza Millenium,45.0414304,7.683772,educazione,community_centre,0,0,1,4,"13192364672,12585045537,194336591,12548906803"
Casa Famiglia Serena,45.0806887,7.6625365,sanità,healthcare,0,0,0,0,
Casa Famiglia Serena,45.0806887,7.6625365,sanità,pharmacy,3,9,21,72,"7385328770,7380128899,7380131545,7373154101,7384890987,7376141996,3348688592,1432238864,3914894256,3946017788,4111366192,3917178727,3342794654,7373154102,4734768651,3342781917,3342780201,7058359416,4734135996,7312067712,7312112149,4734225963,1757127788,3344768366,3344782869,1475077657,7312514018,1923349804,7372912660,4734222157,7372912662,7372912663,4736115522,7312267251,3342806293,7372912661,7312091706,4736083750,4736083746,7372987830,1757126232,2505526580,4733875703,4733876380,7312142691,7378996367,10684062914,4733867927,10766828805,4733873633,4733874286,7310122343,4736110877,5113659491,7376114116,12691580935,5117627162,7373154098,4736077953,2068598491,3340684507,7372987831,7373154099,2018175898,7379060407,3416861086,2097331576,3340678134,2097331604,4733988594,7368574413,4733987014"
Casa Famiglia Serena,45.0806887,7.6625365,sanità,dentist,0,0,2,7,"13288761320,9568693092,2016414024,11564921123,12165839580,1448147009,11290710394"
Casa Famiglia Serena,45.0806887,7.6625365,sanità,veterinary,0,1,3,9,"3956304242,13273646894,12951974696,11290467038,1757121990,7234175545,13170595046,2018192326,4733990660"
Casa Famiglia Serena,45.0806887,7.6625365,sanità,optician,0,0,0,0,
Casa Famiglia Serena,45.0806887,7.6625365,sanità,medical_supply,0,0,0,1,12951935240
Casa Famiglia Serena,45.0806887,7.6625365,sanità,defibrillator,2,2,2,18,"7227510560,12237513601,7232177660,9515896704,7234888685,12886227002,432803701,12484268753,8404250984,12422338516,5121847084,7934552531,13239427956,6853513958,3722895975,8025708191,10004554628,7230718281"
Casa Famiglia Serena,45.0806887,7.6625365,sanità,hospital,0,1,3,5,"107278669,294267544,295500484,777989578,1196177764"
Casa Famiglia Serena,45.0806887,7.6625365,sanità,clinic,0,1,2,9,"6664922333,822529092,4086286155,11290349432,10567218284,10567228303,13314604189,2284074743,406569896"
Casa Famiglia Serena,45.0806887,7.6625365,sanità,doctors,0,0,0,0,
Casa Famiglia Serena,45.0806887,7.6625365,mobilità,station,0,0,3,7,"543360161,1095052533,332648726,332648606,2081499942,11592793752,432803698"
Casa Famiglia Serena,45.0806887,7.6625365,mobilità,subway_entrance,0,2,15,30,"3431314079,3431314078,946525643,1484955768,1484955766,1484955767,957916124,946525616,957923325,442641053,442641055,1367855910,1839686581,1367855907,1367855911,1367855914,957923361,957923319,957923307,957923318,3431314080,2299299617,2299299618,3283630305,1367855920,1026285948,1026285957,1026285955,1026285950,1367855922"
Casa Famiglia Serena,45.0806887,7.6625365,mobilità,tram_stop,3,10,35,99,"1199240450,1230710077,945268789,1168270429,945268799,1199240661,1229263858,1168270672,942830318,942830306,942830333,942830319,1231011192,1230709701,942830330,942830343,942830344,942830324,942830342,942830327,942830313,942830316,1229827369,1229580312,1229827462,1229580298,1229580302,1229827262,1229827380,1229580296,943330794,943330820,948350593,948350631,943330778,1229827164,943330837,1229827464,943330773,943330793,1185414492,945268801,945268822,945268805,943330838,11294052063,945268802,1624209638,948015761,948015895,1569477511,1569477500,943330850,3514463818,1169943939,945268803,945268817,948015844,948016105,948015819,1229827566,1229827407,946742863,946742770,948016123,948015910,946742800,946742819,946742866,946742774,946742875,946742772,12101484067,941491637,12101484058,1624209624,1843302903,941491545,1624209625,941491939,941491471,948016002,1167320980,1167320769,941491730,948016031,948016167,1167320925,947982084,948015780,945268808,948015938,945268793,948015923,948016134,941491929,12296376831,941491766,939124434"
Casa Famiglia Serena,45.0806887,7.6625365,mobilità,bus_stop,5,20,97,377,"1262209301,1262194948,1262211472,1262197194,1262209161,1262194483,1262194463,1212944734,1212944745,1262206303,1262208993,1262195744,1199003141,1262195065,1262182588,1168270670,1199240778,1168929641,1168929327,1262195535,1229263756,937605184,937605187,1262202938,1262210261,1262196361,1262193644,1262211503,937605188,1168270573,1262196140,1262182653,1262199082,1262199702,1262197372,1262210034,1262197071,1262184392,1262193705,1262206540,1262195996,1262210565,1262195403,1262200220,1262187100,1262207479,1262194791,1262198137,1262203653,1262203564,1262212324,1262195144,1262182776,1262199205,1262208958,1262199591,1262193765,1262203257,1262194988,1262188706,1262202792,1262194321,1262197282,1262212832,1262211335,1262189175,1262199980,1262198311,1262195447,1262183195,1262208260,1262211717,1262184927,1262196052,1262205722,1262209117,1262192893,1262192699,1262191010,1262190401,1262205881,1262201336,1262203738,1262199030,1262209939,1262196012,1262192555,1262209422,1262184292,1262201989,1262207376,1262208142,1262199711,1262204582,1262191786,1262187575,1313599114,1313599098,1313599087,1313599111,1262201435,1313599104,1229580307,1229827398,12823257925,1262196595,1262210281,1262196239,1229827470,1229580327,1262198584,1262212991,1229580319,1262199709,1229827300,1262198618,1524833855,10938458344,4806485504,1569038269,12074187316,1262209419,1262197341,1524833877,4665090550,4665090551,1262209460,1262195174,1262203792,1262195359,1262203217,943330789,943330777,1262206976,1399644508,1262193498,1262211612,1262202140,943330783,943330770,1254531625,1254531624,1262204189,943330813,1262203134,1262208172,937954790,1254531622,1254531604,1185414556,1185414572,1199240547,1569038260,1262208085,8494249908,1262196253,1199240667,1262201459,10938458345,1262197535,1262194358,8496496625,1262202182,4248370551,4245731174,4443910584,1262182722,1262198202,1262203078,1199240749,1262193035,943330835,937954831,1254531567,1262206062,2299299616,937605198,937605176,1262203237,937605196,937605190,1199240598,943330808,1262209067,1816820005,1524833867,1262194622,1254531589,1254531599,1262192569,1534402607,1262199643,1534402620,1262209355,1816820048,937954690,1199240497,1169943950,1199240580,1262203543,1262194491,1254531584,1262208183,1262199327,1262190791,1262192727,1262203691,1525407819,1816820135,4357263598,1262209141,1262211268,1262210271,1262188903,1262207083,1262185232,1262207614,1262200572,1262190626,1262209085,1262182405,1262203714,1262194671,1262210195,1262192814,1262209535,12993111273,1262204423,1262198343,1262183268,1262204495,1262195456,12993111272,1262207261,1262199317,1262203747,1262203829,1262195276,1262195579,1262206853,1262209342,1262211115,1262202505,1262208270,1262195767,1262209627,1262204692,1262197912,1262195655,1262211429,1262191067,1262204839,1262208965,1262194453,1262199215,1262205148,1262191867,1262186943,1262203897,1262201355,1262207985,1262199136,1262185091,1262197302,1262204596,1262194624,1262207744,1262209011,1262203586,1262182214,1262183313,1262201881,1262207876,1262191135,1262198629,1262206242,1262194923,1262210903,1262183810,1262204006,1262189434,1262199799,1262212040,1262199676,1262198055,1262186650,1262199524,1168929371,1262200499,1262196215,1262196300,1262198051,1262197657,1525407917,1262206483,1262203392,3229868385,3262101385,1491228856,1262197246,1198867662,1262188506,1262197678,1262208401,1262209581,1262199837,1198867402,937605171,1262199772,937954712,1262182632,1262212512,1262199811,1262199749,1262188243,1262206716,1262207159,1262212066,1262208315,1198867441,1198867537,1262208216,1169944015,1198867556,1198867687,1198867567,1262204512,1262201395,1262194929,1262196877,1262194968,1262198250,1169944001,1262210342,1262201382,1199240610,1262192916,1262195506,1262204561,1169944104,1169944065,1262203915,1262211062,1262182640,1262208804,1262209142,1262208471,1262212637,1262210724,1262205191,1262208862,5170992749,1262198865,1262203646,1262207847,1262200944,1262197431,1262199070,2291910682,1262204651,1262195627,11900736750,11900736751,1262205952,1262200770,1262194786,1262208693,1262194006,1262208285,1262199140,1262209070,1262204144,1262195892,1262197057,1262181780,1262197366,1262208976"
Casa Famiglia Serena,45.0806887,7.6625365,mobilità,charging_station,0,0,6,24,"9568693093,10203837376,13027591668,10243424972,13340070604,13027614487,9088671239,4671233528,9088671240,13075187843,5545493679,12801752468,13074606106,13074583239,12974489257,3906163545,7787992006,12385342507,3906239156,11640502278,544516332,12849058997,13031168994,10682653692"
Casa Famiglia Serena,45.0806887,7.6625365,mobilità,car_sharing,0,0,1,2,"4616005750,4749176847"
Casa Famiglia Serena,45.0806887,7.6625365,mobilità,taxi,0,1,3,10,"2902424081,1757138441,2902424080,1545661422,3241731973,2902424082,604332918,2902424078,5167146632,2902424079"
Casa Famiglia Serena,45.0806887,7.6625365,mobilità,parking,5,6,27,141,"752839776,1032863499,300189916,287520875,1027356692,83042948,1383582583,1381841252,1381841251,5693045436,12809872841,1381841253,1125419383,110530901,388410845,892061235,895352333,895352332,891936899,891936900,389549638,391743104,389601115,389601114,448718773,448969330,110534406,110862166,110862168,525113175,448434080,132528231,222172799,6411440333,1109043885,928634211,928634186,5239566614,352332303,928634275,635372762,635372763,320706078,320706077,166616053,166611428,125745550,586939744,12197274454,1351673211,23090218,1219311967,1219311969,1062840998,1063527547,1062853762,1062853768,1219311968,883916435,37041494,883916442,846925185,919673015,846925184,921599999,919673001,921600007,921849957,921849941,459073294,627368788,868823455,123587977,620145344,921075185,573314876,868823459,398908818,620374363,525108995,621732915,123588186,505620794,310919719,846925182,840256684,644610711,151998821,151998771,58378277,275161406,2284374403,5997771287,5997780786,320706080,5997812985,635372765,320706079,5997772786,5997773586,5997772787,5997773587,5997780785,96556746,5993028887,5993028888,635989603,5997762385,308834324,1122299605,5997837886,5997837887,5997806485,5997788087,5997771286,108459796,652758231,262648990,288283917,553224994,5239210899,5340476663,388422914,256336198,149459698,2275474998,288891940,2275474626,532901305,133130652,373093368,1426204055,182857158,731932434,5167031324,5167144776,2275474473,5167017427,2275474943,256336302,256336239"
Casa Famiglia Serena,45.0806887,7.6625365,mobilità,car_rental,0,0,0,0,
Casa Famiglia Serena,45.0806887,7.6625365,mobilità,bicycle_parking,1,17,94,236,"2699762076,2699762075,7785624492,9565968757,6912162938,7815134903,10113463334,10113463333,10113463332,10113463331,9580694089,10113463330,10113463329,10113463335,2016369763,2017759603,1783770824,10873504971,1783770825,2699757978,9536387625,706004735,9515661833,2699754605,12165839590,13273630892,7076001859,7076001858,2699762077,12951928674,10901383359,2699745133,2699762079,7807429771,10771806119,2699762078,2699762081,9300406026,2699743589,13231686483,12165839584,2699743595,2699743596,7076063225,2699745128,7076063226,7076063227,7076063223,7076063224,7076063222,7076063221,7076063220,7076063219,7076063218,7076063217,7076063216,7076063232,7076063233,7076063229,7076063237,7076063228,7076063235,7076063236,2699745134,7076063215,2699745131,7076063214,2699745130,5628622143,2699745129,5628622144,2632353490,10873504970,5628622145,7025739876,10873504969,2699745132,2699745136,2699745135,7076063244,7076063250,7076063251,2699745137,7076063243,7076063242,12165781958,7076063247,7076063246,7076063230,7076063239,7076063238,7076063240,7076063241,7076063234,7076063231,12889486162,13231692502,12889485978,12889485179,12889481110,12889467141,2699743593,12165781957,7076063264,7188790471,7076063257,7076063253,7076063252,7076063255,7076063249,7188790470,7076063260,7076063258,7076063248,7076063256,7076063262,7076063245,7076063263,7076063265,7076063254,7076063259,7076063261,10159318064,2699757982,2699757981,2699757980,2699757979,2699757983,2699757984,2699757985,2699757986,2699757987,2699757989,2699752845,2699752839,2699757988,10959344809,2699753945,2699754607,2699754613,2699754610,2699754609,13142999531,13143056907,10741520276,10741540187,2699752835,13142731612,2699752836,2699752843,2699752848,12423088352,12423084564,2699752837,2699752846,7076063266,7076063268,7076063269,11357996666,11357989903,2699752855,7076063267,2699752858,10873504966,3748951425,2699743590,10770406639,2699752850,12227768290,12962232569,10874232260,10873504967,2699743591,2699743592,10873504965,11505942798,12120421659,10831661710,2699740343,12996199743,13175581648,2540601566,13026972875,10873504964,13026966312,13026970105,11963628161,10766828705,6149852920,2699753943,2699753944,2699753946,2699753947,2699753951,2699753950,2699753949,2699753948,2699753644,2699752844,2699752833,2699752840,2699752831,10951467173,2699752842,10951467161,2699752853,10883132771,2699752854,2699752859,2699752857,2699752834,2699752832,9307377317,9307358113,13074641241,5998289584,5998291995,9740888734,12960979068,2699743594,12960995980,13031764505,13031144492,13031774310,13031783911,13031764501,13031764500,13031773532,13031773533,11084637605,12079627878,10767946305,10873504963,10873504951,5167135825,12852846568"
Casa Famiglia Serena,45.0806887,7.6625365,mobilità,bicycle_rental,0,1,1,2,"12068398565,4818660028"
Casa Famiglia Serena,45.0806887,7.6625365,mobilità,primary,0,0,0,0,
Casa Famiglia Serena,45.0806887,7.6625365,mobilità,secondary,0,0,0,0,
Casa Famiglia Serena,45.0806887,7.6625365,verde,park,0,1,17,59,"36854185,385418437,605805917,731935819,41752855,41752854,117959657,525113176,129903965,479483770,81792740,81792741,341402495,82202795,23088806,433500383,81157499,925827425,130457686,23034764,23034770,238704379,883916433,480821049,79942860,82508282,824643082,824642760,875795239,868823458,631801832,802161320,254100539,428655680,647241676,846925187,123548922,604123849,333572251,121211619,633978502,123548656,820424986,306556283,306556287,306556291,306556292,306556281,758075564,920991543,935616642,41753266,664910389,939068383,319279820,23055671,532907259,256465522,369795270"
Casa Famiglia Serena,45.0806887,7.6625365,verde,garden,3,11,30,148,"107167208,892460217,892460222,892460206,892460208,891498339,891498341,891498343,891498340,890748884,892460219,916939206,916939199,10901405103,1433432894,111596409,525113177,889467736,525113178,889468648,889467729,766788903,889348394,918136704,918136724,889467725,918136703,918136723,917103499,917103501,919651094,919048424,919651087,919651082,919651086,919651081,919651093,29176172,925917989,925917990,928634201,44574181,351520239,928634230,928634231,130448587,130448589,130448590,130448588,327939730,1064035772,1064035771,28621748,917103497,916939198,916438146,916939214,917103478,883708994,916939212,916438145,916438147,916939204,917103477,917103503,917103502,917103500,920625897,918136722,918582404,885678001,918582402,918582414,885677997,918136682,918136701,885678002,918584287,918136725,918136700,918582413,885678003,918582411,918582401,918582398,918582400,885678006,918582399,918136721,918582397,918582395,918582396,920118750,920118749,919657585,920118755,919657586,920118740,919657591,920118744,919709083,919657592,919672998,919724557,919709048,921075201,919724558,921600001,921075200,921075204,924935993,924936006,924936005,924936007,921849943,921600014,921075238,921075237,921075193,921075192,921479317,921479324,921479314,921479323,921075207,921479319,920118746,920118747,920118748,920118745,193285156,603463549,128268848,414225571,414225572,414225915,930347116,664919160,561608551,23054276,324477119,29184190,1067243272,414225569,414225570,930436693,930437764,1426202484"
Casa Famiglia Serena,45.0806887,7.6625365,verde,grass,19,30,64,251,"286653246,181232350,181232347,181232345,181232341,286653247,181232346,286767159,286767161,181232351,286653245,286653244,286653242,242409910,286653241,286646606,286647293,286653240,286653237,286646604,286646594,286645617,286653239,286646607,286647294,286646605,286647291,732177417,286646595,1236922853,286646601,732177420,732177418,286646602,732177419,286646603,286647290,286646597,242409911,544187117,286636546,242409909,286656050,286636547,286636548,286664226,286636549,732157565,286664225,954750078,953713788,953713787,956494708,954750079,956494707,956494706,955893950,37671811,731899351,731899352,731899353,1173967163,731899358,1173907484,1173907485,731899359,731899350,731899354,1173907483,1173898346,1173898347,731899360,1173898349,1173898348,731899357,731899355,731899356,732096036,732096037,732096038,732096048,731939743,731935824,731935825,731939740,731939738,731939741,221891468,731939739,731939742,889467735,762971427,81753214,732125145,732125146,732177422,732125147,178997269,732125144,178997273,732125148,732125140,178997270,684348512,732125143,732125142,732125141,732125149,732125150,732125151,732125152,37738037,732157570,286656044,732125138,732157568,732157569,732157567,286656041,732125139,342742135,342742125,342742134,347254651,342742126,347254668,347254667,347254652,347254640,347254654,347254660,355063902,365762772,355063900,355063904,354610028,365762771,351520237,351520236,424025002,394218574,394218572,352332316,352332309,352332314,353072697,352332319,424025003,352396030,355063909,355063907,355063905,462066644,684095662,130448586,684095663,130448583,134236056,1218836989,134236059,149628054,396842103,396842101,408842296,408842295,408842294,408842300,408842297,408842293,408842299,408842298,556500005,1067805718,1062853763,1062853769,1067805717,917103479,919657582,884335982,918582410,919657583,919657584,81976030,920661315,920661316,920661314,123461299,920661317,81976033,920661319,920661313,921075162,81976031,921600013,81976027,920036095,123461298,921850001,921849999,660967943,577583408,577583407,577583403,660967944,577583409,921479284,577583406,921479315,577583404,920118742,846925186,848623838,246370042,246370044,246370040,245651852,577583405,246370043,246370041,848623840,245651854,245651855,246366194,245663246,246371511,246371512,246371513,246371510,246371514,246366191,246366190,107568897,1068463711,769094730,1069866764,1362575098,258298837,288283918,107568893,1064513659,107568895,107568898,1250264722,1426204057,1426204058,1271377215,1426204056,1426204054,1271377217,1426204053,1271377216"
Casa Famiglia Serena,45.0806887,7.6625365,verde,wood,0,0,0,3,"920625896,921479313,920004733"
Casa Famiglia Serena,45.0806887,7.6625365,verde,forest,0,0,0,2,"956497469,530269639"
Casa Famiglia Serena,45.0806887,7.6625365,verde,meadow,0,0,0,0,
Casa Famiglia Serena,45.0806887,7.6625365,verde,scrub,0,0,1,8,"360131117,919709082,920036085,924938667,921479311,921479316,1173223756,921479325"
Casa Famiglia Serena,45.0806887,7.6625365,verde,allotments,0,0,0,1,328623930
Casa Famiglia Serena,45.0806887,7.6625365,verde,playground,1,2,10,37,"390653412,448718771,1173081441,801903369,129903966,919048423,82400814,341402905,448434079,1149617853,1149617852,499890620,1438254805,2110827287,8787334116,130457685,3419744722,3419744721,243156173,12120385298,10831666705,921849990,6772490090,1057169403,80440121,243120102,740900642,437805478,11305259332,820424988,164063782,287696765,1780526494,12851950094,623124807,3405371588,2097331624"
Casa Famiglia Serena,45.0806887,7.6625365,verde,recreation_ground,0,0,0,0,
Casa Famiglia Serena,45.0806887,7.6625365,verde,nature_reserve,0,0,0,0,
Casa Famiglia Serena,45.0806887,7.6625365,verde,lake,0,0,0,0,
Casa Famiglia Serena,45.0806887,7.6625365,verde,reservoir,0,0,0,0,
Casa Famiglia Serena,45.0806887,7.6625365,sport,fitness_centre,0,1,2,6,"9568693090,4477792090,12488885986,4734138530,6341721823,5871656872"
Casa Famiglia Serena,45.0806887,7.6625365,sport,sports_centre,0,0,2,10,"4479684158,83825215,289416784,44051344,769032633,44050243,287246964,123568272,2097331599,10572346562"
Casa Famiglia Serena,45.0806887,7.6625365,sport,stadium,0,0,0,0,
Casa Famiglia Serena,45.0806887,7.6625365,sport,swimming_pool,0,0,0,5,"1118749030,1118749029,1118749028,379375639,2097331540"
Casa Famiglia Serena,45.0806887,7.6625365,sport,water_park,0,0,0,0,
Casa Famiglia Serena,45.0806887,7.6625365,sport,pitch,0,0,5,73,"7007648418,7007648417,186413455,1221399783,835698128,385418498,846003831,186413454,1303852812,1173898344,1173235467,731935820,731935821,41752773,731935823,220614907,220614908,388690911,83825205,875720649,457661508,877785725,289416782,289416786,289416797,289416790,10694640239,10694640238,10694640237,324738752,1014573092,769033182,769033175,769033180,769033179,58758878,12120421777,769033181,769033176,769033177,885675273,918136689,918136688,769033178,129305954,919709049,919673004,919709047,921075206,921075182,921075180,254402613,505620792,1058462171,1058462170,1058462169,1058462168,620143556,620143554,620143555,930662098,513365787,578921511,1315551317,1315551316,319284839,809362711,809362112,218287346,218287350,1000297399,256770955,218287344"
Casa Famiglia Serena,45.0806887,7.6625365,sport,tennis_court,0,0,0,0,
Casa Famiglia Serena,45.0806887,7.6625365,sport,golf_course,0,0,0,0,
Casa Famiglia Serena,45.0806887,7.6625365,sport,ice_rink,0,0,0,0,
Casa Famiglia Serena,45.0806887,7.6625365,sport,bowling_alley,0,0,0,0,
Casa Famiglia Serena,45.0806887,7.6625365,sport,climbing_wall,0,0,0,0,
Casa Famiglia Serena,45.0806887,7.6625365,sport,gym,0,0,0,0,
Casa Famiglia Serena,45.0806887,7.6625365,commerciale,shop,0,0,0,0,
Casa Famiglia Serena,45.0806887,7.6625365,educazione,school,2,5,17,33,"7501518183,7501518184,367981582,58888771,385417873,388411291,137280029,875684723,889097430,392518162,889096565,443199497,443199498,391737655,344744214,318938045,369665895,369665896,365610519,4736111631,340249805,334684164,426293828,4736081694,320875624,4736084237,453977011,848705062,436288158,201438197,137279108,43588808,182884900"
Casa Famiglia Serena,45.0806887,7.6625365,educazione,kindergarten,0,0,3,11,"898160525,131644847,919048421,12227784321,921075190,768854407,4762289761,10896540919,2018099976,256387052,532940553"
Casa Famiglia Serena,45.0806887,7.6625365,educazione,university,0,0,1,3,"12694977921,8903777986,12168588078"
Casa Famiglia Serena,45.0806887,7.6625365,educazione,college,0,0,0,1,780144763
Casa Famiglia Serena,45.0806887,7.6625365,educazione,music_school,0,0,1,1,12569155038
Casa Famiglia Serena,45.0806887,7.6625365,educazione,driving_school,0,1,3,8,"13273674967,12951948641,10879184439,11841904325,3859150411,12165781951,4734140809,3473130432"
Casa Famiglia Serena,45.0806887,7.6625365,educazione,research_institute,0,0,0,0,
Casa Famiglia Serena,45.0806887,7.6625365,educazione,vocational_school,0,0,0,0,
Casa Famiglia Serena,45.0806887,7.6625365,educazione,library,0,0,0,5,"4604602037,11926381625,243093474,6074405709,2096881473"
Casa Famiglia Serena,45.0806887,7.6625365,educazione,archive,0,0,0,0,
Casa Famiglia Serena,45.0806887,7.6625365,educazione,museum,1,1,2,21,"123180294,3338687283,397514864,6433764792,435784636,4572133130,4736079916,6433974757,96139133,4734142853,10901623367,6432887576,6432637423,11267476069,4908362221,6434268049,1628071063,6433944342,11217521918,246516619,9757285250"
Casa Famiglia Serena,45.0806887,7.6625365,educazione,community_centre,0,1,2,5,"423150315,10931712505,12624324778,3371757496,8069412590"
Casa di Riposo San Gaetano,45.0870406,7.6781763,sanità,healthcare,0,0,0,0,
Casa di Riposo San Gaetano,45.0870406,7.6781763,sanità,pharmacy,0,2,15,79,"1757127788,3344768366,1475077657,7312514018,1923349804,7372912660,4734222157,7372912662,7372912663,7312267251,3342806293,7372912661,7312091706,4736083750,4736083746,7372987830,1757126232,4733875703,4733876380,7312142691,7378996367,10684062914,4733867927,10766828805,4733873633,4733874286,2381354985,4733870733,6629723958,4733992224,7310122343,4736110877,5113659491,2048276171,7376114116,12691580935,5117627162,7373154098,4736077953,2068598491,3340684507,7372987831,7373154099,2018175898,7379060407,3416861086,4733628841,2097331576,3340678134,2097331604,4733988594,7368574413,309669048,3340681064,4733630118,4732591993,2593583368,4733528397,4733528549,8059810892,1547962818,7312465285,4732670739,2593583387,4732664336,4733992598,7368557707,4733987014,4733974238,4733975666,7378991035,5167401327,4732595383,4732587034,7309053401,4733976614,4733975949,4733959305,4733919883"
Casa di Riposo San Gaetano,45.0870406,7.6781763,sanità,dentist,0,0,0,4,"11290710394,6629911203,4732594038,12076633860"
Casa di Riposo San Gaetano,45.0870406,7.6781763,sanità,veterinary,0,0,1,5,"1757121990,7234175545,13170595046,2018192326,4733990660"
Casa di Riposo San Gaetano,45.0870406,7.6781763,sanità,optician,0,0,0,0,
Casa di Riposo San Gaetano,45.0870406,7.6781763,sanità,medical_supply,0,0,0,0,
Casa di Riposo San Gaetano,45.0870406,7.6781763,sanità,defibrillator,0,1,1,14,"8404250984,12422338516,5121847084,7934552531,13239427956,6853513958,12095446701,3722895975,8025708191,10004554628,6877134124,9612498223,7230718281,7139691092"
Casa di Riposo San Gaetano,45.0870406,7.6781763,sanità,hospital,0,0,2,5,"107278669,294267544,295500484,777989578,1196177764"
Casa di Riposo San Gaetano,45.0870406,7.6781763,sanità,clinic,0,0,1,8,"4086286155,11290349432,10567218284,10567228303,13314604189,3290263940,406569896,4086241234"
Casa di Riposo San Gaetano,45.0870406,7.6781763,sanità,doctors,0,0,0,0,
Casa di Riposo San Gaetano,45.0870406,7.6781763,mobilità,station,0,0,0,4,"2081499942,11592793752,432803698,3395218674"
Casa di Riposo San Gaetano,45.0870406,7.6781763,mobilità,subway_entrance,0,0,0,13,"1367855914,957923361,957923319,957923307,957923318,2299299618,3283630305,1367855920,1026285948,1026285957,1026285955,1026285950,1367855922"
Casa di Riposo San Gaetano,45.0870406,7.6781763,mobilità,tram_stop,0,0,14,89,"943330794,943330820,948350593,948350631,943330778,1229827164,943330837,1229827464,943330773,943330793,945268805,943330838,11294052063,945268802,1624209638,948015761,948015895,1569477511,1569477500,943330850,3514463818,1169943939,945268803,945268817,948015844,948016105,948015819,1229827566,1229827407,946742863,946742770,948016123,948015910,946742800,946742819,946742866,946742774,946742875,946742772,941491637,12101484058,1624209624,1843302903,941491545,943330768,1370347434,1229263851,1370347438,1624209625,941491939,941491471,948016002,1167320980,1167320769,941491730,948016031,948016167,1167320925,1229263814,1229263917,1229264035,1229263857,11660081125,1168270491,947982084,947981932,948015780,945268808,948015938,945268793,948015923,948016134,941491929,12296376831,941491766,939124434,941491818,941491551,941671400,941671307,941671472,1230710101,947982115,1168270479,941671452,941671323,941671509,1167320813,1167320906"
Casa di Riposo San Gaetano,45.0870406,7.6781763,mobilità,bus_stop,4,21,80,380,"4665090550,4665090551,1262209460,1262195174,1262203792,943330789,943330777,1262206976,1399644508,1262193498,1262211612,1262202140,943330783,943330770,1254531625,1254531624,1262204189,943330813,1262203134,1262208172,937954790,1254531622,1254531604,1199240667,1262197535,1262194358,8496496625,1262202182,4248370551,4245731174,4443910584,1262182722,1262198202,1262203078,1199240749,1262193035,943330835,937954831,1254531567,1262206062,2299299616,937605196,937605190,1199240598,943330808,1262209067,1816820005,1524833867,1262194622,1254531589,1254531599,1262192569,1534402607,1262199643,1534402620,1262209355,1816820048,937954690,1199240497,1169943950,1199240580,1262203543,1262194491,1254531584,1262208183,1262199327,1262190791,1262192727,1262203691,1525407819,1816820135,4357263598,1262209141,1262211268,1262210195,1262192814,1262209535,12993111273,1262204423,1262198343,1262183268,1262204495,1262195456,12993111272,1262207261,1262199317,1262203747,1262203829,1262202505,1262208270,1262195767,1262204692,1262197912,1262195655,1262211429,1262191067,1262204839,1262208965,1262194453,1262199215,1262205148,1262191867,1262186943,1262203897,1262201355,1262207985,1262199136,1262185091,1262197302,1262204596,1262194624,1262207744,1262209011,1262203586,1262182214,1262183313,1262201881,1262207876,1262191135,1262198629,1262206242,1262194923,1262210903,1262183810,1262204006,1262189434,1262199799,1262212040,1262194376,1262208918,1262199676,1262194999,1262204382,1262195299,1262202022,1262198055,1262186650,1262182513,1262199524,1262208357,1262210222,1262191904,1262195672,1569038095,1262210522,1262196566,1262204505,1262212724,1262203760,1262199962,1262206483,1262203392,3229868385,3262101385,1262197246,1198867662,1262188506,1262197678,1262208401,1262209581,1262199837,1198867402,1262207476,1262190131,1491228854,11657164483,11657164484,937605171,1262199772,937954712,1262182632,1262212512,1262199811,1262199749,1262188243,1262206716,1262207159,1262212066,1262208315,1198867441,1198867537,1262208216,1169944015,1198867556,1198867687,1198867567,1262204512,1262201395,1262194929,1262196877,1262195824,1262208031,1262210312,1262190386,1262195510,1262200404,1262204567,1262212826,1262211802,1262194968,1262198250,1262202417,1262185638,1262198884,1262195633,1262212644,1262199697,1262183610,1262209326,1169944001,1262210342,1262201382,1199240610,1262192916,1262195506,1262204561,1169944104,1169944065,1262203915,1262211062,1262182640,1262208804,1262209142,1262208471,1262212637,1262210724,1262205191,1262208862,5170992749,1262198865,1262203646,1262207847,1262200944,1262197431,1262199070,2291910682,1262204651,1262195627,11900736750,11900736751,1262205952,1262200770,1262194786,1262208693,1262194006,1262208285,1262203594,1262199227,1262182243,1262199140,1262197279,1262197344,1262205700,1262209070,1262208866,1262193851,1262204144,1262195892,1262197057,1262208091,1262181780,1262207924,1262187051,1262197366,1262209473,1262199613,1262205219,1262193440,1262182373,1262203154,1262209149,1262194631,4281873690,1262195240,1262204335,1262196046,1262191446,1262208207,1262208276,1262198533,1262208764,1262184176,1262193104,1262208589,1231011153,3226552301,3226552300,1262201740,1262187727,3226552302,1262209157,1262199236,1262201120,1668063915,1262188886,1262198214,1262193412,1262182759,1262209328,1262211594,1262203860,1262182532,11599304627,1262200672,1262184893,1262209370,1262211559,1262192547,1524429488,1524429497,1262194599,1262188221,1262199810,1262203733,1262209713,1262202067,1262182607,1262189955,1262200265,1524429483,1262183967,1262191217,1524429466,1524429462,1262201969,1524429477,1262209468,1262190527,1262205682,1262208976,1262193690,1262203243,1262198093,1262203848,11397942433,1262199966,11397942432,1262209208,2291910742,6194686536,2291878840,11397942430,11397942431,1262197153,1262201584,1262192078,1262207690,1262200681,1262190738,1262209253,1262199439,1262182564,1262189533,1262198302,12987986227,12987986226,1262183174,1262201224,1262211071,1262207362,1262210147,1262200174,1262207449,1262210311,1262204449,1262196773,2291910734,1262199068,1262206808,1262196396,1262191915,1262203337,1262209284,1262192058,1262191385,1262202393,1262189553,1262210445,1262200400,1262190822"
Casa di Riposo San Gaetano,45.0870406,7.6781763,mobilità,charging_station,1,1,3,20,"4671233528,9088671240,13075187843,12801752468,13074606106,13074583239,12974489257,3906163545,7787992006,4733959314,10608756008,11640502278,544516332,12849058997,13031168994,10682653692,9892110268,7944759282,9386005083,6133074685"
Casa di Riposo San Gaetano,45.0870406,7.6781763,mobilità,car_sharing,0,0,0,1,4749176847
Casa di Riposo San Gaetano,45.0870406,7.6781763,mobilità,taxi,0,1,1,11,"1757138441,1545661422,3241731973,2902424082,604332918,3241731972,3241731971,2902424078,5167146632,2902424079,2898774433"
Casa di Riposo San Gaetano,45.0870406,7.6781763,mobilità,parking,3,12,56,191,"1109043885,928634211,928634186,5239566614,352332303,928634275,635372762,635372763,320706078,320706077,166616053,125745550,586939744,12197274454,1351673211,23090218,1219311967,1219311969,1062840998,1063527547,1062853762,1062853768,1219311968,921600007,921849957,921849941,459073294,627368788,868823455,123587977,620145344,921075185,573314876,868823459,620374363,525108995,621732915,123588186,505620794,310919719,846925182,840256684,644610711,151998821,151998771,58378277,290698215,290699493,643186541,290699494,211739729,411724403,82272146,705606553,705606552,705606554,428083794,705605490,136174674,404098667,5997771287,5997780786,320706080,5997812985,635372765,320706079,22953965,1255999599,5997772786,5997773586,5997772787,5997773587,5997780785,96556746,5993028887,5993028888,635989603,5997762385,308834324,1122299605,5997837886,5997837887,5997806485,5997788087,5997771286,108459796,652758231,262648990,365889975,288283917,1107364662,365889357,846901935,1107364663,553224994,5239210899,5340476663,388422914,256336198,149459698,2275474998,288891940,2275474626,532901305,133130652,373093368,1426204055,196859076,182857158,731932434,5167031324,5167144776,2275474473,5167017427,2275474943,1215783014,256336302,1215783015,7115553619,256336239,1215783013,1215783012,1215783010,1215783011,1266554225,455120610,1266554226,1266554228,5167507370,5167507369,5167507368,5167017523,524348972,965835743,5167507373,5167507374,5167507371,5167496327,5167496722,5167507377,5167501147,5167507376,387341670,5167507375,5167507372,5167500679,2659508406,5167499335,5167500677,5167500678,5167510465,5167500713,1426439916,166616614,846901934,328929579,1158404279,1158404305,1158404302,1158404303,1158404300,1158404301,1158404304,1158454601,846018295,886739419,846003849,846003846,253369390,288783063,846003847,846018317,930961648,846018316,288783085,541871603,1075703471,133393920,555008810,404395880,808449058,808449055,808449056,1412530123,1412530120,1412530122,1412530121,25568424,1072071037,450292737,25568413"
Casa di Riposo San Gaetano,45.0870406,7.6781763,mobilità,car_rental,0,0,0,0,
Casa di Riposo San Gaetano,45.0870406,7.6781763,mobilità,bicycle_parking,1,8,46,186,"2699743595,7076063237,7076063235,7076063236,2699745136,2699745135,7076063244,7076063250,7076063251,2699745137,7076063243,7076063242,12165781958,7076063247,7076063246,7076063230,7076063239,7076063238,7076063240,7076063241,7076063234,2699743593,12165781957,7076063264,7188790471,7076063257,7076063253,7076063252,7076063255,7076063249,7188790470,7076063260,7076063258,7076063248,7076063256,7076063262,7076063245,7076063263,7076063265,7076063254,7076063259,7076063261,2699757982,2699757981,2699757983,2699757984,2699757985,2699757986,2699757987,2699757989,2699752845,2699752839,2699757988,10959344809,2699754613,13142999531,13143056907,10741520276,10741540187,2699752835,13142731612,2699752836,2699752843,2699752848,12423088352,12423084564,2699752837,2699752846,7076063266,7076063268,7076063269,11357996666,11357989903,2699752855,7076063267,2699752858,10873504966,3748951425,2699743590,10770406639,2699752850,12227768290,12962232569,10874232260,10873504967,2699743591,2699743592,10873504965,11505942798,2699740343,12996199743,13175581648,2540601566,13026972875,10873504964,13026966312,13026970105,11963628161,10766828705,2699753946,2699753947,2699753951,2699753950,2699753949,2699753948,2699753644,2699753643,2699753642,2699752844,2699752833,2699752840,2699752831,10951467173,2699752842,10951467161,2699752853,10883132771,2699752854,2699752859,2699752857,2699752834,2699752832,9307377317,9307358113,13074641241,6851396187,5998289584,5998291995,9740888734,12182105961,11622870823,10823910305,10827570606,12960979068,2699743594,12960995980,13031764505,13031144492,13031774310,13031783911,13031764501,13031764500,13031773532,13031773533,11084637605,12079627878,10767946305,10873504963,10873504951,5167135825,10823892608,12208848355,10823869008,12852846568,10823876406,5167151738,5167151741,5167151742,5167151743,5167151740,5167119931,5167151745,5167157222,5167151737,5167148032,5167110789,5167157224,5167157223,5167151744,5167157221,5167151736,5167151746,5167151739,5167157198,5167157199,11622870824,5542175057,5534040230,5534052431,10827604005,10827603806,10833477005,10833478805,12914341079,10832280807,10873504962"
Casa di Riposo San Gaetano,45.0870406,7.6781763,mobilità,bicycle_rental,0,0,0,1,4818660028
Casa di Riposo San Gaetano,45.0870406,7.6781763,mobilità,primary,0,0,0,0,
Casa di Riposo San Gaetano,45.0870406,7.6781763,mobilità,secondary,0,0,0,0,
Casa di Riposo San Gaetano,45.0870406,7.6781763,verde,park,0,7,18,64,"433500383,81157499,925827425,130457686,23034764,23034770,238704379,79942860,82508282,824643082,824642760,875795239,868823458,631801832,846925187,123548922,604123849,333572251,121211619,633978502,123548656,820424986,306556283,306556287,306556291,306556292,306556281,758075564,920991543,935616642,41753266,643186540,664910389,939068383,319279820,22879264,22908088,23055671,532907259,521818474,256465204,256465522,369795270,632813022,1157616170,253360471,290706661,253366252,253374909,253360457,288783058,333222797,541871893,808449059,321632409,555009210,1135505066,555009211,878127525,1135505546,555009213,1384141710,555010242,257916463"
Casa di Riposo San Gaetano,45.0870406,7.6781763,verde,garden,0,1,13,116,"925917989,925917990,928634201,44574181,351520239,928634230,928634231,130448587,130448589,130448590,130448588,327939730,1064035772,1064035771,28621748,921075201,921075200,921075204,924935993,924936006,924936005,924936007,921849943,921600014,921075238,921075237,921075193,921075192,921479317,921479324,921479314,921479323,921075207,921479319,193285156,603463549,128268848,414225571,414225572,414225915,930347116,664919160,664905158,664905157,393188982,937336229,750471849,750470082,935563676,274640230,177478474,664915712,58415795,23054276,324477119,29184190,585434921,585434922,1067243272,414225569,414225570,930436693,930437764,1426202484,761582377,761951452,761951453,761951455,761951457,761951454,761582373,761951459,761951458,761582372,761951460,761951456,846901933,1158404280,1266554235,1266554238,28228192,28228190,314840465,937334549,289457995,1395722474,1395722475,1395731857,1395722477,1395722473,1395722472,1395722471,1395722476,1395731856,1395731865,1395731874,1395722470,1395731866,1395719520,1395719517,1395719518,102842108,1395719519,1395731918,1395731919,1395735416,1395735409,846003821,1395735410,1395735419,1395735429,1395735420,896313944,1395735432,896313943,937334550"
Casa di Riposo San Gaetano,45.0870406,7.6781763,verde,grass,1,13,29,215,"342742135,342742125,342742134,347254651,342742126,347254668,347254667,347254652,347254640,347254654,347254660,355063902,365762772,355063900,355063904,354610028,365762771,351520237,351520236,424025002,394218574,394218572,352332316,352332309,352332314,353072697,352332319,424025003,352396030,355063909,355063907,355063905,462066644,684095662,130448586,684095663,130448583,134236056,1218836989,134236059,149628054,396842103,396842101,408842296,408842295,408842294,408842300,408842297,408842293,408842299,408842298,556500005,1067805718,1062853763,1062853769,1067805717,123461298,921850001,921849999,660967943,577583408,577583407,577583403,660967944,577583409,921479284,577583406,921479315,577583404,846925186,848623838,246370042,246370044,246370040,245651852,577583405,246370043,246370041,848623840,245651854,245651855,246366194,245663246,246371511,246371512,246371513,246371510,246371514,246366191,246366190,107568897,1068463711,769094730,1069866764,1069865599,1272990787,258298837,1173001074,1173001075,1173001079,1173001078,1173001076,1173001077,1173001084,1173001091,1173001083,288283918,1254120835,1173001072,1118869379,1173001073,1118869380,1173001095,1173001100,1173001099,1173001110,1173001101,1173001109,1173001098,1173001088,1173001107,1173001102,1173001108,1173001094,1415617395,1415617396,961875681,961875680,107568893,1064513659,107568895,107568898,1250264722,1426204057,1426204058,1271377215,1426204056,1426204054,1271377217,1426204053,1271377216,1426202482,260465971,1426202483,260465972,260465973,582090673,532537817,1266554234,582090679,582090677,129839957,530332686,664914263,1158454605,664914262,808450168,626776331,83701383,288783074,642405968,1426204060,846003820,1426204061,935560576,450292735,1426204059,1244993573,1426200812,1426200811,1426438966,532533557,808449057,1426200809,1426200810,532537818,808449054,808447143,808447142,808447129,1110885133,1110885134,808451029,808447141,808447148,808451027,808451028,808447130,808447144,808447145,287696766,846900800,938163071,1135797562,1135797561,1135797560,1135797126,1135797125,1135797124,1135797123,1135797122,846003822,1135797127,1135797121,1135797559,1135797128,1135797131,1135797130,1073507398,1073507399,1073507397,1384141712,1384141711,1073507396,1073507395"
Casa di Riposo San Gaetano,45.0870406,7.6781763,verde,wood,0,0,0,2,"921479313,920004733"
Casa di Riposo San Gaetano,45.0870406,7.6781763,verde,forest,0,0,0,1,585434926
Casa di Riposo San Gaetano,45.0870406,7.6781763,verde,meadow,0,0,0,0,
Casa di Riposo San Gaetano,45.0870406,7.6781763,verde,scrub,0,0,0,5,"924938667,921479311,921479316,1173223756,921479325"
Casa di Riposo San Gaetano,45.0870406,7.6781763,verde,allotments,0,0,0,1,328623930
Casa di Riposo San Gaetano,45.0870406,7.6781763,verde,playground,1,2,8,29,"2110827287,8787334116,130457685,3419744722,3419744721,921849990,6772490090,740900642,437805478,11305259332,820424988,164063782,287696765,243964293,274734420,240949885,12851950094,552214398,623124807,3405371588,2097331624,532536994,8464466018,1157616172,10833475807,8944557987,10832280806,1135505067,23251666"
Casa di Riposo San Gaetano,45.0870406,7.6781763,verde,recreation_ground,0,0,0,0,
Casa di Riposo San Gaetano,45.0870406,7.6781763,verde,nature_reserve,0,0,0,0,
Casa di Riposo San Gaetano,45.0870406,7.6781763,verde,lake,0,0,0,0,
Casa di Riposo San Gaetano,45.0870406,7.6781763,verde,reservoir,0,0,0,0,
Casa di Riposo San Gaetano,45.0870406,7.6781763,sport,fitness_centre,0,0,0,5,"12488885986,4734138530,6341721823,5871656872,13011248973"
Casa di Riposo San Gaetano,45.0870406,7.6781763,sport,sports_centre,0,2,2,12,"123568272,82272129,274628801,264470045,12304337702,264470044,264470046,2097331599,10572346562,319089394,319102518,319102562"
Casa di Riposo San Gaetano,45.0870406,7.6781763,sport,stadium,0,0,0,0,
Casa di Riposo San Gaetano,45.0870406,7.6781763,sport,swimming_pool,0,1,1,4,"2097331540,114834792,114834790,114834785"
Casa di Riposo San Gaetano,45.0870406,7.6781763,sport,water_park,0,0,0,0,
Casa di Riposo San Gaetano,45.0870406,7.6781763,sport,pitch,0,1,12,53,"457661508,1014573092,921075206,921075182,921075180,505620792,1058462171,1058462170,1058462169,1058462168,620143556,620143554,620143555,930662098,513365787,285047351,152333979,28105758,152333980,578921511,1315551317,1315551316,319284839,809362711,809362112,218287346,218287350,1000297399,256770955,218287344,1157616171,253360458,286108004,286421535,286421534,319089490,931485736,319089185,931485737,253369385,930347080,930347081,532501437,877967553,286386556,286386558,1173232592,1173232590,1173232591,1225503260,1227656159,1064511940,286386554"
Casa di Riposo San Gaetano,45.0870406,7.6781763,sport,tennis_court,0,0,0,0,
Casa di Riposo San Gaetano,45.0870406,7.6781763,sport,golf_course,0,0,0,0,
Casa di Riposo San Gaetano,45.0870406,7.6781763,sport,ice_rink,0,0,0,0,
Casa di Riposo San Gaetano,45.0870406,7.6781763,sport,bowling_alley,0,0,0,0,
Casa di Riposo San Gaetano,45.0870406,7.6781763,sport,climbing_wall,0,0,0,0,
Casa di Riposo San Gaetano,45.0870406,7.6781763,sport,gym,0,0,0,0,
Casa di Riposo San Gaetano,45.0870406,7.6781763,commerciale,shop,0,0,0,0,
Casa di Riposo San Gaetano,45.0870406,7.6781763,educazione,school,0,0,6,38,"391737655,344744214,369665895,369665896,365610519,340249805,334684164,426293828,4736081694,320875624,4736084237,848705062,436288158,201438197,137279108,937336228,2513170051,43588808,274630774,82272144,274628799,274640232,182884900,453290904,632813027,322254779,322254780,322254777,286107710,253360459,10149297019,253411949,937334546,7179137474,253412042,2546763941,247816791,363285870"
Casa di Riposo San Gaetano,45.0870406,7.6781763,educazione,kindergarten,1,1,3,13,"12227784321,921075190,4762289761,2513169837,10896540919,2018099976,256387052,532940553,453757173,7038759586,253360467,253435101,930680510"
Casa di Riposo San Gaetano,45.0870406,7.6781763,educazione,university,0,0,0,1,453757181
Casa di Riposo San Gaetano,45.0870406,7.6781763,educazione,college,0,0,0,1,780144763
Casa di Riposo San Gaetano,45.0870406,7.6781763,educazione,music_school,0,0,0,1,3343797841
Casa di Riposo San Gaetano,45.0870406,7.6781763,educazione,driving_school,0,0,2,6,"10879184439,11841904325,3859150411,12165781951,4734140809,3473130432"
Casa di Riposo San Gaetano,45.0870406,7.6781763,educazione,research_institute,0,0,0,0,
Casa di Riposo San Gaetano,45.0870406,7.6781763,educazione,vocational_school,0,0,0,0,
Casa di Riposo San Gaetano,45.0870406,7.6781763,educazione,library,1,1,1,6,"243093474,6074405709,4849156539,2096881473,138036072,129747972"
Casa di Riposo San Gaetano,45.0870406,7.6781763,educazione,archive,0,0,0,0,
Casa di Riposo San Gaetano,45.0870406,7.6781763,educazione,museum,0,0,2,24,"3338687283,6433764792,435784636,4572133130,4736079916,6433974757,96139133,4734142853,10901623367,2177769729,6432887576,6432637423,11267476069,4908362221,6434268049,1628071063,248771289,6433944342,11217521918,246516619,9757285250,761582364,4732591999,4067344493"
Casa di Riposo San Gaetano,45.0870406,7.6781763,educazione,community_centre,0,2,2,6,"423150315,10931712505,12624324778,3371757496,8069412590,12593926401"
Casa Futura - Residenza per Anziani,45.084722,7.6677176,sanità,healthcare,0,0,0,0,
Casa Futura - Residenza per Anziani,45.084722,7.6677176,sanità,pharmacy,0,3,16,78,"3917178727,4734768651,3342780201,7058359416,4734135996,7312067712,7312112149,4734225963,1757127788,3344768366,3344782869,1475077657,7312514018,1923349804,7372912660,4734222157,7372912662,7372912663,4736115522,7312267251,3342806293,7372912661,7312091706,4736083750,4736083746,7372987830,1757126232,2505526580,4733875703,4733876380,7177858867,4733869636,7312142691,7378996367,10684062914,4733867927,10766828805,4733873633,4733874286,2381354985,4733870733,4733873923,6629723958,4733992224,7310122343,4736110877,5113659491,7376114116,12691580935,5117627162,7373154098,4736077953,2068598491,3340684507,7372987831,7373154099,2018175898,7379060407,3416861086,4733628841,2097331576,3340678134,2097331604,4733988594,7368574413,309669048,3340681064,4733630118,4732591993,2593583368,4733992598,7368557707,4733987014,4733974238,4733975666,7378991035,5167401327,4733975949"
Casa Futura - Residenza per Anziani,45.084722,7.6677176,sanità,dentist,0,0,0,6,"11564921123,12165839580,1448147009,11290710394,6629911203,4732594038"
Casa Futura - Residenza per Anziani,45.084722,7.6677176,sanità,veterinary,0,0,1,6,"13273646894,1757121990,7234175545,13170595046,2018192326,4733990660"
Casa Futura - Residenza per Anziani,45.084722,7.6677176,sanità,optician,0,0,0,0,
Casa Futura - Residenza per Anziani,45.084722,7.6677176,sanità,medical_supply,0,0,0,0,
Casa Futura - Residenza per Anziani,45.084722,7.6677176,sanità,defibrillator,0,0,2,16,"7234888685,12886227002,432803701,12484268753,8404250984,12422338516,5121847084,7934552531,13239427956,6853513958,3722895975,8025708191,10004554628,6877134124,9612498223,7230718281"
Casa Futura - Residenza per Anziani,45.084722,7.6677176,sanità,hospital,0,0,2,5,"107278669,294267544,295500484,777989578,1196177764"
Casa Futura - Residenza per Anziani,45.084722,7.6677176,sanità,clinic,0,0,1,9,"4086286155,11290349432,10567218284,10567228303,13314604189,2284074743,3290263940,406569896,4086241234"
Casa Futura - Residenza per Anziani,45.084722,7.6677176,sanità,doctors,0,0,0,0,
Casa Futura - Residenza per Anziani,45.084722,7.6677176,mobilità,station,0,0,1,6,"543360161,1095052533,332648606,2081499942,11592793752,432803698"
Casa Futura - Residenza per Anziani,45.084722,7.6677176,mobilità,subway_entrance,0,0,4,27,"3431314079,3431314078,1484955768,1484955766,1484955767,957923325,442641053,442641055,1367855910,1839686581,1367855907,1367855911,1367855914,957923361,957923319,957923307,957923318,3431314080,2299299617,2299299618,3283630305,1367855920,1026285948,1026285957,1026285955,1026285950,1367855922"
Casa Futura - Residenza per Anziani,45.084722,7.6677176,mobilità,tram_stop,0,6,31,94,"1168270429,1230709701,942830330,942830343,942830344,942830324,942830342,942830327,942830313,942830316,1229827369,1229580312,1229827462,1229580298,1229580302,1229827262,1229827380,1229580296,943330794,943330820,948350593,948350631,943330778,1229827164,943330837,1229827464,943330773,943330793,1185414492,945268801,945268822,945268805,943330838,11294052063,945268802,1624209638,948015761,948015895,1569477511,1569477500,943330850,3514463818,1169943939,945268803,945268817,948015844,948016105,948015819,1229827566,946742856,946742809,1229827407,946742863,946742770,948016123,948015910,946742800,946742819,946742866,946742774,946742875,946742772,13342739753,1229827560,941491637,12101484058,1624209624,1843302903,1624209625,941491939,941491471,948016002,1167320980,1167320769,941491730,948016031,948016167,1167320925,947982084,947981932,948015780,945268808,948015938,945268793,948015923,948016134,941491929,12296376831,941491766,939124434,941491818,941491551,941671400,941671472"
Casa Futura - Residenza per Anziani,45.084722,7.6677176,mobilità,bus_stop,3,16,79,373,"1168270670,1262193644,1262193765,1262203257,1262194988,1262202792,1262194321,1262211335,1262189175,1262199980,1262211717,1262184927,1262196052,1262205722,1262209117,1262192893,1262192699,1262191010,1262190401,1262205881,1262201336,1262203738,1262199030,1262209939,1262196012,1262192555,1262209422,1262184292,1262201989,1262207376,1262208142,1262199711,1262204582,1262191786,1262187575,1313599114,1313599098,1313599087,1313599111,1262201435,1313599104,1229580307,1229827398,12823257925,1262196595,1262210281,1262196239,1229827470,1229580327,1262198584,1262212991,1229580319,1262199709,1229827300,1262198618,1524833855,10938458344,4806485504,1569038269,12074187316,1262209419,1262197341,1524833877,4665090550,4665090551,1262209460,1262195174,1262203792,1262195359,1262203217,943330789,943330777,1262206976,1399644508,1262193498,1262211612,1262202140,943330783,943330770,1254531625,1254531624,1262204189,943330813,1262203134,1262208172,937954790,1254531622,1254531604,1185414556,1185414572,1199240547,1569038260,1262208085,8494249908,1262196253,1199240667,1262201459,10938458345,1262197535,1262194358,8496496625,1262202182,4248370551,4245731174,4443910584,1262182722,1262198202,1262203078,1199240749,1262193035,943330835,937954831,1254531567,1262206062,2299299616,937605198,937605176,1262203237,937605196,937605190,1199240598,943330808,1262209067,1816820005,1524833867,1262194622,1254531589,1254531599,1262192569,1534402607,1262199643,1534402620,1262209355,1816820048,937954690,1199240497,1169943950,1199240580,1262203543,1262194491,1254531584,1262208183,1262199327,1262190791,1262192727,1262203691,1525407819,1816820135,4357263598,1262209141,1262211268,1262207083,1262185232,1262207614,1262200572,1262190626,1262209085,1262182405,1262203714,1262194671,1262210195,1262192814,1262209535,12993111273,1262204423,1262198343,1262183268,1262204495,1262195456,12993111272,1262207261,1262199317,1262203747,1262203829,1262205306,1262195276,1262195915,1262195579,1262206853,1262209342,1262211115,1262202505,1262208270,1262195767,1262209627,1262204692,1262197912,1262195655,1262208897,1262204199,1262211429,1262191067,1262204839,1262208965,1262194453,1262199215,1262205148,1262191867,1262186943,1262203897,1262201355,1262207985,1262199136,1262185091,1262197302,1262204596,1262194624,1262207744,1262209011,1262203586,1262182214,1262183313,1262201881,1262207876,1262191135,1262198629,1262206242,1262194923,1262210903,1262183810,1262204006,1262189434,1262199799,1262212040,1262194376,1262208918,1262199676,1262194999,1262204382,1262195299,1229827090,13342739754,1262202022,1262183088,1262208676,1262198055,1262186650,1262182513,1262199524,1262208357,1262210222,1262191904,1262195672,1569038095,1262210522,1262196566,1262199962,1262196300,1262198051,1262197657,1525407917,1262206483,1262203392,3229868385,3262101385,1198867662,1262188506,1262197678,1262208401,1262209581,1262199837,937605171,1262199772,937954712,1262182632,1262212512,1262199811,1262199749,1262188243,1262206716,1262207159,1262212066,1262208315,1198867441,1198867537,1262208216,1169944015,1198867556,1198867687,1198867567,1262204512,1262201395,1262194929,1262196877,1262211802,1262194968,1262198250,1262202417,1262185638,1262199697,1262209326,1169944001,1262210342,1262201382,1199240610,1262192916,1262195506,1262204561,1169944104,1169944065,1262203915,1262211062,1262182640,1262208804,1262209142,1262208471,1262212637,1262210724,1262205191,1262208862,5170992749,1262198865,1262203646,1262207847,1262200944,1262197431,1262199070,2291910682,1262204651,1262195627,11900736750,11900736751,1262205952,1262200770,1262194786,1262208693,1262194006,1262208285,1262203594,1262199227,1262182243,1262199140,1262197344,1262205700,1262209070,1262193851,1262204144,1262195892,1262197057,1262208091,1262181780,1262207924,1262187051,1262197366,1262209473,1262199613,1262205219,1262193440,1262182373,1262203154,1262209149,1262194631,4281873690,1262195240,1262204335,1262196046,1262208207,1262208276,1262208764,1262184176,1262209468,1262190527,1262205682,1262208976,1262193690,1262203243,1262198093,1262203848,11397942433,1262199966,11397942432,1262209208,1262196773"
Casa Futura - Residenza per Anziani,45.084722,7.6677176,mobilità,charging_station,0,1,3,22,"10243424972,13340070604,13027614487,9088671239,4671233528,9088671240,13075187843,5545493679,12801752468,13074606106,13074583239,12974489257,3906163545,7787992006,4733959314,10608756008,3906239156,11640502278,544516332,12849058997,13031168994,10682653692"
Casa Futura - Residenza per Anziani,45.084722,7.6677176,mobilità,car_sharing,0,0,0,2,"4616005750,4749176847"
Casa Futura - Residenza per Anziani,45.084722,7.6677176,mobilità,taxi,0,0,2,10,"2902424081,1757138441,2902424080,1545661422,3241731973,2902424082,604332918,2902424078,5167146632,2902424079"
Casa Futura - Residenza per Anziani,45.084722,7.6677176,mobilità,parking,2,7,36,163,"389549638,389601115,525113175,448434080,1109043885,928634211,928634186,5239566614,352332303,928634275,635372762,635372763,320706078,320706077,166616053,166611428,125745550,586939744,12197274454,1351673211,23090218,1219311967,1219311969,1062840998,1063527547,1062853762,1062853768,1219311968,37041494,883916442,846925185,919673015,846925184,921599999,919673001,921600007,921849957,921849941,459073294,627368788,868823455,123587977,620145344,921075185,573314876,868823459,398908818,620374363,525108995,621732915,123588186,505620794,310919719,846925182,840256684,644610711,151998821,151998771,58378277,290698215,290699493,643186541,290699494,211739729,411724403,82272146,705606553,705606552,705606554,428083794,705605490,136174674,404098667,5997771287,5997780786,320706080,5997812985,635372765,320706079,5997772786,5997773586,5997772787,5997773587,5997780785,96556746,5993028887,5993028888,635989603,5997762385,308834324,1122299605,5997837886,5997837887,5997806485,5997788087,5997771286,108459796,652758231,262648990,288283917,1107364662,846901935,1107364663,553224994,5239210899,5340476663,388422914,256336198,149459698,2275474998,288891940,2275474626,532901305,133130652,373093368,1426204055,196859076,182857158,731932434,5167031324,5167144776,2275474473,5167017427,2275474943,1215783014,256336302,1215783015,7115553619,256336239,1215783013,1215783012,1215783010,1215783011,1266554225,455120610,1266554226,1266554228,5167507370,5167507369,5167507368,5167017523,524348972,965835743,5167507373,5167507374,5167507371,5167496327,5167496722,5167507377,5167501147,5167507376,387341670,5167507375,5167507372,5167500679,2659508406,5167499335,5167500677,5167500678,5167510465,541871603,1075703471,404395880"
Casa Futura - Residenza per Anziani,45.084722,7.6677176,mobilità,car_rental,0,0,0,0,
Casa Futura - Residenza per Anziani,45.084722,7.6677176,mobilità,bicycle_parking,2,7,49,224,"2699754605,2699745133,7807429771,2699762081,2699743589,13231686483,12165839584,2699743595,2699743596,7076063225,2699745128,7076063226,7076063227,7076063223,7076063224,7076063222,7076063221,7076063220,7076063219,7076063218,7076063217,7076063216,7076063232,7076063233,7076063229,7076063237,7076063228,7076063235,7076063236,2699745134,7076063215,2699745131,7076063214,2699745130,5628622143,2699745129,5628622144,2632353490,10873504970,5628622145,7025739876,10873504969,2699745132,2699745136,2699745135,7076063244,7076063250,7076063251,2699745137,7076063243,7076063242,12165781958,7076063247,7076063246,7076063230,7076063239,7076063238,7076063240,7076063241,7076063234,7076063231,12889486162,13231692502,12889485978,12889485179,12889481110,12889467141,2699743593,12165781957,7076063264,7188790471,7076063257,7076063253,7076063252,7076063255,7076063249,7188790470,7076063260,7076063258,7076063248,7076063256,7076063262,7076063245,7076063263,7076063265,7076063254,7076063259,7076063261,10159318064,2699757982,2699757981,2699757980,2699757979,2699757983,2699757984,2699757985,2699757986,2699757987,2699757989,2699752845,2699752839,2699757988,10959344809,2699753945,2699754607,2699754613,2699754610,2699754609,13142999531,13143056907,10741520276,10741540187,2699752835,13142731612,2699752836,2699752843,2699752848,12423088352,12423084564,2699752837,2699752846,7076063266,7076063268,7076063269,11357996666,11357989903,2699752855,7076063267,2699752858,10873504966,3748951425,2699743590,10770406639,2699752850,12227768290,12962232569,10874232260,10873504967,2699743591,2699743592,10873504965,11505942798,11950499859,2699740343,12996199743,13175581648,2540601566,13026972875,10873504964,13026966312,13026970105,11963628161,10766828705,2699753944,2699753946,2699753947,2699753951,2699753950,2699753949,2699753948,2699753644,2699752844,2699752833,2699752840,2699752831,10951467173,2699752842,10951467161,2699752853,10883132771,2699752854,2699752859,2699752857,2699752834,2699752832,9307377317,9307358113,13074641241,6851396187,5998289584,5998291995,9740888734,12960979068,2699743594,12960995980,13031764505,13031144492,13031774310,13031783911,13031764501,13031764500,13031773532,13031773533,11084637605,12079627878,10767946305,10873504963,10873504951,5167135825,10823892608,12208848355,10823869008,12852846568,10823876406,5167151738,5167151741,5167151742,5167151743,5167151740,5167119931,5167151745,5167157222,5167151737,5167148032,5167110789,5167157224,5167157223,5167151744,5167157221,5167151736,5167151746,5167151739,5167157198,5167157199"
Casa Futura - Residenza per Anziani,45.084722,7.6677176,mobilità,bicycle_rental,0,1,1,1,4818660028
Casa Futura - Residenza per Anziani,45.084722,7.6677176,mobilità,primary,0,0,0,0,
Casa Futura - Residenza per Anziani,45.084722,7.6677176,mobilità,secondary,0,0,0,0,
Casa Futura - Residenza per Anziani,45.084722,7.6677176,verde,park,1,4,22,60,"731935819,41752855,41752854,117959657,525113176,129903965,479483770,81792740,81792741,341402495,82202795,23088806,433500383,81157499,925827425,130457686,23034764,23034770,238704379,480821049,79942860,82508282,824643082,824642760,875795239,868823458,631801832,802161320,254100539,428655680,647241676,846925187,123548922,604123849,333572251,121211619,633978502,123548656,820424986,306556283,306556287,306556291,306556292,306556281,758075564,920991543,935616642,41753266,643186540,664910389,939068383,319279820,23055671,532907259,521818474,256465204,256465522,369795270,632813022,541871893"
Casa Futura - Residenza per Anziani,45.084722,7.6677176,verde,garden,2,2,20,166,"111596409,889467736,525113178,889468648,889467729,766788903,889348394,918136704,918136724,889467725,918136703,918136723,917103499,917103501,919651094,919048424,919651087,919651082,919651086,919651081,919651093,29176172,925917989,925917990,928634201,44574181,351520239,928634230,928634231,130448587,130448589,130448590,130448588,327939730,1064035772,1064035771,28621748,917103497,917103478,917103477,917103503,917103502,917103500,918136722,918582404,885678001,918582402,918582414,885677997,918136682,918136701,885678002,918584287,918136725,918136700,918582413,885678003,918582411,918582401,918582398,918582400,885678006,918582399,918136721,918582397,918582395,918582396,920118750,920118749,919657585,920118755,919657586,920118740,919657591,920118744,919709083,919657592,919672998,919724557,919709048,921075201,919724558,921600001,921075200,921075204,924935993,924936006,924936005,924936007,921849943,921600014,921075238,921075237,921075193,921075192,921479317,921479324,921479314,921479323,921075207,921479319,920118746,920118747,920118748,920118745,193285156,603463549,128268848,414225571,414225572,414225915,930347116,664919160,664905158,664905157,393188982,937336229,750471849,750470082,935563676,274640230,177478474,561608551,23054276,324477119,29184190,585434921,1067243272,414225569,414225570,930436693,930437764,1426202484,761582377,761951452,761951453,761951455,761951457,761951454,761951459,761951458,761951460,761951456,1395722474,1395722475,1395731857,1395722477,1395722473,1395722472,1395722471,1395722476,1395731856,1395731865,1395731874,1395722470,1395731866,1395719520,1395719517,1395719518,102842108,1395719519,1395731918,1395731919,1395735416,1395735409,1395735410"
Casa Futura - Residenza per Anziani,45.084722,7.6677176,verde,grass,0,4,60,212,"286664226,732157565,731939743,731935824,731939740,731939738,731939741,221891468,731939739,731939742,889467735,762971427,81753214,732125145,732125146,732125147,178997269,732125144,178997273,732125148,732125140,178997270,732125143,732125142,732125141,732125149,732125150,732125151,732125152,37738037,732157570,286656044,732125138,732157568,732157569,732157567,286656041,732125139,342742135,342742125,342742134,347254651,342742126,347254668,347254667,347254652,347254640,347254654,347254660,355063902,365762772,355063900,355063904,354610028,365762771,351520237,351520236,424025002,394218574,394218572,352332316,352332309,352332314,353072697,352332319,424025003,352396030,355063909,355063907,355063905,462066644,684095662,130448586,684095663,130448583,134236056,1218836989,134236059,149628054,396842103,396842101,408842296,408842295,408842294,408842300,408842297,408842293,408842299,408842298,556500005,1067805718,1062853763,1062853769,1067805717,917103479,919657582,884335982,918582410,919657583,919657584,81976030,920661315,920661316,920661314,123461299,920661317,81976033,920661319,920661313,921075162,81976031,921600013,81976027,920036095,123461298,921850001,921849999,660967943,577583408,577583407,577583403,660967944,577583409,921479284,577583406,921479315,577583404,920118742,1288746885,846925186,848623838,246370042,246370044,246370040,245651852,577583405,246370043,246370041,848623840,245651854,245651855,246366194,245663246,246371511,246371512,246371513,246371510,246371514,246366191,246366190,107568897,1068463711,769094730,1069866764,1069865599,258298837,1173001074,1173001075,1173001079,1173001078,1173001076,1173001077,1173001084,1173001091,1173001083,288283918,1173001095,1173001100,1173001099,1173001110,1173001101,1173001109,1173001098,1173001088,1173001107,1173001102,1173001108,1173001094,961875681,961875680,107568893,1064513659,107568895,107568898,1250264722,1426204057,1426204058,1271377215,1426204056,1426204054,1271377217,1426204053,1271377216,1426202482,260465971,1426202483,260465972,260465973,582090673,532537817,1266554234,582090679,582090677,642405968,450292735,1426200812,1426200811,1426438966,532533557,1426200809,1426200810,532537818"
Casa Futura - Residenza per Anziani,45.084722,7.6677176,verde,wood,0,0,0,2,"921479313,920004733"
Casa Futura - Residenza per Anziani,45.084722,7.6677176,verde,forest,0,0,0,1,530269639
Casa Futura - Residenza per Anziani,45.084722,7.6677176,verde,meadow,0,0,0,0,
Casa Futura - Residenza per Anziani,45.084722,7.6677176,verde,scrub,0,0,1,8,"360131117,919709082,920036085,924938667,921479311,921479316,1173223756,921479325"
Casa Futura - Residenza per Anziani,45.084722,7.6677176,verde,allotments,0,0,0,1,328623930
Casa Futura - Residenza per Anziani,45.084722,7.6677176,verde,playground,1,3,10,34,"801903369,129903966,919048423,82400814,341402905,448434079,1149617853,1149617852,499890620,1438254805,2110827287,8787334116,130457685,3419744722,3419744721,921849990,6772490090,1057169403,80440121,243120102,740900642,437805478,11305259332,820424988,164063782,287696765,243964293,240949885,1780526494,12851950094,623124807,3405371588,2097331624,532536994"
Casa Futura - Residenza per Anziani,45.084722,7.6677176,verde,recreation_ground,0,0,0,0,
Casa Futura - Residenza per Anziani,45.084722,7.6677176,verde,nature_reserve,0,0,0,0,
Casa Futura - Residenza per Anziani,45.084722,7.6677176,verde,lake,0,0,0,0,
Casa Futura - Residenza per Anziani,45.084722,7.6677176,verde,reservoir,0,0,0,0,
Casa Futura - Residenza per Anziani,45.084722,7.6677176,sport,fitness_centre,0,1,4,4,"12488885986,4734138530,6341721823,5871656872"
Casa Futura - Residenza per Anziani,45.084722,7.6677176,sport,sports_centre,0,0,2,10,"83825215,289416784,44050243,287246964,123568272,82272129,274628801,264470045,2097331599,10572346562"
Casa Futura - Residenza per Anziani,45.084722,7.6677176,sport,stadium,0,0,0,0,
Casa Futura - Residenza per Anziani,45.084722,7.6677176,sport,swimming_pool,0,0,0,2,"379375639,2097331540"
Casa Futura - Residenza per Anziani,45.084722,7.6677176,sport,water_park,0,0,0,0,
Casa Futura - Residenza per Anziani,45.084722,7.6677176,sport,pitch,0,0,11,64,"385418498,731935821,41752773,731935823,388690911,83825205,875720649,457661508,877785725,289416782,289416786,289416797,289416790,10694640239,10694640238,10694640237,324738752,1014573092,769033182,769033175,769033180,769033179,769033181,769033176,769033177,885675273,918136689,918136688,769033178,129305954,919709049,919673004,919709047,921075206,921075182,921075180,254402613,505620792,1058462171,1058462170,1058462169,1058462168,620143556,620143554,620143555,930662098,513365787,285047351,152333979,578921511,1315551317,1315551316,319284839,809362711,809362112,218287346,218287350,1000297399,256770955,218287344,930347080,930347081,532501437,877967553"
Casa Futura - Residenza per Anziani,45.084722,7.6677176,sport,tennis_court,0,0,0,0,
Casa Futura - Residenza per Anziani,45.084722,7.6677176,sport,golf_course,0,0,0,0,
Casa Futura - Residenza per Anziani,45.084722,7.6677176,sport,ice_rink,0,0,0,0,
Casa Futura - Residenza per Anziani,45.084722,7.6677176,sport,bowling_alley,0,0,0,0,
Casa Futura - Residenza per Anziani,45.084722,7.6677176,sport,climbing_wall,0,0,0,0,
Casa Futura - Residenza per Anziani,45.084722,7.6677176,sport,gym,0,0,0,0,
Casa Futura - Residenza per Anziani,45.084722,7.6677176,commerciale,shop,0,0,0,0,
Casa Futura - Residenza per Anziani,45.084722,7.6677176,educazione,school,1,1,10,38,"385417873,875684723,889097430,392518162,889096565,443199497,443199498,391737655,344744214,318938045,369665895,369665896,365610519,4736111631,340249805,334684164,426293828,4736081694,320875624,4736084237,453977011,848705062,647241678,7177858866,436288158,201438197,137279108,937336228,2513170051,43588808,274630774,82272144,274628799,274640232,182884900,453290904,632813027,7179137474"
Casa Futura - Residenza per Anziani,45.084722,7.6677176,educazione,kindergarten,1,1,2,12,"919048421,12227784321,921075190,768854407,7177858865,4762289761,2513169837,10896540919,2018099976,256387052,532940553,453757173"
Casa Futura - Residenza per Anziani,45.084722,7.6677176,educazione,university,0,0,0,3,"8903777986,12168588078,453757181"
Casa Futura - Residenza per Anziani,45.084722,7.6677176,educazione,college,0,0,0,1,780144763
Casa Futura - Residenza per Anziani,45.084722,7.6677176,educazione,music_school,0,0,0,1,12569155038
Casa Futura - Residenza per Anziani,45.084722,7.6677176,educazione,driving_school,1,1,3,7,"13273674967,10879184439,11841904325,3859150411,12165781951,4734140809,3473130432"
Casa Futura - Residenza per Anziani,45.084722,7.6677176,educazione,research_institute,0,0,0,0,
Casa Futura - Residenza per Anziani,45.084722,7.6677176,educazione,vocational_school,0,0,0,0,
Casa Futura - Residenza per Anziani,45.084722,7.6677176,educazione,library,0,0,1,3,"243093474,6074405709,2096881473"
Casa Futura - Residenza per Anziani,45.084722,7.6677176,educazione,archive,0,0,0,0,
Casa Futura - Residenza per Anziani,45.084722,7.6677176,educazione,museum,0,0,5,22,"3338687283,397514864,6433764792,435784636,4572133130,4736079916,6433974757,96139133,4734142853,10901623367,6432887576,6432637423,11267476069,4908362221,6434268049,1628071063,6433944342,11217521918,246516619,9757285250,761582364,4732591999"
Casa Futura - Residenza per Anziani,45.084722,7.6677176,educazione,community_centre,0,1,2,5,"423150315,10931712505,12624324778,3371757496,8069412590"
Residenza Il Porto,45.0975963,7.7359368,sanità,healthcare,0,0,0,0,
Residenza Il Porto,45.0975963,7.7359368,sanità,pharmacy,0,0,2,8,"306556777,1244555445,1242093850,4732553264,7386097644,7312174163,7017729609,563679659"
Residenza Il Porto,45.0975963,7.7359368,sanità,dentist,0,0,0,1,3108150716
Residenza Il Porto,45.0975963,7.7359368,sanità,veterinary,0,0,0,0,
Residenza Il Porto,45.0975963,7.7359368,sanità,optician,0,0,0,0,
Residenza Il Porto,45.0975963,7.7359368,sanità,medical_supply,0,0,0,0,
Residenza Il Porto,45.0975963,7.7359368,sanità,defibrillator,0,0,0,2,"8179158472,5226128370"
Residenza Il Porto,45.0975963,7.7359368,sanità,hospital,0,0,0,0,
Residenza Il Porto,45.0975963,7.7359368,sanità,clinic,0,0,0,0,
Residenza Il Porto,45.0975963,7.7359368,sanità,doctors,0,0,0,0,
Residenza Il Porto,45.0975963,7.7359368,mobilità,station,0,0,0,0,
Residenza Il Porto,45.0975963,7.7359368,mobilità,subway_entrance,0,0,0,0,
Residenza Il Porto,45.0975963,7.7359368,mobilità,tram_stop,0,0,0,6,"1235198882,11009337368,1236572699,442971904,1236572769,1232183255"
Residenza Il Porto,45.0975963,7.7359368,mobilità,bus_stop,1,5,22,101,"1262210461,1262196542,1399644825,1399644320,1262201348,8493802533,1262189603,1262184519,1262204414,8489656772,8489656771,1262205128,1262195842,1262190434,1262209190,1262209523,1262194449,1262195345,1262207981,1262201165,1262199125,1262190023,1262182541,1262208454,1262202872,1262200843,1262184777,1262190844,1262204704,1262210394,1262195924,1262203514,1262203787,1262197986,1262194825,1262195740,1262204208,1262208998,1262196809,1262194487,1262209500,1262199796,1262195664,1262203175,1262203538,1262193360,1262190286,1262212543,1262203614,1262196558,1236572710,1262186614,1262210881,1262197985,1262196072,1236572800,1262199380,1262189033,1262208790,1262207947,1262200749,1262207736,1262194621,1262199158,1262205790,1262195468,1262202828,1262194993,1262182585,1262203991,1262189411,1262203233,1262192780,1262203146,1262185963,1262208646,1262212587,1262200485,1262193269,1262194343,1262197272,1262212802,1262192911,1262198089,1262187448,1262211256,1262202043,1262199133,1262200200,1262189679,1262202921,1262209802,11608299663,1262199959,1262204250,1262182766,11608299648,11608299664,11608299647,11608299665,11608299646"
Residenza Il Porto,45.0975963,7.7359368,mobilità,charging_station,0,0,1,1,9964752727
Residenza Il Porto,45.0975963,7.7359368,mobilità,car_sharing,0,0,0,0,
Residenza Il Porto,45.0975963,7.7359368,mobilità,taxi,0,0,0,0,
Residenza Il Porto,45.0975963,7.7359368,mobilità,parking,0,2,11,145,"23055588,1066907475,1066867081,846003840,175083971,65489803,119826670,23169738,846003841,846003843,846003842,846353557,846003838,580071205,580071206,1066905218,1243090702,23055597,197535591,23204760,108228043,3157652661,865601987,107168816,215561531,455439219,215566821,82181700,82181673,379706518,108211755,769037627,865599234,865599235,290769963,864904631,445925855,865599259,865599258,445925853,854809488,108211746,480401274,854809487,307932525,307932526,1162780065,363613338,363613337,748990356,363613333,363613336,363613334,818034215,445894050,363613331,892689639,445894048,445894056,1070361491,363613332,445894054,363612687,363612386,320786845,853682260,853682267,854446161,264257132,853682266,853682272,854446160,854155960,854446164,853682248,854155969,853682249,264746151,854446166,854446165,854155963,854446162,854446170,854155962,854446163,854155961,854446167,855412169,855412168,854446168,854446169,854446159,854446158,854433659,300908872,854433658,858472821,854113024,858472830,854544471,857068552,854544470,854544486,854544472,508447979,538160368,854544469,858472823,854802553,269524673,269524674,269524676,854112999,269524675,269524677,854802532,854112993,856814338,852615419,865307392,857068546,856814340,306039533,856814339,271087714,268344102,865307394,352792596,352792597,352792598,271087717,853628778,300908878,271087715,271087716,293816187,854838144,508444515,264256634,852615418,508444514,352792593,352792595,352792592,352792594"
Residenza Il Porto,45.0975963,7.7359368,mobilità,car_rental,0,0,2,2,"12863265001,12863239300"
Residenza Il Porto,45.0975963,7.7359368,mobilità,bicycle_parking,0,0,2,6,"12836186579,12863237385,12914345718,10839642005,7218584955,9521544414"
Residenza Il Porto,45.0975963,7.7359368,mobilità,bicycle_rental,0,0,0,0,
Residenza Il Porto,45.0975963,7.7359368,mobilità,primary,0,0,0,0,
Residenza Il Porto,45.0975963,7.7359368,mobilità,secondary,0,0,0,0,
Residenza Il Porto,45.0975963,7.7359368,verde,park,1,3,4,20,"879300349,772646497,510585619,257916831,108460797,595901644,814956693,595901647,595901646,1062704074,853682273,737496414,269524678,508447978,378635367,268344104,508444518,269524672,264746152,508444516"
Residenza Il Porto,45.0975963,7.7359368,verde,garden,0,0,4,15,"1066937117,1066937124,23169826,1066937121,1066937119,1066937113,1066937118,1066937120,22922056,1066937122,1066937123,443389133,306426541,306427108,555308050"
Residenza Il Porto,45.0975963,7.7359368,verde,grass,3,8,9,46,"1066867106,1066867107,1066867108,373603102,373603100,373603103,373603101,846901931,846901930,209328494,595932808,595901637,595901645,306453741,595901636,595901648,595902045,595902044,857431034,856696036,856760627,856760626,1334635041,1334635036,854544473,1334635039,854544475,858472827,854802540,854802539,854802538,854802537,854802536,854802556,858472825,854802555,858472824,854802557,854802554,854802558,852610450,852610451,856814331,856814332,852615413,854838137"
Residenza Il Porto,45.0975963,7.7359368,verde,wood,0,0,1,2,"1335562042,309607712"
Residenza Il Porto,45.0975963,7.7359368,verde,forest,0,0,0,15,"879300343,879300344,309530992,390607863,309530978,309885331,309530984,309885329,309885319,748948140,309885316,748990355,757322270,758155144,1334635040"
Residenza Il Porto,45.0975963,7.7359368,verde,meadow,0,0,0,0,
Residenza Il Porto,45.0975963,7.7359368,verde,scrub,0,1,2,3,"878911160,879192648,595932806"
Residenza Il Porto,45.0975963,7.7359368,verde,allotments,1,1,1,4,"879207651,328627362,257915478,595901649"
Residenza Il Porto,45.0975963,7.7359368,verde,playground,0,0,0,9,"871398133,587450244,1287713139,244117366,9502705416,12700441613,856696032,1041957452,9502756006"
Residenza Il Porto,45.0975963,7.7359368,verde,recreation_ground,0,0,0,0,
Residenza Il Porto,45.0975963,7.7359368,verde,nature_reserve,0,0,0,1,110331656
Residenza Il Porto,45.0975963,7.7359368,verde,lake,0,0,0,0,
Residenza Il Porto,45.0975963,7.7359368,verde,reservoir,0,0,0,0,
Residenza Il Porto,45.0975963,7.7359368,sport,fitness_centre,0,0,0,0,
Residenza Il Porto,45.0975963,7.7359368,sport,sports_centre,0,1,2,6,"128502724,769037981,3677820343,300908871,636599207,193401406"
Residenza Il Porto,45.0975963,7.7359368,sport,stadium,0,0,0,0,
Residenza Il Porto,45.0975963,7.7359368,sport,swimming_pool,0,1,2,13,"390607861,12914388202,865869244,8296841405,857420646,854883724,854150990,854113022,854113018,864047726,852610465,304406227,858472833"
Residenza Il Porto,45.0975963,7.7359368,sport,water_park,0,0,0,0,
Residenza Il Porto,45.0975963,7.7359368,sport,pitch,0,6,16,41,"879300352,879300351,587450246,587450245,117632408,117634252,117634237,117634235,117634256,117634232,684804214,117634249,306426123,215566322,215566296,215566313,543848865,390607862,1270959181,306426118,306430122,865869249,769037982,865869247,865869246,865869245,865869248,769037983,290769906,864044047,864044048,864044050,258619997,391561428,758155145,758155146,378635371,378635368,378635369,862919823,304926560"
Residenza Il Porto,45.0975963,7.7359368,sport,tennis_court,0,0,0,0,
Residenza Il Porto,45.0975963,7.7359368,sport,golf_course,0,0,0,0,
Residenza Il Porto,45.0975963,7.7359368,sport,ice_rink,0,0,0,0,
Residenza Il Porto,45.0975963,7.7359368,sport,bowling_alley,0,0,0,0,
Residenza Il Porto,45.0975963,7.7359368,sport,climbing_wall,0,0,0,0,
Residenza Il Porto,45.0975963,7.7359368,sport,gym,0,0,0,0,
Residenza Il Porto,45.0975963,7.7359368,commerciale,shop,0,0,0,0,
Residenza Il Porto,45.0975963,7.7359368,educazione,school,0,0,2,9,"778626265,871388857,362954065,867728922,7548356045,8296841406,306039915,233115611,233118919"
Residenza Il Porto,45.0975963,7.7359368,educazione,kindergarten,0,0,0,4,"871399684,514191025,854150989,306045634"
Residenza Il Porto,45.0975963,7.7359368,educazione,university,0,0,0,0,
Residenza Il Porto,45.0975963,7.7359368,educazione,college,0,0,0,0,
Residenza Il Porto,45.0975963,7.7359368,educazione,music_school,0,0,0,0,
Residenza Il Porto,45.0975963,7.7359368,educazione,driving_school,0,1,1,2,"12914367680,3106367116"
Residenza Il Porto,45.0975963,7.7359368,educazione,research_institute,0,0,0,0,
Residenza Il Porto,45.0975963,7.7359368,educazione,vocational_school,0,0,0,0,
Residenza Il Porto,45.0975963,7.7359368,educazione,library,0,0,1,1,3369551440
Residenza Il Porto,45.0975963,7.7359368,educazione,archive,0,0,0,0,
Residenza Il Porto,45.0975963,7.7359368,educazione,museum,0,0,0,2,"13005295422,8857657513"
Residenza Il Porto,45.0975963,7.7359368,educazione,community_centre,0,0,0,0,
RSA Giardino degli Aironi,45.0946623,7.7337548,sanità,healthcare,0,0,0,0,
RSA Giardino degli Aironi,45.0946623,7.7337548,sanità,pharmacy,0,0,1,9,"306556777,1244555445,1242093850,4732553264,4735092200,7386097644,7312174163,7017729609,563679659"
RSA Giardino degli Aironi,45.0946623,7.7337548,sanità,dentist,0,0,0,1,3108150716
RSA Giardino degli Aironi,45.0946623,7.7337548,sanità,veterinary,0,0,0,0,
RSA Giardino degli Aironi,45.0946623,7.7337548,sanità,optician,0,0,0,0,
RSA Giardino degli Aironi,45.0946623,7.7337548,sanità,medical_supply,0,0,0,0,
RSA Giardino degli Aironi,45.0946623,7.7337548,sanità,defibrillator,0,0,1,2,"8179158472,5226128370"
RSA Giardino degli Aironi,45.0946623,7.7337548,sanità,hospital,0,0,0,0,
RSA Giardino degli Aironi,45.0946623,7.7337548,sanità,clinic,0,0,0,0,
RSA Giardino degli Aironi,45.0946623,7.7337548,sanità,doctors,0,0,0,0,
RSA Giardino degli Aironi,45.0946623,7.7337548,mobilità,station,0,0,0,0,
RSA Giardino degli Aironi,45.0946623,7.7337548,mobilità,subway_entrance,0,0,0,0,
RSA Giardino degli Aironi,45.0946623,7.7337548,mobilità,tram_stop,0,0,0,9,"1235198882,11009337368,1236572699,1236572839,1236572765,442971904,1236572769,1232183255,1387850028"
RSA Giardino degli Aironi,45.0946623,7.7337548,mobilità,bus_stop,0,1,25,113,"1262197289,1262210461,1262201806,1262196542,1262203957,2291878773,1262198923,1399644825,1399644320,1262183241,1262201348,8493802533,1262189603,1262184519,1262204414,8489656772,8489656771,1262182575,1262201248,1262207421,1262211100,1262205128,1262195842,1262190434,1262209190,1262209523,1262194449,1262195345,1262207981,1262201165,1262199125,1262190023,1262182541,1262208454,1262202872,1262200843,1262184777,1262190844,1262204704,1262210394,1262195924,1262203514,1262203787,1262197986,1262194825,1262195740,1262204208,1262208998,1262196809,1262194487,1262209500,1262199796,1262195664,1262203175,1262203538,1262193360,1262190286,1262212543,1236572753,1262203614,1262196558,1236572710,1262186614,1262210881,1262197985,1262196072,1236572800,1262199380,1262211624,1236572686,1262208353,1262189033,1262208790,1262211131,1262207947,1262201272,1262208425,1262198115,1262200749,1262207736,1262194621,1262208715,1262198355,1262199158,1262205790,1262195468,1262202828,1262194993,1262182585,1262203991,1262189411,1262203233,1262192780,1262203146,1262185963,1262208646,1262212587,1262200485,1262193269,1262194343,1262197272,1262212802,1262192911,1262198089,1262211256,1262199133,1262200200,1262189679,1262202921,11608299663,11608299648,11608299664,11608299647"
RSA Giardino degli Aironi,45.0946623,7.7337548,mobilità,charging_station,0,0,1,1,9964752727
RSA Giardino degli Aironi,45.0946623,7.7337548,mobilità,car_sharing,0,0,0,0,
RSA Giardino degli Aironi,45.0946623,7.7337548,mobilità,taxi,0,0,0,0,
RSA Giardino degli Aironi,45.0946623,7.7337548,mobilità,parking,0,0,13,119,"846003844,846003839,1066867077,23055588,1066907475,1066867081,846003840,175083971,646794860,77894792,65489803,119826670,28190537,23169738,846003841,846003843,846003842,846353557,846003838,580071205,580071206,689928892,1066905225,1066905229,108224659,1066905218,1066905226,1243090702,23055597,197535591,23204760,108228043,3157652661,865601987,107168816,175084022,215561531,455439219,215566821,82181700,82181673,379706518,108211755,769037627,865599234,865599235,290769963,864904631,445925855,865599259,865599258,445925853,854809488,108211746,480401274,854809487,307932525,307932526,1162780065,363613338,363613337,748990356,363613333,363613336,363613334,818034215,445894050,363613331,892689639,445894048,445894056,1070361491,363613332,445894054,363612687,320786845,853682260,853682267,264257132,853682266,853682272,854155960,854446164,853682248,854155969,853682249,264746151,854155963,854446162,854446170,854155962,854446163,854155961,858472821,854113024,858472830,854544471,857068552,854544470,854544486,854544472,508447979,538160368,854544469,858472823,854802553,269524673,269524674,269524676,269524675,269524677,852615419,865307392,856814340,306039533,268344102,865307394,508444515,508444514"
RSA Giardino degli Aironi,45.0946623,7.7337548,mobilità,car_rental,0,0,0,2,"12863265001,12863239300"
RSA Giardino degli Aironi,45.0946623,7.7337548,mobilità,bicycle_parking,0,0,2,10,"12836186579,12914386658,12863237385,12914345718,10839642005,7218584955,7246999029,7246999030,7246999031,9521544414"
RSA Giardino degli Aironi,45.0946623,7.7337548,mobilità,bicycle_rental,0,0,0,0,
RSA Giardino degli Aironi,45.0946623,7.7337548,mobilità,primary,0,0,0,0,
RSA Giardino degli Aironi,45.0946623,7.7337548,mobilità,secondary,0,0,0,0,
RSA Giardino degli Aironi,45.0946623,7.7337548,verde,park,0,2,4,20,"660571074,814945033,257920545,879300349,772646497,510585619,257916831,108460797,125813100,595901644,814956693,595901647,595901646,1062704074,853682273,269524678,508447978,378635367,268344104,264746152"
RSA Giardino degli Aironi,45.0946623,7.7337548,verde,garden,0,0,2,22,"1066937117,23055643,23055638,28109336,116934864,1066937124,23169826,286075309,108480073,1066937121,1066937119,1066937113,1066937118,1066937120,22922056,1066937122,1066937123,443389133,306426541,306427108,1352482872,555308050"
RSA Giardino degli Aironi,45.0946623,7.7337548,verde,grass,2,6,9,40,"1066867106,1066867107,1066867108,1066705604,373603102,373603100,373603103,373603101,846901931,1066905230,1066905231,846901930,209328494,595932808,595901637,595901645,306453741,595901636,595901648,595902045,595902044,856696036,1334635036,854544473,854544475,858472827,854802540,854802539,854802538,854802537,854802536,854802556,858472825,854802555,858472824,854802557,854802554,854802558,852610450,852610451"
RSA Giardino degli Aironi,45.0946623,7.7337548,verde,wood,0,0,1,2,"1335562042,309607712"
RSA Giardino degli Aironi,45.0946623,7.7337548,verde,forest,0,0,0,16,"879300343,879300344,309530992,390607863,309530978,309885331,390607864,309530999,309530984,309885329,309885319,748948140,309885316,748990355,757322270,758155144"
RSA Giardino degli Aironi,45.0946623,7.7337548,verde,meadow,0,0,0,0,
RSA Giardino degli Aironi,45.0946623,7.7337548,verde,scrub,0,1,2,3,"878911160,879192648,595932806"
RSA Giardino degli Aironi,45.0946623,7.7337548,verde,allotments,0,1,3,4,"879207651,328627362,257915478,595901649"
RSA Giardino degli Aironi,45.0946623,7.7337548,verde,playground,0,0,0,9,"871398133,587450244,1287713139,1365758333,244117366,9502705416,12700441613,856696032,1041957452"
RSA Giardino degli Aironi,45.0946623,7.7337548,verde,recreation_ground,0,0,0,0,
RSA Giardino degli Aironi,45.0946623,7.7337548,verde,nature_reserve,0,0,0,1,110331656
RSA Giardino degli Aironi,45.0946623,7.7337548,verde,lake,0,0,0,0,
RSA Giardino degli Aironi,45.0946623,7.7337548,verde,reservoir,0,0,0,0,
RSA Giardino degli Aironi,45.0946623,7.7337548,sport,fitness_centre,0,0,0,0,
RSA Giardino degli Aironi,45.0946623,7.7337548,sport,sports_centre,1,1,2,3,"128502724,769037981,193401406"
RSA Giardino degli Aironi,45.0946623,7.7337548,sport,stadium,0,0,0,0,
RSA Giardino degli Aironi,45.0946623,7.7337548,sport,swimming_pool,1,1,2,12,"1029687009,390607861,12914388202,865869244,1257123729,856603964,8296841405,854883724,854113022,854113018,864047726,852610465"
RSA Giardino degli Aironi,45.0946623,7.7337548,sport,water_park,0,0,0,0,
RSA Giardino degli Aironi,45.0946623,7.7337548,sport,pitch,5,6,15,46,"390602981,390602979,879300352,879300351,1454028456,587450246,587450245,108480067,12914361819,6472702289,117632408,117634252,117634237,117634235,117634256,117634232,684804214,117634249,306426123,215566322,215566296,215566313,543848865,390607862,1270959181,306426118,306430122,865869249,769037982,865869247,865869246,865869245,865869248,769037983,290769906,864044047,864044048,864044050,258619997,391561428,758155145,758155146,378635371,378635368,378635369,862919823"
RSA Giardino degli Aironi,45.0946623,7.7337548,sport,tennis_court,0,0,0,0,
RSA Giardino degli Aironi,45.0946623,7.7337548,sport,golf_course,0,0,0,0,
RSA Giardino degli Aironi,45.0946623,7.7337548,sport,ice_rink,0,0,0,0,
RSA Giardino degli Aironi,45.0946623,7.7337548,sport,bowling_alley,0,0,0,0,
RSA Giardino degli Aironi,45.0946623,7.7337548,sport,climbing_wall,0,0,0,0,
RSA Giardino degli Aironi,45.0946623,7.7337548,sport,gym,0,0,0,0,
RSA Giardino degli Aironi,45.0946623,7.7337548,commerciale,shop,0,0,0,0,
RSA Giardino degli Aironi,45.0946623,7.7337548,educazione,school,0,0,3,13,"660571077,1066905236,1066905234,778626265,871388857,1066937088,197183076,362954065,867728922,7548356045,373603906,356492915,8296841406"
RSA Giardino degli Aironi,45.0946623,7.7337548,educazione,kindergarten,0,0,0,2,"871399684,514191025"
RSA Giardino degli Aironi,45.0946623,7.7337548,educazione,university,0,0,0,0,
RSA Giardino degli Aironi,45.0946623,7.7337548,educazione,college,0,0,0,0,
RSA Giardino degli Aironi,45.0946623,7.7337548,educazione,music_school,0,0,0,0,
RSA Giardino degli Aironi,45.0946623,7.7337548,educazione,driving_school,0,0,1,2,"12914367680,3106367116"
RSA Giardino degli Aironi,45.0946623,7.7337548,educazione,research_institute,0,0,0,0,
RSA Giardino degli Aironi,45.0946623,7.7337548,educazione,vocational_school,0,0,0,0,
RSA Giardino degli Aironi,45.0946623,7.7337548,educazione,library,0,0,1,1,3369551440
RSA Giardino degli Aironi,45.0946623,7.7337548,educazione,archive,0,0,0,0,
RSA Giardino degli Aironi,45.0946623,7.7337548,educazione,museum,0,0,0,1,13005295422
RSA Giardino degli Aironi,45.0946623,7.7337548,educazione,community_centre,0,0,0,0,
Senior Residence - RSA Servais,45.0842294,7.6287842,sanità,healthcare,0,0,0,0,
Senior Residence - RSA Servais,45.0842294,7.6287842,sanità,pharmacy,0,3,8,34,"6092363745,7312274928,7378942316,11269135665,4734251590,7312260730,1738121268,2208919912,6061213817,3027567380,4734738176,7373154100,7378946079,4734005493,8228658596,7380102116,1446143790,7380072654,3348688592,1491288435,7378941367,8196134564,1432238864,4734011255,3914894256,3946017788,4111366192,3917178727,7058359416,4734135996,4734225963,1757127788,3563452895,7368578482"
Senior Residence - RSA Servais,45.0842294,7.6287842,sanità,dentist,0,0,0,6,"12987277703,12969033170,11269180205,12946986024,11564921123,12165839580"
Senior Residence - RSA Servais,45.0842294,7.6287842,sanità,veterinary,0,0,1,6,"4362506882,11278456881,10271366850,9952804074,3956304242,13273646894"
Senior Residence - RSA Servais,45.0842294,7.6287842,sanità,optician,0,0,0,0,
Senior Residence - RSA Servais,45.0842294,7.6287842,sanità,medical_supply,0,0,0,2,"12730508999,12951935240"
Senior Residence - RSA Servais,45.0842294,7.6287842,sanità,defibrillator,0,0,0,1,12691328901
Senior Residence - RSA Servais,45.0842294,7.6287842,sanità,hospital,0,0,0,2,"521821122,843447029"
Senior Residence - RSA Servais,45.0842294,7.6287842,sanità,clinic,0,0,1,2,"4577161593,4159998135"
Senior Residence - RSA Servais,45.0842294,7.6287842,sanità,doctors,0,0,0,0,
Senior Residence - RSA Servais,45.0842294,7.6287842,mobilità,station,0,0,0,6,"496268561,496268560,496268559,496268558,1095052533,332648726"
Senior Residence - RSA Servais,45.0842294,7.6287842,mobilità,subway_entrance,0,0,0,16,"1484955755,1484955757,946525620,1484955758,429724253,1484955763,1484955764,1484955765,430167591,429724255,946525643,1484955768,1484955766,1484955767,957916124,946525616"
Senior Residence - RSA Servais,45.0842294,7.6287842,mobilità,tram_stop,0,1,5,15,"1262210955,942830318,942830322,7788257670,942830306,942830333,942830319,942830330,942830343,942830344,942830324,942830342,942830327,942830313,942830316"
Senior Residence - RSA Servais,45.0842294,7.6287842,mobilità,bus_stop,5,20,50,199,"1262211378,1262212144,1262208902,1262212584,1262200195,1262197335,1262197168,1262195360,1262195977,1262199321,946525610,1262196155,946525640,946525632,2291878854,2291878847,946525613,1262200106,1262201262,1262189043,1262204508,1262182442,1262184570,946525626,1262211055,1262199057,1262210484,1262186951,1262200726,1262207530,1262192776,1262210406,1262203278,1262196857,1262210254,1262199601,1262207652,1262192820,1262192572,1262182489,1262198018,1262208395,1262208246,1262212146,12690560970,1262204223,1262197828,1262204392,1262183098,1262212550,1262203181,1262209396,1262196675,1262203579,1262185760,1262197125,1262211759,1262183534,1262194696,1262191338,1262208360,1262207271,1262207439,1262209980,1262212738,1262200111,1262194584,1262204585,1262212453,1262198988,1262198123,1262212515,1262197053,1262209471,1262197177,1262198384,1262209293,1262199646,1262204607,1262208375,1262185661,1262201597,1262208218,1262195899,1262192507,1262196140,1262182653,1262199082,1262199702,1262197372,1262187256,1262208290,1262197969,1262201321,1262197313,1262211448,1262210034,1262182600,1262197071,1262196581,1262204331,1262184392,13051936980,13051936979,3228156230,12701902027,1262195543,1262193705,1262206540,1262195996,1262210565,1262195403,1262200220,1262187100,1262207479,1262194791,1262212324,1262182776,1262199205,1262189175,1262199980,1262198311,1262195447,1262183195,1262208260,1262211717,1262184927,1262196052,1262205722,1262209117,1262192893,1262192699,1262191010,1262190401,1262205881,1262201336,1262203738,1262199030,1262209939,1262184292,1262201989,1262207376,1262208142,1262199711,1262204582,1262191786,1262199960,1262199765,1262199249,1262204635,1262198505,1262203762,1262200629,1262190870,1262184112,1262203796,1262208309,1262195096,1262194495,3228284521,1262209506,1262210297,1262212628,1262208461,1262192447,1262210223,1262210677,1262197305,1262208801,1262196028,1262210271,1262194977,1262195990,1262188903,1262203936,1262188478,1262207580,1262182262,1262182236,1262197435,1262200157,1262189491,1262183371,1262197707,1262182431,1262197883,1262207083,1262185232,1262207614,1262200572,1262190626,1262209085,1262182405,1262203714,1262194671,1262210195,1262192814,1262195018,1262195334"
Senior Residence - RSA Servais,45.0842294,7.6287842,mobilità,charging_station,0,1,2,16,"10759330929,9240428223,11032837899,10574420948,11895314700,12804904532,12766392871,9952823611,12804895752,12504447605,13138483052,11518533826,10203837376,13027591668,10243424972,13027614487"
Senior Residence - RSA Servais,45.0842294,7.6287842,mobilità,car_sharing,0,0,0,0,
Senior Residence - RSA Servais,45.0842294,7.6287842,mobilità,taxi,0,0,0,2,"2214915027,3205040135"
Senior Residence - RSA Servais,45.0842294,7.6287842,mobilità,parking,3,8,31,137,"386376298,386376296,1150720572,1152878418,1152878417,1152878416,1157692129,122114019,1158185707,1150724561,1150728372,1222544251,1227626225,1066448011,1216250184,219922320,1216250183,134467635,336054157,336054158,1216407390,219922338,171721723,1216238314,1216238309,1216238310,1051058726,1216238307,1216238308,592440671,1216245336,472568620,1216407389,438987370,900936894,84470728,913316090,571246785,342866808,910744908,342866809,910744903,342866810,910744895,910744894,804089756,125664374,571037511,772457827,274564580,904047155,104183442,389735411,1121215910,888437474,892435294,167316233,1423333701,292034360,171572406,1243695860,171572408,885983220,901726403,8238384557,885983263,8238384556,909076060,893611639,525114438,804926618,1125419383,881078243,822527115,110530901,388410845,892061235,895352333,895352332,891936899,891936900,389549638,391743104,389601115,389601114,448718773,448969330,110534406,110862166,110862168,525113175,116648838,904480300,116648837,170359393,913974587,913974589,116648844,914061236,914061235,904480306,116648846,905200784,914080225,904655875,904480313,904655874,904655868,900506112,914093626,914093596,123075860,1381549540,1047601924,289462907,350598661,883916435,82257430,82257429,122594341,37041494,285017151,285017148,38322092,285017150,285070811,285070405,285016866,3563452897,802137790,883916442,846925185,919673015,846925184,921599999,919673001,921600007"
Senior Residence - RSA Servais,45.0842294,7.6287842,mobilità,car_rental,0,0,0,0,
Senior Residence - RSA Servais,45.0842294,7.6287842,mobilità,bicycle_parking,2,2,7,27,"10766359910,3431361722,13301048574,12896310110,2602219048,2699762534,12712880205,12712831795,2699762531,2699763621,2699762528,2699762080,7174545829,12165839590,13273630892,10901383359,2699745133,9300406026,2699743589,12165839584,2699743596,12791438497,13303872013,2900432848,12120421659,10831661710,9519183729"
Senior Residence - RSA Servais,45.0842294,7.6287842,mobilità,bicycle_rental,0,0,0,0,
Senior Residence - RSA Servais,45.0842294,7.6287842,mobilità,primary,0,0,0,0,
Senior Residence - RSA Servais,45.0842294,7.6287842,mobilità,secondary,0,0,0,0,
Senior Residence - RSA Servais,45.0842294,7.6287842,verde,park,6,11,31,85,"97550213,123245358,572393053,529652137,1152885668,1157688796,1157690636,294150168,192280717,1185553285,293857921,202530430,529652140,337532331,335550691,337532332,213894209,904047158,904402091,904047163,571008370,97550214,438380758,97686011,168437530,571008371,389732506,167316232,133623606,82205065,1153579567,390153110,886067334,888437481,888451639,314020901,286095909,895315284,901726422,888451642,181314354,181314353,873160468,888451650,888470381,314108055,769102585,709584087,242407848,292034395,82400823,36854185,1055411315,880153068,822527117,136174598,385418437,117959657,525113176,129903965,479483770,81792740,81792741,341402495,904270747,821781215,821781214,905200796,904270763,905200776,116615284,893738440,288891648,274568782,288891650,769097597,140774441,883916433,769102583,633262008,801927117,801927116,480821049,79942860,802161320"
Senior Residence - RSA Servais,45.0842294,7.6287842,verde,garden,16,44,116,293,"292158239,914597112,1150720581,1152878415,1152878412,1247587118,1158485657,1158485662,1160228738,1158485659,1160228739,1158485658,1160228741,1158485660,1160230340,1160230341,1160228740,1158485661,1158485640,1157915971,1150728378,1150724577,1158456451,1158456450,1158456449,1150724575,1160228746,1150724576,1158485639,1150724562,1158456445,1157919654,1158485638,1158485637,1150724563,1222210926,1222210925,1216273007,478280745,1216496187,913296524,914385208,914385206,914385207,914385205,1150728377,804086828,804086829,904402101,804086827,913963095,1158456440,1158456441,1157919658,904402100,913963094,1221747935,911490404,898105031,898105030,912941790,912941791,898105032,912941765,911490403,911527611,910395906,904270754,904047172,1218276699,1183650332,1183650331,1218276695,892435308,82290351,888354908,897707178,888354904,888354903,888354905,897707188,885983275,888354906,897707189,892435320,892435322,897304955,897304935,911342036,897304934,895660509,895315779,895315780,895315778,895315777,894509028,895315776,894684426,895315775,901726429,894509024,894684436,895315774,894357524,894357546,1281784979,885983278,886066456,885983213,886066462,664934591,885983233,885983255,885983257,885983236,885983277,885983245,893427549,884864142,893621190,883226367,884146072,893427570,893427561,893427562,893611640,893427548,893427547,888568023,888568021,888582098,1055416062,881236255,909076059,1055416029,1055413219,881551760,892460217,892460222,892460206,892460208,891498339,891498341,891498343,891498340,890748884,892460219,916939206,916939199,10901405103,525113177,889467736,525113178,889468648,889467729,766788903,889348394,918136704,918136724,889467725,918136703,918136723,917103499,917103501,919651094,919651087,919651082,919651086,919651081,919651093,904270755,904480314,904270756,904777843,904270780,904480304,913974577,913986782,913974572,904270778,913974571,905200782,905200781,905200791,900506208,900506174,914080215,900506161,900506144,904047171,900848395,900506162,904562698,904655883,904777838,904777839,914093603,901295930,904047173,900506160,900506131,893738455,893738456,893738461,893453946,893453945,288891649,893738459,893738460,893453947,893453944,916438090,914315476,914315485,914315475,149850691,914315477,916438130,917103497,916939198,916438146,916939214,916438095,917103478,883708994,916438144,916438094,916939212,916438145,916438127,916438096,916438128,916438147,916939204,917103477,916438101,916438102,917103503,916438129,917103502,916438103,916438107,917103500,920625897,918136722,918582404,885678001,918582402,918582414,885677997,918136682,918136701,885678002,918584287,918136725,918136700,918582413,885678003,918582411,918582401,918582398,918582400,885678006,918582399,918136721,918582397,918582395,918582396,920118750,920118749,919657585,920118755,919657586,920118740,919657591,920118744,919709083,919657592,919672998,919724557,919709048,921075201,919724558,921600001,921075200,921075204,921600014,921075193,921075192,920118746,920118747,920118748,920118745"
Senior Residence - RSA Servais,45.0842294,7.6287842,verde,grass,6,15,25,205,"1158185710,1158185709,1216410424,1216250181,1216238313,1216017279,1216250185,1216020594,1216250182,1216020595,1216238312,1216020596,1216017278,484744760,1340546211,901938939,901938940,901938942,901288362,901288363,1150728371,901288365,904276844,901288364,912305340,913316089,913316094,910744888,913316117,913316106,913316093,910744905,913316096,910744906,910744886,910744887,910744889,910744890,342868617,342868616,337532333,1267945642,571634201,1267945641,898105045,911490408,912537095,912537092,912537094,911631941,911631958,911631967,911631960,911631969,911631952,911631959,911631957,911631953,911631951,438380761,1217131872,1217208884,1217208291,911467585,911342051,901898030,901898029,1339217622,1339217623,901898028,885983264,885983265,883226368,954750078,953713788,953713787,956494708,954750079,956494707,956494706,955893950,37671811,731899351,731899352,731899353,1173967163,731899358,1173907484,1173907485,731899359,731899350,731899354,1173907483,1173898346,1173898347,731899360,1173898349,1173898348,731899357,731899355,731899356,732096048,889467735,762971427,81753214,1369181324,1369181323,1369181322,904402118,905200788,904402117,913986791,913318622,913974580,913974573,904402114,913974568,1195666862,1195666875,1195666863,1195666873,1195666874,1195666872,1195666871,1195666876,1195666865,1195666864,1195666861,1195666857,1195666879,1195666870,1195666858,1195666866,1195666877,1195666878,914315467,1195666869,1195666868,1195666867,914080220,904655872,914080217,900506132,914159392,1339217624,893796322,914217503,893738444,893738443,893738442,893453923,914217504,769102584,914315500,914234002,914315498,914315499,914315497,914315486,304476163,287695723,287695729,914315469,287695725,304476161,914315489,289462909,914315470,926317335,304476164,304476160,304476162,626529206,917103479,287695730,287696035,914234001,914234003,287696039,287695726,289716340,768892605,289716346,919657582,884335982,918582410,919657583,919657584,81976030,920661315,920661316,920661314,123461299,920661317,81976033,920661319,920661313,921075162,81976031,921600013,81976027,920036095,123461298,1306640972,920118742"
Senior Residence - RSA Servais,45.0842294,7.6287842,verde,wood,0,0,3,14,"1158185716,579522480,341780236,914228076,914061249,914074271,304476284,304476285,914324682,341780239,914159390,914228073,914315491,920625896"
Senior Residence - RSA Servais,45.0842294,7.6287842,verde,forest,0,0,0,2,"956497469,530269639"
Senior Residence - RSA Servais,45.0842294,7.6287842,verde,meadow,0,0,0,0,
Senior Residence - RSA Servais,45.0842294,7.6287842,verde,scrub,0,3,4,19,"1247191753,914061232,913986794,914074270,914315503,914315468,914228077,914315506,914159384,914159381,914159391,914228085,914228083,914315501,914228080,914228081,914315488,914228082,919709082"
Senior Residence - RSA Servais,45.0842294,7.6287842,verde,allotments,0,1,1,7,"1158185713,910744926,910744934,433042260,328629680,914228075,274564739"
Senior Residence - RSA Servais,45.0842294,7.6287842,verde,playground,3,5,14,47,"914597098,2368279751,2028399382,1066934059,572129026,571006383,911467591,571408914,5491685425,290144050,804923258,82205062,772447467,888451641,314108056,888470379,888470385,788805104,124772011,1115761786,11832550679,880153078,390653412,448718771,1173081441,801903369,129903966,82400814,341402905,821781216,116648850,116648841,1382575171,3563452938,352570456,113557355,243156173,12120385298,10831666705,122594343,6314036593,2458961315,122594342,351171619,351171617,1057169403,80440121"
Senior Residence - RSA Servais,45.0842294,7.6287842,verde,recreation_ground,0,0,0,0,
Senior Residence - RSA Servais,45.0842294,7.6287842,verde,nature_reserve,0,0,0,0,
Senior Residence - RSA Servais,45.0842294,7.6287842,verde,lake,0,0,0,0,
Senior Residence - RSA Servais,45.0842294,7.6287842,verde,reservoir,0,0,0,0,
Senior Residence - RSA Servais,45.0842294,7.6287842,sport,fitness_centre,1,1,1,4,"11293465819,5592351571,630539346,4477792090"
Senior Residence - RSA Servais,45.0842294,7.6287842,sport,sports_centre,0,1,7,21,"909775020,116648845,742125234,4086636019,3200584297,168437524,314254880,290420034,290423873,4479684158,905200795,893796314,44051344,769032633,42929460,44050243,81976028,768862230,768857945,7177839299,254095735"
Senior Residence - RSA Servais,45.0842294,7.6287842,sport,stadium,0,0,0,0,
Senior Residence - RSA Servais,45.0842294,7.6287842,sport,swimming_pool,0,0,1,4,"529652138,529652139,431631714,379375639"
Senior Residence - RSA Servais,45.0842294,7.6287842,sport,water_park,0,0,0,0,
Senior Residence - RSA Servais,45.0842294,7.6287842,sport,pitch,1,6,18,112,"1126581879,5491712414,914597096,572393054,1226476500,294150156,637559789,9792833748,1066934060,1216496186,5491715388,912941768,369847632,911631950,911342030,369847633,369847631,116648836,903916475,116648847,369847630,116648853,909775016,116648840,909775017,169446393,169446392,10303519262,169446389,169446391,945175002,82290347,292034359,292036104,292034357,292036102,83393204,10301482921,169446390,292036101,1239172057,661429603,897304943,885983260,893621184,883226363,9072007555,9072007556,242407846,242407872,242407870,1086267302,186413455,1221399783,880153075,880153074,884136331,835698128,385418498,1173898344,1173235467,388690911,875720649,877785725,116648842,116648852,342866853,116648835,116648848,914093605,84476409,769096949,58759134,1363866467,283405367,286222329,285069763,351171609,351171611,13112378001,769033182,769033175,769033180,769033179,58758878,12120421777,285070816,283405360,254095740,254095744,254095743,283405361,254095742,351171608,351171614,287694954,254095741,769033181,769033176,769033177,885675273,918136689,918136688,769033178,129305954,919709049,919673004,919709047,921075180,768857944,254095730,768857943"
Senior Residence - RSA Servais,45.0842294,7.6287842,sport,tennis_court,0,0,0,0,
Senior Residence - RSA Servais,45.0842294,7.6287842,sport,golf_course,0,0,0,0,
Senior Residence - RSA Servais,45.0842294,7.6287842,sport,ice_rink,0,0,0,0,
Senior Residence - RSA Servais,45.0842294,7.6287842,sport,bowling_alley,0,0,0,0,
Senior Residence - RSA Servais,45.0842294,7.6287842,sport,climbing_wall,0,0,0,0,
Senior Residence - RSA Servais,45.0842294,7.6287842,sport,gym,0,0,0,0,
Senior Residence - RSA Servais,45.0842294,7.6287842,commerciale,shop,0,0,0,0,
Senior Residence - RSA Servais,45.0842294,7.6287842,educazione,school,0,0,9,27,"879463612,438380755,294155385,529644452,369847634,903916492,376503486,892437397,291465020,369833269,314253563,761431036,181314352,314253764,879877463,369816435,58888771,369816434,385417873,388411291,137280029,889097430,392518162,889096565,453977011,7177945834,647241680"
Senior Residence - RSA Servais,45.0842294,7.6287842,educazione,kindergarten,1,1,2,11,"3149305228,879463614,9580741278,335550693,4254402204,390148247,898160525,131644847,883378381,7177945833,921075190"
Senior Residence - RSA Servais,45.0842294,7.6287842,educazione,university,0,0,0,1,58760727
Senior Residence - RSA Servais,45.0842294,7.6287842,educazione,college,0,0,0,0,
Senior Residence - RSA Servais,45.0842294,7.6287842,educazione,music_school,0,0,0,0,
Senior Residence - RSA Servais,45.0842294,7.6287842,educazione,driving_school,0,1,1,7,"13042699426,12509555365,13098339874,10729626293,9962100684,13273674967,12951948641"
Senior Residence - RSA Servais,45.0842294,7.6287842,educazione,research_institute,0,0,0,0,
Senior Residence - RSA Servais,45.0842294,7.6287842,educazione,vocational_school,0,0,0,0,
Senior Residence - RSA Servais,45.0842294,7.6287842,educazione,library,0,0,0,4,"1513480039,293677523,4604602037,243093488"
Senior Residence - RSA Servais,45.0842294,7.6287842,educazione,archive,0,0,0,0,
Senior Residence - RSA Servais,45.0842294,7.6287842,educazione,museum,0,0,0,0,
Senior Residence - RSA Servais,45.0842294,7.6287842,educazione,community_centre,0,0,0,2,"432388873,13082041537"
Senior House - Casa Famiglia,45.0794652,7.6377537,sanità,healthcare,0,0,0,0,
Senior House - Casa Famiglia,45.0794652,7.6377537,sanità,pharmacy,1,7,15,55,"4785081493,7380109523,4786739926,3348691737,4734591980,4734595751,7385328770,7380128899,7380131545,7373154101,7378942316,11269135665,7312260730,1738121268,2208919912,6061213817,3027567380,4734738176,7373154100,7378946079,4734005493,8228658596,7380102116,1446143790,7380072654,3348688592,1491288435,7378941367,8196134564,1432238864,4734011255,3914894256,3946017788,4111366192,3917178727,3342794654,7373154102,4734768651,3342781917,3342780201,7058359416,4734135996,7312067712,7312112149,4734225963,1757127788,3344768366,7312514018,1923349804,4734222157,7372912662,3563452895,1757126232,2505526580,7312142691"
Senior House - Casa Famiglia,45.0794652,7.6377537,sanità,dentist,0,0,2,8,"13288761320,9568693092,12969033170,11269180205,12946986024,11564921123,12165839580,1448147009"
Senior House - Casa Famiglia,45.0794652,7.6377537,sanità,veterinary,0,1,4,9,"11278456881,10271366850,9952804074,3956304242,13273646894,12951974696,11290467038,1757121990,7234175545"
Senior House - Casa Famiglia,45.0794652,7.6377537,sanità,optician,0,0,0,0,
Senior House - Casa Famiglia,45.0794652,7.6377537,sanità,medical_supply,0,0,0,3,"13138464036,12730508999,12951935240"
Senior House - Casa Famiglia,45.0794652,7.6377537,sanità,defibrillator,0,0,0,3,"12691328901,8404250984,12422338516"
Senior House - Casa Famiglia,45.0794652,7.6377537,sanità,hospital,0,0,0,3,"521821122,107278669,295500484"
Senior House - Casa Famiglia,45.0794652,7.6377537,sanità,clinic,0,0,1,4,"290245244,4577161593,4159998135,4086286155"
Senior House - Casa Famiglia,45.0794652,7.6377537,sanità,doctors,0,0,0,0,
Senior House - Casa Famiglia,45.0794652,7.6377537,mobilità,station,0,1,4,7,"496268561,496268560,496268559,496268558,1095052533,332648726,332648606"
Senior House - Casa Famiglia,45.0794652,7.6377537,mobilità,subway_entrance,0,1,11,19,"1484955755,1484955757,946525620,1484955758,429724253,1484955763,1484955764,1484955765,430167591,429724255,946525643,1484955768,1484955766,1484955767,957916124,946525616,957923325,442641053,442641055"
Senior House - Casa Famiglia,45.0794652,7.6377537,mobilità,tram_stop,2,6,12,59,"1234675838,1233612845,1270905156,1233612826,1234675831,1234675807,1234675699,1234675847,11009337364,1234675743,1234675824,1234675790,11009337366,1234675767,1234675754,1199240450,1230710275,1270651295,1262202670,1230710077,1230710325,1262210955,942830318,942830322,7788257670,942830306,942830333,942830319,1231011192,1230709701,942830330,942830343,942830344,942830324,942830342,942830327,942830313,942830316,1229827369,1229580312,1229827462,1229580298,1229827380,1229580296,943330794,943330820,948350593,948350631,943330778,1229827164,943330837,1229827464,948015844,948016105,948015819,1229827566,948016123,948015910,946742800"
Senior House - Casa Famiglia,45.0794652,7.6377537,mobilità,bus_stop,10,23,73,287,"1234675634,1262211378,1262196571,1262182521,1233612852,1262193998,1233612824,1262207027,1262203336,1234675726,1262203695,1234675650,1262204437,1262208811,1262202241,1262204527,11211252316,1262185590,1262195515,1262193449,1262203196,11009337365,1262207225,11211252314,1262195960,11211252315,1262208328,1262205104,11211252313,1262195832,1262208385,1262209301,1262194948,1262198072,1262211472,1262197194,1262209161,1262212584,1262200195,1262197335,1262197168,1262195360,1262195977,1262199321,946525640,2291878854,2291878847,946525613,1262200106,1262189043,1262204508,1262182442,1262184570,946525626,1262211055,1262199057,1262210484,1262186951,1262200726,1262207530,1262192776,1262210406,1262203278,1262196857,1262210254,1262199601,1262207652,1262192820,1262192572,1262182489,1262198018,1262208395,1262208246,1262212146,12690560970,1262204223,1262197828,1262204392,1262183098,1262212550,1262203181,1262209396,1262196675,1262203579,1262185760,1262197125,1262211759,1262183534,1262194696,1262191338,1262208360,1262207271,1262207439,1262209980,1262212738,1262200111,1262194584,1262204585,1262212453,1262198988,1262198123,1262212515,1262197053,1262209471,1262197177,1262198384,1262209293,1262199646,1262204607,1262208375,1262208983,1262185661,1262201597,1262208218,1262207930,1262195899,1262192507,1262196140,1262182653,1262199082,1262199702,1262197372,1262187256,1262208290,1262197969,1262201321,1262197313,1262211448,1262210034,1262182600,1262197071,1262196581,1262204331,1262184392,13051936980,13051936979,3228156230,12701902027,1262195543,1262193705,1262206540,1262195996,1262210565,1262195403,1262200220,1262187100,1262207479,1262194791,1262198137,1262203653,1262203564,1262212324,1262195144,1262182776,1262199205,1262208958,1262199591,1262193765,1262203257,1262194988,1262188706,1262202792,1262194321,1262197282,1262212832,1262211335,1262189175,1262199980,1262198311,1262195447,1262183195,1262208260,1262211717,1262184927,1262196052,1262205722,1262209117,1262192893,1262192699,1262191010,1262190401,1262205881,1262201336,1262203738,1262199030,1262209939,1262196012,1262192555,1262209422,1262184292,1262201989,1262207376,1262208142,1262199711,1262204582,1262191786,1313599114,1313599098,1313599087,1313599111,1262201435,1313599104,1229580307,1229827398,12823257925,1262196595,1262210281,1262196239,1229827470,1229580327,1262198584,1262209460,1262195174,1262203792,1262195359,1262203217,943330789,943330777,1262206976,1399644508,1262193498,1262211612,1262202140,943330783,943330770,1254531625,1254531624,1262203134,1254531622,1254531604,1262199960,1262199765,1262199249,1262204635,1262198505,1262203762,1262200629,1262190870,1262184112,1262203796,1262208309,1262195096,1262194495,3228284521,1262210271,1262194977,1262195990,1262188903,1262203936,1262188478,1262207580,1262182262,1262207083,1262185232,1262207614,1262200572,1262190626,1262209085,1262182405,1262203714,1262194671,1262210195,1262192814,1262209535,12993111273,1262204423,1262198343,1262183268,1262204495,1262195456,12993111272,1262207261,1262199317,1262203747,1262203829,1262195018,1262195334,1262195276,1262195579,1262206853,1262209342,1262195767,1262204692,1262195655,1262208965,1262194453,1262199215"
Senior House - Casa Famiglia,45.0794652,7.6377537,mobilità,charging_station,0,1,6,19,"10759330929,7412497420,9240428223,11032837899,10574420948,11895314700,12804904532,12766392871,9952823611,12804895752,12504447605,13138483052,11518533826,10203837376,13027591668,10243424972,13340070604,13027614487,13075187843"
Senior House - Casa Famiglia,45.0794652,7.6377537,mobilità,car_sharing,0,0,0,1,4616005750
Senior House - Casa Famiglia,45.0794652,7.6377537,mobilità,taxi,0,0,0,3,"2214915027,3205040135,1757138441"
Senior House - Casa Famiglia,45.0794652,7.6377537,mobilità,parking,0,10,35,139,"1450297255,290481673,81603203,386376298,290481672,290481671,386376080,386376296,386376081,290436857,133144552,848622593,1154039642,1208808264,1218048192,752839776,219922320,336054157,336054158,1216407390,219922338,171721723,1216238314,1216238309,1216238310,1051058726,1216238307,1216238308,592440671,1216245336,472568620,1216407389,438987370,84470728,913316090,571246785,342866808,910744908,342866809,910744903,910744895,910744894,571037511,772457827,274564580,904047155,104183442,389735411,1121215910,888437474,892435294,167316233,1423333701,292034360,171572406,1243695860,171572408,885983220,901726403,8238384557,885983263,8238384556,909076060,893611639,525114438,804926618,1125419383,881078243,822527115,110530901,388410845,892061235,895352333,895352332,891936899,891936900,389549638,391743104,389601115,389601114,448718773,448969330,110534406,110862166,110862168,525113175,448434080,132528231,6411440333,1109043885,928634211,928634186,928634275,116648838,904480300,116648837,116648844,904480306,116648846,905200784,914080225,904655875,904480313,904655874,904655868,900506112,914093626,914093596,123075860,1381549540,289462907,883916435,82257430,82257429,122594341,37041494,285017151,285017148,38322092,285017150,285070811,285070405,883916442,846925185,919673015,846925184,921599999,919673001,921600007,921849957,921849941,459073294,627368788,868823455,123587977,620145344,921075185,573314876,868823459"
Senior House - Casa Famiglia,45.0794652,7.6377537,mobilità,car_rental,0,0,0,0,
Senior House - Casa Famiglia,45.0794652,7.6377537,mobilità,bicycle_parking,0,2,13,111,"7174535553,2699763618,10873504975,10852593727,2699763619,10852593712,10850759982,10750671202,10994635793,10852593713,2699763620,2699760641,10852593711,7076001860,2699760640,2699762076,2699762075,3431361722,13301048574,12896310110,2602219048,2699762534,12712880205,12712831795,2699762531,2699763621,2699762528,2699762080,7174545829,12165839590,13273630892,7076001859,7076001858,2699762077,12951928674,10901383359,2699745133,2699762079,7807429771,10771806119,2699762078,2699762081,9300406026,2699743589,13231686483,12165839584,2699743595,2699743596,7076063225,7076063226,7076063227,7076063223,7076063224,7076063222,7076063221,7076063220,7076063219,7076063218,7076063217,7076063216,7076063232,7076063233,7076063229,7076063237,7076063228,7076063235,7076063236,2699745134,7076063215,2699745131,7076063214,2699745130,2699745132,7076063244,7076063250,7076063251,2699745137,7076063243,7076063242,7076063247,7076063246,7076063230,7076063239,7076063238,7076063240,7076063241,7076063234,7076063231,12889486162,13231692502,12889485978,12889485179,12889481110,12889467141,2699743593,7076063257,7076063253,7076063252,7076063255,7076063249,7076063258,7076063248,7076063256,7076063245,7076063254,12791438497,13303872013,12120421659,10831661710,9519183729,12996199743"
Senior House - Casa Famiglia,45.0794652,7.6377537,mobilità,bicycle_rental,0,0,0,1,12068398565
Senior House - Casa Famiglia,45.0794652,7.6377537,mobilità,primary,0,0,0,0,
Senior House - Casa Famiglia,45.0794652,7.6377537,mobilità,secondary,0,0,0,0,
Senior House - Casa Famiglia,45.0794652,7.6377537,verde,park,1,6,30,96,"97079974,97080017,97550213,123245358,290137848,1254357945,82290353,1185553285,293857921,202530430,529652140,337532331,335550691,337532332,213894209,904047158,904402091,904047163,571008370,97550214,438380758,97686011,168437530,571008371,389732506,167316232,133623606,82205065,1153579567,390153110,886067334,888437481,888451639,314020901,286095909,895315284,901726422,888451642,181314354,181314353,873160468,888451650,888470381,314108055,769102585,709584087,242407848,292034395,82400823,36854185,1055411315,880153068,822527117,136174598,385418437,605805917,731935819,41752855,41752854,117959657,525113176,129903965,479483770,81792740,81792741,341402495,82202795,433500383,81157499,925827425,904270747,905200796,904270763,905200776,116615284,893738440,288891648,274568782,288891650,769097597,883916433,769102583,633262008,801927117,480821049,79942860,82508282,824643082,824642760,875795239,868823458,631801832,802161320,254100539,428655680,846925187"
Senior House - Casa Famiglia,45.0794652,7.6377537,verde,garden,0,24,118,261,"290481670,292158239,478280745,1216496187,913296524,804086828,804086829,904402101,804086827,904402100,913963094,1221747935,911490404,898105031,898105030,912941790,912941791,898105032,912941765,911490403,911527611,910395906,904270754,904047172,1218276699,1183650332,1183650331,1218276695,892435308,82290351,888354908,897707178,888354904,888354903,888354905,897707188,885983275,888354906,897707189,892435320,892435322,897304955,897304935,911342036,897304934,895660509,895315779,895315780,895315778,895315777,894509028,895315776,894684426,895315775,901726429,894509024,894684436,895315774,894357524,894357546,1281784979,885983278,886066456,885983213,886066462,664934591,885983233,885983255,885983257,885983236,885983277,885983245,893427549,884864142,893621190,883226367,884146072,893427570,893427561,893427562,893611640,893427548,893427547,888568023,888568021,888582098,1055416062,881236255,909076059,1055416029,1055413219,881551760,892460217,892460222,892460206,892460208,891498339,891498341,891498343,891498340,890748884,892460219,916939206,916939199,10901405103,1433432894,111596409,525113177,889467736,525113178,889468648,889467729,766788903,889348394,918136704,918136724,889467725,918136703,918136723,917103499,917103501,919651094,919048424,919651087,919651082,919651086,919651081,919651093,925917989,925917990,928634201,44574181,928634230,928634231,904270755,904480314,904270756,904777843,904270780,904480304,904270778,905200782,905200781,905200791,900506208,900506174,914080215,900506161,900506144,904047171,900848395,900506162,904562698,904655883,904777838,904777839,914093603,901295930,904047173,900506160,900506131,893738455,893738456,893738461,893453946,893453945,288891649,893738459,893738460,893453947,893453944,916438090,916438130,917103497,916939198,916438146,916939214,916438095,917103478,883708994,916438144,916438094,916939212,916438145,916438127,916438096,916438128,916438147,916939204,917103477,916438101,916438102,917103503,916438129,917103502,916438103,916438107,917103500,920625897,918136722,918582404,885678001,918582402,918582414,885677997,918136682,918136701,885678002,918584287,918136725,918136700,918582413,885678003,918582411,918582401,918582398,918582400,885678006,918582399,918136721,918582397,918582395,918582396,920118750,920118749,919657585,920118755,919657586,920118740,919657591,920118744,919709083,919657592,919672998,919724557,919709048,921075201,919724558,921600001,921075200,921075204,924935993,924936006,924936005,924936007,921849943,921600014,921075238,921075237,921075193,921075192,921479317,921479324,921479314,921479323,921075207,921479319,920118746,920118747,920118748,920118745"
Senior House - Casa Famiglia,45.0794652,7.6377537,verde,grass,3,8,39,214,"484744758,1150137827,1150137826,1239406381,1239406380,1238389427,1239177125,1236922853,732177420,1216250181,1216238313,1216017279,1216250185,1216020594,1216250182,1216020595,1216238312,1216020596,1216017278,484744760,912305340,913316089,913316094,910744888,913316117,913316106,913316093,910744905,913316096,910744906,910744886,910744887,910744889,910744890,337532333,1267945642,571634201,1267945641,898105045,911490408,912537095,912537092,912537094,911631941,911631958,911631967,911631960,911631969,911631952,911631959,911631957,911631953,911631951,438380761,1217131872,1217208884,1217208291,911467585,911342051,901898030,901898029,1339217622,1339217623,901898028,885983264,885983265,883226368,954750078,953713788,953713787,956494708,954750079,956494707,956494706,955893950,37671811,731899351,731899352,731899353,1173967163,731899358,1173907484,1173907485,731899359,731899350,731899354,1173907483,1173898346,1173898347,731899360,1173898349,1173898348,731899357,731899355,731899356,732096036,732096037,732096038,732096048,731939743,731935824,731935825,731939740,731939738,731939741,221891468,731939739,731939742,889467735,762971427,81753214,732125145,732125146,732177422,732125147,178997269,732125144,178997273,732125148,732125140,178997270,684348512,732125143,732125142,732125141,732125149,732125150,732125151,732125152,37738037,732125139,342742135,342742125,342742134,347254651,342742126,347254668,347254667,347254652,347254640,347254654,347254660,355063902,365762772,355063900,355063904,354610028,365762771,352332316,352332309,352332314,353072697,352332319,352396030,355063909,355063907,355063905,904402118,905200788,904402117,913318622,904402114,914080220,904655872,914080217,900506132,914159392,1339217624,893796322,914217503,893738444,893738443,893738442,893453923,914217504,769102584,914234002,287695725,917103479,287695730,287696035,914234001,914234003,919657582,884335982,918582410,919657583,919657584,81976030,920661315,920661316,920661314,123461299,920661317,81976033,920661319,920661313,921075162,81976031,921600013,81976027,920036095,123461298,921850001,921849999,660967943,577583408,577583403,660967944,577583409,921479284,921479315,1306640972,920118742"
Senior House - Casa Famiglia,45.0794652,7.6377537,verde,wood,0,0,0,6,"341780239,914159390,914228073,920625896,921479313,920004733"
Senior House - Casa Famiglia,45.0794652,7.6377537,verde,forest,1,1,1,2,"956497469,530269639"
Senior House - Casa Famiglia,45.0794652,7.6377537,verde,meadow,0,0,0,0,
Senior House - Casa Famiglia,45.0794652,7.6377537,verde,scrub,0,0,0,13,"914159384,914159381,914159391,914228085,914228083,914228080,919709082,920036085,924938667,921479311,921479316,1173223756,921479325"
Senior House - Casa Famiglia,45.0794652,7.6377537,verde,allotments,0,0,0,4,"910744926,910744934,433042260,328629680"
Senior House - Casa Famiglia,45.0794652,7.6377537,verde,playground,2,2,17,50,"1124860756,290144055,2113377131,1238389440,467446544,572129026,571006383,911467591,571408914,5491685425,290144050,804923258,82205062,772447467,888451641,314108056,888470379,888470385,788805104,124772011,1115761786,11832550679,880153078,390653412,448718771,1173081441,801903369,129903966,919048423,82400814,341402905,448434079,2110827287,116648850,116648841,1382575171,3563452938,113557355,243156173,12120385298,10831666705,122594343,6314036593,2458961315,122594342,921849990,6772490090,1057169403,80440121,243120102"
Senior House - Casa Famiglia,45.0794652,7.6377537,verde,recreation_ground,0,0,0,0,
Senior House - Casa Famiglia,45.0794652,7.6377537,verde,nature_reserve,0,0,0,0,
Senior House - Casa Famiglia,45.0794652,7.6377537,verde,lake,0,0,0,0,
Senior House - Casa Famiglia,45.0794652,7.6377537,verde,reservoir,0,0,0,0,
Senior House - Casa Famiglia,45.0794652,7.6377537,sport,fitness_centre,0,0,2,5,"5592321393,11293465819,5592351571,630539346,4477792090"
Senior House - Casa Famiglia,45.0794652,7.6377537,sport,sports_centre,0,0,7,21,"290482354,909775020,116648845,742125234,4086636019,3200584297,168437524,314254880,290420034,290423873,4479684158,83825215,289416784,905200795,893796314,44051344,769032633,42929460,44050243,81976028,254095735"
Senior House - Casa Famiglia,45.0794652,7.6377537,sport,stadium,0,0,0,0,
Senior House - Casa Famiglia,45.0794652,7.6377537,sport,swimming_pool,0,0,1,4,"529652138,529652139,431631714,379375639"
Senior House - Casa Famiglia,45.0794652,7.6377537,sport,water_park,0,0,0,0,
Senior House - Casa Famiglia,45.0794652,7.6377537,sport,pitch,3,5,26,115,"1126581879,5491712414,422061581,290245229,290245230,290245231,847975010,846003832,848616352,848616351,1216496186,5491715388,912941768,369847632,911631950,911342030,369847633,369847631,116648836,903916475,116648847,369847630,116648853,909775016,116648840,909775017,169446393,169446392,10303519262,169446389,169446391,945175002,82290347,292034359,292036104,292034357,292036102,83393204,10301482921,169446390,292036101,1239172057,661429603,897304943,885983260,893621184,883226363,9072007555,9072007556,242407846,242407872,242407870,1086267302,186413455,1221399783,880153075,880153074,884136331,835698128,385418498,846003831,186413454,1303852812,1173898344,1173235467,731935820,731935821,41752773,731935823,220614907,220614908,388690911,83825205,875720649,457661508,877785725,289416782,289416786,289416797,289416790,116648842,116648852,342866853,116648835,116648848,914093605,84476409,769096949,58759134,1363866467,283405367,13112378001,769033182,769033175,769033180,769033179,58758878,12120421777,285070816,283405360,769033181,769033176,769033177,885675273,918136689,918136688,769033178,129305954,919709049,919673004,919709047,921075206,921075182,921075180,768857943"
Senior House - Casa Famiglia,45.0794652,7.6377537,sport,tennis_court,0,0,0,0,
Senior House - Casa Famiglia,45.0794652,7.6377537,sport,golf_course,0,0,0,0,
Senior House - Casa Famiglia,45.0794652,7.6377537,sport,ice_rink,0,0,0,0,
Senior House - Casa Famiglia,45.0794652,7.6377537,sport,bowling_alley,0,0,0,0,
Senior House - Casa Famiglia,45.0794652,7.6377537,sport,climbing_wall,0,0,0,0,
Senior House - Casa Famiglia,45.0794652,7.6377537,sport,gym,0,0,0,0,
Senior House - Casa Famiglia,45.0794652,7.6377537,commerciale,shop,0,0,0,0,
Senior House - Casa Famiglia,45.0794652,7.6377537,educazione,school,1,5,12,38,"1108121172,763986057,763986058,9623980923,438380755,529644452,369847634,903916492,376503486,892437397,291465020,369833269,314253563,761431036,181314352,314253764,879877463,369816435,58888771,369816434,385417873,388411291,137280029,875684723,889097430,392518162,889096565,443199497,443199498,391737655,344744214,318938045,369665895,369665896,365610519,453977011,647241680,436288158"
Senior House - Casa Famiglia,45.0794652,7.6377537,educazione,kindergarten,1,1,3,12,"167457423,3149305228,3149300430,335550693,4254402204,390148247,898160525,131644847,919048421,883378381,921075190,768854407"
Senior House - Casa Famiglia,45.0794652,7.6377537,educazione,university,0,0,0,1,12168588078
Senior House - Casa Famiglia,45.0794652,7.6377537,educazione,college,0,0,0,1,131654729
Senior House - Casa Famiglia,45.0794652,7.6377537,educazione,music_school,0,0,0,1,12569155038
Senior House - Casa Famiglia,45.0794652,7.6377537,educazione,driving_school,0,0,4,8,"13042699426,12995526273,12509555365,13098339874,10729626293,9962100684,13273674967,12951948641"
Senior House - Casa Famiglia,45.0794652,7.6377537,educazione,research_institute,0,0,0,0,
Senior House - Casa Famiglia,45.0794652,7.6377537,educazione,vocational_school,0,0,0,0,
Senior House - Casa Famiglia,45.0794652,7.6377537,educazione,library,0,1,1,5,"13144212299,1513480039,293677523,4604602037,11926381625"
Senior House - Casa Famiglia,45.0794652,7.6377537,educazione,archive,0,0,0,0,
Senior House - Casa Famiglia,45.0794652,7.6377537,educazione,museum,0,0,0,2,"182886373,3338687283"
Senior House - Casa Famiglia,45.0794652,7.6377537,educazione,community_centre,0,0,0,3,"432388873,13082041537,10931712505"
Residenza Valgioie / Centro Alzheimer,45.0767427,7.6309416,sanità,healthcare,0,0,0,0,
Residenza Valgioie / Centro Alzheimer,45.0767427,7.6309416,sanità,pharmacy,0,5,19,50,"7385973893,2017708681,4734247663,4785081493,7380109523,4786739926,3348691737,4734591980,4734595751,7385328770,4734246721,7312274928,7378942316,11269135665,4734251590,7312260730,1738121268,2208919912,6061213817,3027567380,4734738176,7373154100,7378946079,4734005493,8228658596,7380102116,1446143790,7380072654,3348688592,1491288435,7378941367,8196134564,1432238864,4734011255,3914894256,3946017788,4111366192,3917178727,3342794654,7373154102,4734768651,3342781917,3342780201,7058359416,4734135996,7312067712,7312112149,4734225963,1757127788,3563452895"
Residenza Valgioie / Centro Alzheimer,45.0767427,7.6309416,sanità,dentist,0,0,1,8,"13288761320,13040748750,12987277703,12969033170,11269180205,12946986024,11564921123,12165839580"
Residenza Valgioie / Centro Alzheimer,45.0767427,7.6309416,sanità,veterinary,1,1,3,8,"4362506882,11278456881,10271366850,9952804074,3956304242,13273646894,12951974696,11290467038"
Residenza Valgioie / Centro Alzheimer,45.0767427,7.6309416,sanità,optician,0,0,0,0,
Residenza Valgioie / Centro Alzheimer,45.0767427,7.6309416,sanità,medical_supply,0,0,1,4,"13138464036,294137744,12730508999,12951935240"
Residenza Valgioie / Centro Alzheimer,45.0767427,7.6309416,sanità,defibrillator,0,0,1,1,12691328901
Residenza Valgioie / Centro Alzheimer,45.0767427,7.6309416,sanità,hospital,0,0,0,1,521821122
Residenza Valgioie / Centro Alzheimer,45.0767427,7.6309416,sanità,clinic,0,1,1,4,"290245244,9588764034,4577161593,4159998135"
Residenza Valgioie / Centro Alzheimer,45.0767427,7.6309416,sanità,doctors,0,0,0,0,
Residenza Valgioie / Centro Alzheimer,45.0767427,7.6309416,mobilità,station,1,2,3,7,"496268561,496268560,496268559,496268558,1095052533,332648726,332648606"
Residenza Valgioie / Centro Alzheimer,45.0767427,7.6309416,mobilità,subway_entrance,3,5,8,19,"1484955755,1484955757,946525620,1484955758,429724253,1484955763,1484955764,1484955765,430167591,429724255,946525643,1484955768,1484955766,1484955767,957916124,946525616,957923325,442641053,442641055"
Residenza Valgioie / Centro Alzheimer,45.0767427,7.6309416,mobilità,tram_stop,0,0,6,41,"1233612804,11009337363,1233612820,1233612853,1234675838,1233612845,1270905156,1233612826,1234675831,1234675807,1234675699,1234675847,11009337364,1234675743,1234675824,1234675790,11009337366,1234675767,1234675754,1199240450,1230710077,1262210955,942830318,942830322,7788257670,942830306,942830333,942830319,1231011192,1230709701,942830330,942830343,942830344,942830324,942830342,942830327,942830313,942830316,1229827462,1229827380,1229580296"
Residenza Valgioie / Centro Alzheimer,45.0767427,7.6309416,mobilità,bus_stop,4,20,86,237,"1262198231,1399644724,1262203143,1262189652,1262202360,1262202030,2940112350,1262197992,1234675634,1233612831,1233612840,1262211378,1262196571,1262182521,1233612852,1262193998,1233612824,1262207027,1262203336,1234675726,1262203695,1234675650,1262203346,1262204437,1262208811,1262202241,1262204527,11211252316,1262185590,1262199222,1262190163,1262195515,1262193449,1262203196,11009337365,1262207225,11211252314,1262195960,11211252315,1262208328,1262205104,11211252313,1262195832,1262194948,1262211472,1262199629,1262212144,1262195529,1262208902,1262212584,1262200195,1262197335,1262197168,1262195360,1262195977,1262199321,946525610,1262196155,946525640,946525632,2291878854,2291878847,946525613,1262200106,1262201262,1262189043,1262204508,1262182442,1262184570,946525626,1262211055,1262199057,1262210484,1262186951,1262200726,1262207530,1262192776,1262210406,1262203278,1262196857,1262210254,1262199601,1262207652,1262192820,1262192572,1262182489,1262198018,1262208395,1262208246,1262212146,12690560970,1262204223,1262197828,1262204392,1262183098,1262212550,1262203181,1262209396,1262196675,1262203579,1262185760,1262197125,1262211759,1262183534,1262194696,1262191338,1262208360,1262207271,1262207439,1262209980,1262212738,1262200111,1262194584,1262204585,1262212453,1262198988,1262198123,1262212515,1262197053,1262209471,1262197177,1262198384,1262209293,1262199646,1262204607,1262208375,1262208983,1262185661,1262201597,1262208218,1262207930,1262195899,1262192507,1262196140,1262182653,1262199082,1262199702,1262197372,1262187256,1262208290,1262197969,1262201321,1262197313,1262211448,1262210034,1262182600,1262197071,1262196581,1262204331,1262184392,13051936980,13051936979,3228156230,12701902027,1262195543,1262193705,1262206540,1262195996,1262210565,1262195403,1262200220,1262187100,1262207479,1262194791,1262198137,1262203653,1262203564,1262212324,1262195144,1262182776,1262199205,1262208958,1262199591,1262193765,1262203257,1262194988,1262188706,1262202792,1262194321,1262189175,1262199980,1262198311,1262195447,1262183195,1262208260,1262211717,1262184927,1262196052,1262205722,1262209117,1262192893,1262192699,1262191010,1262190401,1262205881,1262201336,1262203738,1262199030,1262209939,1262196012,1262192555,1262209422,1262184292,1262201989,1262207376,1262208142,1262199711,1262204582,1262191786,1262210281,1229827470,1262195359,1262206976,1262199960,1262199765,1262199249,1262204635,1262198505,1262203762,1262200629,1262190870,1262184112,1262203796,1262208309,1262195096,1262194495,3228284521,1262210271,1262188903,1262207083,1262185232,1262207614,1262200572,1262190626,1262209085,1262210195,1262192814"
Residenza Valgioie / Centro Alzheimer,45.0767427,7.6309416,mobilità,charging_station,0,1,12,20,"13042652773,10759330929,10704779934,7412497420,9240428223,11032837899,10574420948,11895314700,12804904532,12766392871,9952823611,12804895752,12504447605,13138483052,11518533826,10203837376,13027591668,10243424972,13340070604,13027614487"
Residenza Valgioie / Centro Alzheimer,45.0767427,7.6309416,mobilità,car_sharing,0,0,0,1,4616005750
Residenza Valgioie / Centro Alzheimer,45.0767427,7.6309416,mobilità,taxi,0,0,1,2,"2214915027,3205040135"
Residenza Valgioie / Centro Alzheimer,45.0767427,7.6309416,mobilità,parking,4,6,34,157,"1040537885,1109766700,1040537886,1038012059,1062088026,294134647,106837754,1040537887,1418357920,1418357265,81892443,1418357921,1450297255,254428905,290481673,81603203,386376298,290481672,290481671,386376080,386376296,386376081,847959016,1125287584,290436848,290436857,290436845,133144552,1192476391,848622593,131713580,11503903538,184476157,1150750603,1154039642,1208808264,1218048192,752839776,1150720572,572131684,1157692129,1158185707,1150724561,1150728372,1222544251,294137831,1227626225,1068557306,1068834433,1066448011,1216250184,219922320,1216250183,134467635,336054157,336054158,1216407390,219922338,171721723,1216238314,1216238309,1216238310,1051058726,1216238307,1216238308,592440671,1216245336,472568620,1216407389,438987370,900936894,84470728,913316090,571246785,342866808,910744908,342866809,910744903,342866810,910744895,910744894,804089756,125664374,571037511,772457827,274564580,904047155,104183442,389735411,1121215910,888437474,892435294,167316233,1423333701,292034360,171572406,1243695860,171572408,885983220,901726403,8238384557,885983263,8238384556,909076060,893611639,525114438,804926618,1125419383,881078243,822527115,110530901,388410845,892061235,895352333,895352332,891936899,891936900,389549638,391743104,389601115,389601114,448718773,448969330,110534406,110862166,110862168,525113175,116648838,904480300,116648837,170359393,913974587,913974589,116648844,914061236,914061235,904480306,116648846,905200784,914080225,904655875,904480313,904655874,904655868,900506112,914093626,914093596,123075860,1381549540,883916435,82257430,82257429,122594341,37041494,285070811,883916442,921599999"
Residenza Valgioie / Centro Alzheimer,45.0767427,7.6309416,mobilità,car_rental,0,0,0,0,
Residenza Valgioie / Centro Alzheimer,45.0767427,7.6309416,mobilità,bicycle_parking,0,5,12,63,"7174535553,10871415399,10873504976,2699763618,10873504975,10852593727,2699763619,10852593712,10850759990,10850759982,10850759991,10848408078,10750671202,10994635793,10852593713,2699763620,2699760641,10852593711,7076001860,2699760640,2699762076,3431361722,13301048574,12896310110,2602219048,2699762534,12712880205,12712831795,2699762531,2699763621,2699762528,2699762080,7174545829,12165839590,13273630892,7076001859,7076001858,2699762077,12951928674,10901383359,2699745133,2699762079,7807429771,10771806119,2699762078,2699762081,9300406026,2699743589,13231686483,12165839584,2699743595,2699743596,12889486162,13231692502,12889485978,12889485179,12889481110,12889467141,12791438497,13303872013,12120421659,10831661710,9519183729"
Residenza Valgioie / Centro Alzheimer,45.0767427,7.6309416,mobilità,bicycle_rental,0,0,0,1,12068398565
Residenza Valgioie / Centro Alzheimer,45.0767427,7.6309416,mobilità,primary,0,0,0,0,
Residenza Valgioie / Centro Alzheimer,45.0767427,7.6309416,mobilità,secondary,0,0,0,0,
Residenza Valgioie / Centro Alzheimer,45.0767427,7.6309416,verde,park,3,13,37,92,"1109766692,97079974,1281995798,1281996512,97080017,97550213,123245358,96704211,104240184,290137848,1254357945,82290353,572393053,529652137,1157688796,1157690636,294150168,192280717,1185553285,293857921,202530430,529652140,337532331,335550691,337532332,213894209,904047158,904402091,904047163,571008370,97550214,438380758,97686011,168437530,571008371,389732506,167316232,133623606,82205065,1153579567,390153110,886067334,888437481,888451639,314020901,286095909,895315284,901726422,888451642,181314354,181314353,873160468,888451650,888470381,314108055,769102585,709584087,242407848,292034395,82400823,36854185,1055411315,880153068,822527117,136174598,385418437,605805917,731935819,41752855,41752854,117959657,525113176,129903965,479483770,81792740,81792741,341402495,904270747,821781215,821781214,905200796,904270763,905200776,116615284,893738440,288891648,274568782,288891650,769097597,883916433,769102583,79942860"
Residenza Valgioie / Centro Alzheimer,45.0767427,7.6309416,verde,garden,9,26,106,276,"874051315,290481670,292158239,914597112,914617974,1150720581,1158485657,1158485662,1160228738,1158485659,1160228739,1158485658,1160228741,1158485660,1160230340,1160230341,1160228740,1158485661,1158485640,1157915971,1150728378,1150724577,1158456451,1158456450,1158456449,1150724575,1160228746,1150724576,1158485639,1150724562,1158456445,1157919654,1158485638,1158485637,1150724563,1070293288,1070306896,1072738367,1070375996,1072344340,1072344341,1072738366,1070306897,1072344331,1222210926,1222210925,1216273007,478280745,1216496187,913296524,914385208,914385206,914385207,914385205,1150728377,804086828,804086829,904402101,804086827,913963095,1158456440,1158456441,1157919658,904402100,913963094,1221747935,911490404,898105031,898105030,912941790,912941791,898105032,912941765,911490403,911527611,910395906,904270754,904047172,1218276699,1183650332,1183650331,1218276695,892435308,82290351,888354908,897707178,888354904,888354903,888354905,897707188,885983275,888354906,897707189,892435320,892435322,897304955,897304935,911342036,897304934,895660509,895315779,895315780,895315778,895315777,894509028,895315776,894684426,895315775,901726429,894509024,894684436,895315774,894357524,894357546,1281784979,885983278,886066456,885983213,886066462,664934591,885983233,885983255,885983257,885983236,885983277,885983245,893427549,884864142,893621190,883226367,884146072,893427570,893427561,893427562,893611640,893427548,893427547,888568023,888568021,888582098,1055416062,881236255,909076059,1055416029,1055413219,881551760,892460217,892460222,892460206,892460208,891498339,891498341,891498343,891498340,890748884,892460219,916939206,916939199,10901405103,1433432894,111596409,525113177,889467736,525113178,889468648,889467729,766788903,889348394,918136704,918136724,889467725,918136703,918136723,917103499,917103501,919651094,919048424,919651087,919651082,919651086,919651081,919651093,904270755,904480314,904270756,904777843,904270780,904480304,913974577,913986782,913974572,904270778,913974571,905200782,905200781,905200791,900506208,900506174,914080215,900506161,900506144,904047171,900848395,900506162,904562698,904655883,904777838,904777839,914093603,901295930,904047173,900506160,900506131,893738455,893738456,893738461,893453946,893453945,288891649,893738459,893738460,893453947,893453944,916438090,916438130,917103497,916939198,916438146,916939214,916438095,917103478,883708994,916438144,916438094,916939212,916438145,916438127,916438096,916438128,916438147,916939204,917103477,916438101,916438102,917103503,916438129,917103502,916438103,916438107,917103500,920625897,918136722,918582404,885678001,918582402,918582414,885677997,918136682,918136701,885678002,918584287,918136725,918136700,918582413,885678003,918582411,918582401,918582398,918582400,885678006,918582399,918136721,918582397,918582395,918582396,919657585"
Residenza Valgioie / Centro Alzheimer,45.0767427,7.6309416,verde,grass,1,2,31,181,"1195859706,1068570766,484744751,484744754,1418357914,1418357915,484744758,846003834,846003833,104240182,1238389436,1238389437,1150137827,1238389435,1150137826,1239406381,1239406380,1238389427,1239177125,1158185709,1070306898,1068769879,1068834438,1068834431,1068834437,1068596098,1068763133,1216410424,1216250181,1216238313,1216017279,1216250185,1216020594,1216250182,1216020595,1216238312,1216020596,1216017278,484744760,1340546211,901938939,901938940,901938942,901288362,901288363,1150728371,901288365,904276844,901288364,912305340,913316089,913316094,910744888,913316117,913316106,913316093,910744905,913316096,910744906,910744886,910744887,910744889,910744890,342868617,342868616,337532333,1267945642,571634201,1267945641,898105045,911490408,912537095,912537092,912537094,911631941,911631958,911631967,911631960,911631969,911631952,911631959,911631957,911631953,911631951,438380761,1217131872,1217208884,1217208291,911467585,911342051,901898030,901898029,1339217622,1339217623,901898028,885983264,885983265,883226368,954750078,953713788,953713787,956494708,954750079,956494707,956494706,955893950,37671811,731899351,731899352,731899353,1173967163,731899358,1173907484,1173907485,731899359,731899350,731899354,1173907483,1173898346,1173898347,731899360,1173898349,1173898348,731899357,731899355,731899356,732096036,732096037,732096038,732096048,731939743,731935824,731935825,731939740,731939738,731939741,221891468,731939739,731939742,889467735,762971427,81753214,37738037,904402118,905200788,904402117,913986791,913318622,913974580,913974573,904402114,913974568,914080220,904655872,914080217,900506132,914159392,1339217624,893796322,914217503,893738444,893738443,893738442,893453923,914217504,769102584,914234002,917103479,914234001,914234003,919657582,884335982,918582410,919657583,81976030,920661315,920661316,123461299,920661317,921600013,123461298"
Residenza Valgioie / Centro Alzheimer,45.0767427,7.6309416,verde,wood,0,0,0,5,"914061249,341780239,914159390,914228073,920625896"
Residenza Valgioie / Centro Alzheimer,45.0767427,7.6309416,verde,forest,0,0,1,1,956497469
Residenza Valgioie / Centro Alzheimer,45.0767427,7.6309416,verde,meadow,0,0,0,0,
Residenza Valgioie / Centro Alzheimer,45.0767427,7.6309416,verde,scrub,0,0,0,8,"1247191753,914061232,913986794,914159384,914159381,914159391,914228085,914228080"
Residenza Valgioie / Centro Alzheimer,45.0767427,7.6309416,verde,allotments,0,0,1,5,"1158185713,910744926,910744934,433042260,328629680"
Residenza Valgioie / Centro Alzheimer,45.0767427,7.6309416,verde,playground,0,3,14,55,"11897183145,1124860756,847961152,389404045,169109664,169109654,169109663,169109652,290144055,169109659,169109658,2113377131,1238389440,467446544,914597098,5504673903,2368279751,2028399382,1066934059,572129026,571006383,911467591,571408914,5491685425,290144050,804923258,82205062,772447467,888451641,314108056,888470379,888470385,788805104,124772011,1115761786,11832550679,880153078,390653412,448718771,1173081441,801903369,129903966,919048423,82400814,341402905,821781216,116648850,116648841,1382575171,113557355,243156173,12120385298,10831666705,6314036593,2458961315"
Residenza Valgioie / Centro Alzheimer,45.0767427,7.6309416,verde,recreation_ground,0,0,0,0,
Residenza Valgioie / Centro Alzheimer,45.0767427,7.6309416,verde,nature_reserve,0,0,0,0,
Residenza Valgioie / Centro Alzheimer,45.0767427,7.6309416,verde,lake,0,0,0,0,
Residenza Valgioie / Centro Alzheimer,45.0767427,7.6309416,verde,reservoir,0,0,0,0,
Residenza Valgioie / Centro Alzheimer,45.0767427,7.6309416,sport,fitness_centre,0,0,3,7,"9757354675,5592340115,5592321393,11293465819,5592351571,630539346,4477792090"
Residenza Valgioie / Centro Alzheimer,45.0767427,7.6309416,sport,sports_centre,0,1,7,20,"13307202101,290482354,909775020,116648845,742125234,4086636019,3200584297,168437524,314254880,290420034,290423873,4479684158,83825215,905200795,893796314,44051344,769032633,42929460,44050243,81976028"
Residenza Valgioie / Centro Alzheimer,45.0767427,7.6309416,sport,stadium,0,0,0,1,285499599
Residenza Valgioie / Centro Alzheimer,45.0767427,7.6309416,sport,swimming_pool,0,0,1,4,"529652138,529652139,431631714,379375639"
Residenza Valgioie / Centro Alzheimer,45.0767427,7.6309416,sport,water_park,0,0,0,0,
Residenza Valgioie / Centro Alzheimer,45.0767427,7.6309416,sport,pitch,0,2,26,116,"82295505,294134654,290482367,1126581879,5491712414,422061581,290245229,10301477239,290245230,290245231,416059891,285499767,10301477240,847975010,846003832,848616352,848616351,914597096,572393054,292555422,1226476500,294150156,637559789,9792833748,1066934060,1216496186,5491715388,912941768,369847632,911631950,911342030,369847633,369847631,116648836,903916475,116648847,369847630,116648853,909775016,116648840,909775017,169446393,169446392,10303519262,169446389,169446391,945175002,82290347,292034359,292036104,292034357,292036102,83393204,10301482921,169446390,292036101,1239172057,661429603,897304943,885983260,893621184,883226363,9072007555,9072007556,242407846,242407872,242407870,1086267302,186413455,1221399783,880153075,880153074,884136331,835698128,385418498,846003831,186413454,1303852812,1173898344,1173235467,731935820,731935821,41752773,731935823,220614907,220614908,388690911,83825205,875720649,457661508,877785725,116648842,116648852,342866853,116648835,116648848,914093605,84476409,769096949,58759134,1363866467,13112378001,769033182,769033175,769033180,769033179,58758878,12120421777,769033181,769033176,769033177,885675273,918136689,918136688,769033178,129305954"
Residenza Valgioie / Centro Alzheimer,45.0767427,7.6309416,sport,tennis_court,0,0,0,0,
Residenza Valgioie / Centro Alzheimer,45.0767427,7.6309416,sport,golf_course,0,0,0,0,
Residenza Valgioie / Centro Alzheimer,45.0767427,7.6309416,sport,ice_rink,0,0,0,0,
Residenza Valgioie / Centro Alzheimer,45.0767427,7.6309416,sport,bowling_alley,0,0,0,0,
Residenza Valgioie / Centro Alzheimer,45.0767427,7.6309416,sport,climbing_wall,0,0,0,0,
Residenza Valgioie / Centro Alzheimer,45.0767427,7.6309416,sport,gym,0,0,0,0,
Residenza Valgioie / Centro Alzheimer,45.0767427,7.6309416,commerciale,shop,0,0,0,0,
Residenza Valgioie / Centro Alzheimer,45.0767427,7.6309416,educazione,school,1,6,12,35,"1210277879,2018185225,254434717,1108121172,169117804,763986057,763986058,9623980923,879463612,438380755,294155385,529644452,369847634,903916492,376503486,892437397,291465020,369833269,314253563,761431036,181314352,314253764,879877463,369816435,58888771,369816434,385417873,388411291,137280029,875684723,889097430,392518162,889096565,318938045,453977011"
Residenza Valgioie / Centro Alzheimer,45.0767427,7.6309416,educazione,kindergarten,0,0,3,16,"1040174839,254434718,169117808,167457423,3149305228,3149300430,879463610,879463614,9580741278,335550693,4254402204,390148247,898160525,131644847,919048421,883378381"
Residenza Valgioie / Centro Alzheimer,45.0767427,7.6309416,educazione,university,0,0,0,2,"58760727,12168588078"
Residenza Valgioie / Centro Alzheimer,45.0767427,7.6309416,educazione,college,0,0,0,1,131654729
Residenza Valgioie / Centro Alzheimer,45.0767427,7.6309416,educazione,music_school,0,0,0,1,12569155038
Residenza Valgioie / Centro Alzheimer,45.0767427,7.6309416,educazione,driving_school,0,2,4,8,"13042699426,12995526273,12509555365,13098339874,10729626293,9962100684,13273674967,12951948641"
Residenza Valgioie / Centro Alzheimer,45.0767427,7.6309416,educazione,research_institute,0,0,0,0,
Residenza Valgioie / Centro Alzheimer,45.0767427,7.6309416,educazione,vocational_school,0,0,0,0,
Residenza Valgioie / Centro Alzheimer,45.0767427,7.6309416,educazione,library,0,1,3,5,"13144212299,1513480039,293677523,4604602037,11926381625"
Residenza Valgioie / Centro Alzheimer,45.0767427,7.6309416,educazione,archive,0,0,0,0,
Residenza Valgioie / Centro Alzheimer,45.0767427,7.6309416,educazione,museum,0,0,0,2,"182886373,3338687283"
Residenza Valgioie / Centro Alzheimer,45.0767427,7.6309416,educazione,community_centre,0,0,1,2,"432388873,13082041537"
Boarding Princess Felicita di Savoia,45.057343,7.6993723,sanità,healthcare,0,0,0,0,
Boarding Princess Felicita di Savoia,45.057343,7.6993723,sanità,pharmacy,0,2,9,49,"4412226590,11782400574,2036360279,3893151255,4735829063,2018737316,4735056034,4735058545,4735717430,2018187040,619193786,4735828988,3224067528,5255625937,2593187678,2048347744,2018203641,5628622146,1333701639,2018982162,2019517474,2019532938,6827178588,5110808474,4736057638,2048276171,7376114116,12691580935,4736055182,5206578925,7376141997,4736058640,4736054350,7312494521,4736054639,4736054574,12018327204,7309967811,7376141998,4735870073,306557185,4735867352,306556997,754189651,4735090163,7310076313,9405942960,4733528397,4733554860"
Boarding Princess Felicita di Savoia,45.057343,7.6993723,sanità,dentist,0,0,1,9,"10737466798,8463109068,2406157072,11296229554,4195848889,5941324678,3373033912,9301525972,6564881971"
Boarding Princess Felicita di Savoia,45.057343,7.6993723,sanità,veterinary,0,0,1,3,"4735830189,4736055191,11167653306"
Boarding Princess Felicita di Savoia,45.057343,7.6993723,sanità,optician,0,0,0,0,
Boarding Princess Felicita di Savoia,45.057343,7.6993723,sanità,medical_supply,0,0,0,2,"12294762542,11688321776"
Boarding Princess Felicita di Savoia,45.057343,7.6993723,sanità,defibrillator,0,0,1,17,"13015096966,8356951251,8210481138,6705560885,5113659443,6851497986,12095446701,6851187750,6853723885,8334794474,6851437489,6853946708,6853946004,6851357885,10942463291,8259759257,6877134124"
Boarding Princess Felicita di Savoia,45.057343,7.6993723,sanità,hospital,0,0,0,5,"190728046,191194250,316203053,3342035128,1193255695"
Boarding Princess Felicita di Savoia,45.057343,7.6993723,sanità,clinic,0,0,1,5,"464291813,3893264712,385995302,10698816652,4086502595"
Boarding Princess Felicita di Savoia,45.057343,7.6993723,sanità,doctors,0,0,0,0,
Boarding Princess Felicita di Savoia,45.057343,7.6993723,mobilità,station,0,0,0,3,"1622042729,3395226356,254594415"
Boarding Princess Felicita di Savoia,45.057343,7.6993723,mobilità,subway_entrance,0,0,0,13,"1622042886,3283904468,1622042919,3431326298,5020207823,5020207824,1262284319,10260242427,10260242426,1262284354,2014746582,1262284353,10260242428"
Boarding Princess Felicita di Savoia,45.057343,7.6993723,mobilità,tram_stop,0,0,16,97,"938733459,938733498,950433574,951424216,1230710018,4997702728,1229827204,1231011119,1229827337,1231011175,1229580323,1229827230,1229580314,1229827620,941491483,941491672,941491612,1168270471,941491716,941491868,1185414486,1229580315,1229827224,1227966230,1168270660,1185414504,1227966231,1167320937,12101484067,12100765982,941491637,12101484058,941491545,943330768,1370347434,1229263851,1370347438,1229827150,1229580304,1230710216,1230709587,1230709694,1230710154,1230710053,1230710389,1227966234,1227966232,1227966233,1229263766,1229264040,12616325336,12715581050,12978416484,12978416485,943330769,12715581035,12978416486,1168270587,1168270504,1230710263,943330816,943330822,943330819,1230709780,1231011218,943330805,11281292421,1230709737,1230709859,11281834064,1235856174,1168270599,1270651267,13326178312,13326178313,1235856079,947982002,947982146,1262194799,1235856205,947981976,947982053,1235856123,13326178314,12978416487,1229263814,1229263917,1231011198,1230710101,947982115,1168270479,947982009,947982103,11611802562,12351499946,1235926926,1262203527"
Boarding Princess Felicita di Savoia,45.057343,7.6993723,mobilità,bus_stop,2,25,73,303,"1262203331,1262207470,1262197731,1262208226,1262212994,1262195471,1262209837,1262196128,1491228853,1262182560,1262187879,1262203150,1262212811,1262183335,1262204440,5594891025,1262199964,1262199168,1262182219,1399644425,1262198176,1262197433,1262192786,1262197275,1262200205,1262207921,1262210546,1262182382,1262192501,1262201910,1262192626,1229580308,4605836659,1262204898,12876021888,1229580300,1262196357,1262211500,1262208182,1262192466,1262196307,1262195324,1262209515,1262196647,1262212519,1262207853,1480474270,1262210350,1262190981,1262207187,1262197218,1262184662,1262204656,1262196134,1480474276,1262203192,1262194723,1262209179,1262196512,1262206934,1262207679,1480474287,1480474282,1262211196,1262199022,1480474260,1262197190,1480474258,1262212607,1262207895,1262197255,1262206294,1262199787,1262203825,1262212530,1262194890,1262197079,1262184419,1480474268,1480474269,1480474262,1262198132,1262197142,1480474257,1262209613,1262208977,1262182398,1262212389,1262211321,1262191031,1262198260,1262200999,1168929344,1262197041,1262207547,1198867604,8289837996,1262195219,8289837997,1262185354,1262181975,1262197387,1168270553,1168929565,10200408841,4575722855,10066805517,1185414522,1262199608,1491228855,1262202711,1262199542,1262186722,1229580316,1229827663,1262208483,10136283371,1168270570,1168270559,1185414520,12876021885,1262211444,1168929371,1262201567,1168929432,1491228856,1262197246,1198867662,1262188506,1262209581,1262199837,1262209446,1198867402,1262207476,1262190131,1491228854,11657164483,11657164484,1229827101,1229580311,1399644118,1262197436,1262211451,1262205080,1262192792,1262199977,1262195420,1262205970,1262195822,1168270639,1185414410,1262208503,1185414465,1262194546,1262208323,5117626905,1262209930,1262198026,1185414577,6851570620,1262199075,1262182576,1262200213,1262203030,1262212401,3350111050,1262198097,1262196900,1262196798,3350079082,1262209112,1262206389,1262208051,1262196187,1262191998,1262202844,1262195567,1262212221,1262192881,1262194437,1262196834,1270905157,1262191772,1270905158,1262208954,1262199922,1262209046,1262211982,1262197197,1262199746,1262212615,1235856128,1262189828,1262204404,1262207790,1262187555,1262194051,1262209878,1262203354,1262195649,1262195757,1262194653,1262194554,1262211270,1262184239,1262199090,1262207066,1262200228,1262201419,1262204490,1262208777,1262203604,1235856183,1262195521,1262196422,1270651264,1262196590,1262204352,1235856103,1262195266,1262184741,12194813096,13208780377,1235856064,1262196983,1262191831,1262203493,1262207516,1262194254,1262203418,1262212845,1262202113,1262185889,1262209645,1262196111,1262196200,1262199040,1262211222,1262182162,1262183490,1262205449,1262197416,1262202001,1262192562,1262206874,1262188757,1262204271,1262205905,1262204050,1262196312,1262193785,1262208882,1262195024,1262197328,1262196148,1262204818,1262212974,1262204577,1262188303,1262200697,1262195966,1262186888,1262184968,1262192899,1262209055,1262192766,1262199820,1262199291,1262207456,1262196847,1262208744,1262203718,1262190657,1262203371,1262195824,1262211446,1262208031,1262196779,1262210312,1231011141,1262193104,13208780379,1262208589,1231011153,1262195698,1262204769,13208780378,12876021883,3226552301,3226552300,3226552298,3226552299,13208780374,1262202819,1235926929,3351615326,1262199149,1235926936,1262185187,3351625103,1262184724,13208780376,1262204674"
Boarding Princess Felicita di Savoia,45.057343,7.6993723,mobilità,charging_station,0,1,6,41,"11253226587,8496473717,8496473719,8496473718,13254288285,9884949609,9884949607,9884949611,9884949608,9884949610,10676666527,11676231525,9671594609,3906238205,11694139826,13254333741,12881604940,10132403023,10132403019,10132403022,10132403020,10132403021,10024930203,12848949670,5545493680,5255643474,10024930198,10024930204,9903597728,3906262432,11330971755,13175098408,9903597720,9903597736,9903514912,9903597730,11243926724,11243926727,11243926726,11243926728,11243926725"
Boarding Princess Felicita di Savoia,45.057343,7.6993723,mobilità,car_sharing,0,0,0,1,3906283850
Boarding Princess Felicita di Savoia,45.057343,7.6993723,mobilità,taxi,0,0,0,8,"8316678430,2019632236,5020220491,5020220492,3241731972,3241731971,5941325188,3241731964"
Boarding Princess Felicita di Savoia,45.057343,7.6993723,mobilità,parking,0,10,30,97,"330503346,915561379,1218148322,914641500,914641495,914641496,914641504,914641505,914641487,914641506,596527947,914641494,489020583,1409158807,7195363113,282924801,191173232,112172255,1075063889,747831924,7573315188,966980831,45819032,1432694418,1433218612,842479608,842479609,842479611,132406184,69976487,77914307,111728389,1428971502,41798667,1256054371,1441572060,411031505,1255963826,1411982815,1256019628,4127735019,4127734643,4127734444,1414322225,1455462286,4488383689,248772281,248160665,13260980844,2019632224,1227966229,3363420315,22953965,1218557983,1057905850,316211275,319749756,249248499,319742232,191375051,5941325249,193000008,435793218,1255999599,731592384,731605916,436314967,242957870,6851422048,733635639,358681039,124778755,1262706519,3343691149,4127735255,1383338299,4127735240,167858828,132957389,3343561833,3343599887,280507600,108460658,77912848,153604809,111622925,4127734429,4127734415,4127734464,4127734825,129075967,308881884,3343577420,577263229,3343610008,450287462,308881882"
Boarding Princess Felicita di Savoia,45.057343,7.6993723,mobilità,car_rental,0,0,1,7,"1170039581,13363265154,6113511883,11104716244,5628622134,5941325247,5941325228"
Boarding Princess Felicita di Savoia,45.057343,7.6993723,mobilità,bicycle_parking,0,2,19,139,"7076063190,12168185377,8496468307,11082056515,8496468304,8496468306,8496468305,11082056516,11082056517,11182198684,5226211759,7076001868,12365551375,7076001867,7076001864,7076001863,7076001865,13283071994,13283160701,13283086792,9122302517,6909804800,9330196749,5594891026,13283101982,8638211147,9038187426,13283226975,11274729970,9884528466,7076063196,7076063197,7076063198,9321076956,4063688590,7076001861,7076001862,5113659453,7076001866,11983497399,11983479625,2017190763,2018982169,7076063202,7076063203,12009896156,13324660699,7076063201,10884404308,7076063200,7076063199,12681485187,12681485188,5117627158,5113659515,10779500105,5968582882,5968581908,6827178603,12068659438,5941325235,2699753641,2699753643,2699753642,7076063204,7076063205,7076063206,11277111680,11277111681,7076063207,10777961006,12650442898,7076063208,7076063209,8026222938,7076063210,7076063211,7076063212,7076063213,5117627124,5941324676,5941324684,5941325233,2048050409,5941324672,11966746787,5941325227,5941325219,11966792060,5941325190,9740895475,12634535120,12634548501,12634222020,12634416056,9740895502,9740888733,10759662318,11238380039,11238380037,11238380038,13011786017,13011795861,11368531149,9224843549,11832986276,12020238320,11964721442,11832991702,11832980125,11379545987,11379561478,12812076106,12843998249,12986009917,12915235956,8269943195,6851396187,12182105961,5542175056,9903597733,13143013240,5542175064,5542175063,10994156060,10994156059,11622870824,5542175057,5534040230,5534052431,13143058309,13143034941,13143041199,5542175058,5542175059,5542175061,13143022643,10994232050,11717312584"
Boarding Princess Felicita di Savoia,45.057343,7.6993723,mobilità,bicycle_rental,0,0,0,1,12068398566
Boarding Princess Felicita di Savoia,45.057343,7.6993723,mobilità,primary,0,0,0,0,
Boarding Princess Felicita di Savoia,45.057343,7.6993723,mobilità,secondary,0,0,0,0,
Boarding Princess Felicita di Savoia,45.057343,7.6993723,verde,park,0,2,4,40,"698756805,549096612,111646227,112172943,1432694404,1428971503,287696722,109742701,23026345,22897848,543676718,457323344,287707677,753231466,479486904,113718207,816783671,895647570,61732303,813407766,1075763396,813402747,369707777,83076324,479483771,128942572,784211972,22879264,22908088,22908071,12233633301,690662131,690745660,259895475,690745503,690738904,690738908,690738906,690745039,690663659"
Boarding Princess Felicita di Savoia,45.057343,7.6993723,verde,garden,0,25,87,205,"1428461499,1430193309,581600236,664912057,191051285,1429655975,1429668701,1429927724,1429927720,1429668708,1429668706,1429668703,1430558115,1429655972,1429927718,1429927726,1429668711,1429668710,1429668709,1430558102,1430193311,1430558111,1430558114,1429655978,1430558101,1429655977,1430558098,1431902919,1432497805,1432497804,1431902918,1432497803,1431902920,1432497799,1431902926,1431902917,1430558093,1431902925,1431902923,1432497802,1431902908,1431902916,1432497790,1432497798,1432497801,1431902915,1431902907,1431902906,1432497788,635651375,1432497787,1432497786,303807502,1432497777,1432497771,1432497780,1432542554,1432694413,1432542546,1432694420,1432694414,1432694410,1432694408,1433218603,1432694412,1433516891,1433516897,1432694406,1433516899,1433218602,1433218608,1433218609,1433218611,635651377,1433516893,1433516896,1434558345,1434859342,1429455090,1431214248,1429531893,1429531906,1431167268,1431167270,1435026062,1429455089,1429531911,1435026061,1435026060,1429455098,1435026072,1429531910,1429455104,1435074195,1435248845,1435248868,1435248844,1435074194,1435248869,1435248853,1435074200,1435074202,1429455120,1435074193,1435248854,1435248861,1435248855,1435248851,1428870601,1435248860,1435248856,1435248850,1433516866,1434558331,1433516869,1433516870,1434558326,1434859339,1434558323,1434558321,1434558344,1434859340,1433516867,1434859343,1434859351,1434859338,1434558312,1434558342,1434558339,1434558336,1434558316,1433516874,1434558328,1434558319,1434558314,1434558315,1433516882,1434558313,1433516875,1434859334,1434859333,1434558318,1434558317,1435026103,1435026104,1441572055,1441572048,1412323438,1441572051,1441572050,1411246328,1441572049,1441572058,1411656563,318993599,251488296,23026360,302764761,1060217784,1060217774,848959753,848959890,689197828,689197827,411053238,633972127,411053241,633972128,689196222,740007653,741636656,689196221,689196217,741636655,689196220,740007650,689196218,327419031,740007635,740007643,741636682,560991929,1410841701,1410961476,814961233,814960644,813403362,800531670,696993949,814962000,813408161,814962760,813403198,800530563,800525157,814965482,585434922,585434925,741636663,725758014,741636695,816782637,800525442,690660411,960205126"
Boarding Princess Felicita di Savoia,45.057343,7.6993723,verde,grass,0,1,20,116,"1047587836,1047587837,1047587843,463612383,463612382,914641482,401668588,561611213,561611216,561611209,561611219,561611214,561611211,561611221,561611218,123242586,123242589,123242584,1447741497,1264205127,112698197,112698185,112698601,842026974,1429531892,1435026096,1435026095,1435026078,1435026075,1433516865,1455462300,1455462921,1455462291,1455462301,337361722,192061493,192061494,192061492,192061489,192061490,192061491,1272990787,245046146,1098853222,245045846,397809397,616677987,616677976,616677985,616677978,616677983,616677980,245045845,337361720,337361721,245045844,289014365,411053235,129209564,129209563,689196219,577440411,616984807,616984808,616984806,616984803,616984802,288798832,288798834,288798833,82442519,494676505,1132047853,1254120835,1173001072,1118869379,1173001073,1118869380,577263226,577267981,577271848,577267982,577271851,577267983,577271853,577267984,577271856,577267985,577271858,577271820,577271823,577271824,577271846,577271825,577271827,577271843,577271830,577271832,577271835,577271841,577271839,577271838,577271836,577271861,577440401,577440403,577440407,577558249,578956725,577558253,577558252,577275421,577558261,577275422,577558254,259895474"
Boarding Princess Felicita di Savoia,45.057343,7.6993723,verde,wood,0,3,15,33,"1429668713,1429927729,1075307130,1430558097,1431902912,256273453,1433516888,1075307129,1429531902,1429655981,1435026069,1428971488,1435026063,1435026076,1435026071,274287831,1428971491,1428971492,1429455121,1431214247,1434859332,1433516863,1434859344,1434859331,1435026077,256204633,457323345,256204642,256204634,28110814,61732412,81268267,256204632"
Boarding Princess Felicita di Savoia,45.057343,7.6993723,verde,forest,0,1,2,2,"28110850,1075063885"
Boarding Princess Felicita di Savoia,45.057343,7.6993723,verde,meadow,0,0,0,0,
Boarding Princess Felicita di Savoia,45.057343,7.6993723,verde,scrub,0,1,3,11,"1429668705,1430558096,1431167269,1432694422,1429455088,1431167266,1435248870,1435248842,1435248867,1428870607,1441572063"
Boarding Princess Felicita di Savoia,45.057343,7.6993723,verde,allotments,0,0,0,1,328621268
Boarding Princess Felicita di Savoia,45.057343,7.6993723,verde,playground,0,1,4,18,"561242634,1193870930,132364747,1433218613,1432694403,11676688669,191211963,1168299039,1170974105,1054786065,9215807657,10221497811,5206224432,83076336,2505158924,1291894961,108460659,577440400"
Boarding Princess Felicita di Savoia,45.057343,7.6993723,verde,recreation_ground,0,0,0,0,
Boarding Princess Felicita di Savoia,45.057343,7.6993723,verde,nature_reserve,0,0,0,0,
Boarding Princess Felicita di Savoia,45.057343,7.6993723,verde,lake,0,0,0,0,
Boarding Princess Felicita di Savoia,45.057343,7.6993723,verde,reservoir,0,0,0,0,
Boarding Princess Felicita di Savoia,45.057343,7.6993723,sport,fitness_centre,0,0,1,11,"10067097220,10784287024,12327658096,2018982152,4736058200,12547891555,11049505605,6851326135,3349809096,3343770523,11534701686"
Boarding Princess Felicita di Savoia,45.057343,7.6993723,sport,sports_centre,0,1,3,13,"3332362719,749439074,256781255,286976821,9792328371,630344434,458039656,288893797,458039655,3352111838,82199277,3355734546,3355731107"
Boarding Princess Felicita di Savoia,45.057343,7.6993723,sport,stadium,0,0,0,0,
Boarding Princess Felicita di Savoia,45.057343,7.6993723,sport,swimming_pool,1,2,13,56,"1422783986,1428461503,1422594069,749439076,1422419030,1422418993,1422418990,1422419019,1422418987,1422418984,1422224010,1422224027,1422594076,1432497807,1075063887,1422594077,1422594081,1263799982,1431902914,1432497796,856951591,1431902913,1433218610,1433218607,1429531899,692335424,1435074201,1411656629,899626040,1435026110,1323785257,1412323464,1411982775,320710589,1270460659,1411656647,1411656609,1411656646,1411656637,1411656614,1410841703,1411656613,1410961460,1410961449,1410961426,1410961419,1066094576,769051961,1066094575,1066094579,769051964,1203425654,824094670,824094719,824094718,824094675"
Boarding Princess Felicita di Savoia,45.057343,7.6993723,sport,water_park,0,0,0,0,
Boarding Princess Felicita di Savoia,45.057343,7.6993723,sport,pitch,0,14,21,59,"1058452924,915561405,362273176,13284561433,13284561431,923782195,923780960,915561404,13284561432,1422419022,1422418992,1422594070,1346976213,1089685037,1429531896,1421975477,1428971499,1421975464,1411656642,1411656644,1421975465,1411656643,1411656645,1005248573,1005248575,1005248574,1410961405,1410961406,5410221475,117526387,1347180844,1190222149,117526384,1190222452,1190222148,117526386,1347180845,117526378,1347180843,245045843,1062624219,358681038,358681041,358681042,358681037,119456036,256368311,1418747925,1410563544,769051962,83076335,1203425650,1203425651,1203425652,1203425653,10994156063,10994273932,179477508,259895250"
Boarding Princess Felicita di Savoia,45.057343,7.6993723,sport,tennis_court,0,0,0,0,
Boarding Princess Felicita di Savoia,45.057343,7.6993723,sport,golf_course,0,0,0,0,
Boarding Princess Felicita di Savoia,45.057343,7.6993723,sport,ice_rink,0,0,0,0,
Boarding Princess Felicita di Savoia,45.057343,7.6993723,sport,bowling_alley,0,0,0,0,
Boarding Princess Felicita di Savoia,45.057343,7.6993723,sport,climbing_wall,0,0,0,0,
Boarding Princess Felicita di Savoia,45.057343,7.6993723,sport,gym,0,0,0,0,
Boarding Princess Felicita di Savoia,45.057343,7.6993723,commerciale,shop,0,0,0,0,
Boarding Princess Felicita di Savoia,45.057343,7.6993723,educazione,school,0,1,4,33,"6189845887,190499456,190499455,298804713,1075307126,250151807,2284034343,2284034348,117493773,1304814076,1168299038,10765663105,450287805,1091923526,3343680527,42864476,1168299037,108601368,7796907023,1176873243,82256497,3343687306,3343687307,616984801,4946642021,8259759258,412663770,83076321,1081110260,3343605435,3343615248,616994936,3343636574"
Boarding Princess Felicita di Savoia,45.057343,7.6993723,educazione,kindergarten,1,1,1,8,"1328540432,2284034346,219014163,7807308276,12768280010,412663769,1603601080,12233633201"
Boarding Princess Felicita di Savoia,45.057343,7.6993723,educazione,university,0,0,1,37,"1107125327,1107125328,8496468303,1107125331,988062105,6944502291,6945638233,10132258250,6944516128,6944505643,6945671127,2714024340,749760378,9430411581,6339286102,4605849272,4605836657,4605847888,4605836658,192604816,2577028412,2577029282,2018055299,2018055301,9739802942,2503902059,3363964793,6851326132,4086214801,2018087957,1218747279,6851439272,651771955,4735868696,10237789518,3349733649,450278224"
Boarding Princess Felicita di Savoia,45.057343,7.6993723,educazione,college,0,0,0,2,"318997570,12248046055"
Boarding Princess Felicita di Savoia,45.057343,7.6993723,educazione,music_school,0,0,0,2,"28109102,3343797841"
Boarding Princess Felicita di Savoia,45.057343,7.6993723,educazione,driving_school,0,0,1,4,"12089511784,316203024,12077001867,9762124287"
Boarding Princess Felicita di Savoia,45.057343,7.6993723,educazione,research_institute,0,0,0,2,"190482116,6241694510"
Boarding Princess Felicita di Savoia,45.057343,7.6993723,educazione,vocational_school,0,0,0,0,
Boarding Princess Felicita di Savoia,45.057343,7.6993723,educazione,library,0,1,1,10,"10229510808,4209315503,11806550856,4936115896,9693041809,3352114524,909179631,117351946,4849156539,3345600834"
Boarding Princess Felicita di Savoia,45.057343,7.6993723,educazione,archive,0,0,0,0,
Boarding Princess Felicita di Savoia,45.057343,7.6993723,educazione,museum,0,2,2,21,"5482049568,4219719436,2981060587,6425777001,12393405666,6433935512,9585924917,5171950042,246516587,246643344,6432836094,2177769729,1333701144,6435420518,6431480861,2026479833,318938052,2026479832,246443715,248771289,3349838584"
Boarding Princess Felicita di Savoia,45.057343,7.6993723,educazione,community_centre,0,0,0,6,"194336591,12548906803,3363460993,3352189835,12766851574,104339324"
Villa Primule,45.1014143,7.6303383,sanità,healthcare,0,0,0,0,
Villa Primule,45.1014143,7.6303383,sanità,pharmacy,0,2,6,15,"4733732772,3563452895,4733730429,7368578482,7312162847,2932635380,7368520916,2505526580,7368562160,4733869636,7372987834,7372987833,7474555548,3430113512,7378920899"
Villa Primule,45.1014143,7.6303383,sanità,dentist,0,0,0,0,
Villa Primule,45.1014143,7.6303383,sanità,veterinary,0,0,0,0,
Villa Primule,45.1014143,7.6303383,sanità,optician,0,0,0,0,
Villa Primule,45.1014143,7.6303383,sanità,medical_supply,0,0,0,0,
Villa Primule,45.1014143,7.6303383,sanità,defibrillator,0,0,0,2,"11291207038,12146245101"
Villa Primule,45.1014143,7.6303383,sanità,hospital,0,0,0,1,11640646342
Villa Primule,45.1014143,7.6303383,sanità,clinic,0,0,0,2,"4733738280,7179244441"
Villa Primule,45.1014143,7.6303383,sanità,doctors,0,0,0,0,
Villa Primule,45.1014143,7.6303383,mobilità,station,0,0,0,0,
Villa Primule,45.1014143,7.6303383,mobilità,subway_entrance,0,0,0,0,
Villa Primule,45.1014143,7.6303383,mobilità,tram_stop,2,4,8,15,"946577696,946577584,1569038332,946577693,946742852,946742823,946742785,946577711,946742825,946742787,946742856,946742809,946742838,946742899,1427044890"
Villa Primule,45.1014143,7.6303383,mobilità,bus_stop,5,18,61,146,"1262204585,12701902027,1262196671,12078524155,12078524150,12078524149,1262192301,12078524156,1262211889,1262207944,1262190870,1262184112,1262203796,1262208309,1262195096,1262194495,3228284521,1262209506,1262210297,1262212628,1262208461,1262192447,1262210223,1262210677,1262201183,1262197305,1262203381,1262208801,1262207957,1262196028,1262198651,1262196624,1262199396,1262200864,1262182723,1262207115,1262203084,1262212796,1262194117,1262199802,1262193037,1262197269,1262204256,1262195783,1262207913,1262210271,1262194977,1262195990,1262188903,1262203936,1262188478,1262207580,1262182262,1262182236,1262192071,1262197435,1262201579,1262207045,1262199970,1262201307,1262211183,1262189125,1262209363,1262200157,2291910679,1262189491,2291910683,1262210159,2291878629,13340572748,1262207491,1262196908,1262183371,1262197707,1262195641,1262212836,1262208728,1262209726,1262189313,1262206949,1262207429,1262182431,1262197883,1262195018,1262200416,1262195334,1262210316,1262205306,1262195276,1262195915,1262199154,1262195579,1262206853,1262209342,1262211115,1262209627,1262208897,1262204199,1262195485,1262194509,1262184469,1262210382,1262209450,1262201507,1262209897,1262212537,1262203362,1262204587,1262194558,1262196871,1262196838,1262208187,1262206407,1262208477,1262196283,1262208343,1262189835,1262191584,1262181948,1262192949,1262197014,1262185035,1262212504,1262207400,1262208967,1262196478,1262198056,1262209825,1262208283,1262202212,1262209280,1457017825,1262202408,1262207838,1262191975,1262193680,1262184352,1262212105,1262198411,1262197222,1262194878,1262196275,1262211419,1262208054,1262203891,1262195066"
Villa Primule,45.1014143,7.6303383,mobilità,charging_station,0,0,0,2,"11013742764,11013741756"
Villa Primule,45.1014143,7.6303383,mobilità,car_sharing,0,0,0,0,
Villa Primule,45.1014143,7.6303383,mobilità,taxi,0,0,0,0,
Villa Primule,45.1014143,7.6303383,mobilità,parking,2,3,18,68,"914061236,914061235,1052146107,905200784,914080225,904655875,904655874,904655868,900506112,914093626,914093596,123075860,1381549540,1047601924,289462907,350598661,140774446,754526713,316646624,140774444,82257430,82257429,122594341,285017151,285017148,38322092,285017150,285070811,285070405,285016866,3563452897,802137790,119510318,119510761,765902598,957117100,316549235,957117096,846925185,919673015,316646623,398908818,768824820,768824821,116380707,105072070,765902599,768824831,768824822,768824823,768824830,1022695387,195276805,876642147,159654435,159530475,693617367,876642145,119512811,165944889,119510295,397850620,398053342,957117105,957117104,165085738,165944885,165947536"
Villa Primule,45.1014143,7.6303383,mobilità,car_rental,0,0,0,0,
Villa Primule,45.1014143,7.6303383,mobilità,bicycle_parking,0,1,1,7,"12791438497,13303872013,2900432848,12120421659,10831661710,9519183729,11950499859"
Villa Primule,45.1014143,7.6303383,mobilità,bicycle_rental,0,0,0,0,
Villa Primule,45.1014143,7.6303383,mobilità,primary,0,0,0,0,
Villa Primule,45.1014143,7.6303383,mobilità,secondary,0,0,0,0,
Villa Primule,45.1014143,7.6303383,verde,park,1,2,5,26,"905200776,116615284,893738440,288891648,274568782,288891650,769097597,140774441,769102583,633262008,801927117,352804141,294827977,801927116,294827976,480821049,802161320,878127523,254100539,647241676,436714244,1373671972,1373672108,195276806,463268266,247794152"
Villa Primule,45.1014143,7.6303383,verde,garden,0,0,2,67,"893427570,904777843,905200782,905200781,905200791,900506174,914080215,900506161,900506144,900848395,900506162,904562698,904655883,904777838,904777839,914093603,900506160,900506131,893738455,893738456,893738461,893453946,893453945,288891649,893738459,893738460,893453947,893453944,916438090,914315476,914315485,914315475,149850691,914315477,916438130,916438095,883708994,916438094,916438127,916438096,916438128,916438101,916438102,916438103,916438107,920625897,920118750,920118749,920118755,920118740,920118744,920118746,920118747,920118748,920118745,876642132,876642131,876642126,876642130,876642128,876642150,876642148,876642129,876642127,876642151,876642139,664915419"
Villa Primule,45.1014143,7.6303383,verde,grass,0,5,40,137,"1195666862,1195666863,1195666873,1195666871,1195666876,1195666865,1195666864,1195666861,1195666857,1195666879,1195666870,1195666858,1195666866,1195666877,1195666878,914315467,1195666869,1195666868,1195666867,914080220,904655872,914080217,900506132,914159392,893796322,914217503,893738444,893738443,893738442,893453923,914217504,769102584,914315500,914234002,914315498,914315499,914315497,914315486,304476163,287695723,287695729,914315469,287695725,304476161,914315489,289462909,914315470,926317335,304476164,304476160,304476162,626529206,288617700,1064529269,436714242,287695730,287696035,914234001,914234003,287696039,287695726,289716340,768892605,289716346,289716339,693615743,693615747,129321527,693616344,289716343,768824825,768824829,768824828,768951362,768824826,289716344,768824827,289716345,919657582,919657583,919657584,1306640972,920118742,1288746885,116378791,768824843,768824840,289950702,768824841,289950698,768824845,768824842,768824844,768824846,768824832,768824836,768824837,768824838,768824835,768813347,768824839,768824834,768824833,768813346,1022689004,1022689010,1022695366,1022695375,1022695376,195276804,876642155,1250246522,1250246521,693615745,693615744,1250246520,1250069475,693615746,1250246523,129321526,1250069474,693615739,1250246519,1250246524,1250246516,1250246525,1250246518,1250246515,1250246517,119513742,1250246514,172816609,119513741,846003827,1250246513,1250246512,1222288073"
Villa Primule,45.1014143,7.6303383,verde,wood,0,0,1,12,"304476159,914228076,914061249,914074271,304476284,304476285,914324682,341780239,914159390,914228073,914315491,920625896"
Villa Primule,45.1014143,7.6303383,verde,forest,0,0,1,2,"530269639,1193434556"
Villa Primule,45.1014143,7.6303383,verde,meadow,0,0,0,0,
Villa Primule,45.1014143,7.6303383,verde,scrub,0,0,6,16,"913986794,914074270,914315503,914315468,914228077,914315506,914159384,914159381,914159391,914228085,914228083,914315501,914228080,914228081,914315488,914228082"
Villa Primule,45.1014143,7.6303383,verde,allotments,0,0,0,4,"295691816,328629680,914228075,274564739"
Villa Primule,45.1014143,7.6303383,verde,playground,0,3,6,19,"116648841,1382575171,3563452938,352570456,113557355,243156173,12120385298,10831666705,122594343,6314036593,2458961315,122594342,351171619,351171617,1057169403,80440121,243120102,122245482,315805107"
Villa Primule,45.1014143,7.6303383,verde,recreation_ground,0,0,0,0,
Villa Primule,45.1014143,7.6303383,verde,nature_reserve,0,0,0,0,
Villa Primule,45.1014143,7.6303383,verde,lake,0,0,0,0,
Villa Primule,45.1014143,7.6303383,verde,reservoir,0,0,0,0,
Villa Primule,45.1014143,7.6303383,sport,fitness_centre,0,0,0,0,
Villa Primule,45.1014143,7.6303383,sport,sports_centre,0,0,0,13,"893796314,44051344,769032633,42929460,44050243,81976028,768862230,181116659,768857945,7177839299,254095735,287246964,742125130"
Villa Primule,45.1014143,7.6303383,sport,stadium,0,0,0,0,
Villa Primule,45.1014143,7.6303383,sport,swimming_pool,0,0,0,0,
Villa Primule,45.1014143,7.6303383,sport,water_park,0,0,0,0,
Villa Primule,45.1014143,7.6303383,sport,pitch,4,9,14,47,"116648842,116648848,3898545572,914093605,84476409,769096949,58759134,1363866467,283405367,286222329,285069763,351171609,351171611,316646622,316646620,13112378001,769033180,769033179,58758878,12120421777,285070816,283405360,254095740,254095744,254095743,283405361,254095742,351171608,351171614,287694954,768824824,254095741,769033176,129305954,768857944,254095730,768857943,254402611,254402612,254402613,293858597,289950706,289950703,293858598,293858599,119509430,929813474"
Villa Primule,45.1014143,7.6303383,sport,tennis_court,0,0,0,0,
Villa Primule,45.1014143,7.6303383,sport,golf_course,0,0,0,0,
Villa Primule,45.1014143,7.6303383,sport,ice_rink,0,0,0,0,
Villa Primule,45.1014143,7.6303383,sport,bowling_alley,0,0,0,0,
Villa Primule,45.1014143,7.6303383,sport,climbing_wall,0,0,0,0,
Villa Primule,45.1014143,7.6303383,sport,gym,0,0,0,0,
Villa Primule,45.1014143,7.6303383,commerciale,shop,0,0,0,0,
Villa Primule,45.1014143,7.6303383,educazione,school,0,1,3,7,"754583185,7177945834,768902068,647241680,647241679,647241678,7177993362"
Villa Primule,45.1014143,7.6303383,educazione,kindergarten,0,0,1,5,"883378381,7177945833,768854407,7177931212,315805218"
Villa Primule,45.1014143,7.6303383,educazione,university,0,0,0,0,
Villa Primule,45.1014143,7.6303383,educazione,college,0,0,0,0,
Villa Primule,45.1014143,7.6303383,educazione,music_school,0,0,0,0,
Villa Primule,45.1014143,7.6303383,educazione,driving_school,0,0,0,0,
Villa Primule,45.1014143,7.6303383,educazione,research_institute,0,0,0,0,
Villa Primule,45.1014143,7.6303383,educazione,vocational_school,0,0,0,0,
Villa Primule,45.1014143,7.6303383,educazione,library,0,0,2,2,"2546516298,243093488"
Villa Primule,45.1014143,7.6303383,educazione,archive,0,0,0,0,
Villa Primule,45.1014143,7.6303383,educazione,museum,0,0,0,2,"6429836285,4456002089"
Villa Primule,45.1014143,7.6303383,educazione,community_centre,1,1,1,1,9528544046
