struttura,lat,lon,categoria,amenity,count_250m,count_500m,count_1km,count_2km,pois_within_2km
Appartamenti ex MOI,45.0303195,7.6554931,sanità,healthcare,0,0,0,0,
Appartamenti ex MOI,45.0303195,7.6554931,sanità,pharmacy,0,2,12,50,"3452687789,4475300161,2592486338,3437215229,4162647177,4736151640,2594807829,7312488481,705908248,4735017456,775369478,705825975,705825976,2579185461,1856039554,705825977,3143648124,2594328572,7379956054,7380019165,7388521490,3307937663,7312510832,7312510831,3364638869,7379862303,4735763253,630513701,2591701921,2592486407,4735023855,2592486589,3442739971,10246779442,7310631667,7536790841,4735765176,7379841664,2048316031,4735801227,6649834586,12703506925,7392300898,4735799619,4735803897,7310501808,4735016415,4735021763,2592486643,7310501806"
Appartamenti ex MOI,45.0303195,7.6554931,sanità,dentist,0,0,0,4,"9235444636,10245051371,9254763669,10751445003"
Appartamenti ex MOI,45.0303195,7.6554931,sanità,veterinary,0,0,2,4,"3147953784,8071508324,10698741095,8518082749"
Appartamenti ex MOI,45.0303195,7.6554931,sanità,optician,0,0,0,0,
Appartamenti ex MOI,45.0303195,7.6554931,sanità,medical_supply,0,0,1,5,"9209993598,11455411714,12867088801,12752031502,3957940798"
Appartamenti ex MOI,45.0303195,7.6554931,sanità,defibrillator,0,1,2,7,"6270977352,8761226017,12857873069,13271883201,13271881201,12599100593,13271881701"
Appartamenti ex MOI,45.0303195,7.6554931,sanità,hospital,0,0,0,7,"305681406,3538127652,305681074,3538149953,3070468685,149116211,1196653949"
Appartamenti ex MOI,45.0303195,7.6554931,sanità,clinic,0,0,0,6,"3896547668,4086300425,4086281841,1266944688,10769159379,10769197381"
Appartamenti ex MOI,45.0303195,7.6554931,sanità,doctors,0,0,0,0,
Appartamenti ex MOI,45.0303195,7.6554931,mobilità,station,0,1,3,6,"6257614746,2043486370,6257614747,4076608590,1621378603,3253332071"
Appartamenti ex MOI,45.0303195,7.6554931,mobilità,subway_entrance,0,0,8,18,"9602964649,9602964648,9602964647,12820944789,12820944790,9603056245,12820944779,9603056246,1213993854,1213993797,1213993844,3431330484,3431330485,3431330483,2617655139,1621378602,1621378600,1621378601"
Appartamenti ex MOI,45.0303195,7.6554931,mobilità,tram_stop,0,0,7,45,"1448713106,940354534,940354571,940354544,945383316,1448713132,1448713139,1512819364,945383196,1199003159,945383156,940354539,940354560,940354523,945383329,945383310,945383172,945383299,940354551,940354572,1270298546,940354552,945016947,945383355,945383348,945383185,941491600,940354527,941491747,941491722,941491583,941491848,941491526,945383261,945383182,945383213,945383294,945383236,945383225,941491790,941491681,941491813,941491908,941491761,941491518"
Appartamenti ex MOI,45.0303195,7.6554931,mobilità,bus_stop,1,14,50,314,"933869238,1262194037,1262188717,1262201091,1262191179,1262199013,1262212915,1262210355,1262182471,1262202764,1262201407,1262208016,1262194550,1262212612,1262212768,1262205838,1262208214,1262191901,932998807,932998909,1262196133,1262207556,1262208651,1262196094,1262197665,1262208720,933869210,933869221,1262203854,1262195474,1262201214,1262209854,1262182527,940354573,1262197439,1262194424,1262209212,1262209333,1262192927,1262199456,1262205428,1262199356,1262192092,1262207772,1262195377,1262200824,1262196722,1262210534,1262192630,1262199226,1262203475,1262202627,1262205617,1262205888,1262195889,1262212760,1262205209,1262197249,1262211455,1262205239,1262192741,1262202645,1262194630,1262192834,1262203463,1262208432,1262204044,1262197284,1262211079,1262186187,1262209172,1270298553,1262210613,1262198898,1262187514,1199003152,1262191921,1262202991,1262212352,1262201933,1262198101,1262196783,1262206824,1262193278,937591472,937591340,1262208080,1262203764,1262200766,1262204339,1262186105,937591556,937591355,1262206112,1262205563,1262195254,1262207963,1262194212,1262198184,1262194737,1262196228,1525407964,1199003132,1199003178,937591454,937591411,1262182459,1262209185,1262203770,1262211304,1262195057,1262207695,937591308,937591430,1262193128,1262194605,1262196366,1262202853,1262187770,1262192006,1262188272,1262207511,1262202279,1262212135,1262203976,1262211566,1262204967,1262198266,3218883640,1262201619,2291878758,1262207942,1262187359,1262199850,1262195028,1262208709,1262212283,1262208750,1262207489,1262208460,1262196241,12884361484,1262187837,1262199764,1262209060,1262209385,3218883637,1262184549,1262204291,1262209236,1262192670,1262194114,1262212792,1262197267,1262199599,12326047971,1262203378,1262211245,13167960282,1262199055,1262195615,1262207912,1262189631,1262209314,1262197123,1262197472,1262190854,1262193799,1262195934,1262201281,1262195085,1262198974,1262196686,1262207858,1262197551,1262207898,1262197321,1262207975,1262197452,1262182301,1262196328,1262206597,1262196800,1262184274,1262207424,1262182685,1262185913,1262205470,1262187585,1262206305,6651900087,1262211716,1524485203,1262208450,1262189983,1262209376,1262199665,1262206159,1262209485,1262192270,1262196154,1262208420,1262198108,1262209051,1262182469,1262204409,1262204616,1262203170,1262209195,1262210609,1262182581,1262190229,1262187182,2291878598,2291878608,1262210106,1262189372,1262190044,1262197991,1262207497,1262194579,1399644573,9687643553,10773721720,1213993949,1262194686,1262211151,1262182414,1262192830,1262211923,1262203451,1262197333,1262205805,1262197393,1262182000,13343490798,1262209430,1262189855,1262186555,1262202902,1262211523,1262185759,1262194782,1262198369,1262209999,1262195661,1262208280,1262192621,1262198126,1262210202,3226168498,1262191964,1262204703,1262200130,1262200239,1262209564,1262199832,1262187034,1262212592,1262212443,1726428584,1262209519,1262199815,441698011,1262184011,441698016,441698012,1262185459,937591581,937591513,1199003172,1199003187,1262209969,1262197382,1262194763,1262195528,1262182441,1262203530,1262209783,1262203317,1262201548,1262194534,1262196617,1262196377,1262205652,1262198085,1262188120,1262192773,1262202694,1262199993,1262198818,1262207113,1262182479,1262189238,1262197176,1262207473,1262195467,1262192496,1262195984,1262196079,1262196389,1262199687,1262195035,1262208673,1262197347,1262208074,1262193274,1262196037,1262198943,1262209394,1262210127,1262208005,1262184768,1262199100"
Appartamenti ex MOI,45.0303195,7.6554931,mobilità,charging_station,0,2,9,40,"10181971298,11183175451,8247313850,10693201370,10237615833,8247433563,13144046065,10772645940,10570702537,10570702536,10200314273,10598317468,8247353801,7417156389,8247393247,10202182086,10691012443,12012137945,12751913403,9826286312,9369861982,9369861983,9826286313,9826286311,9826286304,9826286310,9826286309,9826286308,9826286307,9826286305,9826286306,10023825560,11066736413,10023825565,10023825563,10023825564,10023825562,10023825561,10686606848,4691906381"
Appartamenti ex MOI,45.0303195,7.6554931,mobilità,car_sharing,0,0,0,1,4583295059
Appartamenti ex MOI,45.0303195,7.6554931,mobilità,taxi,0,2,2,5,"1264896131,5053158187,4897531190,10168691634,7211219153"
Appartamenti ex MOI,45.0303195,7.6554931,mobilità,parking,1,7,35,175,"249741900,254498262,855334213,264869629,1080108846,932427685,932274529,1126962875,768834224,932427682,768834335,932275417,332956527,1349535675,1349535674,1349535676,1349535677,932946816,540986061,783590368,459345922,1071023818,335813435,335813437,768834223,768834222,879443226,879443227,879443224,879443225,332722098,332722099,325441732,764219425,518585775,612685927,81082988,243508606,243506577,249741901,363604599,103536289,861323709,363604600,110892457,553283495,333542192,1120157053,253517569,861323707,490149383,861323718,787876937,787876940,253123418,862941755,223470912,223470911,223470910,333907856,324068563,334822795,324084757,868313772,330587423,1035921740,554021217,170466460,1119336752,1009349695,149023968,1119336751,349576247,132319235,1115777654,9410396377,1120309158,1020291626,1009349694,621957673,621950269,621950284,387746371,387746381,859714910,41920825,690558906,1350414714,1120309521,1130643944,332963769,332963768,106253189,446057328,1124712357,561085119,515873473,561276369,561276365,1287311504,515612630,1287311508,1287311509,588758207,1137569356,246856878,1411803203,1054362353,1054362361,454377349,289390796,289390799,453060585,193440717,193440705,878871292,1054163508,387746379,387746387,104393338,387746384,387746382,387746378,104674193,122239101,925814532,562884412,562884413,48277250,515614122,149024065,43165556,325025599,48275806,660696717,305681433,253301357,305680190,305940763,190437232,190437231,1287311510,1318046506,588758206,1321438974,1318046507,12026842569,4247924022,54740253,4247924125,330956379,330956378,313088902,313088903,166630018,291492675,50259560,49580893,925276467,1348523735,1427640386,1427317405,1427317410,1427317409,1427317413,1427317412,1427317411,1427317415,1427317414,1424188534,305940327,588952908,305941030,82207171,770822807"
Appartamenti ex MOI,45.0303195,7.6554931,mobilità,car_rental,0,0,1,3,"10613598794,11631173716,10698856934"
Appartamenti ex MOI,45.0303195,7.6554931,mobilità,bicycle_parking,0,2,13,84,"9436606041,12912109665,3435650580,9436595870,10802260145,10802260143,10802260144,7076001870,7076001871,10312647712,8640122084,8646928790,8640122085,9870608668,9870608672,10911706712,12484222598,10911706715,10911706716,7076001875,2699838358,9367516460,11189060645,9367516461,4226491672,2699836875,2699774349,3778228357,3377126658,8120488195,3921940130,6534269529,8071511876,3377126659,8041893744,10696546825,6329049867,3778228152,9425275099,10669058076,3921940131,8093631887,8093631886,8243916957,3921940132,8243916956,5347074903,10697356192,13137540508,8764826464,10168691633,10756360603,1202914660,2699836871,11274729969,10247952609,2699836873,2699836878,2699836877,7947719262,9826286292,12168185381,11648561445,11648573495,2699836884,2699836885,2699836886,2699836887,2699836888,2699836889,12233636601,11766605054,2699836883,2699836880,638741739,2524446376,638741442,11673291208,11673243325,7076001884,11933465157,7076001882,2635518486,7076001883"
Appartamenti ex MOI,45.0303195,7.6554931,mobilità,bicycle_rental,1,1,1,3,"5252298979,3829036667,5169986448"
Appartamenti ex MOI,45.0303195,7.6554931,mobilità,primary,0,0,0,0,
Appartamenti ex MOI,45.0303195,7.6554931,mobilità,secondary,0,0,0,0,
Appartamenti ex MOI,45.0303195,7.6554931,verde,park,1,3,15,64,"332952100,105600452,105738201,331195433,354332641,292040707,331195432,335813438,338178010,338178008,338178009,338178007,338178006,292040709,846112876,846112874,612874345,846112875,104200718,106512417,553283493,117470801,579848005,256503367,787876930,48135024,190471810,87776955,182810976,87776951,107161646,85980061,694257854,844053030,106672748,1009349690,174466518,584934170,106333759,41753634,649705620,690558905,552141608,267255988,36864736,561795883,37201910,36956969,1456216115,289390791,289390785,104393353,104674752,613505979,613505978,660699444,1119404704,588666372,305683893,589659003,579229093,106251930,589863206,28192921"
Appartamenti ex MOI,45.0303195,7.6554931,verde,garden,0,0,3,27,"1328062994,1036671386,337598477,335286980,106229859,106229844,106229845,856953686,588421219,588421218,1015820491,1427640390,1427640389,1427640391,1427648023,1427478336,1427640388,1427478331,1427317389,1427529413,1427529412,1427478347,1427317390,1427317391,1427317370,1427478349,1427478348"
Appartamenti ex MOI,45.0303195,7.6554931,verde,grass,4,32,117,460,"332962160,332962161,1308032361,332962159,1308032362,855334217,332962157,855334216,89418928,332135408,332192836,332192831,332192829,332192842,332192835,332192824,89418929,332192826,335710975,335710974,335710976,335710977,1349534693,341508866,932427684,89418936,332956525,931999383,931999384,332196457,931999385,332956508,332956505,332196456,932946820,932946819,1036314867,1036314865,333920740,333536138,338439602,1036314866,333042627,671900501,1349531604,333920738,333920739,333042626,89418934,333920741,333214231,671900504,333492221,1036668055,333214232,332954590,336745183,332954591,332954588,89418944,42045176,783590366,783590365,857719449,1349534688,1349534684,1349534683,332722103,879443218,884876509,332597537,645896992,345279187,645896991,336666462,345279188,612685966,612685965,612685964,612685925,612685923,1215325768,665386295,665386296,612685938,612693155,1390436521,612685929,612685931,612685963,612693151,612693154,612685937,612693152,612693153,589953455,612693149,106565367,106565369,787876932,790523269,787876943,787876939,230378258,1173007959,815517896,815523251,815523250,815517898,815523249,815517901,815517900,815523252,815523247,815517902,815523246,859854879,859854880,288835317,694268993,694268984,825117882,1273085367,694253819,694302837,694253814,694257856,694253816,825117880,825117881,344664397,694253815,694257857,694253817,694257858,331195425,335862480,335862481,333878684,333030494,335902433,333030495,983517397,333030496,333030497,694268988,694302841,694311481,694302838,694311480,694268989,694268987,694268985,694311479,694268986,694302842,694309463,694302840,694309465,694309462,694302843,694302839,694311482,694309464,890761403,333904216,1119338578,1119336750,1119336749,1119336745,1119336744,1119336746,1119338577,1119338576,1119336743,1119336747,1119336748,1017812982,132319219,399904837,132319220,332960336,332960335,886572653,621959598,406195255,406195261,621950285,332954582,1011274433,1011274435,1011274434,333939881,890759821,345603695,482873493,482873494,500704445,482873495,925494259,925494258,856953685,589953447,589953461,589953470,589953450,486177185,589953459,589953451,486177181,486177180,486177182,561309208,486177184,486177183,561309206,705606643,590781257,590781258,590781256,705606639,705606637,561309197,482873496,345603693,561085123,514549193,561276367,609926760,561085122,514549196,514301763,589915862,590780686,514549194,561276358,514549199,514549188,514549197,589915866,514549191,514549189,590189289,590189288,514549190,590189290,561276373,561276360,561276375,561276371,561276363,561276374,610027279,609997628,485882117,588494313,588494314,485882902,485882904,485882905,500651541,485882903,500651540,500651544,561795894,706744158,500726176,500726174,588758210,563089035,706744166,563084879,563089033,561276376,706744165,588758205,588758209,834050824,515616813,514541094,834050861,515616814,834050823,289390798,834050822,515910788,578548119,705456972,672524319,705456965,705456964,705456973,976672824,976672828,976672827,976672826,976672825,976672829,660934959,705456975,660934958,705456976,660934957,705456974,660934950,660934952,660934953,399908684,705456977,660934954,660934961,660699436,613483953,399908685,613483954,660934960,660699435,660699445,825826529,825826531,660699446,613483955,613483956,825826532,588733367,825826533,660699443,588733368,825826534,588733369,588733370,588733371,588733372,588733373,588733375,485909319,610027278,500657170,562884416,562884417,562884419,562884418,485909320,485900905,485909318,485909324,485909323,562884414,588421212,485909321,562884415,516654049,485909322,588745417,588745424,588745422,588745419,515616816,515616817,588745408,588745405,588745412,588745410,660696720,101510078,660696719,660932247,660696718,612374681,612374682,588952912,612374680,588952906,588666384,588666381,588666382,588726773,588758208,1132207955,1132207950,1132207951,1132207954,1132207953,1132207957,288835312,288835318,486174619,561542442,561542441,486174620,486174618,486174616,486174615,1239626888,1239626887,579229113,561619126,561619122,561619130,561619125,1132492706,561619121,579229112,1132492002,579229108,561619129,1132492003,579229110,579229099,579229097,579229106,579229101,1132209306,862454070,1132207952,1132207956,1311364296,577460557,485912130,485912131,485912126,485912128,485912129,579229154,485912127,579229089,730665854,690822581,690822578,690822577,579953323,579953322,579953321,579953320,579953319,579953318,579953317,579916574,579916577,579953316,579953328,690822582,379516467,579953324,379516466,579953327,579953326,579953325,690824765,589878715,588733365,588952917,588733358,588733359,588733360,588952904,588733361,588952902,588952915,588733363"
Appartamenti ex MOI,45.0303195,7.6554931,verde,wood,0,0,0,1,274223500
Appartamenti ex MOI,45.0303195,7.6554931,verde,forest,0,0,2,6,"1124124093,1124124084,1124124085,104261928,458043150,458043152"
Appartamenti ex MOI,45.0303195,7.6554931,verde,meadow,0,0,0,0,
Appartamenti ex MOI,45.0303195,7.6554931,verde,scrub,0,0,1,1,1054362363
Appartamenti ex MOI,45.0303195,7.6554931,verde,allotments,0,0,0,0,
Appartamenti ex MOI,45.0303195,7.6554931,verde,playground,0,3,10,45,"561525621,1080108842,356305320,1119329295,1124671635,249728473,11341897766,107166416,1202293060,1225404612,1225404594,926947839,48765726,1855093913,1855093905,56250537,1871334576,861179161,861179162,327740759,886573410,10043468821,3400792392,1227056652,397807036,249728482,1118364725,249728471,1115229840,1137569381,337175413,337175414,561795884,1121169525,4883648610,77722951,589503930,50258285,77722952,111815995,579229091,50174964,448162839,1445632679,660162335"
Appartamenti ex MOI,45.0303195,7.6554931,verde,recreation_ground,0,0,0,0,
Appartamenti ex MOI,45.0303195,7.6554931,verde,nature_reserve,0,0,0,0,
Appartamenti ex MOI,45.0303195,7.6554931,verde,lake,0,0,0,0,
Appartamenti ex MOI,45.0303195,7.6554931,verde,reservoir,0,0,0,0,
Appartamenti ex MOI,45.0303195,7.6554931,sport,fitness_centre,1,1,1,5,"9694330267,323658685,8157621715,11954127168,12748314201"
Appartamenti ex MOI,45.0303195,7.6554931,sport,sports_centre,0,0,2,26,"85621561,203467773,463835629,4086523262,765926575,3384161484,624749978,862185106,635797744,287706740,287477348,1137569364,825117877,526485020,349576242,289390792,255458844,635797745,13076830601,106227756,440825294,41753512,1427648033,387746357,1427648036,494397784"
Appartamenti ex MOI,45.0303195,7.6554931,sport,stadium,0,0,1,4,"43708853,1137569365,481253195,652725229"
Appartamenti ex MOI,45.0303195,7.6554931,sport,swimming_pool,0,2,4,16,"253517565,1175668467,9106388016,249731602,249731604,106357922,106403249,49054011,106487528,784822193,784822192,1427529403,784822190,784822189,784822191,257509763"
Appartamenti ex MOI,45.0303195,7.6554931,sport,water_park,0,0,0,0,
Appartamenti ex MOI,45.0303195,7.6554931,sport,pitch,0,10,59,192,"254498263,237277231,237277232,333816553,855334219,203467775,1308029955,1308032364,1185295345,203467774,1185295347,1185295348,87353553,1185295349,1185295344,105601669,89418945,264869627,932516552,1036668376,332956494,1036225746,335813436,5431464842,316774856,106232320,95513738,106232319,1120095454,191138539,1311122971,1311122972,1311122970,1311122969,1311122968,341190170,191136084,1311122962,106252736,106512428,253517570,1172363858,253390290,308180217,249696006,249696004,249696009,239811181,203466393,825117875,1308032356,1308032357,330720254,463835630,1185295342,694253809,675825370,675825371,675825372,675825375,675825373,369649861,203171003,289390790,289390787,1215855053,343244831,272561492,272561493,1359396458,272561562,1359396459,1359396460,387746366,387746377,859714919,859714911,859714921,1297292925,859714920,58233299,1179691010,397807120,117470794,117470799,117470800,191139188,117470791,117470792,191139186,117470793,1120095453,191139185,1311122967,131648865,191139187,131648864,1311122966,1311122965,117470795,131648863,117470796,110971138,164439907,500704439,500704441,1377306467,191379107,561085125,561085130,563091690,561085128,249696008,249696007,249696005,106403253,249696003,1137569352,563091689,563091684,563091688,1137569353,563091685,1137569376,1137569378,1137569377,500651547,500651546,191915874,289390783,289390797,289390784,289390800,289390788,191915876,124069711,124069712,387746376,1451321175,387746375,387746364,1359396455,1359396451,1359396452,693364627,693364626,481253196,499538129,13308739939,1137569375,1137569374,124253933,425484921,1311366022,304926006,304926005,304926004,304926003,252850307,425484914,1311364291,1311364292,111815987,241336707,1385612307,1311364294,425484913,425484919,425484916,425484909,241263809,1311364295,1311364293,241263815,425484924,1132205221,436248508,1445632678,1058453911,272561564,485683423,1359396454,1359396457,387746367,387746370,207860575,1359396456,387746374,1359396453,387746365,1289661072,1427529401"
Appartamenti ex MOI,45.0303195,7.6554931,sport,tennis_court,0,0,0,0,
Appartamenti ex MOI,45.0303195,7.6554931,sport,golf_course,0,0,0,1,266141244
Appartamenti ex MOI,45.0303195,7.6554931,sport,ice_rink,0,0,0,1,23028146
Appartamenti ex MOI,45.0303195,7.6554931,sport,bowling_alley,0,0,0,0,
Appartamenti ex MOI,45.0303195,7.6554931,sport,climbing_wall,0,0,0,0,
Appartamenti ex MOI,45.0303195,7.6554931,sport,gym,0,0,0,0,
Appartamenti ex MOI,45.0303195,7.6554931,commerciale,shop,0,0,0,0,
Appartamenti ex MOI,45.0303195,7.6554931,educazione,school,0,1,13,43,"253207985,329302082,327726272,2591701965,335813434,243506045,249740540,846112873,117470798,117470797,612693144,861316389,370435830,174956556,370435829,160591228,815523248,858864692,859215053,374431614,2591701968,374431613,13358200601,369649862,179930022,331723247,49046715,457922347,367970286,253301345,36915187,49048104,49048103,36929942,457909878,369631936,253301370,253301371,613483942,436304902,253301354,815671121,690824769"
Appartamenti ex MOI,45.0303195,7.6554931,educazione,kindergarten,1,2,10,23,"331723250,645892372,861522967,4539789894,4539789896,370436115,253036895,374431615,326146066,1457168481,253207967,457922348,253207978,457922346,245211081,457922345,457917439,253207970,369631938,369631934,457909877,2592486650,253301347"
Appartamenti ex MOI,45.0303195,7.6554931,educazione,university,0,0,2,4,"49046716,988059309,10187943548,1172116313"
Appartamenti ex MOI,45.0303195,7.6554931,educazione,college,0,0,0,3,"3909948241,387746425,9775066120"
Appartamenti ex MOI,45.0303195,7.6554931,educazione,music_school,0,0,0,0,
Appartamenti ex MOI,45.0303195,7.6554931,educazione,driving_school,0,0,0,4,"3371413110,10699962541,11379958493,10570991907"
Appartamenti ex MOI,45.0303195,7.6554931,educazione,research_institute,0,0,0,2,"2960715234,1117153583"
Appartamenti ex MOI,45.0303195,7.6554931,educazione,vocational_school,0,0,0,0,
Appartamenti ex MOI,45.0303195,7.6554931,educazione,library,0,1,3,5,"1514848350,243093483,2562689774,10928794497,4735799707"
Appartamenti ex MOI,45.0303195,7.6554931,educazione,archive,0,0,0,0,
Appartamenti ex MOI,45.0303195,7.6554931,educazione,museum,0,0,1,3,"96185130,9775052400,12413494664"
Appartamenti ex MOI,45.0303195,7.6554931,educazione,community_centre,0,0,0,1,13192364672
Appartamenti Fondazione Saracco,45.0426035,7.6740423,sanità,healthcare,0,0,0,0,
Appartamenti Fondazione Saracco,45.0426035,7.6740423,sanità,pharmacy,2,5,11,45,"3442739971,10246779442,7310631667,7536790841,7379841664,2048316031,4735801227,6649834586,12703506925,7392300898,4735799619,4735803897,7310501808,4735016415,2135139106,4735021763,4735023412,12814474916,2592486643,7310501806,7310088536,6029326322,4735669404,4735721872,12800044441,2036336905,2036356385,4735719316,4735717950,4735056994,7379836453,2635518585,12798227483,4735804570,4735804530,11782400574,2036360279,3893151255,4735829063,2018737316,4735056034,2018187040,4735828988,3224067528,1333701639"
Appartamenti Fondazione Saracco,45.0426035,7.6740423,sanità,dentist,0,1,3,7,"10698834221,8569291136,10751445003,12886910727,10737466798,351676886,8463109068"
Appartamenti Fondazione Saracco,45.0426035,7.6740423,sanità,veterinary,0,0,0,6,"6948201811,8518082749,11283174640,6942723111,12883887836,4735830189"
Appartamenti Fondazione Saracco,45.0426035,7.6740423,sanità,optician,0,0,0,0,
Appartamenti Fondazione Saracco,45.0426035,7.6740423,sanità,medical_supply,1,2,3,5,"12867088801,12752031502,11283227093,11064390829,3957940798"
Appartamenti Fondazione Saracco,45.0426035,7.6740423,sanità,defibrillator,0,0,3,10,"13271881201,12599100593,13271881701,12829755501,11071576234,9552060491,9137861147,4374929675,13015096966,8356951251"
Appartamenti Fondazione Saracco,45.0426035,7.6740423,sanità,hospital,0,1,6,10,"305681406,3538127652,305681074,3538149953,3070468685,149116211,3538149956,26294487,1196653949,190728046"
Appartamenti Fondazione Saracco,45.0426035,7.6740423,sanità,clinic,2,4,7,21,"4086300425,4086281841,1266944688,10769159379,12816667601,12816667602,12816909558,12816909553,12814452400,12816909554,12814474932,12814452396,4735802143,10769197381,4086304459,4162728590,464291813,12168612107,3893264712,385995302,10698816652"
Appartamenti Fondazione Saracco,45.0426035,7.6740423,sanità,doctors,0,0,0,0,
Appartamenti Fondazione Saracco,45.0426035,7.6740423,mobilità,station,1,2,4,6,"4076608590,1621378603,3253332071,893193542,1621697594,1622042729"
Appartamenti Fondazione Saracco,45.0426035,7.6740423,mobilità,subway_entrance,2,5,11,19,"1213993854,1213993797,1213993844,3431330484,3431330485,3431330483,2617655139,1621378602,1621378600,1621378601,1213993997,1213994125,1213994014,3253332073,3431326297,3253332072,1622042886,3283904468,1622042919"
Appartamenti Fondazione Saracco,45.0426035,7.6740423,mobilità,tram_stop,0,0,0,48,"941491722,941491583,941491848,941491526,945383213,945383294,945383236,945383225,941491790,941491681,941491813,941491908,945383170,945383228,945383209,945383242,941491761,941491518,941491902,941491727,1168929313,1167320836,1168929291,941491699,1167320919,941491496,1230709954,1230710110,1230709892,941491640,941491856,938733459,938733498,1167320990,1167320859,950433574,951424216,1230710018,4997702728,1229827204,1231011119,1229827337,1231011175,1229580323,1229827230,1229580314,1229827620,941491672"
Appartamenti Fondazione Saracco,45.0426035,7.6740423,mobilità,bus_stop,9,18,68,250,"1262196154,1262204616,1262203170,1262209195,1262210609,1262182581,1262190229,1262187182,2291878598,2291878608,1399644573,9687643553,1213993949,1262211151,1262192830,1262211923,1262203451,1262197333,1262205805,1262197393,1262182000,13343490798,1262209430,1262189855,1262186555,1262202902,1262211523,1262185759,1262194782,1262198369,1262209999,1262195661,1262208280,1262192621,1262198126,1262210202,3226168498,1262191964,1262204703,1262200130,1262200239,1262209564,1262199832,1262187034,1262212592,1262212443,1262184011,441698016,441698012,1199003172,1199003187,1262209969,1262197382,1262194763,1262195528,1262182441,1262203530,1262209783,1262203317,1262201548,1262194534,937591597,937605183,937605179,1198909279,1198909287,937605170,937605201,937605172,10200584299,1185414537,10200408844,1262206025,1185414591,1262196617,1262196377,1262205652,1262198085,1262188120,1262192773,1262202694,1262199993,1262198818,1262207113,1262182479,1262189238,1213368963,1185809746,1185809738,1262208641,1185809741,1262208307,1185414473,1185809759,1262194959,1262188782,1185809737,1262199883,1262204464,1262187238,1262197176,1262207473,1262195467,1262192496,1262195984,1262196079,1262196389,1262189057,1262207017,1185809754,1185809736,1399644213,1131464110,1399644528,1262212319,937605193,937605195,937605181,937605194,937605189,1262198275,1198867720,1262200618,1262210403,1198867646,1198867624,1262199732,1198867456,1167320783,1262207954,1262187635,1262208539,1262200757,1262204432,1262205523,1262195376,1262203331,1262207470,937605169,937605192,1198867355,1198867590,1262199687,1262197347,1262208074,1262193274,1262196037,1262198943,1262194467,1262209394,1262210127,1262203515,1262208005,1262184768,1262199100,1262191907,1262207759,1262195389,1262197179,1262186062,1262205538,1262210265,1262200309,1262196573,1262207033,1262195041,1262207412,1262189743,1262182491,1262203811,1262210759,1262211281,1262200961,1262195128,1262196222,1262194864,1262204246,1262189288,1262185598,1262203692,1262190108,1262203588,1262190098,1262209814,1262208210,1262204320,1262192681,1262200032,1262190944,1262212994,1262195471,1262209837,1262196128,1262195993,1491228853,1262210935,1262182560,1262201063,1262187879,1262203150,1262212811,1262183335,1262204440,5594891025,1262199964,1262199168,1262182219,1399644425,1262198176,1262197433,1262192786,1262197275,1262200205,1262207921,1262210546,1262182382,1262192501,1262201910,1262192626,1229580308,4605836659,1262204898,12876021888,1229580300,1262196357,1262211500,1262208182,1262192466,1262196307,1262195324,1262209515,1262196647,1262212519,1262207853,1480474270,1262210350,1262190981,1262207187,1262197218,1262184662,1262204656,1480474276,1262211196,1262199022,1262197190,1262197041,8289837996,8289837997,1262199542,1262186722"
Appartamenti Fondazione Saracco,45.0426035,7.6740423,mobilità,charging_station,1,1,23,42,"12012137945,12751913403,9826286312,9369861982,9369861983,9826286313,9826286311,9826286304,9826286310,9826286309,9826286308,9826286307,9826286305,9826286306,10023825560,11066736413,10023825565,10023825563,10023825564,10023825562,10023825561,4691906382,10686606848,4691906381,8273687163,12206458665,9331784402,5545629913,10862580324,10023825566,11253226587,9056770766,8496473717,8496473719,8496473718,13254288285,9884949609,9884949607,9884949611,9884949608,9884949610,13254333741"
Appartamenti Fondazione Saracco,45.0426035,7.6740423,mobilità,car_sharing,0,0,0,0,
Appartamenti Fondazione Saracco,45.0426035,7.6740423,mobilità,taxi,0,0,0,5,"7211219153,1720500302,450595752,4289455496,8316678430"
Appartamenti Fondazione Saracco,45.0426035,7.6740423,mobilità,parking,5,14,58,156,"1124712357,561276365,1287311504,515612630,1287311508,1287311509,588758207,246856878,1411803203,1054362353,1054362361,454377349,453060585,193440717,193440705,1054163508,104393338,387746384,387746382,104674193,122239101,925814532,562884412,562884413,48277250,515614122,149024065,43165556,325025599,48275806,660696717,305681433,253301357,305680190,305940763,190437232,190437231,1287311510,1318046506,588758206,1321438974,1318046507,12026842569,166457327,4247924022,54740253,4247924125,166596459,241336708,1128003509,166585310,3319891484,131477884,166652711,166652710,839634184,330956379,330956378,313088902,313088903,166630018,291492675,50259560,1126042539,1126043797,1126047090,1190970428,1340364497,49580893,925276467,1348523735,108470282,942603632,942603631,736824357,706164324,730684398,1300583616,1419477429,736824358,1076957801,730771775,166652712,1052633973,1427640386,1052633974,304847773,78327977,1427317405,1427317410,1427317409,1427317413,1427317412,1427317411,1427317415,1427317414,1424188534,1423071218,257509768,305940327,588952908,305941030,257509769,257509770,257509771,257509772,82207171,257509773,257509774,9676270320,1046462111,1423071183,1422867667,308321226,255963727,1059062375,1381943053,1220165362,1220165363,1423260184,770822807,770822809,770822808,454001359,454001349,1621697577,257509778,257509777,330503346,915561379,1218148322,914641500,914641495,914641496,914641504,914641505,914641487,914641506,596527947,914641494,489020583,1409158807,7195363113,282924801,191173232,112172255,1075063889,747831924,7573315188,966980831,45819032,1432694418,1433218612,132406184,69976487,77914307"
Appartamenti Fondazione Saracco,45.0426035,7.6740423,mobilità,car_rental,0,0,1,4,"1170039574,1170039581,13363265154,6113511883"
Appartamenti Fondazione Saracco,45.0426035,7.6740423,mobilità,bicycle_parking,4,9,23,101,"10756360603,1202914660,2699836871,11274729969,10247952609,2699836873,2699836878,2699836877,7947719262,9826286292,12168185381,11648561445,11648573495,2699836884,2699836885,2699836886,2699836887,2699836888,2699836889,12233636601,11766605054,2699836883,2699836880,638741739,2524446376,638741442,2699774350,1780322685,7076063185,1780322731,11274729769,2699759047,2699759049,2699759048,2699759052,2699759051,11673291208,11673243325,7076063186,7076063187,7076063189,7076063188,5347703556,12153279090,7076001884,11933465157,7076001882,2635518486,7076001883,7076001878,7076063193,7076063194,7076063195,7076063192,2699759055,2699759054,11913808736,7054259454,9771620395,10011778505,7076063191,7076001881,7076001880,7076001879,7076063190,12168185377,8496468307,11082056515,8496468304,8496468306,8496468305,11082056516,11082056517,11182198684,5226211759,7076001868,12365551375,7076001867,7076001864,7076001863,7076001865,13283071994,13283160701,13283086792,9122302517,6909804800,9330196749,5594891026,13283101982,8638211147,9038187426,13283226975,11274729970,9884528466,7076063196,7076001861,7076001862,7076001866,11983497399,11983479625,2017190763"
Appartamenti Fondazione Saracco,45.0426035,7.6740423,mobilità,bicycle_rental,0,0,0,1,12068398566
Appartamenti Fondazione Saracco,45.0426035,7.6740423,mobilità,primary,0,0,0,0,
Appartamenti Fondazione Saracco,45.0426035,7.6740423,mobilità,secondary,0,0,0,0,
Appartamenti Fondazione Saracco,45.0426035,7.6740423,verde,park,0,2,8,30,"36864736,561795883,37201910,36956969,104674752,613505979,613505978,660699444,1119404704,588666372,305683893,589659003,579229093,149395093,166596454,106251930,44503795,88206888,149395470,39789990,589863206,1164953300,79268611,28192921,1424069956,335352981,698756805,549096612,111646227,112172943"
Appartamenti Fondazione Saracco,45.0426035,7.6740423,verde,garden,0,4,16,145,"588421219,588421218,1015820491,1135279260,436247597,436245116,436245118,436245117,23089011,589878717,436247596,28193052,1427640390,1427640389,1427640391,1427648023,1427478336,1427640388,1427648053,1427478331,1427529402,1427317389,1427529413,1427529412,1427478347,1427317390,1427317391,1427317370,1427478349,1427478348,3784063293,306423388,1430193314,1430193313,1424069959,1430193319,1423071221,1430193315,304847769,1424530946,1424530934,1423554854,1423554881,1423554810,1423260250,1423554811,1423554820,1423554797,1423554783,1423260221,1427931415,1427931416,1423554801,1427931418,1428461507,1428218673,1428218674,1427931417,1428218676,1428461506,1430193322,1428461508,1423260200,1423260183,1427931419,1428461512,108470281,404714970,29183708,1430193309,23089014,581600236,664912057,191051285,1429655975,1429668701,1429927724,1429927720,1429668708,1429668706,1429668703,1430558115,1429655972,1429927718,1429927726,1429668711,1429668710,1429668709,1430558102,1430193311,1430558111,1430558114,1429655978,1430558101,1429655977,1430558098,1431902919,1432497805,1432497804,1431902918,1432497803,1431902920,1432497799,1431902926,1431902917,1430558093,1431902925,1431902923,1432497802,1431902908,1431902916,1432497790,1432497798,1432497801,1431902915,1431902907,1431902906,1432497788,635651375,1432497787,1432497786,303807502,1432497777,1432497771,1432497780,1432542554,1432694413,1432542546,1432694420,1432694414,1432694410,1432694408,1433218603,1432694412,1433218602,1433218609,1433218611,635651377,1429455090,1431214248,1429531893,1429531906,1431167268,1431167270,1429455089"
Appartamenti Fondazione Saracco,45.0426035,7.6740423,verde,grass,14,51,107,299,"609926760,561276360,561276375,561276363,561276374,610027279,609997628,485882117,588494313,588494314,485882902,485882904,485882905,500651541,485882903,500651540,500651544,561795894,706744158,500726176,500726174,588758210,563089035,706744166,563084879,563089033,561276376,706744165,588758205,588758209,834050824,515616813,514541094,834050861,515616814,834050823,834050822,515910788,705456972,672524319,705456965,705456964,705456973,976672824,976672826,976672825,660934959,705456975,660934958,705456976,660934957,705456974,660934950,660934952,660934953,399908684,705456977,660934954,660934961,660699436,613483953,399908685,613483954,660934960,660699435,660699445,825826529,825826531,660699446,613483955,613483956,825826532,588733367,825826533,660699443,588733368,825826534,588733369,588733370,588733371,588733372,588733373,588733375,485909319,610027278,500657170,562884416,562884417,562884419,562884418,485909320,485900905,485909318,485909324,485909323,562884414,588421212,485909321,562884415,516654049,485909322,588745417,588745424,588745422,588745419,515616816,515616817,588745408,588745405,588745412,588745410,660696720,101510078,660696719,660932247,660696718,612374681,612374682,588952912,612374680,588952906,588666384,588666381,588666382,588726773,588758208,1132207955,1132207950,1132207951,1132207954,1132207953,1132207957,486174619,561542442,561542441,486174620,486174618,486174616,486174615,1239626888,1239626887,579229113,561619126,561619122,561619130,561619125,1132492706,561619121,579229112,1132492002,579229108,561619129,1132492003,579229110,579229099,579229097,579229106,579229101,1132209306,862454070,1132207952,1128002965,1128002964,1132207956,1128002962,1128002963,1311364296,1126792071,131477879,166596453,131477878,757727656,131477880,757727655,577460557,485912130,485912131,485912126,485912128,485912129,579229154,485912127,579229089,1126040506,1126042440,730665854,690822581,690822578,690822577,579953323,579953322,579953321,579953320,579953319,579953318,579953317,579916574,579916577,579953316,579953328,690822582,379516467,579953324,379516466,579953327,579953326,579953325,690824765,690824749,690824748,866606424,922479075,922479076,730682845,730682868,730682867,730682869,589878721,730682864,730682866,945490938,730682863,730682844,589878716,945490937,943784964,943784963,943782516,943782515,730682843,589878718,730682865,730682842,730682862,589878720,589878719,589878715,1034782636,730684397,736826338,706164330,730771776,166653765,690808828,690808830,690808831,333831817,588733365,588952917,588733358,588733359,588733360,588952904,588733361,588952902,588952915,588733363,390805213,390805212,1424069955,430869532,588726775,589459967,589459968,589459969,589459961,589459963,589459964,415224186,589459962,1047587836,1047587838,1047587837,1047587843,1047587839,1047587840,1047587841,1047587842,463612383,463612382,914641482,401668588,561611213,561611216,561611209,561611219,561611214,561611211,561611221,561611218,123242586,123242589,123242584,1447741497,1264205127,112698197,112698185,112698601,1429531892"
Appartamenti Fondazione Saracco,45.0426035,7.6740423,verde,wood,0,0,0,17,"274223500,274222819,274216280,1424348128,274216279,1423554859,256204639,1429668713,1429927729,1075307130,1430558097,1431902912,256273453,1075307129,1429531902,1429655981,1428971488"
Appartamenti Fondazione Saracco,45.0426035,7.6740423,verde,forest,0,0,0,2,"458043150,458043152"
Appartamenti Fondazione Saracco,45.0426035,7.6740423,verde,meadow,0,0,0,0,
Appartamenti Fondazione Saracco,45.0426035,7.6740423,verde,scrub,0,0,1,13,"1054362363,1427640379,1430193318,1423554883,1429927730,1428218675,1428461509,1429668705,1430558096,1431167269,1432694422,1429455088,1431167266"
Appartamenti Fondazione Saracco,45.0426035,7.6740423,verde,allotments,0,0,0,1,328621268
Appartamenti Fondazione Saracco,45.0426035,7.6740423,verde,playground,0,3,9,28,"337175413,337175414,561795884,4883648610,77722951,589503930,50258285,77722952,111815995,579229091,50174964,1135279252,448162839,1217815310,910933663,1445632679,660162335,660162333,942887046,942888157,105377046,257509726,257509767,257509776,1424530935,561242634,1193870930,132364747"
Appartamenti Fondazione Saracco,45.0426035,7.6740423,verde,recreation_ground,0,0,0,0,
Appartamenti Fondazione Saracco,45.0426035,7.6740423,verde,nature_reserve,0,0,0,0,
Appartamenti Fondazione Saracco,45.0426035,7.6740423,verde,lake,0,0,0,0,
Appartamenti Fondazione Saracco,45.0426035,7.6740423,verde,reservoir,0,0,0,0,
Appartamenti Fondazione Saracco,45.0426035,7.6740423,sport,fitness_centre,0,0,2,10,"8157621715,12748314201,8518130285,11841788895,10736644789,12886908643,9463603381,11297477634,10067097220,10784287024"
Appartamenti Fondazione Saracco,45.0426035,7.6740423,sport,sports_centre,0,1,4,12,"41753512,1427648033,1427648036,494397784,635797746,4735055931,4086520147,404714971,3332362719,749439074,256781255,286976821"
Appartamenti Fondazione Saracco,45.0426035,7.6740423,sport,stadium,0,0,0,2,"481253195,652725229"
Appartamenti Fondazione Saracco,45.0426035,7.6740423,sport,swimming_pool,0,0,3,52,"106357922,49054011,106487528,191056430,784822193,784822192,1427529403,784822190,784822189,784822191,257509763,1422783951,1275288859,1275288856,1275288857,1423554839,1423394835,1423554855,1423554861,1423554878,1423554821,1422783977,1422783961,1422783972,1422783995,1422594033,1422783989,1423635394,1422783986,1422594069,749439076,1422419030,1422418993,1422418990,1422419019,1422418987,1422418984,1422224010,1422224027,1422594076,1432497807,1075063887,1422594077,1422594081,1263799982,1431902914,1432497796,856951591,1431902913,1433218610,1433218607,1429531899"
Appartamenti Fondazione Saracco,45.0426035,7.6740423,sport,water_park,0,0,0,0,
Appartamenti Fondazione Saracco,45.0426035,7.6740423,sport,pitch,0,4,24,93,"563091689,563091688,563091685,500651547,500651546,124069711,387746376,1451321175,387746375,387746364,1359396455,1359396451,1359396452,693364627,693364626,481253196,499538129,13308739939,124253933,425484921,1311366022,425484914,1311364291,1311364292,111815987,241336707,1385612307,689326916,1311364294,425484913,425484919,425484916,425484909,241263809,1311364295,1311364293,241263815,425484924,1132205221,860988474,151216651,10582643941,1135279253,436248508,448850336,1445632678,1058453911,839634186,839634187,253538106,1359396454,1359396457,207860575,1359396456,1359396453,257959656,1289661072,1427529401,257509783,257509782,1347606402,1289661073,257509764,257509765,160090690,160090692,257509780,257509781,257509775,13151468861,390805226,257509784,869894480,859050130,859050133,869894478,869894475,869894481,1058452924,915561405,362273176,13284561433,13284561431,923782195,923780960,915561404,13284561432,1422419022,1422594036,1422418992,1422594070,1346976213,1429531896"
Appartamenti Fondazione Saracco,45.0426035,7.6740423,sport,tennis_court,0,0,0,0,
Appartamenti Fondazione Saracco,45.0426035,7.6740423,sport,golf_course,0,0,0,0,
Appartamenti Fondazione Saracco,45.0426035,7.6740423,sport,ice_rink,0,0,0,0,
Appartamenti Fondazione Saracco,45.0426035,7.6740423,sport,bowling_alley,0,0,0,0,
Appartamenti Fondazione Saracco,45.0426035,7.6740423,sport,climbing_wall,0,0,0,0,
Appartamenti Fondazione Saracco,45.0426035,7.6740423,sport,gym,0,0,0,0,
Appartamenti Fondazione Saracco,45.0426035,7.6740423,commerciale,shop,0,0,0,0,
Appartamenti Fondazione Saracco,45.0426035,7.6740423,educazione,school,1,1,9,24,"253301345,36915187,49048104,49048103,36929942,457909878,369631936,253301370,253301371,613483942,436304902,253301354,690824769,315598789,257509745,4735804563,109771125,123376948,390805214,601868991,390805217,6189845887,190499456,190499455"
Appartamenti Fondazione Saracco,45.0426035,7.6740423,educazione,kindergarten,0,0,3,10,"457922346,369631938,369631934,457909877,2592486650,253301347,314888176,258200656,869894477,1328540432"
Appartamenti Fondazione Saracco,45.0426035,7.6740423,educazione,university,0,0,2,24,"49046716,988059309,10187943548,1172116313,1063867657,1107125327,1107125328,8496468303,1107125331,988062105,6944502291,6945638233,10132258250,6944516128,6944505643,6945671127,2714024340,749760378,9430411581,6339286102,4605849272,4605836657,4605847888,4605836658"
Appartamenti Fondazione Saracco,45.0426035,7.6740423,educazione,college,0,0,0,1,9775066120
Appartamenti Fondazione Saracco,45.0426035,7.6740423,educazione,music_school,0,0,0,0,
Appartamenti Fondazione Saracco,45.0426035,7.6740423,educazione,driving_school,0,0,0,3,"10570991907,7077970133,12886844895"
Appartamenti Fondazione Saracco,45.0426035,7.6740423,educazione,research_institute,0,0,0,1,190482116
Appartamenti Fondazione Saracco,45.0426035,7.6740423,educazione,vocational_school,0,0,0,0,
Appartamenti Fondazione Saracco,45.0426035,7.6740423,educazione,library,1,1,1,4,"10928794497,4735799707,10229510808,4209315503"
Appartamenti Fondazione Saracco,45.0426035,7.6740423,educazione,archive,0,0,0,0,
Appartamenti Fondazione Saracco,45.0426035,7.6740423,educazione,museum,0,0,3,9,"96185130,9775052400,12413494664,12072302022,5482049568,4219719436,2981060587,6425777001,12393405666"
Appartamenti Fondazione Saracco,45.0426035,7.6740423,educazione,community_centre,0,1,1,5,"13192364672,12616853914,12585045537,194336591,12548906803"
Appartamenti Residenza Universitaria Farini,45.0729325,7.70182,sanità,healthcare,0,0,0,0,
Appartamenti Residenza Universitaria Farini,45.0729325,7.70182,sanità,pharmacy,0,4,11,58,"4735058545,2018982162,2019517474,4736110877,5113659491,2019532938,6827178588,5110808474,4736057638,2048276171,7376114116,12691580935,4736055182,5206578925,7376141997,4736058640,4736054350,7312494521,4736054639,4736054574,12018327204,7309967811,7376141998,4735870073,306557185,4735867352,306556997,754189651,4735090163,7310076313,7310076314,4735092379,5117627162,7373154098,4736077953,2068598491,3340684507,7372987831,7373154099,2018175898,7379060407,3416861086,4733628841,3340678134,309669048,3340681064,4733630118,9405942960,4733528397,4733528549,8059810892,1547962818,4732664336,4733554860,4733551102,4733498126,3578230542,7309990997"
Appartamenti Residenza Universitaria Farini,45.0729325,7.70182,sanità,dentist,0,0,2,6,"11296229554,5941324678,3373033912,9301525972,6564881971,12076633860"
Appartamenti Residenza Universitaria Farini,45.0729325,7.70182,sanità,veterinary,0,1,1,4,"4736055191,2018192326,11167653306,9559223780"
Appartamenti Residenza Universitaria Farini,45.0729325,7.70182,sanità,optician,0,0,0,0,
Appartamenti Residenza Universitaria Farini,45.0729325,7.70182,sanità,medical_supply,0,0,2,2,"12294762542,11688321776"
Appartamenti Residenza Universitaria Farini,45.0729325,7.70182,sanità,defibrillator,0,0,7,20,"6705560885,5113659443,6851497986,12095446701,6851187750,6853723885,8334794474,6851437489,6853946708,6853946004,6851357885,10942463291,8259759257,3722895975,8025708191,10004554628,6877134124,9612498223,7139691092,13067370202"
Appartamenti Residenza Universitaria Farini,45.0729325,7.70182,sanità,hospital,0,3,3,6,"191194250,316203053,3342035128,1193255695,777989578,1196177764"
Appartamenti Residenza Universitaria Farini,45.0729325,7.70182,sanità,clinic,0,0,0,4,"2284074743,4086502595,3290263940,4086241234"
Appartamenti Residenza Universitaria Farini,45.0729325,7.70182,sanità,doctors,0,0,0,0,
Appartamenti Residenza Universitaria Farini,45.0729325,7.70182,mobilità,station,0,0,0,0,
Appartamenti Residenza Universitaria Farini,45.0729325,7.70182,mobilità,subway_entrance,0,0,0,0,
Appartamenti Residenza Universitaria Farini,45.0729325,7.70182,mobilità,tram_stop,2,10,41,108,"1229580315,1229827224,1227966230,1185414504,1227966231,12101484067,12100765982,941491637,12101484058,1624209624,1843302903,941491545,943330768,1370347434,1229263851,1370347438,1229827150,1229580304,1230710216,1230709587,1230709694,1230710154,1230710053,1230710389,1227966234,1227966232,1227966233,1229263766,1229264040,12616325336,12715581050,12978416484,12978416485,943330769,12715581035,12978416486,1168270587,1168270504,1230710263,943330816,943330822,943330819,1230709780,1231011218,943330805,11281292421,1230709737,1230709859,11281834064,1235856174,1168270599,1270651267,13326178312,13326178313,1235856079,947982002,947982146,1262194799,1235856205,947981976,947982053,1235856123,13326178314,941491939,941491471,948016002,1167320980,1167320769,941491730,948016031,948016167,1167320925,12978416487,1229263814,1229263917,1231011198,1229264035,1229263857,11660081125,1168270491,947982084,947981932,948015923,948016134,941491929,12296376831,941491766,939124434,941491818,941491551,941671400,941671472,1230710101,947982115,1168270479,947982009,947982103,11611802562,12351499946,1235926926,1262203527,1236572719,3631871148,3631871147,1236572740,1236572794,1236572711,1236572777"
Appartamenti Residenza Universitaria Farini,45.0729325,7.70182,mobilità,bus_stop,6,26,95,307,"1262196134,1262203192,1262196512,1262207679,1262197142,1491228855,1262202711,1229580316,1229827663,1262208483,10136283371,1168270570,1185414520,12876021885,1168929371,1262198051,1262206483,1262203392,3229868385,1168929432,1491228856,1262197246,1198867662,1262188506,1262197678,1262208401,1262209581,1262199837,1262209446,1198867402,1262207476,1262190131,1491228854,11657164483,11657164484,1229827101,1229580311,1399644118,1262197436,1262211451,1262205080,1262192792,1262199977,1262195420,1262205970,1262195822,1168270639,1185414410,1262208503,1185414465,1262194546,1262208323,5117626905,1262209930,1262198026,1185414577,6851570620,1262199075,1262182576,1262200213,1262203030,1262212401,3350111050,1262198097,1262196900,1262196798,3350079082,1262209112,1262206389,1262208051,1262196187,1262191998,1262202844,1262195567,1262212221,1262192881,1262194437,1262196834,1270905157,1262191772,1270905158,1262208954,1262199922,1262209046,1262211982,1262197197,1262199746,1262212615,1235856128,1262189828,1262204404,1262207790,1262187555,1262194051,1262209878,1262203354,1262195649,1262195757,1262194653,1262194554,1262211270,1262184239,1262199090,1262207066,1262200228,1262201419,1262204490,1262208777,1262203604,1235856183,1262195521,1262196422,1270651264,1262196590,1262204352,1235856103,1262195266,1262184741,12194813096,13208780377,1235856064,1262204271,1262205905,1262196312,1262193785,1262208882,1262197328,1262196148,1262204818,1262212974,1262204577,1262188303,1262200697,1262195966,1262186888,1262184968,1262192899,1262209055,1262192766,1262199820,1262199291,1262198153,1262196457,1262203718,1262195422,1262208834,1262199986,1262203050,1262212431,1262199772,1262199811,1262199749,1262188243,1262212066,1262208315,1198867441,1198867537,1262208216,1169944015,1198867556,1198867687,1198867567,1262204512,1262201395,1262194929,1262196877,1262195824,1262211446,1262208031,1262196779,1262210312,1231011141,1262190386,1262195510,1262200404,1262204567,1262212826,1262211802,1262194968,1262198250,1262202417,1262185638,1262198884,1262195633,1262212644,1262199697,1262183610,1262209326,1169944104,1169944065,1262182640,1262208804,1262203594,1262199227,1262182243,1262199140,1262197279,1262197344,1262205700,1262209070,1262208866,1262193851,1262204144,1262195892,1262197057,1262208091,1262181780,1262207924,1262187051,1262197366,1262209473,1262199613,1262196046,1262208207,1262208276,1262184176,1262193104,13208780379,1262208589,1231011153,1262195698,1262204769,13208780378,12876021883,3226552301,3226552300,1262201740,1262187727,3226552298,3226552302,3226552299,1262209157,1262199236,13208780374,1262202819,1262210263,1262203708,1262186164,1262186807,1262201120,1668063915,1262188886,1262198214,1262193412,1262182759,1262209328,1262211594,1262203860,1262182532,11599304627,1262200672,1262184893,1262209370,1262211559,1262192547,1524429488,1524429497,1262189955,1262200265,1524429483,1524429466,1524429462,1524429477,1235926929,3351615326,1262199149,1235926936,1262185187,3351625103,1236572793,1262184724,1262201445,1262194752,13208780376,1262208415,1262191526,1496716014,1262196218,1262204674,8494339395,1262206187,1262210276,1262199094,1262210179,1262208990,1262187998,1262195452,1262203957,1262194481,2291878773,1262198923,1236572687,1236572763,1236572820,1262209380,1236572736,1236572822,1262184074,1262204546,1236572694,1236572746,1262212265,1262195716,1262210247,1262203743,8455662431,1262183241"
Appartamenti Residenza Universitaria Farini,45.0729325,7.70182,mobilità,charging_station,1,8,12,36,"10676666527,9671594609,11694139826,12881604940,10132403023,10132403019,10132403022,10132403020,10132403021,10024930203,12848949670,5545493680,5255643474,10024930198,10024930204,9903597728,3906262432,11330971755,13175098408,9903597720,9903597736,9903514912,11640502278,544516332,12849058997,9903597730,9892110268,7944759282,11243926724,11243926727,11243926726,11243926728,11243926725,9386005083,13064911110,5698680374"
Appartamenti Residenza Universitaria Farini,45.0729325,7.70182,mobilità,car_sharing,0,1,1,2,"4749176847,3906283850"
Appartamenti Residenza Universitaria Farini,45.0729325,7.70182,mobilità,taxi,0,0,0,12,"2019632236,604332918,5020220491,5020220492,3241731972,3241731971,5941325188,3241731964,2902424078,2902424079,2898774433,1005440038"
Appartamenti Residenza Universitaria Farini,45.0729325,7.70182,mobilità,parking,1,10,29,143,"411031505,4127735019,4127734643,1414322225,248160665,13260980844,2019632224,1227966229,2284374403,5997812985,3363420315,22953965,1218557983,1057905850,316211275,319749756,249248499,319742232,191375051,5941325249,193000008,435793218,1255999599,731592384,731605916,436314967,242957870,6851422048,733635639,358681039,124778755,1262706519,3343691149,4127735255,1383338299,4127735240,167858828,132957389,3343561833,3343599887,280507600,108460658,129075967,308881884,82199315,128932536,128930828,128935328,128930827,128935180,128935159,128932535,128935158,83076319,128941839,1081120722,5997772787,96556746,5993028887,5993028888,635989603,5997762385,308834324,1122299605,5997837886,5997837887,5997806485,5997788087,5997771286,108459796,652758231,262648990,365889975,288283917,1107364662,365889357,846901935,1107364663,388422914,256336198,149459698,288891940,1215783014,256336302,1215783015,7115553619,256336239,1215783013,1215783012,1215783010,1215783011,1266554225,455120610,1266554226,1266554228,3343577420,577263229,166616614,846901934,328929579,1421696089,1158404279,1158404305,1158404302,1158404303,1158404300,1158404301,1158404304,1158454601,846018295,886739419,846003849,846003846,253369390,288783063,846003847,288783085,3343610008,1421696091,976250146,846003848,976250143,690662128,450287462,846003845,528717398,28190530,288783053,253369383,846901932,846003844,280325194,1068998742,308881882,277782178,280506720,469391577,280506719,280325195,1066637348,25568947,77894792,28190537"
Appartamenti Residenza Universitaria Farini,45.0729325,7.70182,mobilità,car_rental,0,0,0,2,"5941325247,5941325228"
Appartamenti Residenza Universitaria Farini,45.0729325,7.70182,mobilità,bicycle_parking,8,25,52,134,"7076063197,7076063198,7076063202,7076063203,12009896156,13324660699,7076063201,10884404308,7076063200,7076063199,12681485187,12681485188,2699753943,2699753944,2699753949,5117627158,5113659515,10779500105,2699753644,5968582882,5968581908,6827178603,12068659438,5941325235,2699753641,2699753643,2699753642,7076063204,7076063205,7076063206,11277111680,11277111681,7076063207,10777961006,12650442898,7076063208,7076063209,8026222938,7076063210,7076063211,7076063212,7076063213,5117627124,5941324676,5941324684,5941325233,2048050409,5941324672,11966746787,5941325227,5941325219,11966792060,5941325190,9740895475,12634535120,12634548501,12634222020,12634416056,9740895502,9740888733,10759662318,11238380039,11238380037,11238380038,13011786017,13011795861,11368531149,9224843549,11832986276,12020238320,11964721442,11832991702,11832980125,11379545987,11379561478,12812076106,12843998249,12986009917,12915235956,8269943195,2699752844,2699752833,2699752831,2699752853,10883132771,2699752854,2699752834,2699752832,9307377317,9307358113,13074641241,6851396187,5998289584,5998291995,9740888734,12182105961,11622870823,10823910305,10827570606,10767946305,10823892608,12208848355,10823869008,12852846568,10823876406,5542175056,9903597733,13143013240,5542175064,5542175063,10994156060,10994156059,11622870824,5542175057,5534040230,5534052431,13143058309,13143034941,13143041199,5542175058,5542175059,5542175061,13143022643,10994232050,5542175062,10827604005,10827603806,10833477005,10833478805,11717312584,3953590159,12532140545,1547837615,12532140547"
Appartamenti Residenza Universitaria Farini,45.0729325,7.70182,mobilità,bicycle_rental,0,0,0,0,
Appartamenti Residenza Universitaria Farini,45.0729325,7.70182,mobilità,primary,0,0,0,0,
Appartamenti Residenza Universitaria Farini,45.0729325,7.70182,mobilità,secondary,0,0,0,0,
Appartamenti Residenza Universitaria Farini,45.0729325,7.70182,verde,park,4,9,20,72,"287696722,109742701,23026345,22897848,543676718,457323344,287707677,753231466,479486904,816783671,895647570,61732303,813407766,1075763396,813402747,369707777,83076324,479483771,815949942,128936190,128942572,784211972,815950090,814962443,784215783,814964297,814964635,319279820,22879264,22908088,256465204,256465522,369795270,632813022,22908071,12233633301,690662131,690745660,259895475,1157616170,253360471,290706661,253366252,253374909,253360457,288783058,690745503,690738904,690738908,690738906,690745039,690662573,690663659,690765813,333222797,800525989,816783192,689198379,82256514,813407219,322221905,815950604,268934373,250714206,800524787,561526800,597816614,597816613,991195613,813405278,813404275,257920545"
Appartamenti Residenza Universitaria Farini,45.0729325,7.70182,verde,garden,1,4,30,92,"561608551,23054276,318993599,251488296,23026360,302764761,1060217784,1060217774,848959753,848959890,689197828,689197827,411053238,633972127,411053241,633972128,689196222,740007653,741636656,689196221,689196217,741636655,689196220,740007650,689196218,327419031,740007635,740007643,741636682,560991929,814961233,814960644,813403362,800531670,696993949,814962000,813408161,814962760,813403198,800530563,800525157,814965482,324477119,29184190,585434921,585434922,585434925,1067243272,761582377,761951452,761951453,761951455,761951457,761951454,761582373,761951459,761951458,761582372,761951460,761951456,741636663,725758014,846901933,1158404280,1266554235,1266554238,28228192,28228190,314840465,741636695,816782637,800525442,1066637349,690660411,28229702,28228080,23112388,23055633,116934864,800526187,960205126,813406682,813406899,813406835,813406095,800528616,535239377,800532108,813404511,696993947,813407098,535247269"
Appartamenti Residenza Universitaria Farini,45.0729325,7.70182,verde,grass,26,46,64,134,"337361722,192061493,192061494,192061492,192061489,192061490,192061491,1272990787,245046146,1098853222,245045846,397809397,616677987,616677976,616677985,616677978,616677983,616677980,245045845,337361720,337361721,245045844,289014365,411053235,129209564,129209563,689196219,577440411,616984807,616984808,616984806,616984803,616984802,288798832,288798834,288798833,494676505,1132047853,82199295,82255590,1173001074,1173001075,1173001079,1173001078,1173001076,1173001077,1173001084,1173001091,1173001083,288283918,1254120835,1173001072,1118869379,1173001073,1118869380,1173001095,1173001100,1173001099,1173001110,1173001101,1173001109,1173001098,1173001088,1173001107,1173001102,1173001108,1173001094,1415617395,1415617396,961875681,961875680,1250264722,1266554234,577263226,577267981,577271848,577267982,577271851,577267983,577271853,577267984,577271856,577267985,577271858,577271820,577271823,577271824,577271846,577271825,577271827,577271843,577271830,577271832,577271835,577271841,577271839,577271838,577271836,577271861,577440401,577440403,577440407,129839957,577558249,530332686,578956725,577558253,577558252,577275421,1193255688,577558261,577275422,577558254,664914263,1158454605,664914262,626776331,83701383,288783074,259895474,1196407026,28229696,1193255687,280506717,865725444,865725443,288783056,1066705604,1068997696,392224999,535273193,535273194,1068997695,129839750"
Appartamenti Residenza Universitaria Farini,45.0729325,7.70182,verde,wood,0,0,0,5,"256204633,457323345,256204642,61732412,81268267"
Appartamenti Residenza Universitaria Farini,45.0729325,7.70182,verde,forest,0,0,0,2,"1075063885,585434926"
Appartamenti Residenza Universitaria Farini,45.0729325,7.70182,verde,meadow,0,0,0,0,
Appartamenti Residenza Universitaria Farini,45.0729325,7.70182,verde,scrub,0,0,1,4,"1066637351,1066706520,1066706521,1066705566"
Appartamenti Residenza Universitaria Farini,45.0729325,7.70182,verde,allotments,0,0,0,2,"328623930,328624588"
Appartamenti Residenza Universitaria Farini,45.0729325,7.70182,verde,playground,1,3,10,23,"191211963,1168299039,1170974105,1054786065,9215807657,10221497811,5206224432,83076336,12851950094,2505158924,552214398,1291894961,108460659,577440400,8464466018,1157616172,10833475807,8944557987,310660806,960203147,960203145,960203146,82256513"
Appartamenti Residenza Universitaria Farini,45.0729325,7.70182,verde,recreation_ground,0,0,0,0,
Appartamenti Residenza Universitaria Farini,45.0729325,7.70182,verde,nature_reserve,0,0,0,0,
Appartamenti Residenza Universitaria Farini,45.0729325,7.70182,verde,lake,0,0,0,0,
Appartamenti Residenza Universitaria Farini,45.0729325,7.70182,verde,reservoir,0,0,0,0,
Appartamenti Residenza Universitaria Farini,45.0729325,7.70182,sport,fitness_centre,0,0,4,10,"12327658096,2018982152,4736058200,12547891555,11049505605,6851326135,3349809096,3343770523,11534701686,13011248973"
Appartamenti Residenza Universitaria Farini,45.0729325,7.70182,sport,sports_centre,2,3,5,13,"9792328371,630344434,458039656,288893797,458039655,3352111838,82199277,3355734546,3355731107,11991054569,141412774,82172945,129839751"
Appartamenti Residenza Universitaria Farini,45.0729325,7.70182,sport,stadium,0,0,0,0,
Appartamenti Residenza Universitaria Farini,45.0729325,7.70182,sport,swimming_pool,0,0,0,12,"1323785257,320710589,1270460659,1066094576,769051961,1066094575,1066094579,769051964,1203425654,824109468,2097331540,1312880655"
Appartamenti Residenza Universitaria Farini,45.0729325,7.70182,sport,water_park,0,0,0,0,
Appartamenti Residenza Universitaria Farini,45.0729325,7.70182,sport,pitch,4,5,8,60,"5410221475,117526387,1347180844,1190222149,117526384,1190222452,1190222148,117526386,1347180845,117526378,1347180843,245045843,1062624219,358681038,358681041,358681042,358681037,119456036,256368311,1418747925,769051962,83076335,1203425650,1203425651,1203425652,1203425653,319284839,218287346,218287350,256770955,218287344,10994156063,10994273932,179477508,259895250,1157616171,253360458,286108004,319089490,976266496,976266497,1212265100,960202951,1301826319,253369385,85418294,85418292,85418293,28228211,277783481,277782063,390604266,390603922,1307045179,390603923,390602981,976266495,390602979,390602980,1454028456"
Appartamenti Residenza Universitaria Farini,45.0729325,7.70182,sport,tennis_court,0,0,0,0,
Appartamenti Residenza Universitaria Farini,45.0729325,7.70182,sport,golf_course,0,0,0,0,
Appartamenti Residenza Universitaria Farini,45.0729325,7.70182,sport,ice_rink,0,0,0,0,
Appartamenti Residenza Universitaria Farini,45.0729325,7.70182,sport,bowling_alley,0,0,0,0,
Appartamenti Residenza Universitaria Farini,45.0729325,7.70182,sport,climbing_wall,0,0,0,0,
Appartamenti Residenza Universitaria Farini,45.0729325,7.70182,sport,gym,0,0,0,0,
Appartamenti Residenza Universitaria Farini,45.0729325,7.70182,commerciale,shop,0,0,0,0,
Appartamenti Residenza Universitaria Farini,45.0729325,7.70182,educazione,school,0,8,15,38,"117493773,1304814076,1168299038,10765663105,450287805,1091923526,3343680527,42864476,1168299037,108601368,7796907023,1176873243,82256497,3343687306,3343687307,616984801,8259759258,412663770,83076321,1081110260,6549455408,182884900,453290904,632813027,322254779,322254780,322254777,286107710,253360459,3343605435,3343615248,616994936,3343636574,769035071,253369384,363472757,82188080,451040739"
Appartamenti Residenza Universitaria Farini,45.0729325,7.70182,educazione,kindergarten,1,1,3,15,"219014163,7807308276,12768280010,412663769,1603601080,10896540919,2018099976,256387052,453757173,12233633201,7038759586,253360467,253435101,930680510,280325197"
Appartamenti Residenza Universitaria Farini,45.0729325,7.70182,educazione,university,1,2,7,19,"192604816,2577028412,2577029282,2018055299,2018055301,9739802942,2503902059,3363964793,6851326132,4086214801,2018087957,1218747279,6851439272,651771955,4735868696,10237789518,453757181,3349733649,450278224"
Appartamenti Residenza Universitaria Farini,45.0729325,7.70182,educazione,college,0,0,0,2,"318997570,12248046055"
Appartamenti Residenza Universitaria Farini,45.0729325,7.70182,educazione,music_school,0,0,1,2,"28109102,3343797841"
Appartamenti Residenza Universitaria Farini,45.0729325,7.70182,educazione,driving_school,0,0,2,5,"12089511784,316203024,12077001867,9762124287,3473130432"
Appartamenti Residenza Universitaria Farini,45.0729325,7.70182,educazione,research_institute,0,0,0,1,528717396
Appartamenti Residenza Universitaria Farini,45.0729325,7.70182,educazione,vocational_school,0,0,0,0,
Appartamenti Residenza Universitaria Farini,45.0729325,7.70182,educazione,library,1,3,6,10,"11806550856,4936115896,9693041809,3352114524,909179631,117351946,6074405709,4849156539,3345600834,138036072"
Appartamenti Residenza Universitaria Farini,45.0729325,7.70182,educazione,archive,0,0,0,0,
Appartamenti Residenza Universitaria Farini,45.0729325,7.70182,educazione,museum,0,1,6,25,"9585924917,5171950042,246516587,246643344,6432836094,2177769729,1333701144,6435420518,6431480861,2026479833,318938052,2026479832,246443715,6432887576,6432637423,11267476069,6434268049,1628071063,248771289,6433944342,11217521918,246516619,761582364,4067344493,3349838584"
Appartamenti Residenza Universitaria Farini,45.0729325,7.70182,educazione,community_centre,0,2,3,4,"3363460993,3352189835,12766851574,104339324"
Appartamenti Turati,45.052169,7.6691217,sanità,healthcare,0,0,0,0,
Appartamenti Turati,45.052169,7.6691217,sanità,pharmacy,2,5,22,67,"1470609151,7310631667,6649834586,12703506925,7392300898,4735799619,4735803897,7310501808,4553612464,4735016415,3147953801,1670302089,2135139106,4734594417,4734593954,7380131545,4289452247,1198867317,4735667414,4735021763,4735023412,12814474916,2592486643,7310501806,7310088536,6029326322,4735669404,4735721872,12800044441,2036336905,2036356385,4735719316,4412226590,9140119438,4735717950,7384890987,7376141996,3344782869,4736115522,7379836453,12798227483,4735804570,4735804530,11782400574,2036360279,3893151255,4735829063,2018737316,4735056034,4735717430,2018187040,619193786,4735828988,3224067528,5255625937,2593187678,2048347744,2018203641,5628622146,1333701639,2018982162,2019517474,2019532938,5110808474,4736057638,4736055182,5206578925"
Appartamenti Turati,45.052169,7.6691217,sanità,dentist,0,1,5,15,"7261094839,9568693092,10698834221,8569291136,10751445003,12886910727,10737466798,2016414024,351676886,8463109068,2406157072,11296229554,4195848889,5941324678,3373033912"
Appartamenti Turati,45.052169,7.6691217,sanità,veterinary,0,0,3,7,"6948201811,7023650031,8518082749,11283174640,6942723111,4735830189,4736055191"
Appartamenti Turati,45.052169,7.6691217,sanità,optician,0,0,0,0,
Appartamenti Turati,45.052169,7.6691217,sanità,medical_supply,0,2,2,5,"12867088801,12752031502,11283227093,11064390829,3957940798"
Appartamenti Turati,45.052169,7.6691217,sanità,defibrillator,2,2,6,23,"13271881201,12599100593,13271881701,13308607340,9376999100,10243877109,7227510560,12237513601,12829755501,11071576234,9552060491,9137861147,7232177660,9515896704,12484268753,5121847084,4374929675,13015096966,8356951251,8210481138,6705560885,11273669529,5113659443"
Appartamenti Turati,45.052169,7.6691217,sanità,hospital,0,2,2,9,"3538127652,305681074,3070468685,149116211,3538149956,26294487,1196653949,190728046,191194250"
Appartamenti Turati,45.052169,7.6691217,sanità,clinic,0,8,11,27,"4086300425,4086281841,1266944688,10769159379,1196177763,395057467,12816667601,12816667602,12816909558,12816909553,12814452400,12816909554,12814474932,12814452396,4735802143,10769197381,4086304459,6664922333,822529092,4735668281,4162728590,464291813,12168612107,3893264712,385995302,10698816652,2284074743"
Appartamenti Turati,45.052169,7.6691217,sanità,doctors,0,0,0,0,
Appartamenti Turati,45.052169,7.6691217,mobilità,station,0,1,3,9,"1621378603,3253332071,893193542,1621697594,543360161,254594416,1622042729,3395226356,254594415"
Appartamenti Turati,45.052169,7.6691217,mobilità,subway_entrance,0,3,9,34,"3431330484,3431330485,3431330483,2617655139,1621378602,1621378600,1621378601,1213993997,1213994125,1213994014,3253332073,3431326297,3431314079,3431314078,10235736538,3431314077,3431314076,3431314075,10235736525,3431314080,3253332072,1622042886,3283904468,1622042919,3431326298,5020207823,5020207824,1262284319,10260242427,10260242426,1262284354,2014746582,1262284353,10260242428"
Appartamenti Turati,45.052169,7.6691217,mobilità,tram_stop,2,8,32,99,"941491848,941491526,945383213,945383294,945383236,945383225,941491790,941491681,941491813,941491908,945383170,945383228,945383209,945383242,1262202670,1230710325,1230709627,1230709993,1231011146,945383335,945383168,1230709942,1230709908,1231011227,941491761,941491518,941491902,941491727,1168929313,1167320836,1168929291,941491699,1167320919,941491496,1230709954,1230710110,1230709892,941491640,941491856,938733459,938733498,945268814,945268800,1185414536,1168929618,945268789,945268816,1167321000,1168270429,945268799,1199240661,1229263858,1167320990,1167320859,1167321088,1167321041,1167320969,1167320960,1185414562,1168270672,1185414492,945268801,945268822,950433574,951424216,1230710018,4997702728,1229827204,1231011119,1229827337,1231011175,1229580323,1229827230,1229580314,1229827620,941491483,941491672,941491612,1168270471,1168270534,941491716,941491868,1185414486,1229580315,1229827224,1227966230,1168270660,1185414504,1227966231,1167320937,12101484067,1168929427,12100765982,1229827150,1229580304,1230710216,1230709587,1227966234,1227966232"
Appartamenti Turati,45.052169,7.6691217,mobilità,bus_stop,4,21,94,342,"937591308,937591430,1262195704,1262210241,1262210434,1262199934,1262190229,1262187182,2291878598,2291878608,1262186555,1262202902,1262211523,1262209999,1262195661,1262210202,1262191964,1262204703,1262200130,1262200239,1262209564,1262199832,1262187034,1262212592,1262212443,1262184011,441698016,441698012,1262185459,937591581,1262207453,937591513,1262210240,1199003172,1199003187,1262209969,1262197382,1262194763,1262195528,1262182441,1262203530,1262209783,1262203317,1262201548,1262194534,1185441565,1262208618,1185441540,1185441579,937591574,1213368937,1262204355,1185441569,1262183019,937591597,1262201258,937605183,937605179,1198909279,1198909287,937605170,937605201,937605172,10200584299,1185414537,10200408844,1262206025,1185414591,1262212245,1262212777,1262192470,1262208298,1262197981,1262194443,1185441549,1262197105,1185441551,1262186201,1262199241,1185441575,10200584300,10200408843,1262198072,1262197194,1230710356,1230710401,1262209161,1262194483,1213368919,1198867501,1198867296,1185441587,3979495903,10200408842,1262208027,1185441561,1230710173,1230709749,1262204124,1185441537,1231011169,1262194463,1212944734,1212944745,1262206303,1262208993,1262196617,1262196377,1262205652,1262198085,1262188120,1262192773,1262202694,1262199993,1262198818,1262207113,1262182479,1262189238,1213368963,1185809746,1185809738,1262208641,1185809741,1262208307,1185414473,1185809759,1262194959,1262188782,1185809737,1262199883,1262204464,1262187238,1262197176,1262207473,1262195467,1262192496,1262195984,1262196079,1262196389,1262189057,1262207017,1185809754,1185809736,1399644213,1131464110,1399644528,1262212319,937605193,937605195,937605181,937605194,937605189,1262198275,1198867720,1262200618,1262210403,1198867646,1198867624,1262199732,1198867456,1167320783,1262207954,1262187635,1262208539,1262200757,1262204432,1262205523,1262195376,1262203331,1262207470,1262195744,1185414571,1231011126,1168929258,1198867528,1199003141,1168929465,1185815850,1262195065,1262182588,937605174,937605197,1168270670,1199240778,937605169,1168929641,937605192,1168929327,937605175,1262195535,937605200,1229263756,1262201038,1262206788,1198867355,1262188427,13357227255,1198867590,1198867343,1198867678,1168929435,1198867713,1168929622,937605184,1185414408,1525407946,1262208796,937605187,1262193964,1262202938,1262210261,1262196361,1262193644,1262211503,937605188,1168270573,1262212991,1262198618,10938458344,1569038269,12074187316,1262197341,1185414556,1185414572,1199240547,1569038260,1262196253,1262201459,937605198,937605176,1262203237,1262184768,1262199100,1262207759,1262195389,1262197179,1262186062,1262205538,1262185598,1262203692,1262190108,1262203588,1262190098,1262209814,1262208210,1262204320,1262192681,1262200032,1262190944,1262212994,1262195471,1262209837,1262196128,1262195993,1491228853,1262210935,1262182560,1262201063,1262187879,1262203150,1262212811,1262183335,1262204440,5594891025,1262199964,1262199168,1262182219,1399644425,1262198176,1262197433,1262192786,1262197275,1262200205,1262207921,1262210546,1262182382,1262192501,1262201910,1262192626,1229580308,4605836659,1262204898,12876021888,1229580300,1262196307,1262196647,1262212519,1262207853,1262210350,1262190981,1262207187,1262197218,1262184662,1262204656,1168929344,1262197041,1262207547,1198867604,8289837996,1262195219,8289837997,1262185354,1262181975,1262197387,1168270553,1168929565,1168270407,10200408841,4575722855,10066805517,1185414522,1262199608,1491228855,1262202711,1262199542,1262186722,1229580316,1229827663,1262208483,10136283371,1168270570,1168270559,1185414520,12876021885,1262211444,1168929371,1262200499,1262196215,1262201567,1262196300,1262198051,1262197657,1525407917,1262206483,1168929432,1229827101,1229580311,1399644118,1262197436,1262211451,1168270639,1185414410"
Appartamenti Turati,45.052169,7.6691217,mobilità,charging_station,1,3,12,60,"10200314273,9826286312,9369861982,9369861983,9826286313,9826286311,9826286304,9826286310,9826286309,9826286308,9826286307,9826286305,9826286306,10023825560,11066736413,10023825565,10023825563,10023825564,10023825562,10023825561,4691906384,5787665000,4691906382,9568693093,10686606848,4691906381,8273687163,12206458665,9331784402,5545629913,10862580324,11107468089,10023825566,11253226587,9056770766,8496473717,8496473719,8496473718,13254288285,9884949609,9884949607,9884949611,9884949608,9884949610,10676666527,3906238205,11694139826,13254333741,12881604940,10132403023,10132403019,10132403022,10132403020,10132403021,10024930203,12848949670,12385342507,3906239156,5545493680,10024930198"
Appartamenti Turati,45.052169,7.6691217,mobilità,car_sharing,0,0,0,0,
Appartamenti Turati,45.052169,7.6691217,mobilità,taxi,0,1,3,10,"7211219153,1720500302,1470612633,450595752,4289455496,2016414163,8316678430,2019632236,5020220491,5941325188"
Appartamenti Turati,45.052169,7.6691217,mobilità,parking,1,10,32,151,"802596631,243354153,166581389,1287311508,1287311509,588758207,562884412,515614122,325025599,48275806,253301357,305680190,305940763,190437232,190437231,1318046506,588758206,1318046507,12026842569,166457327,4247924022,54740253,4247924125,560321339,646904179,166583965,166596459,241336708,1128003509,166585310,3319891484,131477884,166652711,166652710,791410567,792699652,841495751,841502849,140260606,83808962,106366574,376495005,154500752,839476414,839476413,270802496,839634184,7077733654,693367780,693367779,1032863499,300189916,287520875,1027356692,330956379,330956378,313088902,313088903,166630018,291492675,50259560,1126042539,1126043797,1126047090,1190970428,1340364497,49580893,925276467,1348523735,108470282,942603632,942603631,736824357,706164324,730684398,1300583616,1419477429,736824358,1076957801,730771775,166652712,83042948,1383582583,1381841252,1381841251,5693045436,12809872841,1381841253,132528231,222172799,166611428,257509768,305940327,588952908,305941030,257509769,257509770,257509771,257509772,82207171,257509773,257509774,1046462111,770822807,770822809,770822808,454001359,454001349,1621697577,257509778,257509777,330503346,915561379,1218148322,914641500,914641495,914641496,914641504,914641505,914641487,914641506,596527947,914641494,489020583,1409158807,7195363113,282924801,191173232,112172255,747831924,7573315188,966980831,45819032,1432694418,1433218612,842479608,842479609,1455462286,4488383689,248772281,248160665,13260980844,2019632224,1227966229,275161406,2284374403,320706079,3363420315,1218557983,1057905850,319749756"
Appartamenti Turati,45.052169,7.6691217,mobilità,car_rental,1,1,4,6,"1170039574,1170039581,13363265154,6113511883,11104716244,5628622134"
Appartamenti Turati,45.052169,7.6691217,mobilità,bicycle_parking,0,10,32,213,"2699765012,2699765013,10247952609,2699836878,2699836877,9826286292,12168185381,11648561445,11648573495,2699836884,2699836885,2699836886,2699836887,2699836888,2699836889,12233636601,11766605054,2699836883,2699836880,638741739,2524446376,638741442,7685876482,10873504948,7685967899,2699774350,2699774352,11274729869,1780322685,7076063185,1780322731,11274729769,2699759047,2699759049,2699759048,10852570101,3799076904,7635131587,6104249055,7063812962,10873504950,10873504949,2699760635,2699760634,10873504974,7918354187,10853204514,2699759050,2699760639,7785624492,9565968757,2699759052,2699759053,2699759051,2699760636,2699760637,2699759056,2699759058,2699759057,2699757974,443101911,7815134909,7815134911,7815134910,7815134913,7815134912,12394522606,12394489858,10873504973,6912162938,7815134903,10113463334,10113463333,10113463332,10113463331,9580694089,10113463330,10113463329,10113463335,2016369763,2017759603,11673291208,11673243325,7076063186,7076063187,7076063189,7076063188,5347703556,12153279090,7076001884,11933465157,7076001882,2635518486,7076001883,7076001878,7076063193,7076063194,7076063195,7076063192,2699759055,2699759054,11913808736,7054259454,9771620395,10011778505,7076063191,6954549387,6954549388,1783770824,10873504971,1783770825,10802789582,2699757972,2699757973,2699757978,2699757975,9536387625,706004735,9536764388,9515661833,2699754605,2632353490,10873504970,7025739876,10873504969,10159318064,2699757980,2699757979,2699753945,2699754607,2699754610,2699754609,7076001881,7076001880,7076001879,7076063190,12168185377,8496468307,11082056515,8496468304,8496468306,8496468305,11082056516,11082056517,11182198684,5226211759,7076001868,12365551375,7076001867,7076001864,7076001863,7076001865,13283071994,13283160701,13283086792,9122302517,6909804800,9330196749,5594891026,13283101982,8638211147,9038187426,13283226975,11274729970,9884528466,7076063196,7076063197,9321076956,4063688590,7076001861,7076001862,2282486102,5113659453,7076001866,11983497399,11983479625,2017190763,2018982169,7076063202,7076063203,12009896156,13324660699,7076063201,10884404308,7076063200,7076063199,12681485187,12681485188,6149852920,2699753943,2699753944,2699753946,2699753947,5117627158,5113659515,10779500105,5968582882,5968581908,12068659438,7076063204,7076063205,7076063206,11277111680,11277111681,7076063207,10777961006,12650442898,7076063208,7076063209,7076063210,7076063211,7076063212,7076063213"
Appartamenti Turati,45.052169,7.6691217,mobilità,bicycle_rental,0,0,0,2,"5169986448,12068398566"
Appartamenti Turati,45.052169,7.6691217,mobilità,primary,0,0,0,0,
Appartamenti Turati,45.052169,7.6691217,mobilità,secondary,0,0,0,0,
Appartamenti Turati,45.052169,7.6691217,verde,park,1,1,7,32,"243356957,759194439,37201910,36956969,1119404704,588666372,305683893,589659003,579229093,646904177,799333352,646904181,149395093,166596454,171271678,104147826,166986552,83808971,848000866,106251930,44503795,88206888,149395470,39789990,589863206,1164953300,335352981,698756805,549096612,112172943,23026345,22897848"
Appartamenti Turati,45.052169,7.6691217,verde,garden,0,3,13,79,"799305148,588421219,588421218,759206589,759206590,106331386,1135279260,140266730,107167208,436247597,436245116,436245118,436245117,23089011,589878717,436247596,28193052,3784063293,306423388,1430193314,1430193313,1430193319,1430193315,108470281,404714970,29183708,1430193309,23089014,581600236,664912057,191051285,1429668701,1429927720,1429668708,1429668706,1429668703,1429927718,1430193311,1431902919,1432497805,1432497804,1431902918,1432497803,1431902920,1432497799,1431902926,1431902917,1431902925,1431902923,1432497802,1431902908,1431902916,1432497790,1432497798,1432497801,1431902915,1431902907,1431902906,1432497788,635651375,1432497787,1432497786,303807502,1432497777,1432497771,1432497780,1432542554,1432694413,1432542546,1432694420,1432694414,1432694410,1432694408,1433218603,1432694412,1432694406,1433218609,1433218611,561608551"
Appartamenti Turati,45.052169,7.6691217,verde,grass,2,7,64,356,"288835317,666707223,759194441,706744158,500726176,500726174,588758210,563089035,706744166,563084879,563089033,706744165,588758205,588758209,485909319,500657170,562884416,485909320,485900905,485909318,485909324,485909323,562884414,588421212,485909321,562884415,516654049,485909322,588745417,588745424,588745422,588745419,515616816,588745408,588745405,588745412,588745410,101510078,612374681,612374682,588952912,612374680,588952906,588666384,588666381,588666382,588726773,588758208,1132207955,1132207950,1132207951,1132207954,1132207953,1132207957,288835312,288835318,486174619,561542442,561542441,486174620,486174618,486174616,486174615,1239626888,1239626887,579229113,561619126,561619122,561619130,561619125,1132492706,561619121,579229112,1132492002,579229108,561619129,1132492003,579229110,579229099,579229097,579229106,579229101,1132209306,862454070,1132207952,1128002965,1128002964,1132207956,1128002962,1128002963,1311364296,154500720,687010710,687010712,891907991,687010711,154500733,1126792071,131477879,166596453,131477878,757727656,131477880,757727655,646909062,687010714,687010713,687010715,687010716,154500739,154500731,154500729,1066997745,234298691,154500724,316299344,154500737,154500736,315954828,234298714,234298715,234298692,234298708,234298712,234298709,234298702,234298698,234298695,234298694,234298699,234298703,234298687,234298690,234298711,234298688,234298710,234298707,234298706,234298700,234298713,234298697,234298696,234298689,234298693,234298705,234298701,234298704,315954833,181232343,181232355,181232342,181232349,181232340,181232352,286653246,181232353,181232350,181232347,181232345,181232348,181232341,286653247,181232346,286767165,314388661,286767159,286767161,181232351,286653245,286653244,286653242,242409910,286653241,286646606,286647293,286653240,286653237,286646604,286646594,286645617,286653239,286646607,286647294,286646605,286647291,732177417,286646595,1236922853,286646601,732177420,732177418,286646602,732177419,286646603,286647290,286646597,577460557,485912130,485912131,485912126,485912128,485912129,579229154,485912127,579229089,1126040506,1126042440,730665854,690822581,690822578,690822577,579953323,579953322,579953321,579953320,579953319,579953318,579953317,579916574,579916577,579953316,579953328,690822582,379516467,579953324,379516466,579953327,579953326,579953325,690824765,690824749,690824748,866606424,922479075,922479076,730682845,730682868,730682867,730682869,589878721,730682864,730682866,945490938,730682863,730682844,589878716,945490937,943784964,943784963,943782516,943782515,730682843,589878718,730682865,730682842,730682862,589878720,589878719,589878715,1034782636,730684397,736826338,706164330,730771776,166653765,690808828,690808830,690808831,333831817,242409911,544187117,286636546,242409909,286656050,286636547,286636548,286664226,286636549,732157565,286664225,318948807,326073532,326073533,319649516,732157570,286656044,732157568,732157569,732157567,286656041,588733358,588733359,588733360,588952904,588733361,588952902,588733363,390805213,390805212,588726775,589459967,589459968,589459969,589459961,589459963,589459964,415224186,589459962,1047587836,1047587838,1047587837,1047587843,1047587839,1047587840,1047587841,1047587842,463612383,463612382,914641482,401668588,561611213,561611216,561611209,561611219,561611214,561611211,561611221,561611218,123242586,123242589,123242584,1447741497,1264205127,112698197,112698185,112698601,842026974,1455462300,1455462921,1455462291,1455462301,337361722,1362575098,245046146,1098853222,245045846,397809397,616677987,616677976,616677985,616677978,616677983,616677980,245045845,337361721,245045844"
Appartamenti Turati,45.052169,7.6691217,verde,wood,0,0,0,5,"256204639,1429927729,1430558097,1431902912,256273453"
Appartamenti Turati,45.052169,7.6691217,verde,forest,0,0,0,0,
Appartamenti Turati,45.052169,7.6691217,verde,meadow,0,0,0,0,
Appartamenti Turati,45.052169,7.6691217,verde,scrub,0,0,0,5,"360131117,1430193318,1429668705,1430558096,1432694422"
Appartamenti Turati,45.052169,7.6691217,verde,allotments,0,0,0,1,328621268
Appartamenti Turati,45.052169,7.6691217,verde,playground,0,1,11,39,"1135247414,171271131,77722951,589503930,50258285,77722952,111815995,579229091,50174964,7685973296,1114952714,10187943589,140235237,1135279252,165022279,306160704,556681453,906203825,306160702,448162839,1217815310,910933663,1445632679,660162335,660162333,942887046,942888157,105377046,83093080,4968614878,83051429,83051428,257509767,257509776,561242634,1193870930,132364747,1780526494,191211963"
Appartamenti Turati,45.052169,7.6691217,verde,recreation_ground,0,0,0,0,
Appartamenti Turati,45.052169,7.6691217,verde,nature_reserve,0,0,0,0,
Appartamenti Turati,45.052169,7.6691217,verde,lake,0,0,0,0,
Appartamenti Turati,45.052169,7.6691217,verde,reservoir,0,0,0,0,
Appartamenti Turati,45.052169,7.6691217,sport,fitness_centre,2,2,4,16,"12980028801,12748314201,8518130285,5846394818,9568693090,11841788895,10736644789,12886908643,9463603381,11297477634,10067097220,10784287024,12327658096,2018982152,4736058200,12547891555"
Appartamenti Turati,45.052169,7.6691217,sport,sports_centre,0,0,2,14,"41753512,646909066,3799075121,188466381,635797746,4735055931,4086520147,404714971,3332362719,749439074,256781255,286976821,9792328371,630344434"
Appartamenti Turati,45.052169,7.6691217,sport,stadium,0,0,0,2,"481253195,652725229"
Appartamenti Turati,45.052169,7.6691217,sport,swimming_pool,1,1,1,20,"49054011,106487528,191056430,1118749030,1118749029,1118749028,257509763,1422594069,749439076,1422594076,1432497807,1075063887,1422594077,1422594081,1263799982,1431902914,1432497796,856951591,1431902913,1433218610"
Appartamenti Turati,45.052169,7.6691217,sport,water_park,0,0,0,0,
Appartamenti Turati,45.052169,7.6691217,sport,pitch,0,0,13,96,"1114952586,166582169,166582150,166583970,481253196,499538129,124253933,425484921,1311366022,304926006,304926005,304926004,304926003,252850307,425484914,1311364291,1311364292,111815987,241336707,1385612307,689326916,1311364294,425484913,425484919,425484916,425484909,241263809,1311364295,1311364293,241263815,425484924,1132205221,7685973295,1062615795,1135281752,7685967898,823258433,166582149,166582159,166583971,860988474,151216651,10582643941,1135279253,166582161,1123200344,8415343321,1058456079,1058456078,906203826,556681458,556681459,7007648418,7007648417,436248508,448850336,1445632678,1058453911,839634186,839634187,253538106,1065476429,257509783,257509782,1347606402,1289661073,257509764,257509765,160090690,160090692,257509780,257509781,257509775,13151468861,390805226,257509784,869894480,859050130,859050133,869894478,869894475,869894481,1058452924,915561405,362273176,13284561433,13284561431,923782195,923780960,915561404,13284561432,1422594036,1422594070,1346976213,5410221475,245045843"
Appartamenti Turati,45.052169,7.6691217,sport,tennis_court,0,0,0,0,
Appartamenti Turati,45.052169,7.6691217,sport,golf_course,0,0,0,0,
Appartamenti Turati,45.052169,7.6691217,sport,ice_rink,0,0,0,0,
Appartamenti Turati,45.052169,7.6691217,sport,bowling_alley,0,0,0,0,
Appartamenti Turati,45.052169,7.6691217,sport,climbing_wall,0,0,0,0,
Appartamenti Turati,45.052169,7.6691217,sport,gym,0,0,0,0,
Appartamenti Turati,45.052169,7.6691217,commerciale,shop,0,0,0,0,
Appartamenti Turati,45.052169,7.6691217,educazione,school,0,0,6,34,"858864692,1123417943,436304902,253301354,799304797,131584960,744546260,3799075120,3799075123,282772081,837385370,690824769,242435627,7501518183,7501518184,367981582,1065476430,315598789,4736111631,4735804563,109771125,123376948,390805214,601868991,390805217,6189845887,190499456,190499455,298804713,243074534,250151807,2284034343,2284034348,117493773"
Appartamenti Turati,45.052169,7.6691217,educazione,kindergarten,0,0,1,9,"2592486650,3798287445,3799075125,3474642596,253301347,314888176,869894477,1328540432,2284034346"
Appartamenti Turati,45.052169,7.6691217,educazione,university,0,1,4,25,"10187943548,1172116313,12694977921,1063867657,8903777986,1107125327,1107125328,8496468303,1107125331,988062105,6944502291,6945638233,10132258250,6944516128,6944505643,6945671127,2714024340,749760378,9430411581,6339286102,4605849272,4605836657,4605847888,4605836658,2018055301"
Appartamenti Turati,45.052169,7.6691217,educazione,college,0,0,0,2,"318997570,12248046055"
Appartamenti Turati,45.052169,7.6691217,educazione,music_school,0,0,0,1,28109102
Appartamenti Turati,45.052169,7.6691217,educazione,driving_school,0,0,2,4,"10570991907,7077970133,8569299026,12886844895"
Appartamenti Turati,45.052169,7.6691217,educazione,research_institute,0,0,1,2,"190482116,6241694510"
Appartamenti Turati,45.052169,7.6691217,educazione,vocational_school,0,0,0,0,
Appartamenti Turati,45.052169,7.6691217,educazione,library,0,0,2,3,"4735799707,10229510808,4209315503"
Appartamenti Turati,45.052169,7.6691217,educazione,archive,0,0,0,0,
Appartamenti Turati,45.052169,7.6691217,educazione,museum,0,0,5,8,"12072302022,123180294,397514864,5482049568,4219719436,2981060587,6425777001,12393405666"
Appartamenti Turati,45.052169,7.6691217,educazione,community_centre,1,1,3,5,"13192364672,12616853914,12585045537,194336591,12548906803"
Appartamento Madama Cristina,45.0512601,7.6787232,sanità,healthcare,0,0,0,0,
Appartamento Madama Cristina,45.0512601,7.6787232,sanità,pharmacy,2,3,17,60,"12703506925,4735799619,4735803897,4735016415,1670302089,2135139106,1198867317,4735667414,4735021763,4735023412,12814474916,2592486643,7310501806,7310088536,6029326322,4735669404,4735721872,12800044441,2036336905,2036356385,4735719316,4412226590,9140119438,4735717950,7384890987,7376141996,4735056994,7379836453,12798227483,4735804570,4735804530,11782400574,2036360279,3893151255,4735829063,2018737316,4735056034,4735058545,4735717430,2018187040,619193786,4735828988,3224067528,5255625937,2593187678,2048347744,2018203641,5628622146,1333701639,2018982162,2019517474,2019532938,6827178588,5110808474,4736057638,4736055182,5206578925,7376141997,4736058640,4736054350"
Appartamento Madama Cristina,45.0512601,7.6787232,sanità,dentist,1,2,3,13,"7261094839,10698834221,8569291136,10751445003,12886910727,10737466798,351676886,8463109068,2406157072,11296229554,4195848889,5941324678,3373033912"
Appartamento Madama Cristina,45.0512601,7.6787232,sanità,veterinary,0,1,1,7,"6948201811,8518082749,11283174640,6942723111,12883887836,4735830189,4736055191"
Appartamento Madama Cristina,45.0512601,7.6787232,sanità,optician,0,0,0,0,
Appartamento Madama Cristina,45.0512601,7.6787232,sanità,medical_supply,0,0,0,4,"12867088801,11283227093,11064390829,3957940798"
Appartamento Madama Cristina,45.0512601,7.6787232,sanità,defibrillator,1,1,6,18,"12599100593,9376999100,10243877109,7227510560,12829755501,11071576234,9552060491,9137861147,7232177660,9515896704,4374929675,13015096966,8356951251,8210481138,6705560885,11273669529,5113659443,6851497986"
Appartamento Madama Cristina,45.0512601,7.6787232,sanità,hospital,0,0,1,10,"3538127652,305681074,3538149953,3070468685,149116211,3538149956,26294487,1196653949,190728046,191194250"
Appartamento Madama Cristina,45.0512601,7.6787232,sanità,clinic,1,2,8,25,"4086300425,1196177763,395057467,12816667601,12816667602,12816909558,12816909553,12814452400,12816909554,12814474932,12814452396,4735802143,10769197381,4086304459,6664922333,822529092,4735668281,4162728590,464291813,12168612107,3893264712,385995302,10698816652,2284074743,4086502595"
Appartamento Madama Cristina,45.0512601,7.6787232,sanità,doctors,0,0,0,0,
Appartamento Madama Cristina,45.0512601,7.6787232,mobilità,station,0,1,3,8,"1621378603,3253332071,893193542,1621697594,254594416,1622042729,3395226356,254594415"
Appartamento Madama Cristina,45.0512601,7.6787232,mobilità,subway_entrance,0,3,9,31,"3431330484,3431330485,3431330483,2617655139,1621378602,1621378600,1621378601,1213993997,1213994125,1213994014,3253332073,3431326297,10235736538,3431314077,3431314076,3431314075,10235736525,3253332072,1622042886,3283904468,1622042919,3431326298,5020207823,5020207824,1262284319,10260242427,10260242426,1262284354,2014746582,1262284353,10260242428"
Appartamento Madama Cristina,45.0512601,7.6787232,mobilità,tram_stop,3,8,21,88,"941491813,941491908,945383170,945383228,945383209,945383242,945383335,945383168,1230709942,941491761,941491518,941491902,941491727,1168929313,1167320836,1168929291,941491699,1167320919,941491496,1230709954,1230710110,1230709892,941491640,941491856,938733459,938733498,945268814,945268800,1185414536,1168929618,945268789,945268816,1167321000,945268799,1199240661,1229263858,1167320990,1167320859,1167321088,1167321041,1167320969,1167320960,1185414562,1168270672,950433574,951424216,1230710018,4997702728,1229827204,1231011119,1229827337,1231011175,1229580323,1229827230,1229580314,1229827620,941491483,941491672,941491612,1168270471,1168270534,941491716,941491868,1185414486,1229580315,1229827224,1227966230,1168270660,1185414504,1227966231,1167320937,12101484067,1168929427,12100765982,1229827150,1229580304,1230710216,1230709587,1230709694,1230710154,1230710053,1230710389,1227966234,1227966232,1227966233,1229263766,943330819,943330805"
Appartamento Madama Cristina,45.0512601,7.6787232,mobilità,bus_stop,7,24,69,323,"1262202902,1262211523,1262195661,1262208280,1262192621,1262210202,3226168498,1262191964,1262204703,1262200130,1262200239,1262209564,1262199832,1262187034,1262212592,1262212443,1262203317,1262201548,1262194534,937605183,1198909279,1198909287,937605170,937605201,937605172,10200584299,1185414537,10200408844,1262206025,1185414591,10200584300,10200408843,1198867501,1198867296,1185441587,3979495903,10200408842,1185441561,1230710173,1185441537,1262196617,1262196377,1262205652,1262198085,1262188120,1262192773,1262202694,1262199993,1262198818,1262207113,1262182479,1262189238,1213368963,1185809746,1185809738,1262208641,1185809741,1262208307,1185414473,1185809759,1262194959,1262188782,1185809737,1262199883,1262204464,1262187238,1262197176,1262207473,1262195467,1262192496,1262195984,1262196079,1262196389,1262189057,1262207017,1185809754,1185809736,1399644213,1131464110,1399644528,1262212319,937605193,937605195,937605181,937605194,937605189,1262198275,1198867720,1262200618,1262210403,1198867646,1198867624,1262199732,1198867456,1167320783,1262207954,1262187635,1262208539,1262200757,1262204432,1262205523,1262195376,1262203331,1262207470,1185414571,1231011126,1168929258,1198867528,1199003141,1168929465,1185815850,1262195065,1262182588,937605174,937605197,1199240778,937605169,1168929641,937605192,1168929327,937605175,1262195535,937605200,1229263756,1262201038,1262206788,1198867355,1262188427,13357227255,1198867590,1198867343,1198867678,1168929435,1198867713,1168929622,937605184,1185414408,1525407946,1262208796,937605187,1262193964,1262202938,1262210261,1262196361,1262193644,1262211503,937605188,1168270573,937605198,937605176,1262203237,1262209394,1262210127,1262208005,1262184768,1262199100,1262191907,1262207759,1262195389,1262197179,1262186062,1262205538,1262210265,1262200309,1262196573,1262207033,1262211281,1262196222,1262185598,1262203692,1262190108,1262203588,1262190098,1262209814,1262208210,1262204320,1262192681,1262200032,1262190944,1262212994,1262195471,1262209837,1262196128,1262195993,1491228853,1262210935,1262182560,1262201063,1262187879,1262203150,1262212811,1262183335,1262204440,5594891025,1262199964,1262199168,1262182219,1399644425,1262198176,1262197433,1262192786,1262197275,1262200205,1262207921,1262210546,1262182382,1262192501,1262201910,1262192626,1229580308,4605836659,1262204898,12876021888,1229580300,1262196357,1262211500,1262208182,1262192466,1262196307,1262195324,1262209515,1262196647,1262212519,1262207853,1480474270,1262210350,1262190981,1262207187,1262197218,1262184662,1262204656,1262196134,1480474276,1262203192,1262194723,1262209179,1262196512,1262206934,1262207679,1480474287,1480474282,1262211196,1262199022,1480474260,1262197190,1480474258,1262184419,1480474268,1480474269,1480474262,1262198132,1262197142,1480474257,1262209613,1262208977,1262182398,1168929344,1262197041,1262207547,1198867604,8289837996,1262195219,8289837997,1262185354,1262181975,1262197387,1168270553,1168929565,1168270407,10200408841,4575722855,10066805517,1185414522,1262199608,1491228855,1262202711,1262199542,1262186722,1229580316,1229827663,1262208483,10136283371,1168270570,1168270559,1185414520,12876021885,1262211444,1168929371,1262200499,1262196215,1262201567,1262196300,1262198051,1262197657,1525407917,1262206483,1168929432,1491228856,1262209446,1229827101,1229580311,1399644118,1262197436,1262211451,1262205080,1262192792,1262199977,1262195420,1262205970,1262195822,1168270639,1185414410,1262208503,1185414465,1262194546,5117626905,1262182576,1262206389,1262208051,1262196187,1262191998,1262195567,1270905157"
Appartamento Madama Cristina,45.0512601,7.6787232,mobilità,charging_station,0,4,15,55,"9826286304,9826286310,9826286309,9826286308,9826286307,9826286305,9826286306,10023825560,11066736413,10023825565,10023825563,10023825564,10023825562,10023825561,4691906382,10686606848,4691906381,8273687163,12206458665,9331784402,5545629913,10862580324,11107468089,10023825566,11253226587,9056770766,8496473717,8496473719,8496473718,13254288285,9884949609,9884949607,9884949611,9884949608,9884949610,10676666527,11676231525,3906238205,11694139826,13254333741,12881604940,10132403023,10132403019,10132403022,10132403020,10132403021,10024930203,12848949670,12385342507,3906239156,5545493680,10024930198,10024930204,9903597728,3906262432"
Appartamento Madama Cristina,45.0512601,7.6787232,mobilità,car_sharing,0,0,0,0,
Appartamento Madama Cristina,45.0512601,7.6787232,mobilità,taxi,0,0,1,10,"1720500302,450595752,4289455496,2016414163,8316678430,2019632236,5020220491,5020220492,5941325188,3241731964"
Appartamento Madama Cristina,45.0512601,7.6787232,mobilità,parking,1,17,36,136,"48275806,305681433,253301357,305680190,305940763,190437232,190437231,12026842569,166457327,4247924022,54740253,166596459,241336708,1128003509,166585310,3319891484,131477884,166652711,166652710,839634184,7077733654,330956379,330956378,313088902,313088903,166630018,291492675,50259560,1126042539,1126043797,1126047090,1190970428,1340364497,49580893,925276467,1348523735,108470282,942603632,942603631,736824357,706164324,730684398,1300583616,1419477429,736824358,1076957801,730771775,166652712,83042948,1383582583,1381841252,1381841251,5693045436,12809872841,1381841253,166611428,1424188534,257509768,305940327,588952908,305941030,257509769,257509770,257509771,257509772,82207171,257509773,257509774,9676270320,1046462111,1423071183,1422867667,1220165362,1220165363,1423260184,770822807,770822809,770822808,454001359,454001349,1621697577,257509778,257509777,330503346,915561379,1218148322,914641500,914641495,914641496,914641504,914641505,914641487,914641506,596527947,914641494,489020583,1409158807,7195363113,282924801,191173232,112172255,1075063889,747831924,7573315188,966980831,45819032,1432694418,1433218612,842479608,842479609,842479611,132406184,69976487,77914307,1256054371,1441572060,1255963826,1455462286,4488383689,248772281,248160665,13260980844,2019632224,1227966229,275161406,2284374403,3363420315,1218557983,1057905850,316211275,319749756,249248499,319742232,191375051,5941325249,124778755"
Appartamento Madama Cristina,45.0512601,7.6787232,mobilità,car_rental,2,2,4,8,"1170039574,1170039581,13363265154,6113511883,11104716244,5628622134,5941325247,5941325228"
Appartamento Madama Cristina,45.0512601,7.6787232,mobilità,bicycle_parking,1,17,49,161,"12168185381,11648561445,11648573495,638741442,1780322685,7076063185,1780322731,11274729769,2699759047,2699759049,2699759048,2699759050,2699759052,2699759053,2699759051,2699760637,2699759056,2699759058,2699759057,2699757974,443101911,7815134909,7815134911,7815134910,7815134913,7815134912,11673291208,11673243325,7076063186,7076063187,7076063189,7076063188,5347703556,12153279090,7076001884,11933465157,7076001882,2635518486,7076001883,7076001878,7076063193,7076063194,7076063195,7076063192,2699759055,2699759054,11913808736,7054259454,9771620395,10011778505,7076063191,6954549387,6954549388,10802789582,2699757972,2699757973,2699757978,2699757975,9536387625,706004735,9536764388,9515661833,2699754605,10159318064,2699754610,2699754609,7076001881,7076001880,7076001879,7076063190,12168185377,8496468307,11082056515,8496468304,8496468306,8496468305,11082056516,11082056517,11182198684,5226211759,7076001868,12365551375,7076001867,7076001864,7076001863,7076001865,13283071994,13283160701,13283086792,9122302517,6909804800,9330196749,5594891026,13283101982,8638211147,9038187426,13283226975,11274729970,9884528466,7076063196,7076063197,7076063198,9321076956,4063688590,7076001861,7076001862,2282486102,5113659453,7076001866,11983497399,11983479625,2017190763,2018982169,7076063202,7076063203,12009896156,13324660699,7076063201,10884404308,7076063200,7076063199,12681485187,12681485188,6149852920,2699753943,2699753944,2699753946,5117627158,5113659515,10779500105,5968582882,5968581908,6827178603,12068659438,5941325235,7076063204,7076063205,7076063206,11277111680,11277111681,7076063207,10777961006,12650442898,7076063208,7076063209,8026222938,7076063210,7076063211,7076063212,7076063213,5117627124,5941324676,5941324684,5941325233,2048050409,5941324672,11966746787,5941325227,5941325219,11966792060,5941325190"
Appartamento Madama Cristina,45.0512601,7.6787232,mobilità,bicycle_rental,0,0,1,1,12068398566
Appartamento Madama Cristina,45.0512601,7.6787232,mobilità,primary,0,0,0,0,
Appartamento Madama Cristina,45.0512601,7.6787232,mobilità,secondary,0,0,0,0,
Appartamento Madama Cristina,45.0512601,7.6787232,verde,park,0,1,5,23,"588666372,305683893,589659003,579229093,149395093,166596454,106251930,44503795,88206888,149395470,39789990,589863206,1164953300,1424069956,335352981,698756805,549096612,111646227,112172943,1432694404,23026345,22897848,457323344"
Appartamento Madama Cristina,45.0512601,7.6787232,verde,garden,0,3,31,173,"1135279260,436247597,436245116,436245118,436245117,23089011,589878717,436247596,28193052,3784063293,306423388,1430193314,1430193313,1424069959,1430193319,1423071221,1430193315,1428461507,1428218673,1428218674,1427931417,1428218676,1428461506,1430193322,1428461508,1423260200,1423260183,108470281,404714970,29183708,1430193309,23089014,581600236,664912057,191051285,1429655975,1429668701,1429927724,1429927720,1429668708,1429668706,1429668703,1430558115,1429655972,1429927718,1429927726,1429668711,1429668710,1429668709,1430558102,1430193311,1430558111,1430558114,1429655978,1430558101,1429655977,1430558098,1431902919,1432497805,1432497804,1431902918,1432497803,1431902920,1432497799,1431902926,1431902917,1430558093,1431902925,1431902923,1432497802,1431902908,1431902916,1432497790,1432497798,1432497801,1431902915,1431902907,1431902906,1432497788,635651375,1432497787,1432497786,303807502,1432497777,1432497771,1432497780,1432542554,1432694413,1432542546,1432694420,1432694414,1432694410,1432694408,1433218603,1432694412,1433516891,1433516897,1432694406,1433516899,1433218602,1433218608,1433218609,1433218611,635651377,1433516893,1433516896,1434558345,1434859342,1429455090,1431214248,1429531893,1429531906,1431167268,1431167270,1435026062,1429455089,1429531911,1435026061,1435026060,1429455098,1435026072,1429531910,1435074195,1435248845,1435248868,1435248844,1435074194,1435248869,1435248853,1435074200,1435074202,1435074193,1435248854,1435248861,1435248860,1433516866,1434558331,1433516869,1433516870,1434558326,1434859339,1434558323,1434558321,1434558344,1434859340,1433516867,1434859343,1434859351,1434859338,1434558312,1434558342,1434558339,1434558336,1434558316,1433516874,1434558328,1434558319,1434558314,1434558315,1433516882,1434558313,1433516875,1434859334,1434859333,1434558318,1434558317,1435026103,1435026104,1412323438,561608551,318993599,251488296,23026360"
Appartamento Madama Cristina,45.0512601,7.6787232,verde,grass,0,14,66,247,"485909319,485900905,485909318,485909324,485909323,485909321,485909322,588745417,588745424,588745422,588745419,588745408,588745405,588745412,588745410,101510078,612374681,612374682,588952912,612374680,588952906,588666384,588666381,588666382,588726773,561542442,561542441,579229113,561619126,561619122,561619130,561619125,561619121,579229112,579229108,561619129,579229110,579229099,579229097,579229106,579229101,862454070,1128002965,1128002964,1128002962,1128002963,1126792071,131477879,166596453,131477878,757727656,131477880,757727655,154500737,234298714,234298715,234298692,234298708,234298712,234298709,234298702,234298698,234298695,234298694,234298699,234298703,234298687,234298690,234298711,234298688,234298707,234298706,234298700,234298713,234298697,234298696,234298689,234298693,234298705,234298701,234298704,181232343,181232355,181232342,181232340,181232352,181232353,577460557,485912130,485912131,485912126,485912128,485912129,579229154,485912127,579229089,1126040506,1126042440,730665854,690822581,690822578,690822577,579953323,579953322,579953321,579953320,579953319,579953318,579953317,579916574,579916577,579953316,579953328,690822582,379516467,579953324,379516466,579953327,579953326,579953325,690824765,690824749,690824748,866606424,922479075,922479076,730682845,730682868,730682867,730682869,589878721,730682864,730682866,945490938,730682863,730682844,589878716,945490937,943784964,943784963,943782516,943782515,730682843,589878718,730682865,730682842,730682862,589878720,589878719,589878715,1034782636,730684397,736826338,706164330,730771776,166653765,690808828,690808830,690808831,333831817,544187117,286636546,286636547,286636548,286636549,318948807,326073532,326073533,319649516,588952917,588733358,588733359,588733360,588952904,588733361,588952902,588952915,588733363,390805213,390805212,1424069955,430869532,588726775,589459967,589459968,589459969,589459961,589459963,589459964,415224186,589459962,1047587836,1047587838,1047587837,1047587843,1047587839,1047587840,1047587841,1047587842,463612383,463612382,914641482,401668588,561611213,561611216,561611209,561611219,561611214,561611211,561611221,561611218,123242586,123242589,123242584,1447741497,1264205127,112698197,112698185,112698601,842026974,1429531892,1435026096,1435026095,1435026078,1435026075,1433516865,1455462300,1455462921,1455462291,1455462301,337361722,1362575098,192061492,245046146,1098853222,245045846,397809397,616677987,616677976,616677985,616677978,616677983,616677980,245045845,337361720,337361721,245045844"
Appartamento Madama Cristina,45.0512601,7.6787232,verde,wood,0,0,1,24,"274216280,256204639,1429668713,1429927729,1075307130,1430558097,1431902912,256273453,1433516888,1075307129,1429531902,1429655981,1435026069,1428971488,1435026063,1435026076,1435026071,1431214247,1434859332,1433516863,1434859344,1434859331,1435026077,457323345"
Appartamento Madama Cristina,45.0512601,7.6787232,verde,forest,0,0,0,1,28110850
Appartamento Madama Cristina,45.0512601,7.6787232,verde,meadow,0,0,0,0,
Appartamento Madama Cristina,45.0512601,7.6787232,verde,scrub,0,0,0,13,"1430193318,1429927730,1428218675,1429668705,1430558096,1431167269,1432694422,1429455088,1431167266,1435248870,1435248842,1435248867,1441572063"
Appartamento Madama Cristina,45.0512601,7.6787232,verde,allotments,0,1,1,1,328621268
Appartamento Madama Cristina,45.0512601,7.6787232,verde,playground,0,2,7,27,"77722952,111815995,579229091,1135279252,448162839,1217815310,910933663,1445632679,660162335,660162333,942887046,942888157,105377046,83093080,4968614878,83051429,83051428,257509767,257509776,561242634,1193870930,132364747,1433218613,1432694403,1780526494,191211963,1168299039"
Appartamento Madama Cristina,45.0512601,7.6787232,verde,recreation_ground,0,0,0,0,
Appartamento Madama Cristina,45.0512601,7.6787232,verde,nature_reserve,0,0,0,0,
Appartamento Madama Cristina,45.0512601,7.6787232,verde,lake,0,0,0,0,
Appartamento Madama Cristina,45.0512601,7.6787232,verde,reservoir,0,0,0,0,
Appartamento Madama Cristina,45.0512601,7.6787232,sport,fitness_centre,0,1,4,13,"12748314201,8518130285,11841788895,10736644789,12886908643,9463603381,11297477634,10067097220,10784287024,12327658096,2018982152,4736058200,12547891555"
Appartamento Madama Cristina,45.0512601,7.6787232,sport,sports_centre,0,1,5,14,"188466381,494397784,635797746,4735055931,4086520147,404714971,3332362719,749439074,256781255,286976821,9792328371,630344434,458039656,458039655"
Appartamento Madama Cristina,45.0512601,7.6787232,sport,stadium,0,0,0,0,
Appartamento Madama Cristina,45.0512601,7.6787232,sport,swimming_pool,0,1,9,46,"191056430,1118749030,1118749029,1118749028,257509763,1422783951,1275288859,1275288856,1275288857,1422783977,1422783961,1422783972,1422783995,1422594033,1422783989,1422783986,1422594069,749439076,1422419030,1422418993,1422418990,1422419019,1422418987,1422418984,1422224010,1422224027,1422594076,1432497807,1075063887,1422594077,1422594081,1263799982,1431902914,1432497796,856951591,1431902913,1433218610,1433218607,1429531899,692335424,1435074201,899626040,1435026110,1323785257,1411982775,320710589"
Appartamento Madama Cristina,45.0512601,7.6787232,sport,water_park,0,0,0,0,
Appartamento Madama Cristina,45.0512601,7.6787232,sport,pitch,0,2,11,74,"241336707,689326916,425484913,425484916,241263809,241263815,425484924,10582643941,1135279253,436248508,448850336,1445632678,1058453911,839634186,839634187,253538106,1065476429,257509783,257509782,1347606402,1289661073,257509764,257509765,160090690,160090692,257509780,257509781,257509775,13151468861,390805226,257509784,869894480,859050130,859050133,869894478,869894475,869894481,1058452924,915561405,362273176,13284561433,13284561431,923782195,923780960,915561404,13284561432,1422419022,1422594036,1422418992,1422594070,1346976213,1089685037,1429531896,1421975477,1428971499,1005248573,1005248575,1005248574,5410221475,117526387,1347180844,1190222149,117526384,1190222452,1190222148,117526386,1347180845,117526378,1347180843,245045843,358681038,358681041,358681042,358681037"
Appartamento Madama Cristina,45.0512601,7.6787232,sport,tennis_court,0,0,0,0,
Appartamento Madama Cristina,45.0512601,7.6787232,sport,golf_course,0,0,0,0,
Appartamento Madama Cristina,45.0512601,7.6787232,sport,ice_rink,0,0,0,0,
Appartamento Madama Cristina,45.0512601,7.6787232,sport,bowling_alley,0,0,0,0,
Appartamento Madama Cristina,45.0512601,7.6787232,sport,climbing_wall,0,0,0,0,
Appartamento Madama Cristina,45.0512601,7.6787232,sport,gym,0,0,0,0,
Appartamento Madama Cristina,45.0512601,7.6787232,commerciale,shop,0,0,0,0,
Appartamento Madama Cristina,45.0512601,7.6787232,educazione,school,1,2,4,27,"436304902,253301354,690824769,242435627,7501518183,7501518184,367981582,1065476430,315598789,4735804563,109771125,123376948,390805214,601868991,390805217,6189845887,190499456,190499455,298804713,1075307126,243074534,250151807,2284034343,2284034348,117493773,1304814076,1168299038"
Appartamento Madama Cristina,45.0512601,7.6787232,educazione,kindergarten,0,0,1,8,"2592486650,3474642596,253301347,314888176,869894477,1328540432,2284034346,7807308276"
Appartamento Madama Cristina,45.0512601,7.6787232,educazione,university,2,6,20,28,"12694977921,1063867657,8903777986,1107125327,1107125328,8496468303,1107125331,988062105,6944502291,6945638233,10132258250,6944516128,6944505643,6945671127,2714024340,749760378,9430411581,6339286102,4605849272,4605836657,4605847888,4605836658,192604816,2577028412,2577029282,2018055299,2018055301,9739802942"
Appartamento Madama Cristina,45.0512601,7.6787232,educazione,college,0,0,0,2,"318997570,12248046055"
Appartamento Madama Cristina,45.0512601,7.6787232,educazione,music_school,0,0,0,1,28109102
Appartamento Madama Cristina,45.0512601,7.6787232,educazione,driving_school,0,0,1,4,"7077970133,8569299026,12886844895,12089511784"
Appartamento Madama Cristina,45.0512601,7.6787232,educazione,research_institute,0,1,1,2,"190482116,6241694510"
Appartamento Madama Cristina,45.0512601,7.6787232,educazione,vocational_school,0,0,0,0,
Appartamento Madama Cristina,45.0512601,7.6787232,educazione,library,0,0,2,4,"4735799707,10229510808,4209315503,4936115896"
Appartamento Madama Cristina,45.0512601,7.6787232,educazione,archive,0,0,0,0,
Appartamento Madama Cristina,45.0512601,7.6787232,educazione,museum,3,4,6,14,"12072302022,123180294,5482049568,4219719436,2981060587,6425777001,12393405666,6433935512,9585924917,5171950042,246516587,1333701144,6431480861,246443715"
Appartamento Madama Cristina,45.0512601,7.6787232,educazione,community_centre,0,1,3,5,"13192364672,12616853914,12585045537,194336591,12548906803"
Residenza universitaria Alexandra,45.0823535,7.6854959,sanità,healthcare,0,0,0,0,
Residenza universitaria Alexandra,45.0823535,7.6854959,sanità,pharmacy,1,3,14,76,"7372912660,4734222157,7372912662,7372912663,7312267251,3342806293,7372912661,7312091706,4736083750,4736083746,7372987830,7312142691,7378996367,10684062914,4733867927,10766828805,7310122343,4736110877,5113659491,2019532938,6827178588,5110808474,4736057638,2048276171,7376114116,12691580935,4736054350,7312494521,4736054639,4736054574,12018327204,306557185,4735867352,306556997,5117627162,7373154098,4736077953,2068598491,3340684507,7372987831,7373154099,2018175898,7379060407,3416861086,4733628841,2097331576,3340678134,2097331604,4733988594,7368574413,309669048,3340681064,4733630118,4732591993,2593583368,9405942960,4733528397,4733528549,8059810892,1547962818,7312465285,4732670739,2593583387,4732664336,306556702,4733992598,7368557707,4733987014,4733974238,4733975666,7378991035,5167401327,4732595383,4732587034,7309053401,846413546"
Residenza universitaria Alexandra,45.0823535,7.6854959,sanità,dentist,0,0,1,6,"4195848889,5941324678,6564881971,4732594038,12076633860,6868743560"
Residenza universitaria Alexandra,45.0823535,7.6854959,sanità,veterinary,0,0,0,4,"13170595046,2018192326,4733990660,11167653306"
Residenza universitaria Alexandra,45.0823535,7.6854959,sanità,optician,0,0,0,0,
Residenza universitaria Alexandra,45.0823535,7.6854959,sanità,medical_supply,0,0,0,0,
Residenza universitaria Alexandra,45.0823535,7.6854959,sanità,defibrillator,0,0,3,23,"5121847084,7934552531,13239427956,6705560885,11273669529,5113659443,6851497986,12095446701,6851187750,6853723885,8334794474,6851437489,6853946708,6853946004,6851357885,10942463291,3722895975,8025708191,10004554628,6877134124,9612498223,7230718281,7139691092"
Residenza universitaria Alexandra,45.0823535,7.6854959,sanità,hospital,0,1,2,4,"294267544,316203053,777989578,1196177764"
Residenza universitaria Alexandra,45.0823535,7.6854959,sanità,clinic,0,0,2,8,"11290349432,10567218284,10567228303,13314604189,2284074743,3290263940,406569896,4086241234"
Residenza universitaria Alexandra,45.0823535,7.6854959,sanità,doctors,0,0,0,0,
Residenza universitaria Alexandra,45.0823535,7.6854959,mobilità,station,0,0,0,4,"2081499942,11592793752,432803698,3395218674"
Residenza universitaria Alexandra,45.0823535,7.6854959,mobilità,subway_entrance,0,0,0,13,"1367855914,957923361,957923319,957923307,957923318,2299299618,3283630305,1367855920,1026285948,1026285957,1026285955,1026285950,1367855922"
Residenza universitaria Alexandra,45.0823535,7.6854959,mobilità,tram_stop,2,6,26,99,"943330794,943330773,943330793,945268805,943330838,11294052063,945268802,1624209638,948015761,948015895,1569477511,1569477500,943330850,3514463818,1169943939,945268803,945268817,948016123,948015910,1167320937,12101484067,1168929427,12100765982,941491637,12101484058,1624209624,1843302903,941491545,943330768,1370347434,1229263851,1370347438,1227966233,1229263766,1229264040,12616325336,12715581050,12978416484,12978416485,943330769,12715581035,12978416486,1168270587,1168270504,1230710263,1230709737,1230709859,11281834064,1168270599,1270651267,947982002,947982146,1262194799,1624209625,941491939,941491471,948016002,1167320980,1167320769,941491730,948016031,948016167,1167320925,12978416487,1229263814,1229263917,1231011198,1229264035,1229263857,11660081125,1168270491,947982084,947981932,948015780,945268808,948015938,945268793,948015923,948016134,941491929,12296376831,941491766,939124434,941491818,941491551,941671400,941671307,941671472,1230710101,947982115,1168270479,947982009,947982103,941671452,941671323,1262203527,941671509,1167320813,1167320906"
Residenza universitaria Alexandra,45.0823535,7.6854959,mobilità,bus_stop,7,17,93,386,"1262202938,1262210261,4665090550,4665090551,943330789,1262204189,943330813,1262203134,1262208172,937954790,1254531622,1254531604,1199240667,10938458345,1262197535,1262194358,8496496625,1262202182,4248370551,4245731174,4443910584,1262182722,1262198202,1262203078,1199240749,1262193035,943330835,937954831,1254531567,1262206062,2299299616,937605198,937605176,1262203237,937605196,937605190,1199240598,943330808,1262209067,1816820005,1524833867,1262194622,1254531589,1254531599,1262192569,1534402607,1262199643,1534402620,1262209355,1816820048,937954690,1199240497,1169943950,1199240580,1262203543,1262194491,1254531584,1262208183,1262199327,1262190791,1262192727,1262203691,1525407819,1816820135,4357263598,1262209141,1262211268,1262208965,1262194453,1262199136,1262185091,1262197302,1262204596,1262194624,1262207744,1262209011,1262203586,1262182214,1262183313,1262201881,1262207876,1262191135,1262198629,1262206242,1262194923,1262210903,1262183810,1262204006,1262198055,1262186650,1262199524,1262211444,1168929371,1262200499,1262196215,1262201567,1262196300,1262198051,1262197657,1525407917,1262206483,1262203392,3229868385,3262101385,1168929432,1491228856,1262197246,1198867662,1262188506,1262197678,1262208401,1262209581,1262199837,1262209446,1198867402,1262207476,1262190131,1491228854,11657164483,11657164484,1262208503,1185414465,1262194546,1262208323,5117626905,1262209930,1262198026,1185414577,6851570620,1262199075,1262182576,1262200213,1262203030,1262212401,3350111050,1262198097,1262196900,1262196798,3350079082,1262209112,1262211982,1262212615,1262189828,1262204404,1262207790,1262196422,1270651264,1262196590,12194813096,937605171,1262199772,937954712,1262182632,1262212512,1262199811,1262199749,1262188243,1262206716,1262207159,1262212066,1262208315,1198867441,1198867537,1262208216,1169944015,1198867556,1198867687,1198867567,1262204512,1262201395,1262194929,1262196877,1262195824,1262211446,1262208031,1262196779,1262210312,1231011141,1262190386,1262195510,1262200404,1262204567,1262212826,1262211802,1262194968,1262198250,1262202417,1262185638,1262198884,1262195633,1262212644,1262199697,1262183610,1262209326,1169944001,1262210342,1262201382,1199240610,1262192916,1262195506,1262204561,1169944104,1169944065,1262203915,1262211062,1262182640,1262208804,1262209142,1262208471,1262212637,1262210724,1262205191,1262208862,5170992749,1262198865,1262203646,1262207847,1262200944,1262197431,1262199070,2291910682,1262204651,1262195627,11900736750,11900736751,1262205952,1262200770,1262194786,1262208693,1262194006,1262208285,1262203594,1262199227,1262182243,1262199140,1262197279,1262197344,1262205700,1262209070,1262208866,1262193851,1262204144,1262195892,1262197057,1262208091,1262181780,1262207924,1262187051,1262197366,1262209473,1262199613,1262205219,1262193440,1262182373,1262203154,1262209149,1262194631,4281873690,1262195240,1262204335,1262196046,1262191446,1262208207,1262208276,1262198533,1262208764,1262184176,1262193104,13208780379,1262208589,1231011153,1262195698,1262204769,13208780378,12876021883,3226552301,3226552300,1262201740,1262187727,3226552298,3226552302,3226552299,1262209157,1262199236,13208780374,1262202819,1262210263,1262203708,1262186164,1262186807,1262201120,1668063915,1262188886,1262198214,1262193412,1262182759,1262209328,1262211594,1262203860,1262182532,11599304627,1262200672,1262184893,1262209370,1262211559,1262192547,1524429488,1524429497,1262194599,1262188221,1262199810,1262203733,1262209713,1262202067,1262182607,1262189955,1262200265,1524429483,1262183967,1262191217,1524429466,1262202263,1524429462,1262201969,1524429477,1262211705,3351625103,1262184724,1262201445,13208780376,1262208415,1262191526,1262204674,8494339395,1262206187,1262210276,1262211631,1262196561,1262199094,1262210179,1262208990,1262187998,1262195452,1262194481,1262209468,1262205682,1262208976,1262193690,1262203243,1262198093,1262203848,11397942433,1262199966,11397942432,1262209208,2291910742,6194686536,2291878840,11397942430,11397942431,1262197153,1262201584,1262192078,1262207690,1262200681,1262190738,1262209253,1262199439,1262182564,1262189533,1262198302,12987986227,1262183174,1262201224,1262211071,1262207362,1262210147,1262200174,1262207449,1262204449,1262208734,1262190822,8489656770,1262195654,1262208295,1262189157"
Residenza universitaria Alexandra,45.0823535,7.6854959,mobilità,charging_station,0,0,6,33,"4671233528,12801752468,13074606106,13074583239,12974489257,3906163545,7787992006,4733959314,10608756008,11694139826,12385342507,3906239156,5545493680,5255643474,10024930204,11330971755,13175098408,11640502278,544516332,12849058997,13031168994,10682653692,9903597730,9892110268,7944759282,11243926724,11243926727,11243926726,11243926728,11243926725,9386005083,6133074685,13064911110"
Residenza universitaria Alexandra,45.0823535,7.6854959,mobilità,car_sharing,0,0,0,2,"4749176847,3906283850"
Residenza universitaria Alexandra,45.0823535,7.6854959,mobilità,taxi,0,1,3,15,"2902424080,1545661422,3241731973,2902424082,604332918,5020220491,5020220492,3241731972,3241731971,3241731964,2902424078,5167146632,2902424079,2898774433,12994715919"
Residenza universitaria Alexandra,45.0823535,7.6854959,mobilità,parking,4,14,66,191,"1109043885,928634211,928634186,5239566614,352332303,928634275,635372762,635372763,320706078,320706077,166616053,166611428,125745550,586939744,12197274454,1351673211,23090218,1219311967,1219311969,1062840998,1063527547,1062853762,1062853768,1219311968,525108995,621732915,310919719,846925182,840256684,644610711,151998821,151998771,58378277,275161406,2284374403,5997771287,5997780786,320706080,5997812985,635372765,320706079,3363420315,22953965,249248499,191375051,193000008,435793218,1255999599,731592384,731605916,436314967,242957870,6851422048,733635639,1262706519,3343691149,3343561833,5997772786,5997773586,5997772787,5997773587,5997780785,96556746,5993028887,5993028888,635989603,5997762385,308834324,1122299605,5997837886,5997837887,5997806485,5997788087,5997771286,108459796,652758231,262648990,365889975,288283917,1107364662,365889357,846901935,1107364663,553224994,5239210899,5340476663,388422914,256336198,149459698,2275474998,288891940,2275474626,532901305,133130652,373093368,1426204055,196859076,182857158,731932434,5167031324,5167144776,2275474473,5167017427,2275474943,1215783014,256336302,1215783015,7115553619,256336239,1215783013,1215783012,1215783010,1215783011,1266554225,455120610,1266554226,1266554228,5167507370,5167507369,5167507368,5167017523,524348972,965835743,5167507373,5167507374,5167507371,5167496327,5167496722,5167507377,5167501147,5167507376,387341670,5167507375,5167507372,5167500679,2659508406,5167499335,5167500677,5167500678,5167510465,5167500713,1426439916,3343577420,577263229,166616614,846901934,328929579,1421696089,1158404279,1158404305,1158404302,1158404303,1158404300,1158404301,1158404304,1158454601,846018295,886739419,846003849,846003846,253369390,288783063,846003847,846018317,930961648,846018316,288783085,3343610008,1421696091,846003848,846003845,528717398,930680492,288783053,846003819,253369383,846901932,541871603,1075703471,133393920,555008810,404395880,808449058,808449055,808449056,1412530123,1412530120,1412530122,1412530121,1072071037,23116896"
Residenza universitaria Alexandra,45.0823535,7.6854959,mobilità,car_rental,0,0,0,0,
Residenza universitaria Alexandra,45.0823535,7.6854959,mobilità,bicycle_parking,1,3,38,212,"2699745136,2699745135,12165781958,12165781957,7076063264,7188790471,7076063257,7188790470,7076063260,7076063258,7076063256,7076063262,7076063263,7076063265,7076063259,7076063261,2699757982,2699757981,2699757983,2699757984,2699757985,2699757986,2699757987,2699757989,2699752845,2699752839,2699757988,10959344809,2699753945,2699754613,2699754610,2699754609,13142999531,13143056907,10741520276,10741540187,2699752835,13142731612,2699752836,2699752843,2699752848,12423088352,12423084564,2699752837,2699752846,7076063266,7076063268,7076063269,11357996666,11357989903,2699752855,7076063267,2699752858,10873504966,3748951425,2699743590,10770406639,2699752850,12227768290,12962232569,10874232260,10873504967,2699743591,2699743592,10873504965,11505942798,2699740343,13175581648,13026972875,10873504964,13026966312,13026970105,11963628161,10766828705,6149852920,2699753943,2699753944,2699753946,2699753947,2699753951,2699753950,2699753949,2699753948,5117627158,5113659515,10779500105,2699753644,5968582882,5968581908,6827178603,12068659438,5941325235,2699753641,2699753643,2699753642,11966746787,9740895475,12634535120,12634548501,12634222020,12634416056,9740895502,9740888733,10759662318,11238380039,11238380037,11238380038,13011786017,13011795861,11368531149,9224843549,11832986276,12020238320,11964721442,11832991702,11832980125,12915235956,2699752844,2699752833,2699752840,2699752831,10951467173,2699752842,10951467161,2699752853,10883132771,2699752854,2699752859,2699752857,2699752834,2699752832,9307377317,9307358113,13074641241,6851396187,5998289584,5998291995,9740888734,12182105961,11622870823,10823910305,10827570606,12960979068,2699743594,12960995980,13031764505,13031144492,13031774310,13031783911,13031764501,13031764500,13031773532,13031773533,11084637605,12079627878,10767946305,10873504963,10873504951,5167135825,10823892608,12208848355,10823869008,12852846568,10823876406,5167151738,5167151741,5167151742,5167151743,5167151740,5167119931,5167151745,5167157222,5167151737,5167148032,5167110789,5167157224,5167157223,5167151744,5167157221,5167151736,5167151746,5167151739,5167157198,5167157199,5542175056,9903597733,13143013240,5542175064,5542175063,10994156060,10994156059,11622870824,5542175057,5534040230,5534052431,13143058309,13143034941,13143041199,5542175058,5542175059,5542175061,13143022643,10994232050,5542175062,10827604005,10827603806,10833477005,10833478805,12914341079,10832280807,12989981504,12997304022"
Residenza universitaria Alexandra,45.0823535,7.6854959,mobilità,bicycle_rental,0,0,0,1,4818660028
Residenza universitaria Alexandra,45.0823535,7.6854959,mobilità,primary,0,0,0,0,
Residenza universitaria Alexandra,45.0823535,7.6854959,mobilità,secondary,0,0,0,0,
Residenza universitaria Alexandra,45.0823535,7.6854959,verde,park,2,4,9,52,"130457686,23034764,23034770,238704379,123548922,123548656,820424986,306556283,306556287,306556291,306556292,306556281,758075564,920991543,935616642,41753266,664910389,939068383,543676718,319279820,22879264,22908088,23055671,532907259,521818474,256465204,256465522,369795270,632813022,22908071,12233633301,690662131,690745660,259895475,1157616170,253360471,290706661,253366252,253374909,253360457,288783058,690738904,690738908,690738906,690662573,333222797,27928321,23055631,541871893,808449059,321632409,257916463"
Residenza universitaria Alexandra,45.0823535,7.6854959,verde,garden,0,0,20,86,"928634201,44574181,351520239,928634230,928634231,130448587,130448589,130448590,130448588,327939730,1064035772,1064035771,28621748,603463549,128268848,414225571,414225572,414225915,930347116,664919160,561608551,23054276,318993599,251488296,302764761,1060217784,1060217774,740007635,324477119,29184190,585434921,585434922,585434925,1067243272,414225569,414225570,930436693,930437764,1426202484,761582377,761951452,761951453,761951455,761951457,761951454,761582373,761951459,761951458,761582372,761951460,761951456,741636663,725758014,846901933,1158404280,1266554235,1266554238,28228192,28228190,314840465,937334549,289457995,28229702,289457992,22922241,28228080,23112388,23055633,1395722474,1395722475,1395722477,1395722473,1395722472,1395722471,1395722476,1395722470,1395719520,1395719517,1395719518,102842108,1395719519,1395735409,846003821,937334550,750482259,27927955"
Residenza universitaria Alexandra,45.0823535,7.6854959,verde,grass,0,1,38,203,"355063902,355063900,355063904,354610028,351520237,351520236,424025002,394218574,394218572,352332316,352332309,352332314,353072697,352332319,424025003,352396030,355063909,355063907,355063905,462066644,684095662,130448586,684095663,130448583,134236056,1218836989,134236059,149628054,396842103,396842101,408842296,408842295,408842294,408842300,408842297,408842293,408842299,408842298,556500005,1067805718,1062853763,1062853769,1067805717,107568897,1068463711,769094730,1069866764,1069865599,1362575098,192061493,192061494,192061492,192061489,192061490,192061491,1272990787,337361720,289014365,577440411,288798832,258298837,1173001074,1173001075,1173001079,1173001078,1173001076,1173001077,1173001084,1173001091,1173001083,288283918,1254120835,1173001072,1118869379,1173001073,1118869380,1173001095,1173001100,1173001099,1173001110,1173001101,1173001109,1173001098,1173001088,1173001107,1173001102,1173001108,1173001094,1415617395,1415617396,961875681,961875680,107568893,1064513659,107568895,107568898,1250264722,1426204057,1426204058,1271377215,1426204056,1426204054,1271377217,1426204053,1271377216,1426202482,260465971,1426202483,260465972,260465973,582090673,532537817,1266554234,582090679,582090677,577263226,577267981,577271848,577267982,577271851,577267983,577271853,577267984,577271856,577267985,577271858,577271820,577271823,577271824,577271846,577271825,577271827,577271843,577271830,577271832,577271835,577271841,577271839,577271838,577271836,577271861,577440401,577440403,577440407,129839957,577558249,530332686,578956725,577558253,577558252,577275421,1193255688,577558261,577275422,577558254,664914263,1158454605,664914262,808450168,626776331,83701383,288783074,259895474,1196407026,1193255687,865725444,865725443,288783056,642405968,1426204060,846003820,1426204061,935560576,450292735,1426204059,1244993573,1426200812,1426200811,1426438966,532533557,808449057,1426200809,1426200810,532537818,808449054,808447143,808447142,808447129,1110885133,1110885134,808451029,808447141,808447148,808451027,808451028,808447130,808447144,808447145,846900800,1072071040,1072071038,1072071039,1072071045"
Residenza universitaria Alexandra,45.0823535,7.6854959,verde,wood,0,0,0,0,
Residenza universitaria Alexandra,45.0823535,7.6854959,verde,forest,0,0,1,1,585434926
Residenza universitaria Alexandra,45.0823535,7.6854959,verde,meadow,0,0,0,0,
Residenza universitaria Alexandra,45.0823535,7.6854959,verde,scrub,0,0,0,3,"360131117,1066706520,1066706521"
Residenza universitaria Alexandra,45.0823535,7.6854959,verde,allotments,0,0,1,2,"328623930,328624588"
Residenza universitaria Alexandra,45.0823535,7.6854959,verde,playground,0,0,5,31,"2110827287,8787334116,130457685,3419744722,3419744721,740900642,437805478,820424988,164063782,1780526494,1168299039,1170974105,1054786065,9215807657,12851950094,2505158924,552214398,623124807,3405371588,2097331624,532536994,1291894961,108460659,577440400,8464466018,1157616172,10833475807,8944557987,10832280806,197209822,23251666"
Residenza universitaria Alexandra,45.0823535,7.6854959,verde,recreation_ground,0,0,0,0,
Residenza universitaria Alexandra,45.0823535,7.6854959,verde,nature_reserve,0,0,0,0,
Residenza universitaria Alexandra,45.0823535,7.6854959,verde,lake,0,0,0,0,
Residenza universitaria Alexandra,45.0823535,7.6854959,verde,reservoir,0,0,0,0,
Residenza universitaria Alexandra,45.0823535,7.6854959,sport,fitness_centre,0,0,1,9,"12488885986,4734138530,12547891555,11049505605,6851326135,3349809096,3343770523,11534701686,13011248973"
Residenza universitaria Alexandra,45.0823535,7.6854959,sport,sports_centre,0,1,1,10,"123568272,288893797,3352111838,2097331599,10572346562,3355734546,3355731107,319089394,319102518,319102562"
Residenza universitaria Alexandra,45.0823535,7.6854959,sport,stadium,0,0,0,0,
Residenza universitaria Alexandra,45.0823535,7.6854959,sport,swimming_pool,0,1,1,1,2097331540
Residenza universitaria Alexandra,45.0823535,7.6854959,sport,water_park,0,0,0,0,
Residenza universitaria Alexandra,45.0823535,7.6854959,sport,pitch,1,5,11,50,"1014573092,1058462171,1058462170,1058462169,1058462168,930662098,513365787,5410221475,245045843,1062624219,119456036,578921511,1315551317,1315551316,319284839,809362711,809362112,218287346,218287350,1000297399,256770955,218287344,10994156063,10994273932,179477508,259895250,1157616171,253360458,286108004,286421535,286421534,319089490,931485736,319089185,931485737,1301826319,253369385,85418294,85418292,85418293,28228211,197209824,197209823,930347080,930347081,532501437,877967553,1173232592,1173232590,1173232591"
Residenza universitaria Alexandra,45.0823535,7.6854959,sport,tennis_court,0,0,0,0,
Residenza universitaria Alexandra,45.0823535,7.6854959,sport,golf_course,0,0,0,0,
Residenza universitaria Alexandra,45.0823535,7.6854959,sport,ice_rink,0,0,0,0,
Residenza universitaria Alexandra,45.0823535,7.6854959,sport,bowling_alley,0,0,0,0,
Residenza universitaria Alexandra,45.0823535,7.6854959,sport,climbing_wall,0,0,0,0,
Residenza universitaria Alexandra,45.0823535,7.6854959,sport,gym,0,0,0,0,
Residenza universitaria Alexandra,45.0823535,7.6854959,commerciale,shop,0,0,0,0,
Residenza universitaria Alexandra,45.0823535,7.6854959,educazione,school,1,2,9,45,"369665895,4736111631,340249805,334684164,426293828,4736081694,320875624,4736084237,436288158,201438197,43588808,2284034343,2284034348,1304814076,10765663105,450287805,1091923526,3343680527,42864476,1168299037,108601368,3343687306,3343687307,182884900,453290904,632813027,322254779,322254780,322254777,286107710,253360459,10149297019,253411949,937334546,3343605435,3343615248,616994936,3343636574,769035071,253369384,7179137474,253412042,2546763941,247816791,363285870"
Residenza universitaria Alexandra,45.0823535,7.6854959,educazione,kindergarten,0,1,6,14,"12227784321,4762289761,2284034346,219014163,10896540919,2018099976,256387052,532940553,453757173,12233633201,7038759586,253360467,253435101,930680510"
Residenza universitaria Alexandra,45.0823535,7.6854959,educazione,university,0,1,1,17,"192604816,2577028412,2577029282,2018055299,2503902059,3363964793,6851326132,4086214801,2018087957,1218747279,6851439272,651771955,4735868696,10237789518,453757181,3349733649,450278224"
Residenza universitaria Alexandra,45.0823535,7.6854959,educazione,college,0,0,0,1,780144763
Residenza universitaria Alexandra,45.0823535,7.6854959,educazione,music_school,0,0,0,1,3343797841
Residenza universitaria Alexandra,45.0823535,7.6854959,educazione,driving_school,0,0,1,9,"10879184439,11841904325,3859150411,12165781951,4734140809,12089511784,316203024,12077001867,3473130432"
Residenza universitaria Alexandra,45.0823535,7.6854959,educazione,research_institute,0,0,0,1,528717396
Residenza universitaria Alexandra,45.0823535,7.6854959,educazione,vocational_school,0,0,0,0,
Residenza universitaria Alexandra,45.0823535,7.6854959,educazione,library,0,0,1,11,"243093474,11806550856,9693041809,3352114524,117351946,6074405709,4849156539,2096881473,3345600834,138036072,129747972"
Residenza universitaria Alexandra,45.0823535,7.6854959,educazione,archive,0,0,0,0,
Residenza universitaria Alexandra,45.0823535,7.6854959,educazione,museum,0,0,9,35,"6433764792,435784636,4572133130,4736079916,6433974757,96139133,4734142853,10901623367,9585924917,5171950042,246516587,246643344,6432836094,2177769729,1333701144,6435420518,6431480861,2026479833,318938052,2026479832,6432887576,6432637423,11267476069,4908362221,6434268049,1628071063,248771289,6433944342,11217521918,246516619,9757285250,761582364,4732591999,4067344493,3349838584"
Residenza universitaria Alexandra,45.0823535,7.6854959,educazione,community_centre,0,2,2,7,"423150315,3363460993,3352189835,3371757496,8069412590,104339324,12593926401"
Residenza universitaria Borsellino,45.066123,7.6571376,sanità,healthcare,0,0,0,0,
Residenza universitaria Borsellino,45.066123,7.6571376,sanità,pharmacy,0,4,17,82,"1470609151,2019649541,4734592596,4786739926,3348691737,4734591980,4734595751,3147953801,1670302089,2135139106,4734594417,4734593954,7385328770,7380128899,7380131545,4289452247,7373154101,1198867317,4735667414,12814474916,6029326322,4735669404,4735721872,12800044441,2036336905,2036356385,4735719316,4412226590,9140119438,4735717950,7384890987,7376141996,7380102116,1446143790,7380072654,3348688592,3914894256,3946017788,4111366192,3342794654,7373154102,4734768651,3342781917,3342780201,7058359416,7312067712,7312112149,4734225963,1757127788,3344768366,3344782869,1475077657,7312514018,1923349804,7372912660,4734222157,7372912662,7372912663,4736115522,7312267251,3342806293,7372912661,7312091706,4736083750,4736083746,3893151255,4735717430,2018187040,619193786,4735828988,3224067528,5255625937,2593187678,2048347744,2018203641,5628622146,7310122343,4736110877,5113659491,5117627162,7373154098,2068598491"
Residenza universitaria Borsellino,45.066123,7.6571376,sanità,dentist,1,2,4,12,"13306002941,7261094839,13288761320,9568693092,12886910727,10737466798,2016414024,11564921123,12165839580,1448147009,2406157072,4195848889"
Residenza universitaria Borsellino,45.066123,7.6571376,sanità,veterinary,0,2,3,10,"4734597325,6948201811,7023650031,6942723111,9952804074,12951974696,11290467038,1757121990,7234175545,13170595046"
Residenza universitaria Borsellino,45.066123,7.6571376,sanità,optician,0,0,0,0,
Residenza universitaria Borsellino,45.066123,7.6571376,sanità,medical_supply,0,0,0,4,"13138464036,11283227093,11064390829,12951935240"
Residenza universitaria Borsellino,45.066123,7.6571376,sanità,defibrillator,1,4,11,20,"13308607340,9376999100,10243877109,7227510560,12237513601,9552060491,9137861147,7232177660,9515896704,7234888685,12886227002,432803701,12484268753,8404250984,12422338516,5121847084,7934552531,13239427956,11273669529,5113659443"
Residenza universitaria Borsellino,45.066123,7.6571376,sanità,hospital,0,0,0,4,"3538149956,26294487,107278669,294267544"
Residenza universitaria Borsellino,45.066123,7.6571376,sanità,clinic,0,0,5,22,"290245244,1196177763,395057467,12816667601,12816667602,12816909558,12816909553,12814452400,12816909554,12814474932,12814452396,6664922333,822529092,4735668281,4086286155,11290349432,10567218284,10567228303,13314604189,3893264712,10698816652,2284074743"
Residenza universitaria Borsellino,45.066123,7.6571376,sanità,doctors,0,0,0,0,
Residenza universitaria Borsellino,45.066123,7.6571376,mobilità,station,0,0,2,12,"543360161,254594416,496268558,1095052533,332648726,332648606,2081499942,11592793752,432803698,1622042729,3395226356,254594415"
Residenza universitaria Borsellino,45.066123,7.6571376,mobilità,subway_entrance,0,0,10,50,"3431314079,3431314078,10235736538,3431314077,3431314076,3431314075,10235736525,430167591,429724255,946525643,1484955768,1484955766,1484955767,957916124,946525616,957923325,442641053,442641055,1367855910,1839686581,1367855907,1367855911,1367855914,957923361,957923319,957923307,957923318,3431314080,2299299617,2299299618,3283630305,1367855920,1026285948,1026285957,1026285955,1026285950,1367855922,1622042886,3283904468,1622042919,3431326298,5020207823,5020207824,1262284319,10260242427,10260242426,1262284354,2014746582,1262284353,10260242428"
Residenza universitaria Borsellino,45.066123,7.6571376,mobilità,tram_stop,0,9,41,128,"1233612826,1234675831,1234675807,1234675699,1234675847,11009337364,1234675743,1234675824,1234675790,945383170,945383228,945383209,945383242,11009337366,1234675767,1234675754,1199240450,1230710275,1270651295,1262202670,1230710077,1230710325,1230709627,1230709993,1231011146,945383335,945383168,1230709942,1230709908,1231011227,941491902,941491727,1168929313,1167320836,1168929291,941491699,1167320919,941491496,1230709954,1230710110,1230709892,941491640,941491856,938733459,938733498,945268814,945268800,1185414536,1168929618,945268789,945268816,1167321000,1168270429,945268799,1199240661,1229263858,1167320990,1167320859,1167321088,1167321041,1167320969,1167320960,1185414562,1168270672,1231011192,1230709701,942830330,942830343,942830344,942830324,942830342,942830327,942830313,942830316,1229827369,1229580312,1229827462,1229580298,1229580302,1229827262,1229827380,1229580296,943330794,943330820,948350593,948350631,943330778,1229827164,943330837,1229827464,943330773,943330793,1185414492,945268801,945268822,945268805,943330838,11294052063,945268802,1624209638,948015761,948015895,1569477511,1569477500,943330850,3514463818,1169943939,945268803,945268817,941491483,941491672,941491612,1168270471,1168270534,941491716,941491868,1185414486,1167320937,12101484067,1168929427,12100765982,941491637,12101484058,1624209624,1843302903,941491545,1624209625,941491939"
Residenza universitaria Borsellino,45.066123,7.6571376,mobilità,bus_stop,6,35,113,426,"1233612824,1262190812,1262194936,1262204920,1262211602,1262199144,1262195704,1262185164,1262210241,1262197150,1262210434,1262199934,1262199271,1262190748,1262200682,1262208770,1262186464,1262191474,1234675726,1262203695,1234675650,1262203346,1262204437,1262208811,1262202241,1262204527,11211252316,1262185590,1262199222,1262190163,1262185865,1668063927,1262195515,1262193449,1262203196,11009337365,1262207225,11211252314,1262195960,11211252315,1262208328,1185441565,1185441540,1185441579,1213368937,1262204355,1185441569,1262183019,937591597,1262201258,937605183,937605179,1198909279,1198909287,937605170,937605201,937605172,10200584299,1185414537,10200408844,1262206025,1185414591,1262212245,1262212777,1262192470,1262208298,1262197981,1262194443,1185441549,1262197105,1185441551,1262186201,1262199241,1185441575,10200584300,10200408843,1262205104,11211252313,1262195832,1262208385,1262209301,1262194948,1262198072,1262211472,1262197194,1230710356,1230710401,1262209161,1262194483,1213368919,1198867501,1198867296,1185441587,3979495903,10200408842,1262208027,1185441561,1230710173,1230709749,1262204124,1185441537,1231011169,1262194463,1212944734,1212944745,1262206303,1262208993,1213368963,1262208641,1185809741,1262208307,1185414473,1185809759,1262194959,1262188782,1185809737,1262199883,1262204464,1262187238,937605193,937605195,937605181,937605194,937605189,1262198275,1198867720,1262200618,1262210403,1198867646,1198867624,1262199732,1198867456,1167320783,1262207954,1262187635,1262208539,1262200757,1262204432,1262205523,1262195376,1262203331,1262207470,1262195744,1185414571,1231011126,1168929258,1198867528,1199003141,1168929465,1185815850,1262195065,1262182588,937605174,937605197,1168270670,1199240778,937605169,1168929641,937605192,1168929327,937605175,1262195535,937605200,1229263756,1262201038,1262206788,1198867355,1262188427,13357227255,1198867590,1198867343,1198867678,1168929435,1198867713,1168929622,937605184,1185414408,1525407946,1262208796,937605187,1262193964,1262202938,1262210261,1262196361,1262193644,1262211503,937605188,1168270573,1262198988,1262198123,1262212515,1262197053,1262209471,1262197177,1262198384,1262209293,1262204607,1262208375,1262208983,1262185661,1262201597,1262208218,1262207930,1262195899,1262192507,1262196140,1262182653,1262199082,1262199702,1262197372,1262208290,1262197969,1262195996,1262210565,1262198137,1262203653,1262203564,1262212324,1262195144,1262182776,1262199205,1262208958,1262199591,1262193765,1262203257,1262194988,1262188706,1262202792,1262194321,1262197282,1262212832,1262211335,1262189175,1262199980,1262198311,1262195447,1262183195,1262208260,1262211717,1262184927,1262196052,1262205722,1262209117,1262192893,1262192699,1262191010,1262190401,1262205881,1262201336,1262196012,1262192555,1262209422,1262184292,1262201989,1262207376,1262208142,1262199711,1262204582,1262191786,1262187575,1313599114,1313599098,1313599087,1313599111,1262201435,1313599104,1229580307,1229827398,12823257925,1262196595,1262210281,1262196239,1229827470,1229580327,1262198584,1262212991,1229580319,1262199709,1229827300,1262198618,1524833855,10938458344,4806485504,1569038269,12074187316,1262209419,1262197341,1524833877,4665090550,4665090551,1262209460,1262195174,1262203792,1262195359,1262203217,943330789,943330777,1262206976,1399644508,1262193498,1262211612,1262202140,943330783,943330770,1254531625,1254531624,1262204189,943330813,1262203134,1262208172,937954790,1254531622,1254531604,1185414556,1185414572,1199240547,1569038260,1262208085,8494249908,1262196253,1199240667,1262201459,10938458345,1262197535,1262194358,8496496625,1262202182,4248370551,4245731174,4443910584,1262182722,1262198202,1262203078,1199240749,1262193035,943330835,937954831,1254531567,1262206062,2299299616,937605198,937605176,1262203237,937605196,937605190,1199240598,943330808,1262209067,1816820005,1524833867,1262194622,1254531589,1254531599,1534402607,1262199643,1534402620,1262209355,1816820048,937954690,1199240497,1169943950,1199240580,1262203543,1262194491,1254531584,1262208183,1262199327,1262190791,1816820135,4357263598,1262211268,1399644425,1168929344,1262197041,1262207547,1198867604,8289837996,1262195219,8289837997,1262185354,1262181975,1262197387,1168270553,1168929565,1168270407,10200408841,4575722855,10066805517,1185414522,1262199608,1491228855,1262202711,1262211444,1168929371,1262200499,1262196215,1262201567,1262196300,1262198051,1262197657,1525407917,1262206483,1262203392,3229868385,3262101385,1168929432,1491228856,1262197246,1198867662,1262188506,1262197678,1262208401,1262209581,1262199837,1198867402,937605171,1262199772,937954712,1262182632,1262212512,1262199811,1262199749,1262188243,1262206716,1262208315,1198867441"
Residenza universitaria Borsellino,45.066123,7.6571376,mobilità,charging_station,1,1,9,32,"10704779934,5787665000,4691906382,7412497420,9568693093,12206458665,9331784402,5545629913,10862580324,11107468089,12766392871,9952823611,13138483052,10203837376,13027591668,13340070604,13027614487,9088671239,4671233528,9088671240,13075187843,5545493679,12801752468,13074606106,13074583239,12974489257,3906163545,3906238205,11694139826,12385342507,3906239156,5545493680"
Residenza universitaria Borsellino,45.066123,7.6571376,mobilità,car_sharing,0,0,0,2,"4616005750,4749176847"
Residenza universitaria Borsellino,45.066123,7.6571376,mobilità,taxi,0,0,3,14,"1720500302,1470612633,450595752,4289455496,2016414163,3205040135,2902424081,1757138441,2902424080,1545661422,3241731973,2902424082,604332918,5020220491"
Residenza universitaria Borsellino,45.066123,7.6571376,mobilità,parking,5,12,27,124,"847969006,847969007,104230904,847959016,802596631,243354152,243354153,166581389,82290354,1125287584,290436848,290436857,290436845,133144552,1192476391,848622593,131713580,11503903538,184476157,1150750603,1154039642,1208808264,166457327,560321339,646904179,166583965,166596459,241336708,1128003509,166585310,3319891484,131477884,166652711,166652710,791410567,792699652,841495751,841502849,140260606,83808962,106366574,376495005,154500752,839476414,839476413,1218048192,752839776,270802496,839634184,7077733654,693367780,693367779,1032863499,300189916,287520875,1027356692,1126042539,1126043797,1126047090,1190970428,1340364497,166652712,83042948,1383582583,1381841252,1381841251,5693045436,12809872841,1381841253,1125419383,110530901,388410845,892061235,895352333,895352332,891936899,891936900,389549638,448718773,448969330,110534406,110862166,110862168,525113175,448434080,132528231,222172799,6411440333,1109043885,928634211,928634186,5239566614,352332303,928634275,635372762,635372763,320706078,320706077,166616053,166611428,125745550,586939744,12197274454,1351673211,23090218,1062840998,1063527547,1062853762,1062853768,7195363113,1455462286,4488383689,248772281,248160665,13260980844,275161406,2284374403,5997771287,5997780786,320706080,5997812985,635372765,320706079,96556746"
Residenza universitaria Borsellino,45.066123,7.6571376,mobilità,car_rental,0,0,0,6,"659970718,1819918149,1170039574,6113511883,11104716244,5628622134"
Residenza universitaria Borsellino,45.066123,7.6571376,mobilità,bicycle_parking,11,21,99,307,"10846725764,10848373825,10873504985,10873504986,12604248402,6284273900,2699765012,2699765013,2699765014,2699765015,10852570102,10750674542,10852570103,10750674543,10873504976,2699763618,10873504975,10852593727,2699763619,10852593712,10850759990,10850759982,10850759991,10848408078,10750671202,10994635793,10852593713,2699763620,2699760641,10852593711,7076001860,7685876482,10873504948,7685967899,2699774350,2699774352,11274729869,1780322685,7076063185,1780322731,11274729769,2699759047,2699759049,2699759048,10852570101,3799076904,7635131587,6104249055,7063812962,10873504950,10873504949,2699760635,2699760634,10873504974,7918354187,10853204514,2699759050,2699760640,2699760639,2699762076,2699762075,7785624492,9565968757,2699759052,2699759053,2699759051,2699760636,2699760637,2699759056,2699759058,2699759057,2699757974,443101911,7815134909,7815134911,7815134910,7815134913,7815134912,12394522606,12394489858,10873504973,6912162938,7815134903,10113463334,10113463333,10113463332,10113463331,9580694089,10113463330,10113463329,10113463335,2016369763,2017759603,7076063186,7076063187,7076063189,7076063188,5347703556,12153279090,2699759055,2699759054,11913808736,7054259454,9771620395,10011778505,6954549387,6954549388,1783770824,10873504971,1783770825,10802789582,2699757972,2699757973,2699757978,2699757975,9536387625,706004735,9536764388,9515661833,2699754605,2699763621,2699762528,2699762080,7174545829,12165839590,7076001859,7076001858,2699762077,12951928674,10901383359,2699745133,2699762079,7807429771,10771806119,2699762078,2699762081,9300406026,2699743589,13231686483,12165839584,2699743595,2699743596,7076063225,2699745128,7076063226,7076063227,7076063223,7076063224,7076063222,7076063221,7076063220,7076063219,7076063218,7076063217,7076063216,7076063232,7076063233,7076063229,7076063237,7076063228,7076063235,7076063236,2699745134,7076063215,2699745131,7076063214,2699745130,5628622143,2699745129,5628622144,2632353490,10873504970,5628622145,7025739876,10873504969,2699745132,2699745136,2699745135,7076063244,7076063250,7076063251,2699745137,7076063243,7076063242,12165781958,7076063247,7076063246,7076063230,7076063239,7076063238,7076063240,7076063241,7076063234,7076063231,12889486162,13231692502,12889485978,12889485179,12889481110,12889467141,2699743593,12165781957,7076063264,7188790471,7076063257,7076063253,7076063252,7076063255,7076063249,7188790470,7076063260,7076063258,7076063248,7076063256,7076063262,7076063245,7076063263,7076063265,7076063254,7076063259,7076063261,10159318064,2699757982,2699757981,2699757980,2699757979,2699757983,2699757984,2699757985,2699757986,2699757987,2699757989,2699752845,2699752839,2699757988,10959344809,2699753945,2699754607,2699754613,2699754610,2699754609,13142999531,13143056907,10741520276,10741540187,2699752835,13142731612,2699752836,2699752843,2699752848,12423088352,12423084564,2699752837,2699752846,7076063266,7076063268,7076063269,11357996666,11357989903,2699752855,7076063267,2699752858,10873504966,3748951425,2699743590,10770406639,2699752850,12227768290,12962232569,10874232260,10873504967,2699743591,2699743592,5226211759,7076001868,9321076956,4063688590,7076001862,2282486102,5113659453,13324660699,6149852920,2699753943,2699753944,2699753946,2699753947,2699753951,2699753950,2699753949,2699753948,5117627158,5113659515,10779500105,2699753644,5968582882,2699752844,2699752833,2699752840,2699752831,10951467173,2699752842,10951467161,2699752853,2699752854,2699752857,2699752834,2699752832"
Residenza universitaria Borsellino,45.066123,7.6571376,mobilità,bicycle_rental,0,0,1,2,"12068398565,4818660028"
Residenza universitaria Borsellino,45.066123,7.6571376,mobilità,primary,0,0,0,0,
Residenza universitaria Borsellino,45.066123,7.6571376,mobilità,secondary,0,0,0,0,
Residenza universitaria Borsellino,45.066123,7.6571376,verde,park,0,1,10,47,"466175068,104240184,104230582,104240183,243356957,759194439,646904183,290137848,1254357945,82290353,646904177,799333352,646904181,149395093,166596454,792699653,171271678,104147826,166986552,83808971,848000866,88206888,149395470,39789990,242407848,36854185,605805917,731935819,41752855,41752854,117959657,525113176,129903965,479483770,81792740,81792741,341402495,82202795,23088806,433500383,81157499,925827425,130457686,23034764,23034770,82508282,824643082"
Residenza universitaria Borsellino,45.066123,7.6571376,verde,garden,1,1,5,55,"799305148,759206589,759206590,106331386,1135279260,140266730,107167208,28193052,892460217,892460222,892460206,892460208,891498339,891498341,891498343,891498340,890748884,892460219,10901405103,1433432894,111596409,525113177,889467736,525113178,889468648,889467729,766788903,889348394,889467725,919048424,919651087,919651082,919651086,919651081,919651093,29176172,925917989,925917990,928634201,44574181,351520239,928634230,928634231,130448587,130448589,130448590,130448588,327939730,1064035772,1064035771,924936006,924936005,924936007,561608551,23054276"
Residenza universitaria Borsellino,45.066123,7.6571376,verde,grass,27,64,127,275,"104240182,666707223,759194441,1238389436,1238389437,1150137827,1238389435,1150137826,1239406381,1239406380,1238389427,1239177125,1128002965,1128002962,1128002963,154500720,687010710,687010712,891907991,687010711,154500733,1126792071,131477879,166596453,131477878,757727656,131477880,757727655,646909062,687010714,687010713,687010715,687010716,154500739,154500731,154500729,1066997745,234298691,154500724,316299344,154500737,154500736,315954828,234298714,234298715,234298692,234298708,234298712,234298709,234298702,234298698,234298695,234298694,234298699,234298703,234298687,234298690,234298711,234298688,234298710,234298707,234298706,234298700,234298713,234298697,234298696,234298689,234298693,234298705,234298701,234298704,315954833,181232343,181232355,181232342,181232349,181232340,181232352,286653246,181232353,181232350,181232347,181232345,181232348,181232341,286653247,181232346,286767165,314388661,286767159,286767161,181232351,286653245,286653244,286653242,242409910,286653241,286646606,286647293,286653240,286653237,286646604,286646594,286645617,286653239,286646607,286647294,286646605,286647291,732177417,286646595,1236922853,286646601,732177420,732177418,286646602,732177419,286646603,286647290,286646597,1126040506,1126042440,166653765,690808828,690808830,690808831,333831817,242409911,544187117,286636546,242409909,286656050,286636547,286636548,286664226,286636549,732157565,286664225,318948807,326073532,326073533,319649516,954750078,953713788,953713787,954750079,956494707,956494706,955893950,37671811,731899351,731899352,731899353,1173967163,731899358,1173907484,1173907485,731899359,731899350,731899354,1173907483,1173898346,1173898347,731899360,1173898349,1173898348,731899357,731899355,731899356,732096036,732096037,732096038,732096048,731939743,731935824,731935825,731939740,731939738,731939741,221891468,731939739,731939742,889467735,762971427,81753214,732125145,732125146,732177422,732125147,178997269,732125144,178997273,732125148,732125140,178997270,684348512,732125143,732125142,732125141,732125149,732125150,732125151,732125152,37738037,732157570,286656044,732125138,732157568,732157569,732157567,286656041,732125139,342742135,342742125,342742134,347254651,342742126,347254668,347254667,347254652,347254640,347254654,347254660,355063902,365762772,355063900,355063904,354610028,365762771,351520237,351520236,424025002,394218574,394218572,352332316,352332309,352332314,353072697,352332319,424025003,352396030,355063909,355063907,355063905,462066644,684095662,130448586,684095663,130448583,134236056,1218836989,134236059,149628054,396842103,396842101,408842296,408842295,408842294,408842300,408842297,408842293,408842299,408842298,556500005,1067805718,1062853763,1062853769,1067805717,921850001,1455462300,1455462921,1455462291,1455462301,1362575098,258298837"
Residenza universitaria Borsellino,45.066123,7.6571376,verde,wood,0,0,0,0,
Residenza universitaria Borsellino,45.066123,7.6571376,verde,forest,0,0,0,1,956497469
Residenza universitaria Borsellino,45.066123,7.6571376,verde,meadow,0,0,0,0,
Residenza universitaria Borsellino,45.066123,7.6571376,verde,scrub,0,0,0,1,360131117
Residenza universitaria Borsellino,45.066123,7.6571376,verde,allotments,0,0,0,0,
Residenza universitaria Borsellino,45.066123,7.6571376,verde,playground,0,1,11,50,"10696669360,833668347,833668346,169109663,1135247414,171271131,557627561,169109652,290144055,169109659,169109658,2113377131,1238389440,467446544,7685973296,1114952714,10187943589,140235237,1135279252,165022279,306160704,556681453,906203825,306160702,1217815310,910933663,105377046,83093080,4968614878,83051429,83051428,124772011,1115761786,390653412,448718771,1173081441,801903369,129903966,919048423,82400814,341402905,448434079,1149617853,1149617852,499890620,1438254805,2110827287,8787334116,130457685,1780526494"
Residenza universitaria Borsellino,45.066123,7.6571376,verde,recreation_ground,0,0,0,0,
Residenza universitaria Borsellino,45.066123,7.6571376,verde,nature_reserve,0,0,0,0,
Residenza universitaria Borsellino,45.066123,7.6571376,verde,lake,0,0,0,0,
Residenza universitaria Borsellino,45.066123,7.6571376,verde,reservoir,0,0,0,0,
Residenza universitaria Borsellino,45.066123,7.6571376,sport,fitness_centre,1,1,2,13,"7272896085,11274687270,8518130285,5846394818,9568693090,11841788895,10736644789,12886908643,9463603381,4477792090,12488885986,12327658096,12547891555"
Residenza universitaria Borsellino,45.066123,7.6571376,sport,sports_centre,0,1,2,11,"646909064,751826434,290482354,646909066,3799075121,188466381,290420034,4479684158,83825215,289416784,3332362719"
Residenza universitaria Borsellino,45.066123,7.6571376,sport,stadium,0,0,0,1,285499599
Residenza universitaria Borsellino,45.066123,7.6571376,sport,swimming_pool,0,0,0,5,"191056430,1118749030,1118749029,1118749028,379375639"
Residenza universitaria Borsellino,45.066123,7.6571376,sport,water_park,0,0,0,0,
Residenza universitaria Borsellino,45.066123,7.6571376,sport,pitch,2,6,26,92,"290245229,305071206,1126470600,1124007367,191495971,191495973,191495969,833668344,416059891,833668348,285499767,1114952586,122455822,166582169,166582150,166583970,229256419,229256420,229256683,229256235,83386642,847975010,839152651,839152652,846003832,848616352,848616351,689326916,7685973295,1062615795,1135281752,7685967898,823258433,166582149,166582159,166583971,860988474,151216651,10582643941,1135279253,166582161,1123200344,8415343321,1058456079,1058456078,906203826,556681458,556681459,7007648418,7007648417,839634186,839634187,253538106,1065476429,9072007555,9072007556,242407846,242407872,242407870,1086267302,186413455,1221399783,835698128,385418498,846003831,186413454,1303852812,1173898344,1173235467,731935820,731935821,41752773,731935823,220614907,220614908,388690911,83825205,875720649,457661508,877785725,289416782,289416786,289416797,289416790,10694640239,10694640238,10694640237,324738752,1014573092,578921511,1315551317,1315551316"
Residenza universitaria Borsellino,45.066123,7.6571376,sport,tennis_court,0,0,0,0,
Residenza universitaria Borsellino,45.066123,7.6571376,sport,golf_course,0,0,0,0,
Residenza universitaria Borsellino,45.066123,7.6571376,sport,ice_rink,0,0,0,0,
Residenza universitaria Borsellino,45.066123,7.6571376,sport,bowling_alley,0,0,0,0,
Residenza universitaria Borsellino,45.066123,7.6571376,sport,climbing_wall,0,0,0,0,
Residenza universitaria Borsellino,45.066123,7.6571376,sport,gym,0,0,0,0,
Residenza universitaria Borsellino,45.066123,7.6571376,commerciale,shop,0,0,0,0,
Residenza universitaria Borsellino,45.066123,7.6571376,educazione,school,0,1,11,45,"243356083,1123417944,1123417943,1123417945,376495012,763986057,763986058,9623980923,799304797,131584960,744546260,3799075120,3799075123,282772081,837385370,242435627,7501518183,7501518184,367981582,1065476430,315598789,385417873,388411291,137280029,875684723,889097430,392518162,889096565,443199497,443199498,391737655,344744214,318938045,369665895,369665896,365610519,4736111631,340249805,334684164,426293828,4736081694,243074534,250151807,2284034343,2284034348"
Residenza universitaria Borsellino,45.066123,7.6571376,educazione,kindergarten,0,0,3,10,"3149305228,3149300430,3798287445,3799075125,3474642596,314888176,131644847,919048421,12227784321,2284034346"
Residenza universitaria Borsellino,45.066123,7.6571376,educazione,university,0,1,2,4,"12694977921,1063867657,8903777986,12168588078"
Residenza universitaria Borsellino,45.066123,7.6571376,educazione,college,0,0,0,2,"131654729,780144763"
Residenza universitaria Borsellino,45.066123,7.6571376,educazione,music_school,0,0,0,1,12569155038
Residenza universitaria Borsellino,45.066123,7.6571376,educazione,driving_school,0,0,1,12,"4734602699,12995526273,7077970133,8569299026,12886844895,9962100684,12951948641,10879184439,11841904325,3859150411,12165781951,3473130432"
Residenza universitaria Borsellino,45.066123,7.6571376,educazione,research_institute,0,0,0,1,6241694510
Residenza universitaria Borsellino,45.066123,7.6571376,educazione,vocational_school,0,0,0,0,
Residenza universitaria Borsellino,45.066123,7.6571376,educazione,library,0,0,1,6,"13144212299,4604602037,11926381625,243093474,10229510808,6074405709"
Residenza universitaria Borsellino,45.066123,7.6571376,educazione,archive,0,0,0,0,
Residenza universitaria Borsellino,45.066123,7.6571376,educazione,museum,0,1,2,16,"182886373,12072302022,123180294,3338687283,397514864,6433764792,435784636,4572133130,4736079916,6433974757,9585924917,6432887576,6432637423,11267476069,4908362221,6434268049"
Residenza universitaria Borsellino,45.066123,7.6571376,educazione,community_centre,0,0,0,4,"12616853914,12585045537,423150315,12548906803"
Residenza universitaria Campus SanPaolo,45.0588979,7.6424312,sanità,healthcare,0,0,0,0,
Residenza universitaria Campus SanPaolo,45.0588979,7.6424312,sanità,pharmacy,1,3,10,59,"1100137709,7376114115,7385981427,2017708681,4734247663,4785081493,7380109523,705825976,1738124690,10245695699,2590051039,10090308295,2536257617,705825977,3143648124,7379956054,7380019165,10090308303,4620303530,1470609151,2019649541,4734592596,4786739926,3348691737,4734591980,4734595751,7310501808,4553612464,3147953801,1670302089,2135139106,4734594417,4734593954,7385328770,7380128899,7380131545,4289452247,7373154101,1198867317,4735667414,6029326322,4735669404,4735721872,12800044441,1738121268,3027567380,7380102116,1446143790,7380072654,3348688592,1491288435,3914894256,3946017788,3342794654,7373154102,4734768651,3342781917,3342780201,3344782869"
Residenza universitaria Campus SanPaolo,45.0588979,7.6424312,sanità,dentist,1,1,1,6,"13306002941,7261094839,13288761320,9568693092,2016414024,12946986024"
Residenza universitaria Campus SanPaolo,45.0588979,7.6424312,sanità,veterinary,1,1,2,11,"11357160542,10245695701,3147953784,4734597325,6948201811,7023650031,11283174640,6942723111,9952804074,12951974696,11290467038"
Residenza universitaria Campus SanPaolo,45.0588979,7.6424312,sanità,optician,0,0,0,0,
Residenza universitaria Campus SanPaolo,45.0588979,7.6424312,sanità,medical_supply,0,0,1,3,"13138464036,11064390829,12951935240"
Residenza universitaria Campus SanPaolo,45.0588979,7.6424312,sanità,defibrillator,0,0,1,11,"10050853131,13308607340,9376999100,10243877109,7227510560,12237513601,9552060491,7232177660,12691328901,7234888685,12484268753"
Residenza universitaria Campus SanPaolo,45.0588979,7.6424312,sanità,hospital,0,0,0,3,"521821122,862795993,3538149956"
Residenza universitaria Campus SanPaolo,45.0588979,7.6424312,sanità,clinic,0,0,1,10,"654215083,247783545,1365319773,12855312376,290245244,1196177763,395057467,12816667601,12816667602,12814452400"
Residenza universitaria Campus SanPaolo,45.0588979,7.6424312,sanità,doctors,0,0,0,0,
Residenza universitaria Campus SanPaolo,45.0588979,7.6424312,mobilità,station,0,0,0,3,"496268558,1095052533,332648726"
Residenza universitaria Campus SanPaolo,45.0588979,7.6424312,mobilità,subway_entrance,0,0,0,8,"430167591,429724255,946525643,1484955768,1484955766,1484955767,957916124,946525616"
Residenza universitaria Campus SanPaolo,45.0588979,7.6424312,mobilità,tram_stop,0,0,18,61,"1233612804,11009337363,1233612820,1233612853,1234675838,1233612845,1270905156,1233612826,1234675831,1234675807,1234675699,1234675847,11009337364,1234675743,1234675824,1234675790,945383261,945383213,945383294,945383236,945383225,945383170,945383228,945383209,945383242,11009337366,1234675767,1234675754,1199240450,1230710275,1270651295,1262202670,1230710077,1230710325,1230709627,1230709993,1231011146,945383335,945383168,1230709942,1230709908,1231011227,1168929313,1167320836,945268814,945268800,1185414536,1168929618,945268789,945268816,1167321000,945268799,1199240661,1231011192,1230709701,1229827369,1229580312,1229827462,1229580298,1229580302,1229827262"
Residenza universitaria Campus SanPaolo,45.0588979,7.6424312,mobilità,bus_stop,6,21,78,337,"1262187428,1262201366,1262182550,1262199886,1262212986,1262202907,1262194961,1262192908,1262182480,1262197922,1262196919,1262211487,1262197484,1262208174,1262185316,1262188130,1262207882,1262205816,1262203621,1262194927,1262212183,1262190343,1262187650,1262196821,1262196083,1262211661,1262203426,1262202360,1262194455,1262204467,1262202030,1262195428,1262209387,1262198345,1262212048,1262204554,1262207463,2940112350,1262197992,1262195497,1262203503,1262208711,1262205367,1234675634,1233612831,1233612840,1262211378,1262206677,1262196571,1262182521,1233612852,1262193998,1233612824,1262207027,1262203336,1262210987,1262196098,1262186105,937591556,937591355,1262205563,1262199552,1262198249,1262208932,1262196696,1262182594,1262187916,1262199776,1262182899,1262203152,1262211683,1262195008,1262209476,1262200546,1262204026,1262194737,1262196228,1525407964,937591454,937591411,1262182459,1262209185,1262203770,1262211304,1262195057,1262207695,937591308,937591430,1262196400,1262203407,1262208411,1262192798,1262189772,1262206803,1262195237,1262207755,1262190794,1262182380,1262210347,1262190812,1262182452,1262194936,1262199328,1262204920,1185441578,1262208869,1262211602,1262199144,1262195704,1262185164,1262210241,1262197150,1262210434,1262199934,1262199271,1262190748,1262200682,1262208770,1262186464,1262191474,1234675726,1262203695,1234675650,1262203346,1262204437,1262208811,1262202241,1262204527,11211252316,1262185590,1262199222,1262190163,1262185865,1668063927,1262195515,1262193449,1262203196,11009337365,1262207225,11211252314,1262195960,11211252315,1262208328,1726428584,1262184011,441698016,441698012,1262185459,937591581,1262207453,937591513,1262210240,1199003172,1199003187,1185441565,1262208618,1185441540,1185441579,937591574,1213368937,1262204355,1185441569,1262183019,937591597,1262201258,937605183,937605179,1198909279,1198909287,937605170,937605201,937605172,10200584299,1185414537,10200408844,1262206025,1185414591,1262212245,1262212777,1262192470,1262208298,1262197981,1262194443,1185441549,1262197105,1185441551,1262186201,1262199241,1185441575,10200584300,10200408843,1262205104,11211252313,1262195832,1262208385,1262209301,1262194948,1262198072,1262211472,1262197194,1230710356,1230710401,1262209161,1262194483,1213368919,1198867501,1198867296,1185441587,3979495903,10200408842,1262208027,1185441561,1230710173,1230709749,1262204124,1185441537,1231011169,1262194463,1212944734,1212944745,1262206303,1262208993,1262189238,1213368963,1262208641,1185809741,1262208307,1185414473,1185809759,1262194959,937605193,937605195,937605181,937605194,937605189,1262198275,1198867720,1262200618,1262210403,1198867646,1262195744,1185414571,1231011126,1168929258,1198867528,1199003141,1168929465,1185815850,1262195065,937605174,1199240778,937605169,1168929641,937605192,1168929327,1262197335,1262192776,1262210406,1262203278,1262196857,12690560970,1262204223,1262197828,1262204392,1262183098,1262198988,1262198123,1262212515,1262197053,1262209471,1262197177,1262198384,1262209293,1262199646,1262204607,1262208375,1262208983,1262185661,1262201597,1262208218,1262207930,1262195899,1262192507,1262196140,1262182653,1262199082,1262199702,1262197372,1262187256,1262208290,1262197969,1262195996,1262210565,1262198137,1262203653,1262203564,1262212324,1262195144,1262182776,1262199205,1262208958,1262199591,1262193765,1262203257,1262194988,1262188706,1262202792,1262194321,1262197282,1262212832,1262211335,1262189175,1262199980,1262198311,1262195447,1262183195,1262208260,1262187575,1313599114,1313599098,1313599087,1313599111,1262201435,1313599104,1229580307,1229827398,12823257925,1262196595,1229827470,1229580327,1262212991,1229580319,1262199709,1229827300,1262198618,12074187316,1262197341"
Residenza universitaria Campus SanPaolo,45.0588979,7.6424312,mobilità,charging_station,0,1,4,26,"4691906385,13042652773,10759330929,11933501180,11933496419,10200314273,11505952227,10704779934,4691906384,5787665000,4691906382,7412497420,9568693093,12206458665,9331784402,11107468089,10574420948,12804904532,12766392871,9952823611,12804895752,12504447605,13138483052,13027591668,13340070604,9088671239"
Residenza universitaria Campus SanPaolo,45.0588979,7.6424312,mobilità,car_sharing,0,0,0,0,
Residenza universitaria Campus SanPaolo,45.0588979,7.6424312,mobilità,taxi,0,1,1,6,"7211219153,1720500302,1470612633,4289455496,3205040135,2902424081"
Residenza universitaria Campus SanPaolo,45.0588979,7.6424312,mobilità,parking,3,14,42,125,"458493305,458493307,458493306,287673382,211771635,291892756,287676827,931570540,857453221,458493302,862975532,1123178661,851290376,1222735865,1123178659,1418357920,1418357265,81892443,1418357921,1450297255,169109665,254428905,290481673,81603203,386376298,290481672,290481671,386376080,386376296,386376081,860301015,4734924482,434344155,1388871429,862941755,102643101,847969006,847969007,104230904,847959016,802596631,243354152,243354153,166581389,82290354,1125287584,290436848,290436857,290436845,133144552,1192476391,848622593,131713580,11503903538,184476157,1150750603,1154039642,1208808264,1318046507,166457327,4247924022,54740253,4247924125,560321339,646904179,166583965,166596459,241336708,1128003509,166585310,3319891484,131477884,166652711,166652710,791410567,792699652,841495751,841502849,140260606,83808962,106366574,376495005,154500752,839476414,839476413,1218048192,752839776,270802496,839634184,7077733654,693367780,693367779,1032863499,300189916,287520875,1027356692,1126042539,1126043797,1126047090,1190970428,166652712,83042948,5693045436,104183442,1121215910,167316233,1423333701,292034360,171572406,1243695860,171572408,804926618,1125419383,110530901,388410845,892061235,448718773,448969330,110534406,110862166,110862168,448434080,132528231,222172799,6411440333"
Residenza universitaria Campus SanPaolo,45.0588979,7.6424312,mobilità,car_rental,0,1,2,2,"659970718,1819918149"
Residenza universitaria Campus SanPaolo,45.0588979,7.6424312,mobilità,bicycle_parking,5,17,53,183,"10940032664,10188263281,10755570619,10864236935,10842180234,10853204513,10864236936,10842180233,7174535553,10871415399,4226491672,2592687602,2592687600,2592687601,10904588369,7076001877,7076001876,4226491676,10864236934,10904635285,4226491674,4226491673,2699774349,2699774351,10873504947,10846725764,10848373825,10873504985,10873504986,10871415400,12604248402,6284273900,2699765012,2699765013,2699765014,2699765015,10852570102,10750674542,10852570103,10750674543,10873504976,2699763618,10873504975,10852593727,2699763619,10852593712,10850759990,10850759982,10850759991,10848408078,10750671202,10994635793,10852593713,2699763620,2699760641,10852593711,7076001860,2699836884,2699836885,2699836886,2699836887,2699836888,2699836889,2524446376,638741442,7685876482,10873504948,7685967899,2699774350,2699774352,11274729869,1780322685,7076063185,1780322731,11274729769,2699759047,2699759049,2699759048,10852570101,3799076904,7635131587,6104249055,7063812962,10873504950,10873504949,2699760635,2699760634,10873504974,7918354187,10853204514,2699759050,2699760640,2699760639,2699762076,2699762075,7785624492,9565968757,2699759052,2699759053,2699759051,2699760636,2699760637,2699759056,2699759058,2699759057,2699757974,443101911,7815134909,7815134911,7815134910,7815134913,7815134912,12394522606,12394489858,10873504973,6912162938,7815134903,10113463334,10113463333,10113463332,10113463331,9580694089,10113463330,10113463329,10113463335,2016369763,2017759603,7076063186,7076063187,7076063189,7076063188,2699759055,2699759054,11913808736,6954549387,6954549388,1783770824,10873504971,1783770825,10802789582,2699757972,2699757973,2699757978,2699757975,12896310110,2602219048,2699762531,2699763621,2699762528,2699762080,7174545829,12165839590,7076001859,7076001858,2699762077,12951928674,10901383359,2699745133,2699762079,7807429771,10771806119,2699762078,2699762081,9300406026,7076063225,2699745128,7076063226,7076063227,7076063223,7076063224,7076063222,7076063221,7076063220,7076063219,7076063218,7076063217,7076063216,7076063215,7076063214,2699745130,2699745129,2632353490,10873504970"
Residenza universitaria Campus SanPaolo,45.0588979,7.6424312,mobilità,bicycle_rental,0,0,0,2,"5169986448,12068398565"
Residenza universitaria Campus SanPaolo,45.0588979,7.6424312,mobilità,primary,0,0,0,0,
Residenza universitaria Campus SanPaolo,45.0588979,7.6424312,mobilità,secondary,0,0,0,0,
Residenza universitaria Campus SanPaolo,45.0588979,7.6424312,verde,park,0,7,22,67,"674366763,106400836,287675212,99846380,287841882,106564125,599426190,97079974,865449655,1281995798,1222735862,851290355,1281996512,97080017,97550213,123245358,96704211,111550929,48135024,87776955,182810976,107161646,466175067,466175069,466175070,103422196,466175068,1126392199,104240184,104230582,104240183,37524337,243356957,759194439,646904183,290137848,1254357945,82290353,646904177,799333352,646904181,149395093,166596454,792699653,171271678,104147826,166986552,83808971,848000866,88206888,149395470,97550214,438380758,168437530,167316232,133623606,82205065,1153579567,242407848,292034395,82400823,605805917,731935819,41752855,41752854,82202795,23088806"
Residenza universitaria Campus SanPaolo,45.0588979,7.6424312,verde,garden,0,0,5,21,"1224543271,1222821235,1069969272,290481670,292158239,106333266,799305148,759206589,759206590,106331386,1135279260,140266730,107167208,28193052,82290351,892460222,892460208,892460219,10901405103,1433432894,111596409"
Residenza universitaria Campus SanPaolo,45.0588979,7.6424312,verde,grass,0,10,41,259,"1177931662,931570542,966689857,968906216,968906217,966689858,859854892,966689859,966689860,863151686,966696318,966696325,966689851,966689850,484744751,484744754,1418357914,1418357915,484744758,846003834,846003833,396869722,396869721,230378258,815517896,815523251,815523250,815517898,815523249,815517901,815517900,815523252,815523247,815517902,815523246,859854879,859854880,288835317,1126392509,1126392512,1126472583,1126392510,1126392511,1131164754,1131164753,104240182,666707223,759194441,1238389436,1238389437,1150137827,1238389435,1150137826,1239406381,1239406380,1238389427,1239177125,588758208,1132207955,1132207950,1132207951,1132207954,1132207953,1132207957,288835312,288835318,1132492003,1132209306,862454070,1132207952,1128002965,1128002964,1132207956,1128002962,1128002963,1311364296,154500720,687010710,687010712,891907991,687010711,154500733,1126792071,131477879,166596453,131477878,757727656,131477880,757727655,646909062,687010714,687010713,687010715,687010716,154500739,154500731,154500729,1066997745,234298691,154500724,316299344,154500737,154500736,315954828,234298714,234298715,234298692,234298708,234298712,234298709,234298702,234298698,234298695,234298694,234298699,234298703,234298687,234298690,234298711,234298688,234298710,234298707,234298706,234298700,234298713,234298697,234298696,234298689,234298693,234298705,234298701,234298704,315954833,181232343,181232355,181232342,181232349,181232340,181232352,286653246,181232353,181232350,181232347,181232345,181232348,181232341,286653247,181232346,286767165,314388661,286767159,286767161,181232351,286653245,286653244,286653242,242409910,286653241,286646606,286647293,286653240,286653237,286646604,286646594,286645617,286653239,286646607,286647294,286646605,286647291,732177417,286646595,1236922853,286646601,732177420,732177418,286646602,732177419,286646603,286647290,286646597,1126040506,1126042440,166653765,690808828,242409911,544187117,286636546,242409909,286656050,286636547,286636548,286664226,286636549,732157565,286664225,438380761,954750078,953713787,956494706,37671811,731899351,731899352,731899353,1173967163,731899358,1173907484,1173907485,731899359,731899350,731899354,1173907483,1173898346,1173898347,731899360,1173898349,1173898348,731899357,731899355,731899356,732096036,732096037,732096038,732096048,731939743,731935824,731935825,731939740,731939738,731939741,221891468,731939739,731939742,732125145,732125146,732177422,732125147,178997269,732125144,178997273,732125148,732125140,178997270,684348512,732125143,732125142,732125141,732125149,732125150,732125151,732125152,732157570,286656044,732125138,732157568,732157569,732157567,286656041,732125139"
Residenza universitaria Campus SanPaolo,45.0588979,7.6424312,verde,wood,0,0,1,1,835355026
Residenza universitaria Campus SanPaolo,45.0588979,7.6424312,verde,forest,0,0,0,0,
Residenza universitaria Campus SanPaolo,45.0588979,7.6424312,verde,meadow,0,0,0,0,
Residenza universitaria Campus SanPaolo,45.0588979,7.6424312,verde,scrub,0,0,0,0,
Residenza universitaria Campus SanPaolo,45.0588979,7.6424312,verde,allotments,0,0,0,0,
Residenza universitaria Campus SanPaolo,45.0588979,7.6424312,verde,playground,0,8,26,63,"1455945521,11622778326,1855080488,1172174757,9288498355,11897183145,1124860756,847961152,389404045,169109664,169109654,1855093913,1855093905,246613691,1115555287,1114937101,2506967014,1114938741,10696669360,833668347,833668346,169109663,1135247414,171271131,557627561,169109652,290144055,169109659,169109658,2113377131,1238389440,467446544,50258285,111815995,50174964,7685973296,1114952714,10187943589,140235237,1135279252,165022279,306160704,556681453,906203825,306160702,910933663,83093080,4968614878,83051429,83051428,571408914,5491685425,290144050,82205062,124772011,1115761786,11832550679,448718771,1173081441,448434079,1149617853,1149617852,499890620"
Residenza universitaria Campus SanPaolo,45.0588979,7.6424312,verde,recreation_ground,0,0,0,0,
Residenza universitaria Campus SanPaolo,45.0588979,7.6424312,verde,nature_reserve,0,0,0,0,
Residenza universitaria Campus SanPaolo,45.0588979,7.6424312,verde,lake,0,0,0,0,
Residenza universitaria Campus SanPaolo,45.0588979,7.6424312,verde,reservoir,0,0,0,0,
Residenza universitaria Campus SanPaolo,45.0588979,7.6424312,sport,fitness_centre,1,1,2,11,"755889752,5592340115,5592321393,12980028801,7272896085,11274687270,8518130285,5846394818,9568693090,5592351571,4477792090"
Residenza universitaria Campus SanPaolo,45.0588979,7.6424312,sport,sports_centre,1,1,4,15,"10090308290,860301014,211767603,646909064,751826434,290482354,646909066,3799075121,742125234,4086636019,168437524,290420034,290423873,4479684158,289416784"
Residenza universitaria Campus SanPaolo,45.0588979,7.6424312,sport,stadium,0,0,2,3,"43138628,285499599,652725229"
Residenza universitaria Campus SanPaolo,45.0588979,7.6424312,sport,swimming_pool,0,0,0,3,"1855080479,243270140,431631714"
Residenza universitaria Campus SanPaolo,45.0588979,7.6424312,sport,water_park,0,0,0,0,
Residenza universitaria Campus SanPaolo,45.0588979,7.6424312,sport,pitch,5,10,58,155,"1177610610,101520588,83685153,103649704,103650076,467648069,1006779136,290482367,1126581879,5491712414,422061581,169444963,169109655,169444964,847961150,847961151,83676850,169444965,169444966,169444967,169444968,169444969,83676825,169444962,290245229,10301477239,290245230,290245231,242926787,242926786,914614317,367965248,467648071,305071206,1126470600,10197383852,467648063,467648060,10197383853,1124007367,191495971,191495973,191495969,833668344,416059891,833668348,285499767,10301477240,1114952586,122455822,166582169,166582150,166583970,229256419,229256420,229256683,229256235,83386642,847975010,839152651,839152652,846003832,848616352,848616351,124253933,425484921,1311366022,304926006,304926005,304926004,304926003,252850307,425484914,1311364291,1311364292,1385612307,689326916,1311364294,425484913,425484919,425484916,425484909,241263809,1311364295,1311364293,241263815,425484924,1132205221,7685973295,1062615795,1135281752,7685967898,823258433,166582149,166582159,166583971,860988474,151216651,10582643941,1135279253,166582161,1123200344,8415343321,1058456079,1058456078,906203826,556681458,556681459,7007648418,7007648417,448850336,839634186,839634187,253538106,169446393,169446392,169446389,169446391,82290347,292034359,292036104,292034357,292036102,83393204,10301482921,169446390,292036101,1239172057,661429603,9072007555,9072007556,242407846,242407872,242407870,1086267302,186413455,1221399783,846003831,186413454,1303852812,1173898344,1173235467,731935820,731935821,41752773,731935823,220614907,220614908,289416782,289416786,289416797,289416790,10694640239,10694640238,10694640237"
Residenza universitaria Campus SanPaolo,45.0588979,7.6424312,sport,tennis_court,0,0,0,0,
Residenza universitaria Campus SanPaolo,45.0588979,7.6424312,sport,golf_course,0,0,0,0,
Residenza universitaria Campus SanPaolo,45.0588979,7.6424312,sport,ice_rink,0,0,0,0,
Residenza universitaria Campus SanPaolo,45.0588979,7.6424312,sport,bowling_alley,0,0,0,0,
Residenza universitaria Campus SanPaolo,45.0588979,7.6424312,sport,climbing_wall,0,0,0,0,
Residenza universitaria Campus SanPaolo,45.0588979,7.6424312,sport,gym,0,0,0,0,
Residenza universitaria Campus SanPaolo,45.0588979,7.6424312,commerciale,shop,0,0,0,0,
Residenza universitaria Campus SanPaolo,45.0588979,7.6424312,educazione,school,2,5,15,45,"863104614,212349568,862950965,2018185225,865449659,865449656,865449657,254434717,1108121172,169117804,860414963,253035251,370435829,160591228,815523248,858864692,859854877,859215053,367967850,367967851,243356083,1123417944,1123417943,1123417945,376495012,763986057,763986058,9623980923,815671121,799304797,131584960,744546260,3799075120,3799075123,282772081,837385370,242435627,7501518183,7501518184,367981582,376503486,892437397,291465020,388411291,137280029"
Residenza universitaria Campus SanPaolo,45.0588979,7.6424312,educazione,kindergarten,0,1,4,16,"862950963,254434718,290413521,169117808,167457423,242926781,863908356,253036895,466886543,3149305228,3149300430,3798287445,3799075125,3474642596,390148247,131644847"
Residenza universitaria Campus SanPaolo,45.0588979,7.6424312,educazione,university,0,0,0,1,12694977921
Residenza universitaria Campus SanPaolo,45.0588979,7.6424312,educazione,college,0,0,0,1,131654729
Residenza universitaria Campus SanPaolo,45.0588979,7.6424312,educazione,music_school,0,0,0,0,
Residenza universitaria Campus SanPaolo,45.0588979,7.6424312,educazione,driving_school,0,1,2,8,"13042699426,4734602699,12995526273,7077970133,8569299026,10729626293,9962100684,12951948641"
Residenza universitaria Campus SanPaolo,45.0588979,7.6424312,educazione,research_institute,0,0,0,0,
Residenza universitaria Campus SanPaolo,45.0588979,7.6424312,educazione,vocational_school,0,0,0,0,
Residenza universitaria Campus SanPaolo,45.0588979,7.6424312,educazione,library,0,0,1,5,"10090308294,1173244350,13144212299,1513480039,11926381625"
Residenza universitaria Campus SanPaolo,45.0588979,7.6424312,educazione,archive,0,0,0,0,
Residenza universitaria Campus SanPaolo,45.0588979,7.6424312,educazione,museum,0,1,1,2,"182886373,397514864"
Residenza universitaria Campus SanPaolo,45.0588979,7.6424312,educazione,community_centre,0,0,0,3,"12616853914,432388873,13082041537"
Residenza universitaria Cappel Verde,45.0727736,7.6834449,sanità,healthcare,0,0,0,0,
Residenza universitaria Cappel Verde,45.0727736,7.6834449,sanità,pharmacy,5,14,32,87,"4735719316,4412226590,9140119438,4735717950,7384890987,7376141996,3344768366,3344782869,1475077657,7312514018,7372912660,4734222157,7372912662,7372912663,4736115522,7312267251,3342806293,7372912661,7312091706,4736083750,4736083746,7372987830,3893151255,2018737316,4735058545,4735717430,2018187040,619193786,4735828988,3224067528,5255625937,2593187678,2048347744,2018203641,5628622146,1333701639,2018982162,2019517474,7310122343,4736110877,5113659491,2019532938,6827178588,5110808474,4736057638,2048276171,7376114116,12691580935,4736055182,5206578925,7376141997,4736058640,4736054350,7312494521,4736054639,4736054574,12018327204,7309967811,7376141998,4735870073,306557185,4735867352,306556997,754189651,5117627162,7373154098,4736077953,2068598491,3340684507,7372987831,7373154099,2018175898,7379060407,3416861086,4733628841,2097331576,3340678134,2097331604,309669048,3340681064,4733630118,9405942960,4733528397,4733528549,8059810892,1547962818,4733554860"
Residenza universitaria Cappel Verde,45.0727736,7.6834449,sanità,dentist,0,0,2,10,"12886910727,2016414024,2406157072,11296229554,4195848889,5941324678,3373033912,9301525972,6564881971,12076633860"
Residenza universitaria Cappel Verde,45.0727736,7.6834449,sanità,veterinary,1,1,2,5,"7234175545,13170595046,4736055191,2018192326,11167653306"
Residenza universitaria Cappel Verde,45.0727736,7.6834449,sanità,optician,0,0,0,0,
Residenza universitaria Cappel Verde,45.0727736,7.6834449,sanità,medical_supply,0,0,0,2,"12294762542,11688321776"
Residenza universitaria Cappel Verde,45.0727736,7.6834449,sanità,defibrillator,3,6,19,29,"12237513601,7232177660,9515896704,7234888685,12886227002,432803701,12484268753,5121847084,7934552531,13239427956,6705560885,11273669529,5113659443,6851497986,12095446701,6851187750,6853723885,8334794474,6851437489,6853946708,6853946004,6851357885,10942463291,3722895975,8025708191,10004554628,6877134124,9612498223,7139691092"
Residenza universitaria Cappel Verde,45.0727736,7.6834449,sanità,hospital,0,0,2,8,"294267544,190728046,191194250,316203053,3342035128,1193255695,777989578,1196177764"
Residenza universitaria Cappel Verde,45.0727736,7.6834449,sanità,clinic,0,0,5,13,"6664922333,822529092,4735668281,11290349432,10567218284,10567228303,13314604189,3893264712,10698816652,2284074743,4086502595,3290263940,4086241234"
Residenza universitaria Cappel Verde,45.0727736,7.6834449,sanità,doctors,0,0,0,0,
Residenza universitaria Cappel Verde,45.0727736,7.6834449,mobilità,station,0,0,0,8,"543360161,254594416,2081499942,11592793752,432803698,1622042729,3395226356,254594415"
Residenza universitaria Cappel Verde,45.0727736,7.6834449,mobilità,subway_entrance,0,0,0,39,"3431314079,3431314078,10235736538,3431314077,3431314076,3431314075,10235736525,1367855910,1839686581,1367855907,1367855911,1367855914,957923361,957923319,957923307,957923318,3431314080,2299299617,2299299618,3283630305,1367855920,1026285948,1026285957,1026285955,1026285950,1367855922,1622042886,3283904468,1622042919,3431326298,5020207823,5020207824,1262284319,10260242427,10260242426,1262284354,2014746582,1262284353,10260242428"
Residenza universitaria Cappel Verde,45.0727736,7.6834449,mobilità,tram_stop,3,20,56,156,"938733459,938733498,945268789,945268816,1168270429,945268799,1199240661,1229263858,1167320990,1167320859,1167321088,1167321041,1167320969,1167320960,1185414562,1168270672,1229580302,1229827262,943330794,943330820,943330773,943330793,1185414492,945268801,945268822,945268805,943330838,11294052063,945268802,1624209638,948015761,948015895,1569477511,1569477500,943330850,3514463818,1169943939,945268803,945268817,1229827230,1229580314,1229827620,941491483,941491672,941491612,1168270471,1168270534,941491716,941491868,1185414486,1229580315,1229827224,1227966230,1168270660,1185414504,1227966231,1167320937,12101484067,1168929427,12100765982,941491637,12101484058,1624209624,1843302903,941491545,943330768,1370347434,1229263851,1370347438,1229827150,1229580304,1230710216,1230709587,1230709694,1230710154,1230710053,1230710389,1227966234,1227966232,1227966233,1229263766,1229264040,12616325336,12715581050,12978416484,12978416485,943330769,12715581035,12978416486,1168270587,1168270504,1230710263,943330816,943330822,943330819,1230709780,1231011218,943330805,11281292421,1230709737,1230709859,11281834064,1235856174,1168270599,1270651267,1235856079,947982002,947982146,1262194799,1235856205,947981976,947982053,1235856123,1624209625,941491939,941491471,948016002,1167320980,1167320769,941491730,948016031,948016167,1167320925,12978416487,1229263814,1229263917,1231011198,1229264035,1229263857,11660081125,1168270491,947982084,947981932,948015780,945268808,948015938,945268793,948015923,948016134,941491929,12296376831,941491766,939124434,941491818,941491551,941671400,941671472,1230710101,947982115,1168270479,947982009,947982103,11611802562,12351499946,1235926926,1262203527"
Residenza universitaria Cappel Verde,45.0727736,7.6834449,mobilità,bus_stop,4,31,126,434,"1262203331,1262207470,1199003141,1168929465,1262195065,1262182588,937605174,937605197,1168270670,1199240778,1168929641,1168929327,937605175,1262195535,937605200,1229263756,1262201038,1262206788,1198867355,1262188427,13357227255,1198867590,1198867343,1198867678,1168929435,1198867713,1168929622,937605184,1185414408,1525407946,1262208796,937605187,1262193964,1262202938,1262210261,1262196361,1262193644,1262211503,937605188,1168270573,1262187575,1313599098,1313599087,1262196239,1262212991,1229580319,1262199709,1229827300,1262198618,1524833855,10938458344,4806485504,1569038269,12074187316,1262209419,1262197341,1524833877,4665090550,4665090551,1262209460,1262195174,1262203792,943330789,943330777,1262204189,943330813,1262203134,1262208172,937954790,1254531622,1254531604,1185414556,1185414572,1199240547,1569038260,1262208085,8494249908,1262196253,1199240667,1262201459,10938458345,1262197535,1262194358,8496496625,1262202182,4248370551,4245731174,4443910584,1262182722,1262198202,1262203078,1199240749,1262193035,943330835,937954831,1254531567,1262206062,2299299616,937605198,937605176,1262203237,937605196,937605190,1199240598,943330808,1262209067,1816820005,1524833867,1262194622,1254531589,1254531599,1262192569,1534402607,1262199643,1534402620,1262209355,1816820048,937954690,1199240497,1169943950,1199240580,1262203543,1262194491,1254531584,1262208183,1262199327,1262190791,1262192727,1262203691,1525407819,1816820135,4357263598,1262209141,1262211268,1262199136,1262185091,1262197302,1262204596,1262194624,1262207744,1262209011,1262210546,1262182382,4605836659,1262204898,12876021888,1229580300,1262196134,1168929344,1262197041,1262207547,1198867604,8289837996,1262195219,8289837997,1262185354,1262181975,1262197387,1168270553,1168929565,1168270407,10200408841,4575722855,10066805517,1185414522,1262199608,1491228855,1262202711,1262199542,1262186722,1229580316,1229827663,1262208483,10136283371,1168270570,1168270559,1185414520,12876021885,1262211444,1168929371,1262200499,1262196215,1262201567,1262196300,1262198051,1262197657,1525407917,1262206483,1262203392,3229868385,3262101385,1168929432,1491228856,1262197246,1198867662,1262188506,1262197678,1262208401,1262209581,1262199837,1262209446,1198867402,1262207476,1262190131,1491228854,11657164483,11657164484,1229827101,1229580311,1399644118,1262197436,1262211451,1262205080,1262192792,1262199977,1262195420,1262205970,1262195822,1168270639,1185414410,1262208503,1185414465,1262194546,1262208323,5117626905,1262209930,1262198026,1185414577,6851570620,1262199075,1262182576,1262200213,1262203030,1262212401,3350111050,1262198097,1262196900,1262196798,3350079082,1262209112,1262206389,1262208051,1262196187,1262191998,1262202844,1262195567,1262212221,1262192881,1262194437,1262196834,1270905157,1262191772,1270905158,1262208954,1262199922,1262209046,1262211982,1262197197,1262199746,1262212615,1235856128,1262189828,1262204404,1262207790,1262194051,1262203354,1262194653,1262211270,1262199090,1262207066,1262201419,1235856183,1262196422,1270651264,1262196590,1262204352,1235856103,1262195266,1262184741,12194813096,13208780377,1235856064,937605171,1262199772,937954712,1262182632,1262212512,1262199811,1262199749,1262188243,1262206716,1262207159,1262212066,1262208315,1198867441,1198867537,1262208216,1169944015,1198867556,1198867687,1198867567,1262204512,1262201395,1262194929,1262196877,1262195824,1262211446,1262208031,1262196779,1262210312,1231011141,1262190386,1262195510,1262200404,1262204567,1262212826,1262211802,1262194968,1262198250,1262202417,1262185638,1262198884,1262195633,1262212644,1262199697,1262183610,1262209326,1169944001,1262210342,1262201382,1199240610,1262192916,1262195506,1262204561,1169944104,1169944065,1262203915,1262211062,1262182640,1262208804,1262209142,1262208862,5170992749,1262198865,1262199070,1262204651,1262195627,1262205952,1262200770,1262194786,1262208693,1262194006,1262208285,1262203594,1262199227,1262182243,1262199140,1262197279,1262197344,1262205700,1262209070,1262208866,1262193851,1262204144,1262195892,1262197057,1262208091,1262181780,1262207924,1262187051,1262197366,1262209473,1262199613,1262205219,1262203154,1262209149,1262194631,1262195240,1262204335,1262196046,1262208207,1262208276,1262184176,1262193104,13208780379,1262208589,1231011153,1262195698,1262204769,13208780378,12876021883,3226552301,3226552300,1262201740,1262187727,3226552298,3226552302,3226552299,1262209157,1262199236,13208780374,1262202819,1262210263,1262203708,1262186164,1262186807,1262201120,1668063915,1262188886,1262198214,1262193412,1262182759,1262209328,1262211594,1262203860,1262182532,11599304627,1262200672,1262184893,1262209370,1262211559,1262192547,1524429488,1524429497,1235926929,3351615326,1262199149,1235926936,1262185187,3351625103,1262184724,1262201445,13208780376,1262204674"
Residenza universitaria Cappel Verde,45.0727736,7.6834449,mobilità,charging_station,2,3,13,54,"9088671239,4671233528,9088671240,13075187843,5545493679,12801752468,13074606106,13074583239,12974489257,3906163545,7787992006,13254288285,9884949609,9884949607,9884949611,9884949608,9884949610,10676666527,3906238205,11694139826,13254333741,12881604940,10132403023,10132403019,10132403022,10132403020,10132403021,10024930203,12848949670,12385342507,3906239156,5545493680,5255643474,10024930198,10024930204,9903597728,3906262432,11330971755,13175098408,9903597736,11640502278,544516332,12849058997,13031168994,9903597730,9892110268,7944759282,11243926724,11243926727,11243926726,11243926728,11243926725,9386005083,13064911110"
Residenza universitaria Cappel Verde,45.0727736,7.6834449,mobilità,car_sharing,0,0,1,2,"4749176847,3906283850"
Residenza universitaria Cappel Verde,45.0727736,7.6834449,mobilità,taxi,2,4,8,19,"2016414163,2902424081,2902424080,1545661422,3241731973,2902424082,8316678430,2019632236,604332918,5020220491,5020220492,3241731972,3241731971,5941325188,3241731964,2902424078,5167146632,2902424079,2898774433"
Residenza universitaria Cappel Verde,45.0727736,7.6834449,mobilità,parking,5,13,58,156,"83042948,1383582583,1381841252,1381841251,5693045436,12809872841,1381841253,5239566614,352332303,928634275,635372762,635372763,320706078,320706077,166616053,166611428,125745550,586939744,12197274454,1351673211,23090218,1219311967,1219311969,1062840998,1063527547,1062853762,1062853768,1219311968,310919719,846925182,7195363113,7573315188,1455462286,4488383689,248772281,248160665,13260980844,2019632224,1227966229,275161406,2284374403,5997771287,5997780786,320706080,5997812985,635372765,320706079,3363420315,22953965,1218557983,1057905850,316211275,319749756,249248499,319742232,191375051,5941325249,193000008,435793218,1255999599,731592384,731605916,436314967,242957870,6851422048,733635639,358681039,124778755,1262706519,3343691149,167858828,3343561833,3343599887,280507600,108460658,5997772786,5997773586,5997772787,5997773587,5997780785,96556746,5993028887,5993028888,635989603,5997762385,308834324,1122299605,5997837886,5997837887,5997806485,5997788087,5997771286,108459796,652758231,262648990,365889975,288283917,1107364662,365889357,846901935,1107364663,553224994,5239210899,5340476663,388422914,256336198,149459698,2275474998,288891940,2275474626,196859076,182857158,731932434,5167031324,5167144776,2275474473,5167017427,2275474943,1215783014,256336302,1215783015,7115553619,256336239,1215783013,1215783012,1215783010,1215783011,1266554225,455120610,1266554226,1266554228,5167017523,524348972,387341670,3343577420,577263229,166616614,846901934,328929579,1421696089,1158404279,1158404305,1158404302,1158404303,1158404300,1158404301,1158404304,1158454601,846018295,886739419,846003849,846003846,846003847,3343610008,1421696091,846003848"
Residenza universitaria Cappel Verde,45.0727736,7.6834449,mobilità,car_rental,0,0,0,5,"6113511883,11104716244,5628622134,5941325247,5941325228"
Residenza universitaria Cappel Verde,45.0727736,7.6834449,mobilità,bicycle_parking,6,15,73,298,"10011778505,1783770824,10873504971,1783770825,10802789582,2699757978,9536387625,706004735,9536764388,9515661833,2699754605,2699745128,7076063237,7076063228,7076063236,2699745134,2699745131,5628622143,2699745129,5628622144,2632353490,10873504970,5628622145,7025739876,10873504969,2699745132,2699745136,2699745135,7076063244,7076063250,7076063251,2699745137,7076063243,7076063242,12165781958,7076063247,7076063246,7076063239,7076063238,7076063240,7076063241,12165781957,7076063264,7188790471,7076063257,7076063253,7076063252,7076063255,7076063249,7188790470,7076063260,7076063258,7076063248,7076063256,7076063262,7076063245,7076063263,7076063265,7076063254,7076063259,7076063261,10159318064,2699757982,2699757981,2699757980,2699757979,2699757983,2699757984,2699757985,2699757986,2699757987,2699757989,2699752845,2699752839,2699757988,10959344809,2699753945,2699754607,2699754613,2699754610,2699754609,13142999531,13143056907,10741520276,10741540187,2699752835,13142731612,2699752836,2699752843,2699752848,12423088352,12423084564,2699752837,2699752846,7076063266,7076063268,7076063269,11357996666,11357989903,2699752855,7076063267,2699752858,10873504966,3748951425,2699743590,10770406639,2699752850,12227768290,12962232569,10874232260,10873504967,2699743591,2699743592,10873504965,11505942798,2699740343,13026972875,10873504964,13026966312,13026970105,5226211759,7076001868,7076001867,7076001864,7076001863,7076001865,13283086792,9330196749,5594891026,13283226975,11274729970,7076063197,7076063198,9321076956,4063688590,7076001861,7076001862,2282486102,5113659453,7076001866,11983497399,11983479625,2017190763,2018982169,7076063202,7076063203,12009896156,13324660699,7076063201,10884404308,7076063200,7076063199,12681485187,12681485188,6149852920,2699753943,2699753944,2699753946,2699753947,2699753951,2699753950,2699753949,2699753948,5117627158,5113659515,10779500105,2699753644,5968582882,5968581908,6827178603,12068659438,5941325235,2699753641,2699753643,2699753642,7076063204,7076063205,7076063206,11277111680,11277111681,7076063207,10777961006,12650442898,7076063208,7076063209,8026222938,7076063210,7076063211,7076063212,7076063213,5117627124,5941324676,5941324684,5941325233,2048050409,5941324672,11966746787,5941325227,5941325219,11966792060,5941325190,9740895475,12634535120,12634548501,12634222020,12634416056,9740895502,9740888733,10759662318,11238380039,11238380037,11238380038,13011786017,13011795861,11368531149,9224843549,11832986276,12020238320,11964721442,11832991702,11832980125,11379545987,11379561478,12812076106,12843998249,12986009917,12915235956,2699752844,2699752833,2699752840,2699752831,10951467173,2699752842,10951467161,2699752853,10883132771,2699752854,2699752859,2699752857,2699752834,2699752832,9307377317,9307358113,13074641241,6851396187,5998289584,5998291995,9740888734,12182105961,11622870823,10823910305,10827570606,12960979068,2699743594,12960995980,13031764505,13031144492,13031774310,13031783911,13031764501,13031764500,13031773532,13031773533,11084637605,12079627878,10767946305,5167135825,10823892608,12208848355,10823869008,12852846568,10823876406,5167119931,5167148032,5167110789,5542175056,9903597733,13143013240,5542175064,5542175063,10994156060,10994156059,11622870824,5542175057,5534040230,5534052431,13143058309,13143034941,13143041199,5542175058,5542175059,5542175061,13143022643,10994232050,5542175062,10827604005,10827603806,10833478805"
Residenza universitaria Cappel Verde,45.0727736,7.6834449,mobilità,bicycle_rental,0,0,0,2,"4818660028,12068398566"
Residenza universitaria Cappel Verde,45.0727736,7.6834449,mobilità,primary,0,0,0,0,
Residenza universitaria Cappel Verde,45.0727736,7.6834449,mobilità,secondary,0,0,0,0,
Residenza universitaria Cappel Verde,45.0727736,7.6834449,verde,park,0,2,8,41,"23088806,433500383,130457686,23034764,23034770,238704379,820424986,306556283,306556287,306556291,758075564,23026345,22897848,543676718,457323344,287707677,753231466,479486904,319279820,22879264,22908088,23055671,532907259,256465204,256465522,369795270,632813022,22908071,12233633301,690662131,690745660,259895475,1157616170,253360471,290706661,690745503,690738904,690738908,690738906,690745039,690662573"
Residenza universitaria Cappel Verde,45.0727736,7.6834449,verde,garden,1,4,16,67,"29176172,44574181,351520239,928634231,130448587,130448589,130448590,130448588,327939730,1064035772,1064035771,28621748,603463549,128268848,191051285,303807502,561608551,23054276,318993599,251488296,23026360,302764761,1060217784,1060217774,848959753,848959890,689197828,689197827,689196222,740007653,741636656,689196221,689196217,741636655,689196220,740007650,689196218,327419031,740007635,740007643,560991929,324477119,29184190,585434921,585434922,585434925,1067243272,1426202484,761582377,761951452,761951453,761951455,761951457,761951454,761582373,761951459,761951458,761582372,761951460,761951456,741636663,725758014,846901933,1158404280,1266554235,1266554238,690660411"
Residenza universitaria Cappel Verde,45.0727736,7.6834449,verde,grass,0,26,43,198,"286656050,286664226,732157565,286664225,318948807,326073532,326073533,319649516,732125145,732125146,732125147,732125144,178997273,732125148,732125140,732125143,732157570,286656044,732125138,732157568,732157569,732157567,286656041,732125139,342742135,342742125,342742134,342742126,351520237,351520236,424025002,394218574,394218572,352332316,352332309,352332314,353072697,352332319,424025003,352396030,355063907,462066644,684095662,130448586,684095663,130448583,134236056,1218836989,134236059,149628054,396842103,396842101,408842296,408842295,408842294,408842300,408842297,408842293,408842299,408842298,556500005,1067805718,1062853763,1062853769,1067805717,107568897,1068463711,1447741497,1264205127,1455462300,1455462921,1455462291,1455462301,337361722,1362575098,192061493,192061494,192061492,192061489,192061490,192061491,1272990787,245046146,1098853222,245045846,397809397,616677987,616677976,616677985,616677978,616677983,616677980,245045845,337361720,337361721,245045844,289014365,689196219,577440411,616984807,616984808,616984806,616984803,616984802,288798832,288798834,288798833,258298837,1173001074,1173001075,1173001079,1173001078,1173001076,1173001077,1173001084,1173001091,1173001083,288283918,1254120835,1173001072,1118869379,1173001073,1118869380,1173001095,1173001100,1173001099,1173001110,1173001101,1173001109,1173001098,1173001088,1173001107,1173001102,1173001108,1173001094,1415617395,1415617396,961875681,961875680,107568893,1064513659,107568895,107568898,1250264722,1426204057,1426204058,1271377215,1271377217,1271377216,1266554234,577263226,577267981,577271848,577267982,577271851,577267983,577271853,577267984,577271856,577267985,577271858,577271820,577271823,577271824,577271846,577271825,577271827,577271843,577271830,577271832,577271835,577271841,577271839,577271838,577271836,577271861,577440401,577440403,577440407,129839957,577558249,530332686,578956725,577558253,577558252,577275421,1193255688,577558261,577275422,577558254,664914263,1158454605,664914262,259895474,1196407026,1193255687,865725444,865725443"
Residenza universitaria Cappel Verde,45.0727736,7.6834449,verde,wood,0,0,0,1,457323345
Residenza universitaria Cappel Verde,45.0727736,7.6834449,verde,forest,0,1,1,1,585434926
Residenza universitaria Cappel Verde,45.0727736,7.6834449,verde,meadow,0,0,0,0,
Residenza universitaria Cappel Verde,45.0727736,7.6834449,verde,scrub,0,0,0,1,360131117
Residenza universitaria Cappel Verde,45.0727736,7.6834449,verde,allotments,0,1,1,1,328623930
Residenza universitaria Cappel Verde,45.0727736,7.6834449,verde,playground,0,0,6,32,"83093080,4968614878,83051429,83051428,1149617853,1149617852,499890620,1438254805,2110827287,8787334116,130457685,3419744722,3419744721,820424988,164063782,1780526494,191211963,1168299039,1170974105,1054786065,9215807657,10221497811,12851950094,2505158924,552214398,623124807,2097331624,1291894961,108460659,577440400,8464466018,1157616172"
Residenza universitaria Cappel Verde,45.0727736,7.6834449,verde,recreation_ground,0,0,0,0,
Residenza universitaria Cappel Verde,45.0727736,7.6834449,verde,nature_reserve,0,0,0,0,
Residenza universitaria Cappel Verde,45.0727736,7.6834449,verde,lake,0,0,0,0,
Residenza universitaria Cappel Verde,45.0727736,7.6834449,verde,reservoir,0,0,0,0,
Residenza universitaria Cappel Verde,45.0727736,7.6834449,sport,fitness_centre,0,0,3,13,"12886908643,9463603381,12488885986,12327658096,2018982152,4736058200,12547891555,11049505605,6851326135,3349809096,3343770523,11534701686,13011248973"
Residenza universitaria Cappel Verde,45.0727736,7.6834449,sport,sports_centre,0,0,1,10,"188466381,9792328371,630344434,458039656,288893797,458039655,3352111838,2097331599,3355734546,3355731107"
Residenza universitaria Cappel Verde,45.0727736,7.6834449,sport,stadium,0,0,0,0,
Residenza universitaria Cappel Verde,45.0727736,7.6834449,sport,swimming_pool,0,0,0,5,"1118749030,1118749029,1118749028,320710589,2097331540"
Residenza universitaria Cappel Verde,45.0727736,7.6834449,sport,water_park,0,0,0,0,
Residenza universitaria Cappel Verde,45.0727736,7.6834449,sport,pitch,0,1,8,43,"1065476429,10694640239,10694640238,10694640237,324738752,1014573092,362273176,5410221475,117526387,1347180844,1190222149,117526384,1190222452,1190222148,117526386,1347180845,117526378,1347180843,245045843,1062624219,358681038,358681041,358681042,358681037,119456036,578921511,1315551317,1315551316,319284839,809362711,809362112,218287346,218287350,1000297399,256770955,218287344,10994156063,10994273932,179477508,259895250,1157616171,253360458,286108004"
Residenza universitaria Cappel Verde,45.0727736,7.6834449,sport,tennis_court,0,0,0,0,
Residenza universitaria Cappel Verde,45.0727736,7.6834449,sport,golf_course,0,0,0,0,
Residenza universitaria Cappel Verde,45.0727736,7.6834449,sport,ice_rink,0,0,0,0,
Residenza universitaria Cappel Verde,45.0727736,7.6834449,sport,bowling_alley,0,0,0,0,
Residenza universitaria Cappel Verde,45.0727736,7.6834449,sport,climbing_wall,0,0,0,0,
Residenza universitaria Cappel Verde,45.0727736,7.6834449,sport,gym,0,0,0,0,
Residenza universitaria Cappel Verde,45.0727736,7.6834449,commerciale,shop,0,0,0,0,
Residenza universitaria Cappel Verde,45.0727736,7.6834449,educazione,school,0,0,12,45,"7501518183,7501518184,367981582,1065476430,315598789,391737655,4736111631,340249805,334684164,426293828,4736081694,320875624,4736084237,201438197,190499456,190499455,243074534,250151807,2284034343,2284034348,117493773,1304814076,1168299038,10765663105,450287805,1091923526,3343680527,42864476,1168299037,108601368,3343687306,3343687307,616984801,182884900,453290904,632813027,322254779,322254780,322254777,286107710,253360459,3343605435,3343615248,616994936,3343636574"
Residenza universitaria Cappel Verde,45.0727736,7.6834449,educazione,kindergarten,0,2,7,16,"314888176,12227784321,4762289761,1328540432,2284034346,219014163,7807308276,12768280010,10896540919,2018099976,256387052,532940553,453757173,12233633201,7038759586,253360467"
Residenza universitaria Cappel Verde,45.0727736,7.6834449,educazione,university,0,1,12,21,"8903777986,2714024340,192604816,2577028412,2577029282,2018055299,2018055301,9739802942,2503902059,3363964793,6851326132,4086214801,2018087957,1218747279,6851439272,651771955,4735868696,10237789518,453757181,3349733649,450278224"
Residenza universitaria Cappel Verde,45.0727736,7.6834449,educazione,college,0,0,1,3,"780144763,318997570,12248046055"
Residenza universitaria Cappel Verde,45.0727736,7.6834449,educazione,music_school,0,0,1,2,"28109102,3343797841"
Residenza universitaria Cappel Verde,45.0727736,7.6834449,educazione,driving_school,0,1,3,11,"12886844895,10879184439,11841904325,3859150411,12165781951,4734140809,12089511784,316203024,12077001867,9762124287,3473130432"
Residenza universitaria Cappel Verde,45.0727736,7.6834449,educazione,research_institute,0,0,0,1,6241694510
Residenza universitaria Cappel Verde,45.0727736,7.6834449,educazione,vocational_school,0,0,0,0,
Residenza universitaria Cappel Verde,45.0727736,7.6834449,educazione,library,1,2,3,14,"243093474,10229510808,4209315503,11806550856,4936115896,9693041809,3352114524,909179631,117351946,6074405709,4849156539,2096881473,3345600834,138036072"
Residenza universitaria Cappel Verde,45.0727736,7.6834449,educazione,archive,0,0,0,0,
Residenza universitaria Cappel Verde,45.0727736,7.6834449,educazione,museum,2,14,24,35,"12072302022,123180294,397514864,6433764792,435784636,4572133130,4736079916,6433974757,9585924917,5171950042,246516587,246643344,6432836094,2177769729,1333701144,6435420518,6431480861,2026479833,318938052,2026479832,246443715,6432887576,6432637423,11267476069,4908362221,6434268049,1628071063,248771289,6433944342,11217521918,246516619,9757285250,761582364,4067344493,3349838584"
Residenza universitaria Cappel Verde,45.0727736,7.6834449,educazione,community_centre,0,0,1,7,"423150315,12548906803,3363460993,3352189835,3371757496,8069412590,104339324"
Residenza universitaria Carlo Mollino,45.0641746,7.6508246,sanità,healthcare,0,0,0,0,
Residenza universitaria Carlo Mollino,45.0641746,7.6508246,sanità,pharmacy,5,8,18,68,"4785081493,7380109523,2536257617,4620303530,1470609151,2019649541,4734592596,4786739926,3348691737,4734591980,4734595751,4553612464,3147953801,1670302089,2135139106,4734594417,4734593954,7385328770,7380128899,7380131545,4289452247,7373154101,1198867317,4735667414,12814474916,6029326322,4735669404,4735721872,12800044441,2036336905,2036356385,4735719316,4412226590,9140119438,4735717950,7384890987,7376141996,3027567380,7380102116,1446143790,7380072654,3348688592,1491288435,3914894256,3946017788,4111366192,3917178727,3342794654,7373154102,4734768651,3342781917,3342780201,7058359416,7312067712,7312112149,4734225963,3344768366,3344782869,1475077657,7312514018,1923349804,7372912660,4734222157,4736115522,7312267251,3342806293,4735717430,2593187678"
Residenza universitaria Carlo Mollino,45.0641746,7.6508246,sanità,dentist,1,2,4,10,"13306002941,7261094839,13288761320,9568693092,12886910727,2016414024,12946986024,11564921123,12165839580,1448147009"
Residenza universitaria Carlo Mollino,45.0641746,7.6508246,sanità,veterinary,1,2,4,10,"4734597325,6948201811,7023650031,6942723111,9952804074,3956304242,12951974696,11290467038,7234175545,13170595046"
Residenza universitaria Carlo Mollino,45.0641746,7.6508246,sanità,optician,0,0,0,0,
Residenza universitaria Carlo Mollino,45.0641746,7.6508246,sanità,medical_supply,0,0,2,3,"13138464036,11064390829,12951935240"
Residenza universitaria Carlo Mollino,45.0641746,7.6508246,sanità,defibrillator,0,0,7,16,"13308607340,9376999100,10243877109,7227510560,12237513601,9552060491,9137861147,7232177660,9515896704,7234888685,12886227002,432803701,12484268753,8404250984,5121847084,7934552531"
Residenza universitaria Carlo Mollino,45.0641746,7.6508246,sanità,hospital,0,0,0,5,"521821122,862795993,3538149956,26294487,294267544"
Residenza universitaria Carlo Mollino,45.0641746,7.6508246,sanità,clinic,0,0,2,19,"654215083,12855312376,290245244,1196177763,395057467,12816667601,12816667602,12816909558,12816909553,12814452400,12816909554,12814474932,12814452396,6664922333,822529092,4735668281,4086286155,11290349432,10698816652"
Residenza universitaria Carlo Mollino,45.0641746,7.6508246,sanità,doctors,0,0,0,0,
Residenza universitaria Carlo Mollino,45.0641746,7.6508246,mobilità,station,0,0,0,9,"543360161,254594416,496268558,1095052533,332648726,332648606,2081499942,11592793752,432803698"
Residenza universitaria Carlo Mollino,45.0641746,7.6508246,mobilità,subway_entrance,0,0,0,37,"3431314079,3431314078,10235736538,3431314077,3431314076,3431314075,10235736525,430167591,429724255,946525643,1484955768,1484955766,1484955767,957916124,946525616,957923325,442641053,442641055,1367855910,1839686581,1367855907,1367855911,1367855914,957923361,957923319,957923307,957923318,3431314080,2299299617,2299299618,3283630305,1367855920,1026285948,1026285957,1026285955,1026285950,1367855922"
Residenza universitaria Carlo Mollino,45.0641746,7.6508246,mobilità,tram_stop,9,14,33,105,"1234675838,1233612845,1270905156,1233612826,1234675831,1234675807,1234675699,1234675847,11009337364,1234675743,1234675824,1234675790,945383236,945383225,945383170,945383228,945383209,945383242,11009337366,1234675767,1234675754,1199240450,1230710275,1270651295,1262202670,1230710077,1230710325,1230709627,1230709993,1231011146,945383335,945383168,1230709942,1230709908,1231011227,941491902,941491727,1168929313,1167320836,1168929291,941491699,1167320919,941491496,1230709954,1230710110,1230709892,941491640,941491856,938733459,938733498,945268814,945268800,1185414536,1168929618,945268789,945268816,1167321000,1168270429,945268799,1199240661,1229263858,1167320990,1167320859,1167321088,1167321041,1167320969,1167320960,1185414562,1168270672,1231011192,1230709701,942830330,942830343,942830344,942830324,942830342,942830327,942830313,942830316,1229827369,1229580312,1229827462,1229580298,1229580302,1229827262,1229827380,1229580296,943330794,943330820,948350593,948350631,943330778,943330837,1229827464,943330773,943330793,1185414492,945268801,945268822,945268805,943330838,11294052063,945268802,941491672,1168270534"
Residenza universitaria Carlo Mollino,45.0641746,7.6508246,mobilità,bus_stop,9,22,106,382,"1262211661,1262202360,1262197992,1234675634,1262211378,1262206677,1262196571,1262182521,1233612852,1262193998,1233612824,1262207027,1262203336,1262192798,1262189772,1262195237,1262207755,1262190794,1262182380,1262210347,1262190812,1262182452,1262194936,1262199328,1262204920,1185441578,1262208869,1262211602,1262199144,1262195704,1262185164,1262210241,1262197150,1262210434,1262199934,1262199271,1262190748,1262200682,1262208770,1262186464,1262191474,1234675726,1262203695,1234675650,1262203346,1262204437,1262208811,1262202241,1262204527,11211252316,1262185590,1262199222,1262190163,1262185865,1668063927,1262195515,1262193449,1262203196,11009337365,1262207225,11211252314,1262195960,11211252315,1262208328,937591581,1262207453,937591513,1262210240,1199003172,1199003187,1185441565,1262208618,1185441540,1185441579,937591574,1213368937,1262204355,1185441569,1262183019,937591597,1262201258,937605183,937605179,1198909279,1198909287,937605170,937605201,937605172,10200584299,1185414537,10200408844,1262206025,1185414591,1262212245,1262212777,1262192470,1262208298,1262197981,1262194443,1185441549,1262197105,1185441551,1262186201,1262199241,1185441575,10200584300,10200408843,1262205104,11211252313,1262195832,1262208385,1262209301,1262194948,1262198072,1262211472,1262197194,1230710356,1230710401,1262209161,1262194483,1213368919,1198867501,1198867296,1185441587,3979495903,10200408842,1262208027,1185441561,1230710173,1230709749,1262204124,1185441537,1231011169,1262194463,1212944734,1212944745,1262206303,1262208993,1213368963,1262208641,1185809741,1262208307,1185414473,1185809759,1262194959,1262188782,1185809737,1262199883,1262204464,1262187238,937605193,937605195,937605181,937605194,937605189,1262198275,1198867720,1262200618,1262210403,1198867646,1198867624,1262199732,1198867456,1167320783,1262207954,1262187635,1262208539,1262200757,1262204432,1262205523,1262195376,1262203331,1262207470,1262195744,1185414571,1231011126,1168929258,1198867528,1199003141,1168929465,1185815850,1262195065,1262182588,937605174,937605197,1168270670,1199240778,937605169,1168929641,937605192,1168929327,937605175,1262195535,937605200,1229263756,1262201038,1262206788,1198867355,1262188427,13357227255,1198867590,1198867343,1198867678,1168929435,1198867713,1168929622,937605184,1185414408,1525407946,1262208796,937605187,1262193964,1262202938,1262210261,1262196361,1262193644,1262211503,937605188,1168270573,1262204223,1262204392,1262183098,1262198988,1262198123,1262212515,1262197053,1262209471,1262197177,1262198384,1262209293,1262199646,1262204607,1262208375,1262208983,1262185661,1262201597,1262208218,1262207930,1262195899,1262192507,1262196140,1262182653,1262199082,1262199702,1262197372,1262187256,1262208290,1262197969,1262201321,1262197313,1262182600,1262197071,1262195996,1262210565,1262195403,1262200220,1262198137,1262203653,1262203564,1262212324,1262195144,1262182776,1262199205,1262208958,1262199591,1262193765,1262203257,1262194988,1262188706,1262202792,1262194321,1262197282,1262212832,1262211335,1262189175,1262199980,1262198311,1262195447,1262183195,1262208260,1262211717,1262184927,1262196052,1262205722,1262209117,1262192893,1262192699,1262191010,1262190401,1262196012,1262192555,1262209422,1262184292,1262201989,1262207376,1262208142,1262187575,1313599114,1313599098,1313599087,1313599111,1262201435,1313599104,1229580307,1229827398,12823257925,1262196595,1262210281,1262196239,1229827470,1229580327,1262198584,1262212991,1229580319,1262199709,1229827300,1262198618,1524833855,10938458344,4806485504,1569038269,12074187316,1262209419,1262197341,1524833877,4665090550,4665090551,1262209460,1262195174,1262203792,1262195359,1262203217,943330789,943330777,1262206976,1399644508,1262193498,1262202140,943330783,943330770,1262204189,943330813,1262203134,1262208172,937954790,1185414556,1185414572,1199240547,1569038260,1262208085,8494249908,1262196253,1199240667,1262201459,10938458345,1262197535,1262194358,8496496625,1262202182,4248370551,4245731174,4443910584,1262182722,1262198202,1262203078,1199240749,1262193035,943330835,937954831,1254531567,1262206062,2299299616,937605198,937605176,1262203237,937605190,1199240598,1816820005,1168929344,1262197041,1168270407,1262196215"
Residenza universitaria Carlo Mollino,45.0641746,7.6508246,mobilità,charging_station,0,2,5,31,"10759330929,10200314273,11505952227,10704779934,4691906384,5787665000,4691906382,7412497420,9568693093,12206458665,9331784402,5545629913,11107468089,10574420948,12804904532,12766392871,9952823611,12804895752,12504447605,13138483052,10203837376,13027591668,13340070604,13027614487,9088671239,4671233528,9088671240,13075187843,5545493679,12801752468,3906238205"
Residenza universitaria Carlo Mollino,45.0641746,7.6508246,mobilità,car_sharing,0,0,0,1,4616005750
Residenza universitaria Carlo Mollino,45.0641746,7.6508246,mobilità,taxi,0,0,1,10,"1720500302,1470612633,450595752,4289455496,2016414163,3205040135,2902424081,1757138441,2902424080,1545661422"
Residenza universitaria Carlo Mollino,45.0641746,7.6508246,mobilità,parking,3,7,36,118,"1450297255,169109665,254428905,290481673,81603203,386376298,290481672,290481671,386376080,386376296,386376081,4734924482,434344155,1388871429,102643101,847969006,847969007,104230904,847959016,802596631,243354152,243354153,166581389,82290354,1125287584,290436848,290436857,290436845,133144552,1192476391,848622593,131713580,11503903538,184476157,1150750603,1154039642,1208808264,166457327,54740253,560321339,646904179,166583965,166596459,241336708,1128003509,166585310,3319891484,131477884,166652711,166652710,791410567,792699652,841495751,841502849,140260606,83808962,106366574,376495005,154500752,839476414,839476413,1218048192,752839776,270802496,839634184,7077733654,693367780,693367779,1032863499,300189916,287520875,1027356692,1126042539,1126043797,1126047090,1190970428,166652712,83042948,1383582583,1381841252,1381841251,5693045436,12809872841,1381841253,171572406,1243695860,171572408,804926618,1125419383,110530901,388410845,892061235,895352333,895352332,891936899,891936900,389549638,391743104,389601115,448718773,448969330,110534406,110862166,110862168,525113175,448434080,132528231,222172799,6411440333,5239566614,635372762,635372763,320706078,320706077,166616053,166611428,125745550,275161406"
Residenza universitaria Carlo Mollino,45.0641746,7.6508246,mobilità,car_rental,0,0,0,3,"659970718,1819918149,1170039574"
Residenza universitaria Carlo Mollino,45.0641746,7.6508246,mobilità,bicycle_parking,4,15,95,263,"10842180233,7174535553,10871415399,2699774351,10846725764,10848373825,10873504985,10873504986,10871415400,12604248402,6284273900,2699765012,2699765013,2699765014,2699765015,10852570102,10750674542,10852570103,10750674543,10873504976,2699763618,10873504975,10852593727,2699763619,10852593712,10850759990,10850759982,10850759991,10848408078,10750671202,10994635793,10852593713,2699763620,2699760641,10852593711,7076001860,7685876482,10873504948,7685967899,2699774350,2699774352,11274729869,1780322685,7076063185,1780322731,11274729769,2699759047,2699759049,2699759048,10852570101,3799076904,7635131587,6104249055,7063812962,10873504950,10873504949,2699760635,2699760634,10873504974,7918354187,10853204514,2699759050,2699760640,2699760639,2699762076,2699762075,7785624492,9565968757,2699759052,2699759053,2699759051,2699760636,2699760637,2699759056,2699759058,2699759057,2699757974,443101911,7815134909,7815134911,7815134910,7815134913,7815134912,12394522606,12394489858,10873504973,6912162938,7815134903,10113463334,10113463333,10113463332,10113463331,9580694089,10113463330,10113463329,10113463335,2016369763,2017759603,7076063186,7076063187,7076063189,7076063188,5347703556,12153279090,2699759055,2699759054,11913808736,7054259454,10011778505,6954549387,6954549388,1783770824,10873504971,1783770825,10802789582,2699757972,2699757973,2699757978,2699757975,9536387625,706004735,9536764388,9515661833,2699754605,12896310110,2602219048,2699762531,2699763621,2699762528,2699762080,7174545829,12165839590,7076001859,7076001858,2699762077,12951928674,10901383359,2699745133,2699762079,7807429771,10771806119,2699762078,2699762081,9300406026,2699743589,13231686483,12165839584,2699743595,2699743596,7076063225,2699745128,7076063226,7076063227,7076063223,7076063224,7076063222,7076063221,7076063220,7076063219,7076063218,7076063217,7076063216,7076063232,7076063233,7076063229,7076063237,7076063228,7076063235,7076063236,2699745134,7076063215,2699745131,7076063214,2699745130,5628622143,2699745129,5628622144,2632353490,10873504970,5628622145,7025739876,10873504969,2699745132,2699745136,2699745135,7076063244,7076063250,7076063251,2699745137,7076063243,7076063242,12165781958,7076063247,7076063246,7076063230,7076063239,7076063238,7076063240,7076063241,7076063234,7076063231,12889486162,13231692502,12889485978,12889485179,12889481110,12889467141,2699743593,12165781957,7076063264,7188790471,7076063257,7076063253,7076063252,7076063255,7076063249,7188790470,7076063260,7076063258,7076063248,7076063256,7076063262,7076063245,7076063263,7076063265,7076063254,7076063259,7076063261,10159318064,2699757982,2699757981,2699757980,2699757979,2699757983,2699757984,2699757985,2699757986,2699757987,2699757989,2699752845,2699752839,2699757988,10959344809,2699753945,2699754607,2699754613,2699754610,2699754609,2699752835,2699752836,2699752843,2699752848,2699752846,7076063266,7076063268,7076063269,11357996666,11357989903,2699752855,7076063267,2699752858,2282486102,6149852920"
Residenza universitaria Carlo Mollino,45.0641746,7.6508246,mobilità,bicycle_rental,0,1,1,2,"5169986448,12068398565"
Residenza universitaria Carlo Mollino,45.0641746,7.6508246,mobilità,primary,0,0,0,0,
Residenza universitaria Carlo Mollino,45.0641746,7.6508246,mobilità,secondary,0,0,0,0,
Residenza universitaria Carlo Mollino,45.0641746,7.6508246,verde,park,0,3,13,53,"97079974,97080017,96704211,466175067,466175069,466175070,103422196,466175068,1126392199,104240184,104230582,104240183,37524337,243356957,759194439,646904183,290137848,1254357945,82290353,646904177,799333352,646904181,149395093,166596454,792699653,171271678,104147826,166986552,83808971,848000866,88206888,149395470,167316232,133623606,82205065,242407848,292034395,82400823,36854185,385418437,605805917,731935819,41752855,41752854,117959657,525113176,129903965,479483770,341402495,82202795,23088806,433500383,130457686"
Residenza universitaria Carlo Mollino,45.0641746,7.6508246,verde,garden,0,1,3,45,"1069969272,290481670,292158239,106333266,799305148,759206589,759206590,106331386,1135279260,140266730,107167208,28193052,82290351,888568023,888568021,892460217,892460222,892460206,892460208,891498339,891498341,891498343,891498340,890748884,892460219,10901405103,1433432894,111596409,525113177,889467736,525113178,889468648,889467729,766788903,889348394,889467725,919048424,29176172,44574181,351520239,130448587,130448589,130448590,130448588,327939730"
Residenza universitaria Carlo Mollino,45.0641746,7.6508246,verde,grass,0,13,128,253,"484744754,846003834,846003833,1126392509,1126392512,1126472583,1126392510,1126392511,1131164754,1131164753,104240182,666707223,759194441,1238389436,1238389437,1150137827,1238389435,1150137826,1239406381,1239406380,1238389427,1239177125,288835312,288835318,862454070,1128002965,1128002964,1128002962,1128002963,1311364296,154500720,687010710,687010712,891907991,687010711,154500733,1126792071,131477879,166596453,131477878,757727656,131477880,757727655,646909062,687010714,687010713,687010715,687010716,154500739,154500731,154500729,1066997745,234298691,154500724,316299344,154500737,154500736,315954828,234298714,234298715,234298692,234298708,234298712,234298709,234298702,234298698,234298695,234298694,234298699,234298703,234298687,234298690,234298711,234298688,234298710,234298707,234298706,234298700,234298713,234298697,234298696,234298689,234298693,234298705,234298701,234298704,315954833,181232343,181232355,181232342,181232349,181232340,181232352,286653246,181232353,181232350,181232347,181232345,181232348,181232341,286653247,181232346,286767165,314388661,286767159,286767161,181232351,286653245,286653244,286653242,242409910,286653241,286646606,286647293,286653240,286653237,286646604,286646594,286645617,286653239,286646607,286647294,286646605,286647291,732177417,286646595,1236922853,286646601,732177420,732177418,286646602,732177419,286646603,286647290,286646597,1126040506,1126042440,166653765,690808828,690808830,690808831,333831817,242409911,544187117,286636546,242409909,286656050,286636547,286636548,286664226,286636549,732157565,286664225,318948807,326073532,326073533,319649516,954750078,953713788,953713787,956494708,954750079,956494707,956494706,955893950,37671811,731899351,731899352,731899353,1173967163,731899358,1173907484,1173907485,731899359,731899350,731899354,1173907483,1173898346,1173898347,731899360,1173898349,1173898348,731899357,731899355,731899356,732096036,732096037,732096038,732096048,731939743,731935824,731935825,731939740,731939738,731939741,221891468,731939739,731939742,889467735,762971427,732125145,732125146,732177422,732125147,178997269,732125144,178997273,732125148,732125140,178997270,684348512,732125143,732125142,732125141,732125149,732125150,732125151,732125152,37738037,732157570,286656044,732125138,732157568,732157569,732157567,286656041,732125139,342742135,342742125,342742134,347254651,342742126,347254668,347254667,347254652,347254640,347254654,347254660,351520237,351520236,352332316,352332309,352332314,353072697,352332319,352396030,462066644,684095662,130448586,684095663,130448583,134236056,1362575098"
Residenza universitaria Carlo Mollino,45.0641746,7.6508246,verde,wood,0,0,0,1,835355026
Residenza universitaria Carlo Mollino,45.0641746,7.6508246,verde,forest,0,0,0,1,956497469
Residenza universitaria Carlo Mollino,45.0641746,7.6508246,verde,meadow,0,0,0,0,
Residenza universitaria Carlo Mollino,45.0641746,7.6508246,verde,scrub,0,0,0,1,360131117
Residenza universitaria Carlo Mollino,45.0641746,7.6508246,verde,allotments,0,0,0,0,
Residenza universitaria Carlo Mollino,45.0641746,7.6508246,verde,playground,0,2,10,60,"1124860756,847961152,389404045,169109664,169109654,1114937101,2506967014,10696669360,833668347,833668346,169109663,1135247414,171271131,557627561,169109652,290144055,169109659,169109658,2113377131,1238389440,467446544,111815995,7685973296,1114952714,10187943589,140235237,1135279252,165022279,306160704,556681453,906203825,306160702,1217815310,910933663,105377046,83093080,4968614878,83051429,83051428,290144050,82205062,124772011,1115761786,11832550679,390653412,448718771,1173081441,801903369,129903966,919048423,82400814,448434079,1149617853,1149617852,499890620,1438254805,2110827287,8787334116,130457685,1780526494"
Residenza universitaria Carlo Mollino,45.0641746,7.6508246,verde,recreation_ground,0,0,0,0,
Residenza universitaria Carlo Mollino,45.0641746,7.6508246,verde,nature_reserve,0,0,0,0,
Residenza universitaria Carlo Mollino,45.0641746,7.6508246,verde,lake,0,0,0,0,
Residenza universitaria Carlo Mollino,45.0641746,7.6508246,verde,reservoir,0,0,0,0,
Residenza universitaria Carlo Mollino,45.0641746,7.6508246,sport,fitness_centre,0,1,3,13,"5592340115,5592321393,12980028801,7272896085,11274687270,8518130285,5846394818,9568693090,11841788895,10736644789,12886908643,9463603381,4477792090"
Residenza universitaria Carlo Mollino,45.0641746,7.6508246,sport,sports_centre,0,0,3,12,"10090308290,646909064,751826434,290482354,646909066,3799075121,188466381,290420034,290423873,4479684158,83825215,289416784"
Residenza universitaria Carlo Mollino,45.0641746,7.6508246,sport,stadium,0,0,0,2,"43138628,285499599"
Residenza universitaria Carlo Mollino,45.0641746,7.6508246,sport,swimming_pool,0,0,0,6,"191056430,1118749030,1118749029,1118749028,431631714,379375639"
Residenza universitaria Carlo Mollino,45.0641746,7.6508246,sport,water_park,0,0,0,0,
Residenza universitaria Carlo Mollino,45.0641746,7.6508246,sport,pitch,0,8,33,122,"103649704,467648069,290482367,169444963,169109655,169444964,847961150,847961151,83676850,169444965,169444966,169444967,169444968,169444969,83676825,169444962,290245229,10301477239,290245230,290245231,467648071,305071206,1126470600,10197383852,467648063,467648060,1124007367,191495971,191495973,191495969,833668344,416059891,833668348,285499767,10301477240,1114952586,122455822,166582169,166582150,166583970,229256419,229256420,229256683,229256235,83386642,847975010,839152651,839152652,846003832,848616352,848616351,1311364291,1385612307,689326916,7685973295,1062615795,1135281752,7685967898,823258433,166582149,166582159,166583971,860988474,151216651,10582643941,1135279253,166582161,1123200344,8415343321,1058456079,1058456078,906203826,556681458,556681459,7007648418,7007648417,839634186,839634187,253538106,1065476429,82290347,292036104,292036102,83393204,10301482921,292036101,661429603,9072007555,9072007556,242407846,242407872,242407870,1086267302,186413455,1221399783,835698128,385418498,846003831,186413454,1303852812,1173898344,1173235467,731935820,731935821,41752773,731935823,220614907,220614908,388690911,83825205,875720649,457661508,877785725,289416782,289416786,289416797,289416790,10694640239,10694640238,10694640237,324738752,1014573092"
Residenza universitaria Carlo Mollino,45.0641746,7.6508246,sport,tennis_court,0,0,0,0,
Residenza universitaria Carlo Mollino,45.0641746,7.6508246,sport,golf_course,0,0,0,0,
Residenza universitaria Carlo Mollino,45.0641746,7.6508246,sport,ice_rink,0,0,0,0,
Residenza universitaria Carlo Mollino,45.0641746,7.6508246,sport,bowling_alley,0,0,0,0,
Residenza universitaria Carlo Mollino,45.0641746,7.6508246,sport,climbing_wall,0,0,0,0,
Residenza universitaria Carlo Mollino,45.0641746,7.6508246,sport,gym,0,0,0,0,
Residenza universitaria Carlo Mollino,45.0641746,7.6508246,commerciale,shop,0,0,0,0,
Residenza universitaria Carlo Mollino,45.0641746,7.6508246,educazione,school,0,3,13,41,"1108121172,169117804,367967850,367967851,243356083,1123417944,1123417943,1123417945,376495012,763986057,763986058,9623980923,799304797,131584960,744546260,3799075120,3799075123,282772081,837385370,242435627,7501518183,7501518184,367981582,1065476430,315598789,376503486,892437397,385417873,388411291,137280029,875684723,889097430,392518162,889096565,443199497,443199498,391737655,344744214,318938045,4736111631,243074534"
Residenza universitaria Carlo Mollino,45.0641746,7.6508246,educazione,kindergarten,0,1,3,14,"290413521,169117808,167457423,863908356,466886543,3149305228,3149300430,3798287445,3799075125,3474642596,314888176,898160525,131644847,919048421"
Residenza universitaria Carlo Mollino,45.0641746,7.6508246,educazione,university,0,0,1,3,"12694977921,8903777986,12168588078"
Residenza universitaria Carlo Mollino,45.0641746,7.6508246,educazione,college,0,0,1,1,131654729
Residenza universitaria Carlo Mollino,45.0641746,7.6508246,educazione,music_school,0,0,0,1,12569155038
Residenza universitaria Carlo Mollino,45.0641746,7.6508246,educazione,driving_school,0,0,2,11,"4734602699,12995526273,7077970133,8569299026,12886844895,10729626293,9962100684,12951948641,10879184439,11841904325,3859150411"
Residenza universitaria Carlo Mollino,45.0641746,7.6508246,educazione,research_institute,0,0,0,0,
Residenza universitaria Carlo Mollino,45.0641746,7.6508246,educazione,vocational_school,0,0,0,0,
Residenza universitaria Carlo Mollino,45.0641746,7.6508246,educazione,library,0,0,1,4,"13144212299,1513480039,4604602037,11926381625"
Residenza universitaria Carlo Mollino,45.0641746,7.6508246,educazione,archive,0,0,0,0,
Residenza universitaria Carlo Mollino,45.0641746,7.6508246,educazione,museum,0,0,2,7,"182886373,12072302022,123180294,3338687283,397514864,435784636,4572133130"
Residenza universitaria Carlo Mollino,45.0641746,7.6508246,educazione,community_centre,0,0,0,3,"12616853914,12585045537,13082041537"
Residenza universitaria Cavour,45.0624807,7.6900601,sanità,healthcare,0,0,0,0,
Residenza universitaria Cavour,45.0624807,7.6900601,sanità,pharmacy,2,5,31,73,"2036356385,4735719316,4412226590,9140119438,4735717950,7384890987,7376141996,4736115522,7312267251,11782400574,2036360279,3893151255,4735829063,2018737316,4735056034,4735058545,4735717430,2018187040,619193786,4735828988,3224067528,5255625937,2593187678,2048347744,2018203641,5628622146,1333701639,2018982162,2019517474,7310122343,4736110877,5113659491,2019532938,6827178588,5110808474,4736057638,2048276171,7376114116,12691580935,4736055182,5206578925,7376141997,4736058640,4736054350,7312494521,4736054639,4736054574,12018327204,7309967811,7376141998,4735870073,306557185,4735867352,306556997,754189651,4735090163,7310076313,5117627162,7373154098,4736077953,2068598491,3340684507,7372987831,7373154099,2018175898,7379060407,3416861086,4733628841,3340678134,9405942960,4733528397,4733528549,4733554860"
Residenza universitaria Cavour,45.0624807,7.6900601,sanità,dentist,1,2,7,10,"12886910727,10737466798,8463109068,2406157072,11296229554,4195848889,5941324678,3373033912,9301525972,6564881971"
Residenza universitaria Cavour,45.0624807,7.6900601,sanità,veterinary,1,1,1,4,"4735830189,4736055191,2018192326,11167653306"
Residenza universitaria Cavour,45.0624807,7.6900601,sanità,optician,0,0,0,0,
Residenza universitaria Cavour,45.0624807,7.6900601,sanità,medical_supply,0,0,0,2,"12294762542,11688321776"
Residenza universitaria Cavour,45.0624807,7.6900601,sanità,defibrillator,0,1,13,26,"9137861147,9515896704,5121847084,7934552531,13239427956,13015096966,8356951251,8210481138,6705560885,11273669529,5113659443,6851497986,12095446701,6851187750,6853723885,8334794474,6851437489,6853946708,6853946004,6851357885,10942463291,3722895975,8025708191,10004554628,6877134124,9612498223"
Residenza universitaria Cavour,45.0624807,7.6900601,sanità,hospital,1,1,2,6,"190728046,191194250,316203053,3342035128,1193255695,1196177764"
Residenza universitaria Cavour,45.0624807,7.6900601,sanità,clinic,1,1,1,13,"6664922333,822529092,4735668281,11290349432,10567218284,10567228303,464291813,3893264712,385995302,10698816652,2284074743,4086502595,3290263940"
Residenza universitaria Cavour,45.0624807,7.6900601,sanità,doctors,0,0,0,0,
Residenza universitaria Cavour,45.0624807,7.6900601,mobilità,station,0,0,2,6,"1621697594,543360161,254594416,1622042729,3395226356,254594415"
Residenza universitaria Cavour,45.0624807,7.6900601,mobilità,subway_entrance,0,0,10,24,"3253332073,3431326297,3431314079,3431314078,10235736538,3431314077,3431314076,3431314075,10235736525,3431314080,3253332072,1622042886,3283904468,1622042919,3431326298,5020207823,5020207824,1262284319,10260242427,10260242426,1262284354,2014746582,1262284353,10260242428"
Residenza universitaria Cavour,45.0624807,7.6900601,mobilità,tram_stop,0,19,55,146,"1168929313,1167320836,1168929291,941491699,1167320919,941491496,1230709954,1230710110,1230709892,941491640,941491856,938733459,938733498,1229263858,1167320990,1167320859,1167321088,1167321041,1167320969,1167320960,1185414562,1168270672,945268801,945268822,945268805,945268802,1624209638,950433574,951424216,1230710018,4997702728,1229827204,1231011119,1229827337,1231011175,1229580323,1229827230,1229580314,1229827620,941491483,941491672,941491612,1168270471,1168270534,941491716,941491868,1185414486,1229580315,1229827224,1227966230,1168270660,1185414504,1227966231,1167320937,12101484067,1168929427,12100765982,941491637,12101484058,1624209624,1843302903,941491545,943330768,1370347434,1229263851,1370347438,1229827150,1229580304,1230710216,1230709587,1230709694,1230710154,1230710053,1230710389,1227966234,1227966232,1227966233,1229263766,1229264040,12616325336,12715581050,12978416484,12978416485,943330769,12715581035,12978416486,1168270587,1168270504,1230710263,943330816,943330822,943330819,1230709780,1231011218,943330805,11281292421,1230709737,1230709859,11281834064,1235856174,1168270599,1270651267,13326178312,13326178313,1235856079,947982002,947982146,1262194799,1235856205,947981976,947982053,1235856123,13326178314,1624209625,941491939,941491471,948016002,1167320980,1167320769,941491730,948016031,948016167,1167320925,12978416487,1229263814,1229263917,1231011198,1229264035,1229263857,11660081125,1168270491,947982084,947981932,948015923,948016134,941491929,12296376831,1230710101,947982115,1168270479,947982009,947982103,11611802562,12351499946,1235926926,1262203527"
Residenza universitaria Cavour,45.0624807,7.6900601,mobilità,bus_stop,0,22,104,380,"1399644528,1262212319,1198867646,1198867624,1262199732,1198867456,1167320783,1262207954,1262187635,1262208539,1262200757,1262204432,1262205523,1262195376,1262203331,1262207470,1262182588,937605174,937605197,937605169,937605192,1168929327,937605175,1262195535,937605200,1229263756,1262201038,1262206788,1198867355,1262188427,13357227255,1198867590,1198867343,1198867678,1168929435,1198867713,1168929622,937605184,1185414408,1525407946,1262208796,937605187,1262193964,1262202938,1262210261,1262196361,1262193644,1262211503,937605188,1168270573,1185414572,1199240547,1262196253,1199240667,1262201459,937605198,937605176,1262203237,937605196,937605190,1199240598,943330808,1262209067,1816820005,1816820048,1262190108,1262190944,1262212994,1262196128,1491228853,1262182560,1262187879,1262203150,1262212811,1262183335,1262204440,5594891025,1262199964,1262199168,1262182219,1399644425,1262198176,1262197433,1262192786,1262197275,1262200205,1262207921,1262210546,1262182382,1262192501,1262201910,1262192626,1229580308,4605836659,1262204898,12876021888,1229580300,1262208182,1262196307,1262195324,1262209515,1262196647,1262212519,1262207853,1480474270,1262210350,1262190981,1262207187,1262197218,1262184662,1262204656,1262196134,1480474276,1262203192,1262194723,1262209179,1262196512,1262206934,1262207679,1480474287,1480474282,1480474260,1480474258,1262206294,1262199787,1262184419,1480474268,1480474269,1480474262,1262198132,1262197142,1480474257,1262209613,1262208977,1262182398,1262212389,1262211321,1262191031,1262198260,1262200999,1168929344,1262197041,1262207547,1198867604,8289837996,1262195219,8289837997,1262185354,1262181975,1262197387,1168270553,1168929565,1168270407,10200408841,4575722855,10066805517,1185414522,1262199608,1491228855,1262202711,1262199542,1262186722,1229580316,1229827663,1262208483,10136283371,1168270570,1168270559,1185414520,12876021885,1262211444,1168929371,1262200499,1262196215,1262201567,1262196300,1262198051,1262197657,1525407917,1262206483,1262203392,3229868385,3262101385,1168929432,1491228856,1262197246,1198867662,1262188506,1262197678,1262208401,1262209581,1262199837,1262209446,1198867402,1262207476,1262190131,1491228854,11657164483,11657164484,1229827101,1229580311,1399644118,1262197436,1262211451,1262205080,1262192792,1262199977,1262195420,1262205970,1262195822,1168270639,1185414410,1262208503,1185414465,1262194546,1262208323,5117626905,1262209930,1262198026,1185414577,6851570620,1262199075,1262182576,1262200213,1262203030,1262212401,3350111050,1262198097,1262196900,1262196798,3350079082,1262209112,1262206389,1262208051,1262196187,1262191998,1262202844,1262195567,1262212221,1262192881,1262194437,1262196834,1270905157,1262191772,1270905158,1262208954,1262199922,1262209046,1262211982,1262197197,1262199746,1262212615,1235856128,1262189828,1262204404,1262207790,1262187555,1262194051,1262209878,1262203354,1262195649,1262195757,1262194653,1262194554,1262211270,1262184239,1262199090,1262207066,1262200228,1262201419,1262204490,1262208777,1262203604,1235856183,1262195521,1262196422,1270651264,1262196590,1262204352,1235856103,1262195266,1262184741,12194813096,13208780377,1235856064,1262204271,1262196312,1262208882,1262196148,1262204577,1262188303,1262200697,1262195966,1262199820,1262199291,937605171,1262199772,937954712,1262182632,1262212512,1262199811,1262199749,1262188243,1262206716,1262207159,1262212066,1262208315,1198867441,1198867537,1262208216,1169944015,1198867556,1198867687,1198867567,1262204512,1262201395,1262194929,1262196877,1262195824,1262211446,1262208031,1262196779,1262210312,1231011141,1262190386,1262195510,1262200404,1262204567,1262212826,1262211802,1262194968,1262198250,1262202417,1262185638,1262198884,1262195633,1262212644,1262199697,1262183610,1262209326,1169944104,1169944065,1262203594,1262199227,1262182243,1262199140,1262197279,1262197344,1262209070,1262193851,1262193104,13208780379,1262208589,1231011153,1262195698,1262204769,13208780378,12876021883,3226552301,3226552300,1262201740,1262187727,3226552298,3226552302,3226552299,13208780374,1262202819,1262210263,1262203708,1262186164,1262186807,1235926929,3351615326,1262199149,1235926936,1262185187,3351625103,1262184724,13208780376,1262204674"
Residenza universitaria Cavour,45.0624807,7.6900601,mobilità,charging_station,0,7,23,51,"5545629913,10862580324,13074606106,13074583239,9056770766,8496473717,8496473719,8496473718,13254288285,9884949609,9884949607,9884949611,9884949608,9884949610,10676666527,11676231525,9671594609,3906238205,11694139826,13254333741,12881604940,10132403023,10132403019,10132403022,10132403020,10132403021,10024930203,12848949670,12385342507,3906239156,5545493680,5255643474,10024930198,10024930204,9903597728,3906262432,11330971755,13175098408,9903597720,9903597736,11640502278,544516332,12849058997,9903597730,7944759282,11243926724,11243926727,11243926726,11243926728,11243926725,13064911110"
Residenza universitaria Cavour,45.0624807,7.6900601,mobilità,car_sharing,0,0,0,2,"4749176847,3906283850"
Residenza universitaria Cavour,45.0624807,7.6900601,mobilità,taxi,1,3,6,13,"2016414163,3241731973,8316678430,2019632236,604332918,5020220491,5020220492,3241731972,3241731971,5941325188,3241731964,2902424078,2902424079"
Residenza universitaria Cavour,45.0624807,7.6900601,mobilità,parking,2,11,33,137,"736824357,706164324,736824358,1383582583,1381841252,1381841251,5693045436,12809872841,1381841253,635372762,635372763,320706078,320706077,166616053,166611428,330503346,915561379,914641500,914641495,914641496,914641504,914641505,914641487,914641506,596527947,914641494,489020583,1409158807,7195363113,282924801,191173232,112172255,1075063889,747831924,7573315188,966980831,45819032,1432694418,1433218612,842479608,842479609,842479611,69976487,1256054371,1441572060,411031505,1255963826,1411982815,1256019628,4127735019,4127734643,4127734444,1414322225,1455462286,4488383689,248772281,248160665,13260980844,2019632224,1227966229,275161406,2284374403,5997771287,5997780786,320706080,5997812985,635372765,320706079,3363420315,22953965,1218557983,1057905850,316211275,319749756,249248499,319742232,191375051,5941325249,193000008,435793218,1255999599,731592384,731605916,436314967,242957870,6851422048,733635639,358681039,124778755,1262706519,3343691149,4127735255,1383338299,4127735240,167858828,132957389,3343561833,3343599887,280507600,108460658,4127734429,4127734415,4127734464,4127734825,5997772786,5997773586,5997772787,5997773587,5997780785,96556746,5993028887,5993028888,635989603,5997762385,308834324,1122299605,5997837886,5997837887,5997806485,5997788087,5997771286,108459796,652758231,262648990,365889975,288283917,1107364662,365889357,846901935,1107364663,288891940,7115553619,3343577420,577263229,846901934,3343610008,1421696091"
Residenza universitaria Cavour,45.0624807,7.6900601,mobilità,car_rental,1,2,3,7,"1170039581,13363265154,6113511883,11104716244,5628622134,5941325247,5941325228"
Residenza universitaria Cavour,45.0624807,7.6900601,mobilità,bicycle_parking,19,35,81,211,"7076063193,7076063194,7076063195,7076063192,7054259454,9771620395,10011778505,7076063191,9536387625,706004735,9536764388,9515661833,2699754605,10159318064,2699757982,2699757981,2699757980,2699757979,2699753945,2699754607,2699754613,2699754610,2699754609,13142999531,13143056907,10741520276,10741540187,2699752835,13142731612,2699752836,2699752843,12423088352,12423084564,2699752837,2699752850,12962232569,7076063190,12168185377,8496468307,11082056515,8496468304,8496468306,8496468305,11082056516,11082056517,11182198684,5226211759,7076001868,12365551375,7076001867,7076001864,7076001863,7076001865,13283071994,13283160701,13283086792,9122302517,6909804800,9330196749,5594891026,13283101982,8638211147,9038187426,13283226975,11274729970,9884528466,7076063196,7076063197,7076063198,9321076956,4063688590,7076001861,7076001862,2282486102,5113659453,7076001866,11983497399,11983479625,2017190763,2018982169,7076063202,7076063203,12009896156,13324660699,7076063201,10884404308,7076063200,7076063199,12681485187,12681485188,6149852920,2699753943,2699753944,2699753946,2699753947,2699753951,2699753950,2699753949,2699753948,5117627158,5113659515,10779500105,2699753644,5968582882,5968581908,6827178603,12068659438,5941325235,2699753641,2699753643,2699753642,7076063204,7076063205,7076063206,11277111680,11277111681,7076063207,10777961006,12650442898,7076063208,7076063209,8026222938,7076063210,7076063211,7076063212,7076063213,5117627124,5941324676,5941324684,5941325233,2048050409,5941324672,11966746787,5941325227,5941325219,11966792060,5941325190,9740895475,12634535120,12634548501,12634222020,12634416056,9740895502,9740888733,10759662318,11238380039,11238380037,11238380038,13011786017,13011795861,11368531149,9224843549,11832986276,12020238320,11964721442,11832991702,11832980125,11379545987,11379561478,12812076106,12843998249,12986009917,12915235956,8269943195,2699752844,2699752833,2699752840,2699752831,10951467173,2699752842,10951467161,2699752853,10883132771,2699752854,2699752859,2699752857,2699752834,2699752832,9307377317,9307358113,13074641241,6851396187,5998289584,5998291995,9740888734,12182105961,11622870823,10823910305,10827570606,10767946305,5542175056,9903597733,13143013240,5542175064,5542175063,10994156060,10994156059,11622870824,5542175057,5534040230,5534052431,13143058309,13143034941,13143041199,5542175058,5542175059,5542175061,13143022643,10994232050,5542175062,11717312584"
Residenza universitaria Cavour,45.0624807,7.6900601,mobilità,bicycle_rental,0,0,1,1,12068398566
Residenza universitaria Cavour,45.0624807,7.6900601,mobilità,primary,0,0,0,0,
Residenza universitaria Cavour,45.0624807,7.6900601,mobilità,secondary,0,0,0,0,
Residenza universitaria Cavour,45.0624807,7.6900601,verde,park,2,3,5,35,"130457686,698756805,549096612,111646227,112172943,1432694404,287696722,109742701,23026345,22897848,543676718,457323344,287707677,753231466,479486904,816783671,895647570,61732303,1075763396,479483771,319279820,22879264,22908088,256465204,22908071,12233633301,690662131,690745660,259895475,690745503,690738904,690738908,690738906,690745039,690662573"
Residenza universitaria Cavour,45.0624807,7.6900601,verde,garden,1,2,15,177,"23089014,581600236,664912057,191051285,1430558102,1430558101,1429655977,1430558098,1431902919,1432497805,1432497804,1431902918,1432497803,1431902920,1432497799,1431902926,1431902917,1430558093,1431902925,1431902923,1432497802,1431902908,1431902916,1432497790,1432497798,1432497801,1431902915,1431902907,1431902906,1432497788,635651375,1432497787,1432497786,303807502,1432497777,1432497771,1432497780,1432542554,1432694413,1432542546,1432694420,1432694414,1432694410,1432694408,1433218603,1432694412,1433516891,1433516897,1432694406,1433516899,1433218602,1433218608,1433218609,1433218611,635651377,1433516893,1433516896,1434558345,1434859342,1431214248,1431167268,1431167270,1435026062,1435026061,1435026060,1435026072,1435074195,1435248845,1435248868,1435074194,1435248869,1435248853,1435074200,1435074202,1435074193,1435248854,1435248861,1435248855,1435248851,1435248860,1435248856,1435248850,1433516866,1434558331,1433516869,1433516870,1434558326,1434859339,1434558323,1434558321,1434558344,1434859340,1433516867,1434859343,1434859351,1434859338,1434558312,1434558342,1434558339,1434558336,1434558316,1433516874,1434558328,1434558319,1434558314,1434558315,1433516882,1434558313,1433516875,1434859334,1434859333,1434558318,1434558317,1435026103,1435026104,1441572055,1441572048,1412323438,1441572051,1441572050,1411246328,1441572049,1441572058,1411656563,561608551,23054276,318993599,251488296,23026360,302764761,1060217784,1060217774,848959753,848959890,689197828,689197827,411053238,633972127,411053241,633972128,689196222,740007653,741636656,689196221,689196217,741636655,689196220,740007650,689196218,327419031,740007635,740007643,741636682,560991929,814961233,813403362,800525157,324477119,29184190,585434921,585434922,585434925,761582377,761951452,761951453,761951455,761951457,761951454,761951459,761951458,761582372,761951460,761951456,741636663,725758014,846901933,690660411"
Residenza universitaria Cavour,45.0624807,7.6900601,verde,grass,5,15,35,151,"736826338,706164330,166653765,333831817,318948807,326073532,326073533,319649516,463612383,463612382,914641482,401668588,561611213,561611216,561611209,561611219,561611214,561611211,561611221,561611218,123242586,123242589,123242584,1447741497,1264205127,112698197,112698185,112698601,842026974,1429531892,1435026096,1435026095,1435026078,1435026075,1433516865,1455462300,1455462921,1455462291,1455462301,337361722,1362575098,192061493,192061494,192061492,192061489,192061490,192061491,1272990787,245046146,1098853222,245045846,397809397,616677987,616677976,616677985,616677978,616677983,616677980,245045845,337361720,337361721,245045844,289014365,411053235,129209564,129209563,689196219,577440411,616984807,616984808,616984806,616984803,616984802,288798832,288798834,288798833,258298837,1173001074,1173001075,1173001079,1173001078,1173001076,1173001077,1173001084,1173001091,1173001083,288283918,1254120835,1173001072,1118869379,1173001073,1118869380,1173001095,1173001100,1173001099,1173001110,1173001101,1173001109,1173001098,1173001088,1173001107,1173001102,1173001108,1173001094,1415617395,1415617396,961875681,961875680,577263226,577267981,577271848,577267982,577271851,577267983,577271853,577267984,577271856,577267985,577271858,577271820,577271823,577271824,577271846,577271825,577271827,577271843,577271830,577271832,577271835,577271841,577271839,577271838,577271836,577271861,577440401,577440403,577440407,129839957,577558249,578956725,577558253,577558252,577275421,577558261,577275422,577558254,259895474,1196407026,1193255687,865725444,865725443"
Residenza universitaria Cavour,45.0624807,7.6900601,verde,wood,0,0,1,21,"1075307130,1430558097,1431902912,256273453,1433516888,1075307129,1429655981,1435026069,1435026063,1435026076,1435026071,1431214247,1434859332,1433516863,1434859344,1434859331,1435026077,256204633,457323345,256204642,81268267"
Residenza universitaria Cavour,45.0624807,7.6900601,verde,forest,0,0,0,3,"28110850,1075063885,585434926"
Residenza universitaria Cavour,45.0624807,7.6900601,verde,meadow,0,0,0,0,
Residenza universitaria Cavour,45.0624807,7.6900601,verde,scrub,0,0,0,9,"360131117,1430558096,1431167269,1432694422,1431167266,1435248870,1435248842,1435248867,1441572063"
Residenza universitaria Cavour,45.0624807,7.6900601,verde,allotments,0,0,0,2,"328621268,328623930"
Residenza universitaria Cavour,45.0624807,7.6900601,verde,playground,1,2,6,25,"105377046,83051429,83051428,130457685,561242634,1193870930,132364747,1433218613,1432694403,11676688669,1780526494,191211963,1168299039,1170974105,1054786065,9215807657,10221497811,5206224432,12851950094,2505158924,552214398,1291894961,108460659,577440400,8464466018"
Residenza universitaria Cavour,45.0624807,7.6900601,verde,recreation_ground,0,0,0,0,
Residenza universitaria Cavour,45.0624807,7.6900601,verde,nature_reserve,0,0,0,0,
Residenza universitaria Cavour,45.0624807,7.6900601,verde,lake,0,0,0,0,
Residenza universitaria Cavour,45.0624807,7.6900601,verde,reservoir,0,0,0,0,
Residenza universitaria Cavour,45.0624807,7.6900601,sport,fitness_centre,0,1,10,15,"10736644789,12886908643,9463603381,10067097220,10784287024,12327658096,2018982152,4736058200,12547891555,11049505605,6851326135,3349809096,3343770523,11534701686,13011248973"
Residenza universitaria Cavour,45.0624807,7.6900601,sport,sports_centre,0,3,6,13,"188466381,3332362719,749439074,256781255,286976821,9792328371,630344434,458039656,288893797,458039655,3352111838,3355734546,3355731107"
Residenza universitaria Cavour,45.0624807,7.6900601,sport,stadium,0,0,0,0,
Residenza universitaria Cavour,45.0624807,7.6900601,sport,swimming_pool,0,1,1,31,"191056430,1118749030,1118749029,1118749028,749439076,1422224027,1422594076,1432497807,1075063887,1422594077,1422594081,1263799982,1431902914,1432497796,856951591,1431902913,1433218610,1433218607,692335424,1435074201,1411656629,899626040,1435026110,1323785257,1412323464,1411982775,320710589,1270460659,1410961426,1410961419,1066094579"
Residenza universitaria Cavour,45.0624807,7.6900601,sport,water_park,0,0,0,0,
Residenza universitaria Cavour,45.0624807,7.6900601,sport,pitch,0,10,17,46,"1065476429,1014573092,1058452924,915561405,362273176,13284561433,13284561431,923782195,923780960,915561404,13284561432,1346976213,1089685037,1429531896,1421975477,1005248573,1005248575,1005248574,1410961405,1410961406,5410221475,117526387,1347180844,1190222149,117526384,1190222452,1190222148,117526386,1347180845,117526378,1347180843,245045843,1062624219,358681038,358681041,358681042,358681037,119456036,256368311,1418747925,578921511,319284839,10994156063,10994273932,179477508,259895250"
Residenza universitaria Cavour,45.0624807,7.6900601,sport,tennis_court,0,0,0,0,
Residenza universitaria Cavour,45.0624807,7.6900601,sport,golf_course,0,0,0,0,
Residenza universitaria Cavour,45.0624807,7.6900601,sport,ice_rink,0,0,0,0,
Residenza universitaria Cavour,45.0624807,7.6900601,sport,bowling_alley,0,0,0,0,
Residenza universitaria Cavour,45.0624807,7.6900601,sport,climbing_wall,0,0,0,0,
Residenza universitaria Cavour,45.0624807,7.6900601,sport,gym,0,0,0,0,
Residenza universitaria Cavour,45.0624807,7.6900601,commerciale,shop,0,0,0,0,
Residenza universitaria Cavour,45.0624807,7.6900601,educazione,school,1,3,10,39,"1065476430,315598789,4736111631,340249805,334684164,426293828,6189845887,190499456,190499455,298804713,1075307126,243074534,250151807,2284034343,2284034348,117493773,1304814076,1168299038,10765663105,450287805,1091923526,3343680527,42864476,1168299037,108601368,7796907023,1176873243,82256497,3343687306,3343687307,616984801,83076321,1081110260,322254779,322254780,3343605435,3343615248,616994936,3343636574"
Residenza universitaria Cavour,45.0624807,7.6900601,educazione,kindergarten,0,0,3,11,"314888176,1328540432,2284034346,219014163,7807308276,12768280010,10896540919,2018099976,256387052,453757173,12233633201"
Residenza universitaria Cavour,45.0624807,7.6900601,educazione,university,2,5,20,40,"1063867657,8903777986,1107125327,1107125328,8496468303,1107125331,988062105,6944502291,6945638233,10132258250,6944516128,6944505643,6945671127,2714024340,749760378,9430411581,6339286102,4605849272,4605836657,4605847888,4605836658,192604816,2577028412,2577029282,2018055299,2018055301,9739802942,2503902059,3363964793,6851326132,4086214801,2018087957,1218747279,6851439272,651771955,4735868696,10237789518,453757181,3349733649,450278224"
Residenza universitaria Cavour,45.0624807,7.6900601,educazione,college,0,2,2,3,"780144763,318997570,12248046055"
Residenza universitaria Cavour,45.0624807,7.6900601,educazione,music_school,0,1,1,2,"28109102,3343797841"
Residenza universitaria Cavour,45.0624807,7.6900601,educazione,driving_school,0,0,4,8,"12886844895,10879184439,11841904325,12089511784,316203024,12077001867,9762124287,3473130432"
Residenza universitaria Cavour,45.0624807,7.6900601,educazione,research_institute,0,0,1,2,"190482116,6241694510"
Residenza universitaria Cavour,45.0624807,7.6900601,educazione,vocational_school,0,0,0,0,
Residenza universitaria Cavour,45.0624807,7.6900601,educazione,library,0,0,4,12,"243093474,10229510808,4209315503,11806550856,4936115896,9693041809,3352114524,909179631,117351946,6074405709,4849156539,3345600834"
Residenza universitaria Cavour,45.0624807,7.6900601,educazione,archive,0,0,0,0,
Residenza universitaria Cavour,45.0624807,7.6900601,educazione,museum,0,1,12,37,"12072302022,123180294,435784636,4572133130,4736079916,6433974757,5482049568,4219719436,2981060587,6425777001,12393405666,6433935512,9585924917,5171950042,246516587,246643344,6432836094,2177769729,1333701144,6435420518,6431480861,2026479833,318938052,2026479832,246443715,6432887576,6432637423,11267476069,4908362221,6434268049,1628071063,248771289,6433944342,11217521918,246516619,4067344493,3349838584"
Residenza universitaria Cavour,45.0624807,7.6900601,educazione,community_centre,0,0,1,6,"12585045537,194336591,12548906803,3363460993,3352189835,104339324"
Residenza universitaria Cercenasco (chiusa per lavori),45.0232976,7.6418875,sanità,healthcare,0,0,0,0,
Residenza universitaria Cercenasco (chiusa per lavori),45.0232976,7.6418875,sanità,pharmacy,1,5,9,40,"4734974248,4734968635,3377126647,4736150573,775369563,7379941557,3955037375,3452687789,4475300161,2592486338,3437215229,4162647177,4736151640,2594807829,7312488481,705908248,4735017456,775369478,2579185461,1856039554,2594328572,7388543423,7388521490,3307937663,7312510832,7312510831,3364638869,7379862303,4735763253,630513701,2591701921,2592486407,4735023855,2592486589,3442739971,10246779442,7310631667,7536790841,4735765176,6649834586"
Residenza universitaria Cercenasco (chiusa per lavori),45.0232976,7.6418875,sanità,dentist,2,2,2,5,"11053757101,10750637620,9235444636,10245051371,9254763669"
Residenza universitaria Cercenasco (chiusa per lavori),45.0232976,7.6418875,sanità,veterinary,0,0,1,3,"11016676942,8071508324,10698741095"
Residenza universitaria Cercenasco (chiusa per lavori),45.0232976,7.6418875,sanità,optician,0,0,0,0,
Residenza universitaria Cercenasco (chiusa per lavori),45.0232976,7.6418875,sanità,medical_supply,1,1,2,2,"9209993598,11455411714"
Residenza universitaria Cercenasco (chiusa per lavori),45.0232976,7.6418875,sanità,defibrillator,0,0,2,3,"6270977352,8761226017,12857873069"
Residenza universitaria Cercenasco (chiusa per lavori),45.0232976,7.6418875,sanità,hospital,0,0,0,0,
Residenza universitaria Cercenasco (chiusa per lavori),45.0232976,7.6418875,sanità,clinic,0,0,0,1,3896547668
Residenza universitaria Cercenasco (chiusa per lavori),45.0232976,7.6418875,sanità,doctors,0,0,0,0,
Residenza universitaria Cercenasco (chiusa per lavori),45.0232976,7.6418875,mobilità,station,0,0,0,3,"6257614746,2043486370,6257614747"
Residenza universitaria Cercenasco (chiusa per lavori),45.0232976,7.6418875,mobilità,subway_entrance,0,0,0,8,"9602964649,9602964648,9602964647,12820944789,12820944790,9603056245,12820944779,9603056246"
Residenza universitaria Cercenasco (chiusa per lavori),45.0232976,7.6418875,mobilità,tram_stop,0,5,25,45,"940354525,940354582,940354558,940354532,940354550,940354524,1448713107,940354529,1448713106,940354559,1448713129,1448713119,1448713118,1448713117,1448713108,940354534,940354571,940354544,945383316,1448713132,1448713139,1512819364,945383196,1199003159,945383156,940354539,940354560,940354523,945383329,945383310,945383172,945383299,940354551,940354572,1270298546,940354552,945016947,945383355,945383348,945383185,941491600,940354527,941491747,941491722,941491583"
Residenza universitaria Cercenasco (chiusa per lavori),45.0232976,7.6418875,mobilità,bus_stop,2,26,85,282,"1705539867,1262194536,1262203786,1262206900,1262195937,1524485206,1262208519,1524485198,1262198197,1262193382,1524485200,1262196256,1262194773,1262205485,1262203751,1262187927,1262199778,1262199130,1262192031,1262192684,1569038146,1262208751,1569038156,1262192672,1262208316,1262209169,1262208066,1262199735,1262204734,1262199164,1262209100,1262210921,1262200373,933869238,932998793,937591577,933869335,932998789,932998769,933869364,937591325,932998853,1262208851,1262195473,1262198832,1262182332,1262194665,1262205024,932998809,933869281,933869262,937591496,937591587,937591564,937591538,937591391,937591441,1262207498,1262201049,1262198277,1262204444,1262183332,3218883638,1262192497,1524485201,1262201891,1262204031,1262206075,1262209599,1262199841,1262194037,1262197173,1262209073,1262188717,1262189454,1262204509,1262200140,1262201091,1262191179,1262199013,1262212915,1262210355,1262182471,1262202764,1262201407,1262208016,1262194550,1262212612,1262212768,1262205838,1262208214,1262191901,932998807,932998909,1262196133,1262207556,1262208651,1262196094,1262197665,1262208720,933869210,933869221,1262203854,1262195474,1262201214,1262209854,1262182527,940354573,1262197439,1262194424,1262209212,1262209333,1262192927,1262199456,1262205428,1262199356,1262192092,1262207772,1262195377,1262200824,1262196722,1262210534,1262192630,1262199226,1262203475,1262202627,1262205617,1262205888,1262195889,1262212760,1262205209,1262197249,1262211455,1262205239,1262192741,1262202645,1262194630,1262192834,1262203463,1262208432,1262204044,1262197284,1262211079,1262186187,1262209172,1270298553,1262210613,1262198898,1262187514,1199003152,1262191921,1262202991,1262212352,1262201933,1262198101,1262196783,1262206824,1262193278,937591472,1262208080,1262203764,1262200766,1262204339,1262206112,1262195254,1262207963,1262194212,1262198184,1199003132,1199003178,1262198044,1262201136,1262197259,1262191248,1262203485,1262192657,1262198468,1262204454,1262196066,1262197420,1262193128,1262194605,1262196366,1262202853,1262187770,1262192006,1262188272,1262207511,1262202279,1262212135,1262203976,1262211566,1262204967,1262198266,3218883640,1262201619,2291878758,1262207942,1262187359,1262199850,1262195028,1262208709,1262212283,1262208750,1262207489,1262208460,1262196241,12884361484,1262187837,1262199764,1262209060,1262209385,3218883637,1262184549,1262204291,1262209236,1262192670,1262194114,1262212792,1262197267,1262199599,12326047971,1262203378,1262211245,13167960282,1262199055,1262207912,1262189631,1262209314,1262197123,1262197472,1262190854,1262193799,1262207858,1262197551,1262207898,1262197321,1262207975,1262197452,1262182301,1262196328,1262206597,1262196800,1262184274,1262207424,1262182685,1262185913,1262205470,1262187585,1262206305,6651900087,1262211716,1524485203,1262208450,1262189983,1262209376,1262199665,1262206159,1262209485,1262192270,1262196154,1262208420,1262198108,1262209051,1262182469,1262204409,1262204616,1262203170,1262209195,1262210609,1262182581,1262190229,2291878608,1262210106,1262189372,1262190044,1262197991,1262207497,1262194579,1399644573,10773721720,1262189855"
Residenza universitaria Cercenasco (chiusa per lavori),45.0232976,7.6418875,mobilità,charging_station,1,6,13,21,"7412495896,10715741832,8953965847,8247305370,10181971298,11183175451,8247313850,10693201370,10237615833,8247433563,13144046065,10772645940,10570702537,10570702536,10006883517,10598317468,8247353801,7417156389,8247393247,10202182086,10691012443"
Residenza universitaria Cercenasco (chiusa per lavori),45.0232976,7.6418875,mobilità,car_sharing,0,0,1,1,4583295059
Residenza universitaria Cercenasco (chiusa per lavori),45.0232976,7.6418875,mobilità,taxi,0,1,2,4,"1264896131,5053158187,4897531190,10168691634"
Residenza universitaria Cercenasco (chiusa per lavori),45.0232976,7.6418875,mobilità,parking,23,33,56,154,"49722867,1312576596,12149394697,330424277,102035619,554272589,1177018567,1177031448,617390211,617390218,617390230,617390214,617390221,617390208,617371902,652761156,249741900,254498262,396706867,702032466,316915924,330713236,1266118823,1152857074,842326535,105308023,1058897485,106261798,842326532,842326534,842326531,842326533,855334213,264869629,1080108846,932427685,932274529,1126962875,768834224,932427682,768834335,932275417,332956527,1349535675,1349535674,1349535676,1349535677,932946816,540986061,783590368,459345922,1071023818,335813435,335813437,768834223,768834222,879443226,879443227,879443224,879443225,332722098,332722099,325441732,764219425,518585775,612685927,81082988,243508606,243506577,249741901,363604599,103536289,861323709,363604600,110892457,553283495,333542192,1120157053,253517569,861323707,1174259377,490149383,861323718,787876937,787876940,253123418,223470912,223470911,223470910,327375912,327375911,330474334,1159567639,327570804,295867979,182851688,332409422,333907856,324068563,334822795,324084757,868313772,330587423,1035921740,554021217,170466460,1119336752,1009349695,149023968,1119336751,349576247,132319235,1115777654,9410396377,1120309158,1020291626,1009349694,621957673,859714910,41920825,690558906,1350414714,1120309521,1130643944,332963769,332963768,106253189,446057328,1124712357,561085119,515873473,561276369,561276365,1287311504,515612630,1287311508,1287311509,1137569356,246856878,1411803203,1054362353,1054362361,454377349,289390796,289390799,453060585,193440717,193440705,878871292,562884412,562884413,48277250,43165556,1287311510"
Residenza universitaria Cercenasco (chiusa per lavori),45.0232976,7.6418875,mobilità,car_rental,0,1,2,3,"10613598794,11631173716,10698856934"
Residenza universitaria Cercenasco (chiusa per lavori),45.0232976,7.6418875,mobilità,bicycle_parking,3,9,44,93,"10873881859,7076001872,10715809136,7076001873,7076001874,10934676916,10934676918,10934676917,10796969869,10934676915,10796969867,10871415402,9436622283,9436622282,9436622285,9436622281,10902792694,10902792693,10868916476,9870608659,10886128586,10886128585,10886128587,10904588371,10904588370,10904588372,10842158922,10871415401,10889543935,3342375787,3342375788,10796969868,7961048002,10750659248,9581327110,9436606041,12912109664,12375943335,12912109665,3435650580,9436595870,10802260145,10802260143,10802260144,10802260146,7076001870,7076001871,10312647712,8640122084,8646928790,8640122085,9870608668,9870608672,10911706712,12484222598,10911706715,10911706716,7076001875,2699838358,9367516460,11189060645,9367516461,2699836875,9365643142,3778228357,3377126658,8120488195,3921940130,6534269529,8071511876,3377126659,8041893744,10696546825,6329049867,3778228152,9425275099,10669058076,3921940131,8093631887,8093631886,8243916957,3921940132,8243916956,5347074903,10697356192,8764826464,10168691633,10756360603,1202914660,2699836871,11274729969,2699836873,7947719262"
Residenza universitaria Cercenasco (chiusa per lavori),45.0232976,7.6418875,mobilità,bicycle_rental,0,1,1,2,"5252298979,3829036667"
Residenza universitaria Cercenasco (chiusa per lavori),45.0232976,7.6418875,mobilità,primary,0,0,0,0,
Residenza universitaria Cercenasco (chiusa per lavori),45.0232976,7.6418875,mobilità,secondary,0,0,0,0,
Residenza universitaria Cercenasco (chiusa per lavori),45.0232976,7.6418875,verde,park,6,10,23,70,"362931352,330424279,105299460,664938029,467913047,58692477,846112877,100065305,100071451,97689999,100071327,253392872,396087610,122700262,122700248,557673251,100669437,171609778,555719832,555453166,122700273,332952098,332952099,332952100,105600452,105738201,331195433,354332641,292040707,331195432,335813438,338178010,338178008,338178009,338178007,338178006,292040709,846112876,846112874,612874345,846112875,104200718,106512417,553283493,117470801,579848005,256503367,787876930,190471810,182810976,87776951,1362533457,182851689,85980061,694257854,844053030,106672748,1009349690,106333759,41753634,649705620,690558905,552141608,267255988,36864736,561795883,36956969,1456216115,289390791,289390785"
Residenza universitaria Cercenasco (chiusa per lavori),45.0232976,7.6418875,verde,garden,2,3,4,9,"58692478,1328062994,1036671386,337598477,335286980,106229859,106229844,106229845,856953686"
Residenza universitaria Cercenasco (chiusa per lavori),45.0232976,7.6418875,verde,grass,19,64,140,320,"396087606,651519519,772105872,772105873,387017359,652762101,122633252,122633248,122633247,122633251,652756686,110892463,122633249,396706864,966696341,966696340,396087609,1424941311,1424941312,333217477,396087616,555719838,396087608,396087615,1310652361,1266118822,556756172,1310652363,842326530,332459548,1266118821,332459549,842326529,332962160,332962161,1308032361,332962159,1308032362,855334217,332962157,855334216,402429211,89418928,402429217,332135408,332192836,332192831,332192829,332192842,332192835,332192824,89418929,332192826,335710975,335710974,335710976,335710977,1349534693,341508866,932427684,89418936,332956525,931999383,931999384,332196457,931999385,332956508,332956505,332196456,932946820,932946819,1036314867,1036314865,333920740,333536138,338439602,1036314866,333042627,671900501,1349531604,333920738,333920739,333042626,89418934,333920741,333214231,671900504,333492221,1036668055,333214232,332954590,336745183,332954591,332954588,89418944,42045176,783590366,783590365,857719449,1349534688,1349534684,1349534683,332722103,879443218,884876509,332597537,645896992,345279187,645896991,336666462,345279188,612685966,612685965,612685964,612685925,612685923,1215325768,665386295,665386296,612685938,612693155,1390436521,612685929,612685931,612685963,612693151,612693154,612685937,612693152,612693153,589953455,612693149,106565367,106565369,1131707120,787876932,790523269,787876943,787876939,1173007959,344664399,332295363,332657913,345610030,332295364,332295365,345610031,345610027,345610028,910534340,332295366,910534339,337069698,182854280,659111326,182854282,694268993,694268984,825117882,1273085367,694253819,694302837,694253814,694257856,694253816,825117880,825117881,344664397,694253815,694257857,694253817,694257858,331195425,335862480,335862481,333878684,333030494,335902433,333030495,983517397,333030496,333030497,694268988,694302841,694311481,694302838,694311480,694268989,694268987,694268985,694311479,694268986,694302842,694309463,694302840,694309465,694309462,694302843,694302839,694311482,694309464,890761403,333904216,1119338578,1119336750,1119336749,1119336745,1119336744,1119336746,1119338577,1119338576,1119336743,1119336747,1119336748,1017812982,132319219,399904837,132319220,332960336,332960335,886572653,621959598,406195255,332954582,1011274433,1011274435,1011274434,333939881,890759821,345603695,482873493,482873494,500704445,482873495,925494259,925494258,856953685,589953447,589953461,589953470,589953450,486177185,589953459,589953451,486177181,486177180,486177182,561309208,486177184,486177183,561309206,705606643,590781257,590781258,590781256,705606639,705606637,561309197,482873496,345603693,561085123,514549193,561276367,609926760,561085122,514549196,514301763,589915862,590780686,514549194,561276358,514549199,514549188,514549197,589915866,514549191,514549189,590189289,590189288,514549190,590189290,561276373,561276360,561276375,561276371,561276363,561276374,610027279,609997628,485882117,588494313,588494314,485882902,485882904,485882905,500651541,485882903,500651540,500651544,561795894,563089035,563084879,561276376,834050824,515616813,514541094,834050861,515616814,834050823,289390798,834050822,578548119,610027278,500657170,562884416,562884417,562884419,562884418,562884414,562884415"
Residenza universitaria Cercenasco (chiusa per lavori),45.0232976,7.6418875,verde,wood,0,0,0,6,"1312576595,765926571,613835108,613835093,613835104,914190778"
Residenza universitaria Cercenasco (chiusa per lavori),45.0232976,7.6418875,verde,forest,0,0,0,46,"1124124119,1124124120,1124124121,1124124122,1124124118,1124124091,1124124117,1124124103,1124124112,1124124116,1124124115,1124124088,1124124105,1124124092,1124124089,1124124090,1124124104,1124124123,1124124086,1124124111,1124124083,1124124107,1124124106,1124124102,1124124087,1124124093,1124124084,1124124080,1124124098,1124124082,1124124081,1124124094,1124124095,1124124097,1124124096,1124124100,1124124101,1124124109,1124124126,1124124110,1124124125,1124124099,1124124124,1124124108,1124124085,458043150"
Residenza universitaria Cercenasco (chiusa per lavori),45.0232976,7.6418875,verde,meadow,0,0,0,0,
Residenza universitaria Cercenasco (chiusa per lavori),45.0232976,7.6418875,verde,scrub,0,0,0,3,"1312576594,1123167854,1054362363"
Residenza universitaria Cercenasco (chiusa per lavori),45.0232976,7.6418875,verde,allotments,0,0,0,2,"761932981,304009827"
Residenza universitaria Cercenasco (chiusa per lavori),45.0232976,7.6418875,verde,playground,1,6,17,51,"7273749955,1312576599,3373834413,3373834414,3373834412,447518018,6109321387,2271564282,1123017220,288178653,288178482,288178453,557691370,555453167,556756159,442148181,402421016,561525621,1080108842,356305320,1119329295,1124671635,249728473,11341897766,107166416,1202293060,1225404612,1225404594,926947839,48765726,56250537,3393994554,861181655,3394095542,1871334576,861179161,861179162,327740759,886573410,10043468821,3400792392,1227056652,397807036,249728482,1118364725,249728471,1115229840,1137569381,337175413,337175414,561795884"
Residenza universitaria Cercenasco (chiusa per lavori),45.0232976,7.6418875,verde,recreation_ground,0,0,0,0,
Residenza universitaria Cercenasco (chiusa per lavori),45.0232976,7.6418875,verde,nature_reserve,0,0,0,0,
Residenza universitaria Cercenasco (chiusa per lavori),45.0232976,7.6418875,verde,lake,0,0,0,0,
Residenza universitaria Cercenasco (chiusa per lavori),45.0232976,7.6418875,verde,reservoir,0,0,0,0,
Residenza universitaria Cercenasco (chiusa per lavori),45.0232976,7.6418875,sport,fitness_centre,1,1,2,4,"8059946570,9694330267,323658685,8157621715"
Residenza universitaria Cercenasco (chiusa per lavori),45.0232976,7.6418875,sport,sports_centre,0,1,8,26,"467913042,805355920,4736145840,85621561,203467773,463835629,4086523262,765926575,3384161484,624749978,862185106,635797744,287706740,287477348,1137569364,1316595653,330425994,330425995,825117877,526485020,349576242,289390792,635797745,13076830601,106227756,440825294"
Residenza universitaria Cercenasco (chiusa per lavori),45.0232976,7.6418875,sport,stadium,0,0,0,2,"43708853,1137569365"
Residenza universitaria Cercenasco (chiusa per lavori),45.0232976,7.6418875,sport,swimming_pool,0,0,2,8,"1334504610,253517565,1175668467,9106388016,249731602,249731604,106357922,106403249"
Residenza universitaria Cercenasco (chiusa per lavori),45.0232976,7.6418875,sport,water_park,0,0,0,0,
Residenza universitaria Cercenasco (chiusa per lavori),45.0232976,7.6418875,sport,pitch,3,6,65,159,"624631557,554266625,558065704,1177018569,558065706,623430684,217850476,6109321408,363284000,363283998,363284001,363283999,254498263,224501648,95513730,274555237,332409425,332409427,332409431,1123294483,404248519,1123294484,442148294,554266640,237277231,237277232,333816553,855334219,203467775,1308029955,1308032364,1185295345,203467774,1185295347,1185295348,87353553,1185295349,1185295344,105601669,89418945,264869627,932516552,1036668376,332956494,1036225746,335813436,5431464842,316774856,106232320,95513738,106232319,1120095454,191138539,1311122971,1311122972,1311122970,1311122969,1311122968,341190170,191136084,1311122962,106252736,106512428,253517570,1172363858,253390290,308180217,249696006,249696004,249696009,982791271,327570368,332295359,1316595652,910534338,239811181,1362533456,3395322243,203466393,825117875,1308032356,1308032357,330720254,463835630,1185295342,694253809,675825370,675825371,675825372,675825375,675825373,369649861,203171003,289390790,289390787,1215855053,859714919,859714911,859714921,1297292925,859714920,58233299,1179691010,397807120,117470794,117470799,117470800,191139188,117470791,117470792,191139186,117470793,1120095453,191139185,1311122967,131648865,191139187,131648864,1311122966,1311122965,117470795,131648863,117470796,110971138,164439907,500704439,500704441,1377306467,191379107,561085125,561085130,563091690,561085128,249696008,249696007,249696005,106403253,249696003,1137569352,563091689,563091684,563091688,1137569353,563091685,1137569376,1137569378,1137569377,500651547,500651546,191915874,289390783,289390797,289390784,289390800,289390788,191915876,124069712,1137569375,1137569374"
Residenza universitaria Cercenasco (chiusa per lavori),45.0232976,7.6418875,sport,tennis_court,0,0,0,0,
Residenza universitaria Cercenasco (chiusa per lavori),45.0232976,7.6418875,sport,golf_course,0,0,1,2,"80403942,266141244"
Residenza universitaria Cercenasco (chiusa per lavori),45.0232976,7.6418875,sport,ice_rink,0,0,0,0,
Residenza universitaria Cercenasco (chiusa per lavori),45.0232976,7.6418875,sport,bowling_alley,0,0,0,0,
Residenza universitaria Cercenasco (chiusa per lavori),45.0232976,7.6418875,sport,climbing_wall,0,0,0,0,
Residenza universitaria Cercenasco (chiusa per lavori),45.0232976,7.6418875,sport,gym,0,0,0,0,
Residenza universitaria Cercenasco (chiusa per lavori),45.0232976,7.6418875,commerciale,shop,0,0,0,0,
Residenza universitaria Cercenasco (chiusa per lavori),45.0232976,7.6418875,educazione,school,1,6,13,39,"330713245,363284002,254498261,182810804,367963394,332458486,253207985,329302082,327726272,2591701965,335813434,243506045,249740540,846112873,117470798,117470797,612693144,861316389,370435830,174956556,370435829,327726278,327726276,327375910,374431614,2591701968,374431613,13358200601,369649862,179930022,331723247,49046715,457922347,367970286,253301345,36915187,49048104,49048103,36929942"
Residenza universitaria Cercenasco (chiusa per lavori),45.0232976,7.6418875,educazione,kindergarten,1,4,4,19,"404251347,404251441,249741904,249741903,331723250,645892372,861522967,4539789894,4539789896,370436115,374431615,326146066,457922348,253207978,457922346,245211081,457922345,457917439,253207970"
Residenza universitaria Cercenasco (chiusa per lavori),45.0232976,7.6418875,educazione,university,0,0,0,2,"996092217,49046716"
Residenza universitaria Cercenasco (chiusa per lavori),45.0232976,7.6418875,educazione,college,0,0,0,0,
Residenza universitaria Cercenasco (chiusa per lavori),45.0232976,7.6418875,educazione,music_school,0,0,0,0,
Residenza universitaria Cercenasco (chiusa per lavori),45.0232976,7.6418875,educazione,driving_school,0,0,4,5,"4734974651,11904589254,3371413110,10699962541,11379958493"
Residenza universitaria Cercenasco (chiusa per lavori),45.0232976,7.6418875,educazione,research_institute,0,0,2,3,"1117153584,2960715234,1117153583"
Residenza universitaria Cercenasco (chiusa per lavori),45.0232976,7.6418875,educazione,vocational_school,0,0,0,0,
Residenza universitaria Cercenasco (chiusa per lavori),45.0232976,7.6418875,educazione,library,0,0,1,6,"2505297073,243093484,1514848350,243093483,2562689774,10928794497"
Residenza universitaria Cercenasco (chiusa per lavori),45.0232976,7.6418875,educazione,archive,0,0,0,0,
Residenza universitaria Cercenasco (chiusa per lavori),45.0232976,7.6418875,educazione,museum,0,0,0,0,
Residenza universitaria Cercenasco (chiusa per lavori),45.0232976,7.6418875,educazione,community_centre,0,0,0,1,330424276
Residenza universitaria Codegone,45.0673057,7.6557273,sanità,healthcare,0,0,0,0,
Residenza universitaria Codegone,45.0673057,7.6557273,sanità,pharmacy,0,6,18,86,"7380109523,1470609151,2019649541,4734592596,4786739926,3348691737,4734591980,4734595751,3147953801,1670302089,2135139106,4734594417,4734593954,7385328770,7380128899,7380131545,4289452247,7373154101,1198867317,4735667414,12814474916,6029326322,4735669404,4735721872,12800044441,2036336905,2036356385,4735719316,4412226590,9140119438,4735717950,7384890987,7376141996,7380102116,1446143790,7380072654,3348688592,1491288435,3914894256,3946017788,4111366192,3917178727,3342794654,7373154102,4734768651,3342781917,3342780201,7058359416,4734135996,7312067712,7312112149,4734225963,1757127788,3344768366,3344782869,1475077657,7312514018,1923349804,7372912660,4734222157,7372912662,7372912663,4736115522,7312267251,3342806293,7372912661,7312091706,4736083750,4736083746,7372987830,1757126232,7312142691,4735717430,2018187040,619193786,4735828988,5255625937,2593187678,2048347744,2018203641,5628622146,7310122343,4736110877,5117627162,7373154098,2068598491"
Residenza universitaria Codegone,45.0673057,7.6557273,sanità,dentist,1,2,4,12,"13306002941,7261094839,13288761320,9568693092,12886910727,2016414024,12946986024,11564921123,12165839580,1448147009,2406157072,4195848889"
Residenza universitaria Codegone,45.0673057,7.6557273,sanità,veterinary,0,1,3,11,"4734597325,6948201811,7023650031,6942723111,9952804074,3956304242,12951974696,11290467038,1757121990,7234175545,13170595046"
Residenza universitaria Codegone,45.0673057,7.6557273,sanità,optician,0,0,0,0,
Residenza universitaria Codegone,45.0673057,7.6557273,sanità,medical_supply,0,0,0,3,"13138464036,11064390829,12951935240"
Residenza universitaria Codegone,45.0673057,7.6557273,sanità,defibrillator,0,2,10,19,"13308607340,9376999100,10243877109,7227510560,12237513601,9552060491,9137861147,7232177660,9515896704,7234888685,12886227002,432803701,12484268753,8404250984,12422338516,5121847084,7934552531,13239427956,11273669529"
Residenza universitaria Codegone,45.0673057,7.6557273,sanità,hospital,0,0,0,4,"3538149956,26294487,107278669,294267544"
Residenza universitaria Codegone,45.0673057,7.6557273,sanità,clinic,0,0,1,20,"290245244,1196177763,395057467,12816667601,12816667602,12816909558,12816909553,12814452400,12816909554,12814452396,6664922333,822529092,4735668281,4086286155,11290349432,10567218284,10567228303,13314604189,10698816652,2284074743"
Residenza universitaria Codegone,45.0673057,7.6557273,sanità,doctors,0,0,0,0,
Residenza universitaria Codegone,45.0673057,7.6557273,mobilità,station,0,0,3,11,"543360161,254594416,496268558,1095052533,332648726,332648606,2081499942,11592793752,432803698,3395226356,254594415"
Residenza universitaria Codegone,45.0673057,7.6557273,mobilità,subway_entrance,0,0,12,48,"3431314079,3431314078,10235736538,3431314077,3431314076,3431314075,10235736525,430167591,429724255,946525643,1484955768,1484955766,1484955767,957916124,946525616,957923325,442641053,442641055,1367855910,1839686581,1367855907,1367855911,1367855914,957923361,957923319,957923307,957923318,3431314080,2299299617,2299299618,3283630305,1367855920,1026285948,1026285957,1026285955,1026285950,1367855922,1622042919,3431326298,5020207823,5020207824,1262284319,10260242427,10260242426,1262284354,2014746582,1262284353,10260242428"
Residenza universitaria Codegone,45.0673057,7.6557273,mobilità,tram_stop,0,9,37,131,"1270905156,1233612826,1234675831,1234675807,1234675699,1234675847,11009337364,1234675743,1234675824,1234675790,945383170,945383228,945383209,945383242,11009337366,1234675767,1234675754,1199240450,1230710275,1270651295,1262202670,1230710077,1230710325,1230709627,1230709993,1231011146,945383335,945383168,1230709942,1230709908,1231011227,1168929313,1167320836,1168929291,941491699,1167320919,941491496,1230709954,1230710110,1230709892,941491640,941491856,938733459,938733498,945268814,945268800,1185414536,1168929618,945268789,945268816,1167321000,1168270429,945268799,1199240661,1229263858,1167320990,1167320859,1167321088,1167321041,1167320969,1167320960,1185414562,1168270672,942830333,942830319,1231011192,1230709701,942830330,942830343,942830344,942830324,942830342,942830327,942830313,942830316,1229827369,1229580312,1229827462,1229580298,1229580302,1229827262,1229827380,1229580296,943330794,943330820,948350593,948350631,943330778,1229827164,943330837,1229827464,943330773,943330793,1185414492,945268801,945268822,945268805,943330838,11294052063,945268802,1624209638,948015761,948015895,1569477511,1569477500,943330850,3514463818,1169943939,945268803,945268817,1229827566,948016123,948015910,941491483,941491672,941491612,1168270471,1168270534,941491716,941491868,1185414486,1167320937,12101484067,1168929427,12100765982,941491637,12101484058,1843302903,1624209625,941491939,945268808"
Residenza universitaria Codegone,45.0673057,7.6557273,mobilità,bus_stop,8,32,112,427,"1262193998,1233612824,1262207027,1262203336,1262190812,1262182452,1262194936,1262204920,1262211602,1262199144,1262195704,1262185164,1262210241,1262197150,1262210434,1262199934,1262199271,1262190748,1262200682,1262208770,1262186464,1262191474,1234675726,1262203695,1234675650,1262203346,1262204437,1262208811,1262202241,1262204527,11211252316,1262185590,1262199222,1262190163,1262185865,1668063927,1262195515,1262193449,1262203196,11009337365,1262207225,11211252314,1262195960,11211252315,1262208328,1185441540,1185441579,1213368937,1262204355,1185441569,1262183019,1262201258,937605183,937605179,1198909279,1198909287,937605170,937605201,937605172,10200584299,1185414537,10200408844,1262206025,1185414591,1262212245,1262212777,1262192470,1262208298,1262197981,1262194443,1185441549,1262197105,1185441551,1262186201,1262199241,1185441575,10200584300,10200408843,1262205104,11211252313,1262195832,1262208385,1262209301,1262194948,1262198072,1262211472,1262197194,1230710356,1230710401,1262209161,1262194483,1213368919,1198867501,1198867296,1185441587,3979495903,10200408842,1262208027,1185441561,1230710173,1230709749,1262204124,1185441537,1231011169,1262194463,1212944734,1212944745,1262206303,1262208993,1185809741,1262208307,1185414473,1262194959,1262187238,937605193,937605195,937605181,937605194,937605189,1262198275,1198867720,1262200618,1262210403,1198867646,1198867624,1262199732,1198867456,1167320783,1262207954,1262187635,1262208539,1262200757,1262204432,1262205523,1262195376,1262203331,1262207470,1262195744,1185414571,1231011126,1168929258,1198867528,1199003141,1168929465,1185815850,1262195065,1262182588,937605174,937605197,1168270670,1199240778,937605169,1168929641,937605192,1168929327,937605175,1262195535,937605200,1229263756,1262201038,1262206788,1198867355,1262188427,13357227255,1198867590,1198867343,1198867678,1168929435,1198867713,1168929622,937605184,1185414408,1525407946,1262208796,937605187,1262193964,1262202938,1262210261,1262196361,1262193644,1262211503,937605188,1168270573,1262198988,1262198123,1262212515,1262197053,1262209471,1262197177,1262198384,1262209293,1262204607,1262208375,1262208983,1262185661,1262201597,1262208218,1262207930,1262195899,1262192507,1262196140,1262182653,1262199082,1262199702,1262197372,1262208290,1262197969,1262201321,1262197313,1262210034,1262182600,1262197071,1262195996,1262210565,1262195403,1262200220,1262187100,1262207479,1262198137,1262203653,1262203564,1262212324,1262195144,1262182776,1262199205,1262208958,1262199591,1262193765,1262203257,1262194988,1262188706,1262202792,1262194321,1262197282,1262212832,1262211335,1262189175,1262199980,1262198311,1262195447,1262183195,1262208260,1262211717,1262184927,1262196052,1262205722,1262209117,1262192893,1262192699,1262191010,1262190401,1262205881,1262201336,1262199030,1262209939,1262196012,1262192555,1262209422,1262184292,1262201989,1262207376,1262208142,1262199711,1262204582,1262191786,1262187575,1313599114,1313599098,1313599087,1313599111,1262201435,1313599104,1229580307,1229827398,12823257925,1262196595,1262210281,1262196239,1229827470,1229580327,1262198584,1262212991,1229580319,1262199709,1229827300,1262198618,1524833855,10938458344,4806485504,1569038269,12074187316,1262209419,1262197341,1524833877,4665090550,4665090551,1262209460,1262195174,1262203792,1262195359,1262203217,943330789,943330777,1262206976,1399644508,1262193498,1262211612,1262202140,943330783,943330770,1254531625,1254531624,1262204189,943330813,1262203134,1262208172,937954790,1254531622,1254531604,1185414556,1185414572,1199240547,1569038260,1262208085,8494249908,1262196253,1199240667,1262201459,10938458345,1262197535,1262194358,8496496625,1262202182,4248370551,4245731174,4443910584,1262182722,1262198202,1262203078,1199240749,1262193035,943330835,937954831,1254531567,1262206062,2299299616,937605198,937605176,1262203237,937605196,937605190,1199240598,943330808,1262209067,1816820005,1524833867,1262194622,1254531589,1254531599,1534402607,1262199643,1534402620,1262209355,1816820048,937954690,1199240497,1169943950,1199240580,1262203543,1262194491,1254531584,1262208183,1262199327,1262190791,1816820135,4357263598,1262211268,1262185232,1262210195,1262192814,1262209535,1262183268,1262208965,1262194453,1168929344,1262197041,1262207547,1198867604,8289837996,1262195219,1168270553,1168929565,1168270407,10200408841,4575722855,10066805517,1185414522,1262199608,1491228855,1262202711,1262211444,1168929371,1262200499,1262196215,1262201567,1262196300,1262198051,1262197657,1525407917,1262206483,1262203392,3229868385,3262101385,1168929432,1198867662,1262208401,937605171,1262199772,937954712,1262182632,1262212512,1262199811,1262188243,1262206716,1262208315,1198867441,1262201382"
Residenza universitaria Codegone,45.0673057,7.6557273,mobilità,charging_station,0,1,9,33,"10704779934,5787665000,7412497420,9568693093,12206458665,9331784402,5545629913,10862580324,11107468089,12804904532,12766392871,9952823611,12804895752,12504447605,13138483052,10203837376,13027591668,13340070604,13027614487,9088671239,4671233528,9088671240,13075187843,5545493679,12801752468,13074606106,13074583239,12974489257,3906163545,3906238205,11694139826,12385342507,3906239156"
Residenza universitaria Codegone,45.0673057,7.6557273,mobilità,car_sharing,0,0,0,2,"4616005750,4749176847"
Residenza universitaria Codegone,45.0673057,7.6557273,mobilità,taxi,0,0,2,12,"1720500302,1470612633,4289455496,2016414163,3205040135,2902424081,1757138441,2902424080,1545661422,3241731973,2902424082,604332918"
Residenza universitaria Codegone,45.0673057,7.6557273,mobilità,parking,4,8,23,122,"81603203,847969006,847969007,104230904,847959016,243354153,166581389,82290354,1125287584,290436848,290436857,290436845,133144552,1192476391,848622593,131713580,11503903538,184476157,1150750603,1154039642,1208808264,560321339,646904179,166583965,166596459,166585310,3319891484,131477884,166652711,166652710,791410567,792699652,841495751,841502849,140260606,83808962,106366574,376495005,154500752,839476414,839476413,1218048192,752839776,270802496,839634184,7077733654,693367780,693367779,1032863499,300189916,287520875,1027356692,1126042539,1126043797,1126047090,1190970428,166652712,83042948,1383582583,1381841252,1381841251,5693045436,12809872841,1381841253,804926618,1125419383,110530901,388410845,892061235,895352333,895352332,891936899,891936900,389549638,391743104,389601115,389601114,448718773,448969330,110534406,110862166,110862168,525113175,448434080,132528231,222172799,6411440333,1109043885,928634211,928634186,5239566614,352332303,928634275,635372762,635372763,320706078,320706077,166616053,166611428,125745550,586939744,12197274454,1351673211,23090218,1219311967,1062840998,1063527547,1062853762,1062853768,921849957,921849941,1455462286,4488383689,248772281,275161406,2284374403,5997771287,5997780786,320706080,5997812985,635372765,320706079"
Residenza universitaria Codegone,45.0673057,7.6557273,mobilità,car_rental,0,0,0,4,"659970718,1819918149,11104716244,5628622134"
Residenza universitaria Codegone,45.0673057,7.6557273,mobilità,bicycle_parking,3,25,101,296,"10846725764,10848373825,10873504985,10873504986,10871415400,2699765012,2699765013,2699765014,2699765015,10852570102,10750674542,10852570103,10750674543,10873504976,2699763618,10873504975,10852593727,2699763619,10852593712,10850759990,10850759982,10850759991,10848408078,10750671202,10994635793,10852593713,2699763620,2699760641,10852593711,7076001860,7685876482,10873504948,7685967899,2699774350,2699774352,11274729869,1780322685,7076063185,1780322731,11274729769,2699759047,2699759049,2699759048,10852570101,3799076904,7635131587,6104249055,7063812962,10873504950,10873504949,2699760635,2699760634,10873504974,7918354187,10853204514,2699759050,2699760640,2699760639,2699762076,2699762075,7785624492,9565968757,2699759052,2699759053,2699759051,2699760636,2699760637,2699759056,2699759058,2699759057,2699757974,443101911,7815134909,7815134911,7815134910,7815134913,7815134912,12394522606,12394489858,10873504973,6912162938,7815134903,10113463334,10113463333,10113463332,10113463331,9580694089,10113463330,10113463329,10113463335,2016369763,2017759603,7076063189,7076063188,2699759055,2699759054,11913808736,7054259454,10011778505,6954549387,6954549388,1783770824,10873504971,1783770825,10802789582,2699757972,2699757973,2699757978,2699757975,9536387625,706004735,9536764388,9515661833,2699754605,2699762531,2699763621,2699762528,2699762080,7174545829,12165839590,13273630892,7076001859,7076001858,2699762077,12951928674,10901383359,2699745133,2699762079,7807429771,10771806119,2699762078,2699762081,9300406026,2699743589,13231686483,12165839584,2699743595,2699743596,7076063225,2699745128,7076063226,7076063227,7076063223,7076063224,7076063222,7076063221,7076063220,7076063219,7076063218,7076063217,7076063216,7076063232,7076063233,7076063229,7076063237,7076063228,7076063235,7076063236,2699745134,7076063215,2699745131,7076063214,2699745130,5628622143,2699745129,5628622144,2632353490,10873504970,5628622145,7025739876,10873504969,2699745132,2699745136,2699745135,7076063244,7076063250,7076063251,2699745137,7076063243,7076063242,12165781958,7076063247,7076063246,7076063230,7076063239,7076063238,7076063240,7076063241,7076063234,7076063231,12889486162,13231692502,12889485978,12889485179,12889481110,12889467141,2699743593,12165781957,7076063264,7188790471,7076063257,7076063253,7076063252,7076063255,7076063249,7188790470,7076063260,7076063258,7076063248,7076063256,7076063262,7076063245,7076063263,7076063265,7076063254,7076063259,7076063261,10159318064,2699757982,2699757981,2699757980,2699757979,2699757983,2699757984,2699757985,2699757986,2699757987,2699757989,2699752845,2699752839,2699757988,10959344809,2699753945,2699754607,2699754613,2699754610,2699754609,13142999531,13143056907,10741520276,10741540187,2699752835,13142731612,2699752836,2699752843,2699752848,12423088352,12423084564,2699752837,2699752846,7076063266,7076063268,7076063269,11357996666,11357989903,2699752855,7076063267,2699752858,10873504966,3748951425,2699743590,10770406639,2699752850,12227768290,12962232569,10874232260,10873504967,2699743591,2699743592,9321076956,4063688590,2282486102,5113659453,6149852920,2699753943,2699753944,2699753946,2699753947,2699753951,2699753950,2699753949,2699753948,5117627158,10779500105,2699753644,2699752844,2699752833,2699752840,2699752831,10951467173,2699752842,10951467161,2699752853,2699752854,2699752857,2699752832"
Residenza universitaria Codegone,45.0673057,7.6557273,mobilità,bicycle_rental,0,0,1,2,"12068398565,4818660028"
Residenza universitaria Codegone,45.0673057,7.6557273,mobilità,primary,0,0,0,0,
Residenza universitaria Codegone,45.0673057,7.6557273,mobilità,secondary,0,0,0,0,
Residenza universitaria Codegone,45.0673057,7.6557273,verde,park,0,2,10,50,"466175068,104240184,104230582,104240183,243356957,759194439,646904183,290137848,1254357945,82290353,646904177,799333352,646904181,149395093,166596454,792699653,171271678,104147826,166986552,83808971,848000866,149395470,242407848,292034395,82400823,36854185,385418437,605805917,731935819,41752855,41752854,117959657,525113176,129903965,479483770,81792740,81792741,341402495,82202795,23088806,433500383,81157499,925827425,130457686,23034764,23034770,79942860,82508282,824643082,824642760"
Residenza universitaria Codegone,45.0673057,7.6557273,verde,garden,0,1,5,76,"799305148,759206589,759206590,106331386,1135279260,140266730,107167208,28193052,888568023,888568021,892460217,892460222,892460206,892460208,891498339,891498341,891498343,891498340,890748884,892460219,10901405103,1433432894,111596409,525113177,889467736,525113178,889468648,889467729,766788903,889348394,918136704,918136724,889467725,918136703,918136723,919651094,919048424,919651087,919651082,919651086,919651081,919651093,29176172,925917989,925917990,928634201,44574181,351520239,928634230,928634231,130448587,130448589,130448590,130448588,327939730,1064035772,1064035771,918136722,918136682,918136701,918136725,918136700,918582401,918582398,918582400,918582399,918136721,918582397,918582396,924935993,924936006,924936005,924936007,921849943,561608551,23054276"
Residenza universitaria Codegone,45.0673057,7.6557273,verde,grass,7,55,123,276,"104240182,666707223,759194441,1238389436,1238389437,1150137827,1238389435,1150137826,1239406381,1239406380,1238389427,1239177125,154500720,687010710,687010712,891907991,687010711,154500733,1126792071,131477879,166596453,131477878,757727656,131477880,757727655,646909062,687010714,687010713,687010715,687010716,154500739,154500731,154500729,1066997745,234298691,154500724,316299344,154500737,154500736,315954828,234298714,234298715,234298692,234298708,234298712,234298709,234298702,234298698,234298695,234298694,234298699,234298703,234298687,234298690,234298711,234298688,234298710,234298707,234298706,234298700,234298713,234298697,234298696,234298689,234298693,234298705,234298701,234298704,315954833,181232343,181232355,181232342,181232349,181232340,181232352,286653246,181232353,181232350,181232347,181232345,181232348,181232341,286653247,181232346,286767165,314388661,286767159,286767161,181232351,286653245,286653244,286653242,242409910,286653241,286646606,286647293,286653240,286653237,286646604,286646594,286645617,286653239,286646607,286647294,286646605,286647291,732177417,286646595,1236922853,286646601,732177420,732177418,286646602,732177419,286646603,286647290,286646597,1126040506,1126042440,166653765,690808828,690808830,690808831,333831817,242409911,544187117,286636546,242409909,286656050,286636547,286636548,286664226,286636549,732157565,286664225,318948807,326073532,326073533,319649516,954750078,953713788,953713787,956494708,954750079,956494707,956494706,955893950,37671811,731899351,731899352,731899353,1173967163,731899358,1173907484,1173907485,731899359,731899350,731899354,1173907483,1173898346,1173898347,731899360,1173898349,1173898348,731899357,731899355,731899356,732096036,732096037,732096038,732096048,731939743,731935824,731935825,731939740,731939738,731939741,221891468,731939739,731939742,889467735,762971427,81753214,732125145,732125146,732177422,732125147,178997269,732125144,178997273,732125148,732125140,178997270,684348512,732125143,732125142,732125141,732125149,732125150,732125151,732125152,37738037,732157570,286656044,732125138,732157568,732157569,732157567,286656041,732125139,342742135,342742125,342742134,347254651,342742126,347254668,347254667,347254652,347254640,347254654,347254660,355063902,365762772,355063900,355063904,354610028,365762771,351520237,351520236,424025002,394218574,394218572,352332316,352332309,352332314,353072697,352332319,424025003,352396030,355063909,355063907,355063905,462066644,684095662,130448586,684095663,130448583,134236056,1218836989,134236059,149628054,396842103,396842101,408842296,408842295,408842294,408842300,408842297,408842293,408842299,408842298,556500005,1067805718,1062853763,1062853769,1067805717,123461299,123461298,921850001,921849999,1455462300,1455462921,1455462291,1455462301,1362575098,258298837"
Residenza universitaria Codegone,45.0673057,7.6557273,verde,wood,0,0,0,0,
Residenza universitaria Codegone,45.0673057,7.6557273,verde,forest,0,0,0,1,956497469
Residenza universitaria Codegone,45.0673057,7.6557273,verde,meadow,0,0,0,0,
Residenza universitaria Codegone,45.0673057,7.6557273,verde,scrub,0,0,0,1,360131117
Residenza universitaria Codegone,45.0673057,7.6557273,verde,allotments,0,0,0,0,
Residenza universitaria Codegone,45.0673057,7.6557273,verde,playground,0,1,9,51,"10696669360,833668347,833668346,169109663,1135247414,171271131,557627561,169109652,290144055,169109659,169109658,2113377131,1238389440,467446544,7685973296,1114952714,10187943589,140235237,1135279252,165022279,306160704,556681453,906203825,306160702,910933663,105377046,83093080,4968614878,83051429,83051428,124772011,1115761786,11832550679,390653412,448718771,1173081441,801903369,129903966,919048423,82400814,341402905,448434079,1149617853,1149617852,499890620,1438254805,2110827287,8787334116,130457685,921849990,1780526494"
Residenza universitaria Codegone,45.0673057,7.6557273,verde,recreation_ground,0,0,0,0,
Residenza universitaria Codegone,45.0673057,7.6557273,verde,nature_reserve,0,0,0,0,
Residenza universitaria Codegone,45.0673057,7.6557273,verde,lake,0,0,0,0,
Residenza universitaria Codegone,45.0673057,7.6557273,verde,reservoir,0,0,0,0,
Residenza universitaria Codegone,45.0673057,7.6557273,sport,fitness_centre,1,1,2,12,"7272896085,11274687270,8518130285,5846394818,9568693090,11841788895,10736644789,12886908643,9463603381,4477792090,12488885986,12547891555"
Residenza universitaria Codegone,45.0673057,7.6557273,sport,sports_centre,0,1,2,11,"646909064,751826434,290482354,646909066,3799075121,188466381,290420034,290423873,4479684158,83825215,289416784"
Residenza universitaria Codegone,45.0673057,7.6557273,sport,stadium,0,0,0,1,285499599
Residenza universitaria Codegone,45.0673057,7.6557273,sport,swimming_pool,0,0,0,5,"191056430,1118749030,1118749029,1118749028,379375639"
Residenza universitaria Codegone,45.0673057,7.6557273,sport,water_park,0,0,0,0,
Residenza universitaria Codegone,45.0673057,7.6557273,sport,pitch,2,8,29,95,"290245229,10301477239,290245230,290245231,305071206,1124007367,191495971,191495973,191495969,833668344,416059891,833668348,285499767,10301477240,1114952586,122455822,166582169,166582150,166583970,229256419,229256420,229256683,229256235,83386642,847975010,839152651,839152652,846003832,848616352,848616351,7685973295,1062615795,1135281752,7685967898,823258433,166582149,166582159,166583971,860988474,10582643941,1135279253,166582161,1123200344,8415343321,1058456079,1058456078,906203826,556681458,556681459,7007648418,7007648417,839634186,839634187,253538106,1065476429,9072007555,9072007556,242407846,242407872,242407870,1086267302,186413455,1221399783,835698128,385418498,846003831,186413454,1303852812,1173898344,1173235467,731935820,731935821,41752773,731935823,220614907,220614908,388690911,83825205,875720649,457661508,877785725,289416782,289416786,289416797,289416790,10694640239,10694640238,10694640237,324738752,1014573092,918136689,918136688,578921511,1315551317,1315551316"
Residenza universitaria Codegone,45.0673057,7.6557273,sport,tennis_court,0,0,0,0,
Residenza universitaria Codegone,45.0673057,7.6557273,sport,golf_course,0,0,0,0,
Residenza universitaria Codegone,45.0673057,7.6557273,sport,ice_rink,0,0,0,0,
Residenza universitaria Codegone,45.0673057,7.6557273,sport,bowling_alley,0,0,0,0,
Residenza universitaria Codegone,45.0673057,7.6557273,sport,climbing_wall,0,0,0,0,
Residenza universitaria Codegone,45.0673057,7.6557273,sport,gym,0,0,0,0,
Residenza universitaria Codegone,45.0673057,7.6557273,commerciale,shop,0,0,0,0,
Residenza universitaria Codegone,45.0673057,7.6557273,educazione,school,0,0,11,47,"243356083,1123417944,1123417943,1123417945,376495012,763986057,763986058,9623980923,799304797,131584960,744546260,3799075120,3799075123,282772081,837385370,242435627,7501518183,7501518184,367981582,1065476430,315598789,376503486,385417873,388411291,137280029,875684723,889097430,392518162,889096565,443199497,443199498,391737655,344744214,318938045,369665895,369665896,365610519,4736111631,340249805,334684164,426293828,4736081694,4736084237,243074534,250151807,2284034343,2284034348"
Residenza universitaria Codegone,45.0673057,7.6557273,educazione,kindergarten,0,0,2,11,"3149305228,3149300430,3798287445,3799075125,3474642596,314888176,898160525,131644847,919048421,12227784321,2284034346"
Residenza universitaria Codegone,45.0673057,7.6557273,educazione,university,0,0,1,3,"12694977921,8903777986,12168588078"
Residenza universitaria Codegone,45.0673057,7.6557273,educazione,college,0,0,0,2,"131654729,780144763"
Residenza universitaria Codegone,45.0673057,7.6557273,educazione,music_school,0,0,0,1,12569155038
Residenza universitaria Codegone,45.0673057,7.6557273,educazione,driving_school,0,0,0,13,"4734602699,12995526273,7077970133,8569299026,12886844895,10729626293,9962100684,12951948641,10879184439,11841904325,3859150411,12165781951,3473130432"
Residenza universitaria Codegone,45.0673057,7.6557273,educazione,research_institute,0,0,0,1,6241694510
Residenza universitaria Codegone,45.0673057,7.6557273,educazione,vocational_school,0,0,0,0,
Residenza universitaria Codegone,45.0673057,7.6557273,educazione,library,0,0,1,5,"13144212299,4604602037,11926381625,243093474,6074405709"
Residenza universitaria Codegone,45.0673057,7.6557273,educazione,archive,0,0,0,0,
Residenza universitaria Codegone,45.0673057,7.6557273,educazione,museum,0,1,1,15,"182886373,12072302022,123180294,3338687283,397514864,6433764792,435784636,4572133130,4736079916,6433974757,6432887576,6432637423,11267476069,4908362221,6434268049"
Residenza universitaria Codegone,45.0673057,7.6557273,educazione,community_centre,0,0,0,4,"12616853914,12585045537,423150315,10931712505"
Residenza universitaria CStudio,45.0748223,7.6018841,sanità,healthcare,0,0,0,0,
Residenza universitaria CStudio,45.0748223,7.6018841,sanità,pharmacy,1,3,7,22,"7385973893,4734247663,7385945890,7385965632,11649225132,7385907393,7385819367,7385935795,7385987803,6092363745,4734246721,7312274928,7378942316,11269135665,4734251590,7312260730,1738121268,2208919912,6061213817,7373154100,7378946079,4734005493"
Residenza universitaria CStudio,45.0748223,7.6018841,sanità,dentist,0,0,2,6,"13188318096,12455409910,13040748750,12987277703,12969033170,11269180205"
Residenza universitaria CStudio,45.0748223,7.6018841,sanità,veterinary,0,1,1,4,"4839678925,13302061635,4362506882,11278456881"
Residenza universitaria CStudio,45.0748223,7.6018841,sanità,optician,0,0,0,0,
Residenza universitaria CStudio,45.0748223,7.6018841,sanità,medical_supply,0,0,0,2,"294137744,12730508999"
Residenza universitaria CStudio,45.0748223,7.6018841,sanità,defibrillator,0,0,1,2,"1481306407,12691328901"
Residenza universitaria CStudio,45.0748223,7.6018841,sanità,hospital,0,0,2,2,"3521390394,843447029"
Residenza universitaria CStudio,45.0748223,7.6018841,sanità,clinic,0,0,1,2,"9588764034,4577161593"
Residenza universitaria CStudio,45.0748223,7.6018841,sanità,doctors,0,0,0,0,
Residenza universitaria CStudio,45.0748223,7.6018841,mobilità,station,1,1,2,5,"7156123351,1588214515,332648897,496268561,496268560"
Residenza universitaria CStudio,45.0748223,7.6018841,mobilità,subway_entrance,3,3,8,11,"1481306354,3431311424,1481306366,1484955760,1484955761,1484955762,1484955755,1484955757,946525620,1484955758,429724253"
Residenza universitaria CStudio,45.0748223,7.6018841,mobilità,tram_stop,0,0,0,1,1233612820
Residenza universitaria CStudio,45.0748223,7.6018841,mobilità,bus_stop,6,8,39,142,"1262208829,1262205316,1262198774,1262207348,1262211017,1262206855,1262188674,1262194957,1262207089,1262189192,1262193355,1262184760,1262203172,1262181953,1262203832,1262209270,1262196068,1262194327,1262203428,1262189016,1660451575,1262202528,1262198231,1399644724,1262203143,1262206034,1262189652,1262199024,1262209792,1233612840,1262204871,1262195737,1262200828,1262185071,1262190838,1262202848,1262210259,1262212238,946070315,946070330,946070332,946070312,1262182407,10119927833,10119927832,1262208231,1262209228,1262197765,10121042520,10921897004,1262201154,1262209274,1399644723,2545711093,2545711088,1262196106,1262209423,1262198113,1262196382,1262196552,1262209061,1262201672,1262211790,1262207170,1262196639,1262208994,946070345,1477917828,1262199098,946070302,1477917824,1262204363,1262197455,1262208296,946525623,946070343,946070295,946525641,1262199629,1262195459,1262212144,1262195529,1262208902,1262212584,1262200195,1262197335,1262197168,1262195360,1262195977,1262199321,946525610,1262196155,946525640,946525632,2291878854,2291878847,946525613,1262200106,1262201262,1262189043,1262204508,1262182442,1262184570,946525626,1262211055,1262199057,1262210484,1262186951,1262200726,1262207530,1262192776,1262210406,1262203278,1262196857,1262210254,1262199601,1262207652,1262192820,1262192572,1262182489,1262198018,1262208395,1262208246,1262212146,1262197828,1262209396,1262196675,1262203579,1262185760,1262197125,1262211759,1262183534,1262194696,1262191338,1262207271,1262199960,1262199765,1262199249,1262204635,1262198505,1262203762,1262200629"
Residenza universitaria CStudio,45.0748223,7.6018841,mobilità,charging_station,0,0,0,6,"9924238928,13042652773,9737441791,9240428223,11032837899,11895314700"
Residenza universitaria CStudio,45.0748223,7.6018841,mobilità,car_sharing,0,0,0,0,
Residenza universitaria CStudio,45.0748223,7.6018841,mobilità,taxi,0,0,0,1,2214915027
Residenza universitaria CStudio,45.0748223,7.6018841,mobilità,parking,12,38,74,191,"1434346550,1427975232,1427967708,42302088,1428323224,861088580,450503374,450503372,174280860,612717063,612717064,450503373,612717074,1070195644,41871108,500376362,1040537885,1109766700,1040537886,1038012059,1062088026,294134647,106837754,1040537887,1418357920,1418357265,81892443,1418357921,1429475165,450504544,450504543,211478714,211478725,192975576,32547902,9737362662,965232045,58231154,1172113182,1434350037,213163456,213163454,1210345698,1338286628,1313769985,1313769988,60447881,1313769979,1366569060,1313769981,1249901976,38321310,1107408752,841992981,1107407744,841992984,841992979,841992982,841992980,2277504031,1214372723,524779940,841992976,1313769991,218515025,1105927318,1253276925,1369112780,696029839,1447361818,1446334536,823270163,1445768326,823270158,1447390643,1450080890,1450080898,1449622087,1449622086,1449619657,1449622085,1449619655,220203314,1369112782,1449656729,841966316,1447390631,219735942,841973860,1378306022,1378306021,841984046,1449656728,1378291638,1373400615,1447942403,462769980,1454491434,1451585524,1452306248,1372455970,1372104963,1372089909,192653802,1168467940,33734466,1372089908,1150720572,572131684,1353156826,1370814015,229260055,1152878418,571048424,1257852387,1152878417,1152878416,1157692129,122114019,1158185707,1150724561,1150728372,1046200795,1222544251,294137831,1227626225,1068557306,1068834433,1066448011,1216250184,219922320,1216250183,134467635,336054157,336054158,1216407390,219922338,171721723,1216238314,1216238309,1216238310,1051058726,1216238307,1216238308,592440671,1216245336,472568620,1216407389,438987370,900936894,84470728,913316090,571246785,342866808,910744908,342866809,910744903,342866810,910744895,910744894,804089756,125664374,571037511,772457827,274564580,904047155,104183442,389735411,1121215910,888437474,892435294,292034360,901726403,1413831135,134417547,116648838,904480300,116648837,170359393,913974587,913974589,116648844,914061236,914061235,904480306,116648846,905200784,904655875,904480313,904655874,904655868"
Residenza universitaria CStudio,45.0748223,7.6018841,mobilità,car_rental,0,0,0,0,
Residenza universitaria CStudio,45.0748223,7.6018841,mobilità,bicycle_parking,1,1,5,12,"9737441792,9737372592,9737362656,11804407080,12829771479,12705242553,10766359910,3431361722,13301048574,2699762534,12712880205,12712831795"
Residenza universitaria CStudio,45.0748223,7.6018841,mobilità,bicycle_rental,0,0,0,1,10756117124
Residenza universitaria CStudio,45.0748223,7.6018841,mobilità,primary,0,0,0,0,
Residenza universitaria CStudio,45.0748223,7.6018841,mobilità,secondary,0,0,0,0,
Residenza universitaria CStudio,45.0748223,7.6018841,verde,park,7,14,28,75,"450503793,1429475168,435440645,823268040,500376363,497987406,1109766692,1040539471,1281996512,123245358,451517281,1419115075,823265094,823265095,823283218,9769640060,1442086468,823268644,233206222,174744270,227291176,228195629,227291177,220228492,229259731,1378306024,680896208,841984069,1257831736,41871157,513859516,573021999,573021998,572393053,529652137,1156625968,652411037,1152885668,1157688796,1157690636,294150168,192280717,1185553285,293857921,202530430,529652140,337532331,335550691,337532332,213894209,904047158,904402091,904047163,571008370,97550214,438380758,97686011,168437530,571008371,389732506,390153110,888437481,888451639,314020901,286095909,895315284,901726422,888451642,904270747,821781215,821781214,905200796,904270763,905200776,116615284"
Residenza universitaria CStudio,45.0748223,7.6018841,verde,garden,37,101,151,272,"1436371284,1436371283,1436371282,1436371285,1428009447,1429473629,1429473638,1429473615,1429473613,1436487262,1434346551,1436371281,1441654590,1436371280,1429002265,1441654589,1441654581,1429473614,1429473622,1427975246,1428009446,1427975247,1427984070,1427984061,1436487265,1428323232,1436487263,1434060694,1434060695,1434060696,1436487264,1434060697,1428323233,865446217,874051315,1309607905,1309607907,1309607906,1449335662,1444523707,1442848539,1442916671,1447390632,1450017350,1450020474,1447390633,1447411988,1447390635,1447390634,1450020473,1447411989,1450080900,1450080901,1450080902,1450080899,1449613156,1449619663,1450692726,1447411990,1447411991,1449622084,1450690065,1378656651,1450692725,1378656652,1193870350,1449622083,1447942400,1448215259,1447942399,1378291642,1436871288,1378306027,1448215260,1423825561,1454167294,1455972851,1455975724,1456017549,1452146577,1373329353,1372089910,1373329352,914597112,1168467946,1423529655,914617974,1169028898,1372102631,1423529669,1382524522,1412255824,1374191804,1374438514,1412255829,1423529662,1423529660,1168467947,1378044707,1412255826,1377744287,1423529656,1377744286,1374438519,1378671254,1150720581,1172129699,1377763778,1172129701,1171677223,1353185283,1378109321,1172129702,1353148466,1347554423,1313528182,1238542565,1329383340,1313514289,1316326948,1242877242,1316326944,1378109323,1378109316,1378123693,1173402413,1175040049,1236901871,1175040050,1236901872,1238542566,1172147283,1160489799,1242877244,1172147279,1160489798,1172147278,1152878415,1152878412,1247587118,1158485657,1158485662,1160228738,1158485659,1160228739,1158485658,1160228741,1158485660,1160230340,1160230341,1160228740,1158485661,1158485640,1157915971,1150728378,1150724577,1158456451,1158456450,1158456449,1150724575,1160228746,1150724576,1158485639,1150724562,1158456445,1157919654,1158485638,1158485637,1150724563,1070293288,1070306896,1072738367,1070375996,1072344340,1072344341,1072738366,1070306897,1072344331,1222210926,1222210925,1216273007,478280745,1216496187,913296524,914385208,914385206,914385207,914385205,1150728377,804086828,804086829,904402101,804086827,913963095,1158456440,1158456441,1157919658,904402100,913963094,1221747935,911490404,898105031,898105030,912941790,912941791,898105032,912941765,911490403,911527611,910395906,904270754,904047172,1218276699,1183650332,1183650331,1218276695,892435308,888354908,897707178,888354904,888354903,888354905,897707188,885983275,888354906,897707189,892435320,892435322,897304955,897304935,911342036,897304934,895660509,895315779,895315780,895315778,895315777,894509028,895315776,895315775,901726429,894509024,895315774,1281784979,885983278,885983277,904270755,904480314,904270756,904777843,904270780,904480304,913974577,913986782,913974572,904270778,913974571,905200782,905200781,905200791,900506208,900506174,900506161,900506144,904047171,904562698,904655883,904777838,904777839,901295930,904047173,900506160"
Residenza universitaria CStudio,45.0748223,7.6018841,verde,grass,2,10,41,178,"281656207,1427975238,1428504966,1428504968,1428504967,281656208,612717090,174280865,612717083,612717061,612717060,612717062,612717069,612717078,612717092,612717082,612717065,612717067,612717070,612717073,612717072,612717075,612717076,1418873637,823280925,281656210,1068338946,1195859706,1068570766,1418357914,1418357915,484744758,1419115073,1419115072,1419115068,1419115067,1419115070,1419115069,1172122232,1279369903,1279369905,1279369904,1279369902,1279369901,1279369900,612717081,823270166,823270171,612717091,1239629617,1239629618,314036452,314036448,314036451,314036447,314036450,823270170,1415128974,1415128973,1415128971,1415128970,843441420,612717079,823292721,1442542904,1451354808,1451354219,1451354220,1451196355,841966329,841966328,841966330,841966331,841966327,1376135200,841966326,1376459211,432526554,1376135198,1372104962,1372089912,1377480247,1377480246,1158185710,1158185709,1070306898,1068769879,1068834438,1068834431,1068834437,1068596098,1068763133,1216410424,1216250181,1216238313,1216017279,1216250185,1216020594,1216250182,1216020595,1216238312,1216020596,1216017278,484744760,1340546211,901938939,901938940,901938942,901288362,901288363,1150728371,901288365,904276844,901288364,912305340,913316089,913316094,910744888,913316117,913316106,913316093,910744905,913316096,910744906,910744886,910744887,910744889,910744890,342868617,342868616,337532333,1267945642,571634201,1267945641,898105045,911490408,912537095,912537092,912537094,911631941,911631958,911631967,911631960,911631969,911631952,911631959,911631957,911631953,911631951,438380761,1217131872,1217208884,1217208291,911467585,911342051,901898030,901898029,1369181320,1369181321,1369181324,1369181323,1369181322,904402118,905200788,904402117,913986791,913318622,913974580,913974573,904402114,913974568,1195666875,1195666873,1195666874,1195666872,1195666871,1195666876,904655872"
Residenza universitaria CStudio,45.0748223,7.6018841,verde,wood,0,0,2,7,"1163419199,823292720,1158185716,310240851,579522480,341780236,341780239"
Residenza universitaria CStudio,45.0748223,7.6018841,verde,forest,0,0,0,0,
Residenza universitaria CStudio,45.0748223,7.6018841,verde,meadow,0,0,0,0,
Residenza universitaria CStudio,45.0748223,7.6018841,verde,scrub,0,0,3,7,"1107407743,823270156,304477702,1247191753,914061232,913986794,914074270"
Residenza universitaria CStudio,45.0748223,7.6018841,verde,allotments,0,0,1,5,"1158185713,910744926,910744934,433042260,579522479"
Residenza universitaria CStudio,45.0748223,7.6018841,verde,playground,5,9,18,39,"13140663619,11212863063,9288494038,4914464893,3512394531,1041278040,11897183145,11635028381,1038226512,1038223307,2218433614,2288757556,1049867537,841966332,1150389294,2378804580,2378804566,2359967502,5021916320,914597098,5504673903,2378810629,2368279751,292555425,292555426,1052798140,2028399382,1066934059,572129026,571006383,911467591,571408914,5491685425,804923258,772447467,888451641,821781216,116648850,116648841"
Residenza universitaria CStudio,45.0748223,7.6018841,verde,recreation_ground,0,0,0,0,
Residenza universitaria CStudio,45.0748223,7.6018841,verde,nature_reserve,0,0,0,0,
Residenza universitaria CStudio,45.0748223,7.6018841,verde,lake,0,0,0,0,
Residenza universitaria CStudio,45.0748223,7.6018841,verde,reservoir,0,0,0,0,
Residenza universitaria CStudio,45.0748223,7.6018841,sport,fitness_centre,0,0,2,4,"203232910,9757354675,457059136,11293465819"
Residenza universitaria CStudio,45.0748223,7.6018841,sport,sports_centre,0,0,1,11,"823270152,13307202101,1037996309,6590329982,909775020,116648845,742125234,4086636019,3200584297,168437524,905200795"
Residenza universitaria CStudio,45.0748223,7.6018841,sport,stadium,0,0,0,0,
Residenza universitaria CStudio,45.0748223,7.6018841,sport,swimming_pool,0,0,0,3,"154307437,529652138,529652139"
Residenza universitaria CStudio,45.0748223,7.6018841,sport,water_park,0,0,0,0,
Residenza universitaria CStudio,45.0748223,7.6018841,sport,pitch,6,12,27,65,"1428323231,85418201,971907327,85418206,82295505,294134654,41871156,85418203,1126581879,5491712414,422061581,841643305,228196395,1376120872,1009386245,304477400,10109028850,228195917,304477700,482465941,85418208,1047147718,914597096,572393054,1370814006,230710323,230710321,229260148,304477701,292555422,1226476500,294150156,637559789,9792833748,1066934060,1216496186,5491715388,912941768,369847632,911631950,911342030,369847633,369847631,116648836,903916475,116648847,369847630,116648853,909775016,116648840,909775017,169446393,169446392,10303519262,169446389,169446391,945175002,292034359,292034357,897304943,116648842,116648852,342866853,116648835,116648848"
Residenza universitaria CStudio,45.0748223,7.6018841,sport,tennis_court,0,0,0,0,
Residenza universitaria CStudio,45.0748223,7.6018841,sport,golf_course,0,0,0,0,
Residenza universitaria CStudio,45.0748223,7.6018841,sport,ice_rink,0,0,0,0,
Residenza universitaria CStudio,45.0748223,7.6018841,sport,bowling_alley,0,0,0,0,
Residenza universitaria CStudio,45.0748223,7.6018841,sport,climbing_wall,0,0,0,0,
Residenza universitaria CStudio,45.0748223,7.6018841,sport,gym,0,0,0,0,
Residenza universitaria CStudio,45.0748223,7.6018841,commerciale,shop,0,0,0,0,
Residenza universitaria CStudio,45.0748223,7.6018841,educazione,school,0,3,7,21,"42302098,435441356,1210277879,254434717,823265091,314036446,440204020,440206117,482465942,823280923,211911974,879463612,438380755,294155385,529644452,369847634,903916492,291465020,369833269,314253563,761431036"
Residenza universitaria CStudio,45.0748223,7.6018841,educazione,kindergarten,0,2,6,13,"1788854536,1040174839,254434718,440204017,211769538,823280922,879463610,572131683,879463614,9580741278,335550693,4254402204,390148247"
Residenza universitaria CStudio,45.0748223,7.6018841,educazione,university,0,0,1,1,58760727
Residenza universitaria CStudio,45.0748223,7.6018841,educazione,college,0,0,0,0,
Residenza universitaria CStudio,45.0748223,7.6018841,educazione,music_school,0,0,0,0,
Residenza universitaria CStudio,45.0748223,7.6018841,educazione,driving_school,0,0,0,2,"13042699426,12509555365"
Residenza universitaria CStudio,45.0748223,7.6018841,educazione,research_institute,0,0,0,0,
Residenza universitaria CStudio,45.0748223,7.6018841,educazione,vocational_school,0,0,0,0,
Residenza universitaria CStudio,45.0748223,7.6018841,educazione,library,0,0,0,2,"159708680,293677523"
Residenza universitaria CStudio,45.0748223,7.6018841,educazione,archive,0,0,0,0,
Residenza universitaria CStudio,45.0748223,7.6018841,educazione,museum,0,0,0,0,
Residenza universitaria CStudio,45.0748223,7.6018841,educazione,community_centre,0,2,2,4,"11817955817,1378347675,1378347676,432388873"
Residenza universitaria CXTURIN | MARCONI,45.0554106,7.6789768,sanità,healthcare,0,0,0,0,
Residenza universitaria CXTURIN | MARCONI,45.0554106,7.6789768,sanità,pharmacy,2,8,28,74,"1670302089,2135139106,1198867317,4735667414,4735021763,4735023412,12814474916,2592486643,7310501806,7310088536,6029326322,4735669404,4735721872,12800044441,2036336905,2036356385,4735719316,4412226590,9140119438,4735717950,7384890987,7376141996,3344782869,4736115522,7312267251,7379836453,12798227483,4735804570,4735804530,11782400574,2036360279,3893151255,4735829063,2018737316,4735056034,4735058545,4735717430,2018187040,619193786,4735828988,3224067528,5255625937,2593187678,2048347744,2018203641,5628622146,1333701639,2018982162,2019517474,7310122343,4736110877,5113659491,2019532938,6827178588,5110808474,4736057638,2048276171,7376114116,12691580935,4736055182,5206578925,7376141997,4736058640,4736054350,7312494521,4736054639,4736054574,7309967811,7376141998,4735870073,306557185,4736077953,2068598491,7379060407"
Residenza universitaria CXTURIN | MARCONI,45.0554106,7.6789768,sanità,dentist,0,2,5,15,"7261094839,10698834221,8569291136,10751445003,12886910727,10737466798,2016414024,351676886,8463109068,2406157072,11296229554,4195848889,5941324678,3373033912,9301525972"
Residenza universitaria CXTURIN | MARCONI,45.0554106,7.6789768,sanità,veterinary,0,1,1,7,"6948201811,8518082749,11283174640,6942723111,4735830189,4736055191,2018192326"
Residenza universitaria CXTURIN | MARCONI,45.0554106,7.6789768,sanità,optician,0,0,0,0,
Residenza universitaria CXTURIN | MARCONI,45.0554106,7.6789768,sanità,medical_supply,0,0,0,4,"12867088801,11283227093,11064390829,3957940798"
Residenza universitaria CXTURIN | MARCONI,45.0554106,7.6789768,sanità,defibrillator,0,1,4,31,"13308607340,9376999100,10243877109,7227510560,12237513601,12829755501,11071576234,9552060491,9137861147,7232177660,9515896704,5121847084,7934552531,4374929675,13015096966,8356951251,8210481138,6705560885,11273669529,5113659443,6851497986,12095446701,6851187750,6853723885,6851437489,6853946708,6853946004,6851357885,10942463291,3722895975,6877134124"
Residenza universitaria CXTURIN | MARCONI,45.0554106,7.6789768,sanità,hospital,0,1,1,5,"149116211,3538149956,26294487,190728046,191194250"
Residenza universitaria CXTURIN | MARCONI,45.0554106,7.6789768,sanità,clinic,1,2,4,27,"1196177763,395057467,12816667601,12816667602,12816909558,12816909553,12814452400,12816909554,12814474932,12814452396,4735802143,10769197381,4086304459,6664922333,822529092,4735668281,11290349432,10567218284,10567228303,4162728590,464291813,12168612107,3893264712,385995302,10698816652,2284074743,4086502595"
Residenza universitaria CXTURIN | MARCONI,45.0554106,7.6789768,sanità,doctors,0,0,0,0,
Residenza universitaria CXTURIN | MARCONI,45.0554106,7.6789768,mobilità,station,0,1,4,8,"3253332071,893193542,1621697594,543360161,254594416,1622042729,3395226356,254594415"
Residenza universitaria CXTURIN | MARCONI,45.0554106,7.6789768,mobilità,subway_entrance,1,3,16,32,"2617655139,1621378602,1621378600,1621378601,1213993997,1213994125,1213994014,3253332073,3431326297,3431314079,3431314078,10235736538,3431314077,3431314076,3431314075,10235736525,1839686581,3431314080,3253332072,1622042886,3283904468,1622042919,3431326298,5020207823,5020207824,1262284319,10260242427,10260242426,1262284354,2014746582,1262284353,10260242428"
Residenza universitaria CXTURIN | MARCONI,45.0554106,7.6789768,mobilità,tram_stop,1,10,43,125,"945383170,945383228,945383209,945383242,945383335,945383168,1230709942,1230709908,1231011227,941491761,941491518,941491902,941491727,1168929313,1167320836,1168929291,941491699,1167320919,941491496,1230709954,1230710110,1230709892,941491640,941491856,938733459,938733498,945268814,945268800,1185414536,1168929618,945268789,945268816,1167321000,1168270429,945268799,1199240661,1229263858,1167320990,1167320859,1167321088,1167321041,1167320969,1167320960,1185414562,1168270672,1185414492,945268801,945268822,945268805,945268802,1624209638,950433574,951424216,1230710018,4997702728,1229827204,1231011119,1229827337,1231011175,1229580323,1229827230,1229580314,1229827620,941491483,941491672,941491612,1168270471,1168270534,941491716,941491868,1185414486,1229580315,1229827224,1227966230,1168270660,1185414504,1227966231,1167320937,12101484067,1168929427,12100765982,941491637,12101484058,1624209624,1843302903,941491545,943330768,1370347434,1229263851,1370347438,1229827150,1229580304,1230710216,1230709587,1230709694,1230710154,1230710053,1230710389,1227966234,1227966232,1227966233,1229263766,1229264040,12616325336,12715581050,12978416484,12978416485,943330769,12715581035,1168270504,943330816,943330822,943330819,1230709780,1231011218,943330805,11281292421,1230709737,1230709859,11281834064,1235856174,1168270599,1624209625,941491939,1167320980"
Residenza universitaria CXTURIN | MARCONI,45.0554106,7.6789768,mobilità,bus_stop,3,22,94,370,"1262212592,1262212443,1262201548,1198909279,1198909287,937605170,937605201,937605172,10200584299,1185414537,10200408844,1262206025,1185414591,10200584300,10200408843,1198867501,1198867296,1185441587,3979495903,10200408842,1262208027,1185441561,1230710173,1230709749,1262204124,1185441537,1231011169,1262194463,1262196617,1262205652,1262198085,1262188120,1262192773,1262202694,1262199993,1262198818,1262207113,1262182479,1262189238,1213368963,1185809746,1185809738,1262208641,1185809741,1262208307,1185414473,1185809759,1262194959,1262188782,1185809737,1262199883,1262204464,1262187238,1262197176,1262207473,1262195467,1262192496,1262195984,1262196079,1262196389,1262189057,1262207017,1185809754,1185809736,1399644213,1131464110,1399644528,1262212319,937605193,937605195,937605181,937605194,937605189,1262198275,1198867720,1262200618,1262210403,1198867646,1198867624,1262199732,1198867456,1167320783,1262207954,1262187635,1262208539,1262200757,1262204432,1262205523,1262195376,1262203331,1262207470,1262195744,1185414571,1231011126,1168929258,1198867528,1199003141,1168929465,1185815850,1262195065,1262182588,937605174,937605197,1168270670,1199240778,937605169,1168929641,937605192,1168929327,937605175,1262195535,937605200,1229263756,1262201038,1262206788,1198867355,1262188427,13357227255,1198867590,1198867343,1198867678,1168929435,1198867713,1168929622,937605184,1185414408,1525407946,1262208796,937605187,1262193964,1262202938,1262210261,1262196361,1262193644,1262211503,937605188,1168270573,1262212991,1262198618,10938458344,1569038269,12074187316,1262197341,1185414556,1185414572,1199240547,1569038260,1262208085,8494249908,1262196253,1199240667,1262201459,937605198,937605176,1262203237,937605196,937605190,1199240598,943330808,1262209067,1262195389,1262197179,1262186062,1262205538,1262185598,1262203692,1262190108,1262203588,1262190098,1262209814,1262208210,1262204320,1262192681,1262200032,1262190944,1262212994,1262195471,1262209837,1262196128,1262195993,1491228853,1262210935,1262182560,1262201063,1262187879,1262203150,1262212811,1262183335,1262204440,5594891025,1262199964,1262199168,1262182219,1399644425,1262198176,1262197433,1262192786,1262197275,1262200205,1262207921,1262210546,1262182382,1262192501,1262201910,1262192626,1229580308,4605836659,1262204898,12876021888,1229580300,1262196357,1262211500,1262208182,1262192466,1262196307,1262195324,1262209515,1262196647,1262212519,1262207853,1480474270,1262210350,1262190981,1262207187,1262197218,1262184662,1262204656,1262196134,1480474276,1262203192,1262194723,1262209179,1262196512,1262206934,1262207679,1480474287,1480474282,1262211196,1262199022,1480474260,1480474258,1262184419,1480474268,1480474269,1480474262,1262198132,1262197142,1480474257,1262209613,1262208977,1262182398,1168929344,1262197041,1262207547,1198867604,8289837996,1262195219,8289837997,1262185354,1262181975,1262197387,1168270553,1168929565,1168270407,10200408841,4575722855,10066805517,1185414522,1262199608,1491228855,1262202711,1262199542,1262186722,1229580316,1229827663,1262208483,10136283371,1168270570,1168270559,1185414520,12876021885,1262211444,1168929371,1262200499,1262196215,1262201567,1262196300,1262198051,1262197657,1525407917,1262206483,1262203392,3229868385,3262101385,1168929432,1491228856,1262197246,1198867662,1262188506,1262197678,1262208401,1262209581,1262199837,1262209446,1198867402,1262207476,1262190131,1491228854,11657164483,11657164484,1229827101,1229580311,1399644118,1262197436,1262211451,1262205080,1262192792,1262199977,1262195420,1262205970,1262195822,1168270639,1185414410,1262208503,1185414465,1262194546,1262208323,5117626905,1262209930,1262198026,1185414577,6851570620,1262199075,1262182576,1262200213,1262203030,1262212401,1262196900,1262196798,3350079082,1262206389,1262208051,1262196187,1262191998,1262202844,1262195567,1262212221,1262192881,1262194437,1262196834,1270905157,1262191772,1270905158,1262208954,1262199922,1262209046,1262211982,1262197197,1262199746,1262212615,1235856128,1262204404,1262194051,1262203354,1262194653,937605171,937954712,1262212512,1198867441,1198867556"
Residenza universitaria CXTURIN | MARCONI,45.0554106,7.6789768,mobilità,charging_station,1,7,21,43,"4691906382,10686606848,4691906381,8273687163,12206458665,9331784402,5545629913,10862580324,11107468089,10023825566,11253226587,9056770766,8496473717,8496473719,8496473718,13254288285,9884949609,9884949607,9884949611,9884949608,9884949610,10676666527,11676231525,3906238205,11694139826,13254333741,12881604940,10132403023,10132403019,10132403022,10132403020,10132403021,10024930203,12848949670,12385342507,3906239156,5545493680,5255643474,10024930198,10024930204,9903597728,3906262432,11330971755"
Residenza universitaria CXTURIN | MARCONI,45.0554106,7.6789768,mobilità,car_sharing,0,0,0,1,4749176847
Residenza universitaria CXTURIN | MARCONI,45.0554106,7.6789768,mobilità,taxi,1,1,2,15,"1720500302,450595752,4289455496,2016414163,3241731973,8316678430,2019632236,604332918,5020220491,5020220492,3241731972,3241731971,5941325188,3241731964,2902424078"
Residenza universitaria CXTURIN | MARCONI,45.0554106,7.6789768,mobilità,parking,2,4,34,143,"305940763,190437232,190437231,166457327,54740253,241336708,1128003509,166585310,3319891484,131477884,166652711,166652710,839476414,839476413,839634184,7077733654,693367780,693367779,1032863499,300189916,330956379,330956378,313088902,313088903,166630018,291492675,50259560,1126042539,1126043797,1126047090,1190970428,1340364497,49580893,925276467,1348523735,108470282,942603632,942603631,736824357,706164324,730684398,1300583616,1419477429,736824358,1076957801,730771775,166652712,83042948,1383582583,1381841252,1381841251,5693045436,12809872841,1381841253,635372762,635372763,320706078,320706077,166616053,166611428,305940327,305941030,257509773,257509774,1046462111,770822807,770822809,770822808,454001359,454001349,1621697577,257509778,257509777,330503346,915561379,1218148322,914641500,914641495,914641496,914641504,914641505,914641487,914641506,596527947,914641494,489020583,1409158807,7195363113,282924801,191173232,112172255,1075063889,747831924,7573315188,966980831,45819032,1432694418,1433218612,842479608,842479609,842479611,132406184,69976487,77914307,1256054371,1441572060,1255963826,1455462286,4488383689,248772281,248160665,13260980844,2019632224,1227966229,275161406,2284374403,5997771287,5997780786,320706080,5997812985,635372765,320706079,3363420315,22953965,1218557983,1057905850,316211275,319749756,249248499,319742232,191375051,5941325249,193000008,435793218,1255999599,731592384,731605916,436314967,242957870,6851422048,733635639,358681039,124778755"
Residenza universitaria CXTURIN | MARCONI,45.0554106,7.6789768,mobilità,car_rental,1,2,6,8,"1170039574,1170039581,13363265154,6113511883,11104716244,5628622134,5941325247,5941325228"
Residenza universitaria CXTURIN | MARCONI,45.0554106,7.6789768,mobilità,bicycle_parking,5,18,58,219,"1780322685,7076063185,1780322731,11274729769,2699759047,2699759049,2699759048,10853204514,2699759050,2699759052,2699759053,2699759051,2699760636,2699760637,2699759056,2699759058,2699759057,2699757974,443101911,7815134909,7815134911,7815134910,7815134913,7815134912,12394522606,12394489858,10873504973,6912162938,10113463334,10113463333,10113463332,10113463331,10113463330,10113463329,10113463335,11673291208,11673243325,7076063186,7076063187,7076063189,7076063188,5347703556,12153279090,7076001884,11933465157,7076001882,2635518486,7076001883,7076001878,7076063193,7076063194,7076063195,7076063192,2699759055,2699759054,11913808736,7054259454,9771620395,10011778505,7076063191,6954549387,6954549388,1783770824,10873504971,1783770825,10802789582,2699757972,2699757973,2699757978,2699757975,9536387625,706004735,9536764388,9515661833,2699754605,5628622143,5628622144,2632353490,10873504970,5628622145,7025739876,10873504969,10159318064,2699757982,2699757981,2699757980,2699757979,2699753945,2699754607,2699754613,2699754610,2699754609,13142999531,13143056907,10741520276,10741540187,2699752835,13142731612,7076001881,7076001880,7076001879,7076063190,12168185377,8496468307,11082056515,8496468304,8496468306,8496468305,11082056516,11082056517,11182198684,5226211759,7076001868,12365551375,7076001867,7076001864,7076001863,7076001865,13283071994,13283160701,13283086792,9122302517,6909804800,9330196749,5594891026,13283101982,8638211147,9038187426,13283226975,11274729970,9884528466,7076063196,7076063197,7076063198,9321076956,4063688590,7076001861,7076001862,2282486102,5113659453,7076001866,11983497399,11983479625,2017190763,2018982169,7076063202,7076063203,12009896156,13324660699,7076063201,10884404308,7076063200,7076063199,12681485187,12681485188,6149852920,2699753943,2699753944,2699753946,2699753947,2699753951,2699753950,2699753949,2699753948,5117627158,5113659515,10779500105,2699753644,5968582882,5968581908,6827178603,12068659438,5941325235,2699753641,2699753643,2699753642,7076063204,7076063205,7076063206,11277111680,11277111681,7076063207,10777961006,12650442898,7076063208,7076063209,8026222938,7076063210,7076063211,7076063212,7076063213,5117627124,5941324676,5941324684,5941325233,2048050409,5941324672,11966746787,5941325227,5941325219,11966792060,5941325190,9740895475,12634535120,12634548501,12634222020,12634416056,9740895502,9740888733,10759662318,11238380039,11238380037,11238380038,2699752833,2699752831,2699752834,2699752832,9307377317,9307358113"
Residenza universitaria CXTURIN | MARCONI,45.0554106,7.6789768,mobilità,bicycle_rental,0,1,1,1,12068398566
Residenza universitaria CXTURIN | MARCONI,45.0554106,7.6789768,mobilità,primary,0,0,0,0,
Residenza universitaria CXTURIN | MARCONI,45.0554106,7.6789768,mobilità,secondary,0,0,0,0,
Residenza universitaria CXTURIN | MARCONI,45.0554106,7.6789768,verde,park,0,1,2,22,"305683893,579229093,149395093,166596454,106251930,44503795,88206888,149395470,39789990,589863206,1164953300,130457686,335352981,698756805,549096612,111646227,112172943,1432694404,23026345,22897848,543676718,457323344"
Residenza universitaria CXTURIN | MARCONI,45.0554106,7.6789768,verde,garden,2,2,10,160,"1135279260,140266730,436247597,436245116,436245118,436245117,23089011,589878717,436247596,28193052,3784063293,1430193314,1430193313,1430193319,1430193315,1430193322,108470281,404714970,29183708,1430193309,23089014,581600236,664912057,191051285,1429655975,1429668701,1429927724,1429927720,1429668708,1429668706,1429668703,1430558115,1429655972,1429927718,1429927726,1429668711,1429668710,1429668709,1430558102,1430193311,1430558111,1430558114,1429655978,1430558101,1429655977,1430558098,1431902919,1432497805,1432497804,1431902918,1432497803,1431902920,1432497799,1431902926,1431902917,1430558093,1431902925,1431902923,1432497802,1431902908,1431902916,1432497790,1432497798,1432497801,1431902915,1431902907,1431902906,1432497788,635651375,1432497787,1432497786,303807502,1432497777,1432497771,1432497780,1432542554,1432694413,1432542546,1432694420,1432694414,1432694410,1432694408,1433218603,1432694412,1433516891,1433516897,1432694406,1433516899,1433218602,1433218608,1433218609,1433218611,635651377,1433516893,1433516896,1434558345,1434859342,1431214248,1429531893,1429531906,1431167268,1431167270,1435026062,1429455089,1435026061,1435026060,1435026072,1435074195,1435074194,1435248869,1435074200,1435074202,1435074193,1433516866,1434558331,1433516869,1433516870,1434558326,1434859339,1434558323,1434558321,1434558344,1434859340,1433516867,1434859343,1434859351,1434859338,1434558312,1434558342,1434558339,1434558336,1434558316,1433516874,1434558328,1434558319,1434558314,1434558315,1433516882,1434558313,1433516875,1434859334,1434859333,1434558318,1434558317,1435026103,1435026104,1412323438,561608551,23054276,318993599,251488296,23026360,302764761,1060217784,1060217774,848959753,848959890,689197827,585434922,585434925"
Residenza universitaria CXTURIN | MARCONI,45.0554106,7.6789768,verde,grass,8,9,32,250,"588726773,862454070,1128002965,1128002964,1128002962,1128002963,1126792071,131477879,166596453,131477878,757727656,131477880,757727655,1066997745,234298691,154500724,154500737,154500736,234298714,234298715,234298692,234298708,234298712,234298709,234298702,234298698,234298695,234298694,234298699,234298703,234298687,234298690,234298711,234298688,234298710,234298707,234298706,234298700,234298713,234298697,234298696,234298689,234298693,234298705,234298701,234298704,315954833,181232343,181232355,181232342,181232349,181232340,181232352,181232353,181232350,181232347,181232345,181232348,181232341,181232346,286767165,314388661,286767161,181232351,286653242,242409910,286653241,286646606,286647293,286653237,286646604,286646594,286645617,286646607,286647294,286646605,286647291,286646595,286646601,286646602,286646603,286647290,286646597,485912130,485912131,485912126,485912128,485912129,579229154,485912127,579229089,1126040506,1126042440,730665854,690822581,690822578,690822577,579953323,579953322,579953321,579953320,579953319,579953318,579953317,579916574,579916577,579953316,579953328,690822582,379516467,579953324,379516466,579953327,579953326,579953325,690824765,690824749,690824748,866606424,922479075,922479076,730682845,730682868,730682867,730682869,589878721,730682864,730682866,945490938,730682863,730682844,589878716,945490937,943784964,943784963,943782516,943782515,730682843,589878718,730682865,730682842,730682862,589878720,589878719,589878715,1034782636,730684397,736826338,706164330,730771776,166653765,690808828,690808830,690808831,333831817,242409911,544187117,286636546,242409909,286656050,286636547,286636548,286664226,286636549,732157565,286664225,318948807,326073532,326073533,319649516,732157570,286656044,286656041,390805213,390805212,588726775,589459967,589459968,589459969,589459961,589459963,589459964,415224186,589459962,1047587836,1047587838,1047587837,1047587843,1047587839,1047587840,1047587841,1047587842,463612383,463612382,914641482,401668588,561611213,561611216,561611209,561611219,561611214,561611211,561611221,561611218,123242586,123242589,123242584,1447741497,1264205127,112698197,112698185,112698601,842026974,1429531892,1435026096,1435026095,1435026078,1435026075,1433516865,1455462300,1455462921,1455462291,1455462301,337361722,1362575098,192061493,192061494,192061492,192061489,192061490,192061491,1272990787,245046146,1098853222,245045846,397809397,616677987,616677976,616677985,616677978,616677983,616677980,245045845,337361720,337361721,245045844,289014365,1173001072,1118869379,1118869380"
Residenza universitaria CXTURIN | MARCONI,45.0554106,7.6789768,verde,wood,0,0,0,22,"256204639,1429668713,1429927729,1075307130,1430558097,1431902912,256273453,1433516888,1075307129,1429531902,1429655981,1435026069,1435026063,1435026076,1435026071,1431214247,1434859332,1433516863,1434859344,1434859331,1435026077,457323345"
Residenza universitaria CXTURIN | MARCONI,45.0554106,7.6789768,verde,forest,0,0,0,2,"28110850,1075063885"
Residenza universitaria CXTURIN | MARCONI,45.0554106,7.6789768,verde,meadow,0,0,0,0,
Residenza universitaria CXTURIN | MARCONI,45.0554106,7.6789768,verde,scrub,0,0,0,10,"360131117,1430193318,1429927730,1429668705,1430558096,1431167269,1432694422,1431167266,1435248870,1441572063"
Residenza universitaria CXTURIN | MARCONI,45.0554106,7.6789768,verde,allotments,0,1,1,1,328621268
Residenza universitaria CXTURIN | MARCONI,45.0554106,7.6789768,verde,playground,0,0,3,27,"579229091,1135279252,448162839,1217815310,910933663,1445632679,660162335,660162333,942887046,942888157,105377046,83093080,4968614878,83051429,83051428,130457685,257509776,561242634,1193870930,132364747,1433218613,1432694403,1780526494,191211963,1168299039,1170974105,1054786065"
Residenza universitaria CXTURIN | MARCONI,45.0554106,7.6789768,verde,recreation_ground,0,0,0,0,
Residenza universitaria CXTURIN | MARCONI,45.0554106,7.6789768,verde,nature_reserve,0,0,0,0,
Residenza universitaria CXTURIN | MARCONI,45.0554106,7.6789768,verde,lake,0,0,0,0,
Residenza universitaria CXTURIN | MARCONI,45.0554106,7.6789768,verde,reservoir,0,0,0,0,
Residenza universitaria CXTURIN | MARCONI,45.0554106,7.6789768,sport,fitness_centre,0,0,8,15,"8518130285,11841788895,10736644789,12886908643,9463603381,11297477634,10067097220,10784287024,12327658096,2018982152,4736058200,12547891555,11049505605,6851326135,3349809096"
Residenza universitaria CXTURIN | MARCONI,45.0554106,7.6789768,sport,sports_centre,1,1,5,15,"3799075121,188466381,635797746,4735055931,4086520147,404714971,3332362719,749439074,256781255,286976821,9792328371,630344434,458039656,288893797,458039655"
Residenza universitaria CXTURIN | MARCONI,45.0554106,7.6789768,sport,stadium,0,0,0,0,
Residenza universitaria CXTURIN | MARCONI,45.0554106,7.6789768,sport,swimming_pool,0,0,2,34,"191056430,1118749030,1118749029,1118749028,1422594033,1422594069,749439076,1422419030,1422418993,1422418990,1422419019,1422418987,1422418984,1422224010,1422224027,1422594076,1432497807,1075063887,1422594077,1422594081,1263799982,1431902914,1432497796,856951591,1431902913,1433218610,1433218607,1429531899,692335424,1435074201,899626040,1435026110,1323785257,320710589"
Residenza universitaria CXTURIN | MARCONI,45.0554106,7.6789768,sport,water_park,0,0,0,0,
Residenza universitaria CXTURIN | MARCONI,45.0554106,7.6789768,sport,pitch,1,1,10,75,"689326916,241263809,241263815,10582643941,1135279253,7007648418,7007648417,436248508,448850336,1445632678,1058453911,839634186,839634187,253538106,1065476429,324738752,257509783,257509782,1347606402,1289661073,257509764,257509765,160090690,160090692,257509780,257509781,257509775,13151468861,390805226,257509784,869894480,859050130,859050133,869894478,869894475,869894481,1058452924,915561405,362273176,13284561433,13284561431,923782195,923780960,915561404,13284561432,1422419022,1422594036,1422418992,1422594070,1346976213,1089685037,1429531896,1421975477,1005248573,1005248575,1005248574,5410221475,117526387,1347180844,1190222149,117526384,1190222452,1190222148,117526386,1347180845,117526378,1347180843,245045843,1062624219,358681038,358681041,358681042,358681037,1418747925,578921511"
Residenza universitaria CXTURIN | MARCONI,45.0554106,7.6789768,sport,tennis_court,0,0,0,0,
Residenza universitaria CXTURIN | MARCONI,45.0554106,7.6789768,sport,golf_course,0,0,0,0,
Residenza universitaria CXTURIN | MARCONI,45.0554106,7.6789768,sport,ice_rink,0,0,0,0,
Residenza universitaria CXTURIN | MARCONI,45.0554106,7.6789768,sport,bowling_alley,0,0,0,0,
Residenza universitaria CXTURIN | MARCONI,45.0554106,7.6789768,sport,climbing_wall,0,0,0,0,
Residenza universitaria CXTURIN | MARCONI,45.0554106,7.6789768,sport,gym,0,0,0,0,
Residenza universitaria CXTURIN | MARCONI,45.0554106,7.6789768,commerciale,shop,0,0,0,0,
Residenza universitaria CXTURIN | MARCONI,45.0554106,7.6789768,educazione,school,2,3,5,34,"253301354,3799075123,282772081,690824769,242435627,7501518183,7501518184,367981582,1065476430,315598789,4736111631,4735804563,109771125,123376948,390805214,601868991,390805217,6189845887,190499456,190499455,298804713,1075307126,243074534,250151807,2284034343,2284034348,117493773,1304814076,1168299038,10765663105,450287805,1091923526,42864476,1168299037"
Residenza universitaria CXTURIN | MARCONI,45.0554106,7.6789768,educazione,kindergarten,0,1,2,9,"2592486650,3474642596,253301347,314888176,869894477,1328540432,2284034346,219014163,7807308276"
Residenza universitaria CXTURIN | MARCONI,45.0554106,7.6789768,educazione,university,0,3,20,37,"12694977921,1063867657,8903777986,1107125327,1107125328,8496468303,1107125331,988062105,6944502291,6945638233,10132258250,6944516128,6944505643,6945671127,2714024340,749760378,9430411581,6339286102,4605849272,4605836657,4605847888,4605836658,192604816,2577028412,2577029282,2018055299,2018055301,9739802942,2503902059,3363964793,6851326132,4086214801,2018087957,1218747279,6851439272,651771955,4735868696"
Residenza universitaria CXTURIN | MARCONI,45.0554106,7.6789768,educazione,college,0,0,1,2,"318997570,12248046055"
Residenza universitaria CXTURIN | MARCONI,45.0554106,7.6789768,educazione,music_school,0,0,1,1,28109102
Residenza universitaria CXTURIN | MARCONI,45.0554106,7.6789768,educazione,driving_school,0,0,1,10,"7077970133,8569299026,12886844895,10879184439,11841904325,12089511784,316203024,12077001867,9762124287,3473130432"
Residenza universitaria CXTURIN | MARCONI,45.0554106,7.6789768,educazione,research_institute,0,1,2,2,"190482116,6241694510"
Residenza universitaria CXTURIN | MARCONI,45.0554106,7.6789768,educazione,vocational_school,0,0,0,0,
Residenza universitaria CXTURIN | MARCONI,45.0554106,7.6789768,educazione,library,1,2,2,8,"4735799707,10229510808,4209315503,11806550856,4936115896,9693041809,6074405709,4849156539"
Residenza universitaria CXTURIN | MARCONI,45.0554106,7.6789768,educazione,archive,0,0,0,0,
Residenza universitaria CXTURIN | MARCONI,45.0554106,7.6789768,educazione,museum,0,1,6,24,"12072302022,123180294,4572133130,5482049568,4219719436,2981060587,6425777001,12393405666,6433935512,9585924917,5171950042,246516587,246643344,6432836094,2177769729,1333701144,6435420518,6431480861,2026479833,318938052,2026479832,246443715,6434268049,248771289"
Residenza universitaria CXTURIN | MARCONI,45.0554106,7.6789768,educazione,community_centre,1,2,3,6,"13192364672,12616853914,12585045537,194336591,12548906803,3363460993"
Residenza universitaria CXTURIN | VANCHIGLIA,45.0680286,7.7051115,sanità,healthcare,0,0,0,0,
Residenza universitaria CXTURIN | VANCHIGLIA,45.0680286,7.7051115,sanità,pharmacy,0,2,13,50,"4735056034,4735058545,2018982162,2019517474,5113659491,2019532938,6827178588,5110808474,4736057638,2048276171,7376114116,12691580935,4736055182,5206578925,7376141997,4736058640,4736054350,7312494521,4736054639,4736054574,12018327204,7309967811,7376141998,4735870073,306557185,4735867352,306556997,754189651,4735090163,7310076313,7310076314,4735092379,4736077953,3340684507,2018175898,7379060407,3416861086,4733628841,3340678134,309669048,9405942960,4733528397,4733528549,8059810892,1547962818,4733554860,4733551102,4733498126,3578230542,7309990997"
Residenza universitaria CXTURIN | VANCHIGLIA,45.0680286,7.7051115,sanità,dentist,0,1,2,6,"11296229554,5941324678,3373033912,9301525972,6564881971,12076633860"
Residenza universitaria CXTURIN | VANCHIGLIA,45.0680286,7.7051115,sanità,veterinary,0,0,1,4,"4736055191,2018192326,11167653306,9559223780"
Residenza universitaria CXTURIN | VANCHIGLIA,45.0680286,7.7051115,sanità,optician,0,0,0,0,
Residenza universitaria CXTURIN | VANCHIGLIA,45.0680286,7.7051115,sanità,medical_supply,2,2,2,2,"12294762542,11688321776"
Residenza universitaria CXTURIN | VANCHIGLIA,45.0680286,7.7051115,sanità,defibrillator,0,0,6,19,"8210481138,6705560885,5113659443,6851497986,12095446701,6851187750,6853723885,8334794474,6851437489,6853946708,6853946004,6851357885,10942463291,8259759257,3722895975,10004554628,6877134124,9612498223,7139691092"
Residenza universitaria CXTURIN | VANCHIGLIA,45.0680286,7.7051115,sanità,hospital,2,3,3,4,"191194250,316203053,3342035128,1193255695"
Residenza universitaria CXTURIN | VANCHIGLIA,45.0680286,7.7051115,sanità,clinic,0,0,0,2,"4086502595,3290263940"
Residenza universitaria CXTURIN | VANCHIGLIA,45.0680286,7.7051115,sanità,doctors,0,0,0,0,
Residenza universitaria CXTURIN | VANCHIGLIA,45.0680286,7.7051115,mobilità,station,0,0,0,0,
Residenza universitaria CXTURIN | VANCHIGLIA,45.0680286,7.7051115,mobilità,subway_entrance,0,0,0,0,
Residenza universitaria CXTURIN | VANCHIGLIA,45.0680286,7.7051115,mobilità,tram_stop,3,14,35,97,"1229580314,1229827620,1229580315,1229827224,1227966230,1168270660,1185414504,1227966231,12100765982,941491637,12101484058,1624209624,1843302903,941491545,943330768,1370347434,1229263851,1370347438,1229827150,1229580304,1230710216,1230709587,1230709694,1230710154,1230710053,1230710389,1227966234,1227966232,1227966233,1229263766,1229264040,12616325336,12715581050,12978416484,12978416485,943330769,12715581035,12978416486,1168270587,1168270504,1230710263,943330816,943330822,943330819,1230709780,1231011218,943330805,11281292421,1230709737,1230709859,11281834064,1235856174,1168270599,1270651267,13326178312,13326178313,1235856079,947982002,947982146,1262194799,1235856205,947981976,947982053,1235856123,13326178314,941491471,1167320980,1167320769,941491730,948016167,1167320925,12978416487,1229263814,1229263917,1231011198,1229264035,1229263857,11660081125,1168270491,947982084,947981932,1230710101,947982115,1168270479,947982009,947982103,11611802562,12351499946,1235926926,1262203527,1236572719,3631871148,3631871147,1236572740,1236572794,1236572711,1236572777"
Residenza universitaria CXTURIN | VANCHIGLIA,45.0680286,7.7051115,mobilità,bus_stop,6,25,93,289,"1262204898,12876021888,1229580300,1262190981,1262184662,1262204656,1262196134,1262203192,1262194723,1262209179,1262196512,1262206934,1262207679,1262206294,1262184419,1480474268,1480474269,1480474262,1262198132,1262197142,1480474257,1262209613,1262208977,1262182398,1262212389,1262211321,1262191031,1262198260,1262200999,1262181975,1491228855,1229580316,1229827663,1262208483,10136283371,1168270570,1168270559,1185414520,12876021885,1168929432,1491228856,1262197246,1198867662,1262188506,1262197678,1262208401,1262209581,1262199837,1262209446,1198867402,1262207476,1262190131,1491228854,11657164483,11657164484,1229827101,1229580311,1399644118,1262197436,1262211451,1262205080,1262192792,1262199977,1262195420,1262205970,1262195822,1168270639,1185414410,1262208503,1185414465,1262194546,1262208323,5117626905,1262209930,1262198026,1185414577,6851570620,1262199075,1262182576,1262200213,1262203030,1262212401,3350111050,1262198097,1262196900,1262196798,3350079082,1262209112,1262206389,1262208051,1262196187,1262191998,1262202844,1262195567,1262212221,1262192881,1262194437,1262196834,1270905157,1262191772,1270905158,1262208954,1262199922,1262209046,1262211982,1262197197,1262199746,1262212615,1235856128,1262189828,1262204404,1262207790,1262187555,1262194051,1262209878,1262203354,1262195649,1262195757,1262194653,1262194554,1262211270,1262184239,1262199090,1262207066,1262200228,1262201419,1262204490,1262208777,1262203604,1235856183,1262195521,1262196422,1270651264,1262196590,1262204352,1235856103,1262195266,1262184741,12194813096,13208780377,1235856064,1262185889,1262205449,1262204271,1262205905,1262204050,1262196312,1262193785,1262208882,1262195024,1262197328,1262196148,1262204818,1262212974,1262204577,1262188303,1262200697,1262195966,1262186888,1262184968,1262192899,1262209055,1262192766,1262199820,1262199291,1262198153,1262196457,1262207456,1262196847,1262208744,1262203718,1262195422,1262190657,1262208834,1262199986,1262203050,1262212431,1262211737,1262181983,1198867537,1262208216,1198867556,1198867687,1198867567,1262204512,1262201395,1262196877,1262195824,1262211446,1262208031,1262196779,1262210312,1231011141,1262190386,1262195510,1262200404,1262204567,1262212826,1262211802,1262194968,1262198250,1262202417,1262185638,1262198884,1262195633,1262212644,1262199697,1262183610,1262209326,1262203594,1262199227,1262182243,1262197279,1262197344,1262205700,1262208866,1262193851,1262207924,1262187051,1262193104,13208780379,1262208589,1231011153,1262195698,1262204769,13208780378,12876021883,3226552301,3226552300,1262201740,1262187727,3226552298,3226552302,3226552299,1262209157,1262199236,13208780374,1262202819,1262210263,1262203708,1262186164,1262186807,1262201120,1262188886,1262193412,1262203860,1262182532,11599304627,1262184893,1262209370,1262211559,1262192547,1235926929,3351615326,1262199149,1235926936,1262185187,3351625103,1236572793,1262184724,1262201445,1262194752,13208780376,1262208415,1262191526,1496716014,1262196218,1262204674,8494339395,1262206187,1262194481,1236572687,1236572763,1236572820,1262209380,1236572736,1236572822,1262184074,1262204546,1236572694,1236572746,1262212997,1262196335,1262212265,1262195716,1262210247,1262203743,8455662431,1262183241"
Residenza universitaria CXTURIN | VANCHIGLIA,45.0680286,7.7051115,mobilità,charging_station,1,2,12,36,"10676666527,11676231525,9671594609,11694139826,12881604940,10132403023,10132403019,10132403022,10132403020,10132403021,10024930203,12848949670,5545493680,5255643474,10024930198,10024930204,9903597728,3906262432,11330971755,13175098408,9903597720,9903597736,9903514912,11640502278,544516332,9903597730,9892110268,7944759282,11243926724,11243926727,11243926726,11243926728,11243926725,9386005083,13064911110,5698680374"
Residenza universitaria CXTURIN | VANCHIGLIA,45.0680286,7.7051115,mobilità,car_sharing,0,1,1,1,3906283850
Residenza universitaria CXTURIN | VANCHIGLIA,45.0680286,7.7051115,mobilità,taxi,0,0,1,10,"2019632236,5020220491,5020220492,3241731972,3241731971,5941325188,3241731964,2902424078,2898774433,1005440038"
Residenza universitaria CXTURIN | VANCHIGLIA,45.0680286,7.7051115,mobilità,parking,2,8,19,132,"7573315188,966980831,1433218612,842479608,842479609,842479611,1256054371,1441572060,411031505,1255963826,1411982815,1256019628,4127735019,4127734643,4127734444,1414322225,248160665,13260980844,2019632224,1227966229,3363420315,22953965,1218557983,1057905850,316211275,319749756,249248499,319742232,191375051,5941325249,193000008,435793218,1255999599,731592384,731605916,436314967,242957870,6851422048,733635639,358681039,124778755,1262706519,3343691149,4127735255,1383338299,4127735240,167858828,132957389,3343561833,3343599887,280507600,108460658,111622925,4127734429,4127734415,4127734464,4127734825,129075967,308881884,82199315,128932536,128930828,128935328,128930827,128935180,128935159,128932535,128935158,83076319,128941839,1081120722,5993028887,5993028888,5997806485,5997788087,5997771286,108459796,652758231,262648990,365889975,288283917,1107364662,365889357,846901935,1107364663,288891940,1215783014,1215783015,7115553619,1215783013,1215783012,3343577420,577263229,166616614,846901934,328929579,1421696089,1158404279,1158404305,1158404302,1158404303,1158404300,1158404301,1158404304,1158454601,886739419,846003849,846003846,846003847,3343610008,1421696091,976250146,846003848,976250143,690662128,450287462,846003845,528717398,28190530,846901932,280325194,1068998742,308881882,277782178,280506720,469391577,280506719,280325195,1066637348,25568947,77894792,28190537"
Residenza universitaria CXTURIN | VANCHIGLIA,45.0680286,7.7051115,mobilità,car_rental,0,0,0,2,"5941325247,5941325228"
Residenza universitaria CXTURIN | VANCHIGLIA,45.0680286,7.7051115,mobilità,bicycle_parking,4,7,47,123,"13283226975,11274729970,7076063196,7076063197,7076063198,2018982169,7076063202,7076063203,12009896156,13324660699,7076063201,10884404308,7076063200,7076063199,12681485187,12681485188,5113659515,10779500105,2699753644,5968582882,5968581908,6827178603,12068659438,5941325235,2699753641,2699753643,2699753642,7076063204,7076063205,7076063206,11277111680,11277111681,7076063207,10777961006,12650442898,7076063208,7076063209,8026222938,7076063210,7076063211,7076063212,7076063213,5117627124,5941324676,5941324684,5941325233,2048050409,5941324672,11966746787,5941325227,5941325219,11966792060,5941325190,9740895475,12634535120,12634548501,12634222020,12634416056,9740895502,9740888733,10759662318,11238380039,11238380037,11238380038,13011786017,13011795861,11368531149,9224843549,11832986276,12020238320,11964721442,11832991702,11832980125,11379545987,11379561478,12812076106,12843998249,12986009917,12915235956,8269943195,2699752834,2699752832,9307377317,9307358113,6851396187,5998289584,5998291995,9740888734,12182105961,11622870823,10823910305,10827570606,10823892608,12208848355,10823869008,5542175056,9903597733,13143013240,5542175064,5542175063,10994156060,10994156059,11622870824,5542175057,5534040230,5534052431,13143058309,13143034941,13143041199,5542175058,5542175059,5542175061,13143022643,10994232050,5542175062,10833477005,10833478805,11717312584,3953590159,4518468947,12532140545,1547837615,12532140547"
Residenza universitaria CXTURIN | VANCHIGLIA,45.0680286,7.7051115,mobilità,bicycle_rental,0,0,0,0,
Residenza universitaria CXTURIN | VANCHIGLIA,45.0680286,7.7051115,mobilità,primary,0,0,0,0,
Residenza universitaria CXTURIN | VANCHIGLIA,45.0680286,7.7051115,mobilità,secondary,0,0,0,0,
Residenza universitaria CXTURIN | VANCHIGLIA,45.0680286,7.7051115,verde,park,2,8,28,65,"1432694404,287696722,109742701,23026345,22897848,543676718,457323344,287707677,753231466,479486904,816783671,895647570,61732303,813407766,1075763396,813402747,369707777,83076324,479483771,815949942,128936190,128942572,784211972,815950090,814962443,784215783,814964297,814964635,319279820,22879264,22908088,256465204,22908071,12233633301,690662131,690745660,259895475,1157616170,290706661,690745503,690738904,690738908,690738906,690745039,690662573,690663659,690765813,800525989,816783192,689198379,82256514,813407219,322221905,815950604,268934373,250714206,800524787,561526800,597816614,597816613,250714380,991195613,813405278,813404275,257920545"
Residenza universitaria CXTURIN | VANCHIGLIA,45.0680286,7.7051115,verde,garden,11,16,38,133,"1432694408,1433516891,1433516897,1432694406,1433516899,1433218602,1433218608,1433218609,1433218611,1433516893,1433516896,1434558345,1433516866,1434558331,1433516869,1433516870,1434558326,1434859339,1434558323,1434558321,1434558344,1434859340,1433516867,1434859343,1434859351,1434859338,1434558312,1434558342,1434558339,1434558336,1434558316,1433516874,1434558328,1434558319,1434558314,1434558315,1433516882,1434558313,1433516875,1434859334,1434859333,1434558318,1434558317,1435026103,1435026104,1441572055,1441572048,1412323438,1441572051,1441572050,1411246328,1441572049,1441572058,1411656563,318993599,251488296,23026360,302764761,1060217784,1060217774,848959753,848959890,689197828,689197827,411053238,633972127,411053241,633972128,689196222,740007653,741636656,689196221,689196217,741636655,689196220,740007650,689196218,327419031,740007635,740007643,741636682,560991929,814961233,814960644,813403362,800531670,696993949,814962000,813408161,814962760,813403198,800530563,800525157,814965482,29184190,585434921,585434922,585434925,761582377,761951452,761951453,761951455,761951457,761951454,761582373,761951459,761951458,761582372,761951460,761951456,741636663,725758014,846901933,1158404280,741636695,816782637,800525442,1066637349,690660411,28229702,800526187,960205126,813406682,813406899,813406835,813406095,800528616,535239377,800532108,813404511,696993947,813407098,535247269"
Residenza universitaria CXTURIN | VANCHIGLIA,45.0680286,7.7051115,verde,grass,6,11,57,131,"1264205127,112698601,842026974,1433516865,337361722,192061493,192061494,192061492,192061489,192061490,192061491,1272990787,245046146,1098853222,245045846,397809397,616677987,616677976,616677985,616677978,616677983,616677980,245045845,337361720,337361721,245045844,289014365,411053235,129209564,129209563,689196219,577440411,616984807,616984808,616984806,616984803,616984802,288798832,288798834,288798833,82442519,494676505,1132047853,82199295,82255590,125813197,1173001074,1173001075,1173001079,1173001078,1173001076,1173001077,1173001084,1173001091,1173001083,288283918,1254120835,1173001072,1118869379,1173001073,1118869380,1173001095,1173001100,1173001099,1173001110,1173001101,1173001109,1173001098,1173001088,1173001107,1173001102,1173001108,1173001094,1415617395,1415617396,961875681,961875680,577263226,577267981,577271848,577267982,577271851,577267983,577271853,577267984,577271856,577267985,577271858,577271820,577271823,577271824,577271846,577271825,577271827,577271843,577271830,577271832,577271835,577271841,577271839,577271838,577271836,577271861,577440401,577440403,577440407,129839957,577558249,530332686,578956725,577558253,577558252,577275421,1193255688,577558261,577275422,577558254,1158454605,259895474,1196407026,28229696,1193255687,280506717,865725444,865725443,1068997696,392224999,535273193,535273194,1068997695,129839750"
Residenza universitaria CXTURIN | VANCHIGLIA,45.0680286,7.7051115,verde,wood,0,0,0,14,"1433516888,1431214247,1434859332,1433516863,1434859331,1435026077,256204633,457323345,256204642,28110814,61732412,81268267,256204632,28089070"
Residenza universitaria CXTURIN | VANCHIGLIA,45.0680286,7.7051115,verde,forest,0,0,0,3,"28110850,1075063885,585434926"
Residenza universitaria CXTURIN | VANCHIGLIA,45.0680286,7.7051115,verde,meadow,0,0,0,0,
Residenza universitaria CXTURIN | VANCHIGLIA,45.0680286,7.7051115,verde,scrub,0,0,0,2,"1441572063,1066637351"
Residenza universitaria CXTURIN | VANCHIGLIA,45.0680286,7.7051115,verde,allotments,0,0,0,1,328624588
Residenza universitaria CXTURIN | VANCHIGLIA,45.0680286,7.7051115,verde,playground,0,1,10,24,"1433218613,1432694403,11676688669,191211963,1168299039,1170974105,1054786065,9215807657,10221497811,5206224432,83076336,2505158924,552214398,1291894961,108460659,577440400,8464466018,1157616172,10833475807,310660806,960203147,960203145,960203146,82256513"
Residenza universitaria CXTURIN | VANCHIGLIA,45.0680286,7.7051115,verde,recreation_ground,0,0,0,0,
Residenza universitaria CXTURIN | VANCHIGLIA,45.0680286,7.7051115,verde,nature_reserve,0,0,0,0,
Residenza universitaria CXTURIN | VANCHIGLIA,45.0680286,7.7051115,verde,lake,0,0,0,0,
Residenza universitaria CXTURIN | VANCHIGLIA,45.0680286,7.7051115,verde,reservoir,0,0,0,0,
Residenza universitaria CXTURIN | VANCHIGLIA,45.0680286,7.7051115,sport,fitness_centre,0,1,3,10,"10784287024,12327658096,2018982152,4736058200,11049505605,6851326135,3349809096,3343770523,11534701686,13011248973"
Residenza universitaria CXTURIN | VANCHIGLIA,45.0680286,7.7051115,sport,sports_centre,0,0,6,14,"286976821,9792328371,630344434,458039656,288893797,458039655,3352111838,82199277,3355734546,3355731107,11991054569,141412774,82172945,129839751"
Residenza universitaria CXTURIN | VANCHIGLIA,45.0680286,7.7051115,sport,stadium,0,0,0,0,
Residenza universitaria CXTURIN | VANCHIGLIA,45.0680286,7.7051115,sport,swimming_pool,0,0,1,27,"1433218607,899626040,1435026110,1323785257,1412323464,1411982775,320710589,1270460659,1410961460,1410961449,1410961426,1410961419,1066094576,769051961,1066094575,1066094579,769051964,1203425654,824094670,824094719,824094718,824109468,824094675,824109488,824109507,824109567,1312880655"
Residenza universitaria CXTURIN | VANCHIGLIA,45.0680286,7.7051115,sport,water_park,0,0,0,0,
Residenza universitaria CXTURIN | VANCHIGLIA,45.0680286,7.7051115,sport,pitch,0,0,13,56,"1089685037,1005248573,1005248575,1005248574,1410961405,1410961406,5410221475,117526387,1347180844,1190222149,117526384,1190222452,1190222148,117526386,1347180845,117526378,1347180843,245045843,1062624219,358681038,358681041,358681042,358681037,119456036,256368311,1418747925,769051962,83076335,1203425650,1203425651,1203425652,1203425653,824109411,824109514,10994156063,10994273932,179477508,259895250,1157616171,253360458,286108004,976266496,976266497,1212265100,960202951,1301826319,277783481,277782063,390604266,390603922,1307045179,390603923,390602981,976266495,390602979,390602980"
Residenza universitaria CXTURIN | VANCHIGLIA,45.0680286,7.7051115,sport,tennis_court,0,0,0,0,
Residenza universitaria CXTURIN | VANCHIGLIA,45.0680286,7.7051115,sport,golf_course,0,0,0,0,
Residenza universitaria CXTURIN | VANCHIGLIA,45.0680286,7.7051115,sport,ice_rink,0,0,0,0,
Residenza universitaria CXTURIN | VANCHIGLIA,45.0680286,7.7051115,sport,bowling_alley,0,0,0,0,
Residenza universitaria CXTURIN | VANCHIGLIA,45.0680286,7.7051115,sport,climbing_wall,0,0,0,0,
Residenza universitaria CXTURIN | VANCHIGLIA,45.0680286,7.7051115,sport,gym,0,0,0,0,
Residenza universitaria CXTURIN | VANCHIGLIA,45.0680286,7.7051115,commerciale,shop,0,0,0,0,
Residenza universitaria CXTURIN | VANCHIGLIA,45.0680286,7.7051115,educazione,school,0,6,19,35,"298804713,1075307126,117493773,1304814076,1168299038,10765663105,450287805,1091923526,3343680527,42864476,1168299037,108601368,7796907023,1176873243,82256497,3343687306,3343687307,616984801,8259759258,412663770,83076321,1081110260,6549455408,322254779,322254780,322254777,286107710,3343605435,3343615248,616994936,3343636574,769035071,363472757,82188080,451040739"
Residenza universitaria CXTURIN | VANCHIGLIA,45.0680286,7.7051115,educazione,kindergarten,1,1,5,10,"219014163,7807308276,12768280010,412663769,1603601080,2018099976,453757173,12233633201,253360467,280325197"
Residenza universitaria CXTURIN | VANCHIGLIA,45.0680286,7.7051115,educazione,university,0,0,5,19,"192604816,2577028412,2577029282,2018055299,2018055301,9739802942,2503902059,3363964793,6851326132,4086214801,2018087957,1218747279,6851439272,651771955,4735868696,10237789518,453757181,3349733649,450278224"
Residenza universitaria CXTURIN | VANCHIGLIA,45.0680286,7.7051115,educazione,college,0,0,0,2,"318997570,12248046055"
Residenza universitaria CXTURIN | VANCHIGLIA,45.0680286,7.7051115,educazione,music_school,0,0,0,2,"28109102,3343797841"
Residenza universitaria CXTURIN | VANCHIGLIA,45.0680286,7.7051115,educazione,driving_school,0,0,3,4,"12089511784,316203024,12077001867,9762124287"
Residenza universitaria CXTURIN | VANCHIGLIA,45.0680286,7.7051115,educazione,research_institute,0,0,0,1,528717396
Residenza universitaria CXTURIN | VANCHIGLIA,45.0680286,7.7051115,educazione,vocational_school,0,0,0,0,
Residenza universitaria CXTURIN | VANCHIGLIA,45.0680286,7.7051115,educazione,library,0,3,6,8,"11806550856,4936115896,9693041809,3352114524,909179631,117351946,4849156539,3345600834"
Residenza universitaria CXTURIN | VANCHIGLIA,45.0680286,7.7051115,educazione,archive,0,0,0,0,
Residenza universitaria CXTURIN | VANCHIGLIA,45.0680286,7.7051115,educazione,museum,0,1,3,21,"6433935512,9585924917,5171950042,246516587,246643344,6432836094,2177769729,1333701144,6435420518,6431480861,2026479833,318938052,2026479832,246443715,248771289,6433944342,11217521918,246516619,761582364,4067344493,3349838584"
Residenza universitaria CXTURIN | VANCHIGLIA,45.0680286,7.7051115,educazione,community_centre,0,1,3,4,"3363460993,3352189835,12766851574,104339324"
Residenza universitaria Duca,45.058893,7.6598467,sanità,healthcare,0,0,0,0,
Residenza universitaria Duca,45.058893,7.6598467,sanità,pharmacy,3,4,17,75,"2536257617,7379956054,10090308303,4620303530,1470609151,2019649541,4734592596,3348691737,4734591980,4734595751,7310501808,4553612464,4735016415,3147953801,1670302089,2135139106,4734594417,4734593954,7385328770,7380128899,7380131545,4289452247,7373154101,1198867317,4735667414,4735021763,4735023412,12814474916,7310501806,7310088536,6029326322,4735669404,4735721872,12800044441,2036336905,2036356385,4735719316,4412226590,9140119438,4735717950,7384890987,7376141996,7380072654,3348688592,3342794654,7373154102,4734768651,3342781917,3342780201,7312067712,3344768366,3344782869,1475077657,4736115522,7312267251,4735804570,11782400574,2036360279,3893151255,4735829063,2018737316,4735717430,2018187040,619193786,4735828988,3224067528,5255625937,2593187678,2048347744,2018203641,5628622146,1333701639,2018982162,7310122343,4736110877"
Residenza universitaria Duca,45.058893,7.6598467,sanità,dentist,0,0,4,14,"13306002941,7261094839,13288761320,9568693092,10698834221,8569291136,12886910727,10737466798,2016414024,1448147009,8463109068,2406157072,11296229554,4195848889"
Residenza universitaria Duca,45.058893,7.6598467,sanità,veterinary,0,1,3,10,"4734597325,6948201811,7023650031,8518082749,11283174640,6942723111,12951974696,11290467038,13170595046,4735830189"
Residenza universitaria Duca,45.058893,7.6598467,sanità,optician,0,0,0,0,
Residenza universitaria Duca,45.058893,7.6598467,sanità,medical_supply,0,0,1,4,"13138464036,11283227093,11064390829,12951935240"
Residenza universitaria Duca,45.058893,7.6598467,sanità,defibrillator,2,5,7,24,"12599100593,13271881701,13308607340,9376999100,10243877109,7227510560,12237513601,12829755501,11071576234,9552060491,9137861147,7232177660,9515896704,7234888685,12886227002,432803701,12484268753,5121847084,7934552531,13239427956,4374929675,13015096966,11273669529,5113659443"
Residenza universitaria Duca,45.058893,7.6598467,sanità,hospital,0,0,2,5,"862795993,3538149956,26294487,294267544,190728046"
Residenza universitaria Duca,45.058893,7.6598467,sanità,clinic,2,2,10,23,"654215083,12855312376,1196177763,395057467,12816667601,12816667602,12816909558,12816909553,12814452400,12816909554,12814474932,12814452396,4086304459,6664922333,822529092,4735668281,11290349432,10567218284,10567228303,3893264712,385995302,10698816652,2284074743"
Residenza universitaria Duca,45.058893,7.6598467,sanità,doctors,0,0,0,0,
Residenza universitaria Duca,45.058893,7.6598467,mobilità,station,0,0,0,11,"893193542,1621697594,543360161,254594416,332648606,2081499942,11592793752,432803698,1622042729,3395226356,254594415"
Residenza universitaria Duca,45.058893,7.6598467,mobilità,subway_entrance,0,0,0,48,"1213993997,1213994125,1213994014,3253332073,3431326297,3431314079,3431314078,10235736538,3431314077,3431314076,3431314075,10235736525,957923325,442641053,442641055,1367855910,1839686581,1367855907,1367855911,1367855914,957923361,957923319,957923307,957923318,3431314080,2299299617,2299299618,3283630305,1367855920,1026285948,1026285957,1026285955,1026285950,1367855922,3253332072,1622042886,3283904468,1622042919,3431326298,5020207823,5020207824,1262284319,10260242427,10260242426,1262284354,2014746582,1262284353,10260242428"
Residenza universitaria Duca,45.058893,7.6598467,mobilità,tram_stop,6,12,38,113,"1234675699,1234675847,11009337364,1234675743,1234675824,1234675790,945383213,945383294,945383236,945383225,941491790,941491681,941491813,941491908,945383170,945383228,945383209,945383242,11009337366,1234675767,1234675754,1199240450,1230710275,1270651295,1262202670,1230710077,1230710325,1230709627,1230709993,1231011146,945383335,945383168,1230709942,1230709908,1231011227,941491761,941491518,941491902,941491727,1168929313,1167320836,1168929291,941491699,1167320919,941491496,1230709954,1230710110,1230709892,941491640,941491856,938733459,938733498,945268814,945268800,1185414536,1168929618,945268789,945268816,1167321000,1168270429,945268799,1199240661,1229263858,1167320990,1167320859,1167321088,1167321041,1167320969,1167320960,1185414562,1168270672,1231011192,1230709701,1229827369,1229580312,1229827462,1229580298,1229580302,1229827262,1185414492,945268801,945268822,945268805,943330838,11294052063,945268802,1624209638,950433574,951424216,1230710018,4997702728,1229827204,1231011119,1229827337,1231011175,1229580323,941491483,941491672,941491612,1168270471,1168270534,941491716,941491868,1185414486,1229580315,1229827224,1168270660,1185414504,1167320937,12101484067,1168929427,12100765982,1624209625"
Residenza universitaria Duca,45.058893,7.6598467,mobilità,bus_stop,7,23,105,411,"1262209185,1262211304,1262195057,1262207695,937591308,937591430,1262208411,1262192798,1262189772,1262206803,1262190812,1262182452,1262194936,1262199328,1262204920,1185441578,1262208869,1262211602,1262199144,1262195704,1262185164,1262210241,1262197150,1262210434,1262199934,1262199271,1262190748,1262200682,1262208770,1262186464,1262191474,1262203346,1262204437,1262208811,1262202241,1262204527,11211252316,1262185590,1262199222,1262190163,1262185865,1668063927,1262195515,1262193449,1262203196,11009337365,1262207225,11211252314,1262195960,11211252315,1262208328,1262184011,441698016,441698012,1262185459,937591581,1262207453,937591513,1262210240,1199003172,1199003187,1262209969,1262194763,1262195528,1262182441,1262201548,1262194534,1185441565,1262208618,1185441540,1185441579,937591574,1213368937,1262204355,1185441569,1262183019,937591597,1262201258,937605183,937605179,1198909279,1198909287,937605170,937605201,937605172,10200584299,1185414537,10200408844,1262206025,1185414591,1262212245,1262212777,1262192470,1262208298,1262197981,1262194443,1185441549,1262197105,1185441551,1262186201,1262199241,1185441575,10200584300,10200408843,1262205104,11211252313,1262195832,1262208385,1262209301,1262194948,1262198072,1262211472,1262197194,1230710356,1230710401,1262209161,1262194483,1213368919,1198867501,1198867296,1185441587,3979495903,10200408842,1262208027,1185441561,1230710173,1230709749,1262204124,1185441537,1231011169,1262194463,1212944734,1212944745,1262206303,1262208993,1262196617,1262205652,1262198085,1262188120,1262192773,1262202694,1262199993,1262198818,1262207113,1262182479,1262189238,1213368963,1185809746,1185809738,1262208641,1185809741,1262208307,1185414473,1185809759,1262194959,1262188782,1185809737,1262199883,1262204464,1262187238,1262197176,1262189057,1262207017,1185809754,1185809736,1399644213,1131464110,1399644528,1262212319,937605193,937605195,937605181,937605194,937605189,1262198275,1198867720,1262200618,1262210403,1198867646,1198867624,1262199732,1198867456,1167320783,1262207954,1262187635,1262208539,1262200757,1262204432,1262205523,1262195376,1262203331,1262207470,1262195744,1185414571,1231011126,1168929258,1198867528,1199003141,1168929465,1185815850,1262195065,1262182588,937605174,937605197,1168270670,1199240778,937605169,1168929641,937605192,1168929327,937605175,1262195535,937605200,1229263756,1262201038,1262206788,1198867355,1262188427,13357227255,1198867590,1198867343,1198867678,1168929435,1198867713,1168929622,937605184,1185414408,1525407946,1262208796,937605187,1262193964,1262202938,1262210261,1262196361,1262193644,1262211503,937605188,1168270573,1262208983,1262208218,1262207930,1262195899,1262192507,1262182653,1262198137,1262203653,1262203564,1262212324,1262195144,1262182776,1262199205,1262208958,1262199591,1262193765,1262203257,1262194988,1262188706,1262202792,1262194321,1262197282,1262212832,1262211335,1262196012,1262192555,1262209422,1262187575,1313599114,1313599098,1313599087,1313599111,1262201435,1313599104,1229580307,1229827398,12823257925,1262196595,1262210281,1262196239,1229827470,1229580327,1262198584,1262212991,1229580319,1262199709,1229827300,1262198618,1524833855,10938458344,4806485504,1569038269,12074187316,1262209419,1262197341,1524833877,4665090550,4665090551,1262209460,1262195174,1262203792,1262204189,1262203134,1262208172,1185414556,1185414572,1199240547,1569038260,1262208085,8494249908,1262196253,1199240667,1262201459,10938458345,1262197535,1262194358,8496496625,1262202182,4248370551,4245731174,4443910584,1262182722,1262198202,1262203078,1199240749,1262193035,943330835,937954831,1254531567,1262206062,2299299616,937605198,937605176,1262203237,937605196,937605190,1199240598,943330808,1262209067,1816820005,1262203692,1262190108,1262203588,1262190098,1262192681,1262212994,1262182560,1262187879,1262203150,1262212811,1262183335,1262204440,5594891025,1262199964,1262199168,1262182219,1399644425,1262198176,1262197433,1262192786,1262197275,1262200205,1262207921,1262210546,1262182382,1262192501,1262201910,1262192626,1229580308,1168929344,1262197041,1262207547,1198867604,8289837996,1262195219,8289837997,1262185354,1262181975,1262197387,1168270553,1168929565,1168270407,10200408841,4575722855,10066805517,1185414522,1262199608,1491228855,1262202711,1262199542,1262186722,1229827663,1262208483,1168270559,1185414520,12876021885,1262211444,1168929371,1262200499,1262196215,1262201567,1262196300,1262198051,1262197657,1525407917,1262206483,1262203392,3229868385,3262101385,1168929432,937605171,937954712,1262212512"
Residenza universitaria Duca,45.058893,7.6598467,mobilità,charging_station,0,2,5,46,"11933501180,10200314273,10704779934,4691906384,5787665000,4691906382,7412497420,9568693093,10686606848,4691906381,8273687163,12206458665,9331784402,5545629913,10862580324,11107468089,13340070604,9088671239,4671233528,9088671240,13075187843,5545493679,12801752468,13074606106,9056770766,8496473717,8496473719,8496473718,13254288285,9884949609,9884949607,9884949611,9884949608,9884949610,3906238205,11694139826,13254333741,12881604940,10132403023,10132403019,10132403022,10132403020,10132403021,12385342507,3906239156,5545493680"
Residenza universitaria Duca,45.058893,7.6598467,mobilità,car_sharing,0,0,0,1,4749176847
Residenza universitaria Duca,45.058893,7.6598467,mobilità,taxi,0,1,3,14,"7211219153,1720500302,1470612633,450595752,4289455496,2016414163,2902424081,2902424080,1545661422,3241731973,8316678430,2019632236,604332918,5020220491"
Residenza universitaria Duca,45.058893,7.6598467,mobilità,parking,0,6,37,131,"434344155,1388871429,102643101,847969006,847969007,104230904,847959016,802596631,243354152,243354153,166581389,82290354,1125287584,290436848,290436857,290436845,133144552,1192476391,848622593,131713580,11503903538,184476157,1150750603,1154039642,1208808264,1318046507,12026842569,166457327,4247924022,54740253,4247924125,560321339,646904179,166583965,166596459,241336708,1128003509,166585310,3319891484,131477884,166652711,166652710,791410567,792699652,841495751,841502849,140260606,83808962,106366574,376495005,154500752,839476414,839476413,1218048192,752839776,270802496,839634184,7077733654,693367780,693367779,1032863499,300189916,287520875,1027356692,330956379,330956378,313088902,313088903,166630018,291492675,50259560,1126042539,1126043797,1126047090,1190970428,1340364497,925276467,108470282,942603632,942603631,736824357,706164324,730684398,1300583616,1419477429,736824358,1076957801,730771775,166652712,83042948,1383582583,1381841252,1381841251,5693045436,12809872841,1381841253,1125419383,448718773,448969330,448434080,132528231,222172799,6411440333,635372762,635372763,320706078,320706077,166616053,166611428,914641495,914641496,914641487,914641506,1409158807,7195363113,282924801,191173232,1455462286,4488383689,248772281,248160665,13260980844,2019632224,275161406,2284374403,5997771287,5997780786,320706080,5997812985,635372765,320706079"
Residenza universitaria Duca,45.058893,7.6598467,mobilità,car_rental,0,0,0,8,"659970718,1819918149,1170039574,1170039581,13363265154,6113511883,11104716244,5628622134"
Residenza universitaria Duca,45.058893,7.6598467,mobilità,bicycle_parking,12,28,69,308,"2699774349,2699774351,10846725764,10848373825,10873504985,10873504986,12604248402,6284273900,2699765012,2699765013,2699765014,2699765015,10852570102,10750674542,10852570103,10750674543,10873504976,10873504975,10852593727,2699763619,10852593712,10850759990,10850759982,10850759991,10848408078,10750671202,10994635793,10852593713,2699763620,2699760641,10852593711,7076001860,2699836884,2699836885,2699836886,2699836887,2699836888,2699836889,12233636601,11766605054,2699836883,638741739,2524446376,638741442,7685876482,10873504948,7685967899,2699774350,2699774352,11274729869,1780322685,7076063185,1780322731,11274729769,2699759047,2699759049,2699759048,10852570101,3799076904,7635131587,6104249055,7063812962,10873504950,10873504949,2699760635,2699760634,10873504974,7918354187,10853204514,2699759050,2699760640,2699760639,2699762076,2699762075,7785624492,9565968757,2699759052,2699759053,2699759051,2699760636,2699760637,2699759056,2699759058,2699759057,2699757974,443101911,7815134909,7815134911,7815134910,7815134913,7815134912,12394522606,12394489858,10873504973,6912162938,7815134903,10113463334,10113463333,10113463332,10113463331,9580694089,10113463330,10113463329,10113463335,2016369763,2017759603,11673291208,11673243325,7076063186,7076063187,7076063189,7076063188,5347703556,12153279090,7076001878,7076063193,7076063194,7076063195,7076063192,2699759055,2699759054,11913808736,7054259454,9771620395,10011778505,7076063191,6954549387,6954549388,1783770824,10873504971,1783770825,10802789582,2699757972,2699757973,2699757978,2699757975,9536387625,706004735,9536764388,9515661833,2699754605,2699763621,2699762080,7076001859,7076001858,2699762077,12951928674,10901383359,2699745133,2699762079,7807429771,10771806119,2699762078,2699762081,13231686483,7076063225,2699745128,7076063226,7076063227,7076063223,7076063224,7076063222,7076063221,7076063220,7076063219,7076063218,7076063217,7076063216,7076063232,7076063233,7076063229,7076063237,7076063228,7076063235,7076063236,2699745134,7076063215,2699745131,7076063214,2699745130,5628622143,2699745129,5628622144,2632353490,10873504970,5628622145,7025739876,10873504969,2699745132,2699745136,2699745135,7076063244,7076063250,7076063251,2699745137,7076063243,7076063242,12165781958,7076063247,7076063246,7076063230,7076063239,7076063238,7076063240,7076063241,7076063234,7076063231,12889486162,13231692502,12889485978,12889485179,12889481110,12889467141,12165781957,7076063264,7076063257,7076063253,7076063252,7076063255,7076063249,7188790470,7076063260,7076063258,7076063248,7076063256,7076063262,7076063245,7076063263,7076063265,7076063254,7076063259,7076063261,10159318064,2699757982,2699757981,2699757980,2699757979,2699757983,2699757984,2699757985,2699757986,2699757987,2699757989,2699752845,2699752839,2699757988,10959344809,2699753945,2699754607,2699754613,2699754610,2699754609,13142999531,13143056907,10741520276,10741540187,2699752835,13142731612,2699752836,2699752843,2699752848,2699752837,2699752846,7076063190,12168185377,8496468307,8496468304,8496468306,8496468305,5226211759,7076001868,12365551375,7076001867,7076001864,7076001863,7076001865,13283160701,13283086792,9321076956,4063688590,7076001861,7076001862,2282486102,5113659453,7076001866,11983497399,11983479625,2017190763,2018982169,13324660699,7076063201,10884404308,6149852920,2699753943,2699753944,2699753946,2699753947,2699753951,2699753950,2699753949,2699753948,5117627158,5113659515,10779500105,5968582882,5968581908,2699752833,2699752831"
Residenza universitaria Duca,45.058893,7.6598467,mobilità,bicycle_rental,0,0,0,3,"5169986448,12068398565,12068398566"
Residenza universitaria Duca,45.058893,7.6598467,mobilità,primary,0,0,0,0,
Residenza universitaria Duca,45.058893,7.6598467,mobilità,secondary,0,0,0,0,
Residenza universitaria Duca,45.058893,7.6598467,verde,park,0,1,8,41,"466175067,466175069,466175070,466175068,1126392199,104240184,104230582,104240183,243356957,759194439,646904183,1254357945,82290353,579229093,646904177,799333352,646904181,149395093,166596454,792699653,171271678,104147826,166986552,83808971,848000866,106251930,44503795,88206888,149395470,39789990,589863206,1164953300,605805917,731935819,41752855,41752854,82202795,23088806,433500383,130457686,698756805"
Residenza universitaria Duca,45.058893,7.6598467,verde,garden,0,1,4,30,"106333266,799305148,759206589,759206590,106331386,1135279260,140266730,107167208,436247597,436245116,436245118,436245117,23089011,589878717,436247596,28193052,1433432894,111596409,29176172,130448587,130448589,130448590,130448588,108470281,404714970,23089014,664912057,191051285,561608551,23054276"
Residenza universitaria Duca,45.058893,7.6598467,verde,grass,10,46,125,311,"288835317,1126392509,1126392512,1126472583,1126392510,1126392511,1131164754,1131164753,104240182,666707223,759194441,1238389436,1238389437,1150137827,1238389435,1150137826,1239406381,1239406380,1238389427,1239177125,1132207955,1132207950,1132207951,1132207954,1132207953,1132207957,288835312,288835318,561542442,561542441,1239626888,1239626887,579229113,561619126,561619122,561619130,561619125,1132492706,561619121,579229112,1132492002,579229108,561619129,1132492003,579229110,579229099,579229097,579229106,579229101,1132209306,862454070,1132207952,1128002965,1128002964,1132207956,1128002962,1128002963,1311364296,154500720,687010710,687010712,891907991,687010711,154500733,1126792071,131477879,166596453,131477878,757727656,131477880,757727655,646909062,687010714,687010713,687010715,687010716,154500739,154500731,154500729,1066997745,234298691,154500724,316299344,154500737,154500736,315954828,234298714,234298715,234298692,234298708,234298712,234298709,234298702,234298698,234298695,234298694,234298699,234298703,234298687,234298690,234298711,234298688,234298710,234298707,234298706,234298700,234298713,234298697,234298696,234298689,234298693,234298705,234298701,234298704,315954833,181232343,181232355,181232342,181232349,181232340,181232352,286653246,181232353,181232350,181232347,181232345,181232348,181232341,286653247,181232346,286767165,314388661,286767159,286767161,181232351,286653245,286653244,286653242,242409910,286653241,286646606,286647293,286653240,286653237,286646604,286646594,286645617,286653239,286646607,286647294,286646605,286647291,732177417,286646595,1236922853,286646601,732177420,732177418,286646602,732177419,286646603,286647290,286646597,485912130,485912131,485912126,485912128,485912129,579229154,485912127,579229089,1126040506,1126042440,730665854,690822581,690822578,690822577,690822582,690824765,690824749,690824748,866606424,922479075,922479076,730682845,730682868,730682867,730682869,589878721,730682864,730682866,945490938,730682863,730682844,589878716,945490937,943784964,943784963,943782516,943782515,730682843,589878718,730682865,730682842,730682862,589878720,589878719,589878715,1034782636,730684397,736826338,706164330,730771776,166653765,690808828,690808830,690808831,333831817,242409911,544187117,286636546,242409909,286656050,286636547,286636548,286664226,286636549,732157565,286664225,318948807,326073532,326073533,319649516,731899351,731899352,1173967163,731899358,1173907484,1173907485,731899359,1173907483,1173898347,731899360,732096036,732096037,732096038,732096048,731939743,731935824,731935825,731939740,731939738,731939741,221891468,731939739,731939742,732125145,732125146,732177422,732125147,178997269,732125144,178997273,732125148,732125140,178997270,684348512,732125143,732125142,732125141,732125149,732125150,732125151,732125152,37738037,732157570,286656044,732125138,732157568,732157569,732157567,286656041,732125139,342742135,347254651,342742126,347254668,347254652,347254660,462066644,684095662,130448586,684095663,130448583,463612383,463612382,914641482,401668588,561611213,561611216,561611209,561611219,561611214,561611211,561611221,561611218,1455462300,1455462921,1455462291,1455462301,1362575098"
Residenza universitaria Duca,45.058893,7.6598467,verde,wood,0,0,0,0,
Residenza universitaria Duca,45.058893,7.6598467,verde,forest,0,0,0,0,
Residenza universitaria Duca,45.058893,7.6598467,verde,meadow,0,0,0,0,
Residenza universitaria Duca,45.058893,7.6598467,verde,scrub,0,0,0,1,360131117
Residenza universitaria Duca,45.058893,7.6598467,verde,allotments,0,0,0,1,328621268
Residenza universitaria Duca,45.058893,7.6598467,verde,playground,0,2,14,47,"2506967014,10696669360,833668347,833668346,1135247414,171271131,557627561,2113377131,1238389440,467446544,50258285,77722952,111815995,579229091,50174964,7685973296,1114952714,10187943589,140235237,1135279252,165022279,306160704,556681453,906203825,306160702,448162839,1217815310,910933663,1445632679,660162335,660162333,942887046,942888157,105377046,83093080,4968614878,83051429,83051428,448718771,1173081441,448434079,1149617853,1149617852,499890620,1438254805,130457685,1780526494"
Residenza universitaria Duca,45.058893,7.6598467,verde,recreation_ground,0,0,0,0,
Residenza universitaria Duca,45.058893,7.6598467,verde,nature_reserve,0,0,0,0,
Residenza universitaria Duca,45.058893,7.6598467,verde,lake,0,0,0,0,
Residenza universitaria Duca,45.058893,7.6598467,verde,reservoir,0,0,0,0,
Residenza universitaria Duca,45.058893,7.6598467,sport,fitness_centre,0,1,6,13,"12980028801,7272896085,11274687270,8518130285,5846394818,9568693090,11841788895,10736644789,12886908643,9463603381,12327658096,2018982152,12547891555"
Residenza universitaria Duca,45.058893,7.6598467,sport,sports_centre,0,1,1,7,"646909064,751826434,646909066,3799075121,188466381,289416784,3332362719"
Residenza universitaria Duca,45.058893,7.6598467,sport,stadium,0,0,0,0,
Residenza universitaria Duca,45.058893,7.6598467,sport,swimming_pool,0,0,0,4,"191056430,1118749030,1118749029,1118749028"
Residenza universitaria Duca,45.058893,7.6598467,sport,water_park,0,0,0,0,
Residenza universitaria Duca,45.058893,7.6598467,sport,pitch,0,3,15,102,"305071206,1126470600,1124007367,191495971,191495973,191495969,833668344,833668348,1114952586,122455822,166582169,166582150,166583970,229256419,229256420,229256683,229256235,83386642,839152651,839152652,846003832,848616352,848616351,425484921,1311366022,304926006,304926005,304926004,304926003,252850307,425484914,1311364291,1311364292,111815987,241336707,1385612307,689326916,1311364294,425484913,425484919,425484916,425484909,241263809,1311364295,1311364293,241263815,425484924,1132205221,7685973295,1062615795,1135281752,7685967898,823258433,166582149,166582159,166583971,860988474,151216651,10582643941,1135279253,166582161,1123200344,8415343321,1058456079,1058456078,906203826,556681458,556681459,7007648418,7007648417,436248508,448850336,1445632678,1058453911,839634186,839634187,253538106,1065476429,186413455,1221399783,846003831,186413454,1303852812,1173898344,1173235467,731935820,731935821,41752773,731935823,220614907,220614908,289416782,289416786,289416797,289416790,10694640239,10694640238,10694640237,324738752,1014573092,362273176,578921511"
Residenza universitaria Duca,45.058893,7.6598467,sport,tennis_court,0,0,0,0,
Residenza universitaria Duca,45.058893,7.6598467,sport,golf_course,0,0,0,0,
Residenza universitaria Duca,45.058893,7.6598467,sport,ice_rink,0,0,0,0,
Residenza universitaria Duca,45.058893,7.6598467,sport,bowling_alley,0,0,0,0,
Residenza universitaria Duca,45.058893,7.6598467,sport,climbing_wall,0,0,0,0,
Residenza universitaria Duca,45.058893,7.6598467,sport,gym,0,0,0,0,
Residenza universitaria Duca,45.058893,7.6598467,commerciale,shop,0,0,0,0,
Residenza universitaria Duca,45.058893,7.6598467,educazione,school,1,4,12,39,"858864692,859215053,367967850,367967851,243356083,1123417944,1123417943,1123417945,376495012,799304797,131584960,744546260,3799075120,3799075123,282772081,837385370,690824769,242435627,7501518183,7501518184,367981582,1065476430,315598789,388411291,137280029,443199497,443199498,4736111631,340249805,334684164,426293828,4735804563,6189845887,190499456,190499455,243074534,250151807,2284034343,2284034348"
Residenza universitaria Duca,45.058893,7.6598467,educazione,kindergarten,1,1,3,9,"466886543,3798287445,3799075125,3474642596,253301347,314888176,131644847,1328540432,2284034346"
Residenza universitaria Duca,45.058893,7.6598467,educazione,university,0,1,1,7,"12694977921,1063867657,8903777986,1107125327,1107125328,1107125331,988062105"
Residenza universitaria Duca,45.058893,7.6598467,educazione,college,0,0,0,1,131654729
Residenza universitaria Duca,45.058893,7.6598467,educazione,music_school,0,0,0,1,28109102
Residenza universitaria Duca,45.058893,7.6598467,educazione,driving_school,1,1,3,8,"4734602699,7077970133,8569299026,12886844895,12951948641,10879184439,11841904325,3473130432"
Residenza universitaria Duca,45.058893,7.6598467,educazione,research_institute,0,0,0,2,"190482116,6241694510"
Residenza universitaria Duca,45.058893,7.6598467,educazione,vocational_school,0,0,0,0,
Residenza universitaria Duca,45.058893,7.6598467,educazione,library,0,0,0,4,"4735799707,11926381625,10229510808,4209315503"
Residenza universitaria Duca,45.058893,7.6598467,educazione,archive,0,0,0,0,
Residenza universitaria Duca,45.058893,7.6598467,educazione,museum,0,0,1,10,"182886373,12072302022,123180294,397514864,435784636,4572133130,5482049568,4219719436,2981060587,12393405666"
Residenza universitaria Duca,45.058893,7.6598467,educazione,community_centre,0,1,2,4,"12616853914,12585045537,194336591,12548906803"
Residenza universitaria Giulia di Barolo,45.0672689,7.695198,sanità,healthcare,0,0,0,0,
Residenza universitaria Giulia di Barolo,45.0672689,7.695198,sanità,pharmacy,2,7,23,71,"4412226590,7384890987,7376141996,7312267251,3893151255,2018737316,4735056034,4735058545,4735717430,2018187040,619193786,4735828988,3224067528,5255625937,2593187678,2048347744,2018203641,5628622146,1333701639,2018982162,2019517474,7310122343,4736110877,5113659491,2019532938,6827178588,5110808474,4736057638,2048276171,7376114116,12691580935,4736055182,5206578925,7376141997,4736058640,4736054350,7312494521,4736054639,4736054574,12018327204,7309967811,7376141998,4735870073,306557185,4735867352,306556997,754189651,4735090163,7310076313,5117627162,7373154098,4736077953,2068598491,3340684507,7372987831,7373154099,2018175898,7379060407,3416861086,4733628841,3340678134,309669048,3340681064,9405942960,4733528397,4733528549,8059810892,1547962818,4733554860,4733551102,4733498126"
Residenza universitaria Giulia di Barolo,45.0672689,7.695198,sanità,dentist,0,2,4,8,"2406157072,11296229554,4195848889,5941324678,3373033912,9301525972,6564881971,12076633860"
Residenza universitaria Giulia di Barolo,45.0672689,7.695198,sanità,veterinary,0,0,2,4,"4736055191,2018192326,11167653306,9559223780"
Residenza universitaria Giulia di Barolo,45.0672689,7.695198,sanità,optician,0,0,0,0,
Residenza universitaria Giulia di Barolo,45.0672689,7.695198,sanità,medical_supply,0,0,2,2,"12294762542,11688321776"
Residenza universitaria Giulia di Barolo,45.0672689,7.695198,sanità,defibrillator,2,7,12,25,"9515896704,5121847084,13239427956,8356951251,8210481138,6705560885,11273669529,5113659443,6851497986,12095446701,6851187750,6853723885,8334794474,6851437489,6853946708,6853946004,6851357885,10942463291,8259759257,3722895975,8025708191,10004554628,6877134124,9612498223,7139691092"
Residenza universitaria Giulia di Barolo,45.0672689,7.695198,sanità,hospital,0,1,4,7,"190728046,191194250,316203053,3342035128,1193255695,777989578,1196177764"
Residenza universitaria Giulia di Barolo,45.0672689,7.695198,sanità,clinic,0,0,1,7,"10567218284,10567228303,3893264712,10698816652,2284074743,4086502595,3290263940"
Residenza universitaria Giulia di Barolo,45.0672689,7.695198,sanità,doctors,0,0,0,0,
Residenza universitaria Giulia di Barolo,45.0672689,7.695198,mobilità,station,0,0,0,4,"254594416,1622042729,3395226356,254594415"
Residenza universitaria Giulia di Barolo,45.0672689,7.695198,mobilità,subway_entrance,0,0,0,18,"10235736538,3431314077,3431314076,3431314075,10235736525,1622042886,3283904468,1622042919,3431326298,5020207823,5020207824,1262284319,10260242427,10260242426,1262284354,2014746582,1262284353,10260242428"
Residenza universitaria Giulia di Barolo,45.0672689,7.695198,mobilità,tram_stop,8,24,58,127,"938733459,938733498,1167320969,1167320960,1185414562,1624209638,1229827204,1231011119,1229827337,1231011175,1229580323,1229827230,1229580314,1229827620,941491483,941491672,941491612,1168270471,1168270534,941491716,941491868,1185414486,1229580315,1229827224,1227966230,1168270660,1185414504,1227966231,1167320937,12101484067,1168929427,12100765982,941491637,12101484058,1624209624,1843302903,941491545,943330768,1370347434,1229263851,1370347438,1229827150,1229580304,1230710216,1230709587,1230709694,1230710154,1230710053,1230710389,1227966234,1227966232,1227966233,1229263766,1229264040,12616325336,12715581050,12978416484,12978416485,943330769,12715581035,12978416486,1168270587,1168270504,1230710263,943330816,943330822,943330819,1230709780,1231011218,943330805,11281292421,1230709737,1230709859,11281834064,1235856174,1168270599,1270651267,13326178312,13326178313,1235856079,947982002,947982146,1262194799,1235856205,947981976,947982053,1235856123,13326178314,1624209625,941491939,941491471,948016002,1167320980,1167320769,941491730,948016031,948016167,1167320925,12978416487,1229263814,1229263917,1231011198,1229264035,1229263857,11660081125,1168270491,947982084,947981932,948015923,948016134,941491929,12296376831,941491766,939124434,941491818,1230710101,947982115,1168270479,947982009,947982103,11611802562,12351499946,1235926926,1262203527,1236572719,3631871148,3631871147"
Residenza universitaria Giulia di Barolo,45.0672689,7.695198,mobilità,bus_stop,11,33,105,361,"1262203331,1262207470,1262201038,1262206788,1262188427,13357227255,1198867678,1168929435,937605184,1185414408,1525407946,1262208796,1262193964,1262202938,1262210261,1262196361,1262193644,1262211503,937605188,937605198,937605176,1262203237,937605196,937605190,943330808,1262209067,1816820005,1816820048,1262183335,1262197275,1262200205,1262207921,1262210546,1262182382,1262192501,1262201910,1262192626,1229580308,4605836659,1262204898,12876021888,1229580300,1262207853,1480474270,1262210350,1262190981,1262207187,1262197218,1262184662,1262204656,1262196134,1480474276,1262203192,1262194723,1262209179,1262196512,1262206934,1262207679,1480474287,1480474282,1480474260,1480474258,1262184419,1480474268,1480474269,1480474262,1262198132,1262197142,1480474257,1262209613,1262208977,1262182398,1262212389,1262211321,1262191031,1262198260,1262200999,1168929344,1262197041,1262207547,1198867604,8289837996,1262195219,8289837997,1262185354,1262181975,1262197387,1168270553,1168929565,1168270407,10200408841,4575722855,10066805517,1185414522,1262199608,1491228855,1262202711,1262199542,1262186722,1229580316,1229827663,1262208483,10136283371,1168270570,1168270559,1185414520,12876021885,1262211444,1168929371,1262200499,1262196215,1262201567,1262196300,1262198051,1262197657,1525407917,1262206483,1262203392,3229868385,3262101385,1168929432,1491228856,1262197246,1198867662,1262188506,1262197678,1262208401,1262209581,1262199837,1262209446,1198867402,1262207476,1262190131,1491228854,11657164483,11657164484,1229827101,1229580311,1399644118,1262197436,1262211451,1262205080,1262192792,1262199977,1262195420,1262205970,1262195822,1168270639,1185414410,1262208503,1185414465,1262194546,1262208323,5117626905,1262209930,1262198026,1185414577,6851570620,1262199075,1262182576,1262200213,1262203030,1262212401,3350111050,1262198097,1262196900,1262196798,3350079082,1262209112,1262206389,1262208051,1262196187,1262191998,1262202844,1262195567,1262212221,1262192881,1262194437,1262196834,1270905157,1262191772,1270905158,1262208954,1262199922,1262209046,1262211982,1262197197,1262199746,1262212615,1235856128,1262189828,1262204404,1262207790,1262187555,1262194051,1262209878,1262203354,1262195649,1262195757,1262194653,1262194554,1262211270,1262184239,1262199090,1262207066,1262200228,1262201419,1262204490,1262208777,1262203604,1235856183,1262195521,1262196422,1270651264,1262196590,1262204352,1235856103,1262195266,1262184741,12194813096,13208780377,1235856064,1262204271,1262205905,1262196312,1262193785,1262208882,1262197328,1262196148,1262204818,1262212974,1262204577,1262188303,1262200697,1262195966,1262186888,1262184968,1262192899,1262209055,1262192766,1262199820,1262199291,1262198153,1262196457,937605171,1262199772,937954712,1262182632,1262212512,1262199811,1262199749,1262188243,1262206716,1262207159,1262212066,1262208315,1198867441,1198867537,1262208216,1169944015,1198867556,1198867687,1198867567,1262204512,1262201395,1262194929,1262196877,1262195824,1262211446,1262208031,1262196779,1262210312,1231011141,1262190386,1262195510,1262200404,1262204567,1262212826,1262211802,1262194968,1262198250,1262202417,1262185638,1262198884,1262195633,1262212644,1262199697,1262183610,1262209326,1169944104,1169944065,1262203594,1262199227,1262182243,1262199140,1262197279,1262197344,1262205700,1262209070,1262208866,1262193851,1262204144,1262195892,1262197057,1262208091,1262207924,1262187051,1262193104,13208780379,1262208589,1231011153,1262195698,1262204769,13208780378,12876021883,3226552301,3226552300,1262201740,1262187727,3226552298,3226552302,3226552299,1262209157,1262199236,13208780374,1262202819,1262210263,1262203708,1262186164,1262186807,1262201120,1262188886,1262193412,1262209328,1262203860,1262182532,11599304627,1262184893,1262209370,1262192547,1235926929,3351615326,1262199149,1235926936,1262185187,3351625103,1236572793,1262184724,1262201445,1262194752,13208780376,1262208415,1496716014,1262196218,1262204674,8494339395,1262206187,1236572687,1236572763,1236572820,1262203743"
Residenza universitaria Giulia di Barolo,45.0672689,7.695198,mobilità,charging_station,0,4,16,48,"13074606106,13074583239,13254288285,9884949609,9884949607,9884949611,9884949608,9884949610,10676666527,11676231525,9671594609,3906238205,11694139826,13254333741,12881604940,10132403023,10132403019,10132403022,10132403020,10132403021,10024930203,12848949670,12385342507,3906239156,5545493680,5255643474,10024930198,10024930204,9903597728,3906262432,11330971755,13175098408,9903597720,9903597736,9903514912,11640502278,544516332,12849058997,9903597730,9892110268,7944759282,11243926724,11243926727,11243926726,11243926728,11243926725,9386005083,13064911110"
Residenza universitaria Giulia di Barolo,45.0672689,7.695198,mobilità,car_sharing,0,0,1,2,"4749176847,3906283850"
Residenza universitaria Giulia di Barolo,45.0672689,7.695198,mobilità,taxi,1,1,4,13,"3241731973,8316678430,2019632236,604332918,5020220491,5020220492,3241731972,3241731971,5941325188,3241731964,2902424078,2902424079,2898774433"
Residenza universitaria Giulia di Barolo,45.0672689,7.695198,mobilità,parking,0,10,32,152,"635372762,635372763,320706078,320706077,166616053,166611428,489020583,7195363113,191173232,747831924,7573315188,966980831,45819032,1432694418,1433218612,842479608,842479609,842479611,1256054371,1441572060,411031505,1255963826,1256019628,4127735019,4127734643,4127734444,1414322225,1455462286,4488383689,248772281,248160665,13260980844,2019632224,1227966229,275161406,2284374403,5997771287,5997780786,320706080,5997812985,635372765,320706079,3363420315,22953965,1218557983,1057905850,316211275,319749756,249248499,319742232,191375051,5941325249,193000008,435793218,1255999599,731592384,731605916,436314967,242957870,6851422048,733635639,358681039,124778755,1262706519,3343691149,4127735255,1383338299,4127735240,167858828,132957389,3343561833,3343599887,280507600,108460658,4127734429,4127734415,4127734464,4127734825,129075967,308881884,82199315,128932536,5997772786,5997773586,5997772787,5997773587,5997780785,96556746,5993028887,5993028888,635989603,5997762385,308834324,1122299605,5997837886,5997837887,5997806485,5997788087,5997771286,108459796,652758231,262648990,365889975,288283917,1107364662,365889357,846901935,1107364663,388422914,256336198,288891940,1215783014,256336302,1215783015,7115553619,256336239,1215783013,1215783012,1215783010,1215783011,1266554225,455120610,1266554226,1266554228,3343577420,577263229,166616614,846901934,328929579,1421696089,1158404279,1158404305,1158404302,1158404303,1158404300,1158404301,1158404304,1158454601,846003849,846003846,846003847,3343610008,1421696091,976250146,846003848,976250143,690662128,450287462,1068998742,308881882,280325195,1066637348"
Residenza universitaria Giulia di Barolo,45.0672689,7.695198,mobilità,car_rental,0,1,2,5,"6113511883,11104716244,5628622134,5941325247,5941325228"
Residenza universitaria Giulia di Barolo,45.0672689,7.695198,mobilità,bicycle_parking,12,28,88,193,"9536764388,2699754605,2699753945,2699754613,2699754610,2699754609,13142999531,13143056907,10741520276,10741540187,2699752835,13142731612,2699752836,2699752843,12423088352,12423084564,2699752837,2699752850,12962232569,11082056515,11082056516,11082056517,5226211759,7076001868,12365551375,7076001867,7076001864,7076001863,7076001865,13283071994,13283160701,13283086792,9122302517,6909804800,9330196749,5594891026,13283101982,9038187426,13283226975,11274729970,9884528466,7076063196,7076063197,7076063198,9321076956,4063688590,7076001861,7076001862,2282486102,5113659453,7076001866,11983497399,11983479625,2017190763,2018982169,7076063202,7076063203,12009896156,13324660699,7076063201,10884404308,7076063200,7076063199,12681485187,12681485188,6149852920,2699753943,2699753944,2699753946,2699753947,2699753951,2699753950,2699753949,2699753948,5117627158,5113659515,10779500105,2699753644,5968582882,5968581908,6827178603,12068659438,5941325235,2699753641,2699753643,2699753642,7076063204,7076063205,7076063206,11277111680,11277111681,7076063207,10777961006,12650442898,7076063208,7076063209,8026222938,7076063210,7076063211,7076063212,7076063213,5117627124,5941324676,5941324684,5941325233,2048050409,5941324672,11966746787,5941325227,5941325219,11966792060,5941325190,9740895475,12634535120,12634548501,12634222020,12634416056,9740895502,9740888733,10759662318,11238380039,11238380037,11238380038,13011786017,13011795861,11368531149,9224843549,11832986276,12020238320,11964721442,11832991702,11832980125,11379545987,11379561478,12812076106,12843998249,12986009917,12915235956,8269943195,2699752844,2699752833,2699752840,2699752831,10951467173,2699752842,10951467161,2699752853,10883132771,2699752854,2699752859,2699752857,2699752834,2699752832,9307377317,9307358113,13074641241,6851396187,5998289584,5998291995,9740888734,12182105961,11622870823,10823910305,10827570606,10767946305,10823892608,12208848355,10823869008,12852846568,5542175056,9903597733,13143013240,5542175064,5542175063,10994156060,10994156059,11622870824,5542175057,5534040230,5534052431,13143058309,13143034941,13143041199,5542175058,5542175059,5542175061,13143022643,10994232050,5542175062,10833478805,11717312584,3953590159,1547837615"
Residenza universitaria Giulia di Barolo,45.0672689,7.695198,mobilità,bicycle_rental,0,0,0,1,12068398566
Residenza universitaria Giulia di Barolo,45.0672689,7.695198,mobilità,primary,0,0,0,0,
Residenza universitaria Giulia di Barolo,45.0672689,7.695198,mobilità,secondary,0,0,0,0,
Residenza universitaria Giulia di Barolo,45.0672689,7.695198,verde,park,1,1,14,51,"130457686,698756805,549096612,1432694404,287696722,109742701,23026345,22897848,543676718,457323344,287707677,753231466,479486904,816783671,895647570,61732303,813407766,1075763396,813402747,369707777,83076324,479483771,815949942,128936190,319279820,22879264,22908088,256465204,256465522,369795270,22908071,12233633301,690662131,690745660,259895475,1157616170,290706661,690745503,690738904,690738908,690738906,690745039,690662573,690663659,690765813,800525989,816783192,689198379,82256514,813407219,815950604"
Residenza universitaria Giulia di Barolo,45.0672689,7.695198,verde,garden,3,8,28,155,"664912057,191051285,1431902908,1431902907,1431902906,1432497788,635651375,1432497786,303807502,1432497777,1432497771,1432497780,1432542554,1432694413,1432542546,1432694420,1432694414,1432694410,1432694408,1433218603,1432694412,1433516891,1433516897,1432694406,1433516899,1433218602,1433218608,1433218609,1433218611,635651377,1433516893,1433516896,1434558345,1434859342,1431214248,1435026062,1435026061,1433516866,1434558331,1433516869,1433516870,1434558326,1434859339,1434558323,1434558321,1434558344,1434859340,1433516867,1434859343,1434859351,1434859338,1434558312,1434558342,1434558339,1434558336,1434558316,1433516874,1434558328,1434558319,1434558314,1434558315,1433516882,1434558313,1433516875,1434859334,1434859333,1434558318,1434558317,1435026103,1435026104,1441572055,1441572048,1412323438,1441572051,1441572050,1411246328,1441572049,1441572058,1411656563,561608551,23054276,318993599,251488296,23026360,302764761,1060217784,1060217774,848959753,848959890,689197828,689197827,411053238,633972127,411053241,633972128,689196222,740007653,741636656,689196221,689196217,741636655,689196220,740007650,689196218,327419031,740007635,740007643,741636682,560991929,814961233,814960644,813403362,800531670,696993949,814962000,813408161,814962760,813403198,800530563,800525157,814965482,324477119,29184190,585434921,585434922,585434925,1067243272,761582377,761951452,761951453,761951455,761951457,761951454,761582373,761951459,761951458,761582372,761951460,761951456,741636663,725758014,846901933,1158404280,1266554235,1266554238,741636695,816782637,800525442,1066637349,690660411,28229702,800526187,960205126,800528616,800532108"
Residenza universitaria Giulia di Barolo,45.0672689,7.695198,verde,grass,1,1,87,152,"318948807,326073532,561611213,561611216,561611209,561611219,561611214,561611211,561611221,561611218,123242586,123242589,123242584,1447741497,1264205127,112698197,112698185,112698601,842026974,1435026096,1435026095,1435026078,1435026075,1433516865,1455462300,1455462921,1455462291,1455462301,337361722,1362575098,192061493,192061494,192061492,192061489,192061490,192061491,1272990787,245046146,1098853222,245045846,397809397,616677987,616677976,616677985,616677978,616677983,616677980,245045845,337361720,337361721,245045844,289014365,411053235,129209564,129209563,689196219,577440411,616984807,616984808,616984806,616984803,616984802,288798832,288798834,288798833,494676505,258298837,1173001074,1173001075,1173001079,1173001078,1173001076,1173001077,1173001084,1173001091,1173001083,288283918,1254120835,1173001072,1118869379,1173001073,1118869380,1173001095,1173001100,1173001099,1173001110,1173001101,1173001109,1173001098,1173001088,1173001107,1173001102,1173001108,1173001094,1415617395,1415617396,961875681,961875680,1250264722,1266554234,577263226,577267981,577271848,577267982,577271851,577267983,577271853,577267984,577271856,577267985,577271858,577271820,577271823,577271824,577271846,577271825,577271827,577271843,577271830,577271832,577271835,577271841,577271839,577271838,577271836,577271861,577440401,577440403,577440407,129839957,577558249,530332686,578956725,577558253,577558252,577275421,1193255688,577558261,577275422,577558254,1158454605,259895474,1196407026,28229696,1193255687,280506717,865725444,865725443,392224999,535273193,535273194,1068997695"
Residenza universitaria Giulia di Barolo,45.0672689,7.695198,verde,wood,0,0,1,15,"1433516888,1075307129,1435026069,1435026076,1431214247,1434859332,1433516863,1434859344,1434859331,1435026077,256204633,457323345,256204642,61732412,81268267"
Residenza universitaria Giulia di Barolo,45.0672689,7.695198,verde,forest,0,0,1,3,"28110850,1075063885,585434926"
Residenza universitaria Giulia di Barolo,45.0672689,7.695198,verde,meadow,0,0,0,0,
Residenza universitaria Giulia di Barolo,45.0672689,7.695198,verde,scrub,0,0,0,4,"360131117,1432694422,1441572063,1066637351"
Residenza universitaria Giulia di Barolo,45.0672689,7.695198,verde,allotments,0,0,0,2,"328621268,328623930"
Residenza universitaria Giulia di Barolo,45.0672689,7.695198,verde,playground,2,4,10,24,"130457685,561242634,1433218613,1432694403,11676688669,1780526494,191211963,1168299039,1170974105,1054786065,9215807657,10221497811,5206224432,83076336,12851950094,2505158924,552214398,1291894961,108460659,577440400,8464466018,1157616172,310660806,82256513"
Residenza universitaria Giulia di Barolo,45.0672689,7.695198,verde,recreation_ground,0,0,0,0,
Residenza universitaria Giulia di Barolo,45.0672689,7.695198,verde,nature_reserve,0,0,0,0,
Residenza universitaria Giulia di Barolo,45.0672689,7.695198,verde,lake,0,0,0,0,
Residenza universitaria Giulia di Barolo,45.0672689,7.695198,verde,reservoir,0,0,0,0,
Residenza universitaria Giulia di Barolo,45.0672689,7.695198,sport,fitness_centre,1,4,5,12,"10067097220,10784287024,12327658096,2018982152,4736058200,12547891555,11049505605,6851326135,3349809096,3343770523,11534701686,13011248973"
Residenza universitaria Giulia di Barolo,45.0672689,7.695198,sport,sports_centre,1,2,8,15,"188466381,749439074,256781255,286976821,9792328371,630344434,458039656,288893797,458039655,3352111838,82199277,3355734546,3355731107,11991054569,141412774"
Residenza universitaria Giulia di Barolo,45.0672689,7.695198,sport,stadium,0,0,0,0,
Residenza universitaria Giulia di Barolo,45.0672689,7.695198,sport,swimming_pool,0,0,1,23,"1118749030,1118749029,1118749028,749439076,856951591,1431902913,1433218610,1433218607,692335424,899626040,1435026110,1323785257,1411982775,320710589,1270460659,1410961426,1410961419,1066094576,769051961,1066094575,1066094579,769051964,1203425654"
Residenza universitaria Giulia di Barolo,45.0672689,7.695198,sport,water_park,0,0,0,0,
Residenza universitaria Giulia di Barolo,45.0672689,7.695198,sport,pitch,1,2,23,56,"1065476429,1014573092,915561405,362273176,13284561433,13284561431,923782195,923780960,915561404,13284561432,1089685037,1005248573,1005248575,1005248574,5410221475,117526387,1347180844,1190222149,117526384,1190222452,1190222148,117526386,1347180845,117526378,1347180843,245045843,1062624219,358681038,358681041,358681042,358681037,119456036,256368311,1418747925,769051962,83076335,1203425650,1203425651,1203425652,1203425653,578921511,1315551317,1315551316,319284839,256770955,10994156063,10994273932,179477508,259895250,1157616171,976266496,976266497,1212265100,960202951,277783481,976266495"
Residenza universitaria Giulia di Barolo,45.0672689,7.695198,sport,tennis_court,0,0,0,0,
Residenza universitaria Giulia di Barolo,45.0672689,7.695198,sport,golf_course,0,0,0,0,
Residenza universitaria Giulia di Barolo,45.0672689,7.695198,sport,ice_rink,0,0,0,0,
Residenza universitaria Giulia di Barolo,45.0672689,7.695198,sport,bowling_alley,0,0,0,0,
Residenza universitaria Giulia di Barolo,45.0672689,7.695198,sport,climbing_wall,0,0,0,0,
Residenza universitaria Giulia di Barolo,45.0672689,7.695198,sport,gym,0,0,0,0,
Residenza universitaria Giulia di Barolo,45.0672689,7.695198,commerciale,shop,0,0,0,0,
Residenza universitaria Giulia di Barolo,45.0672689,7.695198,educazione,school,3,9,15,43,"1065476430,4736111631,340249805,334684164,426293828,190499456,190499455,298804713,1075307126,243074534,250151807,2284034343,2284034348,117493773,1304814076,1168299038,10765663105,450287805,1091923526,3343680527,42864476,1168299037,108601368,7796907023,1176873243,82256497,3343687306,3343687307,616984801,8259759258,412663770,83076321,1081110260,182884900,453290904,322254779,322254780,322254777,286107710,3343605435,3343615248,616994936,3343636574"
Residenza universitaria Giulia di Barolo,45.0672689,7.695198,educazione,kindergarten,1,1,3,14,"314888176,1328540432,2284034346,219014163,7807308276,12768280010,412663769,1603601080,10896540919,2018099976,256387052,453757173,12233633201,7038759586"
Residenza universitaria Giulia di Barolo,45.0672689,7.695198,educazione,university,3,11,18,35,"1107125331,988062105,6944502291,6945638233,10132258250,6944516128,6944505643,6945671127,2714024340,749760378,9430411581,6339286102,4605849272,4605836657,4605847888,4605836658,192604816,2577028412,2577029282,2018055299,2018055301,9739802942,2503902059,3363964793,6851326132,4086214801,2018087957,1218747279,6851439272,651771955,4735868696,10237789518,453757181,3349733649,450278224"
Residenza universitaria Giulia di Barolo,45.0672689,7.695198,educazione,college,0,0,2,3,"780144763,318997570,12248046055"
Residenza universitaria Giulia di Barolo,45.0672689,7.695198,educazione,music_school,0,0,2,2,"28109102,3343797841"
Residenza universitaria Giulia di Barolo,45.0672689,7.695198,educazione,driving_school,2,3,4,5,"12089511784,316203024,12077001867,9762124287,3473130432"
Residenza universitaria Giulia di Barolo,45.0672689,7.695198,educazione,research_institute,0,0,0,2,"190482116,6241694510"
Residenza universitaria Giulia di Barolo,45.0672689,7.695198,educazione,vocational_school,0,0,0,0,
Residenza universitaria Giulia di Barolo,45.0672689,7.695198,educazione,library,2,4,8,12,"243093474,10229510808,4209315503,11806550856,4936115896,9693041809,3352114524,909179631,117351946,6074405709,4849156539,3345600834"
Residenza universitaria Giulia di Barolo,45.0672689,7.695198,educazione,archive,0,0,0,0,
Residenza universitaria Giulia di Barolo,45.0672689,7.695198,educazione,museum,1,5,14,32,"12072302022,4572133130,4736079916,6433974757,12393405666,6433935512,9585924917,5171950042,246516587,246643344,6432836094,2177769729,1333701144,6435420518,6431480861,2026479833,318938052,2026479832,246443715,6432887576,6432637423,11267476069,4908362221,6434268049,1628071063,248771289,6433944342,11217521918,246516619,761582364,4067344493,3349838584"
Residenza universitaria Giulia di Barolo,45.0672689,7.695198,educazione,community_centre,0,1,3,6,"194336591,12548906803,3363460993,3352189835,12766851574,104339324"
Residenza Universitaria Lingotto,45.0330358,7.6659645,sanità,healthcare,0,0,0,0,
Residenza Universitaria Lingotto,45.0330358,7.6659645,sanità,pharmacy,2,5,13,40,"3437215229,7312488481,705908248,4735017456,1856039554,2594328572,3364638869,7379862303,4735763253,630513701,2591701921,2592486407,4735023855,2592486589,3442739971,10246779442,7310631667,7536790841,4735765176,7379841664,2048316031,4735801227,6649834586,12703506925,7392300898,4735799619,4735803897,7310501808,4735016415,4735021763,4735023412,2592486643,7310501806,7310088536,4735056994,7379836453,2635518585,12798227483,4735804570,4735804530"
Residenza Universitaria Lingotto,45.0330358,7.6659645,sanità,dentist,0,0,0,4,"10698834221,8569291136,10751445003,351676886"
Residenza Universitaria Lingotto,45.0330358,7.6659645,sanità,veterinary,0,0,0,5,"8071508324,10698741095,8518082749,11283174640,12883887836"
Residenza Universitaria Lingotto,45.0330358,7.6659645,sanità,optician,0,0,0,0,
Residenza Universitaria Lingotto,45.0330358,7.6659645,sanità,medical_supply,0,0,1,7,"9209993598,11455411714,12867088801,12752031502,11283227093,11064390829,3957940798"
Residenza Universitaria Lingotto,45.0330358,7.6659645,sanità,defibrillator,0,0,0,9,"8761226017,12857873069,13271883201,13271881201,12599100593,13271881701,12829755501,11071576234,4374929675"
Residenza Universitaria Lingotto,45.0330358,7.6659645,sanità,hospital,0,0,7,8,"305681406,3538127652,305681074,3538149953,3070468685,149116211,3538149956,1196653949"
Residenza Universitaria Lingotto,45.0330358,7.6659645,sanità,clinic,0,1,1,12,"4086300425,4086281841,1266944688,10769159379,12816909558,12814474932,4735802143,10769197381,4086304459,4162728590,464291813,12168612107"
Residenza Universitaria Lingotto,45.0330358,7.6659645,sanità,doctors,0,0,0,0,
Residenza Universitaria Lingotto,45.0330358,7.6659645,mobilità,station,1,1,3,7,"6257614746,2043486370,6257614747,4076608590,1621378603,3253332071,893193542"
Residenza Universitaria Lingotto,45.0330358,7.6659645,mobilità,subway_entrance,3,3,11,21,"9602964649,9602964648,9602964647,12820944789,12820944790,9603056245,12820944779,9603056246,1213993854,1213993797,1213993844,3431330484,3431330485,3431330483,2617655139,1621378602,1621378600,1621378601,1213993997,1213994125,1213994014"
Residenza Universitaria Lingotto,45.0330358,7.6659645,mobilità,tram_stop,0,0,0,28,"940354572,1270298546,940354552,945016947,945383355,945383348,945383185,941491600,940354527,941491747,941491722,941491583,941491848,941491526,945383261,945383182,945383213,945383294,945383236,945383225,941491790,941491681,941491813,941491908,941491761,941491518,941491902,941491727"
Residenza Universitaria Lingotto,45.0330358,7.6659645,mobilità,bus_stop,3,15,46,259,"1262212768,1262192927,1262199456,1262205428,1262204044,1262197284,1262211079,1262186187,1262209172,1270298553,1262210613,1262198898,1262187514,1199003152,1262191921,1262202991,1262212352,1262201933,1262198101,1262196783,1262194212,1262198184,1262196228,1525407964,1199003132,1199003178,1262201619,1262207942,1262187359,1262199850,1262195028,1262212283,1262207489,1262208460,1262196241,12884361484,1262187837,1262199764,1262209060,1262209385,3218883637,1262184549,1262204291,1262209236,1262192670,1262194114,1262212792,1262197267,1262199599,12326047971,1262203378,1262211245,13167960282,1262199055,1262207912,1262189631,1262209314,1262197123,1262197472,1262190854,1262193799,1262195934,1262201281,1262195085,1262198974,1262196686,1262207858,1262197551,1262207898,1262197321,1262207975,1262197452,1262182301,1262196328,1262206597,1262196800,1262184274,1262207424,1262182685,1262185913,1262205470,1262187585,1262206305,6651900087,1262211716,1524485203,1262208450,1262189983,1262209376,1262199665,1262206159,1262209485,1262192270,1262196154,1262208420,1262198108,1262209051,1262182469,1262204409,1262204616,1262203170,1262209195,1262210609,1262182581,1262190229,1262187182,2291878598,2291878608,1262210106,1262189372,1262190044,1262197991,1262207497,1262194579,1399644573,9687643553,10773721720,1213993949,1262194686,1262211151,1262182414,1262192830,1262211923,1262203451,1262197333,1262205805,1262197393,1262182000,13343490798,1262209430,1262189855,1262186555,1262202902,1262211523,1262185759,1262194782,1262198369,1262209999,1262195661,1262208280,1262192621,1262198126,1262210202,3226168498,1262191964,1262204703,1262200130,1262200239,1262209564,1262199832,1262187034,1262212592,1262212443,1726428584,1262209519,1262199815,441698011,1262184011,441698016,441698012,1262185459,1199003172,1199003187,1262209969,1262197382,1262194763,1262195528,1262182441,1262203530,1262209783,1262203317,1262201548,1262194534,1262196617,1262196377,1262205652,1262198085,1262188120,1262192773,1262202694,1262199993,1262198818,1262207113,1262182479,1262189238,1213368963,1185809746,1185809738,1262208641,1262208307,1185809759,1262188782,1185809737,1262199883,1262204464,1262197176,1262207473,1262195467,1262192496,1262195984,1262196079,1262196389,1262189057,1262207017,1185809754,1185809736,1399644213,1131464110,1262211785,1262196636,1262199687,1262195035,1262208673,1262197347,1262208074,1262193274,1262196037,1262198943,1262194467,1262209394,1262210127,1262203515,1262208005,1262184768,1262199100,1262191907,1262207759,1262195389,1262197179,1262186062,1262205538,1262210265,1262200309,1262196573,1262207033,1262195041,1262182491,1262203811,1262211281,1262196222,1262194864,1262189288,1262185598,1262203692,1262190108,1262203588,1262190098,1262209814,1262208210,1262204320,1262192681,1262200032,1262190944,1262195471,1262209837,1262196128,1262195993,1262210935,1262201063"
Residenza Universitaria Lingotto,45.0330358,7.6659645,mobilità,charging_station,3,14,21,37,"10237615833,10772645940,10570702537,10570702536,8247353801,7417156389,8247393247,10202182086,10691012443,12012137945,12751913403,9826286312,9369861982,9369861983,9826286313,9826286311,9826286304,9826286310,9826286309,9826286308,9826286307,9826286305,9826286306,10023825560,11066736413,10023825565,10023825563,10023825564,10023825562,10023825561,4691906382,10686606848,4691906381,8273687163,10702596004,10023825566,11253226587"
Residenza Universitaria Lingotto,45.0330358,7.6659645,mobilità,car_sharing,0,0,0,0,
Residenza Universitaria Lingotto,45.0330358,7.6659645,mobilità,taxi,0,0,0,5,"5053158187,4897531190,10168691634,7211219153,450595752"
Residenza Universitaria Lingotto,45.0330358,7.6659645,mobilità,parking,3,7,36,160,"764219425,553283495,333542192,1120157053,253517569,861323707,334822795,324084757,1035921740,554021217,170466460,149023968,349576247,132319235,1115777654,9410396377,1120309158,1020291626,621957673,387746371,387746381,859714910,41920825,690558906,1350414714,1120309521,1130643944,332963769,332963768,106253189,446057328,1124712357,561085119,515873473,561276369,561276365,1287311504,515612630,1287311508,1287311509,588758207,1137569356,246856878,1411803203,1054362353,1054362361,454377349,289390796,289390799,453060585,193440717,193440705,878871292,1054163508,387746379,387746387,104393338,387746384,387746382,387746378,104674193,122239101,925814532,562884412,562884413,48277250,515614122,149024065,43165556,325025599,48275806,660696717,305681433,253301357,305680190,305940763,190437232,190437231,1287311510,1318046506,588758206,1321438974,1318046507,12026842569,166457327,4247924022,54740253,4247924125,241336708,1128003509,330956379,330956378,313088902,313088903,166630018,291492675,50259560,1126042539,1126043797,1126047090,1190970428,1340364497,49580893,925276467,1348523735,108470282,942603632,942603631,706164324,730684398,1300583616,1419477429,1076957801,730771775,250088927,1052633973,1427640386,1052633974,304847773,78327977,1427317405,1427317410,1427317409,1427317413,1427317412,1427317411,1427317415,1427317414,1424188534,1423071218,257509768,305940327,588952908,305941030,257509769,257509770,257509771,257509772,82207171,257509773,257509774,9676270320,1046462111,1423071183,1422867667,308321226,255963727,1059062375,1381943053,1220165362,1423260184,770822807,770822809,770822808,454001359,454001349,1621697577,257509778,257509777,1218148322"
Residenza Universitaria Lingotto,45.0330358,7.6659645,mobilità,car_rental,0,0,0,1,10698856934
Residenza Universitaria Lingotto,45.0330358,7.6659645,mobilità,bicycle_parking,0,1,5,57,"9367516460,11189060645,9367516461,2699836875,6329049867,8243916957,3921940132,8243916956,5347074903,10697356192,13137540508,2373069927,8764826464,10168691633,10756360603,1202914660,2699836871,11274729969,10247952609,2699836873,2699836878,2699836877,7947719262,9826286292,12168185381,11648561445,11648573495,2699836884,2699836885,2699836886,2699836887,2699836888,2699836889,12233636601,11766605054,2699836883,2699836880,638741739,2524446376,638741442,11673291208,11673243325,7076063186,7076063187,7076063189,7076063188,5347703556,12153279090,7076001884,11933465157,7076001882,2635518486,7076001883,7076001878,7076001881,7076001880,7076001879"
Residenza Universitaria Lingotto,45.0330358,7.6659645,mobilità,bicycle_rental,0,0,1,1,3829036667
Residenza Universitaria Lingotto,45.0330358,7.6659645,mobilità,primary,0,0,0,0,
Residenza Universitaria Lingotto,45.0330358,7.6659645,mobilità,secondary,0,0,0,0,
Residenza Universitaria Lingotto,45.0330358,7.6659645,verde,park,0,0,12,41,"553283493,117470801,579848005,87776951,106672748,174466518,584934170,106333759,41753634,649705620,690558905,552141608,267255988,36864736,561795883,37201910,36956969,1456216115,289390791,289390785,104393353,104674752,613505979,613505978,660699444,1119404704,588666372,305683893,589659003,579229093,106251930,44503795,88206888,149395470,39789990,589863206,1164953300,79268611,28192921,1424069956,335352981"
Residenza Universitaria Lingotto,45.0330358,7.6659645,verde,garden,1,1,8,55,"856953686,588421219,588421218,1015820491,436247597,436245116,436245118,436245117,23089011,589878717,436247596,1427640390,1427640389,1427640391,1427648023,1427478336,1427640388,1427648053,1427478331,1427529402,1427317389,1427529413,1427529412,1427478347,1427317390,1427317391,1427317370,1427478349,1427478348,3784063293,306423388,1430193314,1430193313,1424069959,1430193319,1423071221,1430193315,304847769,1424530946,1424530934,1423554881,1423554810,1423260250,1423554811,1423260221,1423554801,1430193322,1423260200,1423260183,108470281,404714970,29183708,1430193309,23089014,1429927718"
Residenza Universitaria Lingotto,45.0330358,7.6659645,verde,grass,5,22,123,376,"332954588,332597537,645896992,345279187,645896991,336666462,345279188,612685938,612693155,1390436521,612685929,612685931,612693151,612693154,612685937,612693152,612693153,589953455,612693149,815517896,815523251,815523250,815517898,815523249,815517901,815517900,815523252,815523247,815517902,815523246,333878684,335902433,983517397,333030497,890761403,333904216,1017812982,132319219,399904837,132319220,332960336,332960335,886572653,621959598,406195255,406195261,621950285,332954582,1011274433,1011274435,1011274434,333939881,890759821,345603695,482873493,482873494,500704445,482873495,925494259,925494258,856953685,589953447,589953461,589953470,589953450,486177185,589953459,589953451,486177181,486177180,486177182,561309208,486177184,486177183,561309206,705606643,590781257,590781258,590781256,705606639,705606637,561309197,482873496,345603693,561085123,514549193,561276367,609926760,561085122,514549196,514301763,589915862,590780686,514549194,561276358,514549199,514549188,514549197,589915866,514549191,514549189,590189289,590189288,514549190,590189290,561276373,561276360,561276375,561276371,561276363,561276374,610027279,609997628,485882117,588494313,588494314,485882902,485882904,485882905,500651541,485882903,500651540,500651544,561795894,706744158,500726176,500726174,588758210,563089035,706744166,563084879,563089033,561276376,706744165,588758205,588758209,834050824,515616813,514541094,834050861,515616814,834050823,289390798,834050822,515910788,578548119,705456972,672524319,705456965,705456964,705456973,976672824,976672828,976672827,976672826,976672825,976672829,660934959,705456975,660934958,705456976,660934957,705456974,660934950,660934952,660934953,399908684,705456977,660934954,660934961,660699436,613483953,399908685,613483954,660934960,660699435,660699445,825826529,825826531,660699446,613483955,613483956,825826532,588733367,825826533,660699443,588733368,825826534,588733369,588733370,588733371,588733372,588733373,588733375,485909319,610027278,500657170,562884416,562884417,562884419,562884418,485909320,485900905,485909318,485909324,485909323,562884414,588421212,485909321,562884415,516654049,485909322,588745417,588745424,588745422,588745419,515616816,515616817,588745408,588745405,588745412,588745410,660696720,101510078,660696719,660932247,660696718,612374681,612374682,588952912,612374680,588952906,588666384,588666381,588666382,588726773,588758208,1132207955,1132207950,1132207951,1132207954,1132207953,1132207957,486174619,561542442,561542441,486174620,486174618,486174616,486174615,1239626888,1239626887,579229113,561619126,561619122,561619130,561619125,1132492706,561619121,579229112,1132492002,579229108,561619129,1132492003,579229110,579229099,579229097,579229106,579229101,1132209306,862454070,1132207952,1128002965,1128002964,1132207956,1128002962,1128002963,1311364296,1126792071,577460557,485912130,485912131,485912126,485912128,485912129,579229154,485912127,579229089,1126040506,1126042440,730665854,690822581,690822578,690822577,579953323,579953322,579953321,579953320,579953319,579953318,579953317,579916574,579916577,579953316,579953328,690822582,379516467,579953324,379516466,579953327,579953326,579953325,690824765,690824749,690824748,866606424,922479075,922479076,730682845,730682868,730682867,730682869,589878721,730682864,730682866,945490938,730682863,730682844,589878716,945490937,943784964,943784963,943782516,943782515,730682843,589878718,730682865,730682842,730682862,589878720,589878719,589878715,1034782636,730684397,730771776,588733365,588952917,588733358,588733359,588733360,588952904,588733361,588952902,588952915,588733363,390805213,390805212,1424069955,430869532,588726775,589459967,589459968,589459969,589459961,589459963,589459964,415224186,589459962,1047587836,1047587838,1047587837,1047587843,1047587839,1047587840,1047587841,1047587842"
Residenza Universitaria Lingotto,45.0330358,7.6659645,verde,wood,0,0,0,5,"274223500,274222819,274216280,1424348128,256204639"
Residenza Universitaria Lingotto,45.0330358,7.6659645,verde,forest,2,2,2,4,"104261928,458043150,458043152,1102580376"
Residenza Universitaria Lingotto,45.0330358,7.6659645,verde,meadow,0,0,0,0,
Residenza Universitaria Lingotto,45.0330358,7.6659645,verde,scrub,0,0,1,5,"1054362363,1427640379,1430193318,1423554883,1429927730"
Residenza Universitaria Lingotto,45.0330358,7.6659645,verde,allotments,0,0,0,0,
Residenza Universitaria Lingotto,45.0330358,7.6659645,verde,playground,1,1,5,35,"1124671635,249728473,886573410,3400792392,1227056652,397807036,249728482,1118364725,249728471,1115229840,1137569381,337175413,337175414,561795884,1121169525,4883648610,77722951,589503930,50258285,77722952,111815995,579229091,50174964,448162839,1217815310,910933663,1445632679,660162335,660162333,942887046,942888157,257509726,257509767,257509776,1424530935"
Residenza Universitaria Lingotto,45.0330358,7.6659645,verde,recreation_ground,0,0,0,0,
Residenza Universitaria Lingotto,45.0330358,7.6659645,verde,nature_reserve,0,0,0,0,
Residenza Universitaria Lingotto,45.0330358,7.6659645,verde,lake,0,0,0,0,
Residenza Universitaria Lingotto,45.0330358,7.6659645,verde,reservoir,0,0,0,0,
Residenza Universitaria Lingotto,45.0330358,7.6659645,sport,fitness_centre,0,1,2,5,"323658685,8157621715,11954127168,12748314201,11297477634"
Residenza Universitaria Lingotto,45.0330358,7.6659645,sport,sports_centre,0,0,4,21,"287706740,287477348,1137569364,349576242,289390792,255458844,635797745,13076830601,106227756,440825294,41753512,12632836576,387746355,1427648033,387746357,1427648036,494397784,635797746,4735055931,4086520147,404714971"
Residenza Universitaria Lingotto,45.0330358,7.6659645,sport,stadium,0,0,1,3,"1137569365,481253195,652725229"
Residenza Universitaria Lingotto,45.0330358,7.6659645,sport,swimming_pool,0,0,5,28,"253517565,1175668467,9106388016,249731602,249731604,106357922,106403249,49054011,106487528,453563664,862227337,862227344,784822193,784822192,1427529403,784822190,784822189,784822191,257509763,1422783951,1275288859,1275288856,1275288857,1423394835,1423554878,1422783995,1422594033,1422594069"
Residenza Universitaria Lingotto,45.0330358,7.6659645,sport,water_park,0,0,0,0,
Residenza Universitaria Lingotto,45.0330358,7.6659645,sport,pitch,1,2,17,175,"1120095454,191138539,1311122971,1311122972,1311122970,1311122969,1311122968,341190170,191136084,1311122962,106252736,106512428,253517570,1172363858,249696006,249696004,249696009,289390790,289390787,1215855053,343244831,272561492,272561493,1359396458,272561562,1359396459,1359396460,387746366,387746377,859714919,859714911,859714921,1297292925,859714920,58233299,1179691010,397807120,117470794,117470799,117470800,191139188,117470791,117470792,191139186,117470793,1120095453,191139185,1311122967,131648865,191139187,131648864,1311122966,1311122965,117470795,131648863,117470796,110971138,164439907,500704439,500704441,1377306467,191379107,561085125,561085130,563091690,561085128,249696008,249696007,249696005,106403253,249696003,1137569352,563091689,563091684,563091688,1137569353,563091685,1137569376,1137569378,1137569377,500651547,500651546,191915874,289390783,289390797,289390784,289390800,289390788,191915876,124069711,124069712,387746376,1451321175,387746375,387746364,1359396455,1359396451,1359396452,693364627,693364626,481253196,499538129,13308739939,1137569375,1137569374,124253933,425484921,1311366022,252850307,425484914,1311364291,1311364292,111815987,241336707,1385612307,689326916,1311364294,425484913,425484919,425484916,425484909,241263809,1311364295,1311364293,241263815,425484924,1132205221,436248508,448850336,1445632678,1058453911,272561563,250085362,250085364,250088928,272561564,272561491,1267674648,1267674649,485683423,485683006,1359396454,1359396457,387746367,387746370,207860575,1359396456,387746374,1359396453,387746365,257959656,1289661072,1427529401,257509783,257509782,1347606402,1289661073,257509764,257509765,160090690,160090692,257509780,257509781,257509775,13151468861,390805226,257509784,869894480,859050130,859050133,869894478,869894475,869894481,1422594036,1422594070"
Residenza Universitaria Lingotto,45.0330358,7.6659645,sport,tennis_court,0,0,0,0,
Residenza Universitaria Lingotto,45.0330358,7.6659645,sport,golf_course,0,0,0,0,
Residenza Universitaria Lingotto,45.0330358,7.6659645,sport,ice_rink,0,0,0,1,23028146
Residenza Universitaria Lingotto,45.0330358,7.6659645,sport,bowling_alley,0,0,0,0,
Residenza Universitaria Lingotto,45.0330358,7.6659645,sport,climbing_wall,0,0,0,0,
Residenza Universitaria Lingotto,45.0330358,7.6659645,sport,gym,0,0,0,0,
Residenza Universitaria Lingotto,45.0330358,7.6659645,commerciale,shop,0,0,0,0,
Residenza Universitaria Lingotto,45.0330358,7.6659645,educazione,school,3,4,8,34,"117470798,117470797,612693144,861316389,160591228,815523248,2591701968,13358200601,179930022,331723247,49046715,457922347,367970286,253301345,36915187,49048104,49048103,36929942,457909878,369631936,253301370,253301371,613483942,436304902,253301354,815671121,690824769,257509745,4735804563,109771125,123376948,390805214,601868991,390805217"
Residenza Universitaria Lingotto,45.0330358,7.6659645,educazione,kindergarten,0,1,5,19,"645892372,4539789894,4539789896,1457168481,253207967,457922348,253207978,457922346,245211081,457922345,457917439,253207970,369631938,369631934,457909877,2592486650,253301347,258200656,869894477"
Residenza Universitaria Lingotto,45.0330358,7.6659645,educazione,university,2,2,3,4,"49046716,988059309,10187943548,1172116313"
Residenza Universitaria Lingotto,45.0330358,7.6659645,educazione,college,0,0,0,3,"3909948241,387746425,9775066120"
Residenza Universitaria Lingotto,45.0330358,7.6659645,educazione,music_school,0,0,0,0,
Residenza Universitaria Lingotto,45.0330358,7.6659645,educazione,driving_school,0,0,0,2,"11379958493,10570991907"
Residenza Universitaria Lingotto,45.0330358,7.6659645,educazione,research_institute,0,0,0,0,
Residenza Universitaria Lingotto,45.0330358,7.6659645,educazione,vocational_school,0,0,0,0,
Residenza Universitaria Lingotto,45.0330358,7.6659645,educazione,library,0,0,0,4,"243093483,2562689774,10928794497,4735799707"
Residenza Universitaria Lingotto,45.0330358,7.6659645,educazione,archive,0,0,0,0,
Residenza Universitaria Lingotto,45.0330358,7.6659645,educazione,museum,1,1,3,3,"96185130,9775052400,12413494664"
Residenza Universitaria Lingotto,45.0330358,7.6659645,educazione,community_centre,0,0,1,1,13192364672
Residenza universitaria Olimpia,45.0746255,7.7021971,sanità,healthcare,0,0,0,0,
Residenza universitaria Olimpia,45.0746255,7.7021971,sanità,pharmacy,0,0,9,57,"2019517474,4736110877,5113659491,2019532938,6827178588,5110808474,4736057638,2048276171,7376114116,12691580935,4736055182,5206578925,4736058640,4736054350,7312494521,4736054639,4736054574,12018327204,7309967811,7376141998,4735870073,306557185,4735867352,306556997,754189651,4735090163,7310076313,7310076314,4735092379,5117627162,7373154098,4736077953,2068598491,3340684507,7372987831,7373154099,2018175898,7379060407,3416861086,4733628841,3340678134,309669048,3340681064,4733630118,9405942960,4733528397,4733528549,8059810892,1547962818,7312465285,2593583387,4732664336,4733554860,4733551102,4733498126,3578230542,7309990997"
Residenza universitaria Olimpia,45.0746255,7.7021971,sanità,dentist,0,0,3,5,"5941324678,3373033912,9301525972,6564881971,12076633860"
Residenza universitaria Olimpia,45.0746255,7.7021971,sanità,veterinary,0,0,1,4,"4736055191,2018192326,11167653306,9559223780"
Residenza universitaria Olimpia,45.0746255,7.7021971,sanità,optician,0,0,0,0,
Residenza universitaria Olimpia,45.0746255,7.7021971,sanità,medical_supply,0,0,2,2,"12294762542,11688321776"
Residenza universitaria Olimpia,45.0746255,7.7021971,sanità,defibrillator,0,0,7,20,"6705560885,5113659443,6851497986,12095446701,6851187750,6853723885,8334794474,6851437489,6853946708,6853946004,6851357885,10942463291,8259759257,3722895975,8025708191,10004554628,6877134124,9612498223,7139691092,13067370202"
Residenza universitaria Olimpia,45.0746255,7.7021971,sanità,hospital,0,0,3,6,"191194250,316203053,3342035128,1193255695,777989578,1196177764"
Residenza universitaria Olimpia,45.0746255,7.7021971,sanità,clinic,0,0,0,3,"4086502595,3290263940,4086241234"
Residenza universitaria Olimpia,45.0746255,7.7021971,sanità,doctors,0,0,0,0,
Residenza universitaria Olimpia,45.0746255,7.7021971,mobilità,station,0,0,0,0,
Residenza universitaria Olimpia,45.0746255,7.7021971,mobilità,subway_entrance,0,0,0,0,
Residenza universitaria Olimpia,45.0746255,7.7021971,mobilità,tram_stop,0,7,34,100,"12101484067,12100765982,941491637,12101484058,1624209624,1843302903,941491545,943330768,1370347434,1229263851,1370347438,1230709694,1230710154,1230710053,1230710389,1227966234,1227966232,1227966233,1229263766,1229264040,12616325336,12715581050,12978416484,12978416485,943330769,12715581035,12978416486,1168270587,1168270504,1230710263,943330816,943330822,943330819,1230709780,1231011218,943330805,11281292421,1230709737,1230709859,11281834064,1235856174,1168270599,1270651267,13326178312,13326178313,1235856079,947982002,947982146,1262194799,1235856205,947981976,947982053,1235856123,13326178314,941491939,941491471,948016002,1167320980,1167320769,941491730,948016031,948016167,1167320925,12978416487,1229263814,1229263917,1231011198,1229264035,1229263857,11660081125,1168270491,947982084,947981932,948015923,948016134,941491929,12296376831,941491766,939124434,941491818,941491551,941671400,941671307,941671472,1230710101,947982115,1168270479,947982009,947982103,11611802562,12351499946,1235926926,1262203527,1236572719,3631871148,3631871147,1236572740,1236572794,1236572711,1236572777"
Residenza universitaria Olimpia,45.0746255,7.7021971,mobilità,bus_stop,5,24,86,295,"1168270570,12876021885,1168929371,1168929432,1491228856,1262197246,1198867662,1262188506,1262197678,1262208401,1262209581,1262199837,1262209446,1198867402,1262207476,1262190131,1491228854,11657164483,11657164484,1262197436,1262205080,1262192792,1262199977,1262195420,1262195822,1168270639,1185414410,1262208503,1185414465,1262194546,1262208323,5117626905,1262209930,1262198026,1185414577,6851570620,1262199075,1262182576,1262200213,1262203030,1262212401,3350111050,1262198097,1262196900,1262196798,3350079082,1262209112,1262206389,1262208051,1262196187,1262191998,1262202844,1262195567,1262212221,1262192881,1262194437,1262196834,1270905157,1262191772,1270905158,1262208954,1262199922,1262209046,1262211982,1262197197,1262199746,1262212615,1235856128,1262189828,1262204404,1262207790,1262187555,1262194051,1262209878,1262203354,1262195649,1262195757,1262194653,1262194554,1262211270,1262184239,1262199090,1262207066,1262200228,1262201419,1262204490,1262208777,1262203604,1235856183,1262195521,1262196422,1270651264,1262196590,1262204352,1235856103,1262195266,1262184741,12194813096,13208780377,1235856064,1262204271,1262196312,1262193785,1262208882,1262197328,1262196148,1262204818,1262212974,1262204577,1262188303,1262200697,1262195966,1262184968,1262192899,1262209055,1262192766,1262199820,1262199291,1262198153,1262196457,1262203718,1262195422,1262208834,1262199986,1262203050,1262199772,1262199811,1262199749,1262212066,1262208315,1198867441,1198867537,1262208216,1169944015,1198867556,1198867687,1198867567,1262204512,1262201395,1262194929,1262196877,1262195824,1262211446,1262208031,1262196779,1262210312,1231011141,1262190386,1262195510,1262200404,1262204567,1262212826,1262211802,1262194968,1262198250,1262202417,1262185638,1262198884,1262195633,1262212644,1262199697,1262183610,1262209326,1169944104,1169944065,1262182640,1262208804,1262203594,1262199227,1262182243,1262199140,1262197279,1262197344,1262205700,1262209070,1262208866,1262193851,1262204144,1262195892,1262197057,1262208091,1262181780,1262207924,1262187051,1262197366,1262209473,1262199613,1262205219,1262203154,1262209149,1262194631,1262196046,1262191446,1262208207,1262208276,1262184176,1262193104,13208780379,1262208589,1231011153,1262195698,1262204769,13208780378,12876021883,3226552301,3226552300,1262201740,1262187727,3226552298,3226552302,3226552299,1262209157,1262199236,13208780374,1262202819,1262210263,1262203708,1262186164,1262186807,1262201120,1668063915,1262188886,1262198214,1262193412,1262182759,1262209328,1262211594,1262203860,1262182532,11599304627,1262200672,1262184893,1262209370,1262211559,1262192547,1524429488,1524429497,1262188221,1262199810,1262189955,1262200265,1524429483,1262183967,1262191217,1524429466,1524429462,1524429477,1235926929,3351615326,1262199149,1235926936,1262185187,3351625103,1236572793,1262184724,1262201445,1262194752,13208780376,1262208415,1262191526,1496716014,1262196218,1262204674,8494339395,1262206187,1262210276,1262211631,1262196561,1262199094,1262210179,1262208990,1262187998,1262195452,1262197289,1262210461,1262203957,1262194481,2291878773,1262198923,1236572687,1236572763,1236572820,1262209380,1236572736,1236572822,1262184074,1262204546,1236572694,1236572746,1262212265,1262195716,1262210247,1262203743,8455662431,1262183241"
Residenza universitaria Olimpia,45.0746255,7.7021971,mobilità,charging_station,6,8,12,27,"10024930203,12848949670,5545493680,5255643474,10024930198,10024930204,9903597728,3906262432,11330971755,13175098408,9903597720,9903597736,9903514912,11640502278,544516332,12849058997,9903597730,9892110268,7944759282,11243926724,11243926727,11243926726,11243926728,11243926725,9386005083,13064911110,5698680374"
Residenza universitaria Olimpia,45.0746255,7.7021971,mobilità,car_sharing,0,0,1,1,3906283850
Residenza universitaria Olimpia,45.0746255,7.7021971,mobilità,taxi,0,0,0,11,"604332918,5020220491,5020220492,3241731972,3241731971,5941325188,3241731964,2902424078,2902424079,2898774433,1005440038"
Residenza universitaria Olimpia,45.0746255,7.7021971,mobilità,parking,0,4,31,142,"4127735019,2019632224,1227966229,3363420315,22953965,1218557983,316211275,319749756,249248499,319742232,191375051,5941325249,193000008,435793218,1255999599,731592384,731605916,436314967,242957870,6851422048,733635639,358681039,124778755,1262706519,3343691149,4127735255,1383338299,4127735240,167858828,132957389,3343561833,3343599887,280507600,108460658,129075967,308881884,82199315,128932536,128930828,128935328,128930827,128935180,128935159,128932535,128935158,83076319,128941839,1081120722,5997772786,5997772787,5997780785,96556746,5993028887,5993028888,635989603,5997762385,308834324,1122299605,5997837886,5997837887,5997806485,5997788087,5997771286,108459796,652758231,262648990,365889975,288283917,1107364662,365889357,846901935,1107364663,388422914,256336198,149459698,2275474998,288891940,2275474626,1215783014,256336302,1215783015,7115553619,256336239,1215783013,1215783012,1215783010,1215783011,1266554225,455120610,1266554226,1266554228,387341670,3343577420,577263229,166616614,846901934,328929579,1421696089,1158404279,1158404305,1158404302,1158404303,1158404300,1158404301,1158404304,1158454601,846018295,886739419,846003849,846003846,253369390,288783063,846003847,288783085,3343610008,1421696091,976250146,846003848,976250143,690662128,450287462,846003845,528717398,28190530,930680492,288783053,253369383,846901932,846003844,280325194,1068998742,308881882,277782178,280506720,469391577,280506719,280325195,1066637348,25568947,77894792,28190537,846003843"
Residenza universitaria Olimpia,45.0746255,7.7021971,mobilità,car_rental,0,0,0,2,"5941325247,5941325228"
Residenza universitaria Olimpia,45.0746255,7.7021971,mobilità,bicycle_parking,10,18,47,129,"7076063202,7076063203,13324660699,10884404308,7076063200,7076063199,12681485187,12681485188,2699753943,5113659515,10779500105,2699753644,5968582882,5968581908,6827178603,12068659438,5941325235,2699753641,2699753643,2699753642,7076063204,7076063205,7076063206,11277111680,11277111681,7076063207,10777961006,12650442898,7076063208,7076063209,8026222938,7076063210,7076063211,7076063212,7076063213,5117627124,5941324676,5941324684,5941325233,2048050409,5941324672,11966746787,5941325227,5941325219,11966792060,5941325190,9740895475,12634535120,12634548501,12634222020,12634416056,9740895502,9740888733,10759662318,11238380039,11238380037,11238380038,13011786017,13011795861,11368531149,9224843549,11832986276,12020238320,11964721442,11832991702,11832980125,11379545987,11379561478,12812076106,12843998249,12986009917,12915235956,8269943195,2699752844,2699752831,2699752853,10883132771,2699752854,2699752859,2699752834,2699752832,9307377317,9307358113,13074641241,6851396187,5998289584,5998291995,9740888734,12182105961,11622870823,10823910305,10827570606,10767946305,10823892608,12208848355,10823869008,12852846568,10823876406,5542175056,9903597733,13143013240,5542175064,5542175063,10994156060,10994156059,11622870824,5542175057,5534040230,5534052431,13143058309,13143034941,13143041199,5542175058,5542175059,5542175061,13143022643,10994232050,5542175062,10827604005,10827603806,10833477005,10833478805,12914341079,11717312584,3953590159,12836186579,12532140545,1547837615,12532140547"
Residenza universitaria Olimpia,45.0746255,7.7021971,mobilità,bicycle_rental,0,0,0,0,
Residenza universitaria Olimpia,45.0746255,7.7021971,mobilità,primary,0,0,0,0,
Residenza universitaria Olimpia,45.0746255,7.7021971,mobilità,secondary,0,0,0,0,
Residenza universitaria Olimpia,45.0746255,7.7021971,verde,park,2,10,21,74,"23026345,22897848,543676718,457323344,287707677,753231466,479486904,816783671,895647570,61732303,813407766,1075763396,813402747,369707777,83076324,479483771,815949942,128936190,128942572,784211972,815950090,814962443,784215783,814964297,814964635,319279820,22879264,22908088,532907259,256465204,256465522,369795270,632813022,22908071,12233633301,690662131,690745660,259895475,1157616170,253360471,290706661,253366252,253374909,253360457,288783058,690745503,690738904,690738908,690738906,690745039,690662573,690663659,690765813,333222797,27928321,23055631,660571074,800525989,816783192,689198379,82256514,813407219,322221905,815950604,268934373,250714206,800524787,561526800,597816614,597816613,991195613,813405278,813404275,257920545"
Residenza universitaria Olimpia,45.0746255,7.7021971,verde,garden,0,3,28,94,"318993599,251488296,23026360,302764761,1060217784,1060217774,848959753,848959890,689197828,689197827,411053238,633972127,411053241,633972128,689196222,740007653,741636656,689196221,689196217,741636655,689196220,740007650,689196218,327419031,740007635,740007643,741636682,560991929,814961233,814960644,813403362,800531670,696993949,814962000,813408161,814962760,813403198,800530563,800525157,814965482,324477119,29184190,585434921,585434922,585434925,1067243272,761582377,761951452,761951453,761951455,761951457,761951454,761582373,761951459,761951458,761582372,761951460,761951456,741636663,725758014,846901933,1158404280,1266554235,1266554238,28228192,28228190,314840465,289457995,741636695,816782637,800525442,1066637349,690660411,28229702,289457992,28228080,23112388,23055633,23055643,23055638,116934864,800526187,960205126,813406682,813406899,813406835,813406095,800528616,535239377,800532108,813404511,696993947,813407098,535247269"
Residenza universitaria Olimpia,45.0746255,7.7021971,verde,grass,18,45,63,134,"337361722,192061493,192061494,192061492,192061489,192061490,192061491,1272990787,245046146,1098853222,245045846,616677987,616677976,616677985,616677978,616677983,616677980,245045845,337361720,337361721,245045844,289014365,411053235,129209564,129209563,689196219,577440411,616984807,616984808,616984806,616984803,616984802,288798832,288798834,288798833,494676505,1132047853,82199295,82255590,1173001074,1173001075,1173001079,1173001078,1173001076,1173001077,1173001084,1173001091,1173001083,288283918,1254120835,1173001072,1118869379,1173001073,1118869380,1173001095,1173001100,1173001099,1173001110,1173001101,1173001109,1173001098,1173001088,1173001107,1173001102,1173001108,1173001094,1415617395,1415617396,961875681,961875680,1250264722,1266554234,577263226,577267981,577271848,577267982,577271851,577267983,577271853,577267984,577271856,577267985,577271858,577271820,577271823,577271824,577271846,577271825,577271827,577271843,577271830,577271832,577271835,577271841,577271839,577271838,577271836,577271861,577440401,577440403,577440407,129839957,577558249,530332686,578956725,577558253,577558252,577275421,1193255688,577558261,577275422,577558254,664914263,1158454605,664914262,626776331,83701383,288783074,259895474,1196407026,28229696,1193255687,280506717,865725444,865725443,288783056,1066705604,1068997696,392224999,535273193,535273194,1068997695,129839750,846901931"
Residenza universitaria Olimpia,45.0746255,7.7021971,verde,wood,0,0,0,3,"457323345,256204642,61732412"
Residenza universitaria Olimpia,45.0746255,7.7021971,verde,forest,0,0,0,2,"1075063885,585434926"
Residenza universitaria Olimpia,45.0746255,7.7021971,verde,meadow,0,0,0,0,
Residenza universitaria Olimpia,45.0746255,7.7021971,verde,scrub,0,0,1,4,"1066637351,1066706520,1066706521,1066705566"
Residenza universitaria Olimpia,45.0746255,7.7021971,verde,allotments,0,0,0,2,"328623930,328624588"
Residenza universitaria Olimpia,45.0746255,7.7021971,verde,playground,1,3,7,24,"191211963,1168299039,1170974105,1054786065,9215807657,10221497811,5206224432,83076336,12851950094,2505158924,552214398,1291894961,108460659,577440400,8464466018,1157616172,10833475807,8944557987,310660806,960203147,960203145,960203146,82256513,871398133"
Residenza universitaria Olimpia,45.0746255,7.7021971,verde,recreation_ground,0,0,0,0,
Residenza universitaria Olimpia,45.0746255,7.7021971,verde,nature_reserve,0,0,0,0,
Residenza universitaria Olimpia,45.0746255,7.7021971,verde,lake,0,0,0,0,
Residenza universitaria Olimpia,45.0746255,7.7021971,verde,reservoir,0,0,0,0,
Residenza universitaria Olimpia,45.0746255,7.7021971,sport,fitness_centre,0,0,4,7,"4736058200,11049505605,6851326135,3349809096,3343770523,11534701686,13011248973"
Residenza universitaria Olimpia,45.0746255,7.7021971,sport,sports_centre,2,2,5,17,"9792328371,630344434,458039656,288893797,458039655,3352111838,82199277,2097331599,3355734546,3355731107,319089394,319102518,319102562,11991054569,141412774,82172945,129839751"
Residenza universitaria Olimpia,45.0746255,7.7021971,sport,stadium,0,0,0,0,
Residenza universitaria Olimpia,45.0746255,7.7021971,sport,swimming_pool,0,0,0,12,"1323785257,320710589,1270460659,1066094576,769051961,1066094575,1066094579,769051964,1203425654,824109468,2097331540,1312880655"
Residenza universitaria Olimpia,45.0746255,7.7021971,sport,water_park,0,0,0,0,
Residenza universitaria Olimpia,45.0746255,7.7021971,sport,pitch,4,4,8,65,"5410221475,117526387,1347180844,1190222149,117526384,1190222452,1190222148,117526386,1347180845,117526378,1347180843,245045843,1062624219,358681038,358681041,358681042,358681037,119456036,256368311,1418747925,769051962,83076335,1203425650,1203425651,1203425652,1203425653,319284839,809362112,218287346,218287350,1000297399,256770955,218287344,10994156063,10994273932,179477508,259895250,1157616171,253360458,286108004,319089490,931485736,319089185,931485737,976266496,976266497,1212265100,960202951,1301826319,253369385,85418294,85418292,85418293,28228211,277783481,277782063,390604266,390603922,1307045179,390603923,390602981,976266495,390602979,390602980,1454028456"
Residenza universitaria Olimpia,45.0746255,7.7021971,sport,tennis_court,0,0,0,0,
Residenza universitaria Olimpia,45.0746255,7.7021971,sport,golf_course,0,0,0,0,
Residenza universitaria Olimpia,45.0746255,7.7021971,sport,ice_rink,0,0,0,0,
Residenza universitaria Olimpia,45.0746255,7.7021971,sport,bowling_alley,0,0,0,0,
Residenza universitaria Olimpia,45.0746255,7.7021971,sport,climbing_wall,0,0,0,0,
Residenza universitaria Olimpia,45.0746255,7.7021971,sport,gym,0,0,0,0,
Residenza universitaria Olimpia,45.0746255,7.7021971,commerciale,shop,0,0,0,0,
Residenza universitaria Olimpia,45.0746255,7.7021971,educazione,school,0,6,12,41,"117493773,1304814076,1168299038,10765663105,450287805,1091923526,3343680527,42864476,1168299037,108601368,7796907023,1176873243,82256497,3343687306,3343687307,616984801,8259759258,412663770,83076321,1081110260,6549455408,182884900,453290904,632813027,322254779,322254780,322254777,286107710,253360459,10149297019,253411949,3343605435,3343615248,616994936,3343636574,769035071,253369384,660571077,363472757,82188080,451040739"
Residenza universitaria Olimpia,45.0746255,7.7021971,educazione,kindergarten,1,1,3,15,"219014163,7807308276,12768280010,412663769,1603601080,10896540919,2018099976,256387052,453757173,12233633201,7038759586,253360467,253435101,930680510,280325197"
Residenza universitaria Olimpia,45.0746255,7.7021971,educazione,university,1,1,5,19,"192604816,2577028412,2577029282,2018055299,2018055301,9739802942,2503902059,3363964793,6851326132,4086214801,2018087957,1218747279,6851439272,651771955,4735868696,10237789518,453757181,3349733649,450278224"
Residenza universitaria Olimpia,45.0746255,7.7021971,educazione,college,0,0,0,2,"318997570,12248046055"
Residenza universitaria Olimpia,45.0746255,7.7021971,educazione,music_school,0,0,1,2,"28109102,3343797841"
Residenza universitaria Olimpia,45.0746255,7.7021971,educazione,driving_school,0,0,2,5,"12089511784,316203024,12077001867,9762124287,3473130432"
Residenza universitaria Olimpia,45.0746255,7.7021971,educazione,research_institute,0,0,0,1,528717396
Residenza universitaria Olimpia,45.0746255,7.7021971,educazione,vocational_school,0,0,0,0,
Residenza universitaria Olimpia,45.0746255,7.7021971,educazione,library,0,1,4,10,"11806550856,4936115896,9693041809,3352114524,909179631,117351946,6074405709,4849156539,3345600834,138036072"
Residenza universitaria Olimpia,45.0746255,7.7021971,educazione,archive,0,0,0,0,
Residenza universitaria Olimpia,45.0746255,7.7021971,educazione,museum,0,1,4,25,"9585924917,5171950042,246516587,246643344,6432836094,2177769729,1333701144,6435420518,6431480861,2026479833,318938052,2026479832,246443715,6432887576,6432637423,11267476069,6434268049,1628071063,248771289,6433944342,11217521918,246516619,761582364,4067344493,3349838584"
Residenza universitaria Olimpia,45.0746255,7.7021971,educazione,community_centre,0,1,3,6,"3363460993,3352189835,12766851574,3371757496,104339324,13042083801"
Residenza universitaria Palazzo degli Stemmi,45.0675574,7.6916674,sanità,healthcare,0,0,0,0,
Residenza universitaria Palazzo degli Stemmi,45.0675574,7.6916674,sanità,pharmacy,1,8,31,77,"4735719316,4412226590,9140119438,4735717950,7384890987,7376141996,4736115522,7312267251,4736083750,4736083746,3893151255,4735829063,2018737316,4735056034,4735058545,4735717430,2018187040,619193786,4735828988,3224067528,5255625937,2593187678,2048347744,2018203641,5628622146,1333701639,2018982162,2019517474,7310122343,4736110877,5113659491,2019532938,6827178588,5110808474,4736057638,2048276171,7376114116,12691580935,4736055182,5206578925,7376141997,4736058640,4736054350,7312494521,4736054639,4736054574,12018327204,7309967811,7376141998,4735870073,306557185,4735867352,306556997,754189651,4735090163,7310076313,5117627162,7373154098,4736077953,2068598491,3340684507,7372987831,7373154099,2018175898,7379060407,3416861086,4733628841,2097331576,3340678134,309669048,3340681064,9405942960,4733528397,4733528549,8059810892,1547962818,4733554860"
Residenza universitaria Palazzo degli Stemmi,45.0675574,7.6916674,sanità,dentist,0,0,5,9,"12886910727,2406157072,11296229554,4195848889,5941324678,3373033912,9301525972,6564881971,12076633860"
Residenza universitaria Palazzo degli Stemmi,45.0675574,7.6916674,sanità,veterinary,0,0,3,5,"13170595046,4735830189,4736055191,2018192326,11167653306"
Residenza universitaria Palazzo degli Stemmi,45.0675574,7.6916674,sanità,optician,0,0,0,0,
Residenza universitaria Palazzo degli Stemmi,45.0675574,7.6916674,sanità,medical_supply,0,0,0,2,"12294762542,11688321776"
Residenza universitaria Palazzo degli Stemmi,45.0675574,7.6916674,sanità,defibrillator,5,9,15,26,"9515896704,5121847084,7934552531,13239427956,13015096966,8356951251,8210481138,6705560885,11273669529,5113659443,6851497986,12095446701,6851187750,6853723885,8334794474,6851437489,6853946708,6853946004,6851357885,10942463291,3722895975,8025708191,10004554628,6877134124,9612498223,7139691092"
Residenza universitaria Palazzo degli Stemmi,45.0675574,7.6916674,sanità,hospital,0,0,3,8,"294267544,190728046,191194250,316203053,3342035128,1193255695,777989578,1196177764"
Residenza universitaria Palazzo degli Stemmi,45.0675574,7.6916674,sanità,clinic,0,0,1,13,"6664922333,822529092,4735668281,11290349432,10567218284,10567228303,13314604189,3893264712,385995302,10698816652,2284074743,4086502595,3290263940"
Residenza universitaria Palazzo degli Stemmi,45.0675574,7.6916674,sanità,doctors,0,0,0,0,
Residenza universitaria Palazzo degli Stemmi,45.0675574,7.6916674,mobilità,station,0,0,0,6,"543360161,254594416,432803698,1622042729,3395226356,254594415"
Residenza universitaria Palazzo degli Stemmi,45.0675574,7.6916674,mobilità,subway_entrance,0,0,0,21,"10235736538,3431314077,3431314076,3431314075,10235736525,1026285957,1026285955,1026285950,1622042886,3283904468,1622042919,3431326298,5020207823,5020207824,1262284319,10260242427,10260242426,1262284354,2014746582,1262284353,10260242428"
Residenza universitaria Palazzo degli Stemmi,45.0675574,7.6916674,mobilità,tram_stop,7,23,72,149,"938733459,938733498,1229263858,1167320990,1167320859,1167321088,1167321041,1167320969,1167320960,1185414562,1168270672,945268801,945268822,945268805,943330838,11294052063,945268802,1624209638,943330850,3514463818,945268803,945268817,951424216,1230710018,4997702728,1229827204,1231011119,1229827337,1231011175,1229580323,1229827230,1229580314,1229827620,941491483,941491672,941491612,1168270471,1168270534,941491716,941491868,1185414486,1229580315,1229827224,1227966230,1168270660,1185414504,1227966231,1167320937,12101484067,1168929427,12100765982,941491637,12101484058,1624209624,1843302903,941491545,943330768,1370347434,1229263851,1370347438,1229827150,1229580304,1230710216,1230709587,1230709694,1230710154,1230710053,1230710389,1227966234,1227966232,1227966233,1229263766,1229264040,12616325336,12715581050,12978416484,12978416485,943330769,12715581035,12978416486,1168270587,1168270504,1230710263,943330816,943330822,943330819,1230709780,1231011218,943330805,11281292421,1230709737,1230709859,11281834064,1235856174,1168270599,1270651267,13326178312,13326178313,1235856079,947982002,947982146,1262194799,1235856205,947981976,947982053,1235856123,13326178314,1624209625,941491939,941491471,948016002,1167320980,1167320769,941491730,948016031,948016167,1167320925,12978416487,1229263814,1229263917,1231011198,1229264035,1229263857,11660081125,1168270491,947982084,947981932,948015780,945268808,948015938,945268793,948015923,948016134,941491929,12296376831,941491766,939124434,941491818,941491551,1230710101,947982115,1168270479,947982009,947982103,11611802562,12351499946,1235926926,1262203527,1236572719"
Residenza universitaria Palazzo degli Stemmi,45.0675574,7.6916674,mobilità,bus_stop,11,32,113,395,"1262203331,1262207470,1262182588,937605175,1262195535,937605200,1229263756,1262201038,1262206788,1198867355,1262188427,13357227255,1198867590,1198867343,1198867678,1168929435,1198867713,1168929622,937605184,1185414408,1525407946,1262208796,937605187,1262193964,1262202938,1262210261,1262196361,1262193644,1262211503,937605188,1168270573,1185414572,1199240547,1262196253,1199240667,1262201459,1262202182,1262182722,1262198202,1262203078,1199240749,943330835,937954831,1254531567,2299299616,937605198,937605176,1262203237,937605196,937605190,1199240598,943330808,1262209067,1816820005,1816820048,937954690,1199240497,1169943950,1199240580,1262208183,1262199327,1262190791,1816820135,1262211268,1262183335,1262204440,1399644425,1262198176,1262197433,1262192786,1262197275,1262200205,1262207921,1262210546,1262182382,1262192501,1262201910,1262192626,1229580308,4605836659,1262204898,12876021888,1229580300,1262212519,1262207853,1480474270,1262210350,1262190981,1262207187,1262197218,1262184662,1262204656,1262196134,1480474276,1262203192,1262194723,1262209179,1262196512,1262206934,1262207679,1480474287,1480474282,1262184419,1480474268,1480474269,1480474262,1262198132,1262197142,1480474257,1262209613,1262208977,1262182398,1262212389,1262211321,1168929344,1262197041,1262207547,1198867604,8289837996,1262195219,8289837997,1262185354,1262181975,1262197387,1168270553,1168929565,1168270407,10200408841,4575722855,10066805517,1185414522,1262199608,1491228855,1262202711,1262199542,1262186722,1229580316,1229827663,1262208483,10136283371,1168270570,1168270559,1185414520,12876021885,1262211444,1168929371,1262200499,1262196215,1262201567,1262196300,1262198051,1262197657,1525407917,1262206483,1262203392,3229868385,3262101385,1168929432,1491228856,1262197246,1198867662,1262188506,1262197678,1262208401,1262209581,1262199837,1262209446,1198867402,1262207476,1262190131,1491228854,11657164483,11657164484,1229827101,1229580311,1399644118,1262197436,1262211451,1262205080,1262192792,1262199977,1262195420,1262205970,1262195822,1168270639,1185414410,1262208503,1185414465,1262194546,1262208323,5117626905,1262209930,1262198026,1185414577,6851570620,1262199075,1262182576,1262200213,1262203030,1262212401,3350111050,1262198097,1262196900,1262196798,3350079082,1262209112,1262206389,1262208051,1262196187,1262191998,1262202844,1262195567,1262212221,1262192881,1262194437,1262196834,1270905157,1262191772,1270905158,1262208954,1262199922,1262209046,1262211982,1262197197,1262199746,1262212615,1235856128,1262189828,1262204404,1262207790,1262187555,1262194051,1262209878,1262203354,1262195649,1262195757,1262194653,1262194554,1262211270,1262184239,1262199090,1262207066,1262200228,1262201419,1262204490,1262208777,1262203604,1235856183,1262195521,1262196422,1270651264,1262196590,1262204352,1235856103,1262195266,1262184741,12194813096,13208780377,1235856064,1262204271,1262196312,1262208882,1262197328,1262196148,1262212974,1262204577,1262188303,1262200697,1262195966,1262192766,1262199820,1262199291,937605171,1262199772,937954712,1262182632,1262212512,1262199811,1262199749,1262188243,1262206716,1262207159,1262212066,1262208315,1198867441,1198867537,1262208216,1169944015,1198867556,1198867687,1198867567,1262204512,1262201395,1262194929,1262196877,1262195824,1262211446,1262208031,1262196779,1262210312,1231011141,1262190386,1262195510,1262200404,1262204567,1262212826,1262211802,1262194968,1262198250,1262202417,1262185638,1262198884,1262195633,1262212644,1262199697,1262183610,1262209326,1169944001,1262210342,1262201382,1199240610,1262192916,1262195506,1262204561,1169944104,1169944065,1262182640,1262208804,1262203594,1262199227,1262182243,1262199140,1262197279,1262197344,1262205700,1262209070,1262208866,1262193851,1262204144,1262195892,1262197057,1262208091,1262181780,1262207924,1262187051,1262197366,1262209473,1262193104,13208780379,1262208589,1231011153,1262195698,1262204769,13208780378,12876021883,3226552301,3226552300,1262201740,1262187727,3226552298,3226552302,3226552299,1262209157,1262199236,13208780374,1262202819,1262210263,1262203708,1262186164,1262186807,1262201120,1262188886,1262193412,1262209328,1262203860,1262182532,11599304627,1262184893,1262209370,1235926929,3351615326,1262199149,1235926936,1262185187,3351625103,1236572793,1262184724,1262201445,13208780376,1262208415,1496716014,1262196218,1262204674,8494339395,1236572687"
Residenza universitaria Palazzo degli Stemmi,45.0675574,7.6916674,mobilità,charging_station,0,5,20,49,"13074606106,13074583239,12974489257,3906163545,13254288285,9884949609,9884949607,9884949611,9884949608,9884949610,10676666527,11676231525,9671594609,3906238205,11694139826,13254333741,12881604940,10132403023,10132403019,10132403022,10132403020,10132403021,10024930203,12848949670,12385342507,3906239156,5545493680,5255643474,10024930198,10024930204,9903597728,3906262432,11330971755,13175098408,9903597720,9903597736,11640502278,544516332,12849058997,9903597730,9892110268,7944759282,11243926724,11243926727,11243926726,11243926728,11243926725,9386005083,13064911110"
Residenza universitaria Palazzo degli Stemmi,45.0675574,7.6916674,mobilità,car_sharing,0,0,0,2,"4749176847,3906283850"
Residenza universitaria Palazzo degli Stemmi,45.0675574,7.6916674,mobilità,taxi,0,2,7,15,"2016414163,3241731973,2902424082,8316678430,2019632236,604332918,5020220491,5020220492,3241731972,3241731971,5941325188,3241731964,2902424078,2902424079,2898774433"
Residenza universitaria Palazzo degli Stemmi,45.0675574,7.6916674,mobilità,parking,4,14,34,154,"1383582583,1381841252,1381841251,12809872841,1381841253,635372762,635372763,320706078,320706077,166616053,166611428,1062840998,1063527547,596527947,489020583,1409158807,7195363113,282924801,191173232,747831924,7573315188,966980831,45819032,1432694418,1433218612,842479608,842479609,842479611,1256054371,1441572060,411031505,1255963826,1256019628,4127735019,4127734643,4127734444,1414322225,1455462286,4488383689,248772281,248160665,13260980844,2019632224,1227966229,275161406,2284374403,5997771287,5997780786,320706080,5997812985,635372765,320706079,3363420315,22953965,1218557983,1057905850,316211275,319749756,249248499,319742232,191375051,5941325249,193000008,435793218,1255999599,731592384,731605916,436314967,242957870,6851422048,733635639,358681039,124778755,1262706519,3343691149,4127735255,1383338299,4127735240,167858828,132957389,3343561833,3343599887,280507600,108460658,129075967,308881884,5997772786,5997773586,5997772787,5997773587,5997780785,96556746,5993028887,5993028888,635989603,5997762385,308834324,1122299605,5997837886,5997837887,5997806485,5997788087,5997771286,108459796,652758231,262648990,365889975,288283917,1107364662,365889357,846901935,1107364663,388422914,256336198,149459698,288891940,1215783014,256336302,1215783015,7115553619,256336239,1215783013,1215783012,1215783010,1215783011,1266554225,455120610,1266554226,1266554228,3343577420,577263229,166616614,846901934,328929579,1421696089,1158404279,1158404305,1158404302,1158404303,1158404300,1158404301,1158404304,1158454601,846003849,846003846,846003847,3343610008,1421696091,976250146,846003848,976250143,690662128,450287462,308881882"
Residenza universitaria Palazzo degli Stemmi,45.0675574,7.6916674,mobilità,car_rental,0,2,2,5,"6113511883,11104716244,5628622134,5941325247,5941325228"
Residenza universitaria Palazzo degli Stemmi,45.0675574,7.6916674,mobilità,bicycle_parking,8,24,93,218,"10011778505,9536387625,706004735,9536764388,9515661833,2699754605,10159318064,2699757982,2699757981,2699757980,2699757979,2699757984,2699757986,2699757987,2699752839,2699757988,2699753945,2699754607,2699754613,2699754610,2699754609,13142999531,13143056907,10741520276,10741540187,2699752835,13142731612,2699752836,2699752843,2699752848,12423088352,12423084564,2699752837,2699752846,2699752855,2699752850,12227768290,12962232569,11082056515,11082056516,11082056517,5226211759,7076001868,12365551375,7076001867,7076001864,7076001863,7076001865,13283071994,13283160701,13283086792,9122302517,6909804800,9330196749,5594891026,13283101982,9038187426,13283226975,11274729970,9884528466,7076063196,7076063197,7076063198,9321076956,4063688590,7076001861,7076001862,2282486102,5113659453,7076001866,11983497399,11983479625,2017190763,2018982169,7076063202,7076063203,12009896156,13324660699,7076063201,10884404308,7076063200,7076063199,12681485187,12681485188,6149852920,2699753943,2699753944,2699753946,2699753947,2699753951,2699753950,2699753949,2699753948,5117627158,5113659515,10779500105,2699753644,5968582882,5968581908,6827178603,12068659438,5941325235,2699753641,2699753643,2699753642,7076063204,7076063205,7076063206,11277111680,11277111681,7076063207,10777961006,12650442898,7076063208,7076063209,8026222938,7076063210,7076063211,7076063212,7076063213,5117627124,5941324676,5941324684,5941325233,2048050409,5941324672,11966746787,5941325227,5941325219,11966792060,5941325190,9740895475,12634535120,12634548501,12634222020,12634416056,9740895502,9740888733,10759662318,11238380039,11238380037,11238380038,13011786017,13011795861,11368531149,9224843549,11832986276,12020238320,11964721442,11832991702,11832980125,11379545987,11379561478,12812076106,12843998249,12986009917,12915235956,8269943195,2699752844,2699752833,2699752840,2699752831,10951467173,2699752842,10951467161,2699752853,10883132771,2699752854,2699752859,2699752857,2699752834,2699752832,9307377317,9307358113,13074641241,6851396187,5998289584,5998291995,9740888734,12182105961,11622870823,10823910305,10827570606,12960979068,2699743594,12960995980,13031774310,13031783911,13031773532,13031773533,10767946305,10823892608,12208848355,10823869008,12852846568,5542175056,9903597733,13143013240,5542175064,5542175063,10994156060,10994156059,11622870824,5542175057,5534040230,5534052431,13143058309,13143034941,13143041199,5542175058,5542175059,5542175061,13143022643,10994232050,5542175062,10833478805,11717312584,3953590159"
Residenza universitaria Palazzo degli Stemmi,45.0675574,7.6916674,mobilità,bicycle_rental,0,0,0,1,12068398566
Residenza universitaria Palazzo degli Stemmi,45.0675574,7.6916674,mobilità,primary,0,0,0,0,
Residenza universitaria Palazzo degli Stemmi,45.0675574,7.6916674,mobilità,secondary,0,0,0,0,
Residenza universitaria Palazzo degli Stemmi,45.0675574,7.6916674,verde,park,1,1,12,45,"130457686,23034764,698756805,549096612,1432694404,287696722,109742701,23026345,22897848,543676718,457323344,287707677,753231466,479486904,816783671,895647570,61732303,1075763396,369707777,83076324,479483771,319279820,22879264,22908088,23055671,256465204,256465522,369795270,22908071,12233633301,690662131,690745660,259895475,1157616170,290706661,690745503,690738904,690738908,690738906,690745039,690662573,690663659,690765813,816783192,689198379"
Residenza universitaria Palazzo degli Stemmi,45.0675574,7.6916674,verde,garden,1,8,24,150,"130448587,130448589,130448590,130448588,1064035772,1064035771,664912057,191051285,1431902908,1431902907,1431902906,1432497788,635651375,1432497787,1432497786,303807502,1432497777,1432497771,1432497780,1432542554,1432694413,1432542546,1432694420,1432694414,1432694410,1432694408,1433218603,1432694412,1433516891,1433516897,1432694406,1433516899,1433218602,1433218608,1433218609,1433218611,635651377,1433516893,1433516896,1434558345,1434859342,1431214248,1433516866,1434558331,1433516869,1433516870,1434558326,1434859339,1434558323,1434558321,1434558344,1434859340,1433516867,1434859343,1434859351,1434859338,1434558312,1434558342,1434558339,1434558336,1434558316,1433516874,1434558328,1434558319,1434558314,1434558315,1433516882,1434558313,1433516875,1434859334,1434859333,1434558318,1434558317,1435026103,1435026104,1441572055,1412323438,1411246328,1441572058,561608551,23054276,318993599,251488296,23026360,302764761,1060217784,1060217774,848959753,848959890,689197828,689197827,411053238,633972127,411053241,633972128,689196222,740007653,741636656,689196221,689196217,741636655,689196220,740007650,689196218,327419031,740007635,740007643,741636682,560991929,814961233,814960644,813403362,800531670,696993949,814962000,813408161,814962760,813403198,800530563,800525157,324477119,29184190,585434921,585434922,585434925,1067243272,761582377,761951452,761951453,761951455,761951457,761951454,761582373,761951459,761951458,761582372,761951460,761951456,741636663,725758014,846901933,1158404280,1266554235,1266554238,741636695,816782637,800525442,690660411,28229702,960205126"
Residenza universitaria Palazzo degli Stemmi,45.0675574,7.6916674,verde,grass,0,11,87,151,"318948807,326073532,326073533,319649516,462066644,130448586,130448583,1062853763,561611213,561611216,561611209,561611219,561611214,561611211,561611221,561611218,123242586,123242589,123242584,1447741497,1264205127,112698197,112698185,112698601,842026974,1433516865,1455462300,1455462921,1455462291,1455462301,337361722,1362575098,192061493,192061494,192061492,192061489,192061490,192061491,1272990787,245046146,1098853222,245045846,397809397,616677987,616677976,616677985,616677978,616677983,616677980,245045845,337361720,337361721,245045844,289014365,411053235,129209564,129209563,689196219,577440411,616984807,616984808,616984806,616984803,616984802,288798832,288798834,288798833,494676505,258298837,1173001074,1173001075,1173001079,1173001078,1173001076,1173001077,1173001084,1173001091,1173001083,288283918,1254120835,1173001072,1118869379,1173001073,1118869380,1173001095,1173001100,1173001099,1173001110,1173001101,1173001109,1173001098,1173001088,1173001107,1173001102,1173001108,1173001094,1415617395,1415617396,961875681,961875680,1250264722,1266554234,577263226,577267981,577271848,577267982,577271851,577267983,577271853,577267984,577271856,577267985,577271858,577271820,577271823,577271824,577271846,577271825,577271827,577271843,577271830,577271832,577271835,577271841,577271839,577271838,577271836,577271861,577440401,577440403,577440407,129839957,577558249,530332686,578956725,577558253,577558252,577275421,1193255688,577558261,577275422,577558254,1158454605,259895474,1196407026,28229696,1193255687,280506717,865725444,865725443,392224999"
Residenza universitaria Palazzo degli Stemmi,45.0675574,7.6916674,verde,wood,0,0,1,9,"1433516888,1431214247,1434859332,1433516863,1434859344,1434859331,256204633,457323345,256204642"
Residenza universitaria Palazzo degli Stemmi,45.0675574,7.6916674,verde,forest,0,0,1,3,"28110850,1075063885,585434926"
Residenza universitaria Palazzo degli Stemmi,45.0675574,7.6916674,verde,meadow,0,0,0,0,
Residenza universitaria Palazzo degli Stemmi,45.0675574,7.6916674,verde,scrub,0,0,0,4,"360131117,1432694422,1441572063,1066637351"
Residenza universitaria Palazzo degli Stemmi,45.0675574,7.6916674,verde,allotments,0,0,0,2,"328621268,328623930"
Residenza universitaria Palazzo degli Stemmi,45.0675574,7.6916674,verde,playground,0,4,11,23,"130457685,561242634,1193870930,1433218613,1432694403,1780526494,191211963,1168299039,1170974105,1054786065,9215807657,10221497811,5206224432,12851950094,2505158924,552214398,623124807,1291894961,108460659,577440400,8464466018,1157616172,310660806"
Residenza universitaria Palazzo degli Stemmi,45.0675574,7.6916674,verde,recreation_ground,0,0,0,0,
Residenza universitaria Palazzo degli Stemmi,45.0675574,7.6916674,verde,nature_reserve,0,0,0,0,
Residenza universitaria Palazzo degli Stemmi,45.0675574,7.6916674,verde,lake,0,0,0,0,
Residenza universitaria Palazzo degli Stemmi,45.0675574,7.6916674,verde,reservoir,0,0,0,0,
Residenza universitaria Palazzo degli Stemmi,45.0675574,7.6916674,sport,fitness_centre,1,4,7,14,"12886908643,9463603381,10067097220,10784287024,12327658096,2018982152,4736058200,12547891555,11049505605,6851326135,3349809096,3343770523,11534701686,13011248973"
Residenza universitaria Palazzo degli Stemmi,45.0675574,7.6916674,sport,sports_centre,1,1,6,14,"188466381,3332362719,749439074,256781255,286976821,9792328371,630344434,458039656,288893797,458039655,3352111838,3355734546,3355731107,11991054569"
Residenza universitaria Palazzo degli Stemmi,45.0675574,7.6916674,sport,stadium,0,0,0,0,
Residenza universitaria Palazzo degli Stemmi,45.0675574,7.6916674,sport,swimming_pool,0,0,1,14,"1118749030,1118749029,1118749028,749439076,856951591,1431902913,1433218610,1433218607,899626040,1323785257,320710589,1270460659,1066094579,769051964"
Residenza universitaria Palazzo degli Stemmi,45.0675574,7.6916674,sport,water_park,0,0,0,0,
Residenza universitaria Palazzo degli Stemmi,45.0675574,7.6916674,sport,pitch,1,2,18,49,"1065476429,1014573092,1058452924,915561405,362273176,13284561433,13284561431,923782195,923780960,915561404,13284561432,1089685037,1005248573,1005248575,1005248574,5410221475,117526387,1347180844,1190222149,117526384,1190222452,1190222148,117526386,1347180845,117526378,1347180843,245045843,1062624219,358681038,358681041,358681042,358681037,119456036,256368311,1418747925,578921511,1315551317,1315551316,319284839,809362112,218287346,256770955,10994156063,10994273932,179477508,259895250,1157616171,1212265100,960202951"
Residenza universitaria Palazzo degli Stemmi,45.0675574,7.6916674,sport,tennis_court,0,0,0,0,
Residenza universitaria Palazzo degli Stemmi,45.0675574,7.6916674,sport,golf_course,0,0,0,0,
Residenza universitaria Palazzo degli Stemmi,45.0675574,7.6916674,sport,ice_rink,0,0,0,0,
Residenza universitaria Palazzo degli Stemmi,45.0675574,7.6916674,sport,bowling_alley,0,0,0,0,
Residenza universitaria Palazzo degli Stemmi,45.0675574,7.6916674,sport,climbing_wall,0,0,0,0,
Residenza universitaria Palazzo degli Stemmi,45.0675574,7.6916674,sport,gym,0,0,0,0,
Residenza universitaria Palazzo degli Stemmi,45.0675574,7.6916674,commerciale,shop,0,0,0,0,
Residenza universitaria Palazzo degli Stemmi,45.0675574,7.6916674,educazione,school,3,8,13,46,"1065476430,315598789,4736111631,340249805,334684164,426293828,4736081694,4736084237,6189845887,190499456,190499455,298804713,1075307126,243074534,250151807,2284034343,2284034348,117493773,1304814076,1168299038,10765663105,450287805,1091923526,3343680527,42864476,1168299037,108601368,7796907023,1176873243,82256497,3343687306,3343687307,616984801,412663770,83076321,1081110260,182884900,453290904,322254779,322254780,322254777,286107710,3343605435,3343615248,616994936,3343636574"
Residenza universitaria Palazzo degli Stemmi,45.0675574,7.6916674,educazione,kindergarten,1,1,3,15,"314888176,12227784321,1328540432,2284034346,219014163,7807308276,12768280010,412663769,1603601080,10896540919,2018099976,256387052,453757173,12233633201,7038759586"
Residenza universitaria Palazzo degli Stemmi,45.0675574,7.6916674,educazione,university,6,16,18,37,"8903777986,1107125328,1107125331,988062105,6944502291,6945638233,10132258250,6944516128,6944505643,6945671127,2714024340,749760378,9430411581,6339286102,4605849272,4605836657,4605847888,4605836658,192604816,2577028412,2577029282,2018055299,2018055301,9739802942,2503902059,3363964793,6851326132,4086214801,2018087957,1218747279,6851439272,651771955,4735868696,10237789518,453757181,3349733649,450278224"
Residenza universitaria Palazzo degli Stemmi,45.0675574,7.6916674,educazione,college,0,0,2,3,"780144763,318997570,12248046055"
Residenza universitaria Palazzo degli Stemmi,45.0675574,7.6916674,educazione,music_school,0,0,2,2,"28109102,3343797841"
Residenza universitaria Palazzo degli Stemmi,45.0675574,7.6916674,educazione,driving_school,1,3,4,9,"12886844895,10879184439,11841904325,12165781951,12089511784,316203024,12077001867,9762124287,3473130432"
Residenza universitaria Palazzo degli Stemmi,45.0675574,7.6916674,educazione,research_institute,0,0,0,2,"190482116,6241694510"
Residenza universitaria Palazzo degli Stemmi,45.0675574,7.6916674,educazione,vocational_school,0,0,0,0,
Residenza universitaria Palazzo degli Stemmi,45.0675574,7.6916674,educazione,library,0,2,8,12,"243093474,10229510808,4209315503,11806550856,4936115896,9693041809,3352114524,909179631,117351946,6074405709,4849156539,3345600834"
Residenza universitaria Palazzo degli Stemmi,45.0675574,7.6916674,educazione,archive,0,0,0,0,
Residenza universitaria Palazzo degli Stemmi,45.0675574,7.6916674,educazione,museum,4,7,17,35,"12072302022,123180294,435784636,4572133130,4736079916,6433974757,12393405666,6433935512,9585924917,5171950042,246516587,246643344,6432836094,2177769729,1333701144,6435420518,6431480861,2026479833,318938052,2026479832,246443715,6432887576,6432637423,11267476069,4908362221,6434268049,1628071063,248771289,6433944342,11217521918,246516619,9757285250,761582364,4067344493,3349838584"
Residenza universitaria Palazzo degli Stemmi,45.0675574,7.6916674,educazione,community_centre,0,1,3,6,"194336591,12548906803,3363460993,3352189835,12766851574,104339324"
Residenza universitaria Paoli,45.052169,7.6691217,sanità,healthcare,0,0,0,0,
Residenza universitaria Paoli,45.052169,7.6691217,sanità,pharmacy,2,5,22,67,"1470609151,7310631667,6649834586,12703506925,7392300898,4735799619,4735803897,7310501808,4553612464,4735016415,3147953801,1670302089,2135139106,4734594417,4734593954,7380131545,4289452247,1198867317,4735667414,4735021763,4735023412,12814474916,2592486643,7310501806,7310088536,6029326322,4735669404,4735721872,12800044441,2036336905,2036356385,4735719316,4412226590,9140119438,4735717950,7384890987,7376141996,3344782869,4736115522,7379836453,12798227483,4735804570,4735804530,11782400574,2036360279,3893151255,4735829063,2018737316,4735056034,4735717430,2018187040,619193786,4735828988,3224067528,5255625937,2593187678,2048347744,2018203641,5628622146,1333701639,2018982162,2019517474,2019532938,5110808474,4736057638,4736055182,5206578925"
Residenza universitaria Paoli,45.052169,7.6691217,sanità,dentist,0,1,5,15,"7261094839,9568693092,10698834221,8569291136,10751445003,12886910727,10737466798,2016414024,351676886,8463109068,2406157072,11296229554,4195848889,5941324678,3373033912"
Residenza universitaria Paoli,45.052169,7.6691217,sanità,veterinary,0,0,3,7,"6948201811,7023650031,8518082749,11283174640,6942723111,4735830189,4736055191"
Residenza universitaria Paoli,45.052169,7.6691217,sanità,optician,0,0,0,0,
Residenza universitaria Paoli,45.052169,7.6691217,sanità,medical_supply,0,2,2,5,"12867088801,12752031502,11283227093,11064390829,3957940798"
Residenza universitaria Paoli,45.052169,7.6691217,sanità,defibrillator,2,2,6,23,"13271881201,12599100593,13271881701,13308607340,9376999100,10243877109,7227510560,12237513601,12829755501,11071576234,9552060491,9137861147,7232177660,9515896704,12484268753,5121847084,4374929675,13015096966,8356951251,8210481138,6705560885,11273669529,5113659443"
Residenza universitaria Paoli,45.052169,7.6691217,sanità,hospital,0,2,2,9,"3538127652,305681074,3070468685,149116211,3538149956,26294487,1196653949,190728046,191194250"
Residenza universitaria Paoli,45.052169,7.6691217,sanità,clinic,0,8,11,27,"4086300425,4086281841,1266944688,10769159379,1196177763,395057467,12816667601,12816667602,12816909558,12816909553,12814452400,12816909554,12814474932,12814452396,4735802143,10769197381,4086304459,6664922333,822529092,4735668281,4162728590,464291813,12168612107,3893264712,385995302,10698816652,2284074743"
Residenza universitaria Paoli,45.052169,7.6691217,sanità,doctors,0,0,0,0,
Residenza universitaria Paoli,45.052169,7.6691217,mobilità,station,0,1,3,9,"1621378603,3253332071,893193542,1621697594,543360161,254594416,1622042729,3395226356,254594415"
Residenza universitaria Paoli,45.052169,7.6691217,mobilità,subway_entrance,0,3,9,34,"3431330484,3431330485,3431330483,2617655139,1621378602,1621378600,1621378601,1213993997,1213994125,1213994014,3253332073,3431326297,3431314079,3431314078,10235736538,3431314077,3431314076,3431314075,10235736525,3431314080,3253332072,1622042886,3283904468,1622042919,3431326298,5020207823,5020207824,1262284319,10260242427,10260242426,1262284354,2014746582,1262284353,10260242428"
Residenza universitaria Paoli,45.052169,7.6691217,mobilità,tram_stop,2,8,32,99,"941491848,941491526,945383213,945383294,945383236,945383225,941491790,941491681,941491813,941491908,945383170,945383228,945383209,945383242,1262202670,1230710325,1230709627,1230709993,1231011146,945383335,945383168,1230709942,1230709908,1231011227,941491761,941491518,941491902,941491727,1168929313,1167320836,1168929291,941491699,1167320919,941491496,1230709954,1230710110,1230709892,941491640,941491856,938733459,938733498,945268814,945268800,1185414536,1168929618,945268789,945268816,1167321000,1168270429,945268799,1199240661,1229263858,1167320990,1167320859,1167321088,1167321041,1167320969,1167320960,1185414562,1168270672,1185414492,945268801,945268822,950433574,951424216,1230710018,4997702728,1229827204,1231011119,1229827337,1231011175,1229580323,1229827230,1229580314,1229827620,941491483,941491672,941491612,1168270471,1168270534,941491716,941491868,1185414486,1229580315,1229827224,1227966230,1168270660,1185414504,1227966231,1167320937,12101484067,1168929427,12100765982,1229827150,1229580304,1230710216,1230709587,1227966234,1227966232"
Residenza universitaria Paoli,45.052169,7.6691217,mobilità,bus_stop,4,21,94,342,"937591308,937591430,1262195704,1262210241,1262210434,1262199934,1262190229,1262187182,2291878598,2291878608,1262186555,1262202902,1262211523,1262209999,1262195661,1262210202,1262191964,1262204703,1262200130,1262200239,1262209564,1262199832,1262187034,1262212592,1262212443,1262184011,441698016,441698012,1262185459,937591581,1262207453,937591513,1262210240,1199003172,1199003187,1262209969,1262197382,1262194763,1262195528,1262182441,1262203530,1262209783,1262203317,1262201548,1262194534,1185441565,1262208618,1185441540,1185441579,937591574,1213368937,1262204355,1185441569,1262183019,937591597,1262201258,937605183,937605179,1198909279,1198909287,937605170,937605201,937605172,10200584299,1185414537,10200408844,1262206025,1185414591,1262212245,1262212777,1262192470,1262208298,1262197981,1262194443,1185441549,1262197105,1185441551,1262186201,1262199241,1185441575,10200584300,10200408843,1262198072,1262197194,1230710356,1230710401,1262209161,1262194483,1213368919,1198867501,1198867296,1185441587,3979495903,10200408842,1262208027,1185441561,1230710173,1230709749,1262204124,1185441537,1231011169,1262194463,1212944734,1212944745,1262206303,1262208993,1262196617,1262196377,1262205652,1262198085,1262188120,1262192773,1262202694,1262199993,1262198818,1262207113,1262182479,1262189238,1213368963,1185809746,1185809738,1262208641,1185809741,1262208307,1185414473,1185809759,1262194959,1262188782,1185809737,1262199883,1262204464,1262187238,1262197176,1262207473,1262195467,1262192496,1262195984,1262196079,1262196389,1262189057,1262207017,1185809754,1185809736,1399644213,1131464110,1399644528,1262212319,937605193,937605195,937605181,937605194,937605189,1262198275,1198867720,1262200618,1262210403,1198867646,1198867624,1262199732,1198867456,1167320783,1262207954,1262187635,1262208539,1262200757,1262204432,1262205523,1262195376,1262203331,1262207470,1262195744,1185414571,1231011126,1168929258,1198867528,1199003141,1168929465,1185815850,1262195065,1262182588,937605174,937605197,1168270670,1199240778,937605169,1168929641,937605192,1168929327,937605175,1262195535,937605200,1229263756,1262201038,1262206788,1198867355,1262188427,13357227255,1198867590,1198867343,1198867678,1168929435,1198867713,1168929622,937605184,1185414408,1525407946,1262208796,937605187,1262193964,1262202938,1262210261,1262196361,1262193644,1262211503,937605188,1168270573,1262212991,1262198618,10938458344,1569038269,12074187316,1262197341,1185414556,1185414572,1199240547,1569038260,1262196253,1262201459,937605198,937605176,1262203237,1262184768,1262199100,1262207759,1262195389,1262197179,1262186062,1262205538,1262185598,1262203692,1262190108,1262203588,1262190098,1262209814,1262208210,1262204320,1262192681,1262200032,1262190944,1262212994,1262195471,1262209837,1262196128,1262195993,1491228853,1262210935,1262182560,1262201063,1262187879,1262203150,1262212811,1262183335,1262204440,5594891025,1262199964,1262199168,1262182219,1399644425,1262198176,1262197433,1262192786,1262197275,1262200205,1262207921,1262210546,1262182382,1262192501,1262201910,1262192626,1229580308,4605836659,1262204898,12876021888,1229580300,1262196307,1262196647,1262212519,1262207853,1262210350,1262190981,1262207187,1262197218,1262184662,1262204656,1168929344,1262197041,1262207547,1198867604,8289837996,1262195219,8289837997,1262185354,1262181975,1262197387,1168270553,1168929565,1168270407,10200408841,4575722855,10066805517,1185414522,1262199608,1491228855,1262202711,1262199542,1262186722,1229580316,1229827663,1262208483,10136283371,1168270570,1168270559,1185414520,12876021885,1262211444,1168929371,1262200499,1262196215,1262201567,1262196300,1262198051,1262197657,1525407917,1262206483,1168929432,1229827101,1229580311,1399644118,1262197436,1262211451,1168270639,1185414410"
Residenza universitaria Paoli,45.052169,7.6691217,mobilità,charging_station,1,3,12,60,"10200314273,9826286312,9369861982,9369861983,9826286313,9826286311,9826286304,9826286310,9826286309,9826286308,9826286307,9826286305,9826286306,10023825560,11066736413,10023825565,10023825563,10023825564,10023825562,10023825561,4691906384,5787665000,4691906382,9568693093,10686606848,4691906381,8273687163,12206458665,9331784402,5545629913,10862580324,11107468089,10023825566,11253226587,9056770766,8496473717,8496473719,8496473718,13254288285,9884949609,9884949607,9884949611,9884949608,9884949610,10676666527,3906238205,11694139826,13254333741,12881604940,10132403023,10132403019,10132403022,10132403020,10132403021,10024930203,12848949670,12385342507,3906239156,5545493680,10024930198"
Residenza universitaria Paoli,45.052169,7.6691217,mobilità,car_sharing,0,0,0,0,
Residenza universitaria Paoli,45.052169,7.6691217,mobilità,taxi,0,1,3,10,"7211219153,1720500302,1470612633,450595752,4289455496,2016414163,8316678430,2019632236,5020220491,5941325188"
Residenza universitaria Paoli,45.052169,7.6691217,mobilità,parking,1,10,32,151,"802596631,243354153,166581389,1287311508,1287311509,588758207,562884412,515614122,325025599,48275806,253301357,305680190,305940763,190437232,190437231,1318046506,588758206,1318046507,12026842569,166457327,4247924022,54740253,4247924125,560321339,646904179,166583965,166596459,241336708,1128003509,166585310,3319891484,131477884,166652711,166652710,791410567,792699652,841495751,841502849,140260606,83808962,106366574,376495005,154500752,839476414,839476413,270802496,839634184,7077733654,693367780,693367779,1032863499,300189916,287520875,1027356692,330956379,330956378,313088902,313088903,166630018,291492675,50259560,1126042539,1126043797,1126047090,1190970428,1340364497,49580893,925276467,1348523735,108470282,942603632,942603631,736824357,706164324,730684398,1300583616,1419477429,736824358,1076957801,730771775,166652712,83042948,1383582583,1381841252,1381841251,5693045436,12809872841,1381841253,132528231,222172799,166611428,257509768,305940327,588952908,305941030,257509769,257509770,257509771,257509772,82207171,257509773,257509774,1046462111,770822807,770822809,770822808,454001359,454001349,1621697577,257509778,257509777,330503346,915561379,1218148322,914641500,914641495,914641496,914641504,914641505,914641487,914641506,596527947,914641494,489020583,1409158807,7195363113,282924801,191173232,112172255,747831924,7573315188,966980831,45819032,1432694418,1433218612,842479608,842479609,1455462286,4488383689,248772281,248160665,13260980844,2019632224,1227966229,275161406,2284374403,320706079,3363420315,1218557983,1057905850,319749756"
Residenza universitaria Paoli,45.052169,7.6691217,mobilità,car_rental,1,1,4,6,"1170039574,1170039581,13363265154,6113511883,11104716244,5628622134"
Residenza universitaria Paoli,45.052169,7.6691217,mobilità,bicycle_parking,0,10,32,213,"2699765012,2699765013,10247952609,2699836878,2699836877,9826286292,12168185381,11648561445,11648573495,2699836884,2699836885,2699836886,2699836887,2699836888,2699836889,12233636601,11766605054,2699836883,2699836880,638741739,2524446376,638741442,7685876482,10873504948,7685967899,2699774350,2699774352,11274729869,1780322685,7076063185,1780322731,11274729769,2699759047,2699759049,2699759048,10852570101,3799076904,7635131587,6104249055,7063812962,10873504950,10873504949,2699760635,2699760634,10873504974,7918354187,10853204514,2699759050,2699760639,7785624492,9565968757,2699759052,2699759053,2699759051,2699760636,2699760637,2699759056,2699759058,2699759057,2699757974,443101911,7815134909,7815134911,7815134910,7815134913,7815134912,12394522606,12394489858,10873504973,6912162938,7815134903,10113463334,10113463333,10113463332,10113463331,9580694089,10113463330,10113463329,10113463335,2016369763,2017759603,11673291208,11673243325,7076063186,7076063187,7076063189,7076063188,5347703556,12153279090,7076001884,11933465157,7076001882,2635518486,7076001883,7076001878,7076063193,7076063194,7076063195,7076063192,2699759055,2699759054,11913808736,7054259454,9771620395,10011778505,7076063191,6954549387,6954549388,1783770824,10873504971,1783770825,10802789582,2699757972,2699757973,2699757978,2699757975,9536387625,706004735,9536764388,9515661833,2699754605,2632353490,10873504970,7025739876,10873504969,10159318064,2699757980,2699757979,2699753945,2699754607,2699754610,2699754609,7076001881,7076001880,7076001879,7076063190,12168185377,8496468307,11082056515,8496468304,8496468306,8496468305,11082056516,11082056517,11182198684,5226211759,7076001868,12365551375,7076001867,7076001864,7076001863,7076001865,13283071994,13283160701,13283086792,9122302517,6909804800,9330196749,5594891026,13283101982,8638211147,9038187426,13283226975,11274729970,9884528466,7076063196,7076063197,9321076956,4063688590,7076001861,7076001862,2282486102,5113659453,7076001866,11983497399,11983479625,2017190763,2018982169,7076063202,7076063203,12009896156,13324660699,7076063201,10884404308,7076063200,7076063199,12681485187,12681485188,6149852920,2699753943,2699753944,2699753946,2699753947,5117627158,5113659515,10779500105,5968582882,5968581908,12068659438,7076063204,7076063205,7076063206,11277111680,11277111681,7076063207,10777961006,12650442898,7076063208,7076063209,7076063210,7076063211,7076063212,7076063213"
Residenza universitaria Paoli,45.052169,7.6691217,mobilità,bicycle_rental,0,0,0,2,"5169986448,12068398566"
Residenza universitaria Paoli,45.052169,7.6691217,mobilità,primary,0,0,0,0,
Residenza universitaria Paoli,45.052169,7.6691217,mobilità,secondary,0,0,0,0,
Residenza universitaria Paoli,45.052169,7.6691217,verde,park,1,1,7,32,"243356957,759194439,37201910,36956969,1119404704,588666372,305683893,589659003,579229093,646904177,799333352,646904181,149395093,166596454,171271678,104147826,166986552,83808971,848000866,106251930,44503795,88206888,149395470,39789990,589863206,1164953300,335352981,698756805,549096612,112172943,23026345,22897848"
Residenza universitaria Paoli,45.052169,7.6691217,verde,garden,0,3,13,79,"799305148,588421219,588421218,759206589,759206590,106331386,1135279260,140266730,107167208,436247597,436245116,436245118,436245117,23089011,589878717,436247596,28193052,3784063293,306423388,1430193314,1430193313,1430193319,1430193315,108470281,404714970,29183708,1430193309,23089014,581600236,664912057,191051285,1429668701,1429927720,1429668708,1429668706,1429668703,1429927718,1430193311,1431902919,1432497805,1432497804,1431902918,1432497803,1431902920,1432497799,1431902926,1431902917,1431902925,1431902923,1432497802,1431902908,1431902916,1432497790,1432497798,1432497801,1431902915,1431902907,1431902906,1432497788,635651375,1432497787,1432497786,303807502,1432497777,1432497771,1432497780,1432542554,1432694413,1432542546,1432694420,1432694414,1432694410,1432694408,1433218603,1432694412,1432694406,1433218609,1433218611,561608551"
Residenza universitaria Paoli,45.052169,7.6691217,verde,grass,2,7,64,356,"288835317,666707223,759194441,706744158,500726176,500726174,588758210,563089035,706744166,563084879,563089033,706744165,588758205,588758209,485909319,500657170,562884416,485909320,485900905,485909318,485909324,485909323,562884414,588421212,485909321,562884415,516654049,485909322,588745417,588745424,588745422,588745419,515616816,588745408,588745405,588745412,588745410,101510078,612374681,612374682,588952912,612374680,588952906,588666384,588666381,588666382,588726773,588758208,1132207955,1132207950,1132207951,1132207954,1132207953,1132207957,288835312,288835318,486174619,561542442,561542441,486174620,486174618,486174616,486174615,1239626888,1239626887,579229113,561619126,561619122,561619130,561619125,1132492706,561619121,579229112,1132492002,579229108,561619129,1132492003,579229110,579229099,579229097,579229106,579229101,1132209306,862454070,1132207952,1128002965,1128002964,1132207956,1128002962,1128002963,1311364296,154500720,687010710,687010712,891907991,687010711,154500733,1126792071,131477879,166596453,131477878,757727656,131477880,757727655,646909062,687010714,687010713,687010715,687010716,154500739,154500731,154500729,1066997745,234298691,154500724,316299344,154500737,154500736,315954828,234298714,234298715,234298692,234298708,234298712,234298709,234298702,234298698,234298695,234298694,234298699,234298703,234298687,234298690,234298711,234298688,234298710,234298707,234298706,234298700,234298713,234298697,234298696,234298689,234298693,234298705,234298701,234298704,315954833,181232343,181232355,181232342,181232349,181232340,181232352,286653246,181232353,181232350,181232347,181232345,181232348,181232341,286653247,181232346,286767165,314388661,286767159,286767161,181232351,286653245,286653244,286653242,242409910,286653241,286646606,286647293,286653240,286653237,286646604,286646594,286645617,286653239,286646607,286647294,286646605,286647291,732177417,286646595,1236922853,286646601,732177420,732177418,286646602,732177419,286646603,286647290,286646597,577460557,485912130,485912131,485912126,485912128,485912129,579229154,485912127,579229089,1126040506,1126042440,730665854,690822581,690822578,690822577,579953323,579953322,579953321,579953320,579953319,579953318,579953317,579916574,579916577,579953316,579953328,690822582,379516467,579953324,379516466,579953327,579953326,579953325,690824765,690824749,690824748,866606424,922479075,922479076,730682845,730682868,730682867,730682869,589878721,730682864,730682866,945490938,730682863,730682844,589878716,945490937,943784964,943784963,943782516,943782515,730682843,589878718,730682865,730682842,730682862,589878720,589878719,589878715,1034782636,730684397,736826338,706164330,730771776,166653765,690808828,690808830,690808831,333831817,242409911,544187117,286636546,242409909,286656050,286636547,286636548,286664226,286636549,732157565,286664225,318948807,326073532,326073533,319649516,732157570,286656044,732157568,732157569,732157567,286656041,588733358,588733359,588733360,588952904,588733361,588952902,588733363,390805213,390805212,588726775,589459967,589459968,589459969,589459961,589459963,589459964,415224186,589459962,1047587836,1047587838,1047587837,1047587843,1047587839,1047587840,1047587841,1047587842,463612383,463612382,914641482,401668588,561611213,561611216,561611209,561611219,561611214,561611211,561611221,561611218,123242586,123242589,123242584,1447741497,1264205127,112698197,112698185,112698601,842026974,1455462300,1455462921,1455462291,1455462301,337361722,1362575098,245046146,1098853222,245045846,397809397,616677987,616677976,616677985,616677978,616677983,616677980,245045845,337361721,245045844"
Residenza universitaria Paoli,45.052169,7.6691217,verde,wood,0,0,0,5,"256204639,1429927729,1430558097,1431902912,256273453"
Residenza universitaria Paoli,45.052169,7.6691217,verde,forest,0,0,0,0,
Residenza universitaria Paoli,45.052169,7.6691217,verde,meadow,0,0,0,0,
Residenza universitaria Paoli,45.052169,7.6691217,verde,scrub,0,0,0,5,"360131117,1430193318,1429668705,1430558096,1432694422"
Residenza universitaria Paoli,45.052169,7.6691217,verde,allotments,0,0,0,1,328621268
Residenza universitaria Paoli,45.052169,7.6691217,verde,playground,0,1,11,39,"1135247414,171271131,77722951,589503930,50258285,77722952,111815995,579229091,50174964,7685973296,1114952714,10187943589,140235237,1135279252,165022279,306160704,556681453,906203825,306160702,448162839,1217815310,910933663,1445632679,660162335,660162333,942887046,942888157,105377046,83093080,4968614878,83051429,83051428,257509767,257509776,561242634,1193870930,132364747,1780526494,191211963"
Residenza universitaria Paoli,45.052169,7.6691217,verde,recreation_ground,0,0,0,0,
Residenza universitaria Paoli,45.052169,7.6691217,verde,nature_reserve,0,0,0,0,
Residenza universitaria Paoli,45.052169,7.6691217,verde,lake,0,0,0,0,
Residenza universitaria Paoli,45.052169,7.6691217,verde,reservoir,0,0,0,0,
Residenza universitaria Paoli,45.052169,7.6691217,sport,fitness_centre,2,2,4,16,"12980028801,12748314201,8518130285,5846394818,9568693090,11841788895,10736644789,12886908643,9463603381,11297477634,10067097220,10784287024,12327658096,2018982152,4736058200,12547891555"
Residenza universitaria Paoli,45.052169,7.6691217,sport,sports_centre,0,0,2,14,"41753512,646909066,3799075121,188466381,635797746,4735055931,4086520147,404714971,3332362719,749439074,256781255,286976821,9792328371,630344434"
Residenza universitaria Paoli,45.052169,7.6691217,sport,stadium,0,0,0,2,"481253195,652725229"
Residenza universitaria Paoli,45.052169,7.6691217,sport,swimming_pool,1,1,1,20,"49054011,106487528,191056430,1118749030,1118749029,1118749028,257509763,1422594069,749439076,1422594076,1432497807,1075063887,1422594077,1422594081,1263799982,1431902914,1432497796,856951591,1431902913,1433218610"
Residenza universitaria Paoli,45.052169,7.6691217,sport,water_park,0,0,0,0,
Residenza universitaria Paoli,45.052169,7.6691217,sport,pitch,0,0,13,96,"1114952586,166582169,166582150,166583970,481253196,499538129,124253933,425484921,1311366022,304926006,304926005,304926004,304926003,252850307,425484914,1311364291,1311364292,111815987,241336707,1385612307,689326916,1311364294,425484913,425484919,425484916,425484909,241263809,1311364295,1311364293,241263815,425484924,1132205221,7685973295,1062615795,1135281752,7685967898,823258433,166582149,166582159,166583971,860988474,151216651,10582643941,1135279253,166582161,1123200344,8415343321,1058456079,1058456078,906203826,556681458,556681459,7007648418,7007648417,436248508,448850336,1445632678,1058453911,839634186,839634187,253538106,1065476429,257509783,257509782,1347606402,1289661073,257509764,257509765,160090690,160090692,257509780,257509781,257509775,13151468861,390805226,257509784,869894480,859050130,859050133,869894478,869894475,869894481,1058452924,915561405,362273176,13284561433,13284561431,923782195,923780960,915561404,13284561432,1422594036,1422594070,1346976213,5410221475,245045843"
Residenza universitaria Paoli,45.052169,7.6691217,sport,tennis_court,0,0,0,0,
Residenza universitaria Paoli,45.052169,7.6691217,sport,golf_course,0,0,0,0,
Residenza universitaria Paoli,45.052169,7.6691217,sport,ice_rink,0,0,0,0,
Residenza universitaria Paoli,45.052169,7.6691217,sport,bowling_alley,0,0,0,0,
Residenza universitaria Paoli,45.052169,7.6691217,sport,climbing_wall,0,0,0,0,
Residenza universitaria Paoli,45.052169,7.6691217,sport,gym,0,0,0,0,
Residenza universitaria Paoli,45.052169,7.6691217,commerciale,shop,0,0,0,0,
Residenza universitaria Paoli,45.052169,7.6691217,educazione,school,0,0,6,34,"858864692,1123417943,436304902,253301354,799304797,131584960,744546260,3799075120,3799075123,282772081,837385370,690824769,242435627,7501518183,7501518184,367981582,1065476430,315598789,4736111631,4735804563,109771125,123376948,390805214,601868991,390805217,6189845887,190499456,190499455,298804713,243074534,250151807,2284034343,2284034348,117493773"
Residenza universitaria Paoli,45.052169,7.6691217,educazione,kindergarten,0,0,1,9,"2592486650,3798287445,3799075125,3474642596,253301347,314888176,869894477,1328540432,2284034346"
Residenza universitaria Paoli,45.052169,7.6691217,educazione,university,0,1,4,25,"10187943548,1172116313,12694977921,1063867657,8903777986,1107125327,1107125328,8496468303,1107125331,988062105,6944502291,6945638233,10132258250,6944516128,6944505643,6945671127,2714024340,749760378,9430411581,6339286102,4605849272,4605836657,4605847888,4605836658,2018055301"
Residenza universitaria Paoli,45.052169,7.6691217,educazione,college,0,0,0,2,"318997570,12248046055"
Residenza universitaria Paoli,45.052169,7.6691217,educazione,music_school,0,0,0,1,28109102
Residenza universitaria Paoli,45.052169,7.6691217,educazione,driving_school,0,0,2,4,"10570991907,7077970133,8569299026,12886844895"
Residenza universitaria Paoli,45.052169,7.6691217,educazione,research_institute,0,0,1,2,"190482116,6241694510"
Residenza universitaria Paoli,45.052169,7.6691217,educazione,vocational_school,0,0,0,0,
Residenza universitaria Paoli,45.052169,7.6691217,educazione,library,0,0,2,3,"4735799707,10229510808,4209315503"
Residenza universitaria Paoli,45.052169,7.6691217,educazione,archive,0,0,0,0,
Residenza universitaria Paoli,45.052169,7.6691217,educazione,museum,0,0,5,8,"12072302022,123180294,397514864,5482049568,4219719436,2981060587,6425777001,12393405666"
Residenza universitaria Paoli,45.052169,7.6691217,educazione,community_centre,1,1,3,5,"13192364672,12616853914,12585045537,194336591,12548906803"
Residenza universitaria San Liborio,45.074642,7.6806063,sanità,healthcare,0,0,0,0,
Residenza universitaria San Liborio,45.074642,7.6806063,sanità,pharmacy,1,13,29,86,"4412226590,9140119438,4735717950,7384890987,7376141996,3344768366,3344782869,1475077657,7312514018,7372912660,4734222157,7372912662,7372912663,4736115522,7312267251,3342806293,7372912661,7312091706,4736083750,4736083746,7372987830,7312142691,7378996367,10766828805,4735717430,2018187040,619193786,4735828988,3224067528,5255625937,2593187678,2048347744,2018203641,5628622146,1333701639,2018982162,2019517474,7310122343,4736110877,5113659491,2019532938,6827178588,5110808474,4736057638,2048276171,7376114116,12691580935,4736055182,5206578925,4736058640,4736054350,7312494521,4736054639,4736054574,12018327204,7309967811,4735870073,306557185,4735867352,306556997,5117627162,7373154098,4736077953,2068598491,3340684507,7372987831,7373154099,2018175898,7379060407,3416861086,4733628841,2097331576,3340678134,2097331604,4733988594,7368574413,309669048,3340681064,4733630118,2593583368,9405942960,4733528397,4733528549,8059810892,1547962818,7312465285"
Residenza universitaria San Liborio,45.074642,7.6806063,sanità,dentist,0,0,1,11,"12886910727,2016414024,1448147009,2406157072,11296229554,4195848889,5941324678,3373033912,9301525972,6564881971,12076633860"
Residenza universitaria San Liborio,45.074642,7.6806063,sanità,veterinary,0,1,2,5,"7234175545,13170595046,4736055191,2018192326,11167653306"
Residenza universitaria San Liborio,45.074642,7.6806063,sanità,optician,0,0,0,0,
Residenza universitaria San Liborio,45.074642,7.6806063,sanità,medical_supply,0,0,0,0,
Residenza universitaria San Liborio,45.074642,7.6806063,sanità,defibrillator,2,4,12,32,"12237513601,7232177660,9515896704,7234888685,12886227002,432803701,12484268753,8404250984,12422338516,5121847084,7934552531,13239427956,6705560885,11273669529,5113659443,6851497986,12095446701,6851187750,6853723885,8334794474,6851437489,6853946708,6853946004,6851357885,10942463291,3722895975,8025708191,10004554628,6877134124,9612498223,7230718281,7139691092"
Residenza universitaria San Liborio,45.074642,7.6806063,sanità,hospital,0,1,3,7,"294267544,190728046,191194250,316203053,3342035128,777989578,1196177764"
Residenza universitaria San Liborio,45.074642,7.6806063,sanità,clinic,0,0,6,14,"6664922333,822529092,4735668281,4086286155,11290349432,10567218284,10567228303,13314604189,10698816652,2284074743,4086502595,3290263940,406569896,4086241234"
Residenza universitaria San Liborio,45.074642,7.6806063,sanità,doctors,0,0,0,0,
Residenza universitaria San Liborio,45.074642,7.6806063,mobilità,station,0,0,1,9,"543360161,254594416,332648606,2081499942,11592793752,432803698,1622042729,3395226356,254594415"
Residenza universitaria San Liborio,45.074642,7.6806063,mobilità,subway_entrance,0,0,3,41,"3431314079,3431314078,10235736538,3431314077,3431314076,3431314075,10235736525,442641053,442641055,1367855910,1839686581,1367855907,1367855911,1367855914,957923361,957923319,957923307,957923318,3431314080,2299299617,2299299618,3283630305,1367855920,1026285948,1026285957,1026285955,1026285950,1367855922,1622042886,3283904468,1622042919,3431326298,5020207823,5020207824,1262284319,10260242427,10260242426,1262284354,2014746582,1262284353,10260242428"
Residenza universitaria San Liborio,45.074642,7.6806063,mobilità,tram_stop,1,13,49,156,"938733459,938733498,945268789,945268816,1168270429,945268799,1199240661,1229263858,1167320990,1167320859,1167321088,1167321041,1167320969,1167320960,1185414562,1168270672,1229827369,1229580312,1229827462,1229580298,1229580302,1229827262,1229827380,1229580296,943330794,943330820,943330837,943330773,943330793,1185414492,945268801,945268822,945268805,943330838,11294052063,945268802,1624209638,948015761,948015895,1569477511,1569477500,943330850,3514463818,1169943939,945268803,945268817,948016123,948015910,941491483,941491672,941491612,1168270471,1168270534,941491716,941491868,1185414486,1229580315,1229827224,1227966230,1168270660,1185414504,1227966231,1167320937,12101484067,1168929427,12100765982,941491637,12101484058,1624209624,1843302903,941491545,943330768,1370347434,1229263851,1370347438,1229827150,1229580304,1230710216,1230709587,1230709694,1230710154,1230710053,1230710389,1227966234,1227966232,1227966233,1229263766,1229264040,12616325336,12715581050,12978416484,12978416485,943330769,12715581035,12978416486,1168270587,1168270504,1230710263,943330816,943330822,943330819,1230709780,1231011218,943330805,11281292421,1230709737,1230709859,11281834064,1235856174,1168270599,1270651267,1235856079,947982002,947982146,1262194799,1235856123,1624209625,941491939,941491471,948016002,1167320980,1167320769,941491730,948016031,948016167,1167320925,12978416487,1229263814,1229263917,1231011198,1229264035,1229263857,11660081125,1168270491,947982084,947981932,948015780,945268808,948015938,945268793,948015923,948016134,941491929,12296376831,941491766,939124434,941491818,941491551,941671400,941671472,1230710101,947982115,1168270479,947982009,947982103,1262203527"
Residenza universitaria San Liborio,45.074642,7.6806063,mobilità,bus_stop,4,25,119,437,"1262194463,1262206303,1262203331,1262207470,1262195744,1199003141,1168929465,1262195065,1262182588,937605174,937605197,1168270670,1199240778,1168929641,1168929327,937605175,1262195535,937605200,1229263756,1262201038,1262206788,1198867355,1262188427,13357227255,1198867590,1198867343,1198867678,1168929435,1198867713,1168929622,937605184,1185414408,1525407946,1262208796,937605187,1262193964,1262202938,1262210261,1262196361,1262193644,1262211503,937605188,1168270573,1262187575,1313599114,1313599098,1313599087,1313599111,1313599104,1229580307,1229827398,1262196595,1262210281,1262196239,1229827470,1229580327,1262198584,1262212991,1229580319,1262199709,1229827300,1262198618,1524833855,10938458344,4806485504,1569038269,12074187316,1262209419,1262197341,1524833877,4665090550,4665090551,1262209460,1262195174,1262203792,1262195359,1262203217,943330789,943330777,1399644508,943330783,1254531625,1262204189,943330813,1262203134,1262208172,937954790,1254531622,1254531604,1185414556,1185414572,1199240547,1569038260,1262208085,8494249908,1262196253,1199240667,1262201459,10938458345,1262197535,1262194358,8496496625,1262202182,4248370551,4245731174,4443910584,1262182722,1262198202,1262203078,1199240749,1262193035,943330835,937954831,1254531567,1262206062,2299299616,937605198,937605176,1262203237,937605196,937605190,1199240598,943330808,1262209067,1816820005,1524833867,1262194622,1254531589,1254531599,1262192569,1534402607,1262199643,1534402620,1262209355,1816820048,937954690,1199240497,1169943950,1199240580,1262203543,1262194491,1254531584,1262208183,1262199327,1262190791,1262192727,1262203691,1525407819,1816820135,4357263598,1262209141,1262211268,1262208965,1262194453,1262199136,1262185091,1262197302,1262204596,1262194624,1262207744,1262209011,1262203586,1262182214,1168929344,1262197041,1262207547,1198867604,8289837996,1262195219,8289837997,1262185354,1262181975,1262197387,1168270553,1168929565,1168270407,10200408841,4575722855,10066805517,1185414522,1262199608,1491228855,1262202711,1262199542,1262186722,1229580316,1229827663,1262208483,10136283371,1168270570,1168270559,1185414520,12876021885,1262211444,1168929371,1262200499,1262196215,1262201567,1262196300,1262198051,1262197657,1525407917,1262206483,1262203392,3229868385,3262101385,1168929432,1491228856,1262197246,1198867662,1262188506,1262197678,1262208401,1262209581,1262199837,1262209446,1198867402,1262207476,1262190131,1491228854,11657164483,11657164484,1229827101,1229580311,1399644118,1262197436,1262211451,1262192792,1262199977,1262195420,1168270639,1185414410,1262208503,1185414465,1262194546,1262208323,5117626905,1262209930,1262198026,1185414577,6851570620,1262199075,1262182576,1262200213,1262203030,1262212401,3350111050,1262198097,1262196900,1262196798,3350079082,1262209112,1262206389,1262196187,1262195567,1262212221,1262192881,1262194437,1262196834,1270905157,1262191772,1270905158,1262208954,1262199922,1262209046,1262211982,1262197197,1262199746,1262212615,1235856128,1262189828,1262204404,1262207790,1262211270,1235856183,1262196422,1270651264,1262196590,1262184741,12194813096,1235856064,937605171,1262199772,937954712,1262182632,1262212512,1262199811,1262199749,1262188243,1262206716,1262207159,1262212066,1262208315,1198867441,1198867537,1262208216,1169944015,1198867556,1198867687,1198867567,1262204512,1262201395,1262194929,1262196877,1262195824,1262211446,1262208031,1262196779,1262210312,1231011141,1262190386,1262195510,1262200404,1262204567,1262212826,1262211802,1262194968,1262198250,1262202417,1262185638,1262198884,1262195633,1262212644,1262199697,1262183610,1262209326,1169944001,1262210342,1262201382,1199240610,1262192916,1262195506,1262204561,1169944104,1169944065,1262203915,1262211062,1262182640,1262208804,1262209142,1262212637,1262210724,1262208862,5170992749,1262198865,1262207847,1262200944,1262197431,1262199070,2291910682,1262204651,1262195627,11900736750,11900736751,1262205952,1262200770,1262194786,1262208693,1262194006,1262208285,1262203594,1262199227,1262182243,1262199140,1262197279,1262197344,1262205700,1262209070,1262208866,1262193851,1262204144,1262195892,1262197057,1262208091,1262181780,1262207924,1262187051,1262197366,1262209473,1262199613,1262205219,1262203154,1262209149,1262194631,1262195240,1262204335,1262196046,1262208207,1262208276,1262184176,1262193104,13208780379,1262208589,1231011153,1262195698,1262204769,13208780378,12876021883,3226552301,3226552300,1262201740,1262187727,3226552298,3226552302,3226552299,1262209157,1262199236,13208780374,1262202819,1262210263,1262203708,1262186164,1262186807,1262201120,1668063915,1262188886,1262198214,1262193412,1262182759,1262209328,1262211594,1262203860,1262182532,11599304627,1262200672,1262184893,1262209370,1262211559,1262192547,1524429488,1524429497,1262188221,1262199810,3351625103,1262184724,13208780376,1262204674"
Residenza universitaria San Liborio,45.074642,7.6806063,mobilità,charging_station,0,4,11,47,"11107468089,9088671239,4671233528,9088671240,13075187843,5545493679,12801752468,13074606106,13074583239,12974489257,3906163545,7787992006,3906238205,11694139826,13254333741,12881604940,10132403023,10132403019,10132403022,10132403020,10132403021,10024930203,12848949670,12385342507,3906239156,5545493680,5255643474,10024930198,10024930204,9903597728,3906262432,11330971755,13175098408,11640502278,544516332,12849058997,13031168994,9903597730,9892110268,7944759282,11243926724,11243926727,11243926726,11243926728,11243926725,9386005083,13064911110"
Residenza universitaria San Liborio,45.074642,7.6806063,mobilità,car_sharing,0,0,1,2,"4749176847,3906283850"
Residenza universitaria San Liborio,45.074642,7.6806063,mobilità,taxi,1,1,9,18,"2016414163,2902424081,2902424080,1545661422,3241731973,2902424082,2019632236,604332918,5020220491,5020220492,3241731972,3241731971,5941325188,3241731964,2902424078,5167146632,2902424079,2898774433"
Residenza universitaria San Liborio,45.074642,7.6806063,mobilità,parking,8,19,59,172,"1027356692,83042948,1383582583,1381841252,1381841251,5693045436,12809872841,1381841253,448434080,132528231,222172799,1109043885,928634211,928634186,5239566614,352332303,928634275,635372762,635372763,320706078,320706077,166616053,166611428,125745550,586939744,12197274454,1351673211,23090218,1219311967,1219311969,1062840998,1063527547,1062853762,1062853768,1219311968,525108995,621732915,310919719,846925182,840256684,644610711,151998821,151998771,1455462286,4488383689,248772281,248160665,13260980844,2019632224,1227966229,275161406,2284374403,5997771287,5997780786,320706080,5997812985,635372765,320706079,3363420315,22953965,1218557983,1057905850,319749756,249248499,319742232,191375051,5941325249,193000008,435793218,1255999599,731592384,731605916,436314967,242957870,6851422048,733635639,124778755,1262706519,3343691149,3343561833,108460658,5997772786,5997773586,5997772787,5997773587,5997780785,96556746,5993028887,5993028888,635989603,5997762385,308834324,1122299605,5997837886,5997837887,5997806485,5997788087,5997771286,108459796,652758231,262648990,365889975,288283917,1107364662,365889357,846901935,1107364663,553224994,5239210899,5340476663,388422914,256336198,149459698,2275474998,288891940,2275474626,532901305,1426204055,196859076,182857158,731932434,5167031324,5167144776,2275474473,5167017427,2275474943,1215783014,256336302,1215783015,7115553619,256336239,1215783013,1215783012,1215783010,1215783011,1266554225,455120610,1266554226,1266554228,5167507370,5167507369,5167507368,5167017523,524348972,965835743,5167507373,5167507374,5167507371,5167507376,387341670,5167507372,5167510465,3343577420,577263229,166616614,846901934,328929579,1421696089,1158404279,1158404305,1158404302,1158404303,1158404300,1158404301,1158404304,1158454601,846018295,846003849,846003846,846003847,3343610008,1421696091"
Residenza universitaria San Liborio,45.074642,7.6806063,mobilità,car_rental,0,0,0,4,"11104716244,5628622134,5941325247,5941325228"
Residenza universitaria San Liborio,45.074642,7.6806063,mobilità,bicycle_parking,6,22,83,324,"6954549388,1783770824,10873504971,1783770825,10802789582,2699757978,9536387625,706004735,9536764388,9515661833,2699754605,7076063225,2699745128,7076063226,7076063227,7076063223,7076063224,7076063222,7076063221,7076063220,7076063219,7076063218,7076063217,7076063216,7076063232,7076063233,7076063229,7076063237,7076063228,7076063235,7076063236,2699745134,7076063215,2699745131,7076063214,2699745130,5628622143,2699745129,5628622144,2632353490,10873504970,5628622145,7025739876,10873504969,2699745132,2699745136,2699745135,7076063244,7076063250,7076063251,2699745137,7076063243,7076063242,12165781958,7076063247,7076063246,7076063230,7076063239,7076063238,7076063240,7076063241,7076063234,7076063231,12889486162,13231692502,12889485978,12889485179,12889481110,12889467141,2699743593,12165781957,7076063264,7188790471,7076063257,7076063253,7076063252,7076063255,7076063249,7188790470,7076063260,7076063258,7076063248,7076063256,7076063262,7076063245,7076063263,7076063265,7076063254,7076063259,7076063261,10159318064,2699757982,2699757981,2699757980,2699757979,2699757983,2699757984,2699757985,2699757986,2699757987,2699757989,2699752845,2699752839,2699757988,10959344809,2699753945,2699754607,2699754613,2699754610,2699754609,13142999531,13143056907,10741520276,10741540187,2699752835,13142731612,2699752836,2699752843,2699752848,12423088352,12423084564,2699752837,2699752846,7076063266,7076063268,7076063269,11357996666,11357989903,2699752855,7076063267,2699752858,10873504966,3748951425,2699743590,10770406639,2699752850,12227768290,12962232569,10874232260,10873504967,2699743591,2699743592,10873504965,11505942798,2699740343,13175581648,13026972875,10873504964,13026966312,13026970105,10766828705,5226211759,9321076956,4063688590,7076001861,7076001862,2282486102,5113659453,7076001866,11983497399,11983479625,2017190763,2018982169,7076063202,7076063203,12009896156,13324660699,7076063201,10884404308,7076063200,7076063199,12681485187,12681485188,6149852920,2699753943,2699753944,2699753946,2699753947,2699753951,2699753950,2699753949,2699753948,5117627158,5113659515,10779500105,2699753644,5968582882,5968581908,6827178603,12068659438,5941325235,2699753641,2699753643,2699753642,7076063204,7076063205,7076063206,11277111680,11277111681,7076063207,10777961006,12650442898,7076063208,7076063209,8026222938,7076063210,7076063211,7076063212,7076063213,5117627124,5941324676,5941324684,5941325233,2048050409,5941324672,11966746787,5941325227,5941325219,11966792060,5941325190,9740895475,12634535120,12634548501,12634222020,12634416056,9740895502,9740888733,10759662318,11238380039,11238380037,11238380038,13011786017,13011795861,11368531149,9224843549,11832986276,12020238320,11964721442,11832991702,11832980125,12915235956,2699752844,2699752833,2699752840,2699752831,10951467173,2699752842,10951467161,2699752853,10883132771,2699752854,2699752859,2699752857,2699752834,2699752832,9307377317,9307358113,13074641241,6851396187,5998289584,5998291995,9740888734,12182105961,11622870823,10823910305,10827570606,12960979068,2699743594,12960995980,13031764505,13031144492,13031774310,13031783911,13031764501,13031764500,13031773532,13031773533,11084637605,12079627878,10767946305,10873504963,5167135825,10823892608,12208848355,10823869008,12852846568,10823876406,5167151741,5167151742,5167151743,5167151740,5167119931,5167151745,5167157222,5167148032,5167110789,5167157223,5167151744,5167157221,5167151746,5167151739,5542175056,9903597733,13143013240,5542175064,5542175063,10994156060,10994156059,11622870824,5542175057,5534040230,5534052431,13143058309,13143034941,13143041199,5542175058,5542175059,5542175061,13143022643,10994232050,5542175062,10827604005,10827603806,10833478805"
Residenza universitaria San Liborio,45.074642,7.6806063,mobilità,bicycle_rental,0,0,0,2,"4818660028,12068398566"
Residenza universitaria San Liborio,45.074642,7.6806063,mobilità,primary,0,0,0,0,
Residenza universitaria San Liborio,45.074642,7.6806063,mobilità,secondary,0,0,0,0,
Residenza universitaria San Liborio,45.074642,7.6806063,verde,park,0,1,9,40,"82202795,23088806,433500383,81157499,130457686,23034764,23034770,238704379,123548922,820424986,306556283,306556287,306556291,306556292,306556281,758075564,920991543,23026345,22897848,543676718,457323344,753231466,319279820,22879264,22908088,23055671,532907259,256465204,256465522,369795270,632813022,22908071,12233633301,690662131,690745660,259895475,1157616170,253360471,290706661,690738906"
Residenza universitaria San Liborio,45.074642,7.6806063,verde,garden,2,4,19,67,"29176172,925917989,925917990,928634201,44574181,351520239,928634230,928634231,130448587,130448589,130448590,130448588,327939730,1064035772,1064035771,28621748,603463549,128268848,561608551,23054276,318993599,251488296,23026360,302764761,1060217784,1060217774,848959753,848959890,689197828,689197827,689196222,740007653,741636656,689196221,689196217,741636655,740007650,740007635,740007643,324477119,29184190,585434921,585434922,585434925,1067243272,414225569,414225570,930436693,1426202484,761582377,761951452,761951453,761951455,761951457,761951454,761582373,761951459,761951458,761582372,761951460,761951456,741636663,725758014,846901933,1158404280,1266554235,1266554238"
Residenza universitaria San Liborio,45.074642,7.6806063,verde,grass,0,16,50,237,"242409910,286646594,286645617,286647291,286646595,286646601,286646603,286647290,286646597,242409911,242409909,286656050,286664226,732157565,286664225,318948807,326073532,326073533,319649516,732125145,732125146,732125147,178997269,732125144,178997273,732125148,732125140,178997270,732125143,732125142,732125141,732125149,732125150,732125151,732125152,37738037,732157570,286656044,732125138,732157568,732157569,732157567,286656041,732125139,342742135,342742125,342742134,347254651,342742126,347254668,347254667,347254652,347254640,347254654,347254660,355063902,365762772,355063900,355063904,354610028,365762771,351520237,351520236,424025002,394218574,394218572,352332316,352332309,352332314,353072697,352332319,424025003,352396030,355063909,355063907,355063905,462066644,684095662,130448586,684095663,130448583,134236056,1218836989,134236059,149628054,396842103,396842101,408842296,408842295,408842294,408842300,408842297,408842293,408842299,408842298,556500005,1067805718,1062853763,1062853769,1067805717,107568897,1068463711,769094730,1455462300,1455462921,1455462291,1455462301,337361722,1362575098,192061493,192061494,192061492,192061489,192061490,192061491,1272990787,245046146,1098853222,245045846,397809397,616677987,616677976,616677985,616677978,616677983,616677980,245045845,337361720,337361721,245045844,289014365,577440411,288798832,288798834,288798833,258298837,1173001074,1173001075,1173001079,1173001078,1173001076,1173001077,1173001084,1173001091,1173001083,288283918,1254120835,1173001072,1118869379,1173001073,1118869380,1173001095,1173001100,1173001099,1173001110,1173001101,1173001109,1173001098,1173001088,1173001107,1173001102,1173001108,1173001094,1415617395,1415617396,961875681,961875680,107568893,1064513659,107568895,107568898,1250264722,1426204057,1426204058,1271377215,1426204056,1426204054,1271377217,1426204053,1271377216,260465971,1426202483,260465972,260465973,582090673,532537817,1266554234,582090679,582090677,577263226,577267981,577271848,577267982,577271851,577267983,577271853,577267984,577271856,577267985,577271858,577271820,577271823,577271824,577271846,577271825,577271827,577271843,577271830,577271832,577271835,577271841,577271839,577271838,577271836,577271861,577440401,577440403,577440407,129839957,577558249,530332686,578956725,577558253,577558252,577275421,1193255688,577558261,577275422,577558254,664914263,1158454605,664914262,259895474,1196407026,1193255687,865725444,865725443"
Residenza universitaria San Liborio,45.074642,7.6806063,verde,wood,0,0,0,0,
Residenza universitaria San Liborio,45.074642,7.6806063,verde,forest,0,0,1,1,585434926
Residenza universitaria San Liborio,45.074642,7.6806063,verde,meadow,0,0,0,0,
Residenza universitaria San Liborio,45.074642,7.6806063,verde,scrub,0,0,1,1,360131117
Residenza universitaria San Liborio,45.074642,7.6806063,verde,allotments,1,1,1,1,328623930
Residenza universitaria San Liborio,45.074642,7.6806063,verde,playground,0,1,6,34,"83093080,4968614878,83051429,83051428,448434079,1149617853,1149617852,499890620,1438254805,2110827287,8787334116,130457685,3419744722,3419744721,820424988,164063782,1780526494,191211963,1168299039,1170974105,1054786065,9215807657,10221497811,12851950094,2505158924,552214398,623124807,3405371588,2097331624,1291894961,108460659,577440400,8464466018,1157616172"
Residenza universitaria San Liborio,45.074642,7.6806063,verde,recreation_ground,0,0,0,0,
Residenza universitaria San Liborio,45.074642,7.6806063,verde,nature_reserve,0,0,0,0,
Residenza universitaria San Liborio,45.074642,7.6806063,verde,lake,0,0,0,0,
Residenza universitaria San Liborio,45.074642,7.6806063,verde,reservoir,0,0,0,0,
Residenza universitaria San Liborio,45.074642,7.6806063,sport,fitness_centre,0,0,2,14,"12886908643,9463603381,12488885986,4734138530,12327658096,2018982152,4736058200,12547891555,11049505605,6851326135,3349809096,3343770523,11534701686,13011248973"
Residenza universitaria San Liborio,45.074642,7.6806063,sport,sports_centre,0,0,0,13,"188466381,83825215,289416784,9792328371,630344434,458039656,288893797,458039655,3352111838,2097331599,10572346562,3355734546,3355731107"
Residenza universitaria San Liborio,45.074642,7.6806063,sport,stadium,0,0,0,0,
Residenza universitaria San Liborio,45.074642,7.6806063,sport,swimming_pool,0,0,0,4,"1118749030,1118749029,1118749028,2097331540"
Residenza universitaria San Liborio,45.074642,7.6806063,sport,water_park,0,0,0,0,
Residenza universitaria San Liborio,45.074642,7.6806063,sport,pitch,1,2,8,42,"1065476429,83825205,289416782,289416797,289416790,10694640239,10694640238,10694640237,324738752,1014573092,5410221475,117526387,1190222149,117526384,1190222148,117526386,117526378,245045843,1062624219,358681038,358681041,358681042,358681037,119456036,578921511,1315551317,1315551316,319284839,809362711,809362112,218287346,218287350,1000297399,256770955,218287344,10994156063,10994273932,179477508,259895250,1157616171,253360458,286108004"
Residenza universitaria San Liborio,45.074642,7.6806063,sport,tennis_court,0,0,0,0,
Residenza universitaria San Liborio,45.074642,7.6806063,sport,golf_course,0,0,0,0,
Residenza universitaria San Liborio,45.074642,7.6806063,sport,ice_rink,0,0,0,0,
Residenza universitaria San Liborio,45.074642,7.6806063,sport,bowling_alley,0,0,0,0,
Residenza universitaria San Liborio,45.074642,7.6806063,sport,climbing_wall,0,0,0,0,
Residenza universitaria San Liborio,45.074642,7.6806063,sport,gym,0,0,0,0,
Residenza universitaria San Liborio,45.074642,7.6806063,commerciale,shop,0,0,0,0,
Residenza universitaria San Liborio,45.074642,7.6806063,educazione,school,0,0,8,47,"7501518183,7501518184,367981582,1065476430,315598789,443199497,443199498,391737655,344744214,369665895,369665896,365610519,4736111631,340249805,334684164,426293828,4736081694,320875624,4736084237,436288158,201438197,243074534,250151807,2284034343,2284034348,117493773,1304814076,1168299038,10765663105,450287805,1091923526,3343680527,42864476,1168299037,108601368,3343687306,3343687307,182884900,453290904,632813027,322254779,322254780,322254777,286107710,253360459,3343605435,3343636574"
Residenza universitaria San Liborio,45.074642,7.6806063,educazione,kindergarten,1,2,5,15,"314888176,12227784321,4762289761,1328540432,2284034346,219014163,12768280010,10896540919,2018099976,256387052,532940553,453757173,12233633201,7038759586,253360467"
Residenza universitaria San Liborio,45.074642,7.6806063,educazione,university,0,0,5,21,"8903777986,12168588078,192604816,2577028412,2577029282,2018055299,2018055301,9739802942,2503902059,3363964793,6851326132,4086214801,2018087957,1218747279,6851439272,651771955,4735868696,10237789518,453757181,3349733649,450278224"
Residenza universitaria San Liborio,45.074642,7.6806063,educazione,college,0,1,1,3,"780144763,318997570,12248046055"
Residenza universitaria San Liborio,45.074642,7.6806063,educazione,music_school,0,0,1,2,"28109102,3343797841"
Residenza universitaria San Liborio,45.074642,7.6806063,educazione,driving_school,0,1,4,9,"10879184439,11841904325,3859150411,12165781951,4734140809,12089511784,316203024,12077001867,3473130432"
Residenza universitaria San Liborio,45.074642,7.6806063,educazione,research_institute,0,0,0,1,6241694510
Residenza universitaria San Liborio,45.074642,7.6806063,educazione,vocational_school,0,0,0,0,
Residenza universitaria San Liborio,45.074642,7.6806063,educazione,library,0,1,3,11,"243093474,10229510808,11806550856,9693041809,3352114524,117351946,6074405709,4849156539,2096881473,3345600834,138036072"
Residenza universitaria San Liborio,45.074642,7.6806063,educazione,archive,0,0,0,0,
Residenza universitaria San Liborio,45.074642,7.6806063,educazione,museum,4,9,21,35,"12072302022,123180294,397514864,6433764792,435784636,4572133130,4736079916,6433974757,9585924917,5171950042,246516587,246643344,6432836094,2177769729,1333701144,6435420518,6431480861,2026479833,318938052,2026479832,6432887576,6432637423,11267476069,4908362221,6434268049,1628071063,248771289,6433944342,11217521918,246516619,9757285250,761582364,4732591999,4067344493,3349838584"
Residenza universitaria San Liborio,45.074642,7.6806063,educazione,community_centre,0,0,1,7,"423150315,12548906803,3363460993,3352189835,3371757496,8069412590,104339324"
Residenza universitaria Verdi,45.0691658,7.6905579,sanità,healthcare,0,0,0,0,
Residenza universitaria Verdi,45.0691658,7.6905579,sanità,pharmacy,4,5,32,80,"4735719316,4412226590,9140119438,4735717950,7384890987,7376141996,4736115522,7312267251,3342806293,4736083750,4736083746,7372987830,3893151255,2018737316,4735056034,4735058545,4735717430,2018187040,619193786,4735828988,3224067528,5255625937,2593187678,2048347744,2018203641,5628622146,1333701639,2018982162,2019517474,7310122343,4736110877,5113659491,2019532938,6827178588,5110808474,4736057638,2048276171,7376114116,12691580935,4736055182,5206578925,7376141997,4736058640,4736054350,7312494521,4736054639,4736054574,12018327204,7309967811,7376141998,4735870073,306557185,4735867352,306556997,754189651,4735090163,7310076313,5117627162,7373154098,4736077953,2068598491,3340684507,7372987831,7373154099,2018175898,7379060407,3416861086,4733628841,2097331576,3340678134,2097331604,309669048,3340681064,4733630118,9405942960,4733528397,4733528549,8059810892,1547962818,4733554860"
Residenza universitaria Verdi,45.0691658,7.6905579,sanità,dentist,0,0,4,9,"12886910727,2406157072,11296229554,4195848889,5941324678,3373033912,9301525972,6564881971,12076633860"
Residenza universitaria Verdi,45.0691658,7.6905579,sanità,veterinary,0,0,3,4,"13170595046,4736055191,2018192326,11167653306"
Residenza universitaria Verdi,45.0691658,7.6905579,sanità,optician,0,0,0,0,
Residenza universitaria Verdi,45.0691658,7.6905579,sanità,medical_supply,0,0,0,2,"12294762542,11688321776"
Residenza universitaria Verdi,45.0691658,7.6905579,sanità,defibrillator,6,8,16,27,"9515896704,12886227002,432803701,5121847084,7934552531,13239427956,8356951251,8210481138,6705560885,11273669529,5113659443,6851497986,12095446701,6851187750,6853723885,8334794474,6851437489,6853946708,6853946004,6851357885,10942463291,3722895975,8025708191,10004554628,6877134124,9612498223,7139691092"
Residenza universitaria Verdi,45.0691658,7.6905579,sanità,hospital,0,0,2,8,"294267544,190728046,191194250,316203053,3342035128,1193255695,777989578,1196177764"
Residenza universitaria Verdi,45.0691658,7.6905579,sanità,clinic,0,0,2,13,"6664922333,822529092,4735668281,11290349432,10567218284,10567228303,13314604189,3893264712,10698816652,2284074743,4086502595,3290263940,4086241234"
Residenza universitaria Verdi,45.0691658,7.6905579,sanità,doctors,0,0,0,0,
Residenza universitaria Verdi,45.0691658,7.6905579,mobilità,station,0,0,0,7,"543360161,254594416,11592793752,432803698,1622042729,3395226356,254594415"
Residenza universitaria Verdi,45.0691658,7.6905579,mobilità,subway_entrance,0,0,0,30,"3431314079,3431314078,10235736538,3431314077,3431314076,3431314075,10235736525,1839686581,3431314080,2299299617,2299299618,3283630305,1026285948,1026285957,1026285955,1026285950,1367855922,1622042886,3283904468,1622042919,3431326298,5020207823,5020207824,1262284319,10260242427,10260242426,1262284354,2014746582,1262284353,10260242428"
Residenza universitaria Verdi,45.0691658,7.6905579,mobilità,tram_stop,6,22,69,149,"938733459,938733498,1168270429,1229263858,1167320990,1167320859,1167321088,1167321041,1167320969,1167320960,1185414562,1168270672,1185414492,945268801,945268822,945268805,943330838,11294052063,945268802,1624209638,943330850,3514463818,1169943939,945268803,945268817,1229827204,1231011119,1229827337,1231011175,1229580323,1229827230,1229580314,1229827620,941491483,941491672,941491612,1168270471,1168270534,941491716,941491868,1185414486,1229580315,1229827224,1227966230,1168270660,1185414504,1227966231,1167320937,12101484067,1168929427,12100765982,941491637,12101484058,1624209624,1843302903,941491545,943330768,1370347434,1229263851,1370347438,1229827150,1229580304,1230710216,1230709587,1230709694,1230710154,1230710053,1230710389,1227966234,1227966232,1227966233,1229263766,1229264040,12616325336,12715581050,12978416484,12978416485,943330769,12715581035,12978416486,1168270587,1168270504,1230710263,943330816,943330822,943330819,1230709780,1231011218,943330805,11281292421,1230709737,1230709859,11281834064,1235856174,1168270599,1270651267,13326178312,13326178313,1235856079,947982002,947982146,1262194799,1235856205,947981976,947982053,1235856123,13326178314,1624209625,941491939,941491471,948016002,1167320980,1167320769,941491730,948016031,948016167,1167320925,12978416487,1229263814,1229263917,1231011198,1229264035,1229263857,11660081125,1168270491,947982084,947981932,948015780,945268808,948015938,945268793,948015923,948016134,941491929,12296376831,941491766,939124434,941491818,941491551,1230710101,947982115,1168270479,947982009,947982103,11611802562,12351499946,1235926926,1262203527,1236572719"
Residenza universitaria Verdi,45.0691658,7.6905579,mobilità,bus_stop,7,31,110,404,"1262203331,1262207470,1262182588,1168270670,1168929327,937605175,1262195535,937605200,1229263756,1262201038,1262206788,1198867355,1262188427,13357227255,1198867590,1198867343,1198867678,1168929435,1198867713,1168929622,937605184,1185414408,1525407946,1262208796,937605187,1262193964,1262202938,1262210261,1262196361,1262193644,1262211503,937605188,1168270573,1185414556,1185414572,1199240547,1569038260,1262208085,8494249908,1262196253,1199240667,1262201459,10938458345,1262197535,1262194358,8496496625,1262202182,4248370551,4245731174,4443910584,1262182722,1262198202,1262203078,1199240749,1262193035,943330835,937954831,1254531567,1262206062,2299299616,937605198,937605176,1262203237,937605196,937605190,1199240598,943330808,1262209067,1816820005,1524833867,1262194622,1816820048,937954690,1199240497,1169943950,1199240580,1262203543,1262194491,1254531584,1262208183,1262199327,1262190791,1816820135,4357263598,1262211268,1262197275,1262200205,1262207921,1262210546,1262182382,1262192501,1262201910,1262192626,1229580308,4605836659,1262204898,12876021888,1229580300,1262190981,1262207187,1262184662,1262204656,1262196134,1262203192,1262194723,1262209179,1262196512,1262206934,1262207679,1262184419,1480474268,1262198132,1262197142,1480474257,1262209613,1262208977,1262182398,1168929344,1262197041,1262207547,1198867604,8289837996,1262195219,8289837997,1262185354,1262181975,1262197387,1168270553,1168929565,1168270407,10200408841,4575722855,10066805517,1185414522,1262199608,1491228855,1262202711,1262199542,1262186722,1229580316,1229827663,1262208483,10136283371,1168270570,1168270559,1185414520,12876021885,1262211444,1168929371,1262200499,1262196215,1262201567,1262196300,1262198051,1262197657,1525407917,1262206483,1262203392,3229868385,3262101385,1168929432,1491228856,1262197246,1198867662,1262188506,1262197678,1262208401,1262209581,1262199837,1262209446,1198867402,1262207476,1262190131,1491228854,11657164483,11657164484,1229827101,1229580311,1399644118,1262197436,1262211451,1262205080,1262192792,1262199977,1262195420,1262205970,1262195822,1168270639,1185414410,1262208503,1185414465,1262194546,1262208323,5117626905,1262209930,1262198026,1185414577,6851570620,1262199075,1262182576,1262200213,1262203030,1262212401,3350111050,1262198097,1262196900,1262196798,3350079082,1262209112,1262206389,1262208051,1262196187,1262191998,1262202844,1262195567,1262212221,1262192881,1262194437,1262196834,1270905157,1262191772,1270905158,1262208954,1262199922,1262209046,1262211982,1262197197,1262199746,1262212615,1235856128,1262189828,1262204404,1262207790,1262187555,1262194051,1262209878,1262203354,1262195649,1262195757,1262194653,1262194554,1262211270,1262184239,1262199090,1262207066,1262200228,1262201419,1262204490,1262208777,1262203604,1235856183,1262195521,1262196422,1270651264,1262196590,1262204352,1235856103,1262195266,1262184741,12194813096,13208780377,1235856064,1262204271,1262196312,1262208882,1262196148,1262204577,1262188303,1262200697,1262195966,1262199820,1262199291,937605171,1262199772,937954712,1262182632,1262212512,1262199811,1262199749,1262188243,1262206716,1262207159,1262212066,1262208315,1198867441,1198867537,1262208216,1169944015,1198867556,1198867687,1198867567,1262204512,1262201395,1262194929,1262196877,1262195824,1262211446,1262208031,1262196779,1262210312,1231011141,1262190386,1262195510,1262200404,1262204567,1262212826,1262211802,1262194968,1262198250,1262202417,1262185638,1262198884,1262195633,1262212644,1262199697,1262183610,1262209326,1169944001,1262210342,1262201382,1199240610,1262192916,1262195506,1262204561,1169944104,1169944065,1262203915,1262211062,1262182640,1262208804,1262203594,1262199227,1262182243,1262199140,1262197279,1262197344,1262205700,1262209070,1262208866,1262193851,1262204144,1262195892,1262197057,1262208091,1262181780,1262207924,1262187051,1262197366,1262209473,1262199613,1262193104,13208780379,1262208589,1231011153,1262195698,1262204769,13208780378,12876021883,3226552301,3226552300,1262201740,1262187727,3226552298,3226552302,3226552299,1262209157,1262199236,13208780374,1262202819,1262210263,1262203708,1262186164,1262186807,1262201120,1262188886,1262198214,1262193412,1262182759,1262209328,1262203860,1262182532,11599304627,1262184893,1262209370,1262211559,1262192547,1235926929,3351615326,1262199149,1235926936,1262185187,3351625103,1236572793,1262184724,1262201445,1262194752,13208780376,1262208415,1496716014,1262196218,1262204674,8494339395,1262206187,1236572687"
Residenza universitaria Verdi,45.0691658,7.6905579,mobilità,charging_station,1,3,14,51,"5545493679,12801752468,13074606106,13074583239,12974489257,3906163545,13254288285,9884949609,9884949607,9884949611,9884949608,9884949610,10676666527,11676231525,9671594609,3906238205,11694139826,13254333741,12881604940,10132403023,10132403019,10132403022,10132403020,10132403021,10024930203,12848949670,12385342507,3906239156,5545493680,5255643474,10024930198,10024930204,9903597728,3906262432,11330971755,13175098408,9903597720,9903597736,11640502278,544516332,12849058997,9903597730,9892110268,7944759282,11243926724,11243926727,11243926726,11243926728,11243926725,9386005083,13064911110"
Residenza universitaria Verdi,45.0691658,7.6905579,mobilità,car_sharing,0,0,0,2,"4749176847,3906283850"
Residenza universitaria Verdi,45.0691658,7.6905579,mobilità,taxi,0,2,8,17,"2016414163,2902424080,1545661422,3241731973,2902424082,8316678430,2019632236,604332918,5020220491,5020220492,3241731972,3241731971,5941325188,3241731964,2902424078,2902424079,2898774433"
Residenza universitaria Verdi,45.0691658,7.6905579,mobilità,parking,8,11,38,156,"1383582583,1381841252,1381841251,12809872841,1381841253,635372762,635372763,320706078,320706077,166616053,166611428,125745550,586939744,12197274454,23090218,1062840998,1063527547,1062853762,1062853768,7195363113,191173232,747831924,7573315188,966980831,45819032,1433218612,842479608,842479609,842479611,1256054371,1441572060,411031505,1255963826,4127735019,4127734643,1414322225,1455462286,4488383689,248772281,248160665,13260980844,2019632224,1227966229,275161406,2284374403,5997771287,5997780786,320706080,5997812985,635372765,320706079,3363420315,22953965,1218557983,1057905850,316211275,319749756,249248499,319742232,191375051,5941325249,193000008,435793218,1255999599,731592384,731605916,436314967,242957870,6851422048,733635639,358681039,124778755,1262706519,3343691149,4127735255,1383338299,4127735240,167858828,132957389,3343561833,3343599887,280507600,108460658,129075967,308881884,5997772786,5997773586,5997772787,5997773587,5997780785,96556746,5993028887,5993028888,635989603,5997762385,308834324,1122299605,5997837886,5997837887,5997806485,5997788087,5997771286,108459796,652758231,262648990,365889975,288283917,1107364662,365889357,846901935,1107364663,388422914,256336198,149459698,2275474998,288891940,2275474626,1215783014,256336302,1215783015,7115553619,256336239,1215783013,1215783012,1215783010,1215783011,1266554225,455120610,1266554226,1266554228,3343577420,577263229,166616614,846901934,328929579,1421696089,1158404279,1158404305,1158404302,1158404303,1158404300,1158404301,1158404304,1158454601,886739419,846003849,846003846,846003847,3343610008,1421696091,976250146,846003848,976250143,690662128,450287462,308881882"
Residenza universitaria Verdi,45.0691658,7.6905579,mobilità,car_rental,0,0,2,5,"6113511883,11104716244,5628622134,5941325247,5941325228"
Residenza universitaria Verdi,45.0691658,7.6905579,mobilità,bicycle_parking,1,15,99,237,"10011778505,9536387625,706004735,9536764388,9515661833,2699754605,10159318064,2699757982,2699757981,2699757980,2699757979,2699757983,2699757984,2699757985,2699757986,2699757987,2699757989,2699752845,2699752839,2699757988,10959344809,2699753945,2699754607,2699754613,2699754610,2699754609,13142999531,13143056907,10741520276,10741540187,2699752835,13142731612,2699752836,2699752843,2699752848,12423088352,12423084564,2699752837,2699752846,7076063269,11357996666,11357989903,2699752855,10873504966,3748951425,2699752850,12227768290,12962232569,10874232260,10873504967,10873504965,5226211759,7076001868,12365551375,7076001867,7076001864,7076001863,7076001865,13283071994,13283160701,13283086792,9122302517,6909804800,9330196749,5594891026,13283101982,9038187426,13283226975,11274729970,9884528466,7076063196,7076063197,7076063198,9321076956,4063688590,7076001861,7076001862,2282486102,5113659453,7076001866,11983497399,11983479625,2017190763,2018982169,7076063202,7076063203,12009896156,13324660699,7076063201,10884404308,7076063200,7076063199,12681485187,12681485188,6149852920,2699753943,2699753944,2699753946,2699753947,2699753951,2699753950,2699753949,2699753948,5117627158,5113659515,10779500105,2699753644,5968582882,5968581908,6827178603,12068659438,5941325235,2699753641,2699753643,2699753642,7076063204,7076063205,7076063206,11277111680,11277111681,7076063207,10777961006,12650442898,7076063208,7076063209,8026222938,7076063210,7076063211,7076063212,7076063213,5117627124,5941324676,5941324684,5941325233,2048050409,5941324672,11966746787,5941325227,5941325219,11966792060,5941325190,9740895475,12634535120,12634548501,12634222020,12634416056,9740895502,9740888733,10759662318,11238380039,11238380037,11238380038,13011786017,13011795861,11368531149,9224843549,11832986276,12020238320,11964721442,11832991702,11832980125,11379545987,11379561478,12812076106,12843998249,12986009917,12915235956,8269943195,2699752844,2699752833,2699752840,2699752831,10951467173,2699752842,10951467161,2699752853,10883132771,2699752854,2699752859,2699752857,2699752834,2699752832,9307377317,9307358113,13074641241,6851396187,5998289584,5998291995,9740888734,12182105961,11622870823,10823910305,10827570606,12960979068,2699743594,12960995980,13031764505,13031774310,13031783911,13031764501,13031764500,13031773532,13031773533,11084637605,12079627878,10767946305,10823892608,12208848355,10823869008,12852846568,10823876406,5542175056,9903597733,13143013240,5542175064,5542175063,10994156060,10994156059,11622870824,5542175057,5534040230,5534052431,13143058309,13143034941,13143041199,5542175058,5542175059,5542175061,13143022643,10994232050,5542175062,10827604005,10827603806,10833477005,10833478805,11717312584,3953590159"
Residenza universitaria Verdi,45.0691658,7.6905579,mobilità,bicycle_rental,0,0,0,1,12068398566
Residenza universitaria Verdi,45.0691658,7.6905579,mobilità,primary,0,0,0,0,
Residenza universitaria Verdi,45.0691658,7.6905579,mobilità,secondary,0,0,0,0,
Residenza universitaria Verdi,45.0691658,7.6905579,verde,park,1,4,11,45,"130457686,23034764,23034770,1432694404,287696722,109742701,23026345,22897848,543676718,457323344,287707677,753231466,479486904,816783671,895647570,61732303,1075763396,369707777,479483771,319279820,22879264,22908088,23055671,532907259,256465204,256465522,369795270,632813022,22908071,12233633301,690662131,690745660,259895475,1157616170,290706661,690745503,690738904,690738908,690738906,690745039,690662573,690663659,690765813,816783192,689198379"
Residenza universitaria Verdi,45.0691658,7.6905579,verde,garden,2,7,22,122,"130448587,130448589,130448590,130448588,1064035772,1064035771,28621748,664912057,191051285,303807502,1432497777,1432497771,1432542546,1432694420,1432694410,1432694408,1433218603,1432694412,1433516891,1433516897,1432694406,1433516899,1433218602,1433218608,1433218609,1433218611,1433516893,1433516896,1434558345,1433516866,1434558331,1433516869,1433516870,1434558326,1434558323,1434558321,1434558344,1433516867,1434558342,1434558339,1434558336,1434558316,1433516874,1434558328,1434558319,1434558314,1434558315,1433516882,1434558313,1433516875,1434558318,1434558317,1412323438,561608551,23054276,318993599,251488296,23026360,302764761,1060217784,1060217774,848959753,848959890,689197828,689197827,411053238,633972127,411053241,633972128,689196222,740007653,741636656,689196221,689196217,741636655,689196220,740007650,689196218,327419031,740007635,740007643,741636682,560991929,814961233,814960644,813403362,696993949,814962000,813408161,814962760,813403198,800525157,324477119,29184190,585434921,585434922,585434925,1067243272,761582377,761951452,761951453,761951455,761951457,761951454,761582373,761951459,761951458,761582372,761951460,761951456,741636663,725758014,846901933,1158404280,1266554235,1266554238,741636695,816782637,800525442,690660411,28229702,960205126"
Residenza universitaria Verdi,45.0691658,7.6905579,verde,grass,2,12,82,161,"318948807,326073532,326073533,319649516,462066644,684095662,130448586,684095663,130448583,134236056,1218836989,134236059,149628054,1062853763,1062853769,1067805717,561611213,561611216,561611209,561611219,561611214,561611211,561611221,561611218,123242586,123242589,123242584,1447741497,1264205127,112698197,112698185,112698601,842026974,1433516865,1455462300,1455462921,1455462291,1455462301,337361722,1362575098,192061493,192061494,192061492,192061489,192061490,192061491,1272990787,245046146,1098853222,245045846,397809397,616677987,616677976,616677985,616677978,616677983,616677980,245045845,337361720,337361721,245045844,289014365,411053235,129209564,129209563,689196219,577440411,616984807,616984808,616984806,616984803,616984802,288798832,288798834,288798833,258298837,1173001074,1173001075,1173001079,1173001078,1173001076,1173001077,1173001084,1173001091,1173001083,288283918,1254120835,1173001072,1118869379,1173001073,1118869380,1173001095,1173001100,1173001099,1173001110,1173001101,1173001109,1173001098,1173001088,1173001107,1173001102,1173001108,1173001094,1415617395,1415617396,961875681,961875680,107568895,107568898,1250264722,1266554234,577263226,577267981,577271848,577267982,577271851,577267983,577271853,577267984,577271856,577267985,577271858,577271820,577271823,577271824,577271846,577271825,577271827,577271843,577271830,577271832,577271835,577271841,577271839,577271838,577271836,577271861,577440401,577440403,577440407,129839957,577558249,530332686,578956725,577558253,577558252,577275421,1193255688,577558261,577275422,577558254,664914263,1158454605,259895474,1196407026,28229696,1193255687,280506717,865725444,865725443,392224999"
Residenza universitaria Verdi,45.0691658,7.6905579,verde,wood,0,0,0,5,"1433516888,1433516863,256204633,457323345,256204642"
Residenza universitaria Verdi,45.0691658,7.6905579,verde,forest,0,0,1,2,"1075063885,585434926"
Residenza universitaria Verdi,45.0691658,7.6905579,verde,meadow,0,0,0,0,
Residenza universitaria Verdi,45.0691658,7.6905579,verde,scrub,0,0,0,4,"360131117,1432694422,1441572063,1066637351"
Residenza universitaria Verdi,45.0691658,7.6905579,verde,allotments,0,0,0,2,"328621268,328623930"
Residenza universitaria Verdi,45.0691658,7.6905579,verde,playground,1,3,11,20,"130457685,1433218613,1432694403,1780526494,191211963,1168299039,1170974105,1054786065,9215807657,10221497811,5206224432,12851950094,2505158924,552214398,623124807,1291894961,108460659,577440400,8464466018,1157616172"
Residenza universitaria Verdi,45.0691658,7.6905579,verde,recreation_ground,0,0,0,0,
Residenza universitaria Verdi,45.0691658,7.6905579,verde,nature_reserve,0,0,0,0,
Residenza universitaria Verdi,45.0691658,7.6905579,verde,lake,0,0,0,0,
Residenza universitaria Verdi,45.0691658,7.6905579,verde,reservoir,0,0,0,0,
Residenza universitaria Verdi,45.0691658,7.6905579,sport,fitness_centre,2,3,7,14,"12886908643,9463603381,10067097220,10784287024,12327658096,2018982152,4736058200,12547891555,11049505605,6851326135,3349809096,3343770523,11534701686,13011248973"
Residenza universitaria Verdi,45.0691658,7.6905579,sport,sports_centre,1,1,5,15,"188466381,3332362719,749439074,256781255,286976821,9792328371,630344434,458039656,288893797,458039655,3352111838,2097331599,3355734546,3355731107,11991054569"
Residenza universitaria Verdi,45.0691658,7.6905579,sport,stadium,0,0,0,0,
Residenza universitaria Verdi,45.0691658,7.6905579,sport,swimming_pool,0,0,0,11,"1118749030,1118749029,1118749028,749439076,1433218610,1433218607,1323785257,320710589,1270460659,1066094579,2097331540"
Residenza universitaria Verdi,45.0691658,7.6905579,sport,water_park,0,0,0,0,
Residenza universitaria Verdi,45.0691658,7.6905579,sport,pitch,0,1,11,55,"1065476429,324738752,1014573092,915561405,362273176,13284561433,13284561431,923782195,923780960,915561404,13284561432,1089685037,1005248573,1005248575,1005248574,5410221475,117526387,1347180844,1190222149,117526384,1190222452,1190222148,117526386,1347180845,117526378,1347180843,245045843,1062624219,358681038,358681041,358681042,358681037,119456036,256368311,1418747925,578921511,1315551317,1315551316,319284839,809362711,809362112,218287346,218287350,1000297399,256770955,218287344,10994156063,10994273932,179477508,259895250,1157616171,253360458,286108004,1212265100,960202951"
Residenza universitaria Verdi,45.0691658,7.6905579,sport,tennis_court,0,0,0,0,
Residenza universitaria Verdi,45.0691658,7.6905579,sport,golf_course,0,0,0,0,
Residenza universitaria Verdi,45.0691658,7.6905579,sport,ice_rink,0,0,0,0,
Residenza universitaria Verdi,45.0691658,7.6905579,sport,bowling_alley,0,0,0,0,
Residenza universitaria Verdi,45.0691658,7.6905579,sport,climbing_wall,0,0,0,0,
Residenza universitaria Verdi,45.0691658,7.6905579,sport,gym,0,0,0,0,
Residenza universitaria Verdi,45.0691658,7.6905579,commerciale,shop,0,0,0,0,
Residenza universitaria Verdi,45.0691658,7.6905579,educazione,school,2,6,14,47,"1065476430,315598789,4736111631,340249805,334684164,426293828,4736081694,320875624,4736084237,190499456,190499455,298804713,1075307126,243074534,250151807,2284034343,2284034348,117493773,1304814076,1168299038,10765663105,450287805,1091923526,3343680527,42864476,1168299037,108601368,7796907023,1176873243,82256497,3343687306,3343687307,616984801,83076321,1081110260,182884900,453290904,632813027,322254779,322254780,322254777,286107710,253360459,3343605435,3343615248,616994936,3343636574"
Residenza universitaria Verdi,45.0691658,7.6905579,educazione,kindergarten,0,1,2,15,"314888176,12227784321,1328540432,2284034346,219014163,7807308276,12768280010,1603601080,10896540919,2018099976,256387052,453757173,12233633201,7038759586,253360467"
Residenza universitaria Verdi,45.0691658,7.6905579,educazione,university,6,14,18,35,"8903777986,988062105,6944502291,6945638233,10132258250,6944516128,6944505643,6945671127,2714024340,749760378,9430411581,6339286102,4605849272,4605836657,4605847888,4605836658,192604816,2577028412,2577029282,2018055299,2018055301,9739802942,2503902059,3363964793,6851326132,4086214801,2018087957,1218747279,6851439272,651771955,4735868696,10237789518,453757181,3349733649,450278224"
Residenza universitaria Verdi,45.0691658,7.6905579,educazione,college,0,0,2,3,"780144763,318997570,12248046055"
Residenza universitaria Verdi,45.0691658,7.6905579,educazione,music_school,0,0,2,2,"28109102,3343797841"
Residenza universitaria Verdi,45.0691658,7.6905579,educazione,driving_school,0,1,3,9,"12886844895,10879184439,11841904325,12165781951,12089511784,316203024,12077001867,9762124287,3473130432"
Residenza universitaria Verdi,45.0691658,7.6905579,educazione,research_institute,0,0,0,2,"190482116,6241694510"
Residenza universitaria Verdi,45.0691658,7.6905579,educazione,vocational_school,0,0,0,0,
Residenza universitaria Verdi,45.0691658,7.6905579,educazione,library,0,2,7,13,"243093474,10229510808,4209315503,11806550856,4936115896,9693041809,3352114524,909179631,117351946,6074405709,4849156539,3345600834,138036072"
Residenza universitaria Verdi,45.0691658,7.6905579,educazione,archive,0,0,0,0,
Residenza universitaria Verdi,45.0691658,7.6905579,educazione,museum,4,11,17,34,"12072302022,123180294,435784636,4572133130,4736079916,6433974757,6433935512,9585924917,5171950042,246516587,246643344,6432836094,2177769729,1333701144,6435420518,6431480861,2026479833,318938052,2026479832,246443715,6432887576,6432637423,11267476069,4908362221,6434268049,1628071063,248771289,6433944342,11217521918,246516619,9757285250,761582364,4067344493,3349838584"
Residenza universitaria Verdi,45.0691658,7.6905579,educazione,community_centre,1,1,3,8,"194336591,12548906803,3363460993,3352189835,12766851574,3371757496,8069412590,104339324"
Collegio Einaudi - Crocetta,45.0591972,7.6558418,sanità,healthcare,0,0,0,0,
Collegio Einaudi - Crocetta,45.0591972,7.6558418,sanità,pharmacy,1,4,18,71,"10090308295,2536257617,7379956054,7380019165,10090308303,4620303530,1470609151,2019649541,4734592596,4786739926,3348691737,4734591980,4734595751,7310501808,4553612464,3147953801,1670302089,2135139106,4734594417,4734593954,7385328770,7380128899,7380131545,4289452247,7373154101,1198867317,4735667414,4735021763,4735023412,12814474916,7310088536,6029326322,4735669404,4735721872,12800044441,2036336905,2036356385,4735719316,4412226590,9140119438,4735717950,7384890987,7376141996,7380102116,7380072654,3348688592,3342794654,7373154102,4734768651,3342781917,3342780201,7312067712,3344768366,3344782869,1475077657,4736115522,7312267251,11782400574,2036360279,3893151255,4735829063,4735717430,2018187040,619193786,4735828988,3224067528,5255625937,2593187678,2048347744,2018203641,5628622146"
Collegio Einaudi - Crocetta,45.0591972,7.6558418,sanità,dentist,0,0,4,13,"13306002941,7261094839,13288761320,9568693092,10698834221,8569291136,12886910727,10737466798,2016414024,1448147009,8463109068,2406157072,4195848889"
Collegio Einaudi - Crocetta,45.0591972,7.6558418,sanità,veterinary,0,0,3,10,"3147953784,4734597325,6948201811,7023650031,8518082749,11283174640,6942723111,12951974696,11290467038,4735830189"
Collegio Einaudi - Crocetta,45.0591972,7.6558418,sanità,optician,0,0,0,0,
Collegio Einaudi - Crocetta,45.0591972,7.6558418,sanità,medical_supply,0,0,0,4,"13138464036,11283227093,11064390829,12951935240"
Collegio Einaudi - Crocetta,45.0591972,7.6558418,sanità,defibrillator,3,3,7,20,"12599100593,13271881701,13308607340,9376999100,10243877109,7227510560,12237513601,12829755501,11071576234,9552060491,9137861147,7232177660,9515896704,7234888685,12886227002,432803701,12484268753,5121847084,7934552531,11273669529"
Collegio Einaudi - Crocetta,45.0591972,7.6558418,sanità,hospital,0,0,0,3,"862795993,3538149956,26294487"
Collegio Einaudi - Crocetta,45.0591972,7.6558418,sanità,clinic,0,2,2,21,"654215083,12855312376,290245244,1196177763,395057467,12816667601,12816667602,12816909558,12816909553,12814452400,12816909554,12814474932,12814452396,4086304459,6664922333,822529092,4735668281,11290349432,3893264712,10698816652,2284074743"
Collegio Einaudi - Crocetta,45.0591972,7.6558418,sanità,doctors,0,0,0,0,
Collegio Einaudi - Crocetta,45.0591972,7.6558418,mobilità,station,0,0,0,11,"893193542,1621697594,543360161,254594416,1095052533,332648606,11592793752,432803698,1622042729,3395226356,254594415"
Collegio Einaudi - Crocetta,45.0591972,7.6558418,mobilità,subway_entrance,0,0,0,49,"1213993997,1213994125,1213994014,3253332073,3431326297,3431314079,3431314078,10235736538,3431314077,3431314076,3431314075,10235736525,946525643,1484955768,1484955766,1484955767,957923325,442641053,442641055,1367855910,1839686581,1367855907,1367855911,1367855914,957923307,3431314080,2299299617,2299299618,3283630305,1367855920,1026285948,1026285957,1026285955,1026285950,1367855922,3253332072,1622042886,3283904468,1622042919,3431326298,5020207823,5020207824,1262284319,10260242427,10260242426,1262284354,2014746582,1262284353,10260242428"
Collegio Einaudi - Crocetta,45.0591972,7.6558418,mobilità,tram_stop,0,10,33,104,"1233612826,1234675831,1234675807,1234675699,1234675847,11009337364,1234675743,1234675824,1234675790,945383213,945383294,945383236,945383225,941491681,941491813,941491908,945383170,945383228,945383209,945383242,11009337366,1234675767,1234675754,1199240450,1230710275,1270651295,1262202670,1230710077,1230710325,1230709627,1230709993,1231011146,945383335,945383168,1230709942,1230709908,1231011227,941491761,941491518,941491902,941491727,1168929313,1167320836,1168929291,941491699,1167320919,941491496,1230709954,1230710110,1230709892,941491640,941491856,938733459,938733498,945268814,945268800,1185414536,1168929618,945268789,945268816,1167321000,1168270429,945268799,1199240661,1229263858,1167320990,1167320859,1167321088,1167321041,1167320969,1167320960,1185414562,1168270672,1231011192,1230709701,1229827369,1229580312,1229827462,1229580298,1229580302,1229827262,1229827380,1229580296,1185414492,945268801,945268822,945268805,943330838,11294052063,945268802,1624209638,1230710018,4997702728,1231011119,941491483,941491672,941491612,1168270471,1168270534,941491716,941491868,1185414486,1167320937,1168929427"
Collegio Einaudi - Crocetta,45.0591972,7.6558418,mobilità,bus_stop,4,24,105,394,"1233612824,1262199552,1262198249,1262211683,1262209476,1262200546,1262209185,1262211304,1262195057,1262207695,937591308,937591430,1262196400,1262203407,1262208411,1262192798,1262189772,1262206803,1262195237,1262207755,1262190794,1262182380,1262210347,1262190812,1262182452,1262194936,1262199328,1262204920,1185441578,1262208869,1262211602,1262199144,1262195704,1262185164,1262210241,1262197150,1262210434,1262199934,1262199271,1262190748,1262200682,1262208770,1262186464,1262191474,1234675726,1262203695,1234675650,1262203346,1262204437,1262208811,1262202241,1262204527,11211252316,1262185590,1262199222,1262190163,1262185865,1668063927,1262195515,1262193449,1262203196,11009337365,1262207225,11211252314,1262195960,11211252315,1262208328,1262184011,441698016,441698012,1262185459,937591581,1262207453,937591513,1262210240,1199003172,1199003187,1262209969,1262194763,1262195528,1262182441,1262201548,1262194534,1185441565,1262208618,1185441540,1185441579,937591574,1213368937,1262204355,1185441569,1262183019,937591597,1262201258,937605183,937605179,1198909279,1198909287,937605170,937605201,937605172,10200584299,1185414537,10200408844,1262206025,1185414591,1262212245,1262212777,1262192470,1262208298,1262197981,1262194443,1185441549,1262197105,1185441551,1262186201,1262199241,1185441575,10200584300,10200408843,1262205104,11211252313,1262195832,1262208385,1262209301,1262194948,1262198072,1262211472,1262197194,1230710356,1230710401,1262209161,1262194483,1213368919,1198867501,1198867296,1185441587,3979495903,10200408842,1262208027,1185441561,1230710173,1230709749,1262204124,1185441537,1231011169,1262194463,1212944734,1212944745,1262206303,1262208993,1262196617,1262205652,1262198085,1262188120,1262192773,1262202694,1262199993,1262198818,1262207113,1262182479,1262189238,1213368963,1185809746,1185809738,1262208641,1185809741,1262208307,1185414473,1185809759,1262194959,1262188782,1185809737,1262199883,1262204464,1262187238,1185809754,1185809736,1399644213,1131464110,1399644528,1262212319,937605193,937605195,937605181,937605194,937605189,1262198275,1198867720,1262200618,1262210403,1198867646,1198867624,1262199732,1198867456,1167320783,1262207954,1262187635,1262208539,1262200757,1262204432,1262205523,1262195376,1262203331,1262207470,1262195744,1185414571,1231011126,1168929258,1198867528,1199003141,1168929465,1185815850,1262195065,1262182588,937605174,937605197,1168270670,1199240778,937605169,1168929641,937605192,1168929327,937605175,1262195535,937605200,1229263756,1262201038,1262206788,1198867355,1262188427,13357227255,1198867590,1198867343,1198867678,1168929435,1198867713,1168929622,937605184,1185414408,1525407946,1262208796,937605187,1262193964,1262202938,1262210261,1262196361,1262193644,1262211503,937605188,1168270573,1262204607,1262208375,1262208983,1262185661,1262201597,1262208218,1262207930,1262195899,1262192507,1262196140,1262182653,1262199082,1262198137,1262203653,1262203564,1262212324,1262195144,1262182776,1262199205,1262208958,1262199591,1262193765,1262203257,1262194988,1262188706,1262202792,1262194321,1262197282,1262212832,1262211335,1262189175,1262199980,1262196012,1262192555,1262209422,1262187575,1313599114,1313599098,1313599087,1313599111,1262201435,1313599104,1229580307,1229827398,12823257925,1262196595,1262210281,1262196239,1229827470,1229580327,1262198584,1262212991,1229580319,1262199709,1229827300,1262198618,1524833855,10938458344,4806485504,1569038269,12074187316,1262209419,1262197341,1524833877,4665090550,4665090551,1262209460,1262195174,1262203792,1262195359,1262203217,1262203134,1185414556,1185414572,1199240547,1569038260,1262208085,8494249908,1262196253,1199240667,1262201459,10938458345,1262197535,1262194358,8496496625,1262202182,4248370551,4245731174,4443910584,1262182722,1262198202,1262203078,1199240749,1262193035,943330835,937954831,1254531567,1262206062,2299299616,937605198,937605176,1262203237,937605196,937605190,1199240598,943330808,1262187879,1262203150,1262182219,1399644425,1262198176,1262197433,1262192786,1262197275,1262200205,1168929344,1262197041,1262207547,1198867604,8289837996,1262195219,8289837997,1262185354,1262197387,1168270553,1168929565,1168270407,10200408841,4575722855,10066805517,1185414522,1262199608,1491228855,1262202711,1262211444,1262200499,1262196215,1262201567,1262196300,1262198051,1262197657,1525407917,1262206483"
Collegio Einaudi - Crocetta,45.0591972,7.6558418,mobilità,charging_station,0,0,6,30,"11933501180,11933496419,10200314273,11505952227,10704779934,4691906384,5787665000,4691906382,7412497420,9568693093,10686606848,4691906381,12206458665,9331784402,5545629913,10862580324,11107468089,13138483052,13340070604,9088671239,4671233528,9088671240,13075187843,5545493679,12801752468,9056770766,13254288285,3906238205,12385342507,3906239156"
Collegio Einaudi - Crocetta,45.0591972,7.6558418,mobilità,car_sharing,0,0,0,0,
Collegio Einaudi - Crocetta,45.0591972,7.6558418,mobilità,taxi,0,0,3,11,"7211219153,1720500302,1470612633,450595752,4289455496,2016414163,3205040135,2902424081,2902424080,1545661422,3241731973"
Collegio Einaudi - Crocetta,45.0591972,7.6558418,mobilità,parking,3,13,36,122,"169109665,254428905,4734924482,434344155,1388871429,102643101,847969006,847969007,104230904,847959016,802596631,243354152,243354153,166581389,82290354,1125287584,290436848,290436857,290436845,133144552,1192476391,848622593,131713580,11503903538,184476157,1150750603,1154039642,1208808264,1318046507,12026842569,166457327,4247924022,54740253,4247924125,560321339,646904179,166583965,166596459,241336708,1128003509,166585310,3319891484,131477884,166652711,166652710,791410567,792699652,841495751,841502849,140260606,83808962,106366574,376495005,154500752,839476414,839476413,1218048192,752839776,270802496,839634184,7077733654,693367780,693367779,1032863499,300189916,287520875,1027356692,330956379,330956378,313088902,313088903,166630018,291492675,50259560,1126042539,1126043797,1126047090,1190970428,1340364497,942603632,942603631,736824357,706164324,730684398,1300583616,1419477429,736824358,1076957801,730771775,166652712,83042948,1383582583,1381841252,1381841251,5693045436,12809872841,1381841253,1125419383,448718773,448969330,448434080,132528231,222172799,6411440333,635372762,635372763,320706078,320706077,166616053,166611428,1409158807,7195363113,282924801,1455462286,4488383689,248772281,275161406,5997771287,5997780786,320706080,635372765,320706079"
Collegio Einaudi - Crocetta,45.0591972,7.6558418,mobilità,car_rental,0,0,0,8,"659970718,1819918149,1170039574,1170039581,13363265154,6113511883,11104716244,5628622134"
Collegio Einaudi - Crocetta,45.0591972,7.6558418,mobilità,bicycle_parking,5,26,78,268,"10871415399,10904635285,2699774349,2699774351,10846725764,10848373825,10873504985,10873504986,10871415400,12604248402,6284273900,2699765012,2699765013,2699765014,2699765015,10852570102,10750674542,10852570103,10750674543,10873504976,2699763618,10873504975,10852593727,2699763619,10852593712,10850759990,10850759982,10850759991,10848408078,10750671202,10994635793,10852593713,2699763620,2699760641,10852593711,7076001860,2699836884,2699836885,2699836886,2699836887,2699836888,2699836889,12233636601,11766605054,2699836883,638741739,2524446376,638741442,7685876482,10873504948,7685967899,2699774350,2699774352,11274729869,1780322685,7076063185,1780322731,11274729769,2699759047,2699759049,2699759048,10852570101,3799076904,7635131587,6104249055,7063812962,10873504950,10873504949,2699760635,2699760634,10873504974,7918354187,10853204514,2699759050,2699760640,2699760639,2699762076,2699762075,7785624492,9565968757,2699759052,2699759053,2699759051,2699760636,2699760637,2699759056,2699759058,2699759057,2699757974,443101911,7815134909,7815134911,7815134910,7815134913,7815134912,12394522606,12394489858,10873504973,6912162938,7815134903,10113463334,10113463333,10113463332,10113463331,9580694089,10113463330,10113463329,10113463335,2016369763,2017759603,11673291208,11673243325,7076063186,7076063187,7076063189,7076063188,5347703556,12153279090,7076063193,7076063194,7076063195,7076063192,2699759055,2699759054,11913808736,7054259454,9771620395,10011778505,7076063191,6954549387,6954549388,1783770824,10873504971,1783770825,10802789582,2699757972,2699757973,2699757978,2699757975,9536387625,706004735,9536764388,9515661833,2699754605,2699763621,2699762528,2699762080,7076001859,7076001858,2699762077,12951928674,10901383359,2699745133,2699762079,7807429771,10771806119,2699762078,2699762081,13231686483,7076063225,2699745128,7076063226,7076063227,7076063223,7076063224,7076063222,7076063221,7076063220,7076063219,7076063218,7076063217,7076063216,7076063232,7076063233,7076063229,7076063237,7076063228,7076063235,7076063236,2699745134,7076063215,2699745131,7076063214,2699745130,5628622143,2699745129,5628622144,2632353490,10873504970,5628622145,7025739876,10873504969,2699745132,2699745136,2699745135,7076063244,7076063250,7076063251,2699745137,7076063243,7076063242,12165781958,7076063247,7076063246,7076063230,7076063239,7076063238,7076063240,7076063241,7076063234,7076063231,12889486162,13231692502,12889485978,12889485179,12889481110,12889467141,12165781957,7076063257,7076063253,7076063252,7076063255,7076063249,7076063258,7076063248,7076063256,7076063245,7076063254,7076063259,10159318064,2699757982,2699757981,2699757980,2699757979,2699757983,2699757984,2699757985,2699757986,2699757987,2699757989,2699752845,2699752839,2699757988,10959344809,2699753945,2699754607,2699754613,2699754610,2699754609,13143056907,2699752835,7076063190,5226211759,7076001868,12365551375,7076001867,9321076956,4063688590,7076001861,7076001862,2282486102,5113659453,6149852920,2699753946,2699753947,2699753951,2699753948,5117627158"
Collegio Einaudi - Crocetta,45.0591972,7.6558418,mobilità,bicycle_rental,0,0,0,2,"5169986448,12068398565"
Collegio Einaudi - Crocetta,45.0591972,7.6558418,mobilità,primary,0,0,0,0,
Collegio Einaudi - Crocetta,45.0591972,7.6558418,mobilità,secondary,0,0,0,0,
Collegio Einaudi - Crocetta,45.0591972,7.6558418,verde,park,1,3,10,43,"466175067,466175069,466175070,103422196,466175068,1126392199,104240184,104230582,104240183,37524337,243356957,759194439,646904183,290137848,1254357945,82290353,579229093,646904177,799333352,646904181,149395093,166596454,792699653,171271678,104147826,166986552,83808971,848000866,106251930,44503795,88206888,149395470,39789990,589863206,242407848,605805917,731935819,41752855,41752854,82202795,23088806,433500383,130457686"
Collegio Einaudi - Crocetta,45.0591972,7.6558418,verde,garden,1,1,5,28,"106333266,799305148,759206589,759206590,106331386,1135279260,140266730,107167208,436247597,436245116,436245118,436245117,589878717,436247596,28193052,10901405103,1433432894,111596409,919048424,29176172,130448587,130448589,130448590,130448588,23089014,664912057,191051285,561608551"
Collegio Einaudi - Crocetta,45.0591972,7.6558418,verde,grass,29,48,114,312,"846003833,815517898,815517901,815517900,815523247,815523246,859854879,859854880,288835317,1126392509,1126392512,1126472583,1126392510,1126392511,1131164754,1131164753,104240182,666707223,759194441,1238389436,1238389437,1150137827,1238389435,1150137826,1239406381,1239406380,1238389427,1239177125,1132207955,1132207950,1132207951,1132207954,1132207953,1132207957,288835312,288835318,1239626888,1239626887,579229113,561619126,561619122,561619130,561619125,1132492706,561619121,579229112,1132492002,579229108,561619129,1132492003,579229110,579229099,579229097,579229106,579229101,1132209306,862454070,1132207952,1128002965,1128002964,1132207956,1128002962,1128002963,1311364296,154500720,687010710,687010712,891907991,687010711,154500733,1126792071,131477879,166596453,131477878,757727656,131477880,757727655,646909062,687010714,687010713,687010715,687010716,154500739,154500731,154500729,1066997745,234298691,154500724,316299344,154500737,154500736,315954828,234298714,234298715,234298692,234298708,234298712,234298709,234298702,234298698,234298695,234298694,234298699,234298703,234298687,234298690,234298711,234298688,234298710,234298707,234298706,234298700,234298713,234298697,234298696,234298689,234298693,234298705,234298701,234298704,315954833,181232343,181232355,181232342,181232349,181232340,181232352,286653246,181232353,181232350,181232347,181232345,181232348,181232341,286653247,181232346,286767165,314388661,286767159,286767161,181232351,286653245,286653244,286653242,242409910,286653241,286646606,286647293,286653240,286653237,286646604,286646594,286645617,286653239,286646607,286647294,286646605,286647291,732177417,286646595,1236922853,286646601,732177420,732177418,286646602,732177419,286646603,286647290,286646597,485912130,485912131,485912129,579229154,485912127,579229089,1126040506,1126042440,730665854,730682845,730682868,730682867,730682869,589878721,730682864,730682866,945490938,730682863,730682844,589878716,945490937,943784964,943784963,943782516,943782515,730682843,589878718,730682865,730682842,730682862,589878720,589878719,589878715,1034782636,730684397,736826338,706164330,730771776,166653765,690808828,690808830,690808831,333831817,242409911,544187117,286636546,242409909,286656050,286636547,286636548,286664226,286636549,732157565,286664225,318948807,326073532,326073533,319649516,731899351,731899352,731899353,1173967163,731899358,1173907484,1173907485,731899359,731899350,731899354,1173907483,1173898346,1173898347,731899360,1173898349,1173898348,731899357,731899355,731899356,732096036,732096037,732096038,732096048,731939743,731935824,731935825,731939740,731939738,731939741,221891468,731939739,731939742,732125145,732125146,732177422,732125147,178997269,732125144,178997273,732125148,732125140,178997270,684348512,732125143,732125142,732125141,732125149,732125150,732125151,732125152,37738037,732157570,286656044,732125138,732157568,732157569,732157567,286656041,732125139,342742135,347254651,347254668,347254667,347254652,347254640,347254654,347254660,462066644,684095662,130448586,684095663,130448583,561611213,561611216,561611209,561611219,561611214,561611211,561611221,561611218,1455462300,1455462921,1455462291,1455462301,1362575098"
Collegio Einaudi - Crocetta,45.0591972,7.6558418,verde,wood,0,0,0,0,
Collegio Einaudi - Crocetta,45.0591972,7.6558418,verde,forest,0,0,0,0,
Collegio Einaudi - Crocetta,45.0591972,7.6558418,verde,meadow,0,0,0,0,
Collegio Einaudi - Crocetta,45.0591972,7.6558418,verde,scrub,0,0,0,1,360131117
Collegio Einaudi - Crocetta,45.0591972,7.6558418,verde,allotments,0,0,0,0,
Collegio Einaudi - Crocetta,45.0591972,7.6558418,verde,playground,0,3,16,59,"847961152,389404045,169109664,246613691,1114937101,2506967014,1114938741,10696669360,833668347,833668346,169109663,1135247414,171271131,557627561,169109652,290144055,169109659,169109658,2113377131,1238389440,467446544,50258285,77722952,111815995,579229091,50174964,7685973296,1114952714,10187943589,140235237,1135279252,165022279,306160704,556681453,906203825,306160702,448162839,1217815310,910933663,1445632679,660162335,942887046,942888157,105377046,83093080,4968614878,83051429,83051428,124772011,1115761786,448718771,1173081441,448434079,1149617853,1149617852,499890620,1438254805,130457685,1780526494"
Collegio Einaudi - Crocetta,45.0591972,7.6558418,verde,recreation_ground,0,0,0,0,
Collegio Einaudi - Crocetta,45.0591972,7.6558418,verde,nature_reserve,0,0,0,0,
Collegio Einaudi - Crocetta,45.0591972,7.6558418,verde,lake,0,0,0,0,
Collegio Einaudi - Crocetta,45.0591972,7.6558418,verde,reservoir,0,0,0,0,
Collegio Einaudi - Crocetta,45.0591972,7.6558418,sport,fitness_centre,0,1,4,11,"12980028801,7272896085,11274687270,8518130285,5846394818,9568693090,11841788895,10736644789,12886908643,9463603381,4477792090"
Collegio Einaudi - Crocetta,45.0591972,7.6558418,sport,sports_centre,1,1,3,13,"211767603,646909064,751826434,290482354,41753512,646909066,3799075121,188466381,290420034,4479684158,83825215,289416784,3332362719"
Collegio Einaudi - Crocetta,45.0591972,7.6558418,sport,stadium,0,0,0,3,"43138628,285499599,652725229"
Collegio Einaudi - Crocetta,45.0591972,7.6558418,sport,swimming_pool,0,0,0,4,"191056430,1118749030,1118749029,1118749028"
Collegio Einaudi - Crocetta,45.0591972,7.6558418,sport,water_park,0,0,0,0,
Collegio Einaudi - Crocetta,45.0591972,7.6558418,sport,pitch,0,6,34,125,"467648069,169444963,169444964,169444967,290245229,10301477239,290245230,290245231,367965248,467648071,305071206,1126470600,10197383852,467648063,467648060,10197383853,1124007367,191495971,191495973,191495969,833668344,416059891,833668348,285499767,10301477240,1114952586,122455822,166582169,166582150,166583970,229256419,229256420,229256683,229256235,83386642,847975010,839152651,839152652,846003832,848616352,848616351,124253933,425484921,1311366022,304926006,304926005,304926004,304926003,252850307,425484914,1311364291,1311364292,111815987,241336707,1385612307,689326916,1311364294,425484913,425484919,425484916,425484909,241263809,1311364295,1311364293,241263815,425484924,1132205221,7685973295,1062615795,1135281752,7685967898,823258433,166582149,166582159,166583971,860988474,151216651,10582643941,1135279253,166582161,1123200344,8415343321,1058456079,1058456078,906203826,556681458,556681459,7007648418,7007648417,436248508,448850336,1445632678,1058453911,839634186,839634187,253538106,1065476429,9072007555,9072007556,242407846,242407872,242407870,186413455,1221399783,846003831,186413454,1303852812,1173898344,1173235467,731935820,731935821,41752773,731935823,220614907,220614908,83825205,289416782,289416786,289416797,289416790,10694640239,10694640238,10694640237,324738752,362273176"
Collegio Einaudi - Crocetta,45.0591972,7.6558418,sport,tennis_court,0,0,0,0,
Collegio Einaudi - Crocetta,45.0591972,7.6558418,sport,golf_course,0,0,0,0,
Collegio Einaudi - Crocetta,45.0591972,7.6558418,sport,ice_rink,0,0,0,0,
Collegio Einaudi - Crocetta,45.0591972,7.6558418,sport,bowling_alley,0,0,0,0,
Collegio Einaudi - Crocetta,45.0591972,7.6558418,sport,climbing_wall,0,0,0,0,
Collegio Einaudi - Crocetta,45.0591972,7.6558418,sport,gym,0,0,0,0,
Collegio Einaudi - Crocetta,45.0591972,7.6558418,commerciale,shop,0,0,0,0,
Collegio Einaudi - Crocetta,45.0591972,7.6558418,educazione,school,3,4,14,40,"169117804,860414963,253035251,858864692,859854877,859215053,367967850,367967851,243356083,1123417944,1123417943,1123417945,376495012,763986057,763986058,9623980923,815671121,799304797,131584960,744546260,3799075120,3799075123,282772081,837385370,242435627,7501518183,7501518184,367981582,1065476430,315598789,388411291,137280029,443199497,443199498,4736111631,6189845887,243074534,250151807,2284034343,2284034348"
Collegio Einaudi - Crocetta,45.0591972,7.6558418,educazione,kindergarten,0,1,3,13,"863908356,253036895,466886543,3149305228,3149300430,3798287445,3799075125,3474642596,253301347,314888176,131644847,919048421,2284034346"
Collegio Einaudi - Crocetta,45.0591972,7.6558418,educazione,university,0,0,1,4,"12694977921,1063867657,8903777986,12168588078"
Collegio Einaudi - Crocetta,45.0591972,7.6558418,educazione,college,0,0,0,1,131654729
Collegio Einaudi - Crocetta,45.0591972,7.6558418,educazione,music_school,0,0,0,1,12569155038
Collegio Einaudi - Crocetta,45.0591972,7.6558418,educazione,driving_school,0,1,3,8,"4734602699,12995526273,7077970133,8569299026,12886844895,12951948641,10879184439,11841904325"
Collegio Einaudi - Crocetta,45.0591972,7.6558418,educazione,research_institute,0,0,0,1,6241694510
Collegio Einaudi - Crocetta,45.0591972,7.6558418,educazione,vocational_school,0,0,0,0,
Collegio Einaudi - Crocetta,45.0591972,7.6558418,educazione,library,0,0,0,3,"13144212299,11926381625,10229510808"
Collegio Einaudi - Crocetta,45.0591972,7.6558418,educazione,archive,0,0,0,0,
Collegio Einaudi - Crocetta,45.0591972,7.6558418,educazione,museum,0,0,0,6,"182886373,12072302022,123180294,397514864,435784636,4572133130"
Collegio Einaudi - Crocetta,45.0591972,7.6558418,educazione,community_centre,0,0,1,4,"12616853914,12585045537,194336591,12548906803"
Collegio Einaudi - Mole Antonelliana,45.0653122,7.6916098,sanità,healthcare,0,0,0,0,
Collegio Einaudi - Mole Antonelliana,45.0653122,7.6916098,sanità,pharmacy,1,7,30,77,"2036356385,4735719316,4412226590,9140119438,4735717950,7384890987,7376141996,4736115522,7312267251,4736083750,4736083746,2036360279,3893151255,4735829063,2018737316,4735056034,4735058545,4735717430,2018187040,619193786,4735828988,3224067528,5255625937,2593187678,2048347744,2018203641,5628622146,1333701639,2018982162,2019517474,7310122343,4736110877,5113659491,2019532938,6827178588,5110808474,4736057638,2048276171,7376114116,12691580935,4736055182,5206578925,7376141997,4736058640,4736054350,7312494521,4736054639,4736054574,12018327204,7309967811,7376141998,4735870073,306557185,4735867352,306556997,754189651,4735090163,7310076313,5117627162,7373154098,4736077953,2068598491,3340684507,7372987831,7373154099,2018175898,7379060407,3416861086,4733628841,3340678134,309669048,3340681064,9405942960,4733528397,4733528549,8059810892,4733554860"
Collegio Einaudi - Mole Antonelliana,45.0653122,7.6916098,sanità,dentist,0,1,5,11,"12886910727,10737466798,8463109068,2406157072,11296229554,4195848889,5941324678,3373033912,9301525972,6564881971,12076633860"
Collegio Einaudi - Mole Antonelliana,45.0653122,7.6916098,sanità,veterinary,0,0,2,4,"4735830189,4736055191,2018192326,11167653306"
Collegio Einaudi - Mole Antonelliana,45.0653122,7.6916098,sanità,optician,0,0,0,0,
Collegio Einaudi - Mole Antonelliana,45.0653122,7.6916098,sanità,medical_supply,0,0,0,2,"12294762542,11688321776"
Collegio Einaudi - Mole Antonelliana,45.0653122,7.6916098,sanità,defibrillator,0,8,14,25,"9515896704,5121847084,7934552531,13239427956,13015096966,8356951251,8210481138,6705560885,11273669529,5113659443,6851497986,12095446701,6851187750,6853723885,8334794474,6851437489,6853946708,6853946004,6851357885,10942463291,3722895975,8025708191,10004554628,6877134124,9612498223"
Collegio Einaudi - Mole Antonelliana,45.0653122,7.6916098,sanità,hospital,0,1,2,8,"294267544,190728046,191194250,316203053,3342035128,1193255695,777989578,1196177764"
Collegio Einaudi - Mole Antonelliana,45.0653122,7.6916098,sanità,clinic,0,1,1,13,"6664922333,822529092,4735668281,11290349432,10567218284,10567228303,13314604189,3893264712,385995302,10698816652,2284074743,4086502595,3290263940"
Collegio Einaudi - Mole Antonelliana,45.0653122,7.6916098,sanità,doctors,0,0,0,0,
Collegio Einaudi - Mole Antonelliana,45.0653122,7.6916098,mobilità,station,0,0,0,5,"543360161,254594416,1622042729,3395226356,254594415"
Collegio Einaudi - Mole Antonelliana,45.0653122,7.6916098,mobilità,subway_entrance,0,0,3,19,"10235736538,3431314077,3431314076,3431314075,10235736525,3253332072,1622042886,3283904468,1622042919,3431326298,5020207823,5020207824,1262284319,10260242427,10260242426,1262284354,2014746582,1262284353,10260242428"
Collegio Einaudi - Mole Antonelliana,45.0653122,7.6916098,mobilità,tram_stop,2,21,64,146,"1167320919,1230709954,1230710110,1230709892,941491640,941491856,938733459,938733498,1229263858,1167320990,1167320859,1167321088,1167321041,1167320969,1167320960,1185414562,1168270672,945268801,945268822,945268805,945268802,1624209638,950433574,951424216,1230710018,4997702728,1229827204,1231011119,1229827337,1231011175,1229580323,1229827230,1229580314,1229827620,941491483,941491672,941491612,1168270471,1168270534,941491716,941491868,1185414486,1229580315,1229827224,1227966230,1168270660,1185414504,1227966231,1167320937,12101484067,1168929427,12100765982,941491637,12101484058,1624209624,1843302903,941491545,943330768,1370347434,1229263851,1370347438,1229827150,1229580304,1230710216,1230709587,1230709694,1230710154,1230710053,1230710389,1227966234,1227966232,1227966233,1229263766,1229264040,12616325336,12715581050,12978416484,12978416485,943330769,12715581035,12978416486,1168270587,1168270504,1230710263,943330816,943330822,943330819,1230709780,1231011218,943330805,11281292421,1230709737,1230709859,11281834064,1235856174,1168270599,1270651267,13326178312,13326178313,1235856079,947982002,947982146,1262194799,1235856205,947981976,947982053,1235856123,13326178314,1624209625,941491939,941491471,948016002,1167320980,1167320769,941491730,948016031,948016167,1167320925,12978416487,1229263814,1229263917,1231011198,1229264035,1229263857,11660081125,1168270491,947982084,947981932,945268808,945268793,948015923,948016134,941491929,12296376831,941491766,939124434,1230710101,947982115,1168270479,947982009,947982103,11611802562,12351499946,1235926926,1262203527,1236572719"
Collegio Einaudi - Mole Antonelliana,45.0653122,7.6916098,mobilità,bus_stop,6,29,109,378,"1399644528,1198867456,1262208539,1262200757,1262204432,1262205523,1262195376,1262203331,1262207470,1262182588,937605174,937605197,937605175,1262195535,937605200,1229263756,1262201038,1262206788,1198867355,1262188427,13357227255,1198867590,1198867343,1198867678,1168929435,1198867713,1168929622,937605184,1185414408,1525407946,1262208796,937605187,1262193964,1262202938,1262210261,1262196361,1262193644,1262211503,937605188,1168270573,1185414572,1199240547,1262196253,1199240667,1262201459,937605198,937605176,1262203237,937605196,937605190,1199240598,943330808,1262209067,1816820005,1816820048,1199240580,1262203150,1262212811,1262183335,1262204440,5594891025,1262199964,1262199168,1262182219,1399644425,1262198176,1262197433,1262192786,1262197275,1262200205,1262207921,1262210546,1262182382,1262192501,1262201910,1262192626,1229580308,4605836659,1262204898,12876021888,1229580300,1262196307,1262209515,1262196647,1262212519,1262207853,1480474270,1262210350,1262190981,1262207187,1262197218,1262184662,1262204656,1262196134,1480474276,1262203192,1262194723,1262209179,1262196512,1262206934,1262207679,1480474287,1480474282,1480474260,1480474258,1262184419,1480474268,1480474269,1480474262,1262198132,1262197142,1480474257,1262209613,1262208977,1262182398,1262212389,1262211321,1262191031,1262198260,1262200999,1168929344,1262197041,1262207547,1198867604,8289837996,1262195219,8289837997,1262185354,1262181975,1262197387,1168270553,1168929565,1168270407,10200408841,4575722855,10066805517,1185414522,1262199608,1491228855,1262202711,1262199542,1262186722,1229580316,1229827663,1262208483,10136283371,1168270570,1168270559,1185414520,12876021885,1262211444,1168929371,1262200499,1262196215,1262201567,1262196300,1262198051,1262197657,1525407917,1262206483,1262203392,3229868385,3262101385,1168929432,1491228856,1262197246,1198867662,1262188506,1262197678,1262208401,1262209581,1262199837,1262209446,1198867402,1262207476,1262190131,1491228854,11657164483,11657164484,1229827101,1229580311,1399644118,1262197436,1262211451,1262205080,1262192792,1262199977,1262195420,1262205970,1262195822,1168270639,1185414410,1262208503,1185414465,1262194546,1262208323,5117626905,1262209930,1262198026,1185414577,6851570620,1262199075,1262182576,1262200213,1262203030,1262212401,3350111050,1262198097,1262196900,1262196798,3350079082,1262209112,1262206389,1262208051,1262196187,1262191998,1262202844,1262195567,1262212221,1262192881,1262194437,1262196834,1270905157,1262191772,1270905158,1262208954,1262199922,1262209046,1262211982,1262197197,1262199746,1262212615,1235856128,1262189828,1262204404,1262207790,1262187555,1262194051,1262209878,1262203354,1262195649,1262195757,1262194653,1262194554,1262211270,1262184239,1262199090,1262207066,1262200228,1262201419,1262204490,1262208777,1262203604,1235856183,1262195521,1262196422,1270651264,1262196590,1262204352,1235856103,1262195266,1262184741,12194813096,13208780377,1235856064,1262204271,1262196312,1262208882,1262197328,1262196148,1262212974,1262204577,1262188303,1262200697,1262195966,1262192766,1262199820,1262199291,937605171,1262199772,937954712,1262182632,1262212512,1262199811,1262199749,1262188243,1262206716,1262207159,1262212066,1262208315,1198867441,1198867537,1262208216,1169944015,1198867556,1198867687,1198867567,1262204512,1262201395,1262194929,1262196877,1262195824,1262211446,1262208031,1262196779,1262210312,1231011141,1262190386,1262195510,1262200404,1262204567,1262212826,1262211802,1262194968,1262198250,1262202417,1262185638,1262198884,1262195633,1262212644,1262199697,1262183610,1262209326,1262192916,1169944104,1169944065,1262203594,1262199227,1262182243,1262199140,1262197279,1262197344,1262205700,1262209070,1262208866,1262193851,1262204144,1262195892,1262197057,1262207924,1262193104,13208780379,1262208589,1231011153,1262195698,1262204769,13208780378,12876021883,3226552301,3226552300,1262201740,1262187727,3226552298,3226552302,3226552299,1262209157,1262199236,13208780374,1262202819,1262210263,1262203708,1262186164,1262186807,1262201120,1262188886,1262193412,1235926929,3351615326,1262199149,1235926936,1262185187,3351625103,1236572793,1262184724,1262201445,13208780376,1262204674,1236572687"
Collegio Einaudi - Mole Antonelliana,45.0653122,7.6916098,mobilità,charging_station,3,5,19,52,"13074606106,13074583239,12974489257,3906163545,8496473717,8496473719,8496473718,13254288285,9884949609,9884949607,9884949611,9884949608,9884949610,10676666527,11676231525,9671594609,3906238205,11694139826,13254333741,12881604940,10132403023,10132403019,10132403022,10132403020,10132403021,10024930203,12848949670,12385342507,3906239156,5545493680,5255643474,10024930198,10024930204,9903597728,3906262432,11330971755,13175098408,9903597720,9903597736,11640502278,544516332,12849058997,9903597730,9892110268,7944759282,11243926724,11243926727,11243926726,11243926728,11243926725,9386005083,13064911110"
Collegio Einaudi - Mole Antonelliana,45.0653122,7.6916098,mobilità,car_sharing,0,0,0,2,"4749176847,3906283850"
Collegio Einaudi - Mole Antonelliana,45.0653122,7.6916098,mobilità,taxi,1,2,7,13,"2016414163,3241731973,8316678430,2019632236,604332918,5020220491,5020220492,3241731972,3241731971,5941325188,3241731964,2902424078,2902424079"
Collegio Einaudi - Mole Antonelliana,45.0653122,7.6916098,mobilità,parking,3,12,30,147,"1383582583,1381841252,1381841251,12809872841,1381841253,635372762,635372763,320706078,320706077,166616053,166611428,1063527547,914641487,914641506,596527947,914641494,489020583,1409158807,7195363113,282924801,191173232,1075063889,747831924,7573315188,966980831,45819032,1432694418,1433218612,842479608,842479609,842479611,1256054371,1441572060,411031505,1255963826,1411982815,1256019628,4127735019,4127734643,4127734444,1414322225,1455462286,4488383689,248772281,248160665,13260980844,2019632224,1227966229,275161406,2284374403,5997771287,5997780786,320706080,5997812985,635372765,320706079,3363420315,22953965,1218557983,1057905850,316211275,319749756,249248499,319742232,191375051,5941325249,193000008,435793218,1255999599,731592384,731605916,436314967,242957870,6851422048,733635639,358681039,124778755,1262706519,3343691149,4127735255,1383338299,4127735240,167858828,132957389,3343561833,3343599887,280507600,108460658,4127734429,4127734415,4127734464,4127734825,129075967,308881884,5997772786,5997773586,5997772787,5997773587,5997780785,96556746,5993028887,5993028888,635989603,5997762385,308834324,1122299605,5997837886,5997837887,5997806485,5997788087,5997771286,108459796,652758231,262648990,365889975,288283917,1107364662,365889357,846901935,1107364663,388422914,256336198,288891940,1215783014,256336302,1215783015,7115553619,256336239,1215783013,1215783012,1215783010,1215783011,3343577420,577263229,166616614,846901934,328929579,1421696089,1158404279,1158454601,3343610008,1421696091,976250146,976250143,690662128,450287462,308881882"
Collegio Einaudi - Mole Antonelliana,45.0653122,7.6916098,mobilità,car_rental,2,2,2,7,"1170039581,13363265154,6113511883,11104716244,5628622134,5941325247,5941325228"
Collegio Einaudi - Mole Antonelliana,45.0653122,7.6916098,mobilità,bicycle_parking,11,29,77,209,"10011778505,7076063191,9536387625,706004735,9536764388,9515661833,2699754605,10159318064,2699757982,2699757981,2699757979,2699757988,2699753945,2699754607,2699754613,2699754610,2699754609,13142999531,13143056907,10741520276,10741540187,2699752835,13142731612,2699752836,2699752843,12423088352,12423084564,2699752837,2699752846,2699752850,12227768290,12962232569,7076063190,8496468307,11082056515,8496468304,8496468306,8496468305,11082056516,11082056517,11182198684,5226211759,7076001868,12365551375,7076001867,7076001864,7076001863,7076001865,13283071994,13283160701,13283086792,9122302517,6909804800,9330196749,5594891026,13283101982,9038187426,13283226975,11274729970,9884528466,7076063196,7076063197,7076063198,9321076956,4063688590,7076001861,7076001862,2282486102,5113659453,7076001866,11983497399,11983479625,2017190763,2018982169,7076063202,7076063203,12009896156,13324660699,7076063201,10884404308,7076063200,7076063199,12681485187,12681485188,6149852920,2699753943,2699753944,2699753946,2699753947,2699753951,2699753950,2699753949,2699753948,5117627158,5113659515,10779500105,2699753644,5968582882,5968581908,6827178603,12068659438,5941325235,2699753641,2699753643,2699753642,7076063204,7076063205,7076063206,11277111680,11277111681,7076063207,10777961006,12650442898,7076063208,7076063209,8026222938,7076063210,7076063211,7076063212,7076063213,5117627124,5941324676,5941324684,5941325233,2048050409,5941324672,11966746787,5941325227,5941325219,11966792060,5941325190,9740895475,12634535120,12634548501,12634222020,12634416056,9740895502,9740888733,10759662318,11238380039,11238380037,11238380038,13011786017,13011795861,11368531149,9224843549,11832986276,12020238320,11964721442,11832991702,11832980125,11379545987,11379561478,12812076106,12843998249,12986009917,12915235956,8269943195,2699752844,2699752833,2699752840,2699752831,10951467173,2699752842,10951467161,2699752853,10883132771,2699752854,2699752859,2699752857,2699752834,2699752832,9307377317,9307358113,13074641241,6851396187,5998289584,5998291995,9740888734,12182105961,11622870823,10823910305,10827570606,10767946305,10823892608,12208848355,10823869008,5542175056,9903597733,13143013240,5542175064,5542175063,10994156060,10994156059,11622870824,5542175057,5534040230,5534052431,13143058309,13143034941,13143041199,5542175058,5542175059,5542175061,13143022643,10994232050,5542175062,11717312584,3953590159"
Collegio Einaudi - Mole Antonelliana,45.0653122,7.6916098,mobilità,bicycle_rental,0,0,0,1,12068398566
Collegio Einaudi - Mole Antonelliana,45.0653122,7.6916098,mobilità,primary,0,0,0,0,
Collegio Einaudi - Mole Antonelliana,45.0653122,7.6916098,mobilità,secondary,0,0,0,0,
Collegio Einaudi - Mole Antonelliana,45.0653122,7.6916098,verde,park,0,3,8,38,"130457686,698756805,549096612,1432694404,287696722,109742701,23026345,22897848,543676718,457323344,287707677,753231466,479486904,816783671,895647570,61732303,1075763396,369707777,83076324,479483771,319279820,22879264,22908088,256465204,256465522,22908071,12233633301,690662131,690745660,259895475,690745503,690738904,690738908,690738906,690745039,690662573,690663659,690765813"
Collegio Einaudi - Mole Antonelliana,45.0653122,7.6916098,verde,garden,2,7,20,169,"1064035772,1064035771,581600236,664912057,191051285,1432497804,1432497803,1432497799,1431902926,1431902917,1431902925,1432497802,1431902908,1431902916,1432497790,1432497798,1432497801,1431902915,1431902907,1431902906,1432497788,635651375,1432497787,1432497786,303807502,1432497777,1432497771,1432497780,1432542554,1432694413,1432542546,1432694420,1432694414,1432694410,1432694408,1433218603,1432694412,1433516891,1433516897,1432694406,1433516899,1433218602,1433218608,1433218609,1433218611,635651377,1433516893,1433516896,1434558345,1434859342,1431214248,1431167270,1435026062,1435026061,1435026060,1435026072,1435074194,1435074200,1435074202,1433516866,1434558331,1433516869,1433516870,1434558326,1434859339,1434558323,1434558321,1434558344,1434859340,1433516867,1434859343,1434859351,1434859338,1434558312,1434558342,1434558339,1434558336,1434558316,1433516874,1434558328,1434558319,1434558314,1434558315,1433516882,1434558313,1433516875,1434859334,1434859333,1434558318,1434558317,1435026103,1435026104,1441572055,1441572048,1412323438,1441572051,1441572050,1411246328,1441572049,1441572058,1411656563,561608551,23054276,318993599,251488296,23026360,302764761,1060217784,1060217774,848959753,848959890,689197828,689197827,411053238,633972127,411053241,633972128,689196222,740007653,741636656,689196221,689196217,741636655,689196220,740007650,689196218,327419031,740007635,740007643,741636682,560991929,814961233,814960644,813403362,800531670,696993949,814962000,813408161,814962760,813403198,800530563,800525157,324477119,29184190,585434921,585434922,585434925,1067243272,761582377,761951452,761951453,761951455,761951457,761951454,761582373,761951459,761951458,761582372,761951460,761951456,741636663,725758014,846901933,1158404280,741636695,816782637,800525442,690660411,960205126"
Collegio Einaudi - Mole Antonelliana,45.0653122,7.6916098,verde,grass,0,9,37,150,"318948807,326073532,326073533,319649516,463612382,914641482,401668588,561611213,561611216,561611209,561611219,561611214,561611211,561611221,561611218,123242586,123242589,123242584,1447741497,1264205127,112698197,112698185,112698601,842026974,1435026096,1435026095,1435026078,1435026075,1433516865,1455462300,1455462921,1455462291,1455462301,337361722,1362575098,192061493,192061494,192061492,192061489,192061490,192061491,1272990787,245046146,1098853222,245045846,397809397,616677987,616677976,616677985,616677978,616677983,616677980,245045845,337361720,337361721,245045844,289014365,411053235,129209564,129209563,689196219,577440411,616984807,616984808,616984806,616984803,616984802,288798832,288798834,288798833,494676505,258298837,1173001074,1173001075,1173001079,1173001078,1173001076,1173001077,1173001084,1173001091,1173001083,288283918,1254120835,1173001072,1118869379,1173001073,1118869380,1173001095,1173001100,1173001099,1173001110,1173001101,1173001109,1173001098,1173001088,1173001107,1173001102,1173001108,1173001094,1415617395,1415617396,961875681,961875680,577263226,577267981,577271848,577267982,577271851,577267983,577271853,577267984,577271856,577267985,577271858,577271820,577271823,577271824,577271846,577271825,577271827,577271843,577271830,577271832,577271835,577271841,577271839,577271838,577271836,577271861,577440401,577440403,577440407,129839957,577558249,530332686,578956725,577558253,577558252,577275421,1193255688,577558261,577275422,577558254,1158454605,259895474,1196407026,1193255687,280506717,865725444,865725443"
Collegio Einaudi - Mole Antonelliana,45.0653122,7.6916098,verde,wood,0,0,1,18,"1431902912,256273453,1433516888,1075307129,1435026069,1435026063,1435026076,1435026071,1431214247,1434859332,1433516863,1434859344,1434859331,1435026077,256204633,457323345,256204642,81268267"
Collegio Einaudi - Mole Antonelliana,45.0653122,7.6916098,verde,forest,0,0,1,3,"28110850,1075063885,585434926"
Collegio Einaudi - Mole Antonelliana,45.0653122,7.6916098,verde,meadow,0,0,0,0,
Collegio Einaudi - Mole Antonelliana,45.0653122,7.6916098,verde,scrub,0,0,0,5,"360131117,1431167269,1432694422,1431167266,1441572063"
Collegio Einaudi - Mole Antonelliana,45.0653122,7.6916098,verde,allotments,0,0,0,2,"328621268,328623930"
Collegio Einaudi - Mole Antonelliana,45.0653122,7.6916098,verde,playground,1,4,9,21,"130457685,561242634,1193870930,1433218613,1432694403,11676688669,1780526494,191211963,1168299039,1170974105,1054786065,9215807657,10221497811,5206224432,12851950094,2505158924,552214398,1291894961,108460659,577440400,8464466018"
Collegio Einaudi - Mole Antonelliana,45.0653122,7.6916098,verde,recreation_ground,0,0,0,0,
Collegio Einaudi - Mole Antonelliana,45.0653122,7.6916098,verde,nature_reserve,0,0,0,0,
Collegio Einaudi - Mole Antonelliana,45.0653122,7.6916098,verde,lake,0,0,0,0,
Collegio Einaudi - Mole Antonelliana,45.0653122,7.6916098,verde,reservoir,0,0,0,0,
Collegio Einaudi - Mole Antonelliana,45.0653122,7.6916098,sport,fitness_centre,0,2,8,14,"12886908643,9463603381,10067097220,10784287024,12327658096,2018982152,4736058200,12547891555,11049505605,6851326135,3349809096,3343770523,11534701686,13011248973"
Collegio Einaudi - Mole Antonelliana,45.0653122,7.6916098,sport,sports_centre,0,3,6,14,"188466381,3332362719,749439074,256781255,286976821,9792328371,630344434,458039656,288893797,458039655,3352111838,3355734546,3355731107,11991054569"
Collegio Einaudi - Mole Antonelliana,45.0653122,7.6916098,sport,stadium,0,0,0,0,
Collegio Einaudi - Mole Antonelliana,45.0653122,7.6916098,sport,swimming_pool,0,0,1,25,"1118749030,1118749029,1118749028,749439076,1422594077,1422594081,1263799982,1431902914,1432497796,856951591,1431902913,1433218610,1433218607,692335424,1435074201,899626040,1435026110,1323785257,1412323464,1411982775,320710589,1270460659,1410961419,1066094579,769051964"
Collegio Einaudi - Mole Antonelliana,45.0653122,7.6916098,sport,water_park,0,0,0,0,
Collegio Einaudi - Mole Antonelliana,45.0653122,7.6916098,sport,pitch,0,3,18,45,"1065476429,1014573092,1058452924,915561405,362273176,13284561433,13284561431,923782195,923780960,915561404,13284561432,1089685037,1005248573,1005248575,1005248574,5410221475,117526387,1347180844,1190222149,117526384,1190222452,1190222148,117526386,1347180845,117526378,1347180843,245045843,1062624219,358681038,358681041,358681042,358681037,119456036,256368311,1418747925,578921511,1315551317,1315551316,319284839,10994156063,10994273932,179477508,259895250,1212265100,960202951"
Collegio Einaudi - Mole Antonelliana,45.0653122,7.6916098,sport,tennis_court,0,0,0,0,
Collegio Einaudi - Mole Antonelliana,45.0653122,7.6916098,sport,golf_course,0,0,0,0,
Collegio Einaudi - Mole Antonelliana,45.0653122,7.6916098,sport,ice_rink,0,0,0,0,
Collegio Einaudi - Mole Antonelliana,45.0653122,7.6916098,sport,bowling_alley,0,0,0,0,
Collegio Einaudi - Mole Antonelliana,45.0653122,7.6916098,sport,climbing_wall,0,0,0,0,
Collegio Einaudi - Mole Antonelliana,45.0653122,7.6916098,sport,gym,0,0,0,0,
Collegio Einaudi - Mole Antonelliana,45.0653122,7.6916098,commerciale,shop,0,0,0,0,
Collegio Einaudi - Mole Antonelliana,45.0653122,7.6916098,educazione,school,2,7,12,40,"1065476430,315598789,4736111631,340249805,334684164,426293828,6189845887,190499456,190499455,298804713,1075307126,243074534,250151807,2284034343,2284034348,117493773,1304814076,1168299038,10765663105,450287805,1091923526,3343680527,42864476,1168299037,108601368,7796907023,1176873243,82256497,3343687306,3343687307,616984801,83076321,1081110260,453290904,322254779,322254780,3343605435,3343615248,616994936,3343636574"
Collegio Einaudi - Mole Antonelliana,45.0653122,7.6916098,educazione,kindergarten,0,1,3,13,"314888176,12227784321,1328540432,2284034346,219014163,7807308276,12768280010,1603601080,10896540919,2018099976,256387052,453757173,12233633201"
Collegio Einaudi - Mole Antonelliana,45.0653122,7.6916098,educazione,university,4,13,17,39,"8903777986,1107125327,1107125328,8496468303,1107125331,988062105,6944502291,6945638233,10132258250,6944516128,6944505643,6945671127,2714024340,749760378,9430411581,6339286102,4605849272,4605836657,4605847888,4605836658,192604816,2577028412,2577029282,2018055299,2018055301,9739802942,2503902059,3363964793,6851326132,4086214801,2018087957,1218747279,6851439272,651771955,4735868696,10237789518,453757181,3349733649,450278224"
Collegio Einaudi - Mole Antonelliana,45.0653122,7.6916098,educazione,college,0,1,2,3,"780144763,318997570,12248046055"
Collegio Einaudi - Mole Antonelliana,45.0653122,7.6916098,educazione,music_school,0,0,2,2,"28109102,3343797841"
Collegio Einaudi - Mole Antonelliana,45.0653122,7.6916098,educazione,driving_school,0,1,4,9,"12886844895,10879184439,11841904325,12165781951,12089511784,316203024,12077001867,9762124287,3473130432"
Collegio Einaudi - Mole Antonelliana,45.0653122,7.6916098,educazione,research_institute,0,0,0,2,"190482116,6241694510"
Collegio Einaudi - Mole Antonelliana,45.0653122,7.6916098,educazione,vocational_school,0,0,0,0,
Collegio Einaudi - Mole Antonelliana,45.0653122,7.6916098,educazione,library,0,2,7,12,"243093474,10229510808,4209315503,11806550856,4936115896,9693041809,3352114524,909179631,117351946,6074405709,4849156539,3345600834"
Collegio Einaudi - Mole Antonelliana,45.0653122,7.6916098,educazione,archive,0,0,0,0,
Collegio Einaudi - Mole Antonelliana,45.0653122,7.6916098,educazione,museum,2,5,14,37,"12072302022,123180294,435784636,4572133130,4736079916,6433974757,4219719436,2981060587,6425777001,12393405666,6433935512,9585924917,5171950042,246516587,246643344,6432836094,2177769729,1333701144,6435420518,6431480861,2026479833,318938052,2026479832,246443715,6432887576,6432637423,11267476069,4908362221,6434268049,1628071063,248771289,6433944342,11217521918,246516619,761582364,4067344493,3349838584"
Collegio Einaudi - Mole Antonelliana,45.0653122,7.6916098,educazione,community_centre,0,1,3,6,"194336591,12548906803,3363460993,3352189835,12766851574,104339324"
Collegio Einaudi - Po,45.0682488,7.6836386,sanità,healthcare,0,0,0,0,
Collegio Einaudi - Po,45.0682488,7.6836386,sanità,pharmacy,5,15,41,84,"4735669404,2036356385,4735719316,4412226590,9140119438,4735717950,7384890987,7376141996,3344782869,1475077657,7372912660,4736115522,7312267251,3342806293,7372912661,4736083750,4736083746,7372987830,2036360279,3893151255,4735829063,2018737316,4735056034,4735058545,4735717430,2018187040,619193786,4735828988,3224067528,5255625937,2593187678,2048347744,2018203641,5628622146,1333701639,2018982162,2019517474,7310122343,4736110877,5113659491,2019532938,6827178588,5110808474,4736057638,2048276171,7376114116,12691580935,4736055182,5206578925,7376141997,4736058640,4736054350,7312494521,4736054639,4736054574,12018327204,7309967811,7376141998,4735870073,306557185,4735867352,306556997,754189651,5117627162,7373154098,4736077953,2068598491,3340684507,7372987831,7373154099,2018175898,7379060407,3416861086,4733628841,2097331576,3340678134,2097331604,309669048,3340681064,9405942960,4733528397,4733528549,8059810892,4733554860"
Collegio Einaudi - Po,45.0682488,7.6836386,sanità,dentist,1,1,5,12,"12886910727,10737466798,2016414024,8463109068,2406157072,11296229554,4195848889,5941324678,3373033912,9301525972,6564881971,12076633860"
Collegio Einaudi - Po,45.0682488,7.6836386,sanità,veterinary,0,1,2,5,"13170595046,4735830189,4736055191,2018192326,11167653306"
Collegio Einaudi - Po,45.0682488,7.6836386,sanità,optician,0,0,0,0,
Collegio Einaudi - Po,45.0682488,7.6836386,sanità,medical_supply,0,0,0,2,"12294762542,11688321776"
Collegio Einaudi - Po,45.0682488,7.6836386,sanità,defibrillator,1,6,19,33,"7227510560,12237513601,9552060491,7232177660,9515896704,7234888685,12886227002,432803701,12484268753,5121847084,7934552531,13239427956,13015096966,8356951251,8210481138,6705560885,11273669529,5113659443,6851497986,12095446701,6851187750,6853723885,8334794474,6851437489,6853946708,6853946004,6851357885,10942463291,3722895975,8025708191,10004554628,6877134124,9612498223"
Collegio Einaudi - Po,45.0682488,7.6836386,sanità,hospital,0,0,1,8,"294267544,190728046,191194250,316203053,3342035128,1193255695,777989578,1196177764"
Collegio Einaudi - Po,45.0682488,7.6836386,sanità,clinic,0,1,4,13,"6664922333,822529092,4735668281,11290349432,10567218284,10567228303,13314604189,3893264712,385995302,10698816652,2284074743,4086502595,3290263940"
Collegio Einaudi - Po,45.0682488,7.6836386,sanità,doctors,0,0,0,0,
Collegio Einaudi - Po,45.0682488,7.6836386,mobilità,station,0,0,3,9,"1621697594,543360161,254594416,2081499942,11592793752,432803698,1622042729,3395226356,254594415"
Collegio Einaudi - Po,45.0682488,7.6836386,mobilità,subway_entrance,0,0,15,41,"3253332073,3431314079,3431314078,10235736538,3431314077,3431314076,3431314075,10235736525,1367855910,1839686581,1367855907,1367855911,1367855914,957923361,957923319,957923307,957923318,3431314080,2299299617,2299299618,3283630305,1367855920,1026285948,1026285957,1026285955,1026285950,1367855922,3253332072,1622042886,3283904468,1622042919,3431326298,5020207823,5020207824,1262284319,10260242427,10260242426,1262284354,2014746582,1262284353,10260242428"
Collegio Einaudi - Po,45.0682488,7.6836386,mobilità,tram_stop,1,16,67,170,"1168929313,1167320836,1168929291,1167320919,1230709954,1230710110,1230709892,941491640,941491856,938733459,938733498,945268814,1185414536,945268789,945268816,1167321000,1168270429,945268799,1199240661,1229263858,1167320990,1167320859,1167321088,1167321041,1167320969,1167320960,1185414562,1168270672,1229580302,1229827262,943330773,943330793,1185414492,945268801,945268822,945268805,943330838,11294052063,945268802,1624209638,1569477511,1569477500,943330850,3514463818,1169943939,945268803,945268817,950433574,951424216,1230710018,4997702728,1229827204,1231011119,1229827337,1231011175,1229580323,1229827230,1229580314,1229827620,941491483,941491672,941491612,1168270471,1168270534,941491716,941491868,1185414486,1229580315,1229827224,1227966230,1168270660,1185414504,1227966231,1167320937,12101484067,1168929427,12100765982,941491637,12101484058,1624209624,1843302903,941491545,943330768,1370347434,1229263851,1370347438,1229827150,1229580304,1230710216,1230709587,1230709694,1230710154,1230710053,1230710389,1227966234,1227966232,1227966233,1229263766,1229264040,12616325336,12715581050,12978416484,12978416485,943330769,12715581035,12978416486,1168270587,1168270504,1230710263,943330816,943330822,943330819,1230709780,1231011218,943330805,11281292421,1230709737,1230709859,11281834064,1235856174,1168270599,1270651267,1235856079,947982002,947982146,1262194799,1235856205,947981976,947982053,1235856123,1624209625,941491939,941491471,948016002,1167320980,1167320769,941491730,948016031,948016167,1167320925,12978416487,1229263814,1229263917,1231011198,1229264035,1229263857,11660081125,1168270491,947982084,947981932,948015780,945268808,948015938,945268793,948015923,948016134,941491929,12296376831,941491766,939124434,941491818,941491551,1230710101,947982115,1168270479,947982009,947982103,11611802562,12351499946,1262203527"
Collegio Einaudi - Po,45.0682488,7.6836386,mobilità,bus_stop,6,25,128,438,"1262194463,1399644528,1262212319,1198867720,1198867646,1198867624,1198867456,1167320783,1262208539,1262200757,1262204432,1262205523,1262195376,1262203331,1262207470,1262195744,1185414571,1168929258,1199003141,1168929465,1185815850,1262195065,1262182588,937605174,937605197,1168270670,1199240778,937605169,1168929641,937605192,1168929327,937605175,1262195535,937605200,1229263756,1262201038,1262206788,1198867355,1262188427,13357227255,1198867590,1198867343,1198867678,1168929435,1198867713,1168929622,937605184,1185414408,1525407946,1262208796,937605187,1262193964,1262202938,1262210261,1262196361,1262193644,1262211503,937605188,1168270573,1262187575,1313599098,1313599087,1262212991,1229580319,1262199709,1229827300,1262198618,1524833855,10938458344,4806485504,1569038269,12074187316,1262209419,1262197341,1524833877,4665090550,4665090551,1262209460,1262195174,1262204189,943330813,1262203134,1262208172,937954790,1185414556,1185414572,1199240547,1569038260,1262208085,8494249908,1262196253,1199240667,1262201459,10938458345,1262197535,1262194358,8496496625,1262202182,4248370551,4245731174,4443910584,1262182722,1262198202,1262203078,1199240749,1262193035,943330835,937954831,1254531567,1262206062,2299299616,937605198,937605176,1262203237,937605196,937605190,1199240598,943330808,1262209067,1816820005,1524833867,1262194622,1254531589,1254531599,1534402607,1534402620,1816820048,937954690,1199240497,1169943950,1199240580,1262203543,1262194491,1254531584,1262208183,1262199327,1262190791,1262192727,1262203691,1525407819,1816820135,4357263598,1262209141,1262211268,1262199136,1262185091,1262212811,1262183335,1262204440,1262199168,1262182219,1399644425,1262198176,1262197433,1262192786,1262197275,1262200205,1262207921,1262210546,1262182382,1262192501,1262201910,1262192626,1229580308,4605836659,1262204898,12876021888,1229580300,1262190981,1262207187,1262184662,1262204656,1262196134,1262203192,1262194723,1262209179,1262196512,1262206934,1262207679,1262184419,1480474268,1262198132,1262197142,1480474257,1262209613,1168929344,1262197041,1262207547,1198867604,8289837996,1262195219,8289837997,1262185354,1262181975,1262197387,1168270553,1168929565,1168270407,10200408841,4575722855,10066805517,1185414522,1262199608,1491228855,1262202711,1262199542,1262186722,1229580316,1229827663,1262208483,10136283371,1168270570,1168270559,1185414520,12876021885,1262211444,1168929371,1262200499,1262196215,1262201567,1262196300,1262198051,1262197657,1525407917,1262206483,1262203392,3229868385,3262101385,1168929432,1491228856,1262197246,1198867662,1262188506,1262197678,1262208401,1262209581,1262199837,1262209446,1198867402,1262207476,1262190131,1491228854,11657164483,11657164484,1229827101,1229580311,1399644118,1262197436,1262211451,1262205080,1262192792,1262199977,1262195420,1262205970,1262195822,1168270639,1185414410,1262208503,1185414465,1262194546,1262208323,5117626905,1262209930,1262198026,1185414577,6851570620,1262199075,1262182576,1262200213,1262203030,1262212401,3350111050,1262198097,1262196900,1262196798,3350079082,1262209112,1262206389,1262208051,1262196187,1262191998,1262202844,1262195567,1262212221,1262192881,1262194437,1262196834,1270905157,1262191772,1270905158,1262208954,1262199922,1262209046,1262211982,1262197197,1262199746,1262212615,1235856128,1262189828,1262204404,1262207790,1262187555,1262194051,1262209878,1262203354,1262195649,1262195757,1262194653,1262211270,1262199090,1262207066,1262201419,1262203604,1235856183,1262196422,1270651264,1262196590,1262204352,1235856103,1262195266,1262184741,12194813096,13208780377,1235856064,937605171,1262199772,937954712,1262182632,1262212512,1262199811,1262199749,1262188243,1262206716,1262207159,1262212066,1262208315,1198867441,1198867537,1262208216,1169944015,1198867556,1198867687,1198867567,1262204512,1262201395,1262194929,1262196877,1262195824,1262211446,1262208031,1262196779,1262210312,1231011141,1262190386,1262195510,1262200404,1262204567,1262212826,1262211802,1262194968,1262198250,1262202417,1262185638,1262198884,1262195633,1262212644,1262199697,1262183610,1262209326,1169944001,1262210342,1262201382,1199240610,1262192916,1262195506,1262204561,1169944104,1169944065,1262203915,1262211062,1262182640,1262208804,1262203594,1262199227,1262182243,1262199140,1262197279,1262197344,1262205700,1262209070,1262208866,1262193851,1262204144,1262195892,1262197057,1262208091,1262181780,1262207924,1262187051,1262197366,1262209473,1262193104,13208780379,1262208589,1231011153,1262195698,1262204769,13208780378,12876021883,3226552301,3226552300,1262201740,1262187727,3226552298,3226552302,3226552299,1262209157,1262199236,13208780374,1262202819,1262210263,1262203708,1262186164,1262186807,1262201120,1262188886,1262193412,1262209328,1262182532,1235926929,3351615326,1262199149,1262185187,3351625103,1262184724,1262201445,13208780376,1262204674"
Collegio Einaudi - Po,45.0682488,7.6836386,mobilità,charging_station,0,4,22,55,"10862580324,11107468089,9088671239,4671233528,9088671240,5545493679,12801752468,13074606106,13074583239,12974489257,3906163545,13254288285,9884949609,9884949607,9884949611,9884949608,9884949610,10676666527,3906238205,11694139826,13254333741,12881604940,10132403023,10132403019,10132403022,10132403020,10132403021,10024930203,12848949670,12385342507,3906239156,5545493680,5255643474,10024930198,10024930204,9903597728,3906262432,11330971755,13175098408,9903597720,9903597736,11640502278,544516332,12849058997,13031168994,9903597730,9892110268,7944759282,11243926724,11243926727,11243926726,11243926728,11243926725,9386005083,13064911110"
Collegio Einaudi - Po,45.0682488,7.6836386,mobilità,car_sharing,0,0,1,2,"4749176847,3906283850"
Collegio Einaudi - Po,45.0682488,7.6836386,mobilità,taxi,1,5,10,19,"4289455496,2016414163,2902424081,2902424080,1545661422,3241731973,2902424082,8316678430,2019632236,604332918,5020220491,5020220492,3241731972,3241731971,5941325188,3241731964,2902424078,2902424079,2898774433"
Collegio Einaudi - Po,45.0682488,7.6836386,mobilità,parking,0,8,49,145,"1027356692,736824358,83042948,1383582583,1381841252,1381841251,5693045436,12809872841,1381841253,5239566614,635372762,635372763,320706078,320706077,166616053,166611428,125745550,586939744,12197274454,1351673211,23090218,1219311967,1219311969,1062840998,1063527547,1062853762,1062853768,1219311968,596527947,489020583,1409158807,7195363113,282924801,191173232,747831924,7573315188,966980831,45819032,1433218612,842479608,842479609,842479611,1256054371,1455462286,4488383689,248772281,248160665,13260980844,2019632224,1227966229,275161406,2284374403,5997771287,5997780786,320706080,5997812985,635372765,320706079,3363420315,22953965,1218557983,1057905850,316211275,319749756,249248499,319742232,191375051,5941325249,193000008,435793218,1255999599,731592384,731605916,436314967,242957870,6851422048,733635639,358681039,124778755,1262706519,3343691149,167858828,3343561833,3343599887,280507600,108460658,5997772786,5997773586,5997772787,5997773587,5997780785,96556746,5993028887,5993028888,635989603,5997762385,308834324,1122299605,5997837886,5997837887,5997806485,5997788087,5997771286,108459796,652758231,262648990,365889975,288283917,1107364662,365889357,846901935,1107364663,388422914,256336198,149459698,288891940,1215783014,256336302,1215783015,7115553619,256336239,1215783013,1215783012,1215783010,1215783011,1266554225,455120610,1266554226,1266554228,3343577420,577263229,166616614,846901934,328929579,1421696089,1158404279,1158404305,1158404302,1158404303,1158404300,1158404301,1158404304,1158454601,3343610008,1421696091"
Collegio Einaudi - Po,45.0682488,7.6836386,mobilità,car_rental,0,0,4,7,"1170039581,13363265154,6113511883,11104716244,5628622134,5941325247,5941325228"
Collegio Einaudi - Po,45.0682488,7.6836386,mobilità,bicycle_parking,4,17,100,300,"10113463334,10113463333,10113463332,10113463331,10113463330,10113463329,10113463335,7054259454,10011778505,7076063191,6954549387,6954549388,1783770824,10873504971,1783770825,10802789582,2699757972,2699757973,2699757978,2699757975,9536387625,706004735,9536764388,9515661833,2699754605,2699745128,2699745131,5628622143,2699745129,5628622144,2632353490,10873504970,5628622145,7025739876,10873504969,2699745132,2699745136,2699745135,7076063250,7076063251,2699745137,12165781958,7076063247,12165781957,7076063264,7188790471,7076063257,7076063253,7076063252,7076063255,7076063249,7188790470,7076063260,7076063258,7076063248,7076063256,7076063262,7076063245,7076063263,7076063265,7076063254,7076063259,7076063261,10159318064,2699757982,2699757981,2699757980,2699757979,2699757983,2699757984,2699757985,2699757986,2699757987,2699757989,2699752845,2699752839,2699757988,10959344809,2699753945,2699754607,2699754613,2699754610,2699754609,13142999531,13143056907,10741520276,10741540187,2699752835,13142731612,2699752836,2699752843,2699752848,12423088352,12423084564,2699752837,2699752846,7076063266,7076063268,7076063269,11357996666,11357989903,2699752855,7076063267,2699752858,10873504966,3748951425,2699743590,10770406639,2699752850,12227768290,12962232569,10874232260,10873504967,2699743591,2699743592,10873504965,11505942798,10873504964,7076063190,11082056515,11082056516,11082056517,5226211759,7076001868,12365551375,7076001867,7076001864,7076001863,7076001865,13283071994,13283160701,13283086792,9122302517,6909804800,9330196749,5594891026,13283101982,9038187426,13283226975,11274729970,9884528466,7076063196,7076063197,7076063198,9321076956,4063688590,7076001861,7076001862,2282486102,5113659453,7076001866,11983497399,11983479625,2017190763,2018982169,7076063202,7076063203,12009896156,13324660699,7076063201,10884404308,7076063200,7076063199,12681485187,12681485188,6149852920,2699753943,2699753944,2699753946,2699753947,2699753951,2699753950,2699753949,2699753948,5117627158,5113659515,10779500105,2699753644,5968582882,5968581908,6827178603,12068659438,5941325235,2699753641,2699753643,2699753642,7076063204,7076063205,7076063206,11277111680,11277111681,7076063207,10777961006,12650442898,7076063208,7076063209,8026222938,7076063210,7076063211,7076063212,7076063213,5117627124,5941324676,5941324684,5941325233,2048050409,5941324672,11966746787,5941325227,5941325219,11966792060,5941325190,9740895475,12634535120,12634548501,12634222020,12634416056,9740895502,9740888733,10759662318,11238380039,11238380037,11238380038,13011786017,13011795861,11368531149,9224843549,11832986276,12020238320,11964721442,11832991702,11832980125,11379545987,11379561478,12812076106,12843998249,12986009917,12915235956,2699752844,2699752833,2699752840,2699752831,10951467173,2699752842,10951467161,2699752853,10883132771,2699752854,2699752859,2699752857,2699752834,2699752832,9307377317,9307358113,13074641241,6851396187,5998289584,5998291995,9740888734,12182105961,11622870823,10823910305,10827570606,12960979068,2699743594,12960995980,13031764505,13031774310,13031783911,13031764501,13031764500,13031773532,13031773533,11084637605,12079627878,10767946305,10823892608,12208848355,10823869008,12852846568,5542175056,9903597733,13143013240,5542175064,5542175063,10994156060,10994156059,11622870824,5542175057,5534040230,5534052431,13143058309,13143034941,13143041199,5542175058,5542175059,5542175061,13143022643,10994232050,5542175062"
Collegio Einaudi - Po,45.0682488,7.6836386,mobilità,bicycle_rental,0,0,0,1,12068398566
Collegio Einaudi - Po,45.0682488,7.6836386,mobilità,primary,0,0,0,0,
Collegio Einaudi - Po,45.0682488,7.6836386,mobilità,secondary,0,0,0,0,
Collegio Einaudi - Po,45.0682488,7.6836386,verde,park,0,0,8,34,"23088806,433500383,130457686,23034764,23034770,238704379,698756805,549096612,1432694404,23026345,22897848,543676718,457323344,287707677,753231466,479486904,319279820,22879264,22908088,23055671,256465204,256465522,369795270,22908071,12233633301,690662131,690745660,259895475,1157616170,690745503,690738904,690738908,690738906,690745039"
Collegio Einaudi - Po,45.0682488,7.6836386,verde,garden,1,2,13,93,"29176172,351520239,130448587,130448589,130448590,130448588,327939730,1064035772,1064035771,28621748,664912057,191051285,303807502,1432497777,1432497771,1432542546,1432694420,1432694410,1432694408,1433218603,1432694412,1433516891,1433516897,1432694406,1433516899,1433218608,1433218609,1433218611,1433516893,1433516896,1434558345,1433516866,1434558331,1433516869,1433516870,1434558326,1434558323,1434558321,1434558344,1433516867,1434558342,1434558339,1434558336,1434558328,1433516882,1433516875,561608551,23054276,318993599,251488296,23026360,302764761,1060217784,1060217774,848959753,848959890,689197828,689197827,689196222,740007653,741636656,689196221,689196217,741636655,689196220,740007650,689196218,327419031,740007635,740007643,560991929,324477119,29184190,585434921,585434922,585434925,1067243272,761582377,761951452,761951453,761951455,761951457,761951454,761582373,761951459,761951458,761582372,761951460,761951456,741636663,725758014,846901933,1158404280"
Collegio Einaudi - Po,45.0682488,7.6836386,verde,grass,4,8,50,216,"181232350,181232345,181232341,181232346,242409910,286646594,286645617,286646605,286647291,286646595,286646601,286646602,286646603,286647290,286646597,166653765,333831817,242409911,544187117,286636546,242409909,286656050,286636547,286636548,286664226,286636549,732157565,286664225,318948807,326073532,326073533,319649516,732125145,732125146,732125147,732125144,178997273,732125148,732125140,732157570,286656044,732125138,732157568,732157569,732157567,286656041,732125139,351520237,394218574,394218572,462066644,684095662,130448586,684095663,130448583,134236056,1218836989,134236059,149628054,396842103,396842101,408842296,408842295,408842294,408842300,408842297,408842293,408842299,408842298,556500005,1067805718,1062853763,1062853769,1067805717,107568897,561611213,561611216,561611209,561611219,561611214,561611211,561611221,561611218,123242586,123242589,123242584,1447741497,1264205127,112698197,112698185,112698601,842026974,1433516865,1455462300,1455462921,1455462291,1455462301,337361722,1362575098,192061493,192061494,192061492,192061489,192061490,192061491,1272990787,245046146,1098853222,245045846,397809397,616677987,616677976,616677985,616677978,616677983,616677980,245045845,337361720,337361721,245045844,289014365,129209564,129209563,689196219,577440411,616984807,616984808,616984806,616984803,616984802,288798832,288798834,288798833,258298837,1173001074,1173001075,1173001079,1173001078,1173001076,1173001077,1173001084,1173001091,1173001083,288283918,1254120835,1173001072,1118869379,1173001073,1118869380,1173001095,1173001100,1173001099,1173001110,1173001101,1173001109,1173001098,1173001088,1173001107,1173001102,1173001108,1173001094,1415617395,1415617396,961875681,961875680,107568893,107568895,107568898,1250264722,1266554234,577263226,577267981,577271848,577267982,577271851,577267983,577271853,577267984,577271856,577267985,577271858,577271820,577271823,577271824,577271846,577271825,577271827,577271843,577271830,577271832,577271835,577271841,577271839,577271838,577271836,577271861,577440401,577440403,577440407,129839957,577558249,530332686,578956725,577558253,577558252,577275421,1193255688,577558261,577275422,577558254,1158454605,259895474,1196407026,1193255687,865725444,865725443"
Collegio Einaudi - Po,45.0682488,7.6836386,verde,wood,0,0,0,3,"1433516888,457323345,256204642"
Collegio Einaudi - Po,45.0682488,7.6836386,verde,forest,0,0,1,1,585434926
Collegio Einaudi - Po,45.0682488,7.6836386,verde,meadow,0,0,0,0,
Collegio Einaudi - Po,45.0682488,7.6836386,verde,scrub,0,0,0,2,"360131117,1432694422"
Collegio Einaudi - Po,45.0682488,7.6836386,verde,allotments,0,0,1,2,"328621268,328623930"
Collegio Einaudi - Po,45.0682488,7.6836386,verde,playground,0,0,9,32,"105377046,83093080,4968614878,83051429,83051428,1149617853,1149617852,499890620,1438254805,130457685,3419744722,3419744721,561242634,1193870930,1433218613,1432694403,1780526494,191211963,1168299039,1170974105,1054786065,9215807657,10221497811,12851950094,2505158924,552214398,623124807,1291894961,108460659,577440400,8464466018,1157616172"
Collegio Einaudi - Po,45.0682488,7.6836386,verde,recreation_ground,0,0,0,0,
Collegio Einaudi - Po,45.0682488,7.6836386,verde,nature_reserve,0,0,0,0,
Collegio Einaudi - Po,45.0682488,7.6836386,verde,lake,0,0,0,0,
Collegio Einaudi - Po,45.0682488,7.6836386,verde,reservoir,0,0,0,0,
Collegio Einaudi - Po,45.0682488,7.6836386,sport,fitness_centre,0,2,7,16,"10736644789,12886908643,9463603381,12488885986,10067097220,10784287024,12327658096,2018982152,4736058200,12547891555,11049505605,6851326135,3349809096,3343770523,11534701686,13011248973"
Collegio Einaudi - Po,45.0682488,7.6836386,sport,sports_centre,0,0,4,14,"188466381,3332362719,749439074,256781255,286976821,9792328371,630344434,458039656,288893797,458039655,3352111838,2097331599,3355734546,3355731107"
Collegio Einaudi - Po,45.0682488,7.6836386,sport,stadium,0,0,0,0,
Collegio Einaudi - Po,45.0682488,7.6836386,sport,swimming_pool,0,0,3,10,"191056430,1118749030,1118749029,1118749028,749439076,856951591,1433218610,1323785257,320710589,2097331540"
Collegio Einaudi - Po,45.0682488,7.6836386,sport,water_park,0,0,0,0,
Collegio Einaudi - Po,45.0682488,7.6836386,sport,pitch,0,1,5,52,"7007648418,1065476429,10694640239,10694640238,10694640237,324738752,1014573092,1058452924,915561405,362273176,13284561433,13284561431,923782195,923780960,915561404,13284561432,1089685037,5410221475,117526387,1347180844,1190222149,117526384,1190222452,1190222148,117526386,1347180845,117526378,1347180843,245045843,1062624219,358681038,358681041,358681042,358681037,119456036,1418747925,578921511,1315551317,1315551316,319284839,809362711,809362112,218287346,218287350,1000297399,256770955,218287344,10994156063,10994273932,179477508,259895250,1157616171"
Collegio Einaudi - Po,45.0682488,7.6836386,sport,tennis_court,0,0,0,0,
Collegio Einaudi - Po,45.0682488,7.6836386,sport,golf_course,0,0,0,0,
Collegio Einaudi - Po,45.0682488,7.6836386,sport,ice_rink,0,0,0,0,
Collegio Einaudi - Po,45.0682488,7.6836386,sport,bowling_alley,0,0,0,0,
Collegio Einaudi - Po,45.0682488,7.6836386,sport,climbing_wall,0,0,0,0,
Collegio Einaudi - Po,45.0682488,7.6836386,sport,gym,0,0,0,0,
Collegio Einaudi - Po,45.0682488,7.6836386,commerciale,shop,0,0,0,0,
Collegio Einaudi - Po,45.0682488,7.6836386,educazione,school,0,0,15,41,"7501518183,7501518184,367981582,1065476430,315598789,4736111631,340249805,334684164,426293828,4736081694,320875624,4736084237,6189845887,190499456,190499455,298804713,243074534,250151807,2284034343,2284034348,117493773,1304814076,1168299038,10765663105,450287805,1091923526,3343680527,42864476,1168299037,108601368,3343687306,3343687307,616984801,182884900,453290904,322254779,322254780,3343605435,3343615248,616994936,3343636574"
Collegio Einaudi - Po,45.0682488,7.6836386,educazione,kindergarten,0,0,4,12,"314888176,12227784321,1328540432,2284034346,219014163,7807308276,12768280010,10896540919,2018099976,256387052,453757173,12233633201"
Collegio Einaudi - Po,45.0682488,7.6836386,educazione,university,1,6,16,39,"12694977921,1063867657,8903777986,1107125328,1107125331,988062105,6944502291,6945638233,10132258250,6944516128,6944505643,6945671127,2714024340,749760378,9430411581,6339286102,4605849272,4605836657,4605847888,4605836658,192604816,2577028412,2577029282,2018055299,2018055301,9739802942,2503902059,3363964793,6851326132,4086214801,2018087957,1218747279,6851439272,651771955,4735868696,10237789518,453757181,3349733649,450278224"
Collegio Einaudi - Po,45.0682488,7.6836386,educazione,college,0,0,3,3,"780144763,318997570,12248046055"
Collegio Einaudi - Po,45.0682488,7.6836386,educazione,music_school,0,0,2,2,"28109102,3343797841"
Collegio Einaudi - Po,45.0682488,7.6836386,educazione,driving_school,0,1,2,10,"12886844895,10879184439,11841904325,3859150411,12165781951,12089511784,316203024,12077001867,9762124287,3473130432"
Collegio Einaudi - Po,45.0682488,7.6836386,educazione,research_institute,0,0,1,2,"190482116,6241694510"
Collegio Einaudi - Po,45.0682488,7.6836386,educazione,vocational_school,0,0,0,0,
Collegio Einaudi - Po,45.0682488,7.6836386,educazione,library,0,1,3,12,"243093474,10229510808,4209315503,11806550856,4936115896,9693041809,3352114524,909179631,117351946,6074405709,4849156539,3345600834"
Collegio Einaudi - Po,45.0682488,7.6836386,educazione,archive,0,0,0,0,
Collegio Einaudi - Po,45.0682488,7.6836386,educazione,museum,5,9,22,36,"12072302022,123180294,397514864,6433764792,435784636,4572133130,4736079916,6433974757,12393405666,9585924917,5171950042,246516587,246643344,6432836094,2177769729,1333701144,6435420518,6431480861,2026479833,318938052,2026479832,246443715,6432887576,6432637423,11267476069,4908362221,6434268049,1628071063,248771289,6433944342,11217521918,246516619,9757285250,761582364,4067344493,3349838584"
Collegio Einaudi - Po,45.0682488,7.6836386,educazione,community_centre,0,1,1,10,"12616853914,12585045537,423150315,194336591,12548906803,3363460993,3352189835,3371757496,8069412590,104339324"
Collegio Einaudi - San Paolo,45.0577673,7.6553573,sanità,healthcare,0,0,0,0,
Collegio Einaudi - San Paolo,45.0577673,7.6553573,sanità,pharmacy,0,5,17,70,"10090308295,2536257617,3143648124,7379956054,7380019165,10090308303,4620303530,1470609151,2019649541,4734592596,4786739926,3348691737,4734591980,4734595751,12703506925,7310501808,4553612464,4735016415,3147953801,1670302089,2135139106,4734594417,4734593954,7385328770,7380128899,7380131545,4289452247,7373154101,1198867317,4735667414,4735021763,4735023412,12814474916,7310088536,6029326322,4735669404,4735721872,12800044441,2036336905,2036356385,4735719316,4412226590,9140119438,4735717950,7384890987,7376141996,7380102116,7380072654,3348688592,3342794654,7373154102,4734768651,3342781917,3342780201,3344782869,1475077657,4736115522,11782400574,2036360279,3893151255,4735829063,4735717430,2018187040,619193786,4735828988,3224067528,5255625937,2593187678,2048347744,2018203641"
Collegio Einaudi - San Paolo,45.0577673,7.6553573,sanità,dentist,0,1,1,12,"13306002941,7261094839,13288761320,9568693092,10698834221,8569291136,12886910727,10737466798,2016414024,1448147009,8463109068,2406157072"
Collegio Einaudi - San Paolo,45.0577673,7.6553573,sanità,veterinary,0,1,3,10,"3147953784,4734597325,6948201811,7023650031,8518082749,11283174640,6942723111,12951974696,11290467038,4735830189"
Collegio Einaudi - San Paolo,45.0577673,7.6553573,sanità,optician,0,0,0,0,
Collegio Einaudi - San Paolo,45.0577673,7.6553573,sanità,medical_supply,0,0,0,5,"13138464036,12752031502,11283227093,11064390829,12951935240"
Collegio Einaudi - San Paolo,45.0577673,7.6553573,sanità,defibrillator,2,3,6,20,"13271881201,12599100593,13271881701,13308607340,9376999100,10243877109,7227510560,12237513601,12829755501,11071576234,9552060491,9137861147,7232177660,9515896704,7234888685,12886227002,432803701,12484268753,7934552531,11273669529"
Collegio Einaudi - San Paolo,45.0577673,7.6553573,sanità,hospital,0,0,0,3,"862795993,3538149956,26294487"
Collegio Einaudi - San Paolo,45.0577673,7.6553573,sanità,clinic,2,2,4,25,"654215083,247783545,1365319773,12855312376,290245244,4086281841,1266944688,10769159379,1196177763,395057467,12816667601,12816667602,12816909558,12816909553,12814452400,12816909554,12814474932,12814452396,4086304459,6664922333,822529092,4735668281,11290349432,3893264712,10698816652"
Collegio Einaudi - San Paolo,45.0577673,7.6553573,sanità,doctors,0,0,0,0,
Collegio Einaudi - San Paolo,45.0577673,7.6553573,mobilità,station,0,0,0,8,"893193542,1621697594,543360161,254594416,11592793752,1622042729,3395226356,254594415"
Collegio Einaudi - San Paolo,45.0577673,7.6553573,mobilità,subway_entrance,0,0,0,38,"1213993997,1213994125,1213994014,3253332073,3431326297,3431314079,3431314078,10235736538,3431314077,3431314076,3431314075,10235736525,442641055,1367855910,1839686581,1367855907,1367855911,1367855914,3431314080,2299299617,2299299618,3283630305,1367855920,1367855922,3253332072,1622042886,3283904468,1622042919,3431326298,5020207823,5020207824,1262284319,10260242427,10260242426,1262284354,2014746582,1262284353,10260242428"
Collegio Einaudi - San Paolo,45.0577673,7.6553573,mobilità,tram_stop,0,9,30,103,"1233612826,1234675831,1234675807,1234675699,1234675847,11009337364,1234675743,1234675824,1234675790,945383261,945383182,945383213,945383294,945383236,945383225,941491790,941491681,941491813,941491908,945383170,945383228,945383209,945383242,11009337366,1234675767,1234675754,1199240450,1230710275,1270651295,1262202670,1230710077,1230710325,1230709627,1230709993,1231011146,945383335,945383168,1230709942,1230709908,1231011227,941491761,941491518,941491902,941491727,1168929313,1167320836,1168929291,941491699,1167320919,941491496,1230709954,1230710110,1230709892,941491640,941491856,938733459,938733498,945268814,945268800,1185414536,1168929618,945268789,945268816,1167321000,1168270429,945268799,1199240661,1229263858,1167320990,1167320859,1167321088,1167321041,1167320969,1167320960,1185414562,1168270672,1231011192,1230709701,1229827369,1229580312,1229827462,1229580298,1229580302,1229827262,1185414492,945268801,945268822,945268805,945268802,1230710018,4997702728,1229827204,1231011119,941491483,941491672,941491612,1168270471,1168270534,941491716,941491868,1185414486,1167320937,1168929427"
Collegio Einaudi - San Paolo,45.0577673,7.6553573,mobilità,bus_stop,7,27,103,392,"1262211661,1233612824,1262199552,1262198249,1262182594,1262182899,1262203152,1262211683,1262209476,1262200546,1262194737,1262196228,1525407964,937591454,937591411,1262182459,1262209185,1262203770,1262211304,1262195057,1262207695,937591308,937591430,1262196400,1262203407,1262208411,1262192798,1262189772,1262206803,1262195237,1262207755,1262190794,1262182380,1262210347,1262190812,1262182452,1262194936,1262199328,1262204920,1185441578,1262208869,1262211602,1262199144,1262195704,1262185164,1262210241,1262197150,1262210434,1262199934,1262199271,1262190748,1262200682,1262208770,1262186464,1262191474,1234675726,1262203695,1234675650,1262203346,1262204437,1262208811,1262202241,1262204527,11211252316,1262185590,1262199222,1262190163,1262185865,1668063927,1262195515,1262193449,1262203196,11009337365,1262207225,11211252314,1262195960,11211252315,1262208328,1262186555,1262211523,1726428584,1262209519,1262199815,441698011,1262184011,441698016,441698012,1262185459,937591581,1262207453,937591513,1262210240,1199003172,1199003187,1262209969,1262197382,1262194763,1262195528,1262182441,1262203530,1262209783,1262203317,1262201548,1262194534,1185441565,1262208618,1185441540,1185441579,937591574,1213368937,1262204355,1185441569,1262183019,937591597,1262201258,937605183,937605179,1198909279,1198909287,937605170,937605201,937605172,10200584299,1185414537,10200408844,1262206025,1185414591,1262212245,1262212777,1262192470,1262208298,1262197981,1262194443,1185441549,1262197105,1185441551,1262186201,1262199241,1185441575,10200584300,10200408843,1262205104,11211252313,1262195832,1262208385,1262209301,1262194948,1262198072,1262211472,1262197194,1230710356,1230710401,1262209161,1262194483,1213368919,1198867501,1198867296,1185441587,3979495903,10200408842,1262208027,1185441561,1230710173,1230709749,1262204124,1185441537,1231011169,1262194463,1212944734,1212944745,1262206303,1262208993,1262196617,1262196377,1262205652,1262198085,1262188120,1262192773,1262202694,1262199993,1262198818,1262207113,1262182479,1262189238,1213368963,1185809746,1185809738,1262208641,1185809741,1262208307,1185414473,1185809759,1262194959,1262188782,1185809737,1262199883,1262204464,1262187238,1185809754,1185809736,1399644213,1131464110,1399644528,1262212319,937605193,937605195,937605181,937605194,937605189,1262198275,1198867720,1262200618,1262210403,1198867646,1198867624,1262199732,1198867456,1167320783,1262207954,1262187635,1262208539,1262200757,1262204432,1262205523,1262195376,1262203331,1262207470,1262195744,1185414571,1231011126,1168929258,1198867528,1199003141,1168929465,1185815850,1262195065,1262182588,937605174,937605197,1168270670,1199240778,937605169,1168929641,937605192,1168929327,937605175,1262195535,937605200,1229263756,1262201038,1262206788,1198867355,1262188427,13357227255,1198867590,1198867343,1198867678,1168929435,1198867713,1168929622,937605184,1185414408,1525407946,1262208796,937605187,1262193964,1262202938,1262210261,1262196361,1262193644,1262211503,937605188,1168270573,1262204607,1262208375,1262208983,1262185661,1262201597,1262208218,1262207930,1262195899,1262192507,1262196140,1262182653,1262199082,1262198137,1262203653,1262203564,1262212324,1262195144,1262182776,1262199205,1262208958,1262199591,1262193765,1262203257,1262194988,1262188706,1262202792,1262194321,1262197282,1262212832,1262211335,1262187575,1313599114,1313599098,1313599087,1313599111,1262201435,1313599104,1229580307,1229827398,12823257925,1262196595,1262196239,1229827470,1229580327,1262198584,1262212991,1229580319,1262199709,1229827300,1262198618,1524833855,10938458344,4806485504,1569038269,12074187316,1262209419,1262197341,1524833877,4665090550,4665090551,1262209460,1262195174,1185414556,1185414572,1199240547,1569038260,1262208085,8494249908,1262196253,1199240667,1262201459,10938458345,1262197535,1262194358,8496496625,1262202182,4248370551,4245731174,4443910584,1262182722,1262198202,1262203078,1262193035,937605198,937605176,1262203237,1199240598,1262190108,1262203588,1262190098,1262187879,1262203150,1262182219,1399644425,1262198176,1262197433,1262192786,1262197275,1262200205,1262207921,1168929344,1262197041,1262207547,1198867604,8289837996,1262195219,8289837997,1168270553,1168929565,1168270407,10200408841,4575722855,10066805517,1185414522,1262199608,1262211444,1262200499,1262196215,1262201567"
Collegio Einaudi - San Paolo,45.0577673,7.6553573,mobilità,charging_station,0,1,6,28,"11933501180,11933496419,10200314273,11505952227,10704779934,4691906384,5787665000,4691906382,7412497420,9568693093,10686606848,4691906381,12206458665,9331784402,5545629913,10862580324,11107468089,13138483052,13340070604,9088671239,4671233528,9088671240,5545493679,12801752468,9056770766,13254288285,3906238205,12385342507"
Collegio Einaudi - San Paolo,45.0577673,7.6553573,mobilità,car_sharing,0,0,0,0,
Collegio Einaudi - San Paolo,45.0577673,7.6553573,mobilità,taxi,0,0,3,9,"7211219153,1720500302,1470612633,450595752,4289455496,2016414163,3205040135,2902424081,2902424080"
Collegio Einaudi - San Paolo,45.0577673,7.6553573,mobilità,parking,5,10,36,121,"862975532,169109665,254428905,860301015,4734924482,434344155,1388871429,102643101,847969006,847969007,104230904,847959016,802596631,243354152,243354153,166581389,82290354,1125287584,290436848,290436857,290436845,133144552,1192476391,848622593,131713580,11503903538,184476157,1150750603,1154039642,1208808264,588758207,1287311510,1318046506,588758206,1321438974,1318046507,12026842569,166457327,4247924022,54740253,4247924125,560321339,646904179,166583965,166596459,241336708,1128003509,166585310,3319891484,131477884,166652711,166652710,791410567,792699652,841495751,841502849,140260606,83808962,106366574,376495005,154500752,839476414,839476413,1218048192,752839776,270802496,839634184,7077733654,693367780,693367779,1032863499,300189916,287520875,1027356692,330956379,330956378,313088902,313088903,166630018,291492675,50259560,1126042539,1126043797,1126047090,1190970428,1340364497,925276467,942603632,942603631,736824357,706164324,730684398,1300583616,1419477429,736824358,1076957801,730771775,166652712,83042948,1383582583,1381841252,1381841251,5693045436,12809872841,1381841253,1125419383,448718773,448969330,448434080,132528231,222172799,6411440333,166616053,166611428,1409158807,7195363113,282924801,1455462286,4488383689,248772281,275161406"
Collegio Einaudi - San Paolo,45.0577673,7.6553573,mobilità,car_rental,0,0,0,8,"659970718,1819918149,1170039574,1170039581,13363265154,6113511883,11104716244,5628622134"
Collegio Einaudi - San Paolo,45.0577673,7.6553573,mobilità,bicycle_parking,4,28,77,223,"10871415399,10864236934,10904635285,2699774349,2699774351,10873504947,10846725764,10848373825,10873504985,10873504986,10871415400,12604248402,6284273900,2699765012,2699765013,2699765014,2699765015,10852570102,10750674542,10852570103,10750674543,10873504976,2699763618,10873504975,10852593727,2699763619,10852593712,10850759990,10850759982,10850759991,10848408078,10750671202,10994635793,10852593713,2699763620,2699760641,10852593711,7076001860,2699836878,2699836877,2699836884,2699836885,2699836886,2699836887,2699836888,2699836889,12233636601,11766605054,2699836883,2699836880,638741739,2524446376,638741442,7685876482,10873504948,7685967899,2699774350,2699774352,11274729869,1780322685,7076063185,1780322731,11274729769,2699759047,2699759049,2699759048,10852570101,3799076904,7635131587,6104249055,7063812962,10873504950,10873504949,2699760635,2699760634,10873504974,7918354187,10853204514,2699759050,2699760640,2699760639,2699762076,2699762075,7785624492,9565968757,2699759052,2699759053,2699759051,2699760636,2699760637,2699759056,2699759058,2699759057,2699757974,443101911,7815134909,7815134911,7815134910,7815134913,7815134912,12394522606,12394489858,10873504973,6912162938,7815134903,10113463334,10113463333,10113463332,10113463331,9580694089,10113463330,10113463329,10113463335,2016369763,2017759603,11673291208,11673243325,7076063186,7076063187,7076063189,7076063188,5347703556,12153279090,7076001878,7076063193,7076063194,7076063195,7076063192,2699759055,2699759054,11913808736,7054259454,9771620395,10011778505,7076063191,6954549387,6954549388,1783770824,10873504971,1783770825,10802789582,2699757972,2699757973,2699757978,2699757975,9536387625,706004735,9536764388,9515661833,2699754605,2699763621,2699762528,2699762080,7076001859,7076001858,2699762077,12951928674,10901383359,2699745133,2699762079,7807429771,10771806119,2699762078,2699762081,7076063225,2699745128,7076063226,7076063227,7076063223,7076063224,7076063222,7076063221,7076063220,7076063219,7076063218,7076063217,7076063216,7076063228,2699745134,7076063215,2699745131,7076063214,2699745130,5628622143,2699745129,5628622144,2632353490,10873504970,5628622145,7025739876,10873504969,2699745132,2699745136,2699745135,2699745137,10159318064,2699757982,2699757981,2699757980,2699757979,2699757983,2699757984,2699757985,2699757986,2699757987,2699757989,10959344809,2699753945,2699754607,2699754613,2699754610,2699754609,7076063190,5226211759,7076001868,12365551375,7076001867,9321076956,4063688590,7076001862,2282486102,5113659453,6149852920"
Collegio Einaudi - San Paolo,45.0577673,7.6553573,mobilità,bicycle_rental,0,0,0,2,"5169986448,12068398565"
Collegio Einaudi - San Paolo,45.0577673,7.6553573,mobilità,primary,0,0,0,0,
Collegio Einaudi - San Paolo,45.0577673,7.6553573,mobilità,secondary,0,0,0,0,
Collegio Einaudi - San Paolo,45.0577673,7.6553573,verde,park,0,4,11,43,"107161646,466175067,466175069,466175070,103422196,466175068,1126392199,104240184,104230582,104240183,37524337,243356957,759194439,646904183,290137848,1254357945,82290353,579229093,646904177,799333352,646904181,149395093,166596454,792699653,171271678,104147826,166986552,83808971,848000866,106251930,44503795,88206888,149395470,39789990,589863206,242407848,605805917,731935819,41752855,41752854,82202795,23088806,433500383"
Collegio Einaudi - San Paolo,45.0577673,7.6553573,verde,garden,0,1,7,23,"106333266,799305148,759206589,759206590,106331386,1135279260,140266730,107167208,436247597,436245116,436245118,436245117,589878717,436247596,28193052,10901405103,1433432894,111596409,29176172,108470281,23089014,664912057,191051285"
Collegio Einaudi - San Paolo,45.0577673,7.6553573,verde,grass,19,40,115,330,"846003834,846003833,396869722,396869721,230378258,815517896,815523251,815523250,815517898,815523249,815517901,815517900,815523252,815523247,815517902,815523246,859854879,859854880,288835317,1126392509,1126392512,1126472583,1126392510,1126392511,1131164754,1131164753,104240182,666707223,759194441,1238389436,1238389437,1150137827,1238389435,1150137826,1239406381,1239406380,1238389427,1239177125,588758210,588758205,588758209,588758208,1132207955,1132207950,1132207951,1132207954,1132207953,1132207957,288835312,288835318,486174619,561542442,561542441,486174620,486174618,486174616,486174615,1239626888,1239626887,579229113,561619126,561619122,561619130,561619125,1132492706,561619121,579229112,1132492002,579229108,561619129,1132492003,579229110,579229099,579229097,579229106,579229101,1132209306,862454070,1132207952,1128002965,1128002964,1132207956,1128002962,1128002963,1311364296,154500720,687010710,687010712,891907991,687010711,154500733,1126792071,131477879,166596453,131477878,757727656,131477880,757727655,646909062,687010714,687010713,687010715,687010716,154500739,154500731,154500729,1066997745,234298691,154500724,316299344,154500737,154500736,315954828,234298714,234298715,234298692,234298708,234298712,234298709,234298702,234298698,234298695,234298694,234298699,234298703,234298687,234298690,234298711,234298688,234298710,234298707,234298706,234298700,234298713,234298697,234298696,234298689,234298693,234298705,234298701,234298704,315954833,181232343,181232355,181232342,181232349,181232340,181232352,286653246,181232353,181232350,181232347,181232345,181232348,181232341,286653247,181232346,286767165,314388661,286767159,286767161,181232351,286653245,286653244,286653242,242409910,286653241,286646606,286647293,286653240,286653237,286646604,286646594,286645617,286653239,286646607,286647294,286646605,286647291,732177417,286646595,1236922853,286646601,732177420,732177418,286646602,732177419,286646603,286647290,286646597,577460557,485912130,485912131,485912126,485912128,485912129,579229154,485912127,579229089,1126040506,1126042440,730665854,690822581,690822578,690822577,690822582,730682845,730682868,730682867,730682869,589878721,730682864,730682866,945490938,730682863,730682844,589878716,945490937,943784964,943784963,943782516,943782515,730682843,589878718,730682865,730682842,730682862,589878720,589878719,589878715,1034782636,730684397,736826338,706164330,730771776,166653765,690808828,690808830,690808831,333831817,242409911,544187117,286636546,242409909,286656050,286636547,286636548,286664226,286636549,732157565,286664225,318948807,326073532,326073533,319649516,731899351,731899352,731899353,1173967163,731899358,1173907484,1173907485,731899359,731899350,731899354,1173907483,1173898346,1173898347,731899360,1173898349,1173898348,731899357,731899355,731899356,732096036,732096037,732096038,732096048,731939743,731935824,731935825,731939740,731939738,731939741,221891468,731939739,731939742,732125145,732125146,732177422,732125147,178997269,732125144,178997273,732125148,732125140,178997270,684348512,732125143,732125142,732125141,732125149,732125150,732125151,732125152,732157570,286656044,732125138,732157568,732157569,732157567,286656041,732125139,462066644,684095662,684095663,130448583,561611213,561611216,561611209,561611219,561611214,561611211,561611221,561611218,1455462300,1455462921,1455462291,1455462301,1362575098"
Collegio Einaudi - San Paolo,45.0577673,7.6553573,verde,wood,0,0,0,1,835355026
Collegio Einaudi - San Paolo,45.0577673,7.6553573,verde,forest,0,0,0,0,
Collegio Einaudi - San Paolo,45.0577673,7.6553573,verde,meadow,0,0,0,0,
Collegio Einaudi - San Paolo,45.0577673,7.6553573,verde,scrub,0,0,0,1,360131117
Collegio Einaudi - San Paolo,45.0577673,7.6553573,verde,allotments,0,0,0,0,
Collegio Einaudi - San Paolo,45.0577673,7.6553573,verde,playground,1,4,17,58,"847961152,389404045,169109664,169109654,246613691,1114937101,2506967014,1114938741,10696669360,833668347,833668346,169109663,1135247414,171271131,557627561,169109652,290144055,169109659,169109658,2113377131,1238389440,467446544,50258285,77722952,111815995,579229091,50174964,7685973296,1114952714,10187943589,140235237,1135279252,165022279,306160704,556681453,906203825,306160702,448162839,1217815310,910933663,1445632679,660162335,942887046,942888157,105377046,83093080,4968614878,83051429,83051428,124772011,448718771,1173081441,448434079,1149617853,1149617852,499890620,1438254805,1780526494"
Collegio Einaudi - San Paolo,45.0577673,7.6553573,verde,recreation_ground,0,0,0,0,
Collegio Einaudi - San Paolo,45.0577673,7.6553573,verde,nature_reserve,0,0,0,0,
Collegio Einaudi - San Paolo,45.0577673,7.6553573,verde,lake,0,0,0,0,
Collegio Einaudi - San Paolo,45.0577673,7.6553573,verde,reservoir,0,0,0,0,
Collegio Einaudi - San Paolo,45.0577673,7.6553573,sport,fitness_centre,0,1,4,11,"12980028801,7272896085,11274687270,8518130285,5846394818,9568693090,11841788895,10736644789,12886908643,9463603381,4477792090"
Collegio Einaudi - San Paolo,45.0577673,7.6553573,sport,sports_centre,1,1,3,11,"211767603,646909064,751826434,290482354,41753512,646909066,3799075121,188466381,4479684158,289416784,3332362719"
Collegio Einaudi - San Paolo,45.0577673,7.6553573,sport,stadium,0,0,0,3,"43138628,285499599,652725229"
Collegio Einaudi - San Paolo,45.0577673,7.6553573,sport,swimming_pool,0,0,0,5,"106487528,191056430,1118749030,1118749029,1118749028"
Collegio Einaudi - San Paolo,45.0577673,7.6553573,sport,water_park,0,0,0,0,
Collegio Einaudi - San Paolo,45.0577673,7.6553573,sport,pitch,0,5,36,133,"83685153,103649704,103650076,467648069,169444963,169444964,847961151,169444966,169444967,169444969,83676825,290245229,10301477239,290245230,290245231,367965248,467648071,305071206,1126470600,10197383852,467648063,467648060,10197383853,1124007367,191495971,191495973,191495969,833668344,416059891,833668348,285499767,10301477240,1114952586,122455822,166582169,166582150,166583970,229256419,229256420,229256683,229256235,83386642,847975010,839152651,839152652,846003832,848616352,848616351,563091685,1137569375,1137569374,124253933,425484921,1311366022,304926006,304926005,304926004,304926003,252850307,425484914,1311364291,1311364292,111815987,241336707,1385612307,689326916,1311364294,425484913,425484919,425484916,425484909,241263809,1311364295,1311364293,241263815,425484924,1132205221,7685973295,1062615795,1135281752,7685967898,823258433,166582149,166582159,166583971,860988474,151216651,10582643941,1135279253,166582161,1123200344,8415343321,1058456079,1058456078,906203826,556681458,556681459,7007648418,7007648417,436248508,448850336,1445632678,1058453911,839634186,839634187,253538106,1065476429,9072007555,9072007556,242407846,242407872,186413455,1221399783,846003831,186413454,1303852812,1173898344,1173235467,731935820,731935821,41752773,731935823,220614907,220614908,289416782,289416786,289416797,289416790,10694640239,10694640238,10694640237,324738752,362273176"
Collegio Einaudi - San Paolo,45.0577673,7.6553573,sport,tennis_court,0,0,0,0,
Collegio Einaudi - San Paolo,45.0577673,7.6553573,sport,golf_course,0,0,0,0,
Collegio Einaudi - San Paolo,45.0577673,7.6553573,sport,ice_rink,0,0,0,0,
Collegio Einaudi - San Paolo,45.0577673,7.6553573,sport,bowling_alley,0,0,0,0,
Collegio Einaudi - San Paolo,45.0577673,7.6553573,sport,climbing_wall,0,0,0,0,
Collegio Einaudi - San Paolo,45.0577673,7.6553573,sport,gym,0,0,0,0,
Collegio Einaudi - San Paolo,45.0577673,7.6553573,commerciale,shop,0,0,0,0,
Collegio Einaudi - San Paolo,45.0577673,7.6553573,educazione,school,3,4,14,43,"862950965,169117804,860414963,253035251,160591228,815523248,858864692,859854877,859215053,367967850,367967851,243356083,1123417944,1123417943,1123417945,376495012,763986057,763986058,9623980923,815671121,799304797,131584960,744546260,3799075120,3799075123,282772081,837385370,242435627,7501518183,7501518184,367981582,1065476430,315598789,388411291,137280029,443199497,443199498,4736111631,6189845887,243074534,250151807,2284034343,2284034348"
Collegio Einaudi - San Paolo,45.0577673,7.6553573,educazione,kindergarten,0,1,3,12,"863908356,253036895,466886543,3149305228,3149300430,3798287445,3799075125,3474642596,253301347,314888176,131644847,2284034346"
Collegio Einaudi - San Paolo,45.0577673,7.6553573,educazione,university,0,0,1,3,"12694977921,1063867657,8903777986"
Collegio Einaudi - San Paolo,45.0577673,7.6553573,educazione,college,0,0,0,1,131654729
Collegio Einaudi - San Paolo,45.0577673,7.6553573,educazione,music_school,0,0,0,0,
Collegio Einaudi - San Paolo,45.0577673,7.6553573,educazione,driving_school,0,1,3,9,"4734602699,12995526273,10570991907,7077970133,8569299026,12886844895,12951948641,10879184439,11841904325"
Collegio Einaudi - San Paolo,45.0577673,7.6553573,educazione,research_institute,0,0,0,1,6241694510
Collegio Einaudi - San Paolo,45.0577673,7.6553573,educazione,vocational_school,0,0,0,0,
Collegio Einaudi - San Paolo,45.0577673,7.6553573,educazione,library,0,0,0,3,"13144212299,11926381625,10229510808"
Collegio Einaudi - San Paolo,45.0577673,7.6553573,educazione,archive,0,0,0,0,
Collegio Einaudi - San Paolo,45.0577673,7.6553573,educazione,museum,0,0,0,5,"182886373,12072302022,123180294,397514864,435784636"
Collegio Einaudi - San Paolo,45.0577673,7.6553573,educazione,community_centre,0,0,1,4,"12616853914,12585045537,194336591,12548906803"
Collegio Einaudi - Valentino,45.0583982,7.6857836,sanità,healthcare,0,0,0,0,
Collegio Einaudi - Valentino,45.0583982,7.6857836,sanità,pharmacy,1,6,28,77,"12814474916,7310501806,7310088536,6029326322,4735669404,4735721872,12800044441,2036336905,2036356385,4735719316,4412226590,9140119438,4735717950,7384890987,7376141996,4736115522,7312267251,12798227483,4735804570,4735804530,11782400574,2036360279,3893151255,4735829063,2018737316,4735056034,4735058545,4735717430,2018187040,619193786,4735828988,3224067528,5255625937,2593187678,2048347744,2018203641,5628622146,1333701639,2018982162,2019517474,7310122343,4736110877,5113659491,2019532938,6827178588,5110808474,4736057638,2048276171,7376114116,12691580935,4736055182,5206578925,7376141997,4736058640,4736054350,7312494521,4736054639,4736054574,12018327204,7309967811,7376141998,4735870073,306557185,4735867352,306556997,754189651,5117627162,7373154098,4736077953,2068598491,3340684507,2018175898,7379060407,3416861086,4733628841,9405942960,4733528397"
Collegio Einaudi - Valentino,45.0583982,7.6857836,sanità,dentist,1,2,5,11,"12886910727,10737466798,2016414024,8463109068,2406157072,11296229554,4195848889,5941324678,3373033912,9301525972,6564881971"
Collegio Einaudi - Valentino,45.0583982,7.6857836,sanità,veterinary,0,1,2,4,"4735830189,4736055191,2018192326,11167653306"
Collegio Einaudi - Valentino,45.0583982,7.6857836,sanità,optician,0,0,0,0,
Collegio Einaudi - Valentino,45.0583982,7.6857836,sanità,medical_supply,0,0,0,4,"11283227093,11064390829,12294762542,11688321776"
Collegio Einaudi - Valentino,45.0583982,7.6857836,sanità,defibrillator,0,0,5,30,"12829755501,11071576234,9552060491,9137861147,7232177660,9515896704,5121847084,7934552531,4374929675,13015096966,8356951251,8210481138,6705560885,11273669529,5113659443,6851497986,12095446701,6851187750,6853723885,8334794474,6851437489,6853946708,6853946004,6851357885,10942463291,3722895975,8025708191,10004554628,6877134124,9612498223"
Collegio Einaudi - Valentino,45.0583982,7.6857836,sanità,hospital,1,1,2,6,"3538149956,26294487,190728046,191194250,316203053,3342035128"
Collegio Einaudi - Valentino,45.0583982,7.6857836,sanità,clinic,0,0,4,24,"12816667601,12816667602,12816909558,12816909553,12814452400,12816909554,12814474932,12814452396,4735802143,4086304459,6664922333,822529092,4735668281,11290349432,10567218284,10567228303,4162728590,464291813,12168612107,3893264712,385995302,10698816652,2284074743,4086502595"
Collegio Einaudi - Valentino,45.0583982,7.6857836,sanità,doctors,0,0,0,0,
Collegio Einaudi - Valentino,45.0583982,7.6857836,mobilità,station,0,0,3,7,"893193542,1621697594,543360161,254594416,1622042729,3395226356,254594415"
Collegio Einaudi - Valentino,45.0583982,7.6857836,mobilità,subway_entrance,0,0,13,27,"1213993997,1213994125,1213994014,3253332073,3431326297,3431314079,3431314078,10235736538,3431314077,3431314076,3431314075,10235736525,3431314080,3253332072,1622042886,3283904468,1622042919,3431326298,5020207823,5020207824,1262284319,10260242427,10260242426,1262284354,2014746582,1262284353,10260242428"
Collegio Einaudi - Valentino,45.0583982,7.6857836,mobilità,tram_stop,5,14,39,142,"941491902,941491727,1168929313,1167320836,1168929291,941491699,1167320919,941491496,1230709954,1230710110,1230709892,941491640,941491856,938733459,938733498,945268814,945268800,1185414536,1168929618,945268789,945268816,1167321000,1168270429,945268799,1199240661,1229263858,1167320990,1167320859,1167321088,1167321041,1167320969,1167320960,1185414562,1168270672,1185414492,945268801,945268822,945268805,945268802,1624209638,950433574,951424216,1230710018,4997702728,1229827204,1231011119,1229827337,1231011175,1229580323,1229827230,1229580314,1229827620,941491483,941491672,941491612,1168270471,1168270534,941491716,941491868,1185414486,1229580315,1229827224,1227966230,1168270660,1185414504,1227966231,1167320937,12101484067,1168929427,12100765982,941491637,12101484058,1624209624,1843302903,941491545,943330768,1370347434,1229263851,1370347438,1229827150,1229580304,1230710216,1230709587,1230709694,1230710154,1230710053,1230710389,1227966234,1227966232,1227966233,1229263766,1229264040,12616325336,12715581050,12978416484,12978416485,943330769,12715581035,12978416486,1168270587,1168270504,1230710263,943330816,943330822,943330819,1230709780,1231011218,943330805,11281292421,1230709737,1230709859,11281834064,1235856174,1168270599,1270651267,1235856079,947982002,947982146,1262194799,947981976,1235856123,1624209625,941491939,941491471,1167320980,1167320769,941491730,12978416487,1229263814,1229263917,1231011198,1229264035,1229263857,11660081125,1168270491,947982084,947981932,1230710101,947982115,1168270479,947982009,947982103"
Collegio Einaudi - Valentino,45.0583982,7.6857836,mobilità,bus_stop,9,21,90,373,"1185809746,1185809738,1185414473,1185809759,1262194959,1262188782,1185809737,1262199883,1262204464,1262187238,1262189057,1262207017,1185809754,1185809736,1399644213,1131464110,1399644528,1262212319,937605195,937605181,937605194,937605189,1262198275,1198867720,1262200618,1262210403,1198867646,1198867624,1262199732,1198867456,1167320783,1262207954,1262187635,1262208539,1262200757,1262204432,1262205523,1262195376,1262203331,1262207470,1185414571,1231011126,1168929258,1198867528,1199003141,1168929465,1185815850,1262195065,1262182588,937605174,937605197,1168270670,1199240778,937605169,1168929641,937605192,1168929327,937605175,1262195535,937605200,1229263756,1262201038,1262206788,1198867355,1262188427,13357227255,1198867590,1198867343,1198867678,1168929435,1198867713,1168929622,937605184,1185414408,1525407946,1262208796,937605187,1262193964,1262202938,1262210261,1262196361,1262193644,1262211503,937605188,1168270573,1185414556,1185414572,1199240547,1569038260,1262196253,1199240667,1262201459,937605198,937605176,1262203237,937605196,937605190,1199240598,943330808,1262209067,1816820005,1262185598,1262203692,1262190108,1262203588,1262190098,1262208210,1262204320,1262192681,1262200032,1262190944,1262212994,1262195471,1262209837,1262196128,1262195993,1491228853,1262210935,1262182560,1262201063,1262187879,1262203150,1262212811,1262183335,1262204440,5594891025,1262199964,1262199168,1262182219,1399644425,1262198176,1262197433,1262192786,1262197275,1262200205,1262207921,1262210546,1262182382,1262192501,1262201910,1262192626,1229580308,4605836659,1262204898,12876021888,1229580300,1262196357,1262211500,1262208182,1262192466,1262196307,1262195324,1262209515,1262196647,1262212519,1262207853,1480474270,1262210350,1262190981,1262207187,1262197218,1262184662,1262204656,1262196134,1480474276,1262203192,1262194723,1262209179,1262196512,1262206934,1262207679,1480474287,1480474282,1262211196,1262199022,1480474260,1480474258,1262206294,1262199787,1262184419,1480474268,1480474269,1480474262,1262198132,1262197142,1480474257,1262209613,1262208977,1262182398,1262212389,1262211321,1262191031,1262198260,1262200999,1168929344,1262197041,1262207547,1198867604,8289837996,1262195219,8289837997,1262185354,1262181975,1262197387,1168270553,1168929565,1168270407,10200408841,4575722855,10066805517,1185414522,1262199608,1491228855,1262202711,1262199542,1262186722,1229580316,1229827663,1262208483,10136283371,1168270570,1168270559,1185414520,12876021885,1262211444,1168929371,1262200499,1262196215,1262201567,1262196300,1262198051,1262197657,1525407917,1262206483,1262203392,3229868385,3262101385,1168929432,1491228856,1262197246,1198867662,1262188506,1262197678,1262208401,1262209581,1262199837,1262209446,1198867402,1262207476,1262190131,1491228854,11657164483,11657164484,1229827101,1229580311,1399644118,1262197436,1262211451,1262205080,1262192792,1262199977,1262195420,1262205970,1262195822,1168270639,1185414410,1262208503,1185414465,1262194546,1262208323,5117626905,1262209930,1262198026,1185414577,6851570620,1262199075,1262182576,1262200213,1262203030,1262212401,3350111050,1262198097,1262196900,1262196798,3350079082,1262209112,1262206389,1262208051,1262196187,1262191998,1262202844,1262195567,1262212221,1262192881,1262194437,1262196834,1270905157,1262191772,1270905158,1262208954,1262199922,1262209046,1262211982,1262197197,1262199746,1262212615,1235856128,1262189828,1262204404,1262207790,1262187555,1262194051,1262209878,1262203354,1262195649,1262195757,1262194653,1262194554,1262211270,1262199090,1262207066,1262201419,1262203604,1235856183,1262196422,1270651264,1262196590,1262195266,1262184741,12194813096,1235856064,937605171,1262199772,937954712,1262182632,1262212512,1262199811,1262199749,1198867441,1198867537,1262208216,1198867556,1198867687,1198867567,1262201395,1262195824,1262211446,1262208031,1262196779,1262210312,1231011141,1262190386,1262195510,1262200404,1262204567,1262212826,1262194968,1262198250,1262212644,1262199697,1262183610,1262209326,1262193104,13208780379,1262208589,1231011153,1262195698,1262204769,13208780378,12876021883,3226552301,3226552300,1262201740"
Collegio Einaudi - Valentino,45.0583982,7.6857836,mobilità,charging_station,2,13,23,48,"8273687163,12206458665,9331784402,5545629913,10862580324,11107468089,13074606106,13074583239,11253226587,9056770766,8496473717,8496473719,8496473718,13254288285,9884949609,9884949607,9884949611,9884949608,9884949610,10676666527,11676231525,9671594609,3906238205,11694139826,13254333741,12881604940,10132403023,10132403019,10132403022,10132403020,10132403021,10024930203,12848949670,12385342507,3906239156,5545493680,5255643474,10024930198,10024930204,9903597728,3906262432,11330971755,13175098408,9903597720,9903597736,11640502278,544516332,9903597730"
Collegio Einaudi - Valentino,45.0583982,7.6857836,mobilità,car_sharing,0,0,0,2,"4749176847,3906283850"
Collegio Einaudi - Valentino,45.0583982,7.6857836,mobilità,taxi,0,2,4,14,"450595752,4289455496,2016414163,3241731973,8316678430,2019632236,604332918,5020220491,5020220492,3241731972,3241731971,5941325188,3241731964,2902424078"
Collegio Einaudi - Valentino,45.0583982,7.6857836,mobilità,parking,0,3,32,124,"1190970428,1340364497,108470282,942603632,942603631,736824357,706164324,730684398,1300583616,1419477429,736824358,1076957801,730771775,83042948,1383582583,1381841252,1381841251,5693045436,12809872841,1381841253,635372762,635372763,320706078,320706077,166616053,166611428,454001359,454001349,1621697577,330503346,915561379,1218148322,914641500,914641495,914641496,914641504,914641505,914641487,914641506,596527947,914641494,489020583,1409158807,7195363113,282924801,191173232,112172255,1075063889,747831924,7573315188,966980831,45819032,1432694418,1433218612,842479608,842479609,842479611,132406184,69976487,77914307,1256054371,1441572060,411031505,1255963826,1411982815,1256019628,4127735019,4127734643,4127734444,1414322225,1455462286,4488383689,248772281,248160665,13260980844,2019632224,1227966229,275161406,2284374403,5997771287,5997780786,320706080,5997812985,635372765,320706079,3363420315,22953965,1218557983,1057905850,316211275,319749756,249248499,319742232,191375051,5941325249,193000008,435793218,1255999599,731592384,731605916,436314967,242957870,6851422048,733635639,358681039,124778755,1262706519,3343691149,4127735255,1383338299,4127735240,167858828,3343561833,5993028887,5993028888,635989603,5997762385,5997806485,5997788087,5997771286,365889975,365889357,3343577420,577263229"
Collegio Einaudi - Valentino,45.0583982,7.6857836,mobilità,car_rental,0,0,5,8,"1170039574,1170039581,13363265154,6113511883,11104716244,5628622134,5941325247,5941325228"
Collegio Einaudi - Valentino,45.0583982,7.6857836,mobilità,bicycle_parking,3,37,77,201,"5347703556,12153279090,7076001878,7076063193,7076063194,7076063195,7076063192,2699759055,2699759054,11913808736,7054259454,9771620395,10011778505,7076063191,6954549388,10802789582,2699757972,2699757973,2699757978,2699757975,9536387625,706004735,9536764388,9515661833,2699754605,10159318064,2699757982,2699757981,2699757980,2699757979,2699753945,2699754607,2699754613,2699754610,2699754609,13142999531,13143056907,10741520276,10741540187,2699752835,13142731612,2699752836,2699752837,7076001881,7076001880,7076001879,7076063190,12168185377,8496468307,11082056515,8496468304,8496468306,8496468305,11082056516,11082056517,11182198684,5226211759,7076001868,12365551375,7076001867,7076001864,7076001863,7076001865,13283071994,13283160701,13283086792,9122302517,6909804800,9330196749,5594891026,13283101982,8638211147,9038187426,13283226975,11274729970,9884528466,7076063196,7076063197,7076063198,9321076956,4063688590,7076001861,7076001862,2282486102,5113659453,7076001866,11983497399,11983479625,2017190763,2018982169,7076063202,7076063203,12009896156,13324660699,7076063201,10884404308,7076063200,7076063199,12681485187,12681485188,6149852920,2699753943,2699753944,2699753946,2699753947,2699753951,2699753950,2699753949,2699753948,5117627158,5113659515,10779500105,2699753644,5968582882,5968581908,6827178603,12068659438,5941325235,2699753641,2699753643,2699753642,7076063204,7076063205,7076063206,11277111680,11277111681,7076063207,10777961006,12650442898,7076063208,7076063209,8026222938,7076063210,7076063211,7076063212,7076063213,5117627124,5941324676,5941324684,5941325233,2048050409,5941324672,11966746787,5941325227,5941325219,11966792060,5941325190,9740895475,12634535120,12634548501,12634222020,12634416056,9740895502,9740888733,10759662318,11238380039,11238380037,11238380038,13011786017,13011795861,11368531149,9224843549,11832986276,12020238320,11964721442,11832991702,11832980125,11379545987,11379561478,12812076106,12843998249,12986009917,12915235956,2699752844,2699752833,2699752840,2699752831,10951467173,2699752842,10951467161,10883132771,2699752854,2699752834,2699752832,9307377317,9307358113,6851396187,5998289584,5998291995,12182105961,11622870823,5542175056,9903597733,13143013240,11622870824,5542175057,5534040230,5534052431,13143058309,13143034941,13143041199"
Collegio Einaudi - Valentino,45.0583982,7.6857836,mobilità,bicycle_rental,0,1,1,1,12068398566
Collegio Einaudi - Valentino,45.0583982,7.6857836,mobilità,primary,0,0,0,0,
Collegio Einaudi - Valentino,45.0583982,7.6857836,mobilità,secondary,0,0,0,0,
Collegio Einaudi - Valentino,45.0583982,7.6857836,verde,park,0,0,6,23,"44503795,39789990,1164953300,130457686,335352981,698756805,549096612,111646227,112172943,1432694404,287696722,109742701,23026345,22897848,543676718,457323344,287707677,753231466,319279820,22879264,22908088,22908071,690662131"
Collegio Einaudi - Valentino,45.0583982,7.6857836,verde,garden,0,2,39,195,"436247597,436245116,436245118,436245117,23089011,589878717,436247596,28193052,108470281,404714970,29183708,1430193309,23089014,581600236,664912057,191051285,1429655975,1429668701,1429927724,1429927720,1429668708,1429668706,1429668703,1430558115,1429655972,1429927718,1429927726,1429668711,1429668710,1429668709,1430558102,1430193311,1430558111,1430558114,1429655978,1430558101,1429655977,1430558098,1431902919,1432497805,1432497804,1431902918,1432497803,1431902920,1432497799,1431902926,1431902917,1430558093,1431902925,1431902923,1432497802,1431902908,1431902916,1432497790,1432497798,1432497801,1431902915,1431902907,1431902906,1432497788,635651375,1432497787,1432497786,303807502,1432497777,1432497771,1432497780,1432542554,1432694413,1432542546,1432694420,1432694414,1432694410,1432694408,1433218603,1432694412,1433516891,1433516897,1432694406,1433516899,1433218602,1433218608,1433218609,1433218611,635651377,1433516893,1433516896,1434558345,1434859342,1431214248,1429531893,1429531906,1431167268,1431167270,1435026062,1429455089,1429531911,1435026061,1435026060,1435026072,1429531910,1435074195,1435248845,1435248868,1435248844,1435074194,1435248869,1435248853,1435074200,1435074202,1435074193,1435248854,1435248861,1435248855,1435248851,1435248860,1435248856,1435248850,1433516866,1434558331,1433516869,1433516870,1434558326,1434859339,1434558323,1434558321,1434558344,1434859340,1433516867,1434859343,1434859351,1434859338,1434558312,1434558342,1434558339,1434558336,1434558316,1433516874,1434558328,1434558319,1434558314,1434558315,1433516882,1434558313,1433516875,1434859334,1434859333,1434558318,1434558317,1435026103,1435026104,1441572055,1441572048,1412323438,1441572051,1441572050,1411246328,1441572049,1441572058,1411656563,561608551,23054276,318993599,251488296,23026360,302764761,1060217784,1060217774,848959753,848959890,689197828,689197827,411053238,633972127,411053241,633972128,689196222,740007653,741636656,689196221,689196217,741636655,689196220,740007650,689196218,740007635,740007643,560991929,324477119,29184190,585434921,585434922,585434925,741636663,725758014"
Collegio Einaudi - Valentino,45.0583982,7.6857836,verde,grass,1,10,37,180,"730665854,690822581,690822578,690822582,690824765,690824749,690824748,866606424,922479075,922479076,730682845,730682868,730682867,730682869,589878721,730682864,730682866,945490938,730682863,730682844,589878716,945490937,943784964,943784963,943782516,943782515,730682843,589878718,730682865,730682842,730682862,589878720,589878719,589878715,1034782636,730684397,736826338,706164330,730771776,166653765,690808828,690808830,690808831,333831817,544187117,318948807,326073532,326073533,319649516,589459967,589459968,589459969,589459961,589459963,589459964,415224186,589459962,1047587836,1047587838,1047587837,1047587843,1047587839,1047587840,1047587841,1047587842,463612383,463612382,914641482,401668588,561611213,561611216,561611209,561611219,561611214,561611211,561611221,561611218,123242586,123242589,123242584,1447741497,1264205127,112698197,112698185,112698601,842026974,1429531892,1435026096,1435026095,1435026078,1435026075,1433516865,1455462300,1455462921,1455462291,1455462301,337361722,1362575098,192061493,192061494,192061492,192061489,192061490,192061491,1272990787,245046146,1098853222,245045846,397809397,616677987,616677976,616677985,616677978,616677983,616677980,245045845,337361720,337361721,245045844,289014365,411053235,129209564,129209563,577440411,288798832,288798834,288798833,258298837,1173001074,1173001075,1173001079,1173001078,1173001076,1173001077,1173001084,1173001091,1173001083,288283918,1254120835,1173001072,1118869379,1173001073,1118869380,1173001095,1173001100,1173001099,1173001110,1173001101,1173001109,1173001098,1173001088,1173001107,1173001102,1173001108,1173001094,1415617395,1415617396,577263226,577267981,577271848,577267982,577271851,577267983,577271853,577267984,577271856,577267985,577271858,577271820,577271823,577271824,577271825,577271827,577271830,577271832,577271835,577271836,577271861,577440407,577558249"
Collegio Einaudi - Valentino,45.0583982,7.6857836,verde,wood,0,0,2,25,"256204639,1429668713,1429927729,1075307130,1430558097,1431902912,256273453,1433516888,1075307129,1429531902,1429655981,1435026069,1428971488,1435026063,1435026076,1435026071,1431214247,1434859332,1433516863,1434859344,1434859331,1435026077,256204633,457323345,256204642"
Collegio Einaudi - Valentino,45.0583982,7.6857836,verde,forest,0,0,0,3,"28110850,1075063885,585434926"
Collegio Einaudi - Valentino,45.0583982,7.6857836,verde,meadow,0,0,0,0,
Collegio Einaudi - Valentino,45.0583982,7.6857836,verde,scrub,0,0,1,10,"360131117,1429668705,1430558096,1431167269,1432694422,1431167266,1435248870,1435248842,1435248867,1441572063"
Collegio Einaudi - Valentino,45.0583982,7.6857836,verde,allotments,0,0,1,1,328621268
Collegio Einaudi - Valentino,45.0583982,7.6857836,verde,playground,0,0,6,27,"1217815310,660162333,942887046,942888157,105377046,83093080,4968614878,83051429,83051428,130457685,561242634,1193870930,132364747,1433218613,1432694403,11676688669,1780526494,191211963,1168299039,1170974105,1054786065,9215807657,10221497811,2505158924,552214398,1291894961,108460659"
Collegio Einaudi - Valentino,45.0583982,7.6857836,verde,recreation_ground,0,0,0,0,
Collegio Einaudi - Valentino,45.0583982,7.6857836,verde,nature_reserve,0,0,0,0,
Collegio Einaudi - Valentino,45.0583982,7.6857836,verde,lake,0,0,0,0,
Collegio Einaudi - Valentino,45.0583982,7.6857836,verde,reservoir,0,0,0,0,
Collegio Einaudi - Valentino,45.0583982,7.6857836,sport,fitness_centre,1,2,5,15,"11841788895,10736644789,12886908643,9463603381,10067097220,10784287024,12327658096,2018982152,4736058200,12547891555,11049505605,6851326135,3349809096,3343770523,11534701686"
Collegio Einaudi - Valentino,45.0583982,7.6857836,sport,sports_centre,0,1,8,12,"188466381,404714971,3332362719,749439074,256781255,286976821,9792328371,630344434,458039656,288893797,458039655,3352111838"
Collegio Einaudi - Valentino,45.0583982,7.6857836,sport,stadium,0,0,0,0,
Collegio Einaudi - Valentino,45.0583982,7.6857836,sport,swimming_pool,0,0,6,37,"191056430,1118749030,1118749029,1118749028,1422594069,749439076,1422419030,1422418993,1422418990,1422419019,1422418987,1422418984,1422224010,1422224027,1422594076,1432497807,1075063887,1422594077,1422594081,1263799982,1431902914,1432497796,856951591,1431902913,1433218610,1433218607,1429531899,692335424,1435074201,1411656629,899626040,1435026110,1323785257,1412323464,1411982775,320710589,1270460659"
Collegio Einaudi - Valentino,45.0583982,7.6857836,sport,water_park,0,0,0,0,
Collegio Einaudi - Valentino,45.0583982,7.6857836,sport,pitch,0,0,24,52,"1058453911,839634186,1065476429,869894480,859050130,859050133,869894478,869894475,869894481,1058452924,915561405,362273176,13284561433,13284561431,923782195,923780960,915561404,13284561432,1422419022,1422418992,1422594070,1346976213,1089685037,1429531896,1421975477,1428971499,1005248573,1005248575,1005248574,1410961405,5410221475,117526387,1347180844,1190222149,117526384,1190222452,1190222148,117526386,1347180845,117526378,1347180843,245045843,1062624219,358681038,358681041,358681042,358681037,119456036,256368311,1418747925,578921511,319284839"
Collegio Einaudi - Valentino,45.0583982,7.6857836,sport,tennis_court,0,0,0,0,
Collegio Einaudi - Valentino,45.0583982,7.6857836,sport,golf_course,0,0,0,0,
Collegio Einaudi - Valentino,45.0583982,7.6857836,sport,ice_rink,0,0,0,0,
Collegio Einaudi - Valentino,45.0583982,7.6857836,sport,bowling_alley,0,0,0,0,
Collegio Einaudi - Valentino,45.0583982,7.6857836,sport,climbing_wall,0,0,0,0,
Collegio Einaudi - Valentino,45.0583982,7.6857836,sport,gym,0,0,0,0,
Collegio Einaudi - Valentino,45.0583982,7.6857836,commerciale,shop,0,0,0,0,
Collegio Einaudi - Valentino,45.0583982,7.6857836,educazione,school,0,2,7,39,"690824769,242435627,7501518183,7501518184,367981582,1065476430,315598789,4736111631,340249805,334684164,4735804563,109771125,123376948,390805214,601868991,390805217,6189845887,190499456,190499455,298804713,1075307126,243074534,250151807,2284034343,2284034348,117493773,1304814076,1168299038,10765663105,450287805,1091923526,3343680527,42864476,1168299037,108601368,7796907023,1176873243,3343687306,3343687307"
Collegio Einaudi - Valentino,45.0583982,7.6857836,educazione,kindergarten,0,1,3,9,"314888176,869894477,1328540432,2284034346,219014163,7807308276,12768280010,10896540919,2018099976"
Collegio Einaudi - Valentino,45.0583982,7.6857836,educazione,university,0,5,23,38,"1063867657,8903777986,1107125327,1107125328,8496468303,1107125331,988062105,6944502291,6945638233,10132258250,6944516128,6944505643,6945671127,2714024340,749760378,9430411581,6339286102,4605849272,4605836657,4605847888,4605836658,192604816,2577028412,2577029282,2018055299,2018055301,9739802942,2503902059,3363964793,6851326132,4086214801,2018087957,1218747279,6851439272,651771955,4735868696,10237789518,3349733649"
Collegio Einaudi - Valentino,45.0583982,7.6857836,educazione,college,0,0,2,3,"780144763,318997570,12248046055"
Collegio Einaudi - Valentino,45.0583982,7.6857836,educazione,music_school,0,0,1,2,"28109102,3343797841"
Collegio Einaudi - Valentino,45.0583982,7.6857836,educazione,driving_school,0,0,1,8,"12886844895,10879184439,11841904325,12089511784,316203024,12077001867,9762124287,3473130432"
Collegio Einaudi - Valentino,45.0583982,7.6857836,educazione,research_institute,0,0,2,2,"190482116,6241694510"
Collegio Einaudi - Valentino,45.0583982,7.6857836,educazione,vocational_school,0,0,0,0,
Collegio Einaudi - Valentino,45.0583982,7.6857836,educazione,library,0,1,3,11,"4735799707,10229510808,4209315503,11806550856,4936115896,9693041809,3352114524,909179631,117351946,6074405709,4849156539"
Collegio Einaudi - Valentino,45.0583982,7.6857836,educazione,archive,0,0,0,0,
Collegio Einaudi - Valentino,45.0583982,7.6857836,educazione,museum,0,0,4,31,"12072302022,123180294,4572133130,5482049568,4219719436,2981060587,6425777001,12393405666,6433935512,9585924917,5171950042,246516587,246643344,6432836094,2177769729,1333701144,6435420518,6431480861,2026479833,318938052,2026479832,246443715,6432887576,6432637423,11267476069,6434268049,1628071063,248771289,6433944342,11217521918,246516619"
Collegio Einaudi - Valentino,45.0583982,7.6857836,educazione,community_centre,0,0,2,7,"12616853914,12585045537,194336591,12548906803,3363460993,3352189835,104339324"
