Area_territoriale;Regione;Prov;Comune_ISTAT;Comune_cat;Sez;Comune_amm;Comune_descrizione;Fascia;Zona;LinkZona;Cod_Tip;Descr_Tipologia;Stato;Stato_prev;Compr_min;Compr_max;Sup_NL_compr;Loc_min;Loc_max;Sup_NL_loc;
NORD-OVEST;PIEMONTE;TO;1001272;A1AA; ;L219;TORINO;B;B1;TO00000037;20;Abitazioni civili;NORMALE;P;2900;4400;L;10,2;15,3;L;
NORD-OVEST;PIEMONTE;TO;1001272;A1AA; ;L219;TORINO;B;B1;TO00000037;20;Abitazioni civili;OTTIMO; ;4300;6500;L;16,6;25;L;
NORD-OVEST;PIEMONTE;TO;1001272;A1AA; ;L219;TORINO;B;B1;TO00000037;19;Abitazioni signorili;OTTIMO; ;4400;6600;L;13,3;19,9;L;
NORD-OVEST;PIEMONTE;TO;1001272;A1AA; ;L219;TORINO;B;B1;TO00000037;19;Abitazioni signorili;NORMALE;P;3100;4600;L;9,1;13,6;L;
NORD-OVEST;PIEMONTE;TO;1001272;A1AA; ;L219;TORINO;B;B1;TO00000037;13;Box;NORMALE;P;2450;3700;L;11,4;17,2;L;
NORD-OVEST;PIEMONTE;TO;1001272;A1AA; ;L219;TORINO;B;B1;TO00000037;14;Posti auto coperti;NORMALE;P;2150;3200;L;10,4;15,6;L;
NORD-OVEST;PIEMONTE;TO;1001272;A1AA; ;L219;TORINO;B;B1;TO00000037;5;Negozi;OTTIMO; ;6200;12400;L;36;72;L;
NORD-OVEST;PIEMONTE;TO;1001272;A1AA; ;L219;TORINO;B;B1;TO00000037;5;Negozi;NORMALE;P;2550;5100;L;15,3;30,6;L;
NORD-OVEST;PIEMONTE;TO;1001272;A1AA; ;L219;TORINO;B;B1;TO00000037;6;Uffici;NORMALE;P;2450;4900;L;8,5;17;L;
NORD-OVEST;PIEMONTE;TO;1001272;A1AA; ;L219;TORINO;B;B2;TO00001040;20;Abitazioni civili;OTTIMO; ;3700;5600;L;12,8;19,2;L;
NORD-OVEST;PIEMONTE;TO;1001272;A1AA; ;L219;TORINO;B;B2;TO00001040;20;Abitazioni civili;NORMALE;P;2700;4100;L;9,2;13,9;L;
NORD-OVEST;PIEMONTE;TO;1001272;A1AA; ;L219;TORINO;B;B2;TO00001040;21;Abitazioni di tipo economico;OTTIMO;P;2250;3400;L;9,3;14;L;
NORD-OVEST;PIEMONTE;TO;1001272;A1AA; ;L219;TORINO;B;B2;TO00001040;19;Abitazioni signorili;NORMALE;P;2500;3700;L;7;10,5;L;
NORD-OVEST;PIEMONTE;TO;1001272;A1AA; ;L219;TORINO;B;B2;TO00001040;19;Abitazioni signorili;OTTIMO; ;3600;5300;L;11,2;16,8;L;
NORD-OVEST;PIEMONTE;TO;1001272;A1AA; ;L219;TORINO;B;B2;TO00001040;13;Box;NORMALE;P;2350;3500;L;9,3;14;L;
NORD-OVEST;PIEMONTE;TO;1001272;A1AA; ;L219;TORINO;B;B2;TO00001040;14;Posti auto coperti;NORMALE;P;1600;2400;L;8,7;13,1;L;
NORD-OVEST;PIEMONTE;TO;1001272;A1AA; ;L219;TORINO;B;B2;TO00001040;15;Posti auto scoperti;NORMALE;P;1300;1950;L;7,6;11,5;L;
NORD-OVEST;PIEMONTE;TO;1001272;A1AA; ;L219;TORINO;B;B2;TO00001040;5;Negozi;NORMALE;P;1300;2600;L;11,8;23,6;L;
NORD-OVEST;PIEMONTE;TO;1001272;A1AA; ;L219;TORINO;B;B2;TO00001040;5;Negozi;OTTIMO; ;2850;5700;L;31;62;L;
NORD-OVEST;PIEMONTE;TO;1001272;A1AA; ;L219;TORINO;B;B2;TO00001040;6;Uffici;NORMALE;P;1700;3400;L;6,6;13,2;L;
NORD-OVEST;PIEMONTE;TO;1001272;A1AA; ;L219;TORINO;B;B3;TO00001041;20;Abitazioni civili;OTTIMO; ;3000;4500;L;10,5;15,8;L;
NORD-OVEST;PIEMONTE;TO;1001272;A1AA; ;L219;TORINO;B;B3;TO00001041;20;Abitazioni civili;NORMALE;P;2000;3000;L;7,2;10,8;L;
NORD-OVEST;PIEMONTE;TO;1001272;A1AA; ;L219;TORINO;B;B3;TO00001041;19;Abitazioni signorili;NORMALE;P;2400;3600;L;6,3;9,4;L;
NORD-OVEST;PIEMONTE;TO;1001272;A1AA; ;L219;TORINO;B;B3;TO00001041;13;Box;NORMALE;P;2500;3700;L;9;13,5;L;
NORD-OVEST;PIEMONTE;TO;1001272;A1AA; ;L219;TORINO;B;B3;TO00001041;14;Posti auto coperti;NORMALE;P;1400;2100;L;7,7;11,6;L;
NORD-OVEST;PIEMONTE;TO;1001272;A1AA; ;L219;TORINO;B;B3;TO00001041;15;Posti auto scoperti;NORMALE;P;1200;1800;L;8,5;12,8;L;
NORD-OVEST;PIEMONTE;TO;1001272;A1AA; ;L219;TORINO;B;B3;TO00001041;5;Negozi;NORMALE;P;1250;2500;L;8,8;17,6;L;
NORD-OVEST;PIEMONTE;TO;1001272;A1AA; ;L219;TORINO;B;B3;TO00001041;6;Uffici;NORMALE;P;1200;2400;L;6,4;12,8;L;
NORD-OVEST;PIEMONTE;TO;1001272;A1AA; ;L219;TORINO;B;B4;TO00001042;20;Abitazioni civili;NORMALE;P;2150;3200;L;6,6;9,8;L;
NORD-OVEST;PIEMONTE;TO;1001272;A1AA; ;L219;TORINO;B;B4;TO00001042;20;Abitazioni civili;OTTIMO; ;2750;4100;L;9,2;13,8;L;
NORD-OVEST;PIEMONTE;TO;1001272;A1AA; ;L219;TORINO;B;B4;TO00001042;21;Abitazioni di tipo economico;NORMALE;P;1900;2850;L;6,8;10,2;L;
NORD-OVEST;PIEMONTE;TO;1001272;A1AA; ;L219;TORINO;B;B4;TO00001042;19;Abitazioni signorili;NORMALE;P;2100;3100;L;6,6;9,9;L;
NORD-OVEST;PIEMONTE;TO;1001272;A1AA; ;L219;TORINO;B;B4;TO00001042;19;Abitazioni signorili;OTTIMO; ;2950;4300;L;8,1;12,1;L;
NORD-OVEST;PIEMONTE;TO;1001272;A1AA; ;L219;TORINO;B;B4;TO00001042;13;Box;NORMALE;P;2050;3100;L;9,4;14,1;L;
NORD-OVEST;PIEMONTE;TO;1001272;A1AA; ;L219;TORINO;B;B4;TO00001042;14;Posti auto coperti;NORMALE;P;1250;1900;L;8,3;12,4;L;
NORD-OVEST;PIEMONTE;TO;1001272;A1AA; ;L219;TORINO;B;B4;TO00001042;15;Posti auto scoperti;NORMALE;P;1150;1650;L;8,4;12,6;L;
NORD-OVEST;PIEMONTE;TO;1001272;A1AA; ;L219;TORINO;B;B4;TO00001042;5;Negozi;NORMALE;P;1050;2100;L;8,5;17;L;
NORD-OVEST;PIEMONTE;TO;1001272;A1AA; ;L219;TORINO;B;B4;TO00001042;6;Uffici;NORMALE;P;1300;2550;L;6,6;12,6;L;
NORD-OVEST;PIEMONTE;TO;1001272;A1AA; ;L219;TORINO;B;B5;TO00001043;20;Abitazioni civili;NORMALE;P;2000;3000;L;6,9;10,4;L;
NORD-OVEST;PIEMONTE;TO;1001272;A1AA; ;L219;TORINO;B;B5;TO00001043;20;Abitazioni civili;OTTIMO; ;2700;4000;L;10,5;15,8;L;
NORD-OVEST;PIEMONTE;TO;1001272;A1AA; ;L219;TORINO;B;B5;TO00001043;21;Abitazioni di tipo economico;NORMALE;P;1750;2600;L;7;10,5;L;
NORD-OVEST;PIEMONTE;TO;1001272;A1AA; ;L219;TORINO;B;B5;TO00001043;13;Box;NORMALE;P;2200;3300;L;9,3;14;L;
NORD-OVEST;PIEMONTE;TO;1001272;A1AA; ;L219;TORINO;B;B5;TO00001043;14;Posti auto coperti;NORMALE;P;1250;1900;L;7,4;11,1;L;
NORD-OVEST;PIEMONTE;TO;1001272;A1AA; ;L219;TORINO;B;B5;TO00001043;15;Posti auto scoperti;NORMALE;P;1200;1800;L;7,6;11,4;L;
NORD-OVEST;PIEMONTE;TO;1001272;A1AA; ;L219;TORINO;B;B5;TO00001043;5;Negozi;OTTIMO; ;2100;4200;L;25;50;L;
NORD-OVEST;PIEMONTE;TO;1001272;A1AA; ;L219;TORINO;B;B5;TO00001043;5;Negozi;NORMALE;P;1000;2000;L;10,1;20,2;L;
NORD-OVEST;PIEMONTE;TO;1001272;A1AA; ;L219;TORINO;B;B5;TO00001043;6;Uffici;NORMALE;P;1200;2400;L;5,3;10,5;L;
NORD-OVEST;PIEMONTE;TO;1001272;A1AA; ;L219;TORINO;B;B6;TO00001044;20;Abitazioni civili;OTTIMO; ;3000;4500;L;12,4;18,6;L;
NORD-OVEST;PIEMONTE;TO;1001272;A1AA; ;L219;TORINO;B;B6;TO00001044;20;Abitazioni civili;NORMALE;P;2300;3400;L;7,9;11,8;L;
NORD-OVEST;PIEMONTE;TO;1001272;A1AA; ;L219;TORINO;B;B6;TO00001044;19;Abitazioni signorili;NORMALE;P;2400;3600;L;7;10,5;L;
NORD-OVEST;PIEMONTE;TO;1001272;A1AA; ;L219;TORINO;B;B6;TO00001044;13;Box;NORMALE;P;2250;3400;L;9;13,5;L;
NORD-OVEST;PIEMONTE;TO;1001272;A1AA; ;L219;TORINO;B;B6;TO00001044;14;Posti auto coperti;NORMALE;P;1500;2250;L;8,9;13,3;L;
NORD-OVEST;PIEMONTE;TO;1001272;A1AA; ;L219;TORINO;B;B6;TO00001044;15;Posti auto scoperti;NORMALE;P;1200;1800;L;8,4;12,6;L;
NORD-OVEST;PIEMONTE;TO;1001272;A1AA; ;L219;TORINO;B;B6;TO00001044;5;Negozi;OTTIMO; ;2300;4600;L;19;38;L;
NORD-OVEST;PIEMONTE;TO;1001272;A1AA; ;L219;TORINO;B;B6;TO00001044;5;Negozi;NORMALE;P;1100;2200;L;10,3;20,6;L;
NORD-OVEST;PIEMONTE;TO;1001272;A1AA; ;L219;TORINO;B;B6;TO00001044;6;Uffici;NORMALE;P;1650;3300;L;6,7;13,4;L;
NORD-OVEST;PIEMONTE;TO;1001272;A1AA; ;L219;TORINO;B;B7;TO00001045;20;Abitazioni civili;OTTIMO; ;2800;4200;L;11,8;17,8;L;
NORD-OVEST;PIEMONTE;TO;1001272;A1AA; ;L219;TORINO;B;B7;TO00001045;20;Abitazioni civili;NORMALE;P;1850;2800;L;7,2;10,8;L;
NORD-OVEST;PIEMONTE;TO;1001272;A1AA; ;L219;TORINO;B;B7;TO00001045;19;Abitazioni signorili;NORMALE;P;2750;4100;L;7,3;11;L;
NORD-OVEST;PIEMONTE;TO;1001272;A1AA; ;L219;TORINO;B;B7;TO00001045;13;Box;NORMALE;P;2800;4200;L;9,1;13,7;L;
NORD-OVEST;PIEMONTE;TO;1001272;A1AA; ;L219;TORINO;B;B7;TO00001045;14;Posti auto coperti;NORMALE;P;1900;2850;L;7,8;11,7;L;
NORD-OVEST;PIEMONTE;TO;1001272;A1AA; ;L219;TORINO;B;B7;TO00001045;15;Posti auto scoperti;NORMALE;P;1450;2200;L;8;12;L;
NORD-OVEST;PIEMONTE;TO;1001272;A1AA; ;L219;TORINO;B;B7;TO00001045;5;Negozi;OTTIMO; ;1900;3800;L;14,6;29,2;L;
NORD-OVEST;PIEMONTE;TO;1001272;A1AA; ;L219;TORINO;B;B7;TO00001045;5;Negozi;NORMALE;P;1100;2150;L;8,5;17;L;
NORD-OVEST;PIEMONTE;TO;1001272;A1AA; ;L219;TORINO;B;B7;TO00001045;6;Uffici;NORMALE;P;1350;2700;L;6;12;L;
NORD-OVEST;PIEMONTE;TO;1001272;A1AA; ;L219;TORINO;B;B8;TO00001046;20;Abitazioni civili;OTTIMO; ;2300;3400;L;11,4;17,1;L;
NORD-OVEST;PIEMONTE;TO;1001272;A1AA; ;L219;TORINO;B;B8;TO00001046;20;Abitazioni civili;NORMALE;P;1550;2350;L;7,5;11,3;L;
NORD-OVEST;PIEMONTE;TO;1001272;A1AA; ;L219;TORINO;B;B8;TO00001046;21;Abitazioni di tipo economico;NORMALE;P;1300;1950;L;7,2;10,8;L;
NORD-OVEST;PIEMONTE;TO;1001272;A1AA; ;L219;TORINO;B;B8;TO00001046;21;Abitazioni di tipo economico;OTTIMO; ;1950;2950;L;10,8;16,2;L;
NORD-OVEST;PIEMONTE;TO;1001272;A1AA; ;L219;TORINO;B;B8;TO00001046;13;Box;NORMALE;P;1600;2400;L;6,7;10,1;L;
NORD-OVEST;PIEMONTE;TO;1001272;A1AA; ;L219;TORINO;B;B8;TO00001046;14;Posti auto coperti;NORMALE;P;1150;1700;L;6,4;9,6;L;
NORD-OVEST;PIEMONTE;TO;1001272;A1AA; ;L219;TORINO;B;B8;TO00001046;15;Posti auto scoperti;NORMALE;P;930;1400;L;5,9;8,8;L;
NORD-OVEST;PIEMONTE;TO;1001272;A1AA; ;L219;TORINO;B;B8;TO00001046;5;Negozi;NORMALE;P;770;1500;L;8,4;16,8;L;
NORD-OVEST;PIEMONTE;TO;1001272;A1AA; ;L219;TORINO;B;B8;TO00001046;6;Uffici;NORMALE;P;950;1900;L;5,6;11,2;L;
NORD-OVEST;PIEMONTE;TO;1001272;A1AA; ;L219;TORINO;B;B9;TO00001047;20;Abitazioni civili;NORMALE;P;2250;3400;L;8;12;L;
NORD-OVEST;PIEMONTE;TO;1001272;A1AA; ;L219;TORINO;B;B9;TO00001047;19;Abitazioni signorili;NORMALE;P;2500;3700;L;8,8;13,2;L;
NORD-OVEST;PIEMONTE;TO;1001272;A1AA; ;L219;TORINO;B;B9;TO00001047;13;Box;NORMALE;P;2050;3100;L;9,7;14,6;L;
NORD-OVEST;PIEMONTE;TO;1001272;A1AA; ;L219;TORINO;B;B9;TO00001047;14;Posti auto coperti;NORMALE;P;1400;2100;L;7,5;11,3;L;
NORD-OVEST;PIEMONTE;TO;1001272;A1AA; ;L219;TORINO;B;B9;TO00001047;15;Posti auto scoperti;NORMALE;P;1100;1650;L;6,9;10,4;L;
NORD-OVEST;PIEMONTE;TO;1001272;A1AA; ;L219;TORINO;B;B9;TO00001047;6;Uffici;NORMALE;P;1800;3500;L;8,5;17;L;
NORD-OVEST;PIEMONTE;TO;1001272;A1AA; ;L219;TORINO;C;C1;TO00000038;20;Abitazioni civili;NORMALE;P;2100;3100;L;6,7;10;L;
NORD-OVEST;PIEMONTE;TO;1001272;A1AA; ;L219;TORINO;C;C1;TO00000038;20;Abitazioni civili;OTTIMO; ;2700;4100;L;9,8;14,6;L;
NORD-OVEST;PIEMONTE;TO;1001272;A1AA; ;L219;TORINO;C;C1;TO00000038;21;Abitazioni di tipo economico;NORMALE;P;1750;2600;L;6,8;10,2;L;
NORD-OVEST;PIEMONTE;TO;1001272;A1AA; ;L219;TORINO;C;C1;TO00000038;19;Abitazioni signorili;NORMALE;P;2300;3400;L;6,5;9,7;L;
NORD-OVEST;PIEMONTE;TO;1001272;A1AA; ;L219;TORINO;C;C1;TO00000038;19;Abitazioni signorili;OTTIMO; ;3000;4500;L;9,7;14,6;L;
NORD-OVEST;PIEMONTE;TO;1001272;A1AA; ;L219;TORINO;C;C1;TO00000038;13;Box;NORMALE;P;1400;2100;L;7,3;11;L;
NORD-OVEST;PIEMONTE;TO;1001272;A1AA; ;L219;TORINO;C;C1;TO00000038;14;Posti auto coperti;NORMALE;P;1150;1750;L;7,3;10,9;L;
NORD-OVEST;PIEMONTE;TO;1001272;A1AA; ;L219;TORINO;C;C1;TO00000038;15;Posti auto scoperti;NORMALE;P;860;1300;L;6,1;9,1;L;
NORD-OVEST;PIEMONTE;TO;1001272;A1AA; ;L219;TORINO;C;C1;TO00000038;5;Negozi;NORMALE;P;730;1450;L;5,5;11;L;
NORD-OVEST;PIEMONTE;TO;1001272;A1AA; ;L219;TORINO;C;C1;TO00000038;6;Uffici;NORMALE;P;1050;2050;L;5,8;11,6;L;
NORD-OVEST;PIEMONTE;TO;1001272;A1AA; ;L219;TORINO;C;C11;TO00001060;20;Abitazioni civili;OTTIMO; ;2900;4400;L;9;13,5;L;
NORD-OVEST;PIEMONTE;TO;1001272;A1AA; ;L219;TORINO;C;C11;TO00001060;20;Abitazioni civili;NORMALE;P;1750;2600;L;6,4;9,6;L;
NORD-OVEST;PIEMONTE;TO;1001272;A1AA; ;L219;TORINO;C;C11;TO00001060;21;Abitazioni di tipo economico;NORMALE;P;1650;2450;L;6,7;10;L;
NORD-OVEST;PIEMONTE;TO;1001272;A1AA; ;L219;TORINO;C;C11;TO00001060;19;Abitazioni signorili;NORMALE;P;2150;3200;L;6,5;9,7;L;
NORD-OVEST;PIEMONTE;TO;1001272;A1AA; ;L219;TORINO;C;C11;TO00001060;13;Box;NORMALE;P;1100;1650;L;5,2;7,8;L;
NORD-OVEST;PIEMONTE;TO;1001272;A1AA; ;L219;TORINO;C;C11;TO00001060;14;Posti auto coperti;NORMALE;P;850;1300;L;4,7;7,1;L;
NORD-OVEST;PIEMONTE;TO;1001272;A1AA; ;L219;TORINO;C;C11;TO00001060;15;Posti auto scoperti;NORMALE;P;650;970;L;4;6;L;
NORD-OVEST;PIEMONTE;TO;1001272;A1AA; ;L219;TORINO;C;C11;TO00001060;1;Ville e Villini;NORMALE;P;1800;2650;L;6,4;9,6;L;
NORD-OVEST;PIEMONTE;TO;1001272;A1AA; ;L219;TORINO;C;C11;TO00001060;5;Negozi;NORMALE;P;900;1800;L;8;16;L;
NORD-OVEST;PIEMONTE;TO;1001272;A1AA; ;L219;TORINO;C;C11;TO00001060;6;Uffici;NORMALE;P;850;1700;L;6;12;L;
NORD-OVEST;PIEMONTE;TO;1001272;A1AA; ;L219;TORINO;C;C12;TO00001061;20;Abitazioni civili;NORMALE;P;2350;3500;L;7,2;10,8;L;
NORD-OVEST;PIEMONTE;TO;1001272;A1AA; ;L219;TORINO;C;C12;TO00001061;19;Abitazioni signorili;OTTIMO; ;3300;5000;L;9;13,5;L;
NORD-OVEST;PIEMONTE;TO;1001272;A1AA; ;L219;TORINO;C;C12;TO00001061;19;Abitazioni signorili;NORMALE;P;2400;3600;L;6,3;9,4;L;
NORD-OVEST;PIEMONTE;TO;1001272;A1AA; ;L219;TORINO;C;C12;TO00001061;13;Box;NORMALE;P;1350;2050;L;7,3;11;L;
NORD-OVEST;PIEMONTE;TO;1001272;A1AA; ;L219;TORINO;C;C12;TO00001061;14;Posti auto coperti;NORMALE;P;1050;1600;L;8;12;L;
NORD-OVEST;PIEMONTE;TO;1001272;A1AA; ;L219;TORINO;C;C12;TO00001061;15;Posti auto scoperti;NORMALE;P;970;1450;L;6,4;9,5;L;
NORD-OVEST;PIEMONTE;TO;1001272;A1AA; ;L219;TORINO;C;C12;TO00001061;1;Ville e Villini;NORMALE;P;2400;3500;L;6,8;10,2;L;
NORD-OVEST;PIEMONTE;TO;1001272;A1AA; ;L219;TORINO;C;C12;TO00001061;5;Negozi;OTTIMO; ;1750;3500;L;13,8;27,6;L;
NORD-OVEST;PIEMONTE;TO;1001272;A1AA; ;L219;TORINO;C;C12;TO00001061;5;Negozi;NORMALE;P;950;1800;L;7,4;14,8;L;
NORD-OVEST;PIEMONTE;TO;1001272;A1AA; ;L219;TORINO;C;C12;TO00001061;6;Uffici;NORMALE;P;1150;2250;L;6,3;12,6;L;
NORD-OVEST;PIEMONTE;TO;1001272;A1AA; ;L219;TORINO;C;C15;TO00002120;20;Abitazioni civili;NORMALE;P;2100;3100;L;8,3;12,5;L;
NORD-OVEST;PIEMONTE;TO;1001272;A1AA; ;L219;TORINO;C;C15;TO00002120;19;Abitazioni signorili;NORMALE;P;2400;3600;L;6,9;10,4;L;
NORD-OVEST;PIEMONTE;TO;1001272;A1AA; ;L219;TORINO;C;C15;TO00002120;13;Box;NORMALE;P;1900;2850;L;8;12;L;
NORD-OVEST;PIEMONTE;TO;1001272;A1AA; ;L219;TORINO;C;C15;TO00002120;14;Posti auto coperti;NORMALE;P;1400;2100;L;7,5;11,3;L;
NORD-OVEST;PIEMONTE;TO;1001272;A1AA; ;L219;TORINO;C;C15;TO00002120;15;Posti auto scoperti;NORMALE;P;1100;1650;L;6,5;9,8;L;
NORD-OVEST;PIEMONTE;TO;1001272;A1AA; ;L219;TORINO;C;C15;TO00002120;1;Ville e Villini;NORMALE;P;2400;3600;L;6,7;10;L;
NORD-OVEST;PIEMONTE;TO;1001272;A1AA; ;L219;TORINO;C;C15;TO00002120;6;Uffici;NORMALE;P;1550;3100;L;7,5;15;L;
NORD-OVEST;PIEMONTE;TO;1001272;A1AA; ;L219;TORINO;C;C17;TO00009423;20;Abitazioni civili;NORMALE;P;1200;1800;L;5,7;8,6;L;
NORD-OVEST;PIEMONTE;TO;1001272;A1AA; ;L219;TORINO;C;C17;TO00009423;20;Abitazioni civili;OTTIMO; ;1700;2550;L;8,5;12,8;L;
NORD-OVEST;PIEMONTE;TO;1001272;A1AA; ;L219;TORINO;C;C17;TO00009423;21;Abitazioni di tipo economico;OTTIMO; ;1450;2200;L;8,2;12,3;L;
NORD-OVEST;PIEMONTE;TO;1001272;A1AA; ;L219;TORINO;C;C17;TO00009423;21;Abitazioni di tipo economico;NORMALE;P;960;1450;L;5,6;8,4;L;
NORD-OVEST;PIEMONTE;TO;1001272;A1AA; ;L219;TORINO;C;C17;TO00009423;13;Box;NORMALE;P;760;1150;L;4,2;6,3;L;
NORD-OVEST;PIEMONTE;TO;1001272;A1AA; ;L219;TORINO;C;C17;TO00009423;5;Negozi;OTTIMO; ;950;1900;L;8,2;16,4;L;
NORD-OVEST;PIEMONTE;TO;1001272;A1AA; ;L219;TORINO;C;C17;TO00009423;5;Negozi;NORMALE;P;480;960;L;5,2;10,4;L;
NORD-OVEST;PIEMONTE;TO;1001272;A1AA; ;L219;TORINO;C;C18;TO00009496;20;Abitazioni civili;NORMALE;P;1750;2650;L;6,7;10,1;L;
NORD-OVEST;PIEMONTE;TO;1001272;A1AA; ;L219;TORINO;C;C18;TO00009496;20;Abitazioni civili;OTTIMO; ;2650;3900;L;10,2;15,3;L;
NORD-OVEST;PIEMONTE;TO;1001272;A1AA; ;L219;TORINO;C;C18;TO00009496;21;Abitazioni di tipo economico;OTTIMO; ;1900;2900;L;9;13,5;L;
NORD-OVEST;PIEMONTE;TO;1001272;A1AA; ;L219;TORINO;C;C18;TO00009496;21;Abitazioni di tipo economico;NORMALE;P;1300;1950;L;6;9;L;
NORD-OVEST;PIEMONTE;TO;1001272;A1AA; ;L219;TORINO;C;C18;TO00009496;13;Box;NORMALE;P;1350;2050;L;5,8;8,8;L;
NORD-OVEST;PIEMONTE;TO;1001272;A1AA; ;L219;TORINO;C;C18;TO00009496;5;Negozi;NORMALE;P;650;1300;L;7,1;14,2;L;
NORD-OVEST;PIEMONTE;TO;1001272;A1AA; ;L219;TORINO;C;C18;TO00009496;6;Uffici;NORMALE;P;930;1850;L;5,4;10,8;L;
NORD-OVEST;PIEMONTE;TO;1001272;A1AA; ;L219;TORINO;C;C19;TO00009520;20;Abitazioni civili;NORMALE;P;1250;1900;L;6;9;L;
NORD-OVEST;PIEMONTE;TO;1001272;A1AA; ;L219;TORINO;C;C19;TO00009520;20;Abitazioni civili;OTTIMO; ;1950;2950;L;9;13,5;L;
NORD-OVEST;PIEMONTE;TO;1001272;A1AA; ;L219;TORINO;C;C19;TO00009520;21;Abitazioni di tipo economico;NORMALE;P;800;1200;L;5,4;8,2;L;
NORD-OVEST;PIEMONTE;TO;1001272;A1AA; ;L219;TORINO;C;C19;TO00009520;21;Abitazioni di tipo economico;OTTIMO; ;1250;1850;L;8;12;L;
NORD-OVEST;PIEMONTE;TO;1001272;A1AA; ;L219;TORINO;C;C19;TO00009520;13;Box;NORMALE;P;800;1200;L;4,7;7,1;L;
NORD-OVEST;PIEMONTE;TO;1001272;A1AA; ;L219;TORINO;C;C19;TO00009520;5;Negozi;NORMALE;P;450;900;L;5,5;11;L;
NORD-OVEST;PIEMONTE;TO;1001272;A1AA; ;L219;TORINO;C;C19;TO00009520;6;Uffici;NORMALE;P;580;1150;L;5,1;10,2;L;
NORD-OVEST;PIEMONTE;TO;1001272;A1AA; ;L219;TORINO;C;C2;TO00001051;20;Abitazioni civili;OTTIMO; ;2300;3400;L;9,4;14;L;
NORD-OVEST;PIEMONTE;TO;1001272;A1AA; ;L219;TORINO;C;C2;TO00001051;20;Abitazioni civili;NORMALE;P;1700;2500;L;6,4;9,6;L;
NORD-OVEST;PIEMONTE;TO;1001272;A1AA; ;L219;TORINO;C;C2;TO00001051;21;Abitazioni di tipo economico;NORMALE;P;1350;2000;L;6;9;L;
NORD-OVEST;PIEMONTE;TO;1001272;A1AA; ;L219;TORINO;C;C2;TO00001051;21;Abitazioni di tipo economico;OTTIMO; ;2000;3000;L;8,9;13,4;L;
NORD-OVEST;PIEMONTE;TO;1001272;A1AA; ;L219;TORINO;C;C2;TO00001051;13;Box;NORMALE;P;1450;2200;L;6,1;9,2;L;
NORD-OVEST;PIEMONTE;TO;1001272;A1AA; ;L219;TORINO;C;C2;TO00001051;14;Posti auto coperti;NORMALE;P;1100;1650;L;6;9;L;
NORD-OVEST;PIEMONTE;TO;1001272;A1AA; ;L219;TORINO;C;C2;TO00001051;15;Posti auto scoperti;NORMALE;P;730;1100;L;4,3;6,5;L;
NORD-OVEST;PIEMONTE;TO;1001272;A1AA; ;L219;TORINO;C;C2;TO00001051;5;Negozi;OTTIMO; ;1050;2050;L;10,7;21,4;L;
NORD-OVEST;PIEMONTE;TO;1001272;A1AA; ;L219;TORINO;C;C2;TO00001051;5;Negozi;NORMALE;P;580;1150;L;6,4;12,8;L;
NORD-OVEST;PIEMONTE;TO;1001272;A1AA; ;L219;TORINO;C;C2;TO00001051;6;Uffici;NORMALE;P;900;1800;L;6,4;12,8;L;
NORD-OVEST;PIEMONTE;TO;1001272;A1AA; ;L219;TORINO;C;C20;TO00010496;20;Abitazioni civili;NORMALE;P;1550;2350;L;5,9;8,9;L;
NORD-OVEST;PIEMONTE;TO;1001272;A1AA; ;L219;TORINO;C;C20;TO00010496;20;Abitazioni civili;OTTIMO; ;2300;3500;L;8,8;13,2;L;
NORD-OVEST;PIEMONTE;TO;1001272;A1AA; ;L219;TORINO;C;C20;TO00010496;21;Abitazioni di tipo economico;NORMALE;P;1300;1950;L;5,4;8;L;
NORD-OVEST;PIEMONTE;TO;1001272;A1AA; ;L219;TORINO;C;C20;TO00010496;21;Abitazioni di tipo economico;OTTIMO; ;1800;2700;L;7,8;11,8;L;
NORD-OVEST;PIEMONTE;TO;1001272;A1AA; ;L219;TORINO;C;C20;TO00010496;13;Box;NORMALE;P;970;1450;L;4,6;7;L;
NORD-OVEST;PIEMONTE;TO;1001272;A1AA; ;L219;TORINO;C;C20;TO00010496;5;Negozi;NORMALE;P;650;1300;L;7,3;14,6;L;
NORD-OVEST;PIEMONTE;TO;1001272;A1AA; ;L219;TORINO;C;C21;TO00010546;20;Abitazioni civili;NORMALE;P;1350;2050;L;5,3;8;L;
NORD-OVEST;PIEMONTE;TO;1001272;A1AA; ;L219;TORINO;C;C21;TO00010546;20;Abitazioni civili;OTTIMO; ;2100;3100;L;7,8;11,7;L;
NORD-OVEST;PIEMONTE;TO;1001272;A1AA; ;L219;TORINO;C;C21;TO00010546;21;Abitazioni di tipo economico;NORMALE;P;1100;1650;L;5,2;7,8;L;
NORD-OVEST;PIEMONTE;TO;1001272;A1AA; ;L219;TORINO;C;C21;TO00010546;21;Abitazioni di tipo economico;OTTIMO; ;1600;2400;L;7,6;11,5;L;
NORD-OVEST;PIEMONTE;TO;1001272;A1AA; ;L219;TORINO;C;C21;TO00010546;13;Box;NORMALE;P;1100;1650;L;5,2;7,8;L;
NORD-OVEST;PIEMONTE;TO;1001272;A1AA; ;L219;TORINO;C;C21;TO00010546;5;Negozi;NORMALE;P;650;1300;L;7,5;15;L;
NORD-OVEST;PIEMONTE;TO;1001272;A1AA; ;L219;TORINO;C;C21;TO00010546;6;Uffici;NORMALE;P;750;1500;L;4,9;9,8;L;
NORD-OVEST;PIEMONTE;TO;1001272;A1AA; ;L219;TORINO;C;C22;TO00010578;20;Abitazioni civili;NORMALE;P;1650;2450;L;6;9;L;
NORD-OVEST;PIEMONTE;TO;1001272;A1AA; ;L219;TORINO;C;C22;TO00010578;20;Abitazioni civili;OTTIMO; ;2400;3600;L;9,3;14;L;
NORD-OVEST;PIEMONTE;TO;1001272;A1AA; ;L219;TORINO;C;C22;TO00010578;21;Abitazioni di tipo economico;OTTIMO; ;2000;3000;L;9,1;13,7;L;
NORD-OVEST;PIEMONTE;TO;1001272;A1AA; ;L219;TORINO;C;C22;TO00010578;21;Abitazioni di tipo economico;NORMALE;P;1400;2100;L;5,8;8,7;L;
NORD-OVEST;PIEMONTE;TO;1001272;A1AA; ;L219;TORINO;C;C22;TO00010578;13;Box;NORMALE;P;1250;1850;L;5,2;7,8;L;
NORD-OVEST;PIEMONTE;TO;1001272;A1AA; ;L219;TORINO;C;C22;TO00010578;5;Negozi;NORMALE;P;700;1400;L;8;16;L;
NORD-OVEST;PIEMONTE;TO;1001272;A1AA; ;L219;TORINO;C;C22;TO00010578;6;Uffici;NORMALE;P;880;1750;L;6;12;L;
NORD-OVEST;PIEMONTE;TO;1001272;A1AA; ;L219;TORINO;C;C23;TO00010587;20;Abitazioni civili;OTTIMO; ;2400;3600;L;8,7;13,1;L;
NORD-OVEST;PIEMONTE;TO;1001272;A1AA; ;L219;TORINO;C;C23;TO00010587;20;Abitazioni civili;NORMALE;P;1700;2550;L;6;9;L;
NORD-OVEST;PIEMONTE;TO;1001272;A1AA; ;L219;TORINO;C;C23;TO00010587;21;Abitazioni di tipo economico;OTTIMO; ;1600;2400;L;8,2;12,3;L;
NORD-OVEST;PIEMONTE;TO;1001272;A1AA; ;L219;TORINO;C;C23;TO00010587;21;Abitazioni di tipo economico;NORMALE;P;1100;1650;L;5,7;8,6;L;
NORD-OVEST;PIEMONTE;TO;1001272;A1AA; ;L219;TORINO;C;C23;TO00010587;13;Box;NORMALE;P;970;1450;L;4,9;7,4;L;
NORD-OVEST;PIEMONTE;TO;1001272;A1AA; ;L219;TORINO;C;C23;TO00010587;5;Negozi;NORMALE;P;600;1200;L;8;16;L;
NORD-OVEST;PIEMONTE;TO;1001272;A1AA; ;L219;TORINO;C;C23;TO00010587;6;Uffici;NORMALE;P;800;1600;L;4,6;9,2;L;
NORD-OVEST;PIEMONTE;TO;1001272;A1AA; ;L219;TORINO;C;C23;TO00010587;10;Laboratori;NORMALE;P;410;820;L;2,8;5,6;L;
NORD-OVEST;PIEMONTE;TO;1001272;A1AA; ;L219;TORINO;C;C24;TO00010589;20;Abitazioni civili;NORMALE;P;1700;2600;L;5,5;8,3;L;
NORD-OVEST;PIEMONTE;TO;1001272;A1AA; ;L219;TORINO;C;C24;TO00010589;20;Abitazioni civili;OTTIMO; ;2600;3900;L;8,5;12,7;L;
NORD-OVEST;PIEMONTE;TO;1001272;A1AA; ;L219;TORINO;C;C24;TO00010589;21;Abitazioni di tipo economico;OTTIMO; ;1600;2400;L;8,1;12,1;L;
NORD-OVEST;PIEMONTE;TO;1001272;A1AA; ;L219;TORINO;C;C24;TO00010589;21;Abitazioni di tipo economico;NORMALE;P;1050;1600;L;5,4;8,1;L;
NORD-OVEST;PIEMONTE;TO;1001272;A1AA; ;L219;TORINO;C;C24;TO00010589;13;Box;NORMALE;P;860;1300;L;4,9;7,4;L;
NORD-OVEST;PIEMONTE;TO;1001272;A1AA; ;L219;TORINO;C;C24;TO00010589;5;Negozi;NORMALE;P;580;1150;L;6,5;13;L;
NORD-OVEST;PIEMONTE;TO;1001272;A1AA; ;L219;TORINO;C;C24;TO00010589;6;Uffici;NORMALE;P;780;1550;L;4,8;9,6;L;
NORD-OVEST;PIEMONTE;TO;1001272;A1AA; ;L219;TORINO;C;C24;TO00010589;10;Laboratori;NORMALE;P;360;720;L;2,8;5,6;L;
NORD-OVEST;PIEMONTE;TO;1001272;A1AA; ;L219;TORINO;C;C3;TO00001052;20;Abitazioni civili;OTTIMO; ;2300;3400;L;9,3;13,9;L;
NORD-OVEST;PIEMONTE;TO;1001272;A1AA; ;L219;TORINO;C;C3;TO00001052;20;Abitazioni civili;NORMALE;P;1700;2500;L;6,8;10,2;L;
NORD-OVEST;PIEMONTE;TO;1001272;A1AA; ;L219;TORINO;C;C3;TO00001052;21;Abitazioni di tipo economico;NORMALE;P;1500;2200;L;6,5;9,7;L;
NORD-OVEST;PIEMONTE;TO;1001272;A1AA; ;L219;TORINO;C;C3;TO00001052;13;Box;NORMALE;P;1550;2350;L;6,2;9,3;L;
NORD-OVEST;PIEMONTE;TO;1001272;A1AA; ;L219;TORINO;C;C3;TO00001052;14;Posti auto coperti;NORMALE;P;1150;1700;L;6,3;9,4;L;
NORD-OVEST;PIEMONTE;TO;1001272;A1AA; ;L219;TORINO;C;C3;TO00001052;15;Posti auto scoperti;NORMALE;P;930;1350;L;5,2;7,7;L;
NORD-OVEST;PIEMONTE;TO;1001272;A1AA; ;L219;TORINO;C;C3;TO00001052;5;Negozi;NORMALE;P;780;1550;L;6,9;13,8;L;
NORD-OVEST;PIEMONTE;TO;1001272;A1AA; ;L219;TORINO;C;C3;TO00001052;6;Uffici;NORMALE;P;900;1800;L;5,4;10,8;L;
NORD-OVEST;PIEMONTE;TO;1001272;A1AA; ;L219;TORINO;C;C4;TO00001053;20;Abitazioni civili;NORMALE;P;1800;2700;L;6,1;9,1;L;
NORD-OVEST;PIEMONTE;TO;1001272;A1AA; ;L219;TORINO;C;C4;TO00001053;20;Abitazioni civili;OTTIMO; ;2550;3800;L;9;13,5;L;
NORD-OVEST;PIEMONTE;TO;1001272;A1AA; ;L219;TORINO;C;C4;TO00001053;19;Abitazioni signorili;OTTIMO; ;2600;3900;L;8,2;12,4;L;
NORD-OVEST;PIEMONTE;TO;1001272;A1AA; ;L219;TORINO;C;C4;TO00001053;19;Abitazioni signorili;NORMALE;P;1900;2800;L;5,4;8,1;L;
NORD-OVEST;PIEMONTE;TO;1001272;A1AA; ;L219;TORINO;C;C4;TO00001053;13;Box;NORMALE;P;1550;2350;L;6,8;10,2;L;
NORD-OVEST;PIEMONTE;TO;1001272;A1AA; ;L219;TORINO;C;C4;TO00001053;14;Posti auto coperti;NORMALE;P;1000;1500;L;6;9;L;
NORD-OVEST;PIEMONTE;TO;1001272;A1AA; ;L219;TORINO;C;C4;TO00001053;15;Posti auto scoperti;NORMALE;P;760;1150;L;4,4;6,6;L;
NORD-OVEST;PIEMONTE;TO;1001272;A1AA; ;L219;TORINO;C;C4;TO00001053;5;Negozi;NORMALE;P;800;1600;L;8,4;16,7;L;
NORD-OVEST;PIEMONTE;TO;1001272;A1AA; ;L219;TORINO;C;C4;TO00001053;6;Uffici;NORMALE;P;1350;2550;L;6,5;13;L;
NORD-OVEST;PIEMONTE;TO;1001272;A1AA; ;L219;TORINO;C;C5;TO00001054;20;Abitazioni civili;OTTIMO; ;2450;3700;L;8,3;12,5;L;
NORD-OVEST;PIEMONTE;TO;1001272;A1AA; ;L219;TORINO;C;C5;TO00001054;20;Abitazioni civili;NORMALE;P;2050;3100;L;6,3;9,5;L;
NORD-OVEST;PIEMONTE;TO;1001272;A1AA; ;L219;TORINO;C;C5;TO00001054;21;Abitazioni di tipo economico;NORMALE;P;1750;2450;L;7;10,5;L;
NORD-OVEST;PIEMONTE;TO;1001272;A1AA; ;L219;TORINO;C;C5;TO00001054;19;Abitazioni signorili;NORMALE;P;2150;3200;L;5,9;8,8;L;
NORD-OVEST;PIEMONTE;TO;1001272;A1AA; ;L219;TORINO;C;C5;TO00001054;13;Box;NORMALE;P;1450;2200;L;5,7;8,6;L;
NORD-OVEST;PIEMONTE;TO;1001272;A1AA; ;L219;TORINO;C;C5;TO00001054;14;Posti auto coperti;NORMALE;P;1000;1500;L;6;9,1;L;
NORD-OVEST;PIEMONTE;TO;1001272;A1AA; ;L219;TORINO;C;C5;TO00001054;5;Negozi;OTTIMO; ;1400;2750;L;12,6;25,2;L;
NORD-OVEST;PIEMONTE;TO;1001272;A1AA; ;L219;TORINO;C;C5;TO00001054;5;Negozi;NORMALE;P;850;1700;L;8,2;16,4;L;
NORD-OVEST;PIEMONTE;TO;1001272;A1AA; ;L219;TORINO;C;C5;TO00001054;6;Uffici;NORMALE;P;1100;2150;L;5;10;L;
NORD-OVEST;PIEMONTE;TO;1001272;A1AA; ;L219;TORINO;C;C5;TO00001054;6;Uffici;OTTIMO; ;1350;2700;L;7;14;L;
NORD-OVEST;PIEMONTE;TO;1001272;A1AA; ;L219;TORINO;C;C6;TO00001055;20;Abitazioni civili;NORMALE;P;2000;3000;L;7;10,5;L;
NORD-OVEST;PIEMONTE;TO;1001272;A1AA; ;L219;TORINO;C;C6;TO00001055;13;Box;NORMALE;P;1250;1850;L;4,4;6,6;L;
NORD-OVEST;PIEMONTE;TO;1001272;A1AA; ;L219;TORINO;C;C6;TO00001055;6;Uffici;NORMALE;P;1200;2400;L;6,3;12,6;L;
NORD-OVEST;PIEMONTE;TO;1001272;A1AA; ;L219;TORINO;C;C7;TO00001056;20;Abitazioni civili;OTTIMO; ;2700;3800;L;8,1;12,1;L;
NORD-OVEST;PIEMONTE;TO;1001272;A1AA; ;L219;TORINO;C;C7;TO00001056;20;Abitazioni civili;NORMALE;P;1900;2800;L;5,8;8,7;L;
NORD-OVEST;PIEMONTE;TO;1001272;A1AA; ;L219;TORINO;C;C7;TO00001056;21;Abitazioni di tipo economico;NORMALE;P;1650;2450;L;6,2;9,3;L;
NORD-OVEST;PIEMONTE;TO;1001272;A1AA; ;L219;TORINO;C;C7;TO00001056;19;Abitazioni signorili;NORMALE;P;2000;3000;L;5,4;8,1;L;
NORD-OVEST;PIEMONTE;TO;1001272;A1AA; ;L219;TORINO;C;C7;TO00001056;13;Box;NORMALE;P;1500;2250;L;6;9;L;
NORD-OVEST;PIEMONTE;TO;1001272;A1AA; ;L219;TORINO;C;C7;TO00001056;14;Posti auto coperti;NORMALE;P;1150;1750;L;7,2;10,8;L;
NORD-OVEST;PIEMONTE;TO;1001272;A1AA; ;L219;TORINO;C;C7;TO00001056;15;Posti auto scoperti;NORMALE;P;850;1250;L;4,7;7;L;
NORD-OVEST;PIEMONTE;TO;1001272;A1AA; ;L219;TORINO;C;C7;TO00001056;5;Negozi;NORMALE;P;1050;2050;L;8,5;17;L;
NORD-OVEST;PIEMONTE;TO;1001272;A1AA; ;L219;TORINO;C;C7;TO00001056;6;Uffici;NORMALE;P;1300;2550;L;5,5;11;L;
NORD-OVEST;PIEMONTE;TO;1001272;A1AA; ;L219;TORINO;C;C8;TO00001057;20;Abitazioni civili;NORMALE;P;1600;2400;L;6,9;10,4;L;
NORD-OVEST;PIEMONTE;TO;1001272;A1AA; ;L219;TORINO;C;C8;TO00001057;21;Abitazioni di tipo economico;NORMALE;P;1150;1750;L;6,3;9,5;L;
NORD-OVEST;PIEMONTE;TO;1001272;A1AA; ;L219;TORINO;C;C8;TO00001057;13;Box;NORMALE;P;1000;1500;L;5,4;8,1;L;
NORD-OVEST;PIEMONTE;TO;1001272;A1AA; ;L219;TORINO;C;C8;TO00001057;5;Negozi;NORMALE;P;500;1000;L;5,9;11,8;L;
NORD-OVEST;PIEMONTE;TO;1001272;A1AA; ;L219;TORINO;C;C8;TO00001057;5;Negozi;OTTIMO; ;970;1700;L;8,3;16,6;L;
NORD-OVEST;PIEMONTE;TO;1001272;A1AA; ;L219;TORINO;C;C8;TO00001057;6;Uffici;NORMALE;P;730;1450;L;5;10;L;
NORD-OVEST;PIEMONTE;TO;1001272;A1AA; ;L219;TORINO;D;D10;TO00001073;20;Abitazioni civili;OTTIMO; ;1700;2500;L;7,6;11,4;L;
NORD-OVEST;PIEMONTE;TO;1001272;A1AA; ;L219;TORINO;D;D10;TO00001073;20;Abitazioni civili;NORMALE;P;1200;1800;L;5,2;7,8;L;
NORD-OVEST;PIEMONTE;TO;1001272;A1AA; ;L219;TORINO;D;D10;TO00001073;21;Abitazioni di tipo economico;NORMALE;P;670;1000;L;4,7;7;L;
NORD-OVEST;PIEMONTE;TO;1001272;A1AA; ;L219;TORINO;D;D10;TO00001073;21;Abitazioni di tipo economico;OTTIMO; ;1000;1500;L;7,1;10,7;L;
NORD-OVEST;PIEMONTE;TO;1001272;A1AA; ;L219;TORINO;D;D10;TO00001073;13;Box;NORMALE;P;660;1000;L;4,4;6,6;L;
NORD-OVEST;PIEMONTE;TO;1001272;A1AA; ;L219;TORINO;D;D10;TO00001073;14;Posti auto coperti;NORMALE;P;530;800;L;4,7;7;L;
NORD-OVEST;PIEMONTE;TO;1001272;A1AA; ;L219;TORINO;D;D10;TO00001073;15;Posti auto scoperti;NORMALE;P;400;600;L;3,4;5,1;L;
NORD-OVEST;PIEMONTE;TO;1001272;A1AA; ;L219;TORINO;D;D10;TO00001073;5;Negozi;NORMALE;P;500;1000;L;5,8;11,6;L;
NORD-OVEST;PIEMONTE;TO;1001272;A1AA; ;L219;TORINO;D;D10;TO00001073;6;Uffici;NORMALE;P;500;1000;L;4,2;8,4;L;
NORD-OVEST;PIEMONTE;TO;1001272;A1AA; ;L219;TORINO;D;D10;TO00001073;7;Capannoni tipici;NORMALE;P;210;420;L;1,7;3,4;L;
NORD-OVEST;PIEMONTE;TO;1001272;A1AA; ;L219;TORINO;D;D11;TO00001074;20;Abitazioni civili;NORMALE;P;1050;1600;L;4,4;6,6;L;
NORD-OVEST;PIEMONTE;TO;1001272;A1AA; ;L219;TORINO;D;D11;TO00001074;20;Abitazioni civili;OTTIMO; ;1600;2400;L;6,3;9,4;L;
NORD-OVEST;PIEMONTE;TO;1001272;A1AA; ;L219;TORINO;D;D11;TO00001074;21;Abitazioni di tipo economico;NORMALE;P;760;1150;L;3,9;5,9;L;
NORD-OVEST;PIEMONTE;TO;1001272;A1AA; ;L219;TORINO;D;D11;TO00001074;13;Box;NORMALE;P;730;1100;L;4;6;L;
NORD-OVEST;PIEMONTE;TO;1001272;A1AA; ;L219;TORINO;D;D15;TO00001071;20;Abitazioni civili;OTTIMO; ;1700;2500;L;6,6;9,9;L;
NORD-OVEST;PIEMONTE;TO;1001272;A1AA; ;L219;TORINO;D;D15;TO00001071;20;Abitazioni civili;NORMALE;P;1250;1850;L;5;7,5;L;
NORD-OVEST;PIEMONTE;TO;1001272;A1AA; ;L219;TORINO;D;D15;TO00001071;21;Abitazioni di tipo economico;OTTIMO; ;1100;1650;L;6,5;9,8;L;
NORD-OVEST;PIEMONTE;TO;1001272;A1AA; ;L219;TORINO;D;D15;TO00001071;21;Abitazioni di tipo economico;NORMALE;P;730;1100;L;4,3;6,5;L;
NORD-OVEST;PIEMONTE;TO;1001272;A1AA; ;L219;TORINO;D;D15;TO00001071;13;Box;NORMALE;P;640;960;L;3,8;5,7;L;
NORD-OVEST;PIEMONTE;TO;1001272;A1AA; ;L219;TORINO;D;D15;TO00001071;5;Negozi;NORMALE;P;480;960;L;5,1;10,2;L;
NORD-OVEST;PIEMONTE;TO;1001272;A1AA; ;L219;TORINO;D;D15;TO00001071;6;Uffici;NORMALE;P;570;1100;L;3,7;7,4;L;
NORD-OVEST;PIEMONTE;TO;1001272;A1AA; ;L219;TORINO;D;D15;TO00001071;8;Capannoni industriali;NORMALE;P;170;320;L;1,4;2,6;L;
NORD-OVEST;PIEMONTE;TO;1001272;A1AA; ;L219;TORINO;D;D15;TO00001071;7;Capannoni tipici;NORMALE;P;200;390;L;1,7;3,4;L;
NORD-OVEST;PIEMONTE;TO;1001272;A1AA; ;L219;TORINO;D;D16;TO00009366;20;Abitazioni civili;OTTIMO; ;2000;3000;L;8,6;12,9;L;
NORD-OVEST;PIEMONTE;TO;1001272;A1AA; ;L219;TORINO;D;D16;TO00009366;20;Abitazioni civili;NORMALE;P;1350;2050;L;6;9;L;
NORD-OVEST;PIEMONTE;TO;1001272;A1AA; ;L219;TORINO;D;D16;TO00009366;21;Abitazioni di tipo economico;NORMALE;P;1000;1500;L;5,6;8,4;L;
NORD-OVEST;PIEMONTE;TO;1001272;A1AA; ;L219;TORINO;D;D16;TO00009366;21;Abitazioni di tipo economico;OTTIMO; ;1350;2050;L;8,1;12,2;L;
NORD-OVEST;PIEMONTE;TO;1001272;A1AA; ;L219;TORINO;D;D16;TO00009366;13;Box;NORMALE;P;930;1400;L;4,5;6,8;L;
NORD-OVEST;PIEMONTE;TO;1001272;A1AA; ;L219;TORINO;D;D16;TO00009366;5;Negozi;OTTIMO; ;1050;2100;L;10;20;L;
NORD-OVEST;PIEMONTE;TO;1001272;A1AA; ;L219;TORINO;D;D16;TO00009366;5;Negozi;NORMALE;P;630;1250;L;5,9;11,8;L;
NORD-OVEST;PIEMONTE;TO;1001272;A1AA; ;L219;TORINO;D;D16;TO00009366;6;Uffici;NORMALE;P;700;1400;L;4,9;9,8;L;
NORD-OVEST;PIEMONTE;TO;1001272;A1AA; ;L219;TORINO;D;D17;TO00009374;20;Abitazioni civili;NORMALE;P;1150;1700;L;5,4;8,2;L;
NORD-OVEST;PIEMONTE;TO;1001272;A1AA; ;L219;TORINO;D;D17;TO00009374;20;Abitazioni civili;OTTIMO; ;1700;2550;L;8,2;12,4;L;
NORD-OVEST;PIEMONTE;TO;1001272;A1AA; ;L219;TORINO;D;D17;TO00009374;21;Abitazioni di tipo economico;NORMALE;P;860;1300;L;5;7,5;L;
NORD-OVEST;PIEMONTE;TO;1001272;A1AA; ;L219;TORINO;D;D17;TO00009374;21;Abitazioni di tipo economico;OTTIMO; ;1250;1900;L;7,5;11,3;L;
NORD-OVEST;PIEMONTE;TO;1001272;A1AA; ;L219;TORINO;D;D17;TO00009374;13;Box;NORMALE;P;830;1250;L;4,5;6,8;L;
NORD-OVEST;PIEMONTE;TO;1001272;A1AA; ;L219;TORINO;D;D17;TO00009374;5;Negozi;NORMALE;P;550;1100;L;6,7;13,4;L;
NORD-OVEST;PIEMONTE;TO;1001272;A1AA; ;L219;TORINO;D;D17;TO00009374;6;Uffici;NORMALE;P;700;1400;L;5,1;10,2;L;
NORD-OVEST;PIEMONTE;TO;1001272;A1AA; ;L219;TORINO;D;D18;TO00009415;20;Abitazioni civili;OTTIMO; ;2150;3200;L;8,7;13;L;
NORD-OVEST;PIEMONTE;TO;1001272;A1AA; ;L219;TORINO;D;D18;TO00009415;20;Abitazioni civili;NORMALE;P;1400;2100;L;5,9;8,9;L;
NORD-OVEST;PIEMONTE;TO;1001272;A1AA; ;L219;TORINO;D;D18;TO00009415;21;Abitazioni di tipo economico;OTTIMO; ;1550;2350;L;8;12,1;L;
NORD-OVEST;PIEMONTE;TO;1001272;A1AA; ;L219;TORINO;D;D18;TO00009415;21;Abitazioni di tipo economico;NORMALE;P;1050;1550;L;5,3;8;L;
NORD-OVEST;PIEMONTE;TO;1001272;A1AA; ;L219;TORINO;D;D18;TO00009415;13;Box;NORMALE;P;1000;1500;L;5,1;7,7;L;
NORD-OVEST;PIEMONTE;TO;1001272;A1AA; ;L219;TORINO;D;D18;TO00009415;5;Negozi;OTTIMO; ;1100;2200;L;11,8;23,6;L;
NORD-OVEST;PIEMONTE;TO;1001272;A1AA; ;L219;TORINO;D;D18;TO00009415;5;Negozi;NORMALE;P;550;1100;L;6,4;12,8;L;
NORD-OVEST;PIEMONTE;TO;1001272;A1AA; ;L219;TORINO;D;D18;TO00009415;6;Uffici;NORMALE;P;730;1450;L;5,7;11,4;L;
NORD-OVEST;PIEMONTE;TO;1001272;A1AA; ;L219;TORINO;D;D19;TO00009416;20;Abitazioni civili;NORMALE;P;1100;1650;L;5,2;7,8;L;
NORD-OVEST;PIEMONTE;TO;1001272;A1AA; ;L219;TORINO;D;D19;TO00009416;20;Abitazioni civili;OTTIMO; ;1700;2550;L;7,8;11,8;L;
NORD-OVEST;PIEMONTE;TO;1001272;A1AA; ;L219;TORINO;D;D19;TO00009416;21;Abitazioni di tipo economico;OTTIMO; ;1350;2000;L;7,5;11,3;L;
NORD-OVEST;PIEMONTE;TO;1001272;A1AA; ;L219;TORINO;D;D19;TO00009416;21;Abitazioni di tipo economico;NORMALE;P;900;1350;L;5;7,5;L;
NORD-OVEST;PIEMONTE;TO;1001272;A1AA; ;L219;TORINO;D;D19;TO00009416;13;Box;NORMALE;P;770;1150;L;4,5;6,7;L;
NORD-OVEST;PIEMONTE;TO;1001272;A1AA; ;L219;TORINO;D;D19;TO00009416;5;Negozi;NORMALE;P;530;1050;L;6,1;12,2;L;
NORD-OVEST;PIEMONTE;TO;1001272;A1AA; ;L219;TORINO;D;D19;TO00009416;6;Uffici;NORMALE;P;700;1400;L;4,8;9,6;L;
NORD-OVEST;PIEMONTE;TO;1001272;A1AA; ;L219;TORINO;D;D20;TO00009550;20;Abitazioni civili;NORMALE;P;800;1200;L;5,4;8,1;L;
NORD-OVEST;PIEMONTE;TO;1001272;A1AA; ;L219;TORINO;D;D20;TO00009550;20;Abitazioni civili;OTTIMO; ;1250;1850;L;7,4;11,1;L;
NORD-OVEST;PIEMONTE;TO;1001272;A1AA; ;L219;TORINO;D;D20;TO00009550;21;Abitazioni di tipo economico;OTTIMO; ;870;1300;L;6,3;9,5;L;
NORD-OVEST;PIEMONTE;TO;1001272;A1AA; ;L219;TORINO;D;D20;TO00009550;21;Abitazioni di tipo economico;NORMALE;P;570;860;L;4,3;6,5;L;
NORD-OVEST;PIEMONTE;TO;1001272;A1AA; ;L219;TORINO;D;D20;TO00009550;13;Box;NORMALE;P;670;1000;L;4,6;6,9;L;
NORD-OVEST;PIEMONTE;TO;1001272;A1AA; ;L219;TORINO;D;D20;TO00009550;5;Negozi;NORMALE;P;400;800;L;5,8;11,6;L;
NORD-OVEST;PIEMONTE;TO;1001272;A1AA; ;L219;TORINO;D;D20;TO00009550;6;Uffici;NORMALE;P;530;1050;L;4,7;9,4;L;
NORD-OVEST;PIEMONTE;TO;1001272;A1AA; ;L219;TORINO;D;D21;TO00009555;20;Abitazioni civili;NORMALE;P;830;1250;L;4,9;7,3;L;
NORD-OVEST;PIEMONTE;TO;1001272;A1AA; ;L219;TORINO;D;D21;TO00009555;20;Abitazioni civili;OTTIMO; ;1300;1950;L;7;10,5;L;
NORD-OVEST;PIEMONTE;TO;1001272;A1AA; ;L219;TORINO;D;D21;TO00009555;21;Abitazioni di tipo economico;OTTIMO; ;970;1450;L;6,3;9,4;L;
NORD-OVEST;PIEMONTE;TO;1001272;A1AA; ;L219;TORINO;D;D21;TO00009555;21;Abitazioni di tipo economico;NORMALE;P;660;990;L;4,4;6,6;L;
NORD-OVEST;PIEMONTE;TO;1001272;A1AA; ;L219;TORINO;D;D21;TO00009555;13;Box;NORMALE;P;660;990;L;3,9;5,8;L;
NORD-OVEST;PIEMONTE;TO;1001272;A1AA; ;L219;TORINO;D;D21;TO00009555;5;Negozi;NORMALE;P;420;840;L;5,4;10,8;L;
NORD-OVEST;PIEMONTE;TO;1001272;A1AA; ;L219;TORINO;D;D21;TO00009555;6;Uffici;NORMALE;P;580;1150;L;4,7;9,4;L;
NORD-OVEST;PIEMONTE;TO;1001272;A1AA; ;L219;TORINO;D;D21;TO00009555;8;Capannoni industriali;NORMALE;P;190;380;L;1,8;3,6;L;
NORD-OVEST;PIEMONTE;TO;1001272;A1AA; ;L219;TORINO;D;D21;TO00009555;7;Capannoni tipici;NORMALE;P;230;460;L;1,9;3,8;L;
NORD-OVEST;PIEMONTE;TO;1001272;A1AA; ;L219;TORINO;D;D22;TO00009566;20;Abitazioni civili;OTTIMO; ;1450;2200;L;7,8;11,7;L;
NORD-OVEST;PIEMONTE;TO;1001272;A1AA; ;L219;TORINO;D;D22;TO00009566;20;Abitazioni civili;NORMALE;P;970;1450;L;5,2;7,8;L;
NORD-OVEST;PIEMONTE;TO;1001272;A1AA; ;L219;TORINO;D;D22;TO00009566;21;Abitazioni di tipo economico;NORMALE;P;600;900;L;4,1;6,2;L;
NORD-OVEST;PIEMONTE;TO;1001272;A1AA; ;L219;TORINO;D;D22;TO00009566;21;Abitazioni di tipo economico;OTTIMO; ;830;1250;L;6,1;9,1;L;
NORD-OVEST;PIEMONTE;TO;1001272;A1AA; ;L219;TORINO;D;D22;TO00009566;13;Box;NORMALE;P;560;840;L;3,4;5,1;L;
NORD-OVEST;PIEMONTE;TO;1001272;A1AA; ;L219;TORINO;D;D22;TO00009566;5;Negozi;NORMALE;P;420;840;L;6;12;L;
NORD-OVEST;PIEMONTE;TO;1001272;A1AA; ;L219;TORINO;D;D22;TO00009566;6;Uffici;NORMALE;P;580;1150;L;3,5;7;L;
NORD-OVEST;PIEMONTE;TO;1001272;A1AA; ;L219;TORINO;D;D22;TO00009566;8;Capannoni industriali;NORMALE;P;190;380;L;1,7;3,4;L;
NORD-OVEST;PIEMONTE;TO;1001272;A1AA; ;L219;TORINO;D;D22;TO00009566;7;Capannoni tipici;NORMALE;P;230;460;L;2;4;L;
NORD-OVEST;PIEMONTE;TO;1001272;A1AA; ;L219;TORINO;D;D23;TO00009575;20;Abitazioni civili;OTTIMO; ;1400;2100;L;6,5;9,7;L;
NORD-OVEST;PIEMONTE;TO;1001272;A1AA; ;L219;TORINO;D;D23;TO00009575;20;Abitazioni civili;NORMALE;P;970;1450;L;4,8;7,2;L;
NORD-OVEST;PIEMONTE;TO;1001272;A1AA; ;L219;TORINO;D;D23;TO00009575;21;Abitazioni di tipo economico;NORMALE;P;670;1000;L;4,2;6,3;L;
NORD-OVEST;PIEMONTE;TO;1001272;A1AA; ;L219;TORINO;D;D23;TO00009575;21;Abitazioni di tipo economico;OTTIMO; ;930;1400;L;6;9;L;
NORD-OVEST;PIEMONTE;TO;1001272;A1AA; ;L219;TORINO;D;D23;TO00009575;13;Box;NORMALE;P;570;850;L;3,9;5,8;L;
NORD-OVEST;PIEMONTE;TO;1001272;A1AA; ;L219;TORINO;D;D23;TO00009575;5;Negozi;NORMALE;P;410;820;L;6,2;12,4;L;
NORD-OVEST;PIEMONTE;TO;1001272;A1AA; ;L219;TORINO;D;D23;TO00009575;8;Capannoni industriali;NORMALE;P;180;360;L;1,8;3,6;L;
NORD-OVEST;PIEMONTE;TO;1001272;A1AA; ;L219;TORINO;D;D23;TO00009575;7;Capannoni tipici;NORMALE;P;230;460;L;2;4;L;
NORD-OVEST;PIEMONTE;TO;1001272;A1AA; ;L219;TORINO;D;D24;TO00010502;20;Abitazioni civili;NORMALE;P;1500;2250;L;5;7,5;L;
NORD-OVEST;PIEMONTE;TO;1001272;A1AA; ;L219;TORINO;D;D24;TO00010502;20;Abitazioni civili;OTTIMO; ;2000;3000;L;7,6;11,4;L;
NORD-OVEST;PIEMONTE;TO;1001272;A1AA; ;L219;TORINO;D;D24;TO00010502;21;Abitazioni di tipo economico;OTTIMO; ;1400;2100;L;7,3;11;L;
NORD-OVEST;PIEMONTE;TO;1001272;A1AA; ;L219;TORINO;D;D24;TO00010502;21;Abitazioni di tipo economico;NORMALE;P;930;1400;L;4,8;7,2;L;
NORD-OVEST;PIEMONTE;TO;1001272;A1AA; ;L219;TORINO;D;D24;TO00010502;13;Box;NORMALE;P;900;1350;L;4,6;6,9;L;
NORD-OVEST;PIEMONTE;TO;1001272;A1AA; ;L219;TORINO;D;D24;TO00010502;5;Negozi;NORMALE;P;600;1200;L;6,8;13,4;L;
NORD-OVEST;PIEMONTE;TO;1001272;A1AA; ;L219;TORINO;D;D24;TO00010502;6;Uffici;NORMALE;P;700;1400;L;5,3;10,6;L;
NORD-OVEST;PIEMONTE;TO;1001272;A1AA; ;L219;TORINO;D;D25;TO00010503;20;Abitazioni civili;OTTIMO; ;2000;2950;L;8,2;12,3;L;
NORD-OVEST;PIEMONTE;TO;1001272;A1AA; ;L219;TORINO;D;D25;TO00010503;20;Abitazioni civili;NORMALE;P;1350;2000;L;5,5;8,2;L;
NORD-OVEST;PIEMONTE;TO;1001272;A1AA; ;L219;TORINO;D;D25;TO00010503;21;Abitazioni di tipo economico;NORMALE;P;870;1300;L;4,9;7,3;L;
NORD-OVEST;PIEMONTE;TO;1001272;A1AA; ;L219;TORINO;D;D25;TO00010503;21;Abitazioni di tipo economico;OTTIMO; ;1300;1950;L;7,3;11;L;
NORD-OVEST;PIEMONTE;TO;1001272;A1AA; ;L219;TORINO;D;D25;TO00010503;13;Box;NORMALE;P;790;1200;L;4,2;6,3;L;
NORD-OVEST;PIEMONTE;TO;1001272;A1AA; ;L219;TORINO;D;D25;TO00010503;5;Negozi;NORMALE;P;550;1100;L;6,6;13,2;L;
NORD-OVEST;PIEMONTE;TO;1001272;A1AA; ;L219;TORINO;D;D25;TO00010503;6;Uffici;NORMALE;P;680;1350;L;4,9;9,8;L;
NORD-OVEST;PIEMONTE;TO;1001272;A1AA; ;L219;TORINO;D;D25;TO00010503;7;Capannoni tipici;NORMALE;P;250;500;L;2;4;L;
NORD-OVEST;PIEMONTE;TO;1001272;A1AA; ;L219;TORINO;D;D26;TO00010590;20;Abitazioni civili;NORMALE;P;1550;2350;L;5,5;8,3;L;
NORD-OVEST;PIEMONTE;TO;1001272;A1AA; ;L219;TORINO;D;D26;TO00010590;20;Abitazioni civili;OTTIMO; ;2300;3500;L;9;13,5;L;
NORD-OVEST;PIEMONTE;TO;1001272;A1AA; ;L219;TORINO;D;D26;TO00010590;21;Abitazioni di tipo economico;NORMALE;P;1300;1950;L;5,2;7,8;L;
NORD-OVEST;PIEMONTE;TO;1001272;A1AA; ;L219;TORINO;D;D26;TO00010590;21;Abitazioni di tipo economico;OTTIMO; ;1800;2700;L;8,3;12,5;L;
NORD-OVEST;PIEMONTE;TO;1001272;A1AA; ;L219;TORINO;D;D26;TO00010590;13;Box;NORMALE;P;1000;1500;L;5,2;7,8;L;
NORD-OVEST;PIEMONTE;TO;1001272;A1AA; ;L219;TORINO;D;D26;TO00010590;5;Negozi;NORMALE;P;750;1500;L;7,9;15,8;L;
NORD-OVEST;PIEMONTE;TO;1001272;A1AA; ;L219;TORINO;D;D26;TO00010590;6;Uffici;NORMALE;P;850;1700;L;6;12;L;
NORD-OVEST;PIEMONTE;TO;1001272;A1AA; ;L219;TORINO;D;D6;TO00001068;20;Abitazioni civili;OTTIMO; ;1550;2300;L;6,8;10,1;L;
NORD-OVEST;PIEMONTE;TO;1001272;A1AA; ;L219;TORINO;D;D6;TO00001068;20;Abitazioni civili;NORMALE;P;1050;1550;L;5;7,5;L;
NORD-OVEST;PIEMONTE;TO;1001272;A1AA; ;L219;TORINO;D;D6;TO00001068;21;Abitazioni di tipo economico;OTTIMO; ;1100;1650;L;6,7;10;L;
NORD-OVEST;PIEMONTE;TO;1001272;A1AA; ;L219;TORINO;D;D6;TO00001068;21;Abitazioni di tipo economico;NORMALE;P;770;1100;L;4,5;6,7;L;
NORD-OVEST;PIEMONTE;TO;1001272;A1AA; ;L219;TORINO;D;D6;TO00001068;13;Box;NORMALE;P;620;920;L;3,8;5,6;L;
NORD-OVEST;PIEMONTE;TO;1001272;A1AA; ;L219;TORINO;D;D6;TO00001068;14;Posti auto coperti;NORMALE;P;540;780;L;3,2;4,8;L;
NORD-OVEST;PIEMONTE;TO;1001272;A1AA; ;L219;TORINO;D;D6;TO00001068;15;Posti auto scoperti;NORMALE;P;400;570;L;2,4;3,6;L;
NORD-OVEST;PIEMONTE;TO;1001272;A1AA; ;L219;TORINO;D;D6;TO00001068;5;Negozi;NORMALE;P;500;990;L;6,2;12,4;L;
NORD-OVEST;PIEMONTE;TO;1001272;A1AA; ;L219;TORINO;D;D6;TO00001068;6;Uffici;NORMALE;P;580;1150;L;4,8;9,6;L;
NORD-OVEST;PIEMONTE;TO;1001272;A1AA; ;L219;TORINO;D;D6;TO00001068;8;Capannoni industriali;NORMALE;P;200;390;L;1,3;2,4;L;
NORD-OVEST;PIEMONTE;TO;1001272;A1AA; ;L219;TORINO;D;D6;TO00001068;7;Capannoni tipici;NORMALE;P;230;460;L;1,7;3,4;L;
NORD-OVEST;PIEMONTE;TO;1001272;A1AA; ;L219;TORINO;D;D9;TO00001072;20;Abitazioni civili;NORMALE;P;1600;2400;L;6,3;9,4;L;
NORD-OVEST;PIEMONTE;TO;1001272;A1AA; ;L219;TORINO;D;D9;TO00001072;21;Abitazioni di tipo economico;NORMALE;P;980;1450;L;4,6;6,9;L;
NORD-OVEST;PIEMONTE;TO;1001272;A1AA; ;L219;TORINO;D;D9;TO00001072;13;Box;NORMALE;P;630;950;L;3,8;5,7;L;
NORD-OVEST;PIEMONTE;TO;1001272;A1AA; ;L219;TORINO;D;D9;TO00001072;6;Uffici;NORMALE;P;630;1250;L;4,8;9,6;L;
NORD-OVEST;PIEMONTE;TO;1001272;A1AA; ;L219;TORINO;E;E1;TO00000041;20;Abitazioni civili;OTTIMO; ;2700;4100;L;9,1;13,6;L;
NORD-OVEST;PIEMONTE;TO;1001272;A1AA; ;L219;TORINO;E;E1;TO00000041;20;Abitazioni civili;NORMALE;P;1700;2500;L;5,8;8,8;L;
NORD-OVEST;PIEMONTE;TO;1001272;A1AA; ;L219;TORINO;E;E1;TO00000041;19;Abitazioni signorili;NORMALE;P;1800;2700;L;6,5;9,7;L;
NORD-OVEST;PIEMONTE;TO;1001272;A1AA; ;L219;TORINO;E;E1;TO00000041;13;Box;NORMALE;P;1000;1500;L;4,2;6,3;L;
NORD-OVEST;PIEMONTE;TO;1001272;A1AA; ;L219;TORINO;E;E1;TO00000041;14;Posti auto coperti;NORMALE;P;680;1000;L;3,7;5,5;L;
NORD-OVEST;PIEMONTE;TO;1001272;A1AA; ;L219;TORINO;E;E1;TO00000041;15;Posti auto scoperti;NORMALE;P;580;880;L;3,1;4,7;L;
NORD-OVEST;PIEMONTE;TO;1001272;A1AA; ;L219;TORINO;E;E1;TO00000041;1;Ville e Villini;OTTIMO; ;2400;3600;L;8,6;13;L;
NORD-OVEST;PIEMONTE;TO;1001272;A1AA; ;L219;TORINO;E;E1;TO00000041;1;Ville e Villini;NORMALE;P;1500;2250;L;5,8;8,6;L;
NORD-OVEST;PIEMONTE;TO;1001272;A1AA; ;L219;TORINO;E;E2;TO00003612;20;Abitazioni civili;NORMALE;P;1550;2300;L;5,9;8,9;L;
NORD-OVEST;PIEMONTE;TO;1001272;A1AA; ;L219;TORINO;E;E2;TO00003612;20;Abitazioni civili;OTTIMO; ;2600;3900;L;7,5;10,8;L;
NORD-OVEST;PIEMONTE;TO;1001272;A1AA; ;L219;TORINO;E;E2;TO00003612;21;Abitazioni di tipo economico;NORMALE;P;990;1500;L;4,9;7,3;L;
NORD-OVEST;PIEMONTE;TO;1001272;A1AA; ;L219;TORINO;E;E2;TO00003612;13;Box;NORMALE;P;730;1100;L;3,7;5,5;L;
NORD-OVEST;PIEMONTE;TO;1001272;A1AA; ;L219;TORINO;E;E2;TO00003612;1;Ville e Villini;NORMALE;P;1500;2200;L;4,8;7,2;L;
NORD-OVEST;PIEMONTE;TO;1001272;A1AA; ;L219;TORINO;E;E3;TO00003613;20;Abitazioni civili;OTTIMO; ;2650;4000;L;8,4;12,6;L;
NORD-OVEST;PIEMONTE;TO;1001272;A1AA; ;L219;TORINO;E;E3;TO00003613;20;Abitazioni civili;NORMALE;P;1650;2500;L;5,7;8,6;L;
NORD-OVEST;PIEMONTE;TO;1001272;A1AA; ;L219;TORINO;E;E3;TO00003613;21;Abitazioni di tipo economico;NORMALE;P;1200;1800;L;5,6;8,5;L;
NORD-OVEST;PIEMONTE;TO;1001272;A1AA; ;L219;TORINO;E;E3;TO00003613;13;Box;NORMALE;P;930;1400;L;3,8;5,7;L;
NORD-OVEST;PIEMONTE;TO;1001272;A1AA; ;L219;TORINO;E;E3;TO00003613;1;Ville e Villini;NORMALE;P;1350;2050;L;5,5;8,2;L;
NORD-OVEST;PIEMONTE;TO;1001272;A1AA; ;L219;TORINO;E;E3;TO00003613;1;Ville e Villini;OTTIMO; ;2200;3300;L;7,7;11,5;L;
NORD-OVEST;PIEMONTE;TO;1001001;A1AC; ;A074;AGLIE`;B;B1;TO00000998;21;Abitazioni di tipo economico;NORMALE;P;410;620;L;2,9;4,4;L;
NORD-OVEST;PIEMONTE;TO;1001001;A1AC; ;A074;AGLIE`;B;B1;TO00000998;13;Box;NORMALE;P;400;600;L;3,4;5,1;L;
NORD-OVEST;PIEMONTE;TO;1001001;A1AC; ;A074;AGLIE`;B;B1;TO00000998;5;Negozi;NORMALE;P;350;700;L;2,8;5,6;L;
NORD-OVEST;PIEMONTE;TO;1001001;A1AC; ;A074;AGLIE`;C;C1;TO00000045;20;Abitazioni civili;NORMALE;P;520;780;L;2,9;4,2;L;
NORD-OVEST;PIEMONTE;TO;1001001;A1AC; ;A074;AGLIE`;C;C1;TO00000045;21;Abitazioni di tipo economico;NORMALE;P;440;660;L;2,5;3,7;L;
NORD-OVEST;PIEMONTE;TO;1001001;A1AC; ;A074;AGLIE`;C;C1;TO00000045;13;Box;NORMALE;P;470;680;L;3,2;4,8;L;
NORD-OVEST;PIEMONTE;TO;1001001;A1AC; ;A074;AGLIE`;D;D1;TO00001122;8;Capannoni industriali;NORMALE;P;200;400;L;1,6;3,1;L;
NORD-OVEST;PIEMONTE;TO;1001002;A1AD; ;A109;AIRASCA;B;B1;TO00000928;20;Abitazioni civili;NORMALE;P;670;1000;L;4;6;L;
NORD-OVEST;PIEMONTE;TO;1001002;A1AD; ;A109;AIRASCA;B;B1;TO00000928;20;Abitazioni civili;OTTIMO; ;1000;1500;L;5,2;7,8;L;
NORD-OVEST;PIEMONTE;TO;1001002;A1AD; ;A109;AIRASCA;B;B1;TO00000928;21;Abitazioni di tipo economico;NORMALE;P;560;840;L;3,8;5,7;L;
NORD-OVEST;PIEMONTE;TO;1001002;A1AD; ;A109;AIRASCA;B;B1;TO00000928;13;Box;NORMALE;P;420;630;L;2,5;3,7;L;
NORD-OVEST;PIEMONTE;TO;1001002;A1AD; ;A109;AIRASCA;B;B1;TO00000928;9;Magazzini;NORMALE;P;290;430;L;2,1;3,2;L;
NORD-OVEST;PIEMONTE;TO;1001002;A1AD; ;A109;AIRASCA;B;B1;TO00000928;5;Negozi;NORMALE;P;540;1050;L;4,2;8,4;L;
NORD-OVEST;PIEMONTE;TO;1001002;A1AD; ;A109;AIRASCA;B;B1;TO00000928;8;Capannoni industriali;NORMALE;P;220;440;L;1,5;2,8;L;
NORD-OVEST;PIEMONTE;TO;1001002;A1AD; ;A109;AIRASCA;B;B1;TO00000928;10;Laboratori;NORMALE;P;310;620;L;2;4;L;
NORD-OVEST;PIEMONTE;TO;1001003;A1AE; ;A117;ALA DI STURA;B;B1;TO00000929;20;Abitazioni civili;NORMALE;P;460;690;L;2,4;3,6;L;
NORD-OVEST;PIEMONTE;TO;1001003;A1AE; ;A117;ALA DI STURA;B;B1;TO00000929;21;Abitazioni di tipo economico;NORMALE;P;440;660;L;2,1;3,1;L;
NORD-OVEST;PIEMONTE;TO;1001003;A1AE; ;A117;ALA DI STURA;B;B1;TO00000929;13;Box;NORMALE;P;330;490;L;1,8;2,7;L;
NORD-OVEST;PIEMONTE;TO;1001003;A1AE; ;A117;ALA DI STURA;B;B1;TO00000929;1;Ville e Villini;NORMALE;P;500;750;L;2,1;3,1;L;
NORD-OVEST;PIEMONTE;TO;1001003;A1AE; ;A117;ALA DI STURA;B;B1;TO00000929;9;Magazzini;NORMALE;P;190;270;L;1,3;2;L;
NORD-OVEST;PIEMONTE;TO;1001003;A1AE; ;A117;ALA DI STURA;B;B1;TO00000929;5;Negozi;NORMALE;P;350;690;L;2,5;5;L;
NORD-OVEST;PIEMONTE;TO;1001004;A1AF; ;A157;ALBIANO D`IVREA;B;B1;TO00000930;20;Abitazioni civili;NORMALE;P;550;820;L;2,5;3,8;L;
NORD-OVEST;PIEMONTE;TO;1001004;A1AF; ;A157;ALBIANO D`IVREA;B;B1;TO00000930;21;Abitazioni di tipo economico;NORMALE;P;390;580;L;2;3;L;
NORD-OVEST;PIEMONTE;TO;1001004;A1AF; ;A157;ALBIANO D`IVREA;B;B1;TO00000930;13;Box;NORMALE;P;350;520;L;2,4;3,5;L;
NORD-OVEST;PIEMONTE;TO;1001004;A1AF; ;A157;ALBIANO D`IVREA;B;B1;TO00000930;1;Ville e Villini;NORMALE;P;570;860;L;2,4;3,6;L;
NORD-OVEST;PIEMONTE;TO;1001004;A1AF; ;A157;ALBIANO D`IVREA;B;B1;TO00000930;9;Magazzini;NORMALE;P;160;240;L;1,2;1,6;L;
NORD-OVEST;PIEMONTE;TO;1001004;A1AF; ;A157;ALBIANO D`IVREA;B;B1;TO00000930;5;Negozi;NORMALE;P;340;680;L;2,2;4,4;L;
NORD-OVEST;PIEMONTE;TO;1001004;A1AF; ;A157;ALBIANO D`IVREA;B;B1;TO00000930;10;Laboratori;NORMALE;P;200;390;L;1,1;2,2;L;
NORD-OVEST;PIEMONTE;TO;1001006;A1AH; ;A218;ALMESE;B;B1;TO00000999;20;Abitazioni civili;NORMALE;P;960;1450;L;4,6;6,9;L;
NORD-OVEST;PIEMONTE;TO;1001006;A1AH; ;A218;ALMESE;B;B1;TO00000999;21;Abitazioni di tipo economico;NORMALE;P;630;950;L;3,9;5,8;L;
NORD-OVEST;PIEMONTE;TO;1001006;A1AH; ;A218;ALMESE;B;B1;TO00000999;13;Box;NORMALE;P;370;560;L;2,6;3,8;L;
NORD-OVEST;PIEMONTE;TO;1001006;A1AH; ;A218;ALMESE;B;B1;TO00000999;1;Ville e Villini;NORMALE;P;970;1450;L;3,8;5,7;L;
NORD-OVEST;PIEMONTE;TO;1001006;A1AH; ;A218;ALMESE;B;B1;TO00000999;9;Magazzini;NORMALE;P;260;380;L;1,7;2,6;L;
NORD-OVEST;PIEMONTE;TO;1001006;A1AH; ;A218;ALMESE;B;B1;TO00000999;5;Negozi;NORMALE;P;600;1200;L;4,8;9,2;L;
NORD-OVEST;PIEMONTE;TO;1001006;A1AH; ;A218;ALMESE;B;B1;TO00000999;6;Uffici;NORMALE;P;600;1200;L;3,4;6,8;L;
NORD-OVEST;PIEMONTE;TO;1001006;A1AH; ;A218;ALMESE;B;B1;TO00000999;8;Capannoni industriali;NORMALE;P;220;430;L;1,5;3;L;
NORD-OVEST;PIEMONTE;TO;1001006;A1AH; ;A218;ALMESE;B;B1;TO00000999;10;Laboratori;NORMALE;P;300;580;L;2;4;L;
NORD-OVEST;PIEMONTE;TO;1001007;A1AI; ;A221;ALPETTE;B;B1;TO00001000;20;Abitazioni civili;NORMALE;P;380;570;L;2;2,9;L;
NORD-OVEST;PIEMONTE;TO;1001007;A1AI; ;A221;ALPETTE;B;B1;TO00001000;21;Abitazioni di tipo economico;NORMALE;P;290;430;L;1,8;2,7;L;
NORD-OVEST;PIEMONTE;TO;1001007;A1AI; ;A221;ALPETTE;B;B1;TO00001000;13;Box;NORMALE;P;320;480;L;1,6;2,4;L;
NORD-OVEST;PIEMONTE;TO;1001007;A1AI; ;A221;ALPETTE;B;B1;TO00001000;9;Magazzini;NORMALE;P;220;330;L;1,4;2,1;L;
NORD-OVEST;PIEMONTE;TO;1001008;A1AJ; ;A222;ALPIGNANO;B;B1;TO00001001;21;Abitazioni di tipo economico;NORMALE;P;830;1250;L;5;7,5;L;
NORD-OVEST;PIEMONTE;TO;1001008;A1AJ; ;A222;ALPIGNANO;B;B1;TO00001001;13;Box;NORMALE;P;620;930;L;3,8;5,7;L;
NORD-OVEST;PIEMONTE;TO;1001008;A1AJ; ;A222;ALPIGNANO;B;B1;TO00001001;5;Negozi;NORMALE;P;530;1050;L;5,1;10,1;L;
NORD-OVEST;PIEMONTE;TO;1001008;A1AJ; ;A222;ALPIGNANO;B;B1;TO00001001;6;Uffici;NORMALE;P;580;1100;L;4,1;8,2;L;
NORD-OVEST;PIEMONTE;TO;1001008;A1AJ; ;A222;ALPIGNANO;C;C1;TO00000061;20;Abitazioni civili;OTTIMO; ;1450;2200;L;6,1;9,2;L;
NORD-OVEST;PIEMONTE;TO;1001008;A1AJ; ;A222;ALPIGNANO;C;C1;TO00000061;20;Abitazioni civili;NORMALE;P;960;1450;L;4,2;6,3;L;
NORD-OVEST;PIEMONTE;TO;1001008;A1AJ; ;A222;ALPIGNANO;C;C1;TO00000061;21;Abitazioni di tipo economico;NORMALE;P;800;1200;L;4,1;6,2;L;
NORD-OVEST;PIEMONTE;TO;1001008;A1AJ; ;A222;ALPIGNANO;C;C1;TO00000061;13;Box;NORMALE;P;620;930;L;3,3;5;L;
NORD-OVEST;PIEMONTE;TO;1001008;A1AJ; ;A222;ALPIGNANO;C;C1;TO00000061;5;Negozi;NORMALE;P;630;1200;L;5,3;10,6;L;
NORD-OVEST;PIEMONTE;TO;1001008;A1AJ; ;A222;ALPIGNANO;C;C1;TO00000061;6;Uffici;NORMALE;P;580;1100;L;4;8;L;
NORD-OVEST;PIEMONTE;TO;1001008;A1AJ; ;A222;ALPIGNANO;C;C2;TO00001185;20;Abitazioni civili;OTTIMO; ;1450;2200;L;6;9;L;
NORD-OVEST;PIEMONTE;TO;1001008;A1AJ; ;A222;ALPIGNANO;C;C2;TO00001185;20;Abitazioni civili;NORMALE;P;1100;1650;L;4,2;6,3;L;
NORD-OVEST;PIEMONTE;TO;1001008;A1AJ; ;A222;ALPIGNANO;C;C2;TO00001185;21;Abitazioni di tipo economico;NORMALE;P;970;1450;L;4,8;7,2;L;
NORD-OVEST;PIEMONTE;TO;1001008;A1AJ; ;A222;ALPIGNANO;C;C2;TO00001185;13;Box;NORMALE;P;620;930;L;3,1;4,7;L;
NORD-OVEST;PIEMONTE;TO;1001008;A1AJ; ;A222;ALPIGNANO;C;C2;TO00001185;5;Negozi;NORMALE;P;650;1300;L;5,3;10,6;L;
NORD-OVEST;PIEMONTE;TO;1001008;A1AJ; ;A222;ALPIGNANO;C;C2;TO00001185;6;Uffici;NORMALE;P;580;1100;L;3,9;7,8;L;
NORD-OVEST;PIEMONTE;TO;1001008;A1AJ; ;A222;ALPIGNANO;D;D1;TO00001186;20;Abitazioni civili;NORMALE;P;940;1400;L;4,2;6,3;L;
NORD-OVEST;PIEMONTE;TO;1001008;A1AJ; ;A222;ALPIGNANO;D;D1;TO00001186;20;Abitazioni civili;OTTIMO; ;1300;1950;L;6,1;9,2;L;
NORD-OVEST;PIEMONTE;TO;1001008;A1AJ; ;A222;ALPIGNANO;D;D1;TO00001186;9;Magazzini;NORMALE;P;440;660;L;2,8;4,2;L;
NORD-OVEST;PIEMONTE;TO;1001008;A1AJ; ;A222;ALPIGNANO;D;D1;TO00001186;5;Negozi;NORMALE;P;550;1100;L;4,5;9;L;
NORD-OVEST;PIEMONTE;TO;1001008;A1AJ; ;A222;ALPIGNANO;D;D1;TO00001186;6;Uffici;NORMALE;P;580;1100;L;3,9;7,8;L;
NORD-OVEST;PIEMONTE;TO;1001008;A1AJ; ;A222;ALPIGNANO;D;D1;TO00001186;8;Capannoni industriali;NORMALE;P;230;460;L;1,8;3,6;L;
NORD-OVEST;PIEMONTE;TO;1001008;A1AJ; ;A222;ALPIGNANO;D;D1;TO00001186;10;Laboratori;NORMALE;P;380;760;L;2,5;4,9;L;
NORD-OVEST;PIEMONTE;TO;1001008;A1AJ; ;A222;ALPIGNANO;D;D3;TO00001188;20;Abitazioni civili;NORMALE;P;1200;1800;L;4,4;6,6;L;
NORD-OVEST;PIEMONTE;TO;1001008;A1AJ; ;A222;ALPIGNANO;D;D3;TO00001188;9;Magazzini;NORMALE;P;440;660;L;2,8;4,1;L;
NORD-OVEST;PIEMONTE;TO;1001008;A1AJ; ;A222;ALPIGNANO;D;D4;TO00001199;9;Magazzini;NORMALE;P;420;630;L;2,8;4,1;L;
NORD-OVEST;PIEMONTE;TO;1001008;A1AJ; ;A222;ALPIGNANO;D;D4;TO00001199;8;Capannoni industriali;NORMALE;P;230;460;L;1,8;3,6;L;
NORD-OVEST;PIEMONTE;TO;1001009;A1AK; ;A275;ANDEZENO;B;B1;TO00001002;20;Abitazioni civili;NORMALE;P;870;1300;L;3,9;5,9;L;
NORD-OVEST;PIEMONTE;TO;1001009;A1AK; ;A275;ANDEZENO;B;B1;TO00001002;21;Abitazioni di tipo economico;NORMALE;P;630;950;L;3,3;5;L;
NORD-OVEST;PIEMONTE;TO;1001009;A1AK; ;A275;ANDEZENO;B;B1;TO00001002;13;Box;NORMALE;P;450;680;L;2,5;3,7;L;
NORD-OVEST;PIEMONTE;TO;1001009;A1AK; ;A275;ANDEZENO;B;B1;TO00001002;1;Ville e Villini;NORMALE;P;950;1400;L;3,9;5,8;L;
NORD-OVEST;PIEMONTE;TO;1001009;A1AK; ;A275;ANDEZENO;B;B1;TO00001002;1;Ville e Villini;OTTIMO; ;1200;1750;L;4,6;6,9;L;
NORD-OVEST;PIEMONTE;TO;1001009;A1AK; ;A275;ANDEZENO;B;B1;TO00001002;9;Magazzini;NORMALE;P;340;510;L;2,2;3,3;L;
NORD-OVEST;PIEMONTE;TO;1001009;A1AK; ;A275;ANDEZENO;B;B1;TO00001002;5;Negozi;NORMALE;P;480;950;L;3,5;7;L;
NORD-OVEST;PIEMONTE;TO;1001009;A1AK; ;A275;ANDEZENO;B;B1;TO00001002;6;Uffici;NORMALE;P;610;950;L;4;6;L;
NORD-OVEST;PIEMONTE;TO;1001009;A1AK; ;A275;ANDEZENO;B;B1;TO00001002;8;Capannoni industriali;NORMALE;P;210;400;L;1,6;3,1;L;
NORD-OVEST;PIEMONTE;TO;1001009;A1AK; ;A275;ANDEZENO;B;B1;TO00001002;10;Laboratori;NORMALE;P;390;600;L;2,2;3,3;L;
NORD-OVEST;PIEMONTE;TO;1001010;A1AL; ;A282;ANDRATE;B;B1;TO00001003;20;Abitazioni civili;NORMALE;P;410;610;L;1,9;2,8;L;
NORD-OVEST;PIEMONTE;TO;1001010;A1AL; ;A282;ANDRATE;B;B1;TO00001003;21;Abitazioni di tipo economico;NORMALE;P;300;450;L;1,6;2,4;L;
NORD-OVEST;PIEMONTE;TO;1001010;A1AL; ;A282;ANDRATE;B;B1;TO00001003;13;Box;NORMALE;P;300;450;L;1,7;2,5;L;
NORD-OVEST;PIEMONTE;TO;1001010;A1AL; ;A282;ANDRATE;B;B1;TO00001003;9;Magazzini;NORMALE;P;200;300;L;1,2;1,8;L;
NORD-OVEST;PIEMONTE;TO;1001011;A1AM; ;A295;ANGROGNA;B;B1;TO00001004;21;Abitazioni di tipo economico;NORMALE;P;500;750;L;2,1;3,1;L;
NORD-OVEST;PIEMONTE;TO;1001011;A1AM; ;A295;ANGROGNA;B;B1;TO00001004;13;Box;NORMALE;P;270;400;L;1,6;2,4;L;
NORD-OVEST;PIEMONTE;TO;1001011;A1AM; ;A295;ANGROGNA;B;B1;TO00001004;1;Ville e Villini;NORMALE;P;660;990;L;2,4;3,5;L;
NORD-OVEST;PIEMONTE;TO;1001012;A1AP; ;A405;ARIGNANO;B;B1;TO00001005;20;Abitazioni civili;NORMALE;P;900;1350;L;3,6;5,4;L;
NORD-OVEST;PIEMONTE;TO;1001012;A1AP; ;A405;ARIGNANO;B;B1;TO00001005;21;Abitazioni di tipo economico;NORMALE;P;660;990;L;3,5;5,2;L;
NORD-OVEST;PIEMONTE;TO;1001012;A1AP; ;A405;ARIGNANO;B;B1;TO00001005;13;Box;NORMALE;P;410;610;L;2,5;3,6;L;
NORD-OVEST;PIEMONTE;TO;1001012;A1AP; ;A405;ARIGNANO;B;B1;TO00001005;1;Ville e Villini;NORMALE;P;890;1300;L;3,6;5,3;L;
NORD-OVEST;PIEMONTE;TO;1001012;A1AP; ;A405;ARIGNANO;B;B1;TO00001005;9;Magazzini;NORMALE;P;360;530;L;2,1;3,1;L;
NORD-OVEST;PIEMONTE;TO;1001012;A1AP; ;A405;ARIGNANO;B;B1;TO00001005;8;Capannoni industriali;NORMALE;P;210;410;L;1,5;2,9;L;
NORD-OVEST;PIEMONTE;TO;1001013;A1AQ; ;A518;AVIGLIANA;B;B1;TO00001006;21;Abitazioni di tipo economico;NORMALE;P;760;1150;L;4,7;7,1;L;
NORD-OVEST;PIEMONTE;TO;1001013;A1AQ; ;A518;AVIGLIANA;B;B1;TO00001006;13;Box;NORMALE;P;570;860;L;3,1;4,7;L;
NORD-OVEST;PIEMONTE;TO;1001013;A1AQ; ;A518;AVIGLIANA;B;B1;TO00001006;9;Magazzini;NORMALE;P;270;410;L;2,2;3,2;L;
NORD-OVEST;PIEMONTE;TO;1001013;A1AQ; ;A518;AVIGLIANA;B;B1;TO00001006;5;Negozi;NORMALE;P;550;1100;L;5,5;11;L;
NORD-OVEST;PIEMONTE;TO;1001013;A1AQ; ;A518;AVIGLIANA;B;B1;TO00001006;6;Uffici;NORMALE;P;580;1150;L;3,6;7,2;L;
NORD-OVEST;PIEMONTE;TO;1001013;A1AQ; ;A518;AVIGLIANA;B;B1;TO00001006;10;Laboratori;NORMALE;P;320;640;L;1,6;3,2;L;
NORD-OVEST;PIEMONTE;TO;1001013;A1AQ; ;A518;AVIGLIANA;C;C1;TO00000072;20;Abitazioni civili;NORMALE;P;1000;1500;L;4,8;7,2;L;
NORD-OVEST;PIEMONTE;TO;1001013;A1AQ; ;A518;AVIGLIANA;C;C1;TO00000072;21;Abitazioni di tipo economico;NORMALE;P;870;1250;L;3,7;5,4;L;
NORD-OVEST;PIEMONTE;TO;1001013;A1AQ; ;A518;AVIGLIANA;C;C1;TO00000072;13;Box;NORMALE;P;490;740;L;3,1;4,7;L;
NORD-OVEST;PIEMONTE;TO;1001013;A1AQ; ;A518;AVIGLIANA;C;C1;TO00000072;1;Ville e Villini;NORMALE;P;1000;1500;L;4,4;6,6;L;
NORD-OVEST;PIEMONTE;TO;1001013;A1AQ; ;A518;AVIGLIANA;C;C1;TO00000072;5;Negozi;NORMALE;P;550;1100;L;5,4;10,8;L;
NORD-OVEST;PIEMONTE;TO;1001013;A1AQ; ;A518;AVIGLIANA;C;C2;TO00001240;20;Abitazioni civili;OTTIMO; ;1450;2150;L;5,7;8,6;L;
NORD-OVEST;PIEMONTE;TO;1001013;A1AQ; ;A518;AVIGLIANA;C;C2;TO00001240;20;Abitazioni civili;NORMALE;P;930;1400;L;3,9;5,9;L;
NORD-OVEST;PIEMONTE;TO;1001013;A1AQ; ;A518;AVIGLIANA;C;C2;TO00001240;21;Abitazioni di tipo economico;NORMALE;P;900;1350;L;4,2;6,3;L;
NORD-OVEST;PIEMONTE;TO;1001013;A1AQ; ;A518;AVIGLIANA;C;C2;TO00001240;13;Box;NORMALE;P;530;800;L;3;4,5;L;
NORD-OVEST;PIEMONTE;TO;1001013;A1AQ; ;A518;AVIGLIANA;C;C2;TO00001240;1;Ville e Villini;NORMALE;P;1050;1550;L;4,6;6,9;L;
NORD-OVEST;PIEMONTE;TO;1001013;A1AQ; ;A518;AVIGLIANA;C;C2;TO00001240;5;Negozi;NORMALE;P;550;1100;L;6,2;12,4;L;
NORD-OVEST;PIEMONTE;TO;1001013;A1AQ; ;A518;AVIGLIANA;C;C2;TO00001240;6;Uffici;NORMALE;P;700;1400;L;4,3;8,6;L;
NORD-OVEST;PIEMONTE;TO;1001013;A1AQ; ;A518;AVIGLIANA;D;D1;TO00001241;20;Abitazioni civili;OTTIMO; ;1450;2150;L;6;9;L;
NORD-OVEST;PIEMONTE;TO;1001013;A1AQ; ;A518;AVIGLIANA;D;D1;TO00001241;20;Abitazioni civili;NORMALE;P;930;1400;L;3,9;5,9;L;
NORD-OVEST;PIEMONTE;TO;1001013;A1AQ; ;A518;AVIGLIANA;D;D1;TO00001241;21;Abitazioni di tipo economico;NORMALE;P;700;1050;L;4,1;6,2;L;
NORD-OVEST;PIEMONTE;TO;1001013;A1AQ; ;A518;AVIGLIANA;D;D1;TO00001241;13;Box;NORMALE;P;520;780;L;3;4,5;L;
NORD-OVEST;PIEMONTE;TO;1001013;A1AQ; ;A518;AVIGLIANA;D;D1;TO00001241;9;Magazzini;NORMALE;P;380;570;L;2,5;3,8;L;
NORD-OVEST;PIEMONTE;TO;1001013;A1AQ; ;A518;AVIGLIANA;D;D1;TO00001241;5;Negozi;NORMALE;P;500;1000;L;5,6;11,2;L;
NORD-OVEST;PIEMONTE;TO;1001013;A1AQ; ;A518;AVIGLIANA;D;D1;TO00001241;6;Uffici;NORMALE;P;600;1200;L;4,4;8,8;L;
NORD-OVEST;PIEMONTE;TO;1001013;A1AQ; ;A518;AVIGLIANA;D;D1;TO00001241;8;Capannoni industriali;NORMALE;P;220;440;L;1,6;3,2;L;
NORD-OVEST;PIEMONTE;TO;1001013;A1AQ; ;A518;AVIGLIANA;D;D1;TO00001241;10;Laboratori;NORMALE;P;410;820;L;2,3;4,6;L;
NORD-OVEST;PIEMONTE;TO;1001013;A1AQ; ;A518;AVIGLIANA;D;D3;TO00001243;9;Magazzini;NORMALE;P;400;600;L;2,5;3,8;L;
NORD-OVEST;PIEMONTE;TO;1001013;A1AQ; ;A518;AVIGLIANA;D;D3;TO00001243;8;Capannoni industriali;NORMALE;P;220;440;L;1,6;3,2;L;
NORD-OVEST;PIEMONTE;TO;1001013;A1AQ; ;A518;AVIGLIANA;D;D3;TO00001243;10;Laboratori;NORMALE;P;410;820;L;2,3;4,6;L;
NORD-OVEST;PIEMONTE;TO;1001013;A1AQ; ;A518;AVIGLIANA;D;D4;TO00002591;13;Box;NORMALE;P;480;720;L;3;4,4;L;
NORD-OVEST;PIEMONTE;TO;1001013;A1AQ; ;A518;AVIGLIANA;D;D4;TO00002591;1;Ville e Villini;NORMALE;P;1150;1700;L;4,5;6,8;L;
NORD-OVEST;PIEMONTE;TO;1001013;A1AQ; ;A518;AVIGLIANA;E;E1;TO00001244;21;Abitazioni di tipo economico;NORMALE;P;630;950;L;3,1;4,6;L;
NORD-OVEST;PIEMONTE;TO;1001013;A1AQ; ;A518;AVIGLIANA;E;E1;TO00001244;13;Box;NORMALE;P;460;680;L;2,7;4;L;
NORD-OVEST;PIEMONTE;TO;1001013;A1AQ; ;A518;AVIGLIANA;E;E1;TO00001244;1;Ville e Villini;NORMALE;P;1050;1600;L;4,1;6,2;L;
NORD-OVEST;PIEMONTE;TO;1001014;A1AS; ;A525;AZEGLIO;B;B1;TO00001007;20;Abitazioni civili;NORMALE;P;460;690;L;2,7;4;L;
NORD-OVEST;PIEMONTE;TO;1001014;A1AS; ;A525;AZEGLIO;B;B1;TO00001007;21;Abitazioni di tipo economico;NORMALE;P;340;510;L;2,3;3,4;L;
NORD-OVEST;PIEMONTE;TO;1001014;A1AS; ;A525;AZEGLIO;B;B1;TO00001007;13;Box;NORMALE;P;330;490;L;2;3;L;
NORD-OVEST;PIEMONTE;TO;1001014;A1AS; ;A525;AZEGLIO;B;B1;TO00001007;9;Magazzini;NORMALE;P;220;330;L;1,5;2,3;L;
NORD-OVEST;PIEMONTE;TO;1001014;A1AS; ;A525;AZEGLIO;B;B1;TO00001007;5;Negozi;NORMALE;P;340;680;L;2,2;4,4;L;
NORD-OVEST;PIEMONTE;TO;1001015;A1AU; ;A584;BAIRO;B;B1;TO00001008;20;Abitazioni civili;NORMALE;P;520;780;L;2,6;3,9;L;
NORD-OVEST;PIEMONTE;TO;1001015;A1AU; ;A584;BAIRO;B;B1;TO00001008;21;Abitazioni di tipo economico;NORMALE;P;430;650;L;1,9;2,9;L;
NORD-OVEST;PIEMONTE;TO;1001015;A1AU; ;A584;BAIRO;B;B1;TO00001008;13;Box;NORMALE;P;380;570;L;2,4;3,6;L;
NORD-OVEST;PIEMONTE;TO;1001015;A1AU; ;A584;BAIRO;B;B1;TO00001008;9;Magazzini;NORMALE;P;300;450;L;1,7;2,6;L;
NORD-OVEST;PIEMONTE;TO;1001015;A1AU; ;A584;BAIRO;B;B1;TO00001008;5;Negozi;NORMALE;P;430;860;L;3,6;7,2;L;
NORD-OVEST;PIEMONTE;TO;1001016;A1AV; ;A587;BALANGERO;B;B1;TO00001009;20;Abitazioni civili;NORMALE;P;730;1100;L;3,8;5,7;L;
NORD-OVEST;PIEMONTE;TO;1001016;A1AV; ;A587;BALANGERO;B;B1;TO00001009;21;Abitazioni di tipo economico;NORMALE;P;510;760;L;3,5;5,2;L;
NORD-OVEST;PIEMONTE;TO;1001016;A1AV; ;A587;BALANGERO;B;B1;TO00001009;13;Box;NORMALE;P;340;510;L;2,6;3,8;L;
NORD-OVEST;PIEMONTE;TO;1001016;A1AV; ;A587;BALANGERO;B;B1;TO00001009;1;Ville e Villini;NORMALE;P;770;1150;L;2,7;4,1;L;
NORD-OVEST;PIEMONTE;TO;1001016;A1AV; ;A587;BALANGERO;B;B1;TO00001009;9;Magazzini;NORMALE;P;260;390;L;2;3;L;
NORD-OVEST;PIEMONTE;TO;1001016;A1AV; ;A587;BALANGERO;B;B1;TO00001009;5;Negozi;NORMALE;P;400;800;L;4,5;9;L;
NORD-OVEST;PIEMONTE;TO;1001016;A1AV; ;A587;BALANGERO;B;B1;TO00001009;8;Capannoni industriali;NORMALE;P;170;340;L;1,2;2,4;L;
NORD-OVEST;PIEMONTE;TO;1001016;A1AV; ;A587;BALANGERO;B;B1;TO00001009;10;Laboratori;NORMALE;P;210;420;L;1,5;3;L;
NORD-OVEST;PIEMONTE;TO;1001017;A1AW; ;A590;BALDISSERO CANAVESE;B;B1;TO00001010;21;Abitazioni di tipo economico;NORMALE;P;360;540;L;1,9;2,9;L;
NORD-OVEST;PIEMONTE;TO;1001017;A1AW; ;A590;BALDISSERO CANAVESE;B;B1;TO00001010;13;Box;NORMALE;P;310;470;L;1,9;2,9;L;
NORD-OVEST;PIEMONTE;TO;1001017;A1AW; ;A590;BALDISSERO CANAVESE;B;B1;TO00001010;9;Magazzini;NORMALE;P;180;270;L;1,4;1,9;L;
NORD-OVEST;PIEMONTE;TO;1001018;A1AX; ;A591;BALDISSERO TORINESE;B;B1;TO00001011;21;Abitazioni di tipo economico;NORMALE;P;770;1150;L;3,5;5,2;L;
NORD-OVEST;PIEMONTE;TO;1001018;A1AX; ;A591;BALDISSERO TORINESE;B;B1;TO00001011;13;Box;NORMALE;P;540;820;L;2,9;4,3;L;
NORD-OVEST;PIEMONTE;TO;1001018;A1AX; ;A591;BALDISSERO TORINESE;B;B1;TO00001011;5;Negozi;NORMALE;P;780;1400;L;5,3;10,6;L;
NORD-OVEST;PIEMONTE;TO;1001018;A1AX; ;A591;BALDISSERO TORINESE;D;D1;TO00001289;20;Abitazioni civili;NORMALE;P;1000;1500;L;4,1;6,2;L;
NORD-OVEST;PIEMONTE;TO;1001018;A1AX; ;A591;BALDISSERO TORINESE;D;D1;TO00001289;21;Abitazioni di tipo economico;NORMALE;P;730;1100;L;3,5;5,3;L;
NORD-OVEST;PIEMONTE;TO;1001018;A1AX; ;A591;BALDISSERO TORINESE;D;D1;TO00001289;13;Box;NORMALE;P;500;750;L;2,5;3,7;L;
NORD-OVEST;PIEMONTE;TO;1001018;A1AX; ;A591;BALDISSERO TORINESE;D;D2;TO00001290;20;Abitazioni civili;NORMALE;P;900;1350;L;3,8;5,7;L;
NORD-OVEST;PIEMONTE;TO;1001018;A1AX; ;A591;BALDISSERO TORINESE;D;D2;TO00001290;13;Box;NORMALE;P;460;690;L;2,6;3,9;L;
NORD-OVEST;PIEMONTE;TO;1001018;A1AX; ;A591;BALDISSERO TORINESE;D;D2;TO00001290;9;Magazzini;NORMALE;P;350;520;L;2;2,9;L;
NORD-OVEST;PIEMONTE;TO;1001018;A1AX; ;A591;BALDISSERO TORINESE;D;D2;TO00001290;8;Capannoni industriali;NORMALE;P;220;440;L;1,6;3,2;L;
NORD-OVEST;PIEMONTE;TO;1001018;A1AX; ;A591;BALDISSERO TORINESE;E;E1;TO00001269;20;Abitazioni civili;NORMALE;P;810;1200;L;4,3;6,5;L;
NORD-OVEST;PIEMONTE;TO;1001018;A1AX; ;A591;BALDISSERO TORINESE;E;E1;TO00001269;13;Box;NORMALE;P;450;680;L;2,6;3,9;L;
NORD-OVEST;PIEMONTE;TO;1001019;A1AY; ;A599;BALME;B;B1;TO00001012;20;Abitazioni civili;NORMALE;P;480;720;L;2;3;L;
NORD-OVEST;PIEMONTE;TO;1001019;A1AY; ;A599;BALME;B;B1;TO00001012;21;Abitazioni di tipo economico;NORMALE;P;420;630;L;1,7;2,6;L;
NORD-OVEST;PIEMONTE;TO;1001019;A1AY; ;A599;BALME;B;B1;TO00001012;13;Box;NORMALE;P;280;420;L;1,7;2,6;L;
NORD-OVEST;PIEMONTE;TO;1001019;A1AY; ;A599;BALME;B;B1;TO00001012;1;Ville e Villini;NORMALE;P;560;840;L;2,2;3,3;L;
NORD-OVEST;PIEMONTE;TO;1001019;A1AY; ;A599;BALME;B;B1;TO00001012;9;Magazzini;NORMALE;P;240;360;L;1,6;2,4;L;
NORD-OVEST;PIEMONTE;TO;1001020;A1AZ; ;A607;BANCHETTE;B;B1;TO00001013;20;Abitazioni civili;NORMALE;P;500;750;L;4;6;L;
NORD-OVEST;PIEMONTE;TO;1001020;A1AZ; ;A607;BANCHETTE;B;B1;TO00001013;21;Abitazioni di tipo economico;NORMALE;P;370;550;L;3,1;4,6;L;
NORD-OVEST;PIEMONTE;TO;1001020;A1AZ; ;A607;BANCHETTE;B;B1;TO00001013;13;Box;NORMALE;P;400;590;L;2,7;4;L;
NORD-OVEST;PIEMONTE;TO;1001020;A1AZ; ;A607;BANCHETTE;B;B1;TO00001013;5;Negozi;NORMALE;P;340;680;L;3,7;7,4;L;
NORD-OVEST;PIEMONTE;TO;1001020;A1AZ; ;A607;BANCHETTE;B;B1;TO00001013;6;Uffici;NORMALE;P;310;620;L;2,2;4,4;L;
NORD-OVEST;PIEMONTE;TO;1001021;A1BB; ;A625;BARBANIA;B;B1;TO00001014;20;Abitazioni civili;NORMALE;P;600;900;L;3;4,5;L;
NORD-OVEST;PIEMONTE;TO;1001021;A1BB; ;A625;BARBANIA;B;B1;TO00001014;21;Abitazioni di tipo economico;NORMALE;P;400;600;L;2,8;4;L;
NORD-OVEST;PIEMONTE;TO;1001021;A1BB; ;A625;BARBANIA;B;B1;TO00001014;13;Box;NORMALE;P;390;580;L;3;4,5;L;
NORD-OVEST;PIEMONTE;TO;1001021;A1BB; ;A625;BARBANIA;B;B1;TO00001014;9;Magazzini;NORMALE;P;260;390;L;1,5;2,2;L;
NORD-OVEST;PIEMONTE;TO;1001021;A1BB; ;A625;BARBANIA;B;B1;TO00001014;5;Negozi;NORMALE;P;450;900;L;4;6,4;L;
NORD-OVEST;PIEMONTE;TO;1001022;A1BD; ;A651;BARDONECCHIA;B;B1;TO00000102;20;Abitazioni civili;NORMALE;P;1900;2800;L;6,5;9,8;L;
NORD-OVEST;PIEMONTE;TO;1001022;A1BD; ;A651;BARDONECCHIA;B;B1;TO00000102;21;Abitazioni di tipo economico;NORMALE;P;1400;2100;L;6;9;L;
NORD-OVEST;PIEMONTE;TO;1001022;A1BD; ;A651;BARDONECCHIA;B;B1;TO00000102;13;Box;NORMALE;P;1100;1600;L;6;9;L;
NORD-OVEST;PIEMONTE;TO;1001022;A1BD; ;A651;BARDONECCHIA;B;B1;TO00000102;5;Negozi;NORMALE;P;1200;2400;L;8,2;16,4;L;
NORD-OVEST;PIEMONTE;TO;1001022;A1BD; ;A651;BARDONECCHIA;B;B1;TO00000102;6;Uffici;NORMALE;P;1250;2500;L;6,6;13,2;L;
NORD-OVEST;PIEMONTE;TO;1001022;A1BD; ;A651;BARDONECCHIA;C;C2;TO00002492;20;Abitazioni civili;NORMALE;P;2000;3000;L;5,9;8,8;L;
NORD-OVEST;PIEMONTE;TO;1001022;A1BD; ;A651;BARDONECCHIA;C;C2;TO00002492;21;Abitazioni di tipo economico;NORMALE;P;1500;2250;L;5,7;8,6;L;
NORD-OVEST;PIEMONTE;TO;1001022;A1BD; ;A651;BARDONECCHIA;C;C2;TO00002492;13;Box;NORMALE;P;1050;1550;L;5,6;8,4;L;
NORD-OVEST;PIEMONTE;TO;1001022;A1BD; ;A651;BARDONECCHIA;C;C2;TO00002492;1;Ville e Villini;NORMALE;P;1900;2800;L;7,8;11,7;L;
NORD-OVEST;PIEMONTE;TO;1001022;A1BD; ;A651;BARDONECCHIA;C;C2;TO00002492;5;Negozi;NORMALE;P;1150;2300;L;7,7;15,4;L;
NORD-OVEST;PIEMONTE;TO;1001022;A1BD; ;A651;BARDONECCHIA;D;D1;TO00002490;20;Abitazioni civili;NORMALE;P;1850;2750;L;7,4;11,1;L;
NORD-OVEST;PIEMONTE;TO;1001022;A1BD; ;A651;BARDONECCHIA;D;D1;TO00002490;20;Abitazioni civili;OTTIMO; ;2700;4000;L;10,3;15,4;L;
NORD-OVEST;PIEMONTE;TO;1001022;A1BD; ;A651;BARDONECCHIA;D;D1;TO00002490;13;Box;NORMALE;P;1100;1600;L;5,8;8,7;L;
NORD-OVEST;PIEMONTE;TO;1001022;A1BD; ;A651;BARDONECCHIA;D;D1;TO00002490;9;Magazzini;NORMALE;P;830;1250;L;5,9;8,8;L;
NORD-OVEST;PIEMONTE;TO;1001022;A1BD; ;A651;BARDONECCHIA;D;D1;TO00002490;5;Negozi;NORMALE;P;1150;2250;L;8,4;16,8;L;
NORD-OVEST;PIEMONTE;TO;1001022;A1BD; ;A651;BARDONECCHIA;D;D2;TO00002491;20;Abitazioni civili;NORMALE;P;2000;3000;L;6,2;9,3;L;
NORD-OVEST;PIEMONTE;TO;1001022;A1BD; ;A651;BARDONECCHIA;D;D2;TO00002491;20;Abitazioni civili;OTTIMO; ;3000;4500;L;8,4;12,6;L;
NORD-OVEST;PIEMONTE;TO;1001022;A1BD; ;A651;BARDONECCHIA;D;D2;TO00002491;21;Abitazioni di tipo economico;NORMALE;P;1750;2600;L;5,7;8,5;L;
NORD-OVEST;PIEMONTE;TO;1001022;A1BD; ;A651;BARDONECCHIA;D;D2;TO00002491;13;Box;NORMALE;P;1050;1550;L;5,8;8,7;L;
NORD-OVEST;PIEMONTE;TO;1001022;A1BD; ;A651;BARDONECCHIA;R;R1;TO00002191;20;Abitazioni civili;NORMALE;P;1300;1950;L;4,4;6,6;L;
NORD-OVEST;PIEMONTE;TO;1001022;A1BD; ;A651;BARDONECCHIA;R;R1;TO00002191;20;Abitazioni civili;OTTIMO; ;2000;3000;L;6,4;9,6;L;
NORD-OVEST;PIEMONTE;TO;1001022;A1BD; ;A651;BARDONECCHIA;R;R1;TO00002191;21;Abitazioni di tipo economico;NORMALE;P;1250;1850;L;4,3;6,4;L;
NORD-OVEST;PIEMONTE;TO;1001023;A1BE; ;A673;BARONE CANAVESE;B;B1;TO00001015;20;Abitazioni civili;NORMALE;P;500;750;L;2,8;4,2;L;
NORD-OVEST;PIEMONTE;TO;1001023;A1BE; ;A673;BARONE CANAVESE;B;B1;TO00001015;21;Abitazioni di tipo economico;NORMALE;P;370;550;L;2,5;3,7;L;
NORD-OVEST;PIEMONTE;TO;1001023;A1BE; ;A673;BARONE CANAVESE;B;B1;TO00001015;13;Box;NORMALE;P;410;610;L;2,5;3,7;L;
NORD-OVEST;PIEMONTE;TO;1001023;A1BE; ;A673;BARONE CANAVESE;B;B1;TO00001015;9;Magazzini;NORMALE;P;280;420;L;1,6;2,4;L;
NORD-OVEST;PIEMONTE;TO;1001024;A1BG; ;A734;BEINASCO;B;B1;TO00001016;20;Abitazioni civili;OTTIMO; ;1500;2250;L;5,6;8,3;L;
NORD-OVEST;PIEMONTE;TO;1001024;A1BG; ;A734;BEINASCO;B;B1;TO00001016;20;Abitazioni civili;NORMALE;P;1100;1600;L;4,3;6,4;L;
NORD-OVEST;PIEMONTE;TO;1001024;A1BG; ;A734;BEINASCO;B;B1;TO00001016;21;Abitazioni di tipo economico;NORMALE;P;800;1200;L;4,7;7;L;
NORD-OVEST;PIEMONTE;TO;1001024;A1BG; ;A734;BEINASCO;B;B1;TO00001016;13;Box;NORMALE;P;530;790;L;3,1;4,7;L;
NORD-OVEST;PIEMONTE;TO;1001024;A1BG; ;A734;BEINASCO;B;B1;TO00001016;5;Negozi;NORMALE;P;610;1200;L;5;10;L;
NORD-OVEST;PIEMONTE;TO;1001024;A1BG; ;A734;BEINASCO;B;B1;TO00001016;6;Uffici;NORMALE;P;580;1150;L;3,7;7,4;L;
NORD-OVEST;PIEMONTE;TO;1001024;A1BG; ;A734;BEINASCO;D;D2;TO00001591;8;Capannoni industriali;NORMALE;P;200;390;L;1,6;3,1;L;
NORD-OVEST;PIEMONTE;TO;1001024;A1BG; ;A734;BEINASCO;D;D2;TO00001591;7;Capannoni tipici;NORMALE;P;220;430;L;1,7;3,2;L;
NORD-OVEST;PIEMONTE;TO;1001024;A1BG; ;A734;BEINASCO;D;D4;TO00001593;20;Abitazioni civili;OTTIMO; ;1400;2100;L;5,5;8,1;L;
NORD-OVEST;PIEMONTE;TO;1001024;A1BG; ;A734;BEINASCO;D;D4;TO00001593;20;Abitazioni civili;NORMALE;P;1000;1500;L;4,6;6,9;L;
NORD-OVEST;PIEMONTE;TO;1001024;A1BG; ;A734;BEINASCO;D;D4;TO00001593;21;Abitazioni di tipo economico;NORMALE;P;800;1200;L;4,5;6,8;L;
NORD-OVEST;PIEMONTE;TO;1001024;A1BG; ;A734;BEINASCO;D;D4;TO00001593;13;Box;NORMALE;P;660;990;L;3,5;5,2;L;
NORD-OVEST;PIEMONTE;TO;1001024;A1BG; ;A734;BEINASCO;D;D4;TO00001593;5;Negozi;NORMALE;P;550;1100;L;5,1;10,2;L;
NORD-OVEST;PIEMONTE;TO;1001024;A1BG; ;A734;BEINASCO;D;D4;TO00001593;6;Uffici;NORMALE;P;580;1150;L;4,2;8,4;L;
NORD-OVEST;PIEMONTE;TO;1001024;A1BG; ;A734;BEINASCO;D;D5;TO00001594;20;Abitazioni civili;NORMALE;P;930;1400;L;4,7;7;L;
NORD-OVEST;PIEMONTE;TO;1001024;A1BG; ;A734;BEINASCO;D;D5;TO00001594;9;Magazzini;NORMALE;P;380;560;L;2,3;3,4;L;
NORD-OVEST;PIEMONTE;TO;1001024;A1BG; ;A734;BEINASCO;D;D5;TO00001594;8;Capannoni industriali;NORMALE;P;230;450;L;1,5;3;L;
NORD-OVEST;PIEMONTE;TO;1001024;A1BG; ;A734;BEINASCO;E;E2;TO00002454;20;Abitazioni civili;NORMALE;P;1050;1550;L;4,7;7,1;L;
NORD-OVEST;PIEMONTE;TO;1001024;A1BG; ;A734;BEINASCO;E;E2;TO00002454;20;Abitazioni civili;OTTIMO; ;1600;2350;L;5,6;8,4;L;
NORD-OVEST;PIEMONTE;TO;1001024;A1BG; ;A734;BEINASCO;E;E2;TO00002454;9;Magazzini;NORMALE;P;380;560;L;2,3;3,4;L;
NORD-OVEST;PIEMONTE;TO;1001024;A1BG; ;A734;BEINASCO;E;E2;TO00002454;8;Capannoni industriali;NORMALE;P;210;420;L;1,5;3;L;
NORD-OVEST;PIEMONTE;TO;1001025;A1BH; ;A853;BIBIANA;B;B1;TO00001017;20;Abitazioni civili;NORMALE;P;600;900;L;2,8;4,2;L;
NORD-OVEST;PIEMONTE;TO;1001025;A1BH; ;A853;BIBIANA;B;B1;TO00001017;21;Abitazioni di tipo economico;NORMALE;P;440;660;L;2,6;3,9;L;
NORD-OVEST;PIEMONTE;TO;1001025;A1BH; ;A853;BIBIANA;B;B1;TO00001017;13;Box;NORMALE;P;350;520;L;1,7;2,4;L;
NORD-OVEST;PIEMONTE;TO;1001025;A1BH; ;A853;BIBIANA;B;B1;TO00001017;1;Ville e Villini;NORMALE;P;730;1100;L;2,3;3,5;L;
NORD-OVEST;PIEMONTE;TO;1001025;A1BH; ;A853;BIBIANA;B;B1;TO00001017;9;Magazzini;NORMALE;P;230;340;L;1,5;2,2;L;
NORD-OVEST;PIEMONTE;TO;1001025;A1BH; ;A853;BIBIANA;B;B1;TO00001017;5;Negozi;NORMALE;P;400;800;L;3;6;L;
NORD-OVEST;PIEMONTE;TO;1001025;A1BH; ;A853;BIBIANA;B;B1;TO00001017;10;Laboratori;NORMALE;P;270;540;L;1,5;2,9;L;
NORD-OVEST;PIEMONTE;TO;1001026;A1BI; ;A910;BOBBIO PELLICE;B;B1;TO00001018;20;Abitazioni civili;NORMALE;P;500;750;L;2,5;3,7;L;
NORD-OVEST;PIEMONTE;TO;1001026;A1BI; ;A910;BOBBIO PELLICE;B;B1;TO00001018;21;Abitazioni di tipo economico;NORMALE;P;360;540;L;2,2;3,3;L;
NORD-OVEST;PIEMONTE;TO;1001026;A1BI; ;A910;BOBBIO PELLICE;B;B1;TO00001018;13;Box;NORMALE;P;330;490;L;1,7;2,5;L;
NORD-OVEST;PIEMONTE;TO;1001026;A1BI; ;A910;BOBBIO PELLICE;B;B1;TO00001018;1;Ville e Villini;NORMALE;P;560;840;L;2,3;3,4;L;
NORD-OVEST;PIEMONTE;TO;1001026;A1BI; ;A910;BOBBIO PELLICE;B;B1;TO00001018;9;Magazzini;NORMALE;P;220;330;L;1,3;1,9;L;
NORD-OVEST;PIEMONTE;TO;1001026;A1BI; ;A910;BOBBIO PELLICE;B;B1;TO00001018;5;Negozi;NORMALE;P;340;680;L;2,4;4,8;L;
NORD-OVEST;PIEMONTE;TO;1001027;A1BJ; ;A941;BOLLENGO;B;B1;TO00001019;20;Abitazioni civili;NORMALE;P;440;660;L;3;4,5;L;
NORD-OVEST;PIEMONTE;TO;1001027;A1BJ; ;A941;BOLLENGO;B;B1;TO00001019;21;Abitazioni di tipo economico;NORMALE;P;320;480;L;2,6;3,9;L;
NORD-OVEST;PIEMONTE;TO;1001027;A1BJ; ;A941;BOLLENGO;B;B1;TO00001019;13;Box;NORMALE;P;300;450;L;2,4;3,6;L;
NORD-OVEST;PIEMONTE;TO;1001027;A1BJ; ;A941;BOLLENGO;B;B1;TO00001019;1;Ville e Villini;NORMALE;P;540;810;L;2,3;3,3;L;
NORD-OVEST;PIEMONTE;TO;1001027;A1BJ; ;A941;BOLLENGO;B;B1;TO00001019;9;Magazzini;NORMALE;P;180;260;L;1,4;1,9;L;
NORD-OVEST;PIEMONTE;TO;1001027;A1BJ; ;A941;BOLLENGO;B;B1;TO00001019;5;Negozi;NORMALE;P;330;660;L;2,9;5,8;L;
NORD-OVEST;PIEMONTE;TO;1001027;A1BJ; ;A941;BOLLENGO;B;B1;TO00001019;6;Uffici;NORMALE;P;320;640;L;1,9;3,8;L;
NORD-OVEST;PIEMONTE;TO;1001027;A1BJ; ;A941;BOLLENGO;B;B1;TO00001019;8;Capannoni industriali;NORMALE;P;160;320;L;1,3;2,6;L;
NORD-OVEST;PIEMONTE;TO;1001027;A1BJ; ;A941;BOLLENGO;B;B1;TO00001019;10;Laboratori;NORMALE;P;220;430;L;1,1;2,2;L;
NORD-OVEST;PIEMONTE;TO;1001028;A1BL; ;A990;BORGARO TORINESE;B;B1;TO00000871;20;Abitazioni civili;NORMALE;P;1200;1800;L;4,4;6,6;L;
NORD-OVEST;PIEMONTE;TO;1001028;A1BL; ;A990;BORGARO TORINESE;B;B1;TO00000871;20;Abitazioni civili;OTTIMO; ;1600;2400;L;5,6;8,4;L;
NORD-OVEST;PIEMONTE;TO;1001028;A1BL; ;A990;BORGARO TORINESE;B;B1;TO00000871;21;Abitazioni di tipo economico;NORMALE;P;930;1400;L;4,6;6,9;L;
NORD-OVEST;PIEMONTE;TO;1001028;A1BL; ;A990;BORGARO TORINESE;B;B1;TO00000871;13;Box;NORMALE;P;620;930;L;3,5;5,2;L;
NORD-OVEST;PIEMONTE;TO;1001028;A1BL; ;A990;BORGARO TORINESE;B;B1;TO00000871;1;Ville e Villini;NORMALE;P;1300;1950;L;4;6;L;
NORD-OVEST;PIEMONTE;TO;1001028;A1BL; ;A990;BORGARO TORINESE;B;B1;TO00000871;9;Magazzini;NORMALE;P;360;540;L;2,6;3,9;L;
NORD-OVEST;PIEMONTE;TO;1001028;A1BL; ;A990;BORGARO TORINESE;B;B1;TO00000871;5;Negozi;NORMALE;P;700;1400;L;5,4;10,8;L;
NORD-OVEST;PIEMONTE;TO;1001028;A1BL; ;A990;BORGARO TORINESE;B;B1;TO00000871;6;Uffici;NORMALE;P;650;1300;L;4,2;8,4;L;
NORD-OVEST;PIEMONTE;TO;1001028;A1BL; ;A990;BORGARO TORINESE;B;B1;TO00000871;10;Laboratori;NORMALE;P;410;610;L;2,2;4,4;L;
NORD-OVEST;PIEMONTE;TO;1001028;A1BL; ;A990;BORGARO TORINESE;D;D4;TO00002493;8;Capannoni industriali;NORMALE;P;230;450;L;1,6;3,1;L;
NORD-OVEST;PIEMONTE;TO;1001028;A1BL; ;A990;BORGARO TORINESE;E;E2;TO00002495;8;Capannoni industriali;NORMALE;P;230;440;L;1,6;3,1;L;
NORD-OVEST;PIEMONTE;TO;1001029;A1BM; ;B003;BORGIALLO;B;B1;TO00001020;20;Abitazioni civili;NORMALE;P;430;640;L;2,8;4,2;L;
NORD-OVEST;PIEMONTE;TO;1001029;A1BM; ;B003;BORGIALLO;B;B1;TO00001020;21;Abitazioni di tipo economico;NORMALE;P;330;490;L;2,6;3,9;L;
NORD-OVEST;PIEMONTE;TO;1001029;A1BM; ;B003;BORGIALLO;B;B1;TO00001020;13;Box;NORMALE;P;330;500;L;1,8;2,7;L;
NORD-OVEST;PIEMONTE;TO;1001029;A1BM; ;B003;BORGIALLO;B;B1;TO00001020;9;Magazzini;NORMALE;P;240;360;L;1,4;2,1;L;
NORD-OVEST;PIEMONTE;TO;1001030;A1BN; ;B015;BORGOFRANCO D`IVREA;B;B1;TO00001021;20;Abitazioni civili;NORMALE;P;510;760;L;3,1;4,6;L;
NORD-OVEST;PIEMONTE;TO;1001030;A1BN; ;B015;BORGOFRANCO D`IVREA;B;B1;TO00001021;21;Abitazioni di tipo economico;NORMALE;P;380;570;L;2,5;3,8;L;
NORD-OVEST;PIEMONTE;TO;1001030;A1BN; ;B015;BORGOFRANCO D`IVREA;B;B1;TO00001021;13;Box;NORMALE;P;320;480;L;2,3;3,4;L;
NORD-OVEST;PIEMONTE;TO;1001030;A1BN; ;B015;BORGOFRANCO D`IVREA;B;B1;TO00001021;1;Ville e Villini;NORMALE;P;630;940;L;2,3;3,5;L;
NORD-OVEST;PIEMONTE;TO;1001030;A1BN; ;B015;BORGOFRANCO D`IVREA;B;B1;TO00001021;9;Magazzini;NORMALE;P;200;300;L;1,2;1,8;L;
NORD-OVEST;PIEMONTE;TO;1001030;A1BN; ;B015;BORGOFRANCO D`IVREA;B;B1;TO00001021;5;Negozi;NORMALE;P;300;600;L;2;4;L;
NORD-OVEST;PIEMONTE;TO;1001030;A1BN; ;B015;BORGOFRANCO D`IVREA;B;B1;TO00001021;6;Uffici;NORMALE;P;290;580;L;1,8;3,4;L;
NORD-OVEST;PIEMONTE;TO;1001030;A1BN; ;B015;BORGOFRANCO D`IVREA;B;B1;TO00001021;8;Capannoni industriali;NORMALE;P;160;320;L;1;1,8;L;
NORD-OVEST;PIEMONTE;TO;1001030;A1BN; ;B015;BORGOFRANCO D`IVREA;B;B1;TO00001021;10;Laboratori;NORMALE;P;150;300;L;,9;1,8;L;
NORD-OVEST;PIEMONTE;TO;1001030;A1BN; ;B015;BORGOFRANCO D`IVREA;E;E1;TO00003230;20;Abitazioni civili;NORMALE;P;460;690;L;2,1;3,1;L;
NORD-OVEST;PIEMONTE;TO;1001030;A1BN; ;B015;BORGOFRANCO D`IVREA;E;E1;TO00003230;21;Abitazioni di tipo economico;NORMALE;P;320;480;L;1,8;2,7;L;
NORD-OVEST;PIEMONTE;TO;1001030;A1BN; ;B015;BORGOFRANCO D`IVREA;E;E1;TO00003230;13;Box;NORMALE;P;320;480;L;2,1;3,1;L;
NORD-OVEST;PIEMONTE;TO;1001030;A1BN; ;B015;BORGOFRANCO D`IVREA;E;E1;TO00003230;1;Ville e Villini;NORMALE;P;540;810;L;1,9;2,8;L;
NORD-OVEST;PIEMONTE;TO;1001030;A1BN; ;B015;BORGOFRANCO D`IVREA;E;E1;TO00003230;9;Magazzini;NORMALE;P;190;280;L;1,1;1,6;L;
NORD-OVEST;PIEMONTE;TO;1001031;A1BP; ;B021;BORGOMASINO;B;B1;TO00001022;20;Abitazioni civili;NORMALE;P;390;580;L;2;2,9;L;
NORD-OVEST;PIEMONTE;TO;1001031;A1BP; ;B021;BORGOMASINO;B;B1;TO00001022;21;Abitazioni di tipo economico;NORMALE;P;300;450;L;1,6;2,4;L;
NORD-OVEST;PIEMONTE;TO;1001031;A1BP; ;B021;BORGOMASINO;B;B1;TO00001022;13;Box;NORMALE;P;340;510;L;2,1;3,1;L;
NORD-OVEST;PIEMONTE;TO;1001031;A1BP; ;B021;BORGOMASINO;B;B1;TO00001022;1;Ville e Villini;NORMALE;P;460;690;L;2,1;3,1;L;
NORD-OVEST;PIEMONTE;TO;1001031;A1BP; ;B021;BORGOMASINO;B;B1;TO00001022;9;Magazzini;NORMALE;P;160;240;L;1;1,5;L;
NORD-OVEST;PIEMONTE;TO;1001031;A1BP; ;B021;BORGOMASINO;B;B1;TO00001022;5;Negozi;NORMALE;P;290;580;L;1,9;3,7;L;
NORD-OVEST;PIEMONTE;TO;1001032;A1BQ; ;B024;BORGONE SUSA;B;B1;TO00000873;20;Abitazioni civili;NORMALE;P;550;830;L;4,2;6,3;L;
NORD-OVEST;PIEMONTE;TO;1001032;A1BQ; ;B024;BORGONE SUSA;B;B1;TO00000873;21;Abitazioni di tipo economico;NORMALE;P;440;660;L;3,5;5,3;L;
NORD-OVEST;PIEMONTE;TO;1001032;A1BQ; ;B024;BORGONE SUSA;B;B1;TO00000873;13;Box;NORMALE;P;380;570;L;2,2;3,2;L;
NORD-OVEST;PIEMONTE;TO;1001032;A1BQ; ;B024;BORGONE SUSA;B;B1;TO00000873;1;Ville e Villini;NORMALE;P;700;1050;L;3,1;4,6;L;
NORD-OVEST;PIEMONTE;TO;1001032;A1BQ; ;B024;BORGONE SUSA;B;B1;TO00000873;9;Magazzini;NORMALE;P;220;320;L;1,5;2,2;L;
NORD-OVEST;PIEMONTE;TO;1001032;A1BQ; ;B024;BORGONE SUSA;B;B1;TO00000873;5;Negozi;NORMALE;P;410;810;L;3,6;7,2;L;
NORD-OVEST;PIEMONTE;TO;1001032;A1BQ; ;B024;BORGONE SUSA;B;B1;TO00000873;6;Uffici;NORMALE;P;450;900;L;2,5;4,8;L;
NORD-OVEST;PIEMONTE;TO;1001032;A1BQ; ;B024;BORGONE SUSA;B;B1;TO00000873;8;Capannoni industriali;NORMALE;P;230;450;L;1,5;3;L;
NORD-OVEST;PIEMONTE;TO;1001032;A1BQ; ;B024;BORGONE SUSA;B;B1;TO00000873;10;Laboratori;NORMALE;P;280;480;L;1,7;2,8;L;
NORD-OVEST;PIEMONTE;TO;1001033;A1BR; ;B075;BOSCONERO;B;B1;TO00000875;20;Abitazioni civili;NORMALE;P;700;1050;L;3,3;4,9;L;
NORD-OVEST;PIEMONTE;TO;1001033;A1BR; ;B075;BOSCONERO;B;B1;TO00000875;21;Abitazioni di tipo economico;NORMALE;P;560;820;L;2,8;4,2;L;
NORD-OVEST;PIEMONTE;TO;1001033;A1BR; ;B075;BOSCONERO;B;B1;TO00000875;13;Box;NORMALE;P;440;660;L;3,2;4,6;L;
NORD-OVEST;PIEMONTE;TO;1001033;A1BR; ;B075;BOSCONERO;B;B1;TO00000875;9;Magazzini;NORMALE;P;320;480;L;2;3;L;
NORD-OVEST;PIEMONTE;TO;1001033;A1BR; ;B075;BOSCONERO;B;B1;TO00000875;5;Negozi;NORMALE;P;450;900;L;3,7;7,2;L;
NORD-OVEST;PIEMONTE;TO;1001033;A1BR; ;B075;BOSCONERO;B;B1;TO00000875;6;Uffici;NORMALE;P;500;850;L;2,7;4,4;L;
NORD-OVEST;PIEMONTE;TO;1001033;A1BR; ;B075;BOSCONERO;B;B1;TO00000875;8;Capannoni industriali;NORMALE;P;200;400;L;1,3;2,6;L;
NORD-OVEST;PIEMONTE;TO;1001033;A1BR; ;B075;BOSCONERO;B;B1;TO00000875;10;Laboratori;NORMALE;P;380;580;L;1,8;3;L;
NORD-OVEST;PIEMONTE;TO;1001034;A1BU; ;B121;BRANDIZZO;B;B1;TO00001023;20;Abitazioni civili;NORMALE;P;800;1200;L;4,8;7,2;L;
NORD-OVEST;PIEMONTE;TO;1001034;A1BU; ;B121;BRANDIZZO;B;B1;TO00001023;21;Abitazioni di tipo economico;NORMALE;P;700;1050;L;4,4;6,6;L;
NORD-OVEST;PIEMONTE;TO;1001034;A1BU; ;B121;BRANDIZZO;B;B1;TO00001023;13;Box;NORMALE;P;560;840;L;3,1;4,6;L;
NORD-OVEST;PIEMONTE;TO;1001034;A1BU; ;B121;BRANDIZZO;B;B1;TO00001023;5;Negozi;NORMALE;P;470;940;L;4,3;8,6;L;
NORD-OVEST;PIEMONTE;TO;1001034;A1BU; ;B121;BRANDIZZO;B;B1;TO00001023;6;Uffici;NORMALE;P;600;1200;L;4;8;L;
NORD-OVEST;PIEMONTE;TO;1001034;A1BU; ;B121;BRANDIZZO;D;D1;TO00001165;20;Abitazioni civili;OTTIMO; ;1350;2000;L;5,7;8,5;L;
NORD-OVEST;PIEMONTE;TO;1001034;A1BU; ;B121;BRANDIZZO;D;D1;TO00001165;20;Abitazioni civili;NORMALE;P;940;1400;L;4,3;6,5;L;
NORD-OVEST;PIEMONTE;TO;1001034;A1BU; ;B121;BRANDIZZO;D;D1;TO00001165;21;Abitazioni di tipo economico;NORMALE;P;700;1050;L;3,9;5,8;L;
NORD-OVEST;PIEMONTE;TO;1001034;A1BU; ;B121;BRANDIZZO;D;D1;TO00001165;13;Box;NORMALE;P;500;750;L;3,3;4,9;L;
NORD-OVEST;PIEMONTE;TO;1001034;A1BU; ;B121;BRANDIZZO;D;D1;TO00001165;9;Magazzini;NORMALE;P;340;500;L;2,3;3,4;L;
NORD-OVEST;PIEMONTE;TO;1001034;A1BU; ;B121;BRANDIZZO;D;D1;TO00001165;5;Negozi;NORMALE;P;450;900;L;3,6;7,2;L;
NORD-OVEST;PIEMONTE;TO;1001034;A1BU; ;B121;BRANDIZZO;D;D1;TO00001165;6;Uffici;NORMALE;P;580;1150;L;3,8;7,5;L;
NORD-OVEST;PIEMONTE;TO;1001034;A1BU; ;B121;BRANDIZZO;D;D1;TO00001165;8;Capannoni industriali;NORMALE;P;220;440;L;1,4;2,8;L;
NORD-OVEST;PIEMONTE;TO;1001034;A1BU; ;B121;BRANDIZZO;D;D1;TO00001165;10;Laboratori;NORMALE;P;310;620;L;2,3;3,6;L;
NORD-OVEST;PIEMONTE;TO;1001035;A1BV; ;B171;BRICHERASIO;B;B1;TO00001024;20;Abitazioni civili;NORMALE;P;730;1100;L;3,7;5,5;L;
NORD-OVEST;PIEMONTE;TO;1001035;A1BV; ;B171;BRICHERASIO;B;B1;TO00001024;21;Abitazioni di tipo economico;NORMALE;P;510;760;L;3,2;4,8;L;
NORD-OVEST;PIEMONTE;TO;1001035;A1BV; ;B171;BRICHERASIO;B;B1;TO00001024;13;Box;NORMALE;P;360;540;L;1,9;2,8;L;
NORD-OVEST;PIEMONTE;TO;1001035;A1BV; ;B171;BRICHERASIO;B;B1;TO00001024;9;Magazzini;NORMALE;P;240;360;L;1,6;2,4;L;
NORD-OVEST;PIEMONTE;TO;1001035;A1BV; ;B171;BRICHERASIO;B;B1;TO00001024;5;Negozi;NORMALE;P;440;880;L;3,8;7,6;L;
NORD-OVEST;PIEMONTE;TO;1001035;A1BV; ;B171;BRICHERASIO;D;D1;TO00002497;20;Abitazioni civili;NORMALE;P;830;1250;L;3,2;4,8;L;
NORD-OVEST;PIEMONTE;TO;1001035;A1BV; ;B171;BRICHERASIO;D;D1;TO00002497;13;Box;NORMALE;P;380;570;L;2;2,9;L;
NORD-OVEST;PIEMONTE;TO;1001035;A1BV; ;B171;BRICHERASIO;D;D1;TO00002497;1;Ville e Villini;NORMALE;P;730;1100;L;3,3;4,9;L;
NORD-OVEST;PIEMONTE;TO;1001035;A1BV; ;B171;BRICHERASIO;D;D1;TO00002497;9;Magazzini;NORMALE;P;210;320;L;1,6;2,4;L;
NORD-OVEST;PIEMONTE;TO;1001035;A1BV; ;B171;BRICHERASIO;D;D1;TO00002497;5;Negozi;NORMALE;P;420;840;L;3;6;L;
NORD-OVEST;PIEMONTE;TO;1001035;A1BV; ;B171;BRICHERASIO;D;D1;TO00002497;10;Laboratori;NORMALE;P;260;480;L;1,6;3,2;L;
NORD-OVEST;PIEMONTE;TO;1001036;A1BW; ;B205;BROSSO;B;B1;TO00001025;20;Abitazioni civili;NORMALE;P;400;600;L;1,9;2,8;L;
NORD-OVEST;PIEMONTE;TO;1001036;A1BW; ;B205;BROSSO;B;B1;TO00001025;21;Abitazioni di tipo economico;NORMALE;P;320;480;L;1,8;2,6;L;
NORD-OVEST;PIEMONTE;TO;1001036;A1BW; ;B205;BROSSO;B;B1;TO00001025;13;Box;NORMALE;P;270;400;L;1,8;2,7;L;
NORD-OVEST;PIEMONTE;TO;1001036;A1BW; ;B205;BROSSO;B;B1;TO00001025;9;Magazzini;NORMALE;P;170;250;L;1,1;1,5;L;
NORD-OVEST;PIEMONTE;TO;1001037;A1BX; ;B209;BROZOLO;B;B1;TO00001026;20;Abitazioni civili;NORMALE;P;570;860;L;2,7;4,1;L;
NORD-OVEST;PIEMONTE;TO;1001037;A1BX; ;B209;BROZOLO;B;B1;TO00001026;21;Abitazioni di tipo economico;NORMALE;P;390;590;L;2,1;3,1;L;
NORD-OVEST;PIEMONTE;TO;1001037;A1BX; ;B209;BROZOLO;B;B1;TO00001026;13;Box;NORMALE;P;340;500;L;2,2;3,2;L;
NORD-OVEST;PIEMONTE;TO;1001037;A1BX; ;B209;BROZOLO;B;B1;TO00001026;1;Ville e Villini;NORMALE;P;640;960;L;3;4,5;L;
NORD-OVEST;PIEMONTE;TO;1001037;A1BX; ;B209;BROZOLO;B;B1;TO00001026;9;Magazzini;NORMALE;P;300;440;L;1,9;2,7;L;
NORD-OVEST;PIEMONTE;TO;1001038;A1BY; ;B216;BRUINO;B;B1;TO00001027;20;Abitazioni civili;NORMALE;P;1050;1600;L;4,6;6,9;L;
NORD-OVEST;PIEMONTE;TO;1001038;A1BY; ;B216;BRUINO;B;B1;TO00001027;21;Abitazioni di tipo economico;NORMALE;P;870;1300;L;3,8;5,7;L;
NORD-OVEST;PIEMONTE;TO;1001038;A1BY; ;B216;BRUINO;B;B1;TO00001027;13;Box;NORMALE;P;600;880;L;3,9;5,6;L;
NORD-OVEST;PIEMONTE;TO;1001038;A1BY; ;B216;BRUINO;B;B1;TO00001027;5;Negozi;NORMALE;P;630;1250;L;4,3;8,6;L;
NORD-OVEST;PIEMONTE;TO;1001038;A1BY; ;B216;BRUINO;D;D1;TO00001137;8;Capannoni industriali;NORMALE;P;200;400;L;1,4;2,8;L;
NORD-OVEST;PIEMONTE;TO;1001038;A1BY; ;B216;BRUINO;D;D2;TO00003250;20;Abitazioni civili;NORMALE;P;1050;1600;L;4,1;6,1;L;
NORD-OVEST;PIEMONTE;TO;1001038;A1BY; ;B216;BRUINO;D;D2;TO00003250;13;Box;NORMALE;P;520;770;L;3;4,5;L;
NORD-OVEST;PIEMONTE;TO;1001038;A1BY; ;B216;BRUINO;D;D2;TO00003250;1;Ville e Villini;NORMALE;P;1050;1600;L;4,1;6,1;L;
NORD-OVEST;PIEMONTE;TO;1001038;A1BY; ;B216;BRUINO;D;D2;TO00003250;5;Negozi;NORMALE;P;800;1600;L;4,4;8,8;L;
NORD-OVEST;PIEMONTE;TO;1001039;A1BZ; ;B225;BRUSASCO;B;B1;TO00000874;20;Abitazioni civili;NORMALE;P;580;870;L;3,4;5,1;L;
NORD-OVEST;PIEMONTE;TO;1001039;A1BZ; ;B225;BRUSASCO;B;B1;TO00000874;21;Abitazioni di tipo economico;NORMALE;P;440;660;L;2,8;4,2;L;
NORD-OVEST;PIEMONTE;TO;1001039;A1BZ; ;B225;BRUSASCO;B;B1;TO00000874;13;Box;NORMALE;P;310;470;L;2,1;3,2;L;
NORD-OVEST;PIEMONTE;TO;1001039;A1BZ; ;B225;BRUSASCO;B;B1;TO00000874;1;Ville e Villini;NORMALE;P;620;940;L;3,2;4,8;L;
NORD-OVEST;PIEMONTE;TO;1001039;A1BZ; ;B225;BRUSASCO;B;B1;TO00000874;9;Magazzini;NORMALE;P;270;410;L;1,7;2,6;L;
NORD-OVEST;PIEMONTE;TO;1001039;A1BZ; ;B225;BRUSASCO;B;B1;TO00000874;5;Negozi;NORMALE;P;400;800;L;3,2;6,4;L;
NORD-OVEST;PIEMONTE;TO;1001040;A1CB; ;B232;BRUZOLO;B;B1;TO00001028;20;Abitazioni civili;NORMALE;P;760;1150;L;3,6;5,4;L;
NORD-OVEST;PIEMONTE;TO;1001040;A1CB; ;B232;BRUZOLO;B;B1;TO00001028;21;Abitazioni di tipo economico;NORMALE;P;550;830;L;3,2;4,8;L;
NORD-OVEST;PIEMONTE;TO;1001040;A1CB; ;B232;BRUZOLO;B;B1;TO00001028;13;Box;NORMALE;P;370;560;L;2,2;3,2;L;
NORD-OVEST;PIEMONTE;TO;1001040;A1CB; ;B232;BRUZOLO;B;B1;TO00001028;1;Ville e Villini;NORMALE;P;770;1150;L;3,1;4,7;L;
NORD-OVEST;PIEMONTE;TO;1001040;A1CB; ;B232;BRUZOLO;B;B1;TO00001028;9;Magazzini;NORMALE;P;220;320;L;1,5;2,3;L;
NORD-OVEST;PIEMONTE;TO;1001040;A1CB; ;B232;BRUZOLO;B;B1;TO00001028;5;Negozi;NORMALE;P;410;820;L;3;6;L;
NORD-OVEST;PIEMONTE;TO;1001040;A1CB; ;B232;BRUZOLO;B;B1;TO00001028;8;Capannoni industriali;NORMALE;P;230;450;L;1,6;3,1;L;
NORD-OVEST;PIEMONTE;TO;1001040;A1CB; ;B232;BRUZOLO;B;B1;TO00001028;10;Laboratori;NORMALE;P;280;480;L;1,7;2,8;L;
NORD-OVEST;PIEMONTE;TO;1001041;A1CC; ;B278;BURIASCO;B;B1;TO00001032;20;Abitazioni civili;NORMALE;P;620;930;L;3;4,5;L;
NORD-OVEST;PIEMONTE;TO;1001041;A1CC; ;B278;BURIASCO;B;B1;TO00001032;13;Box;NORMALE;P;500;750;L;2,6;3,9;L;
NORD-OVEST;PIEMONTE;TO;1001041;A1CC; ;B278;BURIASCO;B;B1;TO00001032;5;Negozi;NORMALE;P;500;1000;L;3,3;6,6;L;
NORD-OVEST;PIEMONTE;TO;1001042;A1CD; ;B279;BUROLO;B;B1;TO00000886;21;Abitazioni di tipo economico;NORMALE;P;320;480;L;2,1;3,1;L;
NORD-OVEST;PIEMONTE;TO;1001042;A1CD; ;B279;BUROLO;B;B1;TO00000886;13;Box;NORMALE;P;300;450;L;2,4;3,6;L;
NORD-OVEST;PIEMONTE;TO;1001042;A1CD; ;B279;BUROLO;D;D1;TO00000887;9;Magazzini;NORMALE;P;170;250;L;1;1,4;L;
NORD-OVEST;PIEMONTE;TO;1001042;A1CD; ;B279;BUROLO;D;D1;TO00000887;8;Capannoni industriali;NORMALE;P;160;320;L;1,3;2,6;L;
NORD-OVEST;PIEMONTE;TO;1001043;A1CE; ;B284;BUSANO;B;B1;TO00000152;20;Abitazioni civili;NORMALE;P;680;1000;L;3,2;4,8;L;
NORD-OVEST;PIEMONTE;TO;1001043;A1CE; ;B284;BUSANO;B;B1;TO00000152;21;Abitazioni di tipo economico;NORMALE;P;500;740;L;2,9;4,4;L;
NORD-OVEST;PIEMONTE;TO;1001043;A1CE; ;B284;BUSANO;B;B1;TO00000152;13;Box;NORMALE;P;410;620;L;2,5;3,8;L;
NORD-OVEST;PIEMONTE;TO;1001043;A1CE; ;B284;BUSANO;B;B1;TO00000152;9;Magazzini;NORMALE;P;300;450;L;2;2,9;L;
NORD-OVEST;PIEMONTE;TO;1001043;A1CE; ;B284;BUSANO;B;B1;TO00000152;5;Negozi;NORMALE;P;390;780;L;3,1;6,2;L;
NORD-OVEST;PIEMONTE;TO;1001043;A1CE; ;B284;BUSANO;B;B1;TO00000152;8;Capannoni industriali;NORMALE;P;200;370;L;1,5;2,6;L;
NORD-OVEST;PIEMONTE;TO;1001044;A1CF; ;B297;BUSSOLENO;B;B1;TO00000991;21;Abitazioni di tipo economico;NORMALE;P;420;630;L;2,8;4,2;L;
NORD-OVEST;PIEMONTE;TO;1001044;A1CF; ;B297;BUSSOLENO;B;B1;TO00000991;13;Box;NORMALE;P;410;610;L;2,3;3,5;L;
NORD-OVEST;PIEMONTE;TO;1001044;A1CF; ;B297;BUSSOLENO;B;B1;TO00000991;5;Negozi;NORMALE;P;390;770;L;3,4;6,8;L;
NORD-OVEST;PIEMONTE;TO;1001044;A1CF; ;B297;BUSSOLENO;B;B2;TO00000992;20;Abitazioni civili;NORMALE;P;560;840;L;3,7;5,6;L;
NORD-OVEST;PIEMONTE;TO;1001044;A1CF; ;B297;BUSSOLENO;B;B2;TO00000992;21;Abitazioni di tipo economico;NORMALE;P;480;720;L;2,8;4,2;L;
NORD-OVEST;PIEMONTE;TO;1001044;A1CF; ;B297;BUSSOLENO;B;B2;TO00000992;13;Box;NORMALE;P;390;580;L;2,2;3,3;L;
NORD-OVEST;PIEMONTE;TO;1001044;A1CF; ;B297;BUSSOLENO;B;B2;TO00000992;5;Negozi;NORMALE;P;400;800;L;4;8;L;
NORD-OVEST;PIEMONTE;TO;1001044;A1CF; ;B297;BUSSOLENO;B;B2;TO00000992;6;Uffici;NORMALE;P;530;1050;L;2,8;5,6;L;
NORD-OVEST;PIEMONTE;TO;1001044;A1CF; ;B297;BUSSOLENO;C;C1;TO00000155;20;Abitazioni civili;NORMALE;P;620;940;L;3,5;5,3;L;
NORD-OVEST;PIEMONTE;TO;1001044;A1CF; ;B297;BUSSOLENO;C;C1;TO00000155;21;Abitazioni di tipo economico;NORMALE;P;540;820;L;3;4,5;L;
NORD-OVEST;PIEMONTE;TO;1001044;A1CF; ;B297;BUSSOLENO;C;C1;TO00000155;13;Box;NORMALE;P;380;570;L;2,2;3,3;L;
NORD-OVEST;PIEMONTE;TO;1001044;A1CF; ;B297;BUSSOLENO;C;C1;TO00000155;1;Ville e Villini;NORMALE;P;700;1050;L;2,6;3,9;L;
NORD-OVEST;PIEMONTE;TO;1001044;A1CF; ;B297;BUSSOLENO;C;C1;TO00000155;9;Magazzini;NORMALE;P;220;320;L;1,5;2,2;L;
NORD-OVEST;PIEMONTE;TO;1001044;A1CF; ;B297;BUSSOLENO;C;C1;TO00000155;5;Negozi;NORMALE;P;380;760;L;3,5;7;L;
NORD-OVEST;PIEMONTE;TO;1001044;A1CF; ;B297;BUSSOLENO;D;D1;TO00000993;20;Abitazioni civili;NORMALE;P;660;1000;L;3,1;4,7;L;
NORD-OVEST;PIEMONTE;TO;1001044;A1CF; ;B297;BUSSOLENO;D;D1;TO00000993;21;Abitazioni di tipo economico;NORMALE;P;540;820;L;3;4,4;L;
NORD-OVEST;PIEMONTE;TO;1001044;A1CF; ;B297;BUSSOLENO;D;D1;TO00000993;1;Ville e Villini;NORMALE;P;620;930;L;2,3;3,5;L;
NORD-OVEST;PIEMONTE;TO;1001044;A1CF; ;B297;BUSSOLENO;D;D1;TO00000993;9;Magazzini;NORMALE;P;220;330;L;1,5;2,3;L;
NORD-OVEST;PIEMONTE;TO;1001044;A1CF; ;B297;BUSSOLENO;D;D1;TO00000993;6;Uffici;NORMALE;P;470;920;L;2,5;5;L;
NORD-OVEST;PIEMONTE;TO;1001044;A1CF; ;B297;BUSSOLENO;D;D1;TO00000993;8;Capannoni industriali;NORMALE;P;250;480;L;1,6;3,1;L;
NORD-OVEST;PIEMONTE;TO;1001045;A1CH; ;B305;BUTTIGLIERA ALTA;B;B1;TO00000159;20;Abitazioni civili;NORMALE;P;850;1250;L;4;6;L;
NORD-OVEST;PIEMONTE;TO;1001045;A1CH; ;B305;BUTTIGLIERA ALTA;B;B1;TO00000159;21;Abitazioni di tipo economico;NORMALE;P;630;950;L;3,2;4,8;L;
NORD-OVEST;PIEMONTE;TO;1001045;A1CH; ;B305;BUTTIGLIERA ALTA;B;B1;TO00000159;13;Box;NORMALE;P;620;930;L;2,6;3,9;L;
NORD-OVEST;PIEMONTE;TO;1001045;A1CH; ;B305;BUTTIGLIERA ALTA;B;B1;TO00000159;9;Magazzini;NORMALE;P;340;510;L;2,1;3,2;L;
NORD-OVEST;PIEMONTE;TO;1001045;A1CH; ;B305;BUTTIGLIERA ALTA;B;B1;TO00000159;5;Negozi;NORMALE;P;470;940;L;3,9;7,8;L;
NORD-OVEST;PIEMONTE;TO;1001045;A1CH; ;B305;BUTTIGLIERA ALTA;D;D4;TO00003292;20;Abitazioni civili;NORMALE;P;1050;1550;L;3,8;5,7;L;
NORD-OVEST;PIEMONTE;TO;1001045;A1CH; ;B305;BUTTIGLIERA ALTA;D;D4;TO00003292;21;Abitazioni di tipo economico;NORMALE;P;870;1300;L;3,7;5,5;L;
NORD-OVEST;PIEMONTE;TO;1001045;A1CH; ;B305;BUTTIGLIERA ALTA;D;D4;TO00003292;13;Box;NORMALE;P;540;810;L;2,6;3,9;L;
NORD-OVEST;PIEMONTE;TO;1001045;A1CH; ;B305;BUTTIGLIERA ALTA;D;D4;TO00003292;1;Ville e Villini;NORMALE;P;1050;1600;L;4,1;6,2;L;
NORD-OVEST;PIEMONTE;TO;1001045;A1CH; ;B305;BUTTIGLIERA ALTA;E;E3;TO00003290;8;Capannoni industriali;NORMALE;P;240;480;L;1,6;3;L;
NORD-OVEST;PIEMONTE;TO;1001045;A1CH; ;B305;BUTTIGLIERA ALTA;E;E3;TO00003290;10;Laboratori;NORMALE;P;390;780;L;2,2;4,4;L;
NORD-OVEST;PIEMONTE;TO;1001045;A1CH; ;B305;BUTTIGLIERA ALTA;E;E4;TO00003291;20;Abitazioni civili;NORMALE;P;830;1250;L;3,8;5,7;L;
NORD-OVEST;PIEMONTE;TO;1001045;A1CH; ;B305;BUTTIGLIERA ALTA;E;E4;TO00003291;21;Abitazioni di tipo economico;NORMALE;P;740;1100;L;3,7;5,5;L;
NORD-OVEST;PIEMONTE;TO;1001045;A1CH; ;B305;BUTTIGLIERA ALTA;E;E4;TO00003291;13;Box;NORMALE;P;550;830;L;2,8;4,2;L;
NORD-OVEST;PIEMONTE;TO;1001045;A1CH; ;B305;BUTTIGLIERA ALTA;E;E4;TO00003291;1;Ville e Villini;NORMALE;P;970;1450;L;3,9;5,8;L;
NORD-OVEST;PIEMONTE;TO;1001045;A1CH; ;B305;BUTTIGLIERA ALTA;E;E4;TO00003291;5;Negozi;NORMALE;P;430;860;L;4,8;9,6;L;
NORD-OVEST;PIEMONTE;TO;1001046;A1CI; ;B350;CAFASSE;B;B1;TO00000876;20;Abitazioni civili;NORMALE;P;520;780;L;3,2;4,8;L;
NORD-OVEST;PIEMONTE;TO;1001046;A1CI; ;B350;CAFASSE;B;B1;TO00000876;21;Abitazioni di tipo economico;NORMALE;P;450;680;L;3;4,5;L;
NORD-OVEST;PIEMONTE;TO;1001046;A1CI; ;B350;CAFASSE;B;B1;TO00000876;13;Box;NORMALE;P;360;540;L;2,4;3,5;L;
NORD-OVEST;PIEMONTE;TO;1001046;A1CI; ;B350;CAFASSE;B;B1;TO00000876;1;Ville e Villini;NORMALE;P;700;1050;L;3;4,5;L;
NORD-OVEST;PIEMONTE;TO;1001046;A1CI; ;B350;CAFASSE;B;B1;TO00000876;9;Magazzini;NORMALE;P;230;340;L;1,9;2,9;L;
NORD-OVEST;PIEMONTE;TO;1001046;A1CI; ;B350;CAFASSE;B;B1;TO00000876;5;Negozi;NORMALE;P;490;980;L;4;8;L;
NORD-OVEST;PIEMONTE;TO;1001046;A1CI; ;B350;CAFASSE;B;B1;TO00000876;8;Capannoni industriali;NORMALE;P;180;340;L;1,4;2,5;L;
NORD-OVEST;PIEMONTE;TO;1001046;A1CI; ;B350;CAFASSE;B;B1;TO00000876;10;Laboratori;NORMALE;P;250;500;L;1,4;2,8;L;
NORD-OVEST;PIEMONTE;TO;1001047;A1CJ; ;B435;CALUSO;B;B1;TO00000163;21;Abitazioni di tipo economico;NORMALE;P;520;780;L;3,6;5,4;L;
NORD-OVEST;PIEMONTE;TO;1001047;A1CJ; ;B435;CALUSO;B;B1;TO00000163;13;Box;NORMALE;P;500;750;L;3;4,5;L;
NORD-OVEST;PIEMONTE;TO;1001047;A1CJ; ;B435;CALUSO;B;B1;TO00000163;5;Negozi;NORMALE;P;530;1050;L;4,6;9,2;L;
NORD-OVEST;PIEMONTE;TO;1001047;A1CJ; ;B435;CALUSO;B;B1;TO00000163;6;Uffici;NORMALE;P;490;980;L;3,3;6,6;L;
NORD-OVEST;PIEMONTE;TO;1001047;A1CJ; ;B435;CALUSO;C;C1;TO00001155;20;Abitazioni civili;NORMALE;P;550;840;L;3,1;4,6;L;
NORD-OVEST;PIEMONTE;TO;1001047;A1CJ; ;B435;CALUSO;C;C1;TO00001155;20;Abitazioni civili;OTTIMO; ;1000;1500;L;4,4;6,6;L;
NORD-OVEST;PIEMONTE;TO;1001047;A1CJ; ;B435;CALUSO;C;C1;TO00001155;21;Abitazioni di tipo economico;OTTIMO; ;700;1000;L;3,4;5,1;L;
NORD-OVEST;PIEMONTE;TO;1001047;A1CJ; ;B435;CALUSO;C;C1;TO00001155;21;Abitazioni di tipo economico;NORMALE;P;400;600;L;2,6;3,9;L;
NORD-OVEST;PIEMONTE;TO;1001047;A1CJ; ;B435;CALUSO;C;C1;TO00001155;13;Box;NORMALE;P;500;750;L;2,6;3,9;L;
NORD-OVEST;PIEMONTE;TO;1001047;A1CJ; ;B435;CALUSO;C;C1;TO00001155;5;Negozi;NORMALE;P;530;1050;L;4,3;8,6;L;
NORD-OVEST;PIEMONTE;TO;1001047;A1CJ; ;B435;CALUSO;C;C1;TO00001155;6;Uffici;NORMALE;P;480;960;L;3,5;6,7;L;
NORD-OVEST;PIEMONTE;TO;1001047;A1CJ; ;B435;CALUSO;D;D1;TO00001156;9;Magazzini;NORMALE;P;340;500;L;2,2;3,3;L;
NORD-OVEST;PIEMONTE;TO;1001047;A1CJ; ;B435;CALUSO;D;D1;TO00001156;8;Capannoni industriali;NORMALE;P;210;420;L;1,4;2,8;L;
NORD-OVEST;PIEMONTE;TO;1001047;A1CJ; ;B435;CALUSO;E;E1;TO00001157;20;Abitazioni civili;NORMALE;P;710;1050;L;2,9;4,4;L;
NORD-OVEST;PIEMONTE;TO;1001047;A1CJ; ;B435;CALUSO;E;E1;TO00001157;21;Abitazioni di tipo economico;NORMALE;P;480;720;L;2,5;3,7;L;
NORD-OVEST;PIEMONTE;TO;1001047;A1CJ; ;B435;CALUSO;E;E1;TO00001157;13;Box;NORMALE;P;500;750;L;2,9;4,4;L;
NORD-OVEST;PIEMONTE;TO;1001047;A1CJ; ;B435;CALUSO;E;E3;TO00001159;20;Abitazioni civili;NORMALE;P;570;860;L;2,8;4,2;L;
NORD-OVEST;PIEMONTE;TO;1001047;A1CJ; ;B435;CALUSO;E;E3;TO00001159;21;Abitazioni di tipo economico;NORMALE;P;460;690;L;2,5;3,7;L;
NORD-OVEST;PIEMONTE;TO;1001047;A1CJ; ;B435;CALUSO;E;E3;TO00001159;13;Box;NORMALE;P;460;690;L;2,7;4,1;L;
NORD-OVEST;PIEMONTE;TO;1001048;A1CL; ;B462;CAMBIANO;B;B1;TO00000165;21;Abitazioni di tipo economico;NORMALE;P;620;940;L;3,8;5,7;L;
NORD-OVEST;PIEMONTE;TO;1001048;A1CL; ;B462;CAMBIANO;B;B1;TO00000165;21;Abitazioni di tipo economico;OTTIMO; ;980;1450;L;4,8;7,2;L;
NORD-OVEST;PIEMONTE;TO;1001048;A1CL; ;B462;CAMBIANO;B;B1;TO00000165;13;Box;NORMALE;P;580;860;L;3,1;4,7;L;
NORD-OVEST;PIEMONTE;TO;1001048;A1CL; ;B462;CAMBIANO;B;B1;TO00000165;5;Negozi;NORMALE;P;500;1000;L;5,3;10,5;L;
NORD-OVEST;PIEMONTE;TO;1001048;A1CL; ;B462;CAMBIANO;B;B1;TO00000165;6;Uffici;NORMALE;P;720;1050;L;3,8;7,5;L;
NORD-OVEST;PIEMONTE;TO;1001048;A1CL; ;B462;CAMBIANO;C;C1;TO00001270;20;Abitazioni civili;NORMALE;P;870;1300;L;3,5;5,2;L;
NORD-OVEST;PIEMONTE;TO;1001048;A1CL; ;B462;CAMBIANO;C;C1;TO00001270;20;Abitazioni civili;OTTIMO; ;1350;2000;L;5;7,5;L;
NORD-OVEST;PIEMONTE;TO;1001048;A1CL; ;B462;CAMBIANO;C;C1;TO00001270;21;Abitazioni di tipo economico;OTTIMO; ;970;1450;L;4,4;6,3;L;
NORD-OVEST;PIEMONTE;TO;1001048;A1CL; ;B462;CAMBIANO;C;C1;TO00001270;21;Abitazioni di tipo economico;NORMALE;P;710;1050;L;3,4;5,1;L;
NORD-OVEST;PIEMONTE;TO;1001048;A1CL; ;B462;CAMBIANO;C;C1;TO00001270;13;Box;NORMALE;P;610;910;L;3,1;4,6;L;
NORD-OVEST;PIEMONTE;TO;1001048;A1CL; ;B462;CAMBIANO;C;C1;TO00001270;5;Negozi;NORMALE;P;500;990;L;4,4;8,8;L;
NORD-OVEST;PIEMONTE;TO;1001048;A1CL; ;B462;CAMBIANO;D;D2;TO00001272;21;Abitazioni di tipo economico;NORMALE;P;680;1000;L;3,7;5,4;L;
NORD-OVEST;PIEMONTE;TO;1001048;A1CL; ;B462;CAMBIANO;D;D2;TO00001272;9;Magazzini;NORMALE;P;330;490;L;2,4;3,6;L;
NORD-OVEST;PIEMONTE;TO;1001048;A1CL; ;B462;CAMBIANO;D;D2;TO00001272;6;Uffici;NORMALE;P;680;1000;L;4,1;8,2;L;
NORD-OVEST;PIEMONTE;TO;1001048;A1CL; ;B462;CAMBIANO;D;D2;TO00001272;8;Capannoni industriali;NORMALE;P;230;460;L;2;4;L;
NORD-OVEST;PIEMONTE;TO;1001048;A1CL; ;B462;CAMBIANO;D;D2;TO00001272;10;Laboratori;NORMALE;P;380;760;L;2,5;3,8;L;
NORD-OVEST;PIEMONTE;TO;1001048;A1CL; ;B462;CAMBIANO;E;E1;TO00003293;20;Abitazioni civili;NORMALE;P;870;1300;L;3,8;5,7;L;
NORD-OVEST;PIEMONTE;TO;1001048;A1CL; ;B462;CAMBIANO;E;E1;TO00003293;20;Abitazioni civili;OTTIMO; ;1300;1950;L;5,1;7,3;L;
NORD-OVEST;PIEMONTE;TO;1001048;A1CL; ;B462;CAMBIANO;E;E1;TO00003293;13;Box;NORMALE;P;620;940;L;4;6;L;
NORD-OVEST;PIEMONTE;TO;1001288;A1CM; ;B510;VALPRATO SOANA;B;B1;TO00000989;21;Abitazioni di tipo economico;NORMALE;P;360;540;L;2,3;3,4;L;
NORD-OVEST;PIEMONTE;TO;1001288;A1CM; ;B510;VALPRATO SOANA;B;B1;TO00000989;13;Box;NORMALE;P;250;380;L;1,6;2,4;L;
NORD-OVEST;PIEMONTE;TO;1001049;A1CN; ;B512;CAMPIGLIONE FENILE;B;B1;TO00000881;20;Abitazioni civili;NORMALE;P;620;930;L;2,6;3,7;L;
NORD-OVEST;PIEMONTE;TO;1001049;A1CN; ;B512;CAMPIGLIONE FENILE;B;B1;TO00000881;21;Abitazioni di tipo economico;NORMALE;P;510;760;L;2,4;3,5;L;
NORD-OVEST;PIEMONTE;TO;1001049;A1CN; ;B512;CAMPIGLIONE FENILE;B;B1;TO00000881;1;Ville e Villini;NORMALE;P;630;940;L;2,6;3,9;L;
NORD-OVEST;PIEMONTE;TO;1001049;A1CN; ;B512;CAMPIGLIONE FENILE;B;B1;TO00000881;9;Magazzini;NORMALE;P;290;430;L;2;2,9;L;
NORD-OVEST;PIEMONTE;TO;1001049;A1CN; ;B512;CAMPIGLIONE FENILE;B;B1;TO00000881;5;Negozi;NORMALE;P;400;800;L;2,8;5,6;L;
NORD-OVEST;PIEMONTE;TO;1001049;A1CN; ;B512;CAMPIGLIONE FENILE;B;B1;TO00000881;8;Capannoni industriali;NORMALE;P;210;410;L;1,6;3,1;L;
NORD-OVEST;PIEMONTE;TO;1001049;A1CN; ;B512;CAMPIGLIONE FENILE;B;B1;TO00000881;10;Laboratori;NORMALE;P;290;580;L;1,6;3,2;L;
NORD-OVEST;PIEMONTE;TO;1001050;A1CQ; ;B588;CANDIA CANAVESE;B;B1;TO00000877;20;Abitazioni civili;NORMALE;P;630;940;L;2,8;4;L;
NORD-OVEST;PIEMONTE;TO;1001050;A1CQ; ;B588;CANDIA CANAVESE;B;B1;TO00000877;21;Abitazioni di tipo economico;NORMALE;P;440;660;L;2,4;3,6;L;
NORD-OVEST;PIEMONTE;TO;1001050;A1CQ; ;B588;CANDIA CANAVESE;B;B1;TO00000877;13;Box;NORMALE;P;400;600;L;2,8;4,2;L;
NORD-OVEST;PIEMONTE;TO;1001050;A1CQ; ;B588;CANDIA CANAVESE;B;B1;TO00000877;9;Magazzini;NORMALE;P;320;480;L;1,8;2,7;L;
NORD-OVEST;PIEMONTE;TO;1001050;A1CQ; ;B588;CANDIA CANAVESE;B;B1;TO00000877;5;Negozi;NORMALE;P;390;780;L;2,6;5;L;
NORD-OVEST;PIEMONTE;TO;1001050;A1CQ; ;B588;CANDIA CANAVESE;B;B1;TO00000877;8;Capannoni industriali;NORMALE;P;210;420;L;1,4;2,8;L;
NORD-OVEST;PIEMONTE;TO;1001051;A1CR; ;B592;CANDIOLO;B;B1;TO00000878;20;Abitazioni civili;NORMALE;P;970;1450;L;4,4;6,6;L;
NORD-OVEST;PIEMONTE;TO;1001051;A1CR; ;B592;CANDIOLO;B;B1;TO00000878;20;Abitazioni civili;OTTIMO; ;1400;2100;L;5,4;7,9;L;
NORD-OVEST;PIEMONTE;TO;1001051;A1CR; ;B592;CANDIOLO;B;B1;TO00000878;21;Abitazioni di tipo economico;OTTIMO; ;1100;1650;L;4,6;6,7;L;
NORD-OVEST;PIEMONTE;TO;1001051;A1CR; ;B592;CANDIOLO;B;B1;TO00000878;21;Abitazioni di tipo economico;NORMALE;P;800;1200;L;4,1;6,1;L;
NORD-OVEST;PIEMONTE;TO;1001051;A1CR; ;B592;CANDIOLO;B;B1;TO00000878;13;Box;NORMALE;P;540;810;L;3,4;5,1;L;
NORD-OVEST;PIEMONTE;TO;1001051;A1CR; ;B592;CANDIOLO;B;B1;TO00000878;1;Ville e Villini;NORMALE;P;1150;1750;L;4,5;6,7;L;
NORD-OVEST;PIEMONTE;TO;1001051;A1CR; ;B592;CANDIOLO;B;B1;TO00000878;5;Negozi;NORMALE;P;480;940;L;5,8;11,6;L;
NORD-OVEST;PIEMONTE;TO;1001052;A1CS; ;B605;CANISCHIO;B;B1;TO00000880;21;Abitazioni di tipo economico;NORMALE;P;420;630;L;2,1;3,1;L;
NORD-OVEST;PIEMONTE;TO;1001052;A1CS; ;B605;CANISCHIO;B;B1;TO00000880;13;Box;NORMALE;P;340;510;L;1,9;2,7;L;
NORD-OVEST;PIEMONTE;TO;1001052;A1CS; ;B605;CANISCHIO;B;B1;TO00000880;9;Magazzini;NORMALE;P;280;420;L;1,8;2,5;L;
NORD-OVEST;PIEMONTE;TO;1001053;A1CT; ;B628;CANTALUPA;B;B1;TO00000882;20;Abitazioni civili;NORMALE;P;730;1100;L;3,7;5,6;L;
NORD-OVEST;PIEMONTE;TO;1001053;A1CT; ;B628;CANTALUPA;B;B1;TO00000882;21;Abitazioni di tipo economico;NORMALE;P;610;920;L;3,1;4,6;L;
NORD-OVEST;PIEMONTE;TO;1001053;A1CT; ;B628;CANTALUPA;B;B1;TO00000882;13;Box;NORMALE;P;430;650;L;2,5;3,7;L;
NORD-OVEST;PIEMONTE;TO;1001053;A1CT; ;B628;CANTALUPA;B;B1;TO00000882;1;Ville e Villini;NORMALE;P;700;1050;L;3,3;4,9;L;
NORD-OVEST;PIEMONTE;TO;1001053;A1CT; ;B628;CANTALUPA;B;B1;TO00000882;1;Ville e Villini;OTTIMO; ;1100;1650;L;4,1;6,1;L;
NORD-OVEST;PIEMONTE;TO;1001053;A1CT; ;B628;CANTALUPA;B;B1;TO00000882;9;Magazzini;NORMALE;P;370;550;L;2,3;3,5;L;
NORD-OVEST;PIEMONTE;TO;1001053;A1CT; ;B628;CANTALUPA;B;B1;TO00000882;5;Negozi;NORMALE;P;530;1050;L;4,2;8,4;L;
NORD-OVEST;PIEMONTE;TO;1001053;A1CT; ;B628;CANTALUPA;B;B1;TO00000882;8;Capannoni industriali;NORMALE;P;220;430;L;1,5;2,9;L;
NORD-OVEST;PIEMONTE;TO;1001053;A1CT; ;B628;CANTALUPA;B;B1;TO00000882;10;Laboratori;NORMALE;P;460;700;L;2,7;4,2;L;
NORD-OVEST;PIEMONTE;TO;1001054;A1CU; ;B637;CANTOIRA;B;B1;TO00000180;20;Abitazioni civili;NORMALE;P;480;720;L;1,9;2,7;L;
NORD-OVEST;PIEMONTE;TO;1001054;A1CU; ;B637;CANTOIRA;B;B1;TO00000180;21;Abitazioni di tipo economico;NORMALE;P;370;550;L;1,5;2,2;L;
NORD-OVEST;PIEMONTE;TO;1001054;A1CU; ;B637;CANTOIRA;B;B1;TO00000180;13;Box;NORMALE;P;350;520;L;1,6;2,3;L;
NORD-OVEST;PIEMONTE;TO;1001054;A1CU; ;B637;CANTOIRA;B;B1;TO00000180;1;Ville e Villini;NORMALE;P;540;810;L;2,2;3,3;L;
NORD-OVEST;PIEMONTE;TO;1001054;A1CU; ;B637;CANTOIRA;B;B1;TO00000180;9;Magazzini;NORMALE;P;230;340;L;1,5;2,3;L;
NORD-OVEST;PIEMONTE;TO;1001054;A1CU; ;B637;CANTOIRA;B;B1;TO00000180;5;Negozi;NORMALE;P;320;640;L;2,5;5;L;
NORD-OVEST;PIEMONTE;TO;1001055;A1CV; ;B705;CAPRIE;B;B1;TO00000182;20;Abitazioni civili;NORMALE;P;870;1300;L;3,7;5,5;L;
NORD-OVEST;PIEMONTE;TO;1001055;A1CV; ;B705;CAPRIE;B;B1;TO00000182;21;Abitazioni di tipo economico;NORMALE;P;640;960;L;3,4;5,1;L;
NORD-OVEST;PIEMONTE;TO;1001055;A1CV; ;B705;CAPRIE;B;B1;TO00000182;13;Box;NORMALE;P;370;550;L;2,3;3,4;L;
NORD-OVEST;PIEMONTE;TO;1001055;A1CV; ;B705;CAPRIE;B;B1;TO00000182;1;Ville e Villini;NORMALE;P;800;1200;L;3,1;4,5;L;
NORD-OVEST;PIEMONTE;TO;1001055;A1CV; ;B705;CAPRIE;B;B1;TO00000182;9;Magazzini;NORMALE;P;260;390;L;1,7;2,5;L;
NORD-OVEST;PIEMONTE;TO;1001055;A1CV; ;B705;CAPRIE;B;B1;TO00000182;5;Negozi;NORMALE;P;440;880;L;3,4;6,8;L;
NORD-OVEST;PIEMONTE;TO;1001055;A1CV; ;B705;CAPRIE;B;B1;TO00000182;8;Capannoni industriali;NORMALE;P;220;440;L;1,4;2,8;L;
NORD-OVEST;PIEMONTE;TO;1001055;A1CV; ;B705;CAPRIE;B;B1;TO00000182;10;Laboratori;NORMALE;P;310;480;L;1,7;2,6;L;
NORD-OVEST;PIEMONTE;TO;1001056;A1CW; ;B733;CARAVINO;B;B1;TO00000184;20;Abitazioni civili;NORMALE;P;390;590;L;2,3;3,5;L;
NORD-OVEST;PIEMONTE;TO;1001056;A1CW; ;B733;CARAVINO;B;B1;TO00000184;21;Abitazioni di tipo economico;NORMALE;P;330;500;L;1,9;2,9;L;
NORD-OVEST;PIEMONTE;TO;1001056;A1CW; ;B733;CARAVINO;B;B1;TO00000184;13;Box;NORMALE;P;290;430;L;2;2,9;L;
NORD-OVEST;PIEMONTE;TO;1001056;A1CW; ;B733;CARAVINO;B;B1;TO00000184;1;Ville e Villini;NORMALE;P;460;690;L;2,1;3;L;
NORD-OVEST;PIEMONTE;TO;1001056;A1CW; ;B733;CARAVINO;B;B1;TO00000184;9;Magazzini;NORMALE;P;135;200;L;,9;1,3;L;
NORD-OVEST;PIEMONTE;TO;1001056;A1CW; ;B733;CARAVINO;B;B1;TO00000184;5;Negozi;NORMALE;P;290;580;L;1,8;3,6;L;
NORD-OVEST;PIEMONTE;TO;1001056;A1CW; ;B733;CARAVINO;B;B1;TO00000184;10;Laboratori;NORMALE;P;150;300;L;,8;1,6;L;
NORD-OVEST;PIEMONTE;TO;1001057;A1CX; ;B762;CAREMA;B;B1;TO00000186;20;Abitazioni civili;NORMALE;P;440;660;L;1,9;2,8;L;
NORD-OVEST;PIEMONTE;TO;1001057;A1CX; ;B762;CAREMA;B;B1;TO00000186;21;Abitazioni di tipo economico;NORMALE;P;340;510;L;1,5;2,2;L;
NORD-OVEST;PIEMONTE;TO;1001057;A1CX; ;B762;CAREMA;B;B1;TO00000186;13;Box;NORMALE;P;310;470;L;1,9;2,8;L;
NORD-OVEST;PIEMONTE;TO;1001057;A1CX; ;B762;CAREMA;B;B1;TO00000186;9;Magazzini;NORMALE;P;200;300;L;1,2;1,8;L;
NORD-OVEST;PIEMONTE;TO;1001057;A1CX; ;B762;CAREMA;B;B1;TO00000186;5;Negozi;NORMALE;P;280;560;L;2;4;L;
NORD-OVEST;PIEMONTE;TO;1001057;A1CX; ;B762;CAREMA;B;B1;TO00000186;10;Laboratori;NORMALE;P;160;320;L;,9;1,8;L;
NORD-OVEST;PIEMONTE;TO;1001058;A1CY; ;B777;CARIGNANO;B;B1;TO00000188;20;Abitazioni civili;NORMALE;P;870;1300;L;4,3;6,5;L;
NORD-OVEST;PIEMONTE;TO;1001058;A1CY; ;B777;CARIGNANO;B;B1;TO00000188;21;Abitazioni di tipo economico;NORMALE;P;670;1000;L;4;6;L;
NORD-OVEST;PIEMONTE;TO;1001058;A1CY; ;B777;CARIGNANO;B;B1;TO00000188;13;Box;NORMALE;P;540;810;L;3,6;5,4;L;
NORD-OVEST;PIEMONTE;TO;1001058;A1CY; ;B777;CARIGNANO;B;B1;TO00000188;5;Negozi;NORMALE;P;530;1000;L;5,4;10,8;L;
NORD-OVEST;PIEMONTE;TO;1001058;A1CY; ;B777;CARIGNANO;B;B1;TO00000188;6;Uffici;NORMALE;P;600;1100;L;3,9;7,8;L;
NORD-OVEST;PIEMONTE;TO;1001058;A1CY; ;B777;CARIGNANO;D;D1;TO00001384;8;Capannoni industriali;NORMALE;P;240;480;L;1,7;3,3;L;
NORD-OVEST;PIEMONTE;TO;1001058;A1CY; ;B777;CARIGNANO;D;D2;TO00002498;20;Abitazioni civili;OTTIMO; ;1400;2100;L;5,8;8,7;L;
NORD-OVEST;PIEMONTE;TO;1001058;A1CY; ;B777;CARIGNANO;D;D2;TO00002498;20;Abitazioni civili;NORMALE;P;890;1350;L;3,9;5,9;L;
NORD-OVEST;PIEMONTE;TO;1001058;A1CY; ;B777;CARIGNANO;D;D2;TO00002498;21;Abitazioni di tipo economico;NORMALE;P;640;970;L;3,8;5,8;L;
NORD-OVEST;PIEMONTE;TO;1001058;A1CY; ;B777;CARIGNANO;D;D2;TO00002498;13;Box;NORMALE;P;600;900;L;3,3;4,9;L;
NORD-OVEST;PIEMONTE;TO;1001058;A1CY; ;B777;CARIGNANO;D;D2;TO00002498;1;Ville e Villini;NORMALE;P;940;1400;L;3,7;5,6;L;
NORD-OVEST;PIEMONTE;TO;1001058;A1CY; ;B777;CARIGNANO;D;D2;TO00002498;5;Negozi;NORMALE;P;480;960;L;4,6;9,2;L;
NORD-OVEST;PIEMONTE;TO;1001058;A1CY; ;B777;CARIGNANO;E;E1;TO00001385;20;Abitazioni civili;NORMALE;P;950;1450;L;3,8;5,7;L;
NORD-OVEST;PIEMONTE;TO;1001058;A1CY; ;B777;CARIGNANO;E;E1;TO00001385;13;Box;NORMALE;P;610;920;L;3,3;5;L;
NORD-OVEST;PIEMONTE;TO;1001058;A1CY; ;B777;CARIGNANO;E;E2;TO00002310;20;Abitazioni civili;NORMALE;P;920;1400;L;3,8;5,7;L;
NORD-OVEST;PIEMONTE;TO;1001059;A1CZ; ;B791;CARMAGNOLA;B;B1;TO00000208;20;Abitazioni civili;NORMALE;P;960;1450;L;4,4;6,6;L;
NORD-OVEST;PIEMONTE;TO;1001059;A1CZ; ;B791;CARMAGNOLA;B;B1;TO00000208;21;Abitazioni di tipo economico;NORMALE;P;660;990;L;3,7;5,6;L;
NORD-OVEST;PIEMONTE;TO;1001059;A1CZ; ;B791;CARMAGNOLA;B;B1;TO00000208;21;Abitazioni di tipo economico;OTTIMO; ;1050;1550;L;5,2;7,8;L;
NORD-OVEST;PIEMONTE;TO;1001059;A1CZ; ;B791;CARMAGNOLA;B;B1;TO00000208;13;Box;NORMALE;P;730;1100;L;3,3;4,9;L;
NORD-OVEST;PIEMONTE;TO;1001059;A1CZ; ;B791;CARMAGNOLA;B;B1;TO00000208;9;Magazzini;NORMALE;P;540;810;L;3,6;5,4;L;
NORD-OVEST;PIEMONTE;TO;1001059;A1CZ; ;B791;CARMAGNOLA;B;B1;TO00000208;5;Negozi;NORMALE;P;800;1600;L;6,1;12,2;L;
NORD-OVEST;PIEMONTE;TO;1001059;A1CZ; ;B791;CARMAGNOLA;B;B1;TO00000208;6;Uffici;NORMALE;P;580;1150;L;4,3;8,5;L;
NORD-OVEST;PIEMONTE;TO;1001059;A1CZ; ;B791;CARMAGNOLA;D;D1;TO00002450;20;Abitazioni civili;OTTIMO; ;1250;1850;L;5,4;8,1;L;
NORD-OVEST;PIEMONTE;TO;1001059;A1CZ; ;B791;CARMAGNOLA;D;D1;TO00002450;20;Abitazioni civili;NORMALE;P;800;1200;L;3,6;5,4;L;
NORD-OVEST;PIEMONTE;TO;1001059;A1CZ; ;B791;CARMAGNOLA;D;D1;TO00002450;21;Abitazioni di tipo economico;OTTIMO; ;1000;1500;L;5,2;7,8;L;
NORD-OVEST;PIEMONTE;TO;1001059;A1CZ; ;B791;CARMAGNOLA;D;D1;TO00002450;21;Abitazioni di tipo economico;NORMALE;P;660;990;L;3,3;5;L;
NORD-OVEST;PIEMONTE;TO;1001059;A1CZ; ;B791;CARMAGNOLA;D;D1;TO00002450;13;Box;NORMALE;P;590;880;L;2,9;4,4;L;
NORD-OVEST;PIEMONTE;TO;1001059;A1CZ; ;B791;CARMAGNOLA;D;D1;TO00002450;1;Ville e Villini;NORMALE;P;860;1300;L;3,2;4,8;L;
NORD-OVEST;PIEMONTE;TO;1001059;A1CZ; ;B791;CARMAGNOLA;D;D1;TO00002450;1;Ville e Villini;OTTIMO; ;1300;1950;L;4,8;7,2;L;
NORD-OVEST;PIEMONTE;TO;1001059;A1CZ; ;B791;CARMAGNOLA;D;D1;TO00002450;9;Magazzini;NORMALE;P;400;600;L;3,1;4,6;L;
NORD-OVEST;PIEMONTE;TO;1001059;A1CZ; ;B791;CARMAGNOLA;D;D1;TO00002450;5;Negozi;NORMALE;P;630;1250;L;5,1;10,2;L;
NORD-OVEST;PIEMONTE;TO;1001059;A1CZ; ;B791;CARMAGNOLA;D;D1;TO00002450;6;Uffici;NORMALE;P;580;1150;L;4,4;8,8;L;
NORD-OVEST;PIEMONTE;TO;1001059;A1CZ; ;B791;CARMAGNOLA;D;D1;TO00002450;8;Capannoni industriali;NORMALE;P;310;620;L;1,8;3,6;L;
NORD-OVEST;PIEMONTE;TO;1001059;A1CZ; ;B791;CARMAGNOLA;D;D1;TO00002450;10;Laboratori;NORMALE;P;350;700;L;2,2;4,4;L;
NORD-OVEST;PIEMONTE;TO;1001059;A1CZ; ;B791;CARMAGNOLA;E;E1;TO00002451;20;Abitazioni civili;OTTIMO; ;1100;1650;L;4,7;7,1;L;
NORD-OVEST;PIEMONTE;TO;1001059;A1CZ; ;B791;CARMAGNOLA;E;E1;TO00002451;20;Abitazioni civili;NORMALE;P;750;1100;L;3,2;4,7;L;
NORD-OVEST;PIEMONTE;TO;1001059;A1CZ; ;B791;CARMAGNOLA;E;E1;TO00002451;21;Abitazioni di tipo economico;NORMALE;P;670;1000;L;3,6;5,4;L;
NORD-OVEST;PIEMONTE;TO;1001059;A1CZ; ;B791;CARMAGNOLA;E;E1;TO00002451;13;Box;NORMALE;P;620;940;L;3,1;4,7;L;
NORD-OVEST;PIEMONTE;TO;1001059;A1CZ; ;B791;CARMAGNOLA;E;E1;TO00002451;1;Ville e Villini;NORMALE;P;960;1450;L;3,5;5,3;L;
NORD-OVEST;PIEMONTE;TO;1001059;A1CZ; ;B791;CARMAGNOLA;E;E1;TO00002451;9;Magazzini;NORMALE;P;360;540;L;2,1;3,1;L;
NORD-OVEST;PIEMONTE;TO;1001060;A1DA; ;B867;CASALBORGONE;B;B1;TO00000883;20;Abitazioni civili;NORMALE;P;700;1050;L;3,7;5,5;L;
NORD-OVEST;PIEMONTE;TO;1001060;A1DA; ;B867;CASALBORGONE;B;B1;TO00000883;21;Abitazioni di tipo economico;NORMALE;P;480;720;L;2,9;4,3;L;
NORD-OVEST;PIEMONTE;TO;1001060;A1DA; ;B867;CASALBORGONE;B;B1;TO00000883;13;Box;NORMALE;P;350;530;L;2,2;3,3;L;
NORD-OVEST;PIEMONTE;TO;1001060;A1DA; ;B867;CASALBORGONE;B;B1;TO00000883;1;Ville e Villini;NORMALE;P;640;960;L;3;4,5;L;
NORD-OVEST;PIEMONTE;TO;1001060;A1DA; ;B867;CASALBORGONE;B;B1;TO00000883;1;Ville e Villini;OTTIMO; ;860;1250;L;3,4;5,1;L;
NORD-OVEST;PIEMONTE;TO;1001060;A1DA; ;B867;CASALBORGONE;B;B1;TO00000883;9;Magazzini;NORMALE;P;300;450;L;1,8;2,7;L;
NORD-OVEST;PIEMONTE;TO;1001060;A1DA; ;B867;CASALBORGONE;B;B1;TO00000883;5;Negozi;NORMALE;P;410;820;L;3,5;7;L;
NORD-OVEST;PIEMONTE;TO;1001060;A1DA; ;B867;CASALBORGONE;B;B1;TO00000883;10;Laboratori;NORMALE;P;320;480;L;1,9;3,2;L;
NORD-OVEST;PIEMONTE;TO;1001061;A1DB; ;B953;CASCINETTE D`IVREA;B;B1;TO00000215;20;Abitazioni civili;NORMALE;P;570;860;L;3,5;5,2;L;
NORD-OVEST;PIEMONTE;TO;1001061;A1DB; ;B953;CASCINETTE D`IVREA;B;B1;TO00000215;21;Abitazioni di tipo economico;NORMALE;P;480;720;L;2,9;4,4;L;
NORD-OVEST;PIEMONTE;TO;1001061;A1DB; ;B953;CASCINETTE D`IVREA;B;B1;TO00000215;13;Box;NORMALE;P;310;470;L;2;3;L;
NORD-OVEST;PIEMONTE;TO;1001061;A1DB; ;B953;CASCINETTE D`IVREA;B;B1;TO00000215;1;Ville e Villini;NORMALE;P;640;960;L;2,3;3,4;L;
NORD-OVEST;PIEMONTE;TO;1001061;A1DB; ;B953;CASCINETTE D`IVREA;B;B1;TO00000215;5;Negozi;NORMALE;P;360;720;L;2,2;4,4;L;
NORD-OVEST;PIEMONTE;TO;1001062;A1DC; ;B955;CASELETTE;B;B1;TO00000217;20;Abitazioni civili;NORMALE;P;1050;1550;L;4,6;6,9;L;
NORD-OVEST;PIEMONTE;TO;1001062;A1DC; ;B955;CASELETTE;B;B1;TO00000217;21;Abitazioni di tipo economico;NORMALE;P;780;1150;L;3,6;5,4;L;
NORD-OVEST;PIEMONTE;TO;1001062;A1DC; ;B955;CASELETTE;B;B1;TO00000217;13;Box;NORMALE;P;470;700;L;2,4;3,6;L;
NORD-OVEST;PIEMONTE;TO;1001062;A1DC; ;B955;CASELETTE;B;B1;TO00000217;1;Ville e Villini;NORMALE;P;1150;1700;L;3,6;5,4;L;
NORD-OVEST;PIEMONTE;TO;1001062;A1DC; ;B955;CASELETTE;B;B1;TO00000217;9;Magazzini;NORMALE;P;320;480;L;2;3;L;
NORD-OVEST;PIEMONTE;TO;1001062;A1DC; ;B955;CASELETTE;B;B1;TO00000217;5;Negozi;NORMALE;P;550;1100;L;4,1;8,2;L;
NORD-OVEST;PIEMONTE;TO;1001062;A1DC; ;B955;CASELETTE;B;B1;TO00000217;6;Uffici;NORMALE;P;580;1100;L;3;5,8;L;
NORD-OVEST;PIEMONTE;TO;1001062;A1DC; ;B955;CASELETTE;B;B1;TO00000217;8;Capannoni industriali;NORMALE;P;200;400;L;1,4;2,8;L;
NORD-OVEST;PIEMONTE;TO;1001062;A1DC; ;B955;CASELETTE;B;B1;TO00000217;10;Laboratori;NORMALE;P;340;580;L;1,9;3,4;L;
NORD-OVEST;PIEMONTE;TO;1001063;A1DD; ;B960;CASELLE TORINESE;B;B1;TO00000948;21;Abitazioni di tipo economico;NORMALE;P;760;1100;L;5,2;7,8;L;
NORD-OVEST;PIEMONTE;TO;1001063;A1DD; ;B960;CASELLE TORINESE;B;B1;TO00000948;13;Box;NORMALE;P;650;970;L;3,8;5,7;L;
NORD-OVEST;PIEMONTE;TO;1001063;A1DD; ;B960;CASELLE TORINESE;B;B1;TO00000948;9;Magazzini;NORMALE;P;460;690;L;3;4,4;L;
NORD-OVEST;PIEMONTE;TO;1001063;A1DD; ;B960;CASELLE TORINESE;B;B1;TO00000948;5;Negozi;NORMALE;P;650;1300;L;5,5;11;L;
NORD-OVEST;PIEMONTE;TO;1001063;A1DD; ;B960;CASELLE TORINESE;B;B1;TO00000948;6;Uffici;NORMALE;P;550;1100;L;4,7;9,4;L;
NORD-OVEST;PIEMONTE;TO;1001063;A1DD; ;B960;CASELLE TORINESE;B;B1;TO00000948;10;Laboratori;NORMALE;P;480;820;L;2,4;4,8;L;
NORD-OVEST;PIEMONTE;TO;1001063;A1DD; ;B960;CASELLE TORINESE;C;C1;TO00000219;20;Abitazioni civili;OTTIMO; ;1350;2050;L;6,1;9,1;L;
NORD-OVEST;PIEMONTE;TO;1001063;A1DD; ;B960;CASELLE TORINESE;C;C1;TO00000219;20;Abitazioni civili;NORMALE;P;870;1300;L;4,3;6,5;L;
NORD-OVEST;PIEMONTE;TO;1001063;A1DD; ;B960;CASELLE TORINESE;C;C1;TO00000219;21;Abitazioni di tipo economico;NORMALE;P;800;1200;L;4,5;6,7;L;
NORD-OVEST;PIEMONTE;TO;1001063;A1DD; ;B960;CASELLE TORINESE;C;C1;TO00000219;13;Box;NORMALE;P;690;1000;L;3,4;5,1;L;
NORD-OVEST;PIEMONTE;TO;1001063;A1DD; ;B960;CASELLE TORINESE;C;C1;TO00000219;9;Magazzini;NORMALE;P;400;600;L;2,9;4,2;L;
NORD-OVEST;PIEMONTE;TO;1001063;A1DD; ;B960;CASELLE TORINESE;C;C1;TO00000219;5;Negozi;NORMALE;P;600;1200;L;4,6;9,1;L;
NORD-OVEST;PIEMONTE;TO;1001063;A1DD; ;B960;CASELLE TORINESE;D;D1;TO00000950;20;Abitazioni civili;NORMALE;P;1200;1800;L;5;7,5;L;
NORD-OVEST;PIEMONTE;TO;1001063;A1DD; ;B960;CASELLE TORINESE;D;D1;TO00000950;9;Magazzini;NORMALE;P;460;690;L;3;4,6;L;
NORD-OVEST;PIEMONTE;TO;1001063;A1DD; ;B960;CASELLE TORINESE;D;D3;TO00000953;20;Abitazioni civili;NORMALE;P;1100;1650;L;4,7;7,1;L;
NORD-OVEST;PIEMONTE;TO;1001063;A1DD; ;B960;CASELLE TORINESE;D;D3;TO00000953;20;Abitazioni civili;OTTIMO; ;1650;2450;L;7;10,5;L;
NORD-OVEST;PIEMONTE;TO;1001063;A1DD; ;B960;CASELLE TORINESE;D;D3;TO00000953;21;Abitazioni di tipo economico;NORMALE;P;830;1250;L;4,6;6,9;L;
NORD-OVEST;PIEMONTE;TO;1001063;A1DD; ;B960;CASELLE TORINESE;D;D3;TO00000953;8;Capannoni industriali;NORMALE;P;200;390;L;1,8;3,4;L;
NORD-OVEST;PIEMONTE;TO;1001063;A1DD; ;B960;CASELLE TORINESE;D;D3;TO00000953;10;Laboratori;NORMALE;P;380;760;L;2,3;4,6;L;
NORD-OVEST;PIEMONTE;TO;1001064;A1DE; ;C045;CASTAGNETO PO;B;B1;TO00000884;20;Abitazioni civili;NORMALE;P;740;1100;L;3,8;5,7;L;
NORD-OVEST;PIEMONTE;TO;1001064;A1DE; ;C045;CASTAGNETO PO;B;B1;TO00000884;21;Abitazioni di tipo economico;NORMALE;P;530;790;L;2,9;4,4;L;
NORD-OVEST;PIEMONTE;TO;1001064;A1DE; ;C045;CASTAGNETO PO;B;B1;TO00000884;13;Box;NORMALE;P;380;570;L;2,3;3,4;L;
NORD-OVEST;PIEMONTE;TO;1001064;A1DE; ;C045;CASTAGNETO PO;B;B1;TO00000884;1;Ville e Villini;NORMALE;P;700;1050;L;3,4;5;L;
NORD-OVEST;PIEMONTE;TO;1001064;A1DE; ;C045;CASTAGNETO PO;B;B1;TO00000884;1;Ville e Villini;OTTIMO; ;1000;1500;L;4,1;6,1;L;
NORD-OVEST;PIEMONTE;TO;1001064;A1DE; ;C045;CASTAGNETO PO;B;B1;TO00000884;9;Magazzini;NORMALE;P;280;410;L;1,9;2,7;L;
NORD-OVEST;PIEMONTE;TO;1001065;A1DF; ;C048;CASTAGNOLE PIEMONTE;B;B1;TO00000225;20;Abitazioni civili;NORMALE;P;760;1150;L;3,6;5,4;L;
NORD-OVEST;PIEMONTE;TO;1001065;A1DF; ;C048;CASTAGNOLE PIEMONTE;B;B1;TO00000225;21;Abitazioni di tipo economico;NORMALE;P;570;850;L;3,2;4,8;L;
NORD-OVEST;PIEMONTE;TO;1001065;A1DF; ;C048;CASTAGNOLE PIEMONTE;B;B1;TO00000225;13;Box;NORMALE;P;470;700;L;2,5;3,7;L;
NORD-OVEST;PIEMONTE;TO;1001065;A1DF; ;C048;CASTAGNOLE PIEMONTE;B;B1;TO00000225;1;Ville e Villini;NORMALE;P;770;1150;L;3,1;4,6;L;
NORD-OVEST;PIEMONTE;TO;1001065;A1DF; ;C048;CASTAGNOLE PIEMONTE;B;B1;TO00000225;9;Magazzini;NORMALE;P;320;480;L;2;3;L;
NORD-OVEST;PIEMONTE;TO;1001065;A1DF; ;C048;CASTAGNOLE PIEMONTE;B;B1;TO00000225;5;Negozi;NORMALE;P;460;920;L;3,6;7,2;L;
NORD-OVEST;PIEMONTE;TO;1001065;A1DF; ;C048;CASTAGNOLE PIEMONTE;B;B1;TO00000225;10;Laboratori;NORMALE;P;300;600;L;1,9;3,8;L;
NORD-OVEST;PIEMONTE;TO;1001066;A1DG; ;C133;CASTELLAMONTE;B;B1;TO00000980;20;Abitazioni civili;NORMALE;P;670;1000;L;4,1;6,1;L;
NORD-OVEST;PIEMONTE;TO;1001066;A1DG; ;C133;CASTELLAMONTE;B;B1;TO00000980;21;Abitazioni di tipo economico;NORMALE;P;540;810;L;3,4;5,1;L;
NORD-OVEST;PIEMONTE;TO;1001066;A1DG; ;C133;CASTELLAMONTE;B;B1;TO00000980;13;Box;NORMALE;P;500;750;L;3,1;4,6;L;
NORD-OVEST;PIEMONTE;TO;1001066;A1DG; ;C133;CASTELLAMONTE;B;B1;TO00000980;5;Negozi;NORMALE;P;540;1050;L;4,4;8,8;L;
NORD-OVEST;PIEMONTE;TO;1001066;A1DG; ;C133;CASTELLAMONTE;B;B1;TO00000980;6;Uffici;NORMALE;P;580;1150;L;3,5;7;L;
NORD-OVEST;PIEMONTE;TO;1001066;A1DG; ;C133;CASTELLAMONTE;C;C2;TO00001360;20;Abitazioni civili;OTTIMO; ;1150;1700;L;4,9;7,4;L;
NORD-OVEST;PIEMONTE;TO;1001066;A1DG; ;C133;CASTELLAMONTE;C;C2;TO00001360;20;Abitazioni civili;NORMALE;P;620;930;L;3,3;5;L;
NORD-OVEST;PIEMONTE;TO;1001066;A1DG; ;C133;CASTELLAMONTE;C;C2;TO00001360;21;Abitazioni di tipo economico;NORMALE;P;550;820;L;3,6;5,4;L;
NORD-OVEST;PIEMONTE;TO;1001066;A1DG; ;C133;CASTELLAMONTE;C;C2;TO00001360;13;Box;NORMALE;P;500;750;L;3,1;4,7;L;
NORD-OVEST;PIEMONTE;TO;1001066;A1DG; ;C133;CASTELLAMONTE;C;C2;TO00001360;1;Ville e Villini;NORMALE;P;800;1200;L;3,6;5,4;L;
NORD-OVEST;PIEMONTE;TO;1001066;A1DG; ;C133;CASTELLAMONTE;C;C2;TO00001360;5;Negozi;NORMALE;P;490;980;L;3,4;6,4;L;
NORD-OVEST;PIEMONTE;TO;1001066;A1DG; ;C133;CASTELLAMONTE;C;C2;TO00001360;6;Uffici;NORMALE;P;580;1150;L;3,4;6,8;L;
NORD-OVEST;PIEMONTE;TO;1001066;A1DG; ;C133;CASTELLAMONTE;D;D1;TO00000981;8;Capannoni industriali;NORMALE;P;210;420;L;1,4;2,7;L;
NORD-OVEST;PIEMONTE;TO;1001066;A1DG; ;C133;CASTELLAMONTE;E;E2;TO00001361;20;Abitazioni civili;NORMALE;P;540;810;L;2,4;3,6;L;
NORD-OVEST;PIEMONTE;TO;1001066;A1DG; ;C133;CASTELLAMONTE;E;E2;TO00001361;21;Abitazioni di tipo economico;NORMALE;P;270;400;L;1,7;2,5;L;
NORD-OVEST;PIEMONTE;TO;1001066;A1DG; ;C133;CASTELLAMONTE;E;E2;TO00001361;13;Box;NORMALE;P;480;720;L;3;4,4;L;
NORD-OVEST;PIEMONTE;TO;1001066;A1DG; ;C133;CASTELLAMONTE;E;E4;TO00003830;20;Abitazioni civili;NORMALE;P;540;810;L;2,4;3,6;L;
NORD-OVEST;PIEMONTE;TO;1001066;A1DG; ;C133;CASTELLAMONTE;E;E4;TO00003830;21;Abitazioni di tipo economico;NORMALE;P;300;440;L;1,7;2,5;L;
NORD-OVEST;PIEMONTE;TO;1001066;A1DG; ;C133;CASTELLAMONTE;E;E4;TO00003830;13;Box;NORMALE;P;480;720;L;3;4,4;L;
NORD-OVEST;PIEMONTE;TO;1001067;A1DH; ;C241;CASTELNUOVO NIGRA;B;B1;TO00000229;21;Abitazioni di tipo economico;NORMALE;P;280;420;L;1,4;2,1;L;
NORD-OVEST;PIEMONTE;TO;1001067;A1DH; ;C241;CASTELNUOVO NIGRA;B;B1;TO00000229;13;Box;NORMALE;P;280;410;L;1,5;2,3;L;
NORD-OVEST;PIEMONTE;TO;1001067;A1DH; ;C241;CASTELNUOVO NIGRA;B;B1;TO00000229;9;Magazzini;NORMALE;P;140;210;L;1;1,4;L;
NORD-OVEST;PIEMONTE;TO;1001068;A1DI; ;C307;CASTIGLIONE TORINESE;B;B1;TO00000232;20;Abitazioni civili;OTTIMO; ;1500;2250;L;5,8;8,6;L;
NORD-OVEST;PIEMONTE;TO;1001068;A1DI; ;C307;CASTIGLIONE TORINESE;B;B1;TO00000232;20;Abitazioni civili;NORMALE;P;900;1350;L;4,2;6,3;L;
NORD-OVEST;PIEMONTE;TO;1001068;A1DI; ;C307;CASTIGLIONE TORINESE;B;B1;TO00000232;21;Abitazioni di tipo economico;NORMALE;P;600;900;L;4;6;L;
NORD-OVEST;PIEMONTE;TO;1001068;A1DI; ;C307;CASTIGLIONE TORINESE;B;B1;TO00000232;21;Abitazioni di tipo economico;OTTIMO; ;900;1350;L;5,1;7,7;L;
NORD-OVEST;PIEMONTE;TO;1001068;A1DI; ;C307;CASTIGLIONE TORINESE;B;B1;TO00000232;13;Box;NORMALE;P;500;750;L;3,2;4,8;L;
NORD-OVEST;PIEMONTE;TO;1001068;A1DI; ;C307;CASTIGLIONE TORINESE;B;B1;TO00000232;1;Ville e Villini;NORMALE;P;960;1450;L;3,8;5,7;L;
NORD-OVEST;PIEMONTE;TO;1001068;A1DI; ;C307;CASTIGLIONE TORINESE;B;B1;TO00000232;1;Ville e Villini;OTTIMO; ;1600;2400;L;4,8;7;L;
NORD-OVEST;PIEMONTE;TO;1001068;A1DI; ;C307;CASTIGLIONE TORINESE;B;B1;TO00000232;9;Magazzini;NORMALE;P;270;410;L;2;3;L;
NORD-OVEST;PIEMONTE;TO;1001068;A1DI; ;C307;CASTIGLIONE TORINESE;B;B1;TO00000232;5;Negozi;NORMALE;P;600;1200;L;5,4;10,8;L;
NORD-OVEST;PIEMONTE;TO;1001068;A1DI; ;C307;CASTIGLIONE TORINESE;B;B1;TO00000232;6;Uffici;NORMALE;P;630;1250;L;4;8;L;
NORD-OVEST;PIEMONTE;TO;1001068;A1DI; ;C307;CASTIGLIONE TORINESE;B;B1;TO00000232;8;Capannoni industriali;NORMALE;P;220;440;L;1,6;3,1;L;
NORD-OVEST;PIEMONTE;TO;1001068;A1DI; ;C307;CASTIGLIONE TORINESE;B;B1;TO00000232;10;Laboratori;NORMALE;P;300;480;L;1,6;3,1;L;
NORD-OVEST;PIEMONTE;TO;1001069;A1DJ; ;C369;CAVAGNOLO;B;B1;TO00000885;20;Abitazioni civili;NORMALE;P;630;940;L;3,4;5;L;
NORD-OVEST;PIEMONTE;TO;1001069;A1DJ; ;C369;CAVAGNOLO;B;B1;TO00000885;21;Abitazioni di tipo economico;NORMALE;P;440;660;L;2,7;4,1;L;
NORD-OVEST;PIEMONTE;TO;1001069;A1DJ; ;C369;CAVAGNOLO;B;B1;TO00000885;13;Box;NORMALE;P;310;470;L;2,1;3,1;L;
NORD-OVEST;PIEMONTE;TO;1001069;A1DJ; ;C369;CAVAGNOLO;B;B1;TO00000885;1;Ville e Villini;NORMALE;P;640;960;L;3,3;4,9;L;
NORD-OVEST;PIEMONTE;TO;1001069;A1DJ; ;C369;CAVAGNOLO;B;B1;TO00000885;9;Magazzini;NORMALE;P;270;410;L;1,7;2,6;L;
NORD-OVEST;PIEMONTE;TO;1001069;A1DJ; ;C369;CAVAGNOLO;B;B1;TO00000885;5;Negozi;NORMALE;P;440;880;L;3,4;6,8;L;
NORD-OVEST;PIEMONTE;TO;1001069;A1DJ; ;C369;CAVAGNOLO;B;B1;TO00000885;6;Uffici;NORMALE;P;500;1000;L;3,1;6,1;L;
NORD-OVEST;PIEMONTE;TO;1001069;A1DJ; ;C369;CAVAGNOLO;B;B1;TO00000885;8;Capannoni industriali;NORMALE;P;210;410;L;1,5;3;L;
NORD-OVEST;PIEMONTE;TO;1001069;A1DJ; ;C369;CAVAGNOLO;B;B1;TO00000885;10;Laboratori;NORMALE;P;300;530;L;1,8;3,4;L;
NORD-OVEST;PIEMONTE;TO;1001070;A1DL; ;C404;CAVOUR;B;B1;TO00000888;20;Abitazioni civili;NORMALE;P;870;1300;L;3,4;5,1;L;
NORD-OVEST;PIEMONTE;TO;1001070;A1DL; ;C404;CAVOUR;B;B1;TO00000888;21;Abitazioni di tipo economico;NORMALE;P;640;960;L;3,1;4,5;L;
NORD-OVEST;PIEMONTE;TO;1001070;A1DL; ;C404;CAVOUR;B;B1;TO00000888;13;Box;NORMALE;P;380;570;L;2,3;3,4;L;
NORD-OVEST;PIEMONTE;TO;1001070;A1DL; ;C404;CAVOUR;B;B1;TO00000888;9;Magazzini;NORMALE;P;300;450;L;1,9;2,8;L;
NORD-OVEST;PIEMONTE;TO;1001070;A1DL; ;C404;CAVOUR;B;B1;TO00000888;5;Negozi;NORMALE;P;440;880;L;3,9;7,8;L;
NORD-OVEST;PIEMONTE;TO;1001070;A1DL; ;C404;CAVOUR;B;B1;TO00000888;6;Uffici;NORMALE;P;460;920;L;2,6;5,2;L;
NORD-OVEST;PIEMONTE;TO;1001070;A1DL; ;C404;CAVOUR;B;B1;TO00000888;10;Laboratori;NORMALE;P;320;640;L;1,8;3,6;L;
NORD-OVEST;PIEMONTE;TO;1001071;A1DM; ;C487;CERCENASCO;B;B1;TO00000914;20;Abitazioni civili;NORMALE;P;570;860;L;3,3;4,9;L;
NORD-OVEST;PIEMONTE;TO;1001071;A1DM; ;C487;CERCENASCO;B;B1;TO00000914;21;Abitazioni di tipo economico;NORMALE;P;540;810;L;3,1;4,6;L;
NORD-OVEST;PIEMONTE;TO;1001071;A1DM; ;C487;CERCENASCO;B;B1;TO00000914;13;Box;NORMALE;P;480;720;L;2,4;3,6;L;
NORD-OVEST;PIEMONTE;TO;1001071;A1DM; ;C487;CERCENASCO;B;B1;TO00000914;1;Ville e Villini;NORMALE;P;730;1100;L;3;4,5;L;
NORD-OVEST;PIEMONTE;TO;1001071;A1DM; ;C487;CERCENASCO;B;B1;TO00000914;9;Magazzini;NORMALE;P;310;450;L;1,9;2,7;L;
NORD-OVEST;PIEMONTE;TO;1001071;A1DM; ;C487;CERCENASCO;B;B1;TO00000914;5;Negozi;NORMALE;P;420;830;L;3,2;6,3;L;
NORD-OVEST;PIEMONTE;TO;1001071;A1DM; ;C487;CERCENASCO;B;B1;TO00000914;6;Uffici;NORMALE;P;450;890;L;2,3;4,5;L;
NORD-OVEST;PIEMONTE;TO;1001071;A1DM; ;C487;CERCENASCO;B;B1;TO00000914;10;Laboratori;NORMALE;P;310;610;L;1,7;3,3;L;
NORD-OVEST;PIEMONTE;TO;1001072;A1DN; ;C497;CERES;B;B1;TO00000240;20;Abitazioni civili;NORMALE;P;390;580;L;2,4;3,5;L;
NORD-OVEST;PIEMONTE;TO;1001072;A1DN; ;C497;CERES;B;B1;TO00000240;21;Abitazioni di tipo economico;NORMALE;P;310;460;L;2;3;L;
NORD-OVEST;PIEMONTE;TO;1001072;A1DN; ;C497;CERES;B;B1;TO00000240;13;Box;NORMALE;P;280;420;L;1,9;2,8;L;
NORD-OVEST;PIEMONTE;TO;1001072;A1DN; ;C497;CERES;B;B1;TO00000240;1;Ville e Villini;NORMALE;P;450;670;L;2,5;3,7;L;
NORD-OVEST;PIEMONTE;TO;1001072;A1DN; ;C497;CERES;B;B1;TO00000240;9;Magazzini;NORMALE;P;240;360;L;1,5;2,2;L;
NORD-OVEST;PIEMONTE;TO;1001072;A1DN; ;C497;CERES;B;B1;TO00000240;5;Negozi;NORMALE;P;350;700;L;2,7;5,4;L;
NORD-OVEST;PIEMONTE;TO;1001073;A1DP; ;C505;CERESOLE REALE;B;B1;TO00000890;20;Abitazioni civili;OTTIMO; ;1250;1850;L;4,1;6,1;L;
NORD-OVEST;PIEMONTE;TO;1001073;A1DP; ;C505;CERESOLE REALE;B;B1;TO00000890;20;Abitazioni civili;NORMALE;P;970;1450;L;3,1;4,6;L;
NORD-OVEST;PIEMONTE;TO;1001073;A1DP; ;C505;CERESOLE REALE;B;B1;TO00000890;21;Abitazioni di tipo economico;NORMALE;P;700;1050;L;2,6;3,9;L;
NORD-OVEST;PIEMONTE;TO;1001073;A1DP; ;C505;CERESOLE REALE;B;B1;TO00000890;13;Box;NORMALE;P;420;620;L;2,6;3,9;L;
NORD-OVEST;PIEMONTE;TO;1001073;A1DP; ;C505;CERESOLE REALE;B;B1;TO00000890;9;Magazzini;NORMALE;P;270;410;L;1,7;2,5;L;
NORD-OVEST;PIEMONTE;TO;1001073;A1DP; ;C505;CERESOLE REALE;B;B1;TO00000890;5;Negozi;NORMALE;P;320;640;L;1,8;3,6;L;
NORD-OVEST;PIEMONTE;TO;1001074;A1DQ; ;C564;CESANA TORINESE;B;B1;TO00000244;20;Abitazioni civili;NORMALE;P;1450;2150;L;5,7;8,5;L;
NORD-OVEST;PIEMONTE;TO;1001074;A1DQ; ;C564;CESANA TORINESE;B;B1;TO00000244;20;Abitazioni civili;OTTIMO; ;1750;2650;L;8;12;L;
NORD-OVEST;PIEMONTE;TO;1001074;A1DQ; ;C564;CESANA TORINESE;B;B1;TO00000244;21;Abitazioni di tipo economico;NORMALE;P;1250;1800;L;5,4;8,1;L;
NORD-OVEST;PIEMONTE;TO;1001074;A1DQ; ;C564;CESANA TORINESE;B;B1;TO00000244;13;Box;NORMALE;P;970;1450;L;5,7;8,5;L;
NORD-OVEST;PIEMONTE;TO;1001074;A1DQ; ;C564;CESANA TORINESE;B;B1;TO00000244;5;Negozi;NORMALE;P;950;1800;L;6,4;12,8;L;
NORD-OVEST;PIEMONTE;TO;1001074;A1DQ; ;C564;CESANA TORINESE;B;B2;TO00001174;20;Abitazioni civili;NORMALE;P;1700;2500;L;5,7;8,5;L;
NORD-OVEST;PIEMONTE;TO;1001074;A1DQ; ;C564;CESANA TORINESE;B;B2;TO00001174;21;Abitazioni di tipo economico;NORMALE;P;1350;2000;L;5,2;7,9;L;
NORD-OVEST;PIEMONTE;TO;1001074;A1DQ; ;C564;CESANA TORINESE;B;B2;TO00001174;13;Box;NORMALE;P;970;1450;L;5,1;7,6;L;
NORD-OVEST;PIEMONTE;TO;1001074;A1DQ; ;C564;CESANA TORINESE;D;D2;TO00002503;20;Abitazioni civili;NORMALE;P;1450;2100;L;5,8;8,7;L;
NORD-OVEST;PIEMONTE;TO;1001074;A1DQ; ;C564;CESANA TORINESE;D;D2;TO00002503;21;Abitazioni di tipo economico;NORMALE;P;1250;1850;L;5,3;8,1;L;
NORD-OVEST;PIEMONTE;TO;1001074;A1DQ; ;C564;CESANA TORINESE;D;D2;TO00002503;13;Box;NORMALE;P;770;1150;L;5,2;7,8;L;
NORD-OVEST;PIEMONTE;TO;1001074;A1DQ; ;C564;CESANA TORINESE;D;D2;TO00002503;1;Ville e Villini;NORMALE;P;1450;2200;L;5,6;8,4;L;
NORD-OVEST;PIEMONTE;TO;1001074;A1DQ; ;C564;CESANA TORINESE;E;E2;TO00002192;20;Abitazioni civili;NORMALE;P;2000;3000;L;7,9;11,8;L;
NORD-OVEST;PIEMONTE;TO;1001074;A1DQ; ;C564;CESANA TORINESE;E;E2;TO00002192;13;Box;NORMALE;P;900;1350;L;5,7;8,5;L;
NORD-OVEST;PIEMONTE;TO;1001074;A1DQ; ;C564;CESANA TORINESE;E;E4;TO00002501;20;Abitazioni civili;NORMALE;P;1600;2400;L;5;7,5;L;
NORD-OVEST;PIEMONTE;TO;1001074;A1DQ; ;C564;CESANA TORINESE;E;E4;TO00002501;21;Abitazioni di tipo economico;NORMALE;P;1200;1800;L;4,8;7,3;L;
NORD-OVEST;PIEMONTE;TO;1001074;A1DQ; ;C564;CESANA TORINESE;E;E4;TO00002501;13;Box;NORMALE;P;770;1150;L;4,7;7,1;L;
NORD-OVEST;PIEMONTE;TO;1001075;A1DU; ;C604;CHIALAMBERTO;B;B1;TO00000246;20;Abitazioni civili;NORMALE;P;400;600;L;1,8;2,7;L;
NORD-OVEST;PIEMONTE;TO;1001075;A1DU; ;C604;CHIALAMBERTO;B;B1;TO00000246;21;Abitazioni di tipo economico;NORMALE;P;360;540;L;1,5;2,3;L;
NORD-OVEST;PIEMONTE;TO;1001075;A1DU; ;C604;CHIALAMBERTO;B;B1;TO00000246;13;Box;NORMALE;P;290;430;L;2;3;L;
NORD-OVEST;PIEMONTE;TO;1001075;A1DU; ;C604;CHIALAMBERTO;B;B1;TO00000246;1;Ville e Villini;NORMALE;P;430;640;L;2,4;3,6;L;
NORD-OVEST;PIEMONTE;TO;1001075;A1DU; ;C604;CHIALAMBERTO;B;B1;TO00000246;9;Magazzini;NORMALE;P;230;340;L;1,6;2,4;L;
NORD-OVEST;PIEMONTE;TO;1001075;A1DU; ;C604;CHIALAMBERTO;B;B1;TO00000246;5;Negozi;NORMALE;P;320;640;L;2,3;4,4;L;
NORD-OVEST;PIEMONTE;TO;1001076;A1DV; ;C610;CHIANOCCO;B;B1;TO00000248;20;Abitazioni civili;NORMALE;P;620;940;L;3,2;4,8;L;
NORD-OVEST;PIEMONTE;TO;1001076;A1DV; ;C610;CHIANOCCO;B;B1;TO00000248;21;Abitazioni di tipo economico;NORMALE;P;570;860;L;2,3;3,4;L;
NORD-OVEST;PIEMONTE;TO;1001076;A1DV; ;C610;CHIANOCCO;B;B1;TO00000248;13;Box;NORMALE;P;360;540;L;2,2;3,3;L;
NORD-OVEST;PIEMONTE;TO;1001076;A1DV; ;C610;CHIANOCCO;B;B1;TO00000248;1;Ville e Villini;NORMALE;P;800;1200;L;2,4;3,6;L;
NORD-OVEST;PIEMONTE;TO;1001076;A1DV; ;C610;CHIANOCCO;B;B1;TO00000248;9;Magazzini;NORMALE;P;240;360;L;1,4;2,1;L;
NORD-OVEST;PIEMONTE;TO;1001076;A1DV; ;C610;CHIANOCCO;B;B1;TO00000248;5;Negozi;NORMALE;P;400;800;L;3,1;6,2;L;
NORD-OVEST;PIEMONTE;TO;1001077;A1DW; ;C624;CHIAVERANO;B;B1;TO00000250;21;Abitazioni di tipo economico;NORMALE;P;340;500;L;2,3;3,4;L;
NORD-OVEST;PIEMONTE;TO;1001077;A1DW; ;C624;CHIAVERANO;B;B1;TO00000250;13;Box;NORMALE;P;330;490;L;2,1;3,2;L;
NORD-OVEST;PIEMONTE;TO;1001077;A1DW; ;C624;CHIAVERANO;B;B1;TO00000250;5;Negozi;NORMALE;P;290;580;L;2;4;L;
NORD-OVEST;PIEMONTE;TO;1001077;A1DW; ;C624;CHIAVERANO;D;D1;TO00002504;20;Abitazioni civili;NORMALE;P;510;760;L;2,8;4,1;L;
NORD-OVEST;PIEMONTE;TO;1001077;A1DW; ;C624;CHIAVERANO;D;D1;TO00002504;21;Abitazioni di tipo economico;NORMALE;P;340;500;L;2,3;3,4;L;
NORD-OVEST;PIEMONTE;TO;1001077;A1DW; ;C624;CHIAVERANO;D;D1;TO00002504;13;Box;NORMALE;P;330;490;L;2,1;3,2;L;
NORD-OVEST;PIEMONTE;TO;1001077;A1DW; ;C624;CHIAVERANO;D;D1;TO00002504;1;Ville e Villini;NORMALE;P;550;820;L;2,4;3,6;L;
NORD-OVEST;PIEMONTE;TO;1001078;A1DX; ;C627;CHIERI;B;B1;TO00000253;20;Abitazioni civili;NORMALE;P;1000;1500;L;5,4;8,1;L;
NORD-OVEST;PIEMONTE;TO;1001078;A1DX; ;C627;CHIERI;B;B1;TO00000253;21;Abitazioni di tipo economico;NORMALE;P;700;1050;L;4,6;6,9;L;
NORD-OVEST;PIEMONTE;TO;1001078;A1DX; ;C627;CHIERI;B;B1;TO00000253;9;Magazzini;NORMALE;P;370;560;L;2,8;4,2;L;
NORD-OVEST;PIEMONTE;TO;1001078;A1DX; ;C627;CHIERI;B;B1;TO00000253;5;Negozi;NORMALE;P;780;1550;L;7;14;L;
NORD-OVEST;PIEMONTE;TO;1001078;A1DX; ;C627;CHIERI;B;B1;TO00000253;6;Uffici;NORMALE;P;730;1450;L;4,3;8,6;L;
NORD-OVEST;PIEMONTE;TO;1001078;A1DX; ;C627;CHIERI;B;B1;TO00000253;10;Laboratori;NORMALE;P;450;780;L;2,7;5,4;L;
NORD-OVEST;PIEMONTE;TO;1001078;A1DX; ;C627;CHIERI;D;D1;TO00002505;20;Abitazioni civili;OTTIMO; ;1650;2500;L;5,9;8,9;L;
NORD-OVEST;PIEMONTE;TO;1001078;A1DX; ;C627;CHIERI;D;D1;TO00002505;20;Abitazioni civili;NORMALE;P;1100;1600;L;4,4;6,6;L;
NORD-OVEST;PIEMONTE;TO;1001078;A1DX; ;C627;CHIERI;D;D1;TO00002505;21;Abitazioni di tipo economico;NORMALE;P;700;1050;L;4,1;6,2;L;
NORD-OVEST;PIEMONTE;TO;1001078;A1DX; ;C627;CHIERI;D;D1;TO00002505;13;Box;NORMALE;P;500;750;L;3;4,5;L;
NORD-OVEST;PIEMONTE;TO;1001078;A1DX; ;C627;CHIERI;D;D1;TO00002505;1;Ville e Villini;NORMALE;P;1100;1650;L;4;6;L;
NORD-OVEST;PIEMONTE;TO;1001078;A1DX; ;C627;CHIERI;D;D1;TO00002505;9;Magazzini;NORMALE;P;360;540;L;2,6;3,9;L;
NORD-OVEST;PIEMONTE;TO;1001078;A1DX; ;C627;CHIERI;D;D1;TO00002505;5;Negozi;NORMALE;P;580;1150;L;5,8;11,6;L;
NORD-OVEST;PIEMONTE;TO;1001078;A1DX; ;C627;CHIERI;D;D1;TO00002505;8;Capannoni industriali;NORMALE;P;230;460;L;1,8;3,6;L;
NORD-OVEST;PIEMONTE;TO;1001078;A1DX; ;C627;CHIERI;D;D1;TO00002505;10;Laboratori;NORMALE;P;450;780;L;2,9;5,8;L;
NORD-OVEST;PIEMONTE;TO;1001078;A1DX; ;C627;CHIERI;D;D3;TO00002507;20;Abitazioni civili;OTTIMO; ;1600;2400;L;5,6;8,4;L;
NORD-OVEST;PIEMONTE;TO;1001078;A1DX; ;C627;CHIERI;D;D3;TO00002507;20;Abitazioni civili;NORMALE;P;1150;1700;L;4,5;6,8;L;
NORD-OVEST;PIEMONTE;TO;1001078;A1DX; ;C627;CHIERI;D;D3;TO00002507;21;Abitazioni di tipo economico;NORMALE;P;830;1250;L;3,8;5,7;L;
NORD-OVEST;PIEMONTE;TO;1001078;A1DX; ;C627;CHIERI;D;D3;TO00002507;13;Box;NORMALE;P;520;780;L;2,9;4,3;L;
NORD-OVEST;PIEMONTE;TO;1001078;A1DX; ;C627;CHIERI;D;D3;TO00002507;1;Ville e Villini;NORMALE;P;1200;1800;L;4,4;6,6;L;
NORD-OVEST;PIEMONTE;TO;1001078;A1DX; ;C627;CHIERI;D;D3;TO00002507;5;Negozi;NORMALE;P;680;1350;L;4,8;9,6;L;
NORD-OVEST;PIEMONTE;TO;1001078;A1DX; ;C627;CHIERI;E;E1;TO00001090;20;Abitazioni civili;NORMALE;P;930;1400;L;3,8;5,7;L;
NORD-OVEST;PIEMONTE;TO;1001078;A1DX; ;C627;CHIERI;E;E1;TO00001090;21;Abitazioni di tipo economico;NORMALE;P;550;830;L;3,2;4,8;L;
NORD-OVEST;PIEMONTE;TO;1001078;A1DX; ;C627;CHIERI;E;E1;TO00001090;1;Ville e Villini;NORMALE;P;830;1250;L;3,6;5,4;L;
NORD-OVEST;PIEMONTE;TO;1001078;A1DX; ;C627;CHIERI;E;E1;TO00001090;9;Magazzini;NORMALE;P;360;540;L;2,2;3,3;L;
NORD-OVEST;PIEMONTE;TO;1001079;A1DY; ;C629;CHIESANUOVA;B;B1;TO00000257;21;Abitazioni di tipo economico;NORMALE;P;300;450;L;1,7;2,6;L;
NORD-OVEST;PIEMONTE;TO;1001079;A1DY; ;C629;CHIESANUOVA;B;B1;TO00000257;13;Box;NORMALE;P;260;390;L;1,6;2,3;L;
NORD-OVEST;PIEMONTE;TO;1001079;A1DY; ;C629;CHIESANUOVA;B;B1;TO00000257;9;Magazzini;NORMALE;P;190;280;L;1,3;2;L;
NORD-OVEST;PIEMONTE;TO;1001080;A1DZ; ;C639;CHIOMONTE;B;B1;TO00000260;21;Abitazioni di tipo economico;NORMALE;P;400;600;L;3;4,5;L;
NORD-OVEST;PIEMONTE;TO;1001080;A1DZ; ;C639;CHIOMONTE;B;B1;TO00000260;13;Box;NORMALE;P;360;540;L;2,1;3,1;L;
NORD-OVEST;PIEMONTE;TO;1001080;A1DZ; ;C639;CHIOMONTE;B;B1;TO00000260;5;Negozi;NORMALE;P;390;780;L;2,4;4,6;L;
NORD-OVEST;PIEMONTE;TO;1001080;A1DZ; ;C639;CHIOMONTE;D;D1;TO00001147;20;Abitazioni civili;NORMALE;P;510;760;L;3,9;5,9;L;
NORD-OVEST;PIEMONTE;TO;1001080;A1DZ; ;C639;CHIOMONTE;D;D1;TO00001147;21;Abitazioni di tipo economico;NORMALE;P;390;580;L;3,1;4,6;L;
NORD-OVEST;PIEMONTE;TO;1001080;A1DZ; ;C639;CHIOMONTE;D;D1;TO00001147;1;Ville e Villini;NORMALE;P;620;930;L;2,6;3,8;L;
NORD-OVEST;PIEMONTE;TO;1001080;A1DZ; ;C639;CHIOMONTE;E;E1;TO00001148;20;Abitazioni civili;NORMALE;P;590;890;L;3,5;5,3;L;
NORD-OVEST;PIEMONTE;TO;1001080;A1DZ; ;C639;CHIOMONTE;E;E1;TO00001148;13;Box;NORMALE;P;300;450;L;2;3;L;
NORD-OVEST;PIEMONTE;TO;1001080;A1DZ; ;C639;CHIOMONTE;E;E1;TO00001148;1;Ville e Villini;NORMALE;P;700;1050;L;2,9;4,3;L;
NORD-OVEST;PIEMONTE;TO;1001081;A1EA; ;C655;CHIUSA DI SAN MICHELE;B;B1;TO00000262;20;Abitazioni civili;NORMALE;P;650;980;L;3,1;4,7;L;
NORD-OVEST;PIEMONTE;TO;1001081;A1EA; ;C655;CHIUSA DI SAN MICHELE;B;B1;TO00000262;21;Abitazioni di tipo economico;NORMALE;P;560;840;L;2,8;4,2;L;
NORD-OVEST;PIEMONTE;TO;1001081;A1EA; ;C655;CHIUSA DI SAN MICHELE;B;B1;TO00000262;13;Box;NORMALE;P;390;580;L;2,4;3,6;L;
NORD-OVEST;PIEMONTE;TO;1001081;A1EA; ;C655;CHIUSA DI SAN MICHELE;B;B1;TO00000262;1;Ville e Villini;NORMALE;P;770;1150;L;3;4,5;L;
NORD-OVEST;PIEMONTE;TO;1001081;A1EA; ;C655;CHIUSA DI SAN MICHELE;B;B1;TO00000262;9;Magazzini;NORMALE;P;220;330;L;1,6;2,4;L;
NORD-OVEST;PIEMONTE;TO;1001081;A1EA; ;C655;CHIUSA DI SAN MICHELE;B;B1;TO00000262;5;Negozi;NORMALE;P;410;820;L;3,6;7,2;L;
NORD-OVEST;PIEMONTE;TO;1001081;A1EA; ;C655;CHIUSA DI SAN MICHELE;B;B1;TO00000262;6;Uffici;NORMALE;P;410;820;L;2,5;5;L;
NORD-OVEST;PIEMONTE;TO;1001081;A1EA; ;C655;CHIUSA DI SAN MICHELE;B;B1;TO00000262;8;Capannoni industriali;NORMALE;P;210;420;L;1,6;3,1;L;
NORD-OVEST;PIEMONTE;TO;1001081;A1EA; ;C655;CHIUSA DI SAN MICHELE;B;B1;TO00000262;10;Laboratori;NORMALE;P;230;460;L;1,7;3,4;L;
NORD-OVEST;PIEMONTE;TO;1001082;A1EB; ;C665;CHIVASSO;B;B1;TO00000280;20;Abitazioni civili;OTTIMO; ;1500;2250;L;6,6;9,9;L;
NORD-OVEST;PIEMONTE;TO;1001082;A1EB; ;C665;CHIVASSO;B;B1;TO00000280;20;Abitazioni civili;NORMALE;P;1050;1550;L;4,4;6,6;L;
NORD-OVEST;PIEMONTE;TO;1001082;A1EB; ;C665;CHIVASSO;B;B1;TO00000280;21;Abitazioni di tipo economico;NORMALE;P;830;1250;L;4,6;6,8;L;
NORD-OVEST;PIEMONTE;TO;1001082;A1EB; ;C665;CHIVASSO;B;B1;TO00000280;13;Box;NORMALE;P;700;1050;L;3,2;4,8;L;
NORD-OVEST;PIEMONTE;TO;1001082;A1EB; ;C665;CHIVASSO;B;B1;TO00000280;5;Negozi;NORMALE;P;700;1400;L;7,7;15,4;L;
NORD-OVEST;PIEMONTE;TO;1001082;A1EB; ;C665;CHIVASSO;B;B1;TO00000280;6;Uffici;NORMALE;P;630;1250;L;4,2;8,4;L;
NORD-OVEST;PIEMONTE;TO;1001082;A1EB; ;C665;CHIVASSO;C;C1;TO00000899;20;Abitazioni civili;OTTIMO; ;1350;2050;L;6,3;9,5;L;
NORD-OVEST;PIEMONTE;TO;1001082;A1EB; ;C665;CHIVASSO;C;C1;TO00000899;20;Abitazioni civili;NORMALE;P;830;1250;L;4,2;6,3;L;
NORD-OVEST;PIEMONTE;TO;1001082;A1EB; ;C665;CHIVASSO;C;C1;TO00000899;21;Abitazioni di tipo economico;NORMALE;P;800;1200;L;4,7;7,1;L;
NORD-OVEST;PIEMONTE;TO;1001082;A1EB; ;C665;CHIVASSO;C;C1;TO00000899;13;Box;NORMALE;P;560;850;L;3,1;4,6;L;
NORD-OVEST;PIEMONTE;TO;1001082;A1EB; ;C665;CHIVASSO;C;C1;TO00000899;5;Negozi;NORMALE;P;580;1150;L;6,1;12,2;L;
NORD-OVEST;PIEMONTE;TO;1001082;A1EB; ;C665;CHIVASSO;C;C1;TO00000899;6;Uffici;NORMALE;P;690;1350;L;4,7;9,4;L;
NORD-OVEST;PIEMONTE;TO;1001082;A1EB; ;C665;CHIVASSO;D;D1;TO00000281;20;Abitazioni civili;NORMALE;P;1100;1650;L;4,7;7,1;L;
NORD-OVEST;PIEMONTE;TO;1001082;A1EB; ;C665;CHIVASSO;D;D1;TO00000281;21;Abitazioni di tipo economico;NORMALE;P;730;1100;L;4,1;6,2;L;
NORD-OVEST;PIEMONTE;TO;1001082;A1EB; ;C665;CHIVASSO;D;D1;TO00000281;13;Box;NORMALE;P;530;800;L;3;4,5;L;
NORD-OVEST;PIEMONTE;TO;1001082;A1EB; ;C665;CHIVASSO;D;D1;TO00000281;1;Ville e Villini;NORMALE;P;990;1500;L;4;6;L;
NORD-OVEST;PIEMONTE;TO;1001082;A1EB; ;C665;CHIVASSO;D;D1;TO00000281;5;Negozi;NORMALE;P;480;960;L;5;10;L;
NORD-OVEST;PIEMONTE;TO;1001082;A1EB; ;C665;CHIVASSO;D;D1;TO00000281;6;Uffici;NORMALE;P;590;1150;L;3,9;7,8;L;
NORD-OVEST;PIEMONTE;TO;1001082;A1EB; ;C665;CHIVASSO;E;E1;TO00000282;20;Abitazioni civili;NORMALE;P;830;1250;L;3,5;5,3;L;
NORD-OVEST;PIEMONTE;TO;1001082;A1EB; ;C665;CHIVASSO;E;E1;TO00000282;20;Abitazioni civili;OTTIMO; ;1200;1800;L;4,9;7,3;L;
NORD-OVEST;PIEMONTE;TO;1001082;A1EB; ;C665;CHIVASSO;E;E1;TO00000282;21;Abitazioni di tipo economico;NORMALE;P;630;940;L;2,9;4,4;L;
NORD-OVEST;PIEMONTE;TO;1001082;A1EB; ;C665;CHIVASSO;E;E1;TO00000282;1;Ville e Villini;NORMALE;P;900;1350;L;3,8;5,7;L;
NORD-OVEST;PIEMONTE;TO;1001083;A1EC; ;C679;CICONIO;B;B1;TO00000284;20;Abitazioni civili;NORMALE;P;570;840;L;2,7;4;L;
NORD-OVEST;PIEMONTE;TO;1001083;A1EC; ;C679;CICONIO;B;B1;TO00000284;21;Abitazioni di tipo economico;NORMALE;P;430;640;L;2,3;3,4;L;
NORD-OVEST;PIEMONTE;TO;1001083;A1EC; ;C679;CICONIO;B;B1;TO00000284;13;Box;NORMALE;P;400;600;L;2,6;3,9;L;
NORD-OVEST;PIEMONTE;TO;1001083;A1EC; ;C679;CICONIO;B;B1;TO00000284;9;Magazzini;NORMALE;P;310;470;L;1,9;2,8;L;
NORD-OVEST;PIEMONTE;TO;1001084;A1ED; ;C711;CINTANO;B;B1;TO00000286;20;Abitazioni civili;NORMALE;P;390;580;L;1,7;2,5;L;
NORD-OVEST;PIEMONTE;TO;1001084;A1ED; ;C711;CINTANO;B;B1;TO00000286;21;Abitazioni di tipo economico;NORMALE;P;310;470;L;1,2;1,8;L;
NORD-OVEST;PIEMONTE;TO;1001084;A1ED; ;C711;CINTANO;B;B1;TO00000286;13;Box;NORMALE;P;280;410;L;1,5;2,3;L;
NORD-OVEST;PIEMONTE;TO;1001084;A1ED; ;C711;CINTANO;B;B1;TO00000286;9;Magazzini;NORMALE;P;170;250;L;,9;1,3;L;
NORD-OVEST;PIEMONTE;TO;1001085;A1EE; ;C715;CINZANO;B;B1;TO00000288;21;Abitazioni di tipo economico;NORMALE;P;420;630;L;2,2;3,3;L;
NORD-OVEST;PIEMONTE;TO;1001085;A1EE; ;C715;CINZANO;B;B1;TO00000288;13;Box;NORMALE;P;370;550;L;2,2;3,3;L;
NORD-OVEST;PIEMONTE;TO;1001085;A1EE; ;C715;CINZANO;B;B1;TO00000288;9;Magazzini;NORMALE;P;280;420;L;1,9;2,8;L;
NORD-OVEST;PIEMONTE;TO;1001086;A1EF; ;C722;CIRIE`;B;B1;TO00000290;20;Abitazioni civili;OTTIMO; ;1250;1850;L;6;9;L;
NORD-OVEST;PIEMONTE;TO;1001086;A1EF; ;C722;CIRIE`;B;B1;TO00000290;20;Abitazioni civili;NORMALE;P;850;1250;L;4,4;6,6;L;
NORD-OVEST;PIEMONTE;TO;1001086;A1EF; ;C722;CIRIE`;B;B1;TO00000290;21;Abitazioni di tipo economico;NORMALE;P;760;1150;L;4,7;7,1;L;
NORD-OVEST;PIEMONTE;TO;1001086;A1EF; ;C722;CIRIE`;B;B1;TO00000290;13;Box;NORMALE;P;600;900;L;2,9;4,4;L;
NORD-OVEST;PIEMONTE;TO;1001086;A1EF; ;C722;CIRIE`;B;B1;TO00000290;5;Negozi;NORMALE;P;750;1500;L;6,3;12,6;L;
NORD-OVEST;PIEMONTE;TO;1001086;A1EF; ;C722;CIRIE`;B;B1;TO00000290;6;Uffici;NORMALE;P;600;1200;L;3,7;7,4;L;
NORD-OVEST;PIEMONTE;TO;1001086;A1EF; ;C722;CIRIE`;C;C1;TO00001141;20;Abitazioni civili;NORMALE;P;900;1350;L;4,1;6,1;L;
NORD-OVEST;PIEMONTE;TO;1001086;A1EF; ;C722;CIRIE`;C;C1;TO00001141;20;Abitazioni civili;OTTIMO; ;1400;2100;L;5,7;8,5;L;
NORD-OVEST;PIEMONTE;TO;1001086;A1EF; ;C722;CIRIE`;C;C1;TO00001141;21;Abitazioni di tipo economico;OTTIMO; ;1100;1600;L;5,4;8,1;L;
NORD-OVEST;PIEMONTE;TO;1001086;A1EF; ;C722;CIRIE`;C;C1;TO00001141;21;Abitazioni di tipo economico;NORMALE;P;700;1050;L;3,9;5,8;L;
NORD-OVEST;PIEMONTE;TO;1001086;A1EF; ;C722;CIRIE`;C;C1;TO00001141;13;Box;NORMALE;P;560;830;L;3,2;4,8;L;
NORD-OVEST;PIEMONTE;TO;1001086;A1EF; ;C722;CIRIE`;C;C1;TO00001141;5;Negozi;NORMALE;P;700;1400;L;6;12;L;
NORD-OVEST;PIEMONTE;TO;1001086;A1EF; ;C722;CIRIE`;C;C1;TO00001141;6;Uffici;NORMALE;P;630;1250;L;4,3;8,6;L;
NORD-OVEST;PIEMONTE;TO;1001086;A1EF; ;C722;CIRIE`;D;D1;TO00001142;20;Abitazioni civili;NORMALE;P;1200;1800;L;4,5;6,8;L;
NORD-OVEST;PIEMONTE;TO;1001086;A1EF; ;C722;CIRIE`;D;D1;TO00001142;21;Abitazioni di tipo economico;NORMALE;P;640;960;L;3,8;5,7;L;
NORD-OVEST;PIEMONTE;TO;1001086;A1EF; ;C722;CIRIE`;D;D1;TO00001142;9;Magazzini;NORMALE;P;360;540;L;3,2;4,7;L;
NORD-OVEST;PIEMONTE;TO;1001086;A1EF; ;C722;CIRIE`;D;D1;TO00001142;6;Uffici;NORMALE;P;630;1250;L;4,6;9,2;L;
NORD-OVEST;PIEMONTE;TO;1001086;A1EF; ;C722;CIRIE`;D;D1;TO00001142;8;Capannoni industriali;NORMALE;P;200;400;L;1,7;3,3;L;
NORD-OVEST;PIEMONTE;TO;1001086;A1EF; ;C722;CIRIE`;D;D1;TO00001142;10;Laboratori;NORMALE;P;420;680;L;2,4;4,5;L;
NORD-OVEST;PIEMONTE;TO;1001086;A1EF; ;C722;CIRIE`;E;E1;TO00001143;20;Abitazioni civili;NORMALE;P;900;1350;L;3,6;5,4;L;
NORD-OVEST;PIEMONTE;TO;1001086;A1EF; ;C722;CIRIE`;E;E1;TO00001143;13;Box;NORMALE;P;550;820;L;3,3;5;L;
NORD-OVEST;PIEMONTE;TO;1001087;A1EG; ;C793;CLAVIERE;B;B1;TO00000293;20;Abitazioni civili;NORMALE;P;2350;3500;L;7,6;11,4;L;
NORD-OVEST;PIEMONTE;TO;1001087;A1EG; ;C793;CLAVIERE;B;B1;TO00000293;13;Box;NORMALE;P;1000;1500;L;5,2;7,8;L;
NORD-OVEST;PIEMONTE;TO;1001087;A1EG; ;C793;CLAVIERE;B;B1;TO00000293;9;Magazzini;NORMALE;P;670;1000;L;4,2;6,3;L;
NORD-OVEST;PIEMONTE;TO;1001087;A1EG; ;C793;CLAVIERE;B;B1;TO00000293;5;Negozi;NORMALE;P;1050;2100;L;6;12;L;
NORD-OVEST;PIEMONTE;TO;1001088;A1EH; ;C801;COASSOLO TORINESE;B;B1;TO00000296;20;Abitazioni civili;NORMALE;P;450;680;L;2,7;4,1;L;
NORD-OVEST;PIEMONTE;TO;1001088;A1EH; ;C801;COASSOLO TORINESE;B;B1;TO00000296;21;Abitazioni di tipo economico;NORMALE;P;360;540;L;2,4;3,6;L;
NORD-OVEST;PIEMONTE;TO;1001088;A1EH; ;C801;COASSOLO TORINESE;B;B1;TO00000296;13;Box;NORMALE;P;310;460;L;2,1;3,1;L;
NORD-OVEST;PIEMONTE;TO;1001088;A1EH; ;C801;COASSOLO TORINESE;B;B1;TO00000296;1;Ville e Villini;NORMALE;P;570;850;L;2,7;4;L;
NORD-OVEST;PIEMONTE;TO;1001088;A1EH; ;C801;COASSOLO TORINESE;B;B1;TO00000296;9;Magazzini;NORMALE;P;240;360;L;1,6;2,4;L;
NORD-OVEST;PIEMONTE;TO;1001089;A1EI; ;C803;COAZZE;B;B1;TO00000298;20;Abitazioni civili;NORMALE;P;570;860;L;3,8;5,7;L;
NORD-OVEST;PIEMONTE;TO;1001089;A1EI; ;C803;COAZZE;B;B1;TO00000298;21;Abitazioni di tipo economico;NORMALE;P;440;660;L;3,1;4,7;L;
NORD-OVEST;PIEMONTE;TO;1001089;A1EI; ;C803;COAZZE;B;B1;TO00000298;13;Box;NORMALE;P;400;600;L;2,7;4;L;
NORD-OVEST;PIEMONTE;TO;1001089;A1EI; ;C803;COAZZE;B;B1;TO00000298;1;Ville e Villini;NORMALE;P;690;1050;L;2,9;4,4;L;
NORD-OVEST;PIEMONTE;TO;1001089;A1EI; ;C803;COAZZE;B;B1;TO00000298;9;Magazzini;NORMALE;P;260;390;L;2,1;3,1;L;
NORD-OVEST;PIEMONTE;TO;1001089;A1EI; ;C803;COAZZE;B;B1;TO00000298;5;Negozi;NORMALE;P;410;820;L;3,5;7;L;
NORD-OVEST;PIEMONTE;TO;1001089;A1EI; ;C803;COAZZE;B;B1;TO00000298;10;Laboratori;NORMALE;P;380;590;L;1,9;3;L;
NORD-OVEST;PIEMONTE;TO;1001089;A1EI; ;C803;COAZZE;D;D1;TO00003332;21;Abitazioni di tipo economico;NORMALE;P;410;610;L;2,6;3,8;L;
NORD-OVEST;PIEMONTE;TO;1001089;A1EI; ;C803;COAZZE;D;D1;TO00003332;13;Box;NORMALE;P;360;530;L;2,3;3,4;L;
NORD-OVEST;PIEMONTE;TO;1001089;A1EI; ;C803;COAZZE;D;D1;TO00003332;1;Ville e Villini;NORMALE;P;640;960;L;2,8;4,2;L;
NORD-OVEST;PIEMONTE;TO;1001090;A1EJ; ;C860;COLLEGNO;B;B1;TO00000301;20;Abitazioni civili;OTTIMO; ;1900;2850;L;7;10,3;L;
NORD-OVEST;PIEMONTE;TO;1001090;A1EJ; ;C860;COLLEGNO;B;B1;TO00000301;20;Abitazioni civili;NORMALE;P;1450;2100;L;5,4;7,9;L;
NORD-OVEST;PIEMONTE;TO;1001090;A1EJ; ;C860;COLLEGNO;B;B1;TO00000301;21;Abitazioni di tipo economico;NORMALE;P;1150;1700;L;5,6;8,4;L;
NORD-OVEST;PIEMONTE;TO;1001090;A1EJ; ;C860;COLLEGNO;B;B1;TO00000301;13;Box;NORMALE;P;780;1150;L;3,7;5,5;L;
NORD-OVEST;PIEMONTE;TO;1001090;A1EJ; ;C860;COLLEGNO;B;B1;TO00000301;5;Negozi;NORMALE;P;880;1750;L;7,6;15,2;L;
NORD-OVEST;PIEMONTE;TO;1001090;A1EJ; ;C860;COLLEGNO;B;B1;TO00000301;6;Uffici;NORMALE;P;800;1600;L;4,6;9,2;L;
NORD-OVEST;PIEMONTE;TO;1001090;A1EJ; ;C860;COLLEGNO;C;C1;TO00002110;20;Abitazioni civili;OTTIMO; ;2000;3000;L;6,6;9,9;L;
NORD-OVEST;PIEMONTE;TO;1001090;A1EJ; ;C860;COLLEGNO;C;C1;TO00002110;20;Abitazioni civili;NORMALE;P;1400;2100;L;5,1;7,6;L;
NORD-OVEST;PIEMONTE;TO;1001090;A1EJ; ;C860;COLLEGNO;C;C1;TO00002110;21;Abitazioni di tipo economico;NORMALE;P;1200;1800;L;5;7,5;L;
NORD-OVEST;PIEMONTE;TO;1001090;A1EJ; ;C860;COLLEGNO;C;C1;TO00002110;13;Box;NORMALE;P;730;1100;L;3,7;5,5;L;
NORD-OVEST;PIEMONTE;TO;1001090;A1EJ; ;C860;COLLEGNO;C;C1;TO00002110;5;Negozi;NORMALE;P;780;1550;L;6,2;12,4;L;
NORD-OVEST;PIEMONTE;TO;1001090;A1EJ; ;C860;COLLEGNO;C;C1;TO00002110;6;Uffici;NORMALE;P;730;1450;L;4,4;8,8;L;
NORD-OVEST;PIEMONTE;TO;1001090;A1EJ; ;C860;COLLEGNO;D;D1;TO00001310;20;Abitazioni civili;NORMALE;P;1100;1650;L;4,4;6,5;L;
NORD-OVEST;PIEMONTE;TO;1001090;A1EJ; ;C860;COLLEGNO;D;D1;TO00001310;20;Abitazioni civili;OTTIMO; ;1600;2400;L;6,9;10,3;L;
NORD-OVEST;PIEMONTE;TO;1001090;A1EJ; ;C860;COLLEGNO;D;D1;TO00001310;21;Abitazioni di tipo economico;NORMALE;P;930;1400;L;5;7,4;L;
NORD-OVEST;PIEMONTE;TO;1001090;A1EJ; ;C860;COLLEGNO;D;D1;TO00001310;13;Box;NORMALE;P;700;1000;L;3,4;5,1;L;
NORD-OVEST;PIEMONTE;TO;1001090;A1EJ; ;C860;COLLEGNO;D;D1;TO00001310;5;Negozi;NORMALE;P;610;1200;L;4,7;9,4;L;
NORD-OVEST;PIEMONTE;TO;1001090;A1EJ; ;C860;COLLEGNO;D;D2;TO00001311;20;Abitazioni civili;NORMALE;P;1300;1850;L;5,4;8,1;L;
NORD-OVEST;PIEMONTE;TO;1001090;A1EJ; ;C860;COLLEGNO;D;D2;TO00001311;21;Abitazioni di tipo economico;NORMALE;P;830;1250;L;4,9;7,3;L;
NORD-OVEST;PIEMONTE;TO;1001090;A1EJ; ;C860;COLLEGNO;D;D2;TO00001311;9;Magazzini;NORMALE;P;420;630;L;3,1;4,7;L;
NORD-OVEST;PIEMONTE;TO;1001090;A1EJ; ;C860;COLLEGNO;D;D2;TO00001311;6;Uffici;NORMALE;P;630;1250;L;3,4;6,8;L;
NORD-OVEST;PIEMONTE;TO;1001090;A1EJ; ;C860;COLLEGNO;D;D2;TO00001311;8;Capannoni industriali;NORMALE;P;240;480;L;2;4;L;
NORD-OVEST;PIEMONTE;TO;1001090;A1EJ; ;C860;COLLEGNO;D;D2;TO00001311;10;Laboratori;NORMALE;P;400;790;L;2,6;5,1;L;
NORD-OVEST;PIEMONTE;TO;1001090;A1EJ; ;C860;COLLEGNO;D;D3;TO00001312;20;Abitazioni civili;OTTIMO; ;1900;2850;L;7,1;10,7;L;
NORD-OVEST;PIEMONTE;TO;1001090;A1EJ; ;C860;COLLEGNO;D;D3;TO00001312;20;Abitazioni civili;NORMALE;P;1450;2200;L;5,1;7,6;L;
NORD-OVEST;PIEMONTE;TO;1001090;A1EJ; ;C860;COLLEGNO;D;D3;TO00001312;21;Abitazioni di tipo economico;NORMALE;P;1250;1900;L;5,3;8;L;
NORD-OVEST;PIEMONTE;TO;1001090;A1EJ; ;C860;COLLEGNO;D;D3;TO00001312;13;Box;NORMALE;P;730;1100;L;3,9;5,8;L;
NORD-OVEST;PIEMONTE;TO;1001090;A1EJ; ;C860;COLLEGNO;D;D3;TO00001312;5;Negozi;NORMALE;P;600;1200;L;6,4;12,8;L;
NORD-OVEST;PIEMONTE;TO;1001090;A1EJ; ;C860;COLLEGNO;D;D3;TO00001312;6;Uffici;NORMALE;P;550;1100;L;4,4;8,7;L;
NORD-OVEST;PIEMONTE;TO;1001091;A1EK; ;C867;COLLERETTO CASTELNUOVO;B;B1;TO00000303;21;Abitazioni di tipo economico;NORMALE;P;300;450;L;1,9;2,9;L;
NORD-OVEST;PIEMONTE;TO;1001091;A1EK; ;C867;COLLERETTO CASTELNUOVO;B;B1;TO00000303;13;Box;NORMALE;P;260;390;L;1,5;2,3;L;
NORD-OVEST;PIEMONTE;TO;1001091;A1EK; ;C867;COLLERETTO CASTELNUOVO;B;B1;TO00000303;9;Magazzini;NORMALE;P;160;240;L;1;1,4;L;
NORD-OVEST;PIEMONTE;TO;1001092;A1EL; ;C868;COLLERETTO GIACOSA;B;B1;TO00000896;20;Abitazioni civili;NORMALE;P;440;660;L;2,3;3,5;L;
NORD-OVEST;PIEMONTE;TO;1001092;A1EL; ;C868;COLLERETTO GIACOSA;B;B1;TO00000896;21;Abitazioni di tipo economico;NORMALE;P;330;500;L;2;3;L;
NORD-OVEST;PIEMONTE;TO;1001092;A1EL; ;C868;COLLERETTO GIACOSA;B;B1;TO00000896;13;Box;NORMALE;P;260;390;L;1,8;2,6;L;
NORD-OVEST;PIEMONTE;TO;1001093;A1EN; ;C955;CONDOVE;B;B1;TO00000308;20;Abitazioni civili;NORMALE;P;850;1250;L;4,2;6,3;L;
NORD-OVEST;PIEMONTE;TO;1001093;A1EN; ;C955;CONDOVE;B;B1;TO00000308;21;Abitazioni di tipo economico;NORMALE;P;520;780;L;3,4;5,1;L;
NORD-OVEST;PIEMONTE;TO;1001093;A1EN; ;C955;CONDOVE;B;B1;TO00000308;13;Box;NORMALE;P;440;660;L;2,7;4;L;
NORD-OVEST;PIEMONTE;TO;1001093;A1EN; ;C955;CONDOVE;B;B1;TO00000308;1;Ville e Villini;NORMALE;P;760;1150;L;3,1;4,6;L;
NORD-OVEST;PIEMONTE;TO;1001093;A1EN; ;C955;CONDOVE;B;B1;TO00000308;9;Magazzini;NORMALE;P;270;410;L;2;2,9;L;
NORD-OVEST;PIEMONTE;TO;1001093;A1EN; ;C955;CONDOVE;B;B1;TO00000308;5;Negozi;NORMALE;P;530;1050;L;5,1;10,2;L;
NORD-OVEST;PIEMONTE;TO;1001093;A1EN; ;C955;CONDOVE;B;B1;TO00000308;6;Uffici;NORMALE;P;520;890;L;2,6;5,2;L;
NORD-OVEST;PIEMONTE;TO;1001093;A1EN; ;C955;CONDOVE;B;B1;TO00000308;8;Capannoni industriali;NORMALE;P;220;440;L;1,6;3,1;L;
NORD-OVEST;PIEMONTE;TO;1001093;A1EN; ;C955;CONDOVE;B;B1;TO00000308;10;Laboratori;NORMALE;P;300;580;L;2;4;L;
NORD-OVEST;PIEMONTE;TO;1001094;A1EP; ;D008;CORIO;B;B1;TO00000310;20;Abitazioni civili;NORMALE;P;500;750;L;2,9;4,3;L;
NORD-OVEST;PIEMONTE;TO;1001094;A1EP; ;D008;CORIO;B;B1;TO00000310;21;Abitazioni di tipo economico;NORMALE;P;340;510;L;2,5;3,7;L;
NORD-OVEST;PIEMONTE;TO;1001094;A1EP; ;D008;CORIO;B;B1;TO00000310;13;Box;NORMALE;P;320;480;L;1,9;2,8;L;
NORD-OVEST;PIEMONTE;TO;1001094;A1EP; ;D008;CORIO;B;B1;TO00000310;1;Ville e Villini;NORMALE;P;560;840;L;2,6;3,9;L;
NORD-OVEST;PIEMONTE;TO;1001094;A1EP; ;D008;CORIO;B;B1;TO00000310;9;Magazzini;NORMALE;P;240;360;L;1,6;2,4;L;
NORD-OVEST;PIEMONTE;TO;1001094;A1EP; ;D008;CORIO;B;B1;TO00000310;5;Negozi;NORMALE;P;350;700;L;3,1;6,2;L;
NORD-OVEST;PIEMONTE;TO;1001094;A1EP; ;D008;CORIO;B;B1;TO00000310;6;Uffici;NORMALE;P;380;760;L;2,3;4,3;L;
NORD-OVEST;PIEMONTE;TO;1001094;A1EP; ;D008;CORIO;B;B1;TO00000310;8;Capannoni industriali;NORMALE;P;170;340;L;1,2;2,3;L;
NORD-OVEST;PIEMONTE;TO;1001094;A1EP; ;D008;CORIO;B;B1;TO00000310;10;Laboratori;NORMALE;P;220;440;L;1,2;2,3;L;
NORD-OVEST;PIEMONTE;TO;1001095;A1EQ; ;D092;COSSANO CANAVESE;B;B1;TO00000312;20;Abitazioni civili;NORMALE;P;390;590;L;2,2;3,2;L;
NORD-OVEST;PIEMONTE;TO;1001095;A1EQ; ;D092;COSSANO CANAVESE;B;B1;TO00000312;21;Abitazioni di tipo economico;NORMALE;P;290;430;L;1,4;2,1;L;
NORD-OVEST;PIEMONTE;TO;1001095;A1EQ; ;D092;COSSANO CANAVESE;B;B1;TO00000312;13;Box;NORMALE;P;270;400;L;1,7;2,5;L;
NORD-OVEST;PIEMONTE;TO;1001095;A1EQ; ;D092;COSSANO CANAVESE;B;B1;TO00000312;9;Magazzini;NORMALE;P;150;220;L;1;1,5;L;
NORD-OVEST;PIEMONTE;TO;1001095;A1EQ; ;D092;COSSANO CANAVESE;B;B1;TO00000312;5;Negozi;NORMALE;P;270;540;L;1,5;3;L;
NORD-OVEST;PIEMONTE;TO;1001096;A1ER; ;D197;CUCEGLIO;B;B1;TO00000314;20;Abitazioni civili;NORMALE;P;550;820;L;2,8;4,2;L;
NORD-OVEST;PIEMONTE;TO;1001096;A1ER; ;D197;CUCEGLIO;B;B1;TO00000314;21;Abitazioni di tipo economico;NORMALE;P;360;540;L;2,3;3,5;L;
NORD-OVEST;PIEMONTE;TO;1001096;A1ER; ;D197;CUCEGLIO;B;B1;TO00000314;13;Box;NORMALE;P;380;570;L;2,3;3,4;L;
NORD-OVEST;PIEMONTE;TO;1001096;A1ER; ;D197;CUCEGLIO;B;B1;TO00000314;1;Ville e Villini;NORMALE;P;500;750;L;2,4;3,6;L;
NORD-OVEST;PIEMONTE;TO;1001096;A1ER; ;D197;CUCEGLIO;B;B1;TO00000314;9;Magazzini;NORMALE;P;260;390;L;1,6;2,4;L;
NORD-OVEST;PIEMONTE;TO;1001096;A1ER; ;D197;CUCEGLIO;B;B1;TO00000314;5;Negozi;NORMALE;P;420;840;L;2,7;5,4;L;
NORD-OVEST;PIEMONTE;TO;1001096;A1ER; ;D197;CUCEGLIO;B;B1;TO00000314;8;Capannoni industriali;NORMALE;P;200;400;L;1,5;2,8;L;
NORD-OVEST;PIEMONTE;TO;1001097;A1ES; ;D202;CUMIANA;B;B1;TO00000908;20;Abitazioni civili;NORMALE;P;930;1400;L;4,1;6,1;L;
NORD-OVEST;PIEMONTE;TO;1001097;A1ES; ;D202;CUMIANA;B;B1;TO00000908;21;Abitazioni di tipo economico;NORMALE;P;600;900;L;3,7;5,6;L;
NORD-OVEST;PIEMONTE;TO;1001097;A1ES; ;D202;CUMIANA;B;B1;TO00000908;13;Box;NORMALE;P;500;750;L;2,9;4,4;L;
NORD-OVEST;PIEMONTE;TO;1001097;A1ES; ;D202;CUMIANA;B;B1;TO00000908;1;Ville e Villini;NORMALE;P;770;1150;L;3,1;4,6;L;
NORD-OVEST;PIEMONTE;TO;1001097;A1ES; ;D202;CUMIANA;B;B1;TO00000908;1;Ville e Villini;OTTIMO; ;1100;1650;L;4,1;6,2;L;
NORD-OVEST;PIEMONTE;TO;1001097;A1ES; ;D202;CUMIANA;B;B1;TO00000908;9;Magazzini;NORMALE;P;370;560;L;2,3;3,5;L;
NORD-OVEST;PIEMONTE;TO;1001097;A1ES; ;D202;CUMIANA;B;B1;TO00000908;5;Negozi;NORMALE;P;580;1150;L;5;9,9;L;
NORD-OVEST;PIEMONTE;TO;1001097;A1ES; ;D202;CUMIANA;B;B1;TO00000908;6;Uffici;NORMALE;P;750;1300;L;4;6,2;L;
NORD-OVEST;PIEMONTE;TO;1001097;A1ES; ;D202;CUMIANA;B;B1;TO00000908;8;Capannoni industriali;NORMALE;P;230;450;L;1,6;3,2;L;
NORD-OVEST;PIEMONTE;TO;1001097;A1ES; ;D202;CUMIANA;B;B1;TO00000908;10;Laboratori;NORMALE;P;500;820;L;2,5;4,9;L;
NORD-OVEST;PIEMONTE;TO;1001098;A1ET; ;D208;CUORGNE`;B;B1;TO00000910;20;Abitazioni civili;NORMALE;P;620;930;L;3,4;5;L;
NORD-OVEST;PIEMONTE;TO;1001098;A1ET; ;D208;CUORGNE`;B;B1;TO00000910;21;Abitazioni di tipo economico;NORMALE;P;500;750;L;3,1;4,5;L;
NORD-OVEST;PIEMONTE;TO;1001098;A1ET; ;D208;CUORGNE`;B;B1;TO00000910;13;Box;NORMALE;P;580;870;L;2,9;4,4;L;
NORD-OVEST;PIEMONTE;TO;1001098;A1ET; ;D208;CUORGNE`;B;B1;TO00000910;9;Magazzini;NORMALE;P;260;380;L;1,6;2,4;L;
NORD-OVEST;PIEMONTE;TO;1001098;A1ET; ;D208;CUORGNE`;B;B1;TO00000910;5;Negozi;NORMALE;P;430;860;L;3,6;7,2;L;
NORD-OVEST;PIEMONTE;TO;1001098;A1ET; ;D208;CUORGNE`;B;B1;TO00000910;6;Uffici;NORMALE;P;600;980;L;3,8;7;L;
NORD-OVEST;PIEMONTE;TO;1001098;A1ET; ;D208;CUORGNE`;B;B1;TO00000910;10;Laboratori;NORMALE;P;280;510;L;1,7;2,8;L;
NORD-OVEST;PIEMONTE;TO;1001098;A1ET; ;D208;CUORGNE`;D;D1;TO00002509;20;Abitazioni civili;NORMALE;P;610;920;L;3,4;5,1;L;
NORD-OVEST;PIEMONTE;TO;1001098;A1ET; ;D208;CUORGNE`;D;D1;TO00002509;21;Abitazioni di tipo economico;NORMALE;P;460;690;L;3;4,5;L;
NORD-OVEST;PIEMONTE;TO;1001098;A1ET; ;D208;CUORGNE`;D;D1;TO00002509;8;Capannoni industriali;NORMALE;P;220;440;L;1,4;2,8;L;
NORD-OVEST;PIEMONTE;TO;1001098;A1ET; ;D208;CUORGNE`;E;E1;TO00000912;20;Abitazioni civili;NORMALE;P;540;810;L;2,5;3,7;L;
NORD-OVEST;PIEMONTE;TO;1001098;A1ET; ;D208;CUORGNE`;E;E1;TO00000912;21;Abitazioni di tipo economico;NORMALE;P;440;660;L;2,3;3,5;L;
NORD-OVEST;PIEMONTE;TO;1001099;A1EV; ;D373;DRUENTO;B;B1;TO00000322;21;Abitazioni di tipo economico;NORMALE;P;820;1200;L;4,3;6,3;L;
NORD-OVEST;PIEMONTE;TO;1001099;A1EV; ;D373;DRUENTO;B;B1;TO00000322;13;Box;NORMALE;P;550;820;L;2,7;4,1;L;
NORD-OVEST;PIEMONTE;TO;1001099;A1EV; ;D373;DRUENTO;B;B1;TO00000322;5;Negozi;NORMALE;P;640;1250;L;5,2;10,4;L;
NORD-OVEST;PIEMONTE;TO;1001099;A1EV; ;D373;DRUENTO;C;C1;TO00001162;20;Abitazioni civili;NORMALE;P;1000;1500;L;4,2;6,2;L;
NORD-OVEST;PIEMONTE;TO;1001099;A1EV; ;D373;DRUENTO;C;C1;TO00001162;20;Abitazioni civili;OTTIMO; ;1450;2100;L;5;7,2;L;
NORD-OVEST;PIEMONTE;TO;1001099;A1EV; ;D373;DRUENTO;C;C1;TO00001162;21;Abitazioni di tipo economico;NORMALE;P;860;1250;L;4;5,9;L;
NORD-OVEST;PIEMONTE;TO;1001099;A1EV; ;D373;DRUENTO;C;C1;TO00001162;13;Box;NORMALE;P;620;930;L;3;4,4;L;
NORD-OVEST;PIEMONTE;TO;1001099;A1EV; ;D373;DRUENTO;C;C1;TO00001162;1;Ville e Villini;NORMALE;P;1350;2050;L;4,4;6,6;L;
NORD-OVEST;PIEMONTE;TO;1001099;A1EV; ;D373;DRUENTO;C;C1;TO00001162;5;Negozi;NORMALE;P;650;1300;L;4,9;9,6;L;
NORD-OVEST;PIEMONTE;TO;1001099;A1EV; ;D373;DRUENTO;C;C1;TO00001162;6;Uffici;NORMALE;P;600;1200;L;4;8;L;
NORD-OVEST;PIEMONTE;TO;1001099;A1EV; ;D373;DRUENTO;D;D1;TO00001163;9;Magazzini;NORMALE;P;400;590;L;2,2;3,3;L;
NORD-OVEST;PIEMONTE;TO;1001099;A1EV; ;D373;DRUENTO;D;D1;TO00001163;8;Capannoni industriali;NORMALE;P;240;460;L;1,7;3,2;L;
NORD-OVEST;PIEMONTE;TO;1001100;A1EW; ;D433;EXILLES;B;B1;TO00000324;21;Abitazioni di tipo economico;NORMALE;P;370;560;L;2,1;3,1;L;
NORD-OVEST;PIEMONTE;TO;1001100;A1EW; ;D433;EXILLES;B;B1;TO00000324;9;Magazzini;NORMALE;P;210;320;L;1,4;2;L;
NORD-OVEST;PIEMONTE;TO;1001101;A1EY; ;D520;FAVRIA;B;B1;TO00000326;20;Abitazioni civili;NORMALE;P;700;1050;L;3,7;5,4;L;
NORD-OVEST;PIEMONTE;TO;1001101;A1EY; ;D520;FAVRIA;B;B1;TO00000326;21;Abitazioni di tipo economico;NORMALE;P;480;720;L;3,1;4,5;L;
NORD-OVEST;PIEMONTE;TO;1001101;A1EY; ;D520;FAVRIA;B;B1;TO00000326;13;Box;NORMALE;P;430;640;L;2,8;4,1;L;
NORD-OVEST;PIEMONTE;TO;1001101;A1EY; ;D520;FAVRIA;B;B1;TO00000326;5;Negozi;NORMALE;P;450;900;L;3,2;6,4;L;
NORD-OVEST;PIEMONTE;TO;1001101;A1EY; ;D520;FAVRIA;B;B1;TO00000326;6;Uffici;NORMALE;P;520;900;L;3,2;5,5;L;
NORD-OVEST;PIEMONTE;TO;1001101;A1EY; ;D520;FAVRIA;D;D1;TO00001107;20;Abitazioni civili;NORMALE;P;610;920;L;3,3;4,9;L;
NORD-OVEST;PIEMONTE;TO;1001101;A1EY; ;D520;FAVRIA;D;D1;TO00001107;9;Magazzini;NORMALE;P;240;360;L;1,5;2,3;L;
NORD-OVEST;PIEMONTE;TO;1001101;A1EY; ;D520;FAVRIA;D;D1;TO00001107;6;Uffici;NORMALE;P;520;900;L;3,1;5,3;L;
NORD-OVEST;PIEMONTE;TO;1001101;A1EY; ;D520;FAVRIA;D;D1;TO00001107;8;Capannoni industriali;NORMALE;P;200;400;L;1,4;2,8;L;
NORD-OVEST;PIEMONTE;TO;1001102;A1FA; ;D524;FELETTO;B;B1;TO00000897;20;Abitazioni civili;NORMALE;P;560;840;L;3,1;4,6;L;
NORD-OVEST;PIEMONTE;TO;1001102;A1FA; ;D524;FELETTO;B;B1;TO00000897;21;Abitazioni di tipo economico;NORMALE;P;410;620;L;2,7;4,1;L;
NORD-OVEST;PIEMONTE;TO;1001102;A1FA; ;D524;FELETTO;B;B1;TO00000897;13;Box;NORMALE;P;410;620;L;2,7;4;L;
NORD-OVEST;PIEMONTE;TO;1001102;A1FA; ;D524;FELETTO;B;B1;TO00000897;1;Ville e Villini;NORMALE;P;800;1200;L;2,6;3,8;L;
NORD-OVEST;PIEMONTE;TO;1001102;A1FA; ;D524;FELETTO;B;B1;TO00000897;9;Magazzini;NORMALE;P;350;520;L;2,2;3,3;L;
NORD-OVEST;PIEMONTE;TO;1001102;A1FA; ;D524;FELETTO;B;B1;TO00000897;5;Negozi;NORMALE;P;420;840;L;3,3;6,6;L;
NORD-OVEST;PIEMONTE;TO;1001102;A1FA; ;D524;FELETTO;B;B1;TO00000897;8;Capannoni industriali;NORMALE;P;210;410;L;1,5;2,8;L;
NORD-OVEST;PIEMONTE;TO;1001102;A1FA; ;D524;FELETTO;B;B1;TO00000897;10;Laboratori;NORMALE;P;400;670;L;1,7;3,2;L;
NORD-OVEST;PIEMONTE;TO;1001103;A1FB; ;D532;FENESTRELLE;B;B1;TO00000330;20;Abitazioni civili;NORMALE;P;870;1300;L;3,1;4,6;L;
NORD-OVEST;PIEMONTE;TO;1001103;A1FB; ;D532;FENESTRELLE;B;B1;TO00000330;21;Abitazioni di tipo economico;NORMALE;P;500;750;L;2,4;3,6;L;
NORD-OVEST;PIEMONTE;TO;1001103;A1FB; ;D532;FENESTRELLE;B;B1;TO00000330;13;Box;NORMALE;P;440;660;L;2,6;3,9;L;
NORD-OVEST;PIEMONTE;TO;1001103;A1FB; ;D532;FENESTRELLE;B;B1;TO00000330;5;Negozi;NORMALE;P;340;680;L;3;6;L;
NORD-OVEST;PIEMONTE;TO;1001103;A1FB; ;D532;FENESTRELLE;E;E1;TO00001227;20;Abitazioni civili;NORMALE;P;590;880;L;2,8;4,2;L;
NORD-OVEST;PIEMONTE;TO;1001103;A1FB; ;D532;FENESTRELLE;E;E1;TO00001227;21;Abitazioni di tipo economico;NORMALE;P;440;660;L;2,3;3,4;L;
NORD-OVEST;PIEMONTE;TO;1001103;A1FB; ;D532;FENESTRELLE;E;E1;TO00001227;13;Box;NORMALE;P;440;660;L;2,6;3,9;L;
NORD-OVEST;PIEMONTE;TO;1001157;A1FE; ;D553;MONCENISIO;B;B1;TO00000990;21;Abitazioni di tipo economico;NORMALE;P;410;610;L;1,4;2;L;
NORD-OVEST;PIEMONTE;TO;1001104;A1FF; ;D562;FIANO;B;B1;TO00000335;20;Abitazioni civili;NORMALE;P;900;1350;L;4,1;6,2;L;
NORD-OVEST;PIEMONTE;TO;1001104;A1FF; ;D562;FIANO;B;B1;TO00000335;21;Abitazioni di tipo economico;NORMALE;P;600;900;L;3,2;4,8;L;
NORD-OVEST;PIEMONTE;TO;1001104;A1FF; ;D562;FIANO;B;B1;TO00000335;13;Box;NORMALE;P;470;700;L;2,6;3,9;L;
NORD-OVEST;PIEMONTE;TO;1001104;A1FF; ;D562;FIANO;B;B1;TO00000335;1;Ville e Villini;NORMALE;P;800;1200;L;3,5;5,3;L;
NORD-OVEST;PIEMONTE;TO;1001104;A1FF; ;D562;FIANO;B;B1;TO00000335;1;Ville e Villini;OTTIMO; ;1200;1750;L;5;7,4;L;
NORD-OVEST;PIEMONTE;TO;1001104;A1FF; ;D562;FIANO;B;B1;TO00000335;9;Magazzini;NORMALE;P;340;510;L;2,2;3,2;L;
NORD-OVEST;PIEMONTE;TO;1001104;A1FF; ;D562;FIANO;B;B1;TO00000335;5;Negozi;NORMALE;P;580;1150;L;4,5;9;L;
NORD-OVEST;PIEMONTE;TO;1001104;A1FF; ;D562;FIANO;B;B1;TO00000335;6;Uffici;NORMALE;P;490;980;L;3,1;6;L;
NORD-OVEST;PIEMONTE;TO;1001104;A1FF; ;D562;FIANO;B;B1;TO00000335;10;Laboratori;NORMALE;P;390;630;L;2,2;3,6;L;
NORD-OVEST;PIEMONTE;TO;1001104;A1FF; ;D562;FIANO;D;D1;TO00001306;1;Ville e Villini;NORMALE;P;1200;1800;L;4,5;6,8;L;
NORD-OVEST;PIEMONTE;TO;1001105;A1FG; ;D608;FIORANO CANAVESE;B;B1;TO00000337;20;Abitazioni civili;NORMALE;P;430;650;L;2,4;3,6;L;
NORD-OVEST;PIEMONTE;TO;1001105;A1FG; ;D608;FIORANO CANAVESE;B;B1;TO00000337;21;Abitazioni di tipo economico;NORMALE;P;330;500;L;2;3;L;
NORD-OVEST;PIEMONTE;TO;1001105;A1FG; ;D608;FIORANO CANAVESE;B;B1;TO00000337;13;Box;NORMALE;P;350;510;L;2,2;3,3;L;
NORD-OVEST;PIEMONTE;TO;1001105;A1FG; ;D608;FIORANO CANAVESE;B;B1;TO00000337;1;Ville e Villini;NORMALE;P;480;720;L;2,2;3,2;L;
NORD-OVEST;PIEMONTE;TO;1001105;A1FG; ;D608;FIORANO CANAVESE;B;B1;TO00000337;9;Magazzini;NORMALE;P;200;300;L;1,2;1,6;L;
NORD-OVEST;PIEMONTE;TO;1001105;A1FG; ;D608;FIORANO CANAVESE;B;B1;TO00000337;5;Negozi;NORMALE;P;280;560;L;1,8;3,5;L;
NORD-OVEST;PIEMONTE;TO;1001106;A1FH; ;D646;FOGLIZZO;B;B1;TO00000339;20;Abitazioni civili;NORMALE;P;690;1000;L;3,4;5;L;
NORD-OVEST;PIEMONTE;TO;1001106;A1FH; ;D646;FOGLIZZO;B;B1;TO00000339;21;Abitazioni di tipo economico;NORMALE;P;430;650;L;2,7;4;L;
NORD-OVEST;PIEMONTE;TO;1001106;A1FH; ;D646;FOGLIZZO;B;B1;TO00000339;13;Box;NORMALE;P;430;640;L;2,6;3,9;L;
NORD-OVEST;PIEMONTE;TO;1001106;A1FH; ;D646;FOGLIZZO;B;B1;TO00000339;9;Magazzini;NORMALE;P;320;480;L;1,9;2,9;L;
NORD-OVEST;PIEMONTE;TO;1001106;A1FH; ;D646;FOGLIZZO;B;B1;TO00000339;5;Negozi;NORMALE;P;400;800;L;3;5,3;L;
NORD-OVEST;PIEMONTE;TO;1001106;A1FH; ;D646;FOGLIZZO;B;B1;TO00000339;8;Capannoni industriali;NORMALE;P;210;410;L;1,4;2,7;L;
NORD-OVEST;PIEMONTE;TO;1001106;A1FH; ;D646;FOGLIZZO;B;B1;TO00000339;10;Laboratori;NORMALE;P;360;590;L;1,7;3;L;
NORD-OVEST;PIEMONTE;TO;1001107;A1FK; ;D725;FORNO CANAVESE;B;B1;TO00000904;20;Abitazioni civili;NORMALE;P;510;760;L;2,7;4;L;
NORD-OVEST;PIEMONTE;TO;1001107;A1FK; ;D725;FORNO CANAVESE;B;B1;TO00000904;21;Abitazioni di tipo economico;NORMALE;P;400;600;L;2,2;3,3;L;
NORD-OVEST;PIEMONTE;TO;1001107;A1FK; ;D725;FORNO CANAVESE;B;B1;TO00000904;9;Magazzini;NORMALE;P;270;400;L;1,8;2,6;L;
NORD-OVEST;PIEMONTE;TO;1001107;A1FK; ;D725;FORNO CANAVESE;B;B1;TO00000904;5;Negozi;NORMALE;P;380;760;L;2,6;5,2;L;
NORD-OVEST;PIEMONTE;TO;1001107;A1FK; ;D725;FORNO CANAVESE;B;B1;TO00000904;6;Uffici;NORMALE;P;410;820;L;2,3;4,6;L;
NORD-OVEST;PIEMONTE;TO;1001107;A1FK; ;D725;FORNO CANAVESE;B;B1;TO00000904;8;Capannoni industriali;NORMALE;P;200;390;L;1,4;2,8;L;
NORD-OVEST;PIEMONTE;TO;1001107;A1FK; ;D725;FORNO CANAVESE;B;B1;TO00000904;10;Laboratori;NORMALE;P;290;580;L;1,5;3;L;
NORD-OVEST;PIEMONTE;TO;1001108;A1FM; ;D781;FRASSINETTO;B;B1;TO00000905;20;Abitazioni civili;NORMALE;P;510;770;L;1,8;2,7;L;
NORD-OVEST;PIEMONTE;TO;1001108;A1FM; ;D781;FRASSINETTO;B;B1;TO00000905;21;Abitazioni di tipo economico;NORMALE;P;380;570;L;1,7;2,5;L;
NORD-OVEST;PIEMONTE;TO;1001108;A1FM; ;D781;FRASSINETTO;B;B1;TO00000905;13;Box;NORMALE;P;310;470;L;1,5;2,2;L;
NORD-OVEST;PIEMONTE;TO;1001108;A1FM; ;D781;FRASSINETTO;B;B1;TO00000905;9;Magazzini;NORMALE;P;190;280;L;1,3;1,9;L;
NORD-OVEST;PIEMONTE;TO;1001109;A1FN; ;D805;FRONT;B;B1;TO00000345;20;Abitazioni civili;NORMALE;P;620;930;L;4,2;6,3;L;
NORD-OVEST;PIEMONTE;TO;1001109;A1FN; ;D805;FRONT;B;B1;TO00000345;21;Abitazioni di tipo economico;NORMALE;P;440;660;L;3,3;5;L;
NORD-OVEST;PIEMONTE;TO;1001109;A1FN; ;D805;FRONT;B;B1;TO00000345;13;Box;NORMALE;P;420;620;L;3,1;4,7;L;
NORD-OVEST;PIEMONTE;TO;1001109;A1FN; ;D805;FRONT;B;B1;TO00000345;9;Magazzini;NORMALE;P;260;390;L;1,5;2,2;L;
NORD-OVEST;PIEMONTE;TO;1001109;A1FN; ;D805;FRONT;B;B1;TO00000345;5;Negozi;NORMALE;P;490;980;L;3,5;6,9;L;
NORD-OVEST;PIEMONTE;TO;1001109;A1FN; ;D805;FRONT;B;B1;TO00000345;8;Capannoni industriali;NORMALE;P;190;380;L;1,4;2,7;L;
NORD-OVEST;PIEMONTE;TO;1001110;A1FP; ;D812;FROSSASCO;B;B1;TO00000347;21;Abitazioni di tipo economico;NORMALE;P;720;1050;L;3,7;5,6;L;
NORD-OVEST;PIEMONTE;TO;1001110;A1FP; ;D812;FROSSASCO;B;B1;TO00000347;13;Box;NORMALE;P;550;830;L;3,2;4,8;L;
NORD-OVEST;PIEMONTE;TO;1001110;A1FP; ;D812;FROSSASCO;B;B1;TO00000347;5;Negozi;NORMALE;P;550;1100;L;4,6;9,2;L;
NORD-OVEST;PIEMONTE;TO;1001110;A1FP; ;D812;FROSSASCO;C;C1;TO00001334;20;Abitazioni civili;NORMALE;P;900;1350;L;4,1;6,1;L;
NORD-OVEST;PIEMONTE;TO;1001110;A1FP; ;D812;FROSSASCO;C;C1;TO00001334;21;Abitazioni di tipo economico;NORMALE;P;750;1100;L;3,3;4,9;L;
NORD-OVEST;PIEMONTE;TO;1001110;A1FP; ;D812;FROSSASCO;C;C1;TO00001334;13;Box;NORMALE;P;510;770;L;3,2;4,8;L;
NORD-OVEST;PIEMONTE;TO;1001110;A1FP; ;D812;FROSSASCO;C;C1;TO00001334;1;Ville e Villini;NORMALE;P;870;1300;L;3,6;5,4;L;
NORD-OVEST;PIEMONTE;TO;1001110;A1FP; ;D812;FROSSASCO;D;D1;TO00001335;9;Magazzini;NORMALE;P;380;570;L;2,4;3,6;L;
NORD-OVEST;PIEMONTE;TO;1001110;A1FP; ;D812;FROSSASCO;D;D1;TO00001335;8;Capannoni industriali;NORMALE;P;200;400;L;1,5;2,9;L;
NORD-OVEST;PIEMONTE;TO;1001110;A1FP; ;D812;FROSSASCO;D;D1;TO00001335;10;Laboratori;NORMALE;P;400;750;L;2,5;4,9;L;
NORD-OVEST;PIEMONTE;TO;1001111;A1FQ; ;D931;GARZIGLIANA;B;B1;TO00000349;20;Abitazioni civili;NORMALE;P;700;1050;L;3;4,5;L;
NORD-OVEST;PIEMONTE;TO;1001111;A1FQ; ;D931;GARZIGLIANA;B;B1;TO00000349;21;Abitazioni di tipo economico;NORMALE;P;480;720;L;2,6;3,9;L;
NORD-OVEST;PIEMONTE;TO;1001111;A1FQ; ;D931;GARZIGLIANA;B;B1;TO00000349;13;Box;NORMALE;P;450;670;L;2,3;3,4;L;
NORD-OVEST;PIEMONTE;TO;1001111;A1FQ; ;D931;GARZIGLIANA;B;B1;TO00000349;1;Ville e Villini;NORMALE;P;630;940;L;2,9;4,3;L;
NORD-OVEST;PIEMONTE;TO;1001111;A1FQ; ;D931;GARZIGLIANA;B;B1;TO00000349;9;Magazzini;NORMALE;P;280;420;L;1,8;2,6;L;
NORD-OVEST;PIEMONTE;TO;1001112;A1FR; ;D933;GASSINO TORINESE;B;B1;TO00000923;20;Abitazioni civili;NORMALE;P;770;1150;L;4;6;L;
NORD-OVEST;PIEMONTE;TO;1001112;A1FR; ;D933;GASSINO TORINESE;B;B1;TO00000923;20;Abitazioni civili;OTTIMO; ;1150;1750;L;5,5;8,3;L;
NORD-OVEST;PIEMONTE;TO;1001112;A1FR; ;D933;GASSINO TORINESE;B;B1;TO00000923;21;Abitazioni di tipo economico;NORMALE;P;560;840;L;3,9;5,9;L;
NORD-OVEST;PIEMONTE;TO;1001112;A1FR; ;D933;GASSINO TORINESE;B;B1;TO00000923;5;Negozi;NORMALE;P;550;1100;L;5;10;L;
NORD-OVEST;PIEMONTE;TO;1001112;A1FR; ;D933;GASSINO TORINESE;B;B1;TO00000923;6;Uffici;NORMALE;P;680;1350;L;3,7;7,4;L;
NORD-OVEST;PIEMONTE;TO;1001112;A1FR; ;D933;GASSINO TORINESE;C;C1;TO00000351;20;Abitazioni civili;NORMALE;P;830;1250;L;4,1;6,2;L;
NORD-OVEST;PIEMONTE;TO;1001112;A1FR; ;D933;GASSINO TORINESE;C;C1;TO00000351;20;Abitazioni civili;OTTIMO; ;1250;1900;L;5,3;8;L;
NORD-OVEST;PIEMONTE;TO;1001112;A1FR; ;D933;GASSINO TORINESE;C;C1;TO00000351;13;Box;NORMALE;P;500;750;L;3,1;4,7;L;
NORD-OVEST;PIEMONTE;TO;1001112;A1FR; ;D933;GASSINO TORINESE;D;D1;TO00000924;20;Abitazioni civili;NORMALE;P;1000;1500;L;4,6;6,9;L;
NORD-OVEST;PIEMONTE;TO;1001112;A1FR; ;D933;GASSINO TORINESE;D;D1;TO00000924;20;Abitazioni civili;OTTIMO; ;1600;2400;L;5,3;8;L;
NORD-OVEST;PIEMONTE;TO;1001112;A1FR; ;D933;GASSINO TORINESE;D;D1;TO00000924;1;Ville e Villini;NORMALE;P;980;1450;L;3,9;5,8;L;
NORD-OVEST;PIEMONTE;TO;1001113;A1FS; ;D983;GERMAGNANO;B;B1;TO00000354;20;Abitazioni civili;NORMALE;P;520;780;L;3,6;5,4;L;
NORD-OVEST;PIEMONTE;TO;1001113;A1FS; ;D983;GERMAGNANO;B;B1;TO00000354;21;Abitazioni di tipo economico;NORMALE;P;400;600;L;3,1;4,7;L;
NORD-OVEST;PIEMONTE;TO;1001113;A1FS; ;D983;GERMAGNANO;B;B1;TO00000354;13;Box;NORMALE;P;320;480;L;2,2;3,3;L;
NORD-OVEST;PIEMONTE;TO;1001113;A1FS; ;D983;GERMAGNANO;B;B1;TO00000354;1;Ville e Villini;NORMALE;P;550;830;L;2,9;4,3;L;
NORD-OVEST;PIEMONTE;TO;1001113;A1FS; ;D983;GERMAGNANO;B;B1;TO00000354;9;Magazzini;NORMALE;P;230;340;L;1,4;2,1;L;
NORD-OVEST;PIEMONTE;TO;1001113;A1FS; ;D983;GERMAGNANO;B;B1;TO00000354;5;Negozi;NORMALE;P;390;780;L;3,4;6,8;L;
NORD-OVEST;PIEMONTE;TO;1001113;A1FS; ;D983;GERMAGNANO;B;B1;TO00000354;10;Laboratori;NORMALE;P;240;480;L;1,2;2,4;L;
NORD-OVEST;PIEMONTE;TO;1001114;A1FT; ;E009;GIAGLIONE;B;B1;TO00000356;20;Abitazioni civili;NORMALE;P;450;680;L;2,1;3,2;L;
NORD-OVEST;PIEMONTE;TO;1001114;A1FT; ;E009;GIAGLIONE;B;B1;TO00000356;21;Abitazioni di tipo economico;NORMALE;P;360;540;L;1,7;2,6;L;
NORD-OVEST;PIEMONTE;TO;1001114;A1FT; ;E009;GIAGLIONE;B;B1;TO00000356;13;Box;NORMALE;P;310;460;L;2,2;3,2;L;
NORD-OVEST;PIEMONTE;TO;1001114;A1FT; ;E009;GIAGLIONE;B;B1;TO00000356;1;Ville e Villini;NORMALE;P;670;1000;L;2,3;3,5;L;
NORD-OVEST;PIEMONTE;TO;1001114;A1FT; ;E009;GIAGLIONE;B;B1;TO00000356;9;Magazzini;NORMALE;P;240;360;L;1,5;2,3;L;
NORD-OVEST;PIEMONTE;TO;1001115;A1FU; ;E020;GIAVENO;B;B1;TO00001034;20;Abitazioni civili;NORMALE;P;960;1450;L;4,4;6,6;L;
NORD-OVEST;PIEMONTE;TO;1001115;A1FU; ;E020;GIAVENO;B;B1;TO00001034;21;Abitazioni di tipo economico;NORMALE;P;620;930;L;4,2;6,3;L;
NORD-OVEST;PIEMONTE;TO;1001115;A1FU; ;E020;GIAVENO;B;B1;TO00001034;13;Box;NORMALE;P;580;870;L;3,3;5;L;
NORD-OVEST;PIEMONTE;TO;1001115;A1FU; ;E020;GIAVENO;B;B1;TO00001034;9;Magazzini;NORMALE;P;390;590;L;2,6;3,9;L;
NORD-OVEST;PIEMONTE;TO;1001115;A1FU; ;E020;GIAVENO;B;B1;TO00001034;5;Negozi;OTTIMO; ;1050;2100;L;9,7;19,4;L;
NORD-OVEST;PIEMONTE;TO;1001115;A1FU; ;E020;GIAVENO;B;B1;TO00001034;5;Negozi;NORMALE;P;680;1350;L;5;10;L;
NORD-OVEST;PIEMONTE;TO;1001115;A1FU; ;E020;GIAVENO;B;B1;TO00001034;6;Uffici;NORMALE;P;630;1250;L;3,8;7,6;L;
NORD-OVEST;PIEMONTE;TO;1001115;A1FU; ;E020;GIAVENO;B;B1;TO00001034;10;Laboratori;NORMALE;P;390;700;L;2;4;L;
NORD-OVEST;PIEMONTE;TO;1001115;A1FU; ;E020;GIAVENO;C;C1;TO00000360;20;Abitazioni civili;NORMALE;P;930;1400;L;3,6;5,4;L;
NORD-OVEST;PIEMONTE;TO;1001115;A1FU; ;E020;GIAVENO;C;C1;TO00000360;20;Abitazioni civili;OTTIMO; ;1350;2050;L;5,2;7,8;L;
NORD-OVEST;PIEMONTE;TO;1001115;A1FU; ;E020;GIAVENO;C;C1;TO00000360;21;Abitazioni di tipo economico;NORMALE;P;760;1150;L;4,1;6,2;L;
NORD-OVEST;PIEMONTE;TO;1001115;A1FU; ;E020;GIAVENO;C;C1;TO00000360;13;Box;NORMALE;P;560;840;L;2,7;4,1;L;
NORD-OVEST;PIEMONTE;TO;1001115;A1FU; ;E020;GIAVENO;C;C1;TO00000360;1;Ville e Villini;NORMALE;P;1050;1550;L;3,4;5,1;L;
NORD-OVEST;PIEMONTE;TO;1001115;A1FU; ;E020;GIAVENO;C;C2;TO00001035;20;Abitazioni civili;OTTIMO; ;1450;2050;L;5,2;7,8;L;
NORD-OVEST;PIEMONTE;TO;1001115;A1FU; ;E020;GIAVENO;C;C2;TO00001035;20;Abitazioni civili;NORMALE;P;1050;1600;L;3,7;5,5;L;
NORD-OVEST;PIEMONTE;TO;1001115;A1FU; ;E020;GIAVENO;C;C2;TO00001035;21;Abitazioni di tipo economico;NORMALE;P;760;1150;L;3,6;5,4;L;
NORD-OVEST;PIEMONTE;TO;1001115;A1FU; ;E020;GIAVENO;C;C2;TO00001035;13;Box;NORMALE;P;560;840;L;2,7;4,1;L;
NORD-OVEST;PIEMONTE;TO;1001115;A1FU; ;E020;GIAVENO;C;C2;TO00001035;1;Ville e Villini;NORMALE;P;1000;1450;L;3,6;5,4;L;
NORD-OVEST;PIEMONTE;TO;1001115;A1FU; ;E020;GIAVENO;C;C2;TO00001035;5;Negozi;NORMALE;P;530;1050;L;3,6;7,2;L;
NORD-OVEST;PIEMONTE;TO;1001115;A1FU; ;E020;GIAVENO;C;C2;TO00001035;8;Capannoni industriali;NORMALE;P;220;440;L;1,4;2,8;L;
NORD-OVEST;PIEMONTE;TO;1001115;A1FU; ;E020;GIAVENO;D;D1;TO00001036;20;Abitazioni civili;NORMALE;P;870;1300;L;4,1;6,2;L;
NORD-OVEST;PIEMONTE;TO;1001115;A1FU; ;E020;GIAVENO;D;D1;TO00001036;13;Box;NORMALE;P;400;600;L;2,6;3,9;L;
NORD-OVEST;PIEMONTE;TO;1001115;A1FU; ;E020;GIAVENO;D;D1;TO00001036;8;Capannoni industriali;NORMALE;P;230;450;L;1,5;3;L;
NORD-OVEST;PIEMONTE;TO;1001116;A1FV; ;E067;GIVOLETTO;B;B1;TO00000362;20;Abitazioni civili;NORMALE;P;1150;1700;L;4,4;6,5;L;
NORD-OVEST;PIEMONTE;TO;1001116;A1FV; ;E067;GIVOLETTO;B;B1;TO00000362;21;Abitazioni di tipo economico;NORMALE;P;790;1200;L;3,7;5,5;L;
NORD-OVEST;PIEMONTE;TO;1001116;A1FV; ;E067;GIVOLETTO;B;B1;TO00000362;13;Box;NORMALE;P;450;680;L;2,9;4,4;L;
NORD-OVEST;PIEMONTE;TO;1001116;A1FV; ;E067;GIVOLETTO;B;B1;TO00000362;1;Ville e Villini;NORMALE;P;1050;1550;L;3,1;4,6;L;
NORD-OVEST;PIEMONTE;TO;1001116;A1FV; ;E067;GIVOLETTO;B;B1;TO00000362;9;Magazzini;NORMALE;P;340;510;L;2,1;3,2;L;
NORD-OVEST;PIEMONTE;TO;1001116;A1FV; ;E067;GIVOLETTO;B;B1;TO00000362;5;Negozi;NORMALE;P;580;1150;L;4,3;8,6;L;
NORD-OVEST;PIEMONTE;TO;1001116;A1FV; ;E067;GIVOLETTO;B;B1;TO00000362;8;Capannoni industriali;NORMALE;P;240;440;L;1,6;3,1;L;
NORD-OVEST;PIEMONTE;TO;1001116;A1FV; ;E067;GIVOLETTO;B;B1;TO00000362;10;Laboratori;NORMALE;P;330;660;L;2,3;4;L;
NORD-OVEST;PIEMONTE;TO;1001117;A1FW; ;E154;GRAVERE;B;B1;TO00000364;20;Abitazioni civili;NORMALE;P;460;690;L;3;4,5;L;
NORD-OVEST;PIEMONTE;TO;1001117;A1FW; ;E154;GRAVERE;B;B1;TO00000364;21;Abitazioni di tipo economico;NORMALE;P;390;580;L;2,7;4;L;
NORD-OVEST;PIEMONTE;TO;1001117;A1FW; ;E154;GRAVERE;B;B1;TO00000364;13;Box;NORMALE;P;320;480;L;2,3;3,4;L;
NORD-OVEST;PIEMONTE;TO;1001117;A1FW; ;E154;GRAVERE;B;B1;TO00000364;1;Ville e Villini;NORMALE;P;570;860;L;2,8;4,2;L;
NORD-OVEST;PIEMONTE;TO;1001117;A1FW; ;E154;GRAVERE;B;B1;TO00000364;9;Magazzini;NORMALE;P;220;330;L;1,7;2,4;L;
NORD-OVEST;PIEMONTE;TO;1001118;A1FX; ;E199;GROSCAVALLO;B;B1;TO00000366;20;Abitazioni civili;NORMALE;P;400;600;L;1,8;2,7;L;
NORD-OVEST;PIEMONTE;TO;1001118;A1FX; ;E199;GROSCAVALLO;B;B1;TO00000366;21;Abitazioni di tipo economico;NORMALE;P;360;540;L;1,5;2,2;L;
NORD-OVEST;PIEMONTE;TO;1001118;A1FX; ;E199;GROSCAVALLO;B;B1;TO00000366;13;Box;NORMALE;P;290;430;L;1,4;2,1;L;
NORD-OVEST;PIEMONTE;TO;1001118;A1FX; ;E199;GROSCAVALLO;B;B1;TO00000366;1;Ville e Villini;NORMALE;P;460;690;L;2,1;3,2;L;
NORD-OVEST;PIEMONTE;TO;1001118;A1FX; ;E199;GROSCAVALLO;B;B1;TO00000366;9;Magazzini;NORMALE;P;190;280;L;1,1;1,6;L;
NORD-OVEST;PIEMONTE;TO;1001119;A1FY; ;E203;GROSSO;B;B1;TO00000368;20;Abitazioni civili;NORMALE;P;730;1050;L;3,3;5;L;
NORD-OVEST;PIEMONTE;TO;1001119;A1FY; ;E203;GROSSO;B;B1;TO00000368;21;Abitazioni di tipo economico;NORMALE;P;560;840;L;3;4,5;L;
NORD-OVEST;PIEMONTE;TO;1001119;A1FY; ;E203;GROSSO;B;B1;TO00000368;13;Box;NORMALE;P;350;520;L;2,3;3,4;L;
NORD-OVEST;PIEMONTE;TO;1001119;A1FY; ;E203;GROSSO;B;B1;TO00000368;1;Ville e Villini;NORMALE;P;680;1000;L;3,4;5,1;L;
NORD-OVEST;PIEMONTE;TO;1001119;A1FY; ;E203;GROSSO;B;B1;TO00000368;5;Negozi;NORMALE;P;470;940;L;3,9;7,8;L;
NORD-OVEST;PIEMONTE;TO;1001119;A1FY; ;E203;GROSSO;B;B1;TO00000368;8;Capannoni industriali;NORMALE;P;170;340;L;1,2;2,4;L;
NORD-OVEST;PIEMONTE;TO;1001120;A1FZ; ;E216;GRUGLIASCO;B;B1;TO00000369;20;Abitazioni civili;NORMALE;P;1300;1900;L;5;7,5;L;
NORD-OVEST;PIEMONTE;TO;1001120;A1FZ; ;E216;GRUGLIASCO;B;B1;TO00000369;21;Abitazioni di tipo economico;NORMALE;P;1000;1500;L;4,9;7,3;L;
NORD-OVEST;PIEMONTE;TO;1001120;A1FZ; ;E216;GRUGLIASCO;B;B1;TO00000369;13;Box;NORMALE;P;640;960;L;4;6;L;
NORD-OVEST;PIEMONTE;TO;1001120;A1FZ; ;E216;GRUGLIASCO;B;B1;TO00000369;5;Negozi;OTTIMO;P;850;1700;L;6,5;13;L;
NORD-OVEST;PIEMONTE;TO;1001120;A1FZ; ;E216;GRUGLIASCO;B;B1;TO00000369;6;Uffici;NORMALE;P;800;1600;L;3,8;7,6;L;
NORD-OVEST;PIEMONTE;TO;1001120;A1FZ; ;E216;GRUGLIASCO;C;C1;TO00000370;20;Abitazioni civili;NORMALE;P;1200;1800;L;5,6;8,4;L;
NORD-OVEST;PIEMONTE;TO;1001120;A1FZ; ;E216;GRUGLIASCO;C;C1;TO00000370;21;Abitazioni di tipo economico;NORMALE;P;1050;1550;L;5;7,5;L;
NORD-OVEST;PIEMONTE;TO;1001120;A1FZ; ;E216;GRUGLIASCO;C;C1;TO00000370;13;Box;NORMALE;P;730;1100;L;3,6;5,4;L;
NORD-OVEST;PIEMONTE;TO;1001120;A1FZ; ;E216;GRUGLIASCO;C;C1;TO00000370;5;Negozi;NORMALE;P;550;1100;L;5,6;11,2;L;
NORD-OVEST;PIEMONTE;TO;1001120;A1FZ; ;E216;GRUGLIASCO;C;C1;TO00000370;6;Uffici;NORMALE;P;780;1550;L;4,7;9,4;L;
NORD-OVEST;PIEMONTE;TO;1001120;A1FZ; ;E216;GRUGLIASCO;D;D10;TO00001376;20;Abitazioni civili;NORMALE;P;1200;1800;L;5,1;7,7;L;
NORD-OVEST;PIEMONTE;TO;1001120;A1FZ; ;E216;GRUGLIASCO;D;D10;TO00001376;21;Abitazioni di tipo economico;NORMALE;P;1150;1650;L;4,4;6,6;L;
NORD-OVEST;PIEMONTE;TO;1001120;A1FZ; ;E216;GRUGLIASCO;D;D10;TO00001376;13;Box;NORMALE;P;670;1000;L;4;6;L;
NORD-OVEST;PIEMONTE;TO;1001120;A1FZ; ;E216;GRUGLIASCO;D;D11;TO00001378;20;Abitazioni civili;NORMALE;P;1350;2050;L;5,2;7,8;L;
NORD-OVEST;PIEMONTE;TO;1001120;A1FZ; ;E216;GRUGLIASCO;D;D11;TO00001378;21;Abitazioni di tipo economico;NORMALE;P;1050;1600;L;4,8;7,2;L;
NORD-OVEST;PIEMONTE;TO;1001120;A1FZ; ;E216;GRUGLIASCO;D;D11;TO00001378;13;Box;NORMALE;P;670;1000;L;3,8;5,7;L;
NORD-OVEST;PIEMONTE;TO;1001120;A1FZ; ;E216;GRUGLIASCO;D;D2;TO00001366;13;Box;NORMALE;P;620;930;L;2,9;4,4;L;
NORD-OVEST;PIEMONTE;TO;1001120;A1FZ; ;E216;GRUGLIASCO;D;D2;TO00001366;17;Centri commerciali;NORMALE;P;940;1400;L;6,7;13,4;L;
NORD-OVEST;PIEMONTE;TO;1001120;A1FZ; ;E216;GRUGLIASCO;D;D2;TO00001366;9;Magazzini;NORMALE;P;460;690;L;3,2;4,8;L;
NORD-OVEST;PIEMONTE;TO;1001120;A1FZ; ;E216;GRUGLIASCO;D;D2;TO00001366;8;Capannoni industriali;NORMALE;P;250;500;L;2,1;4,2;L;
NORD-OVEST;PIEMONTE;TO;1001120;A1FZ; ;E216;GRUGLIASCO;D;D3;TO00001367;21;Abitazioni di tipo economico;NORMALE;P;1050;1500;L;5,6;8,4;L;
NORD-OVEST;PIEMONTE;TO;1001120;A1FZ; ;E216;GRUGLIASCO;D;D3;TO00001367;13;Box;NORMALE;P;700;1050;L;3,6;5,4;L;
NORD-OVEST;PIEMONTE;TO;1001120;A1FZ; ;E216;GRUGLIASCO;D;D3;TO00001367;5;Negozi;NORMALE;P;550;1100;L;3,9;7,8;L;
NORD-OVEST;PIEMONTE;TO;1001120;A1FZ; ;E216;GRUGLIASCO;D;D4;TO00001368;20;Abitazioni civili;NORMALE;P;1200;1800;L;5,6;8,4;L;
NORD-OVEST;PIEMONTE;TO;1001120;A1FZ; ;E216;GRUGLIASCO;D;D4;TO00001368;21;Abitazioni di tipo economico;NORMALE;P;900;1350;L;5,4;8;L;
NORD-OVEST;PIEMONTE;TO;1001120;A1FZ; ;E216;GRUGLIASCO;D;D4;TO00001368;13;Box;NORMALE;P;670;1000;L;3,9;5,8;L;
NORD-OVEST;PIEMONTE;TO;1001120;A1FZ; ;E216;GRUGLIASCO;D;D4;TO00001368;5;Negozi;NORMALE;P;600;1200;L;4,2;8,4;L;
NORD-OVEST;PIEMONTE;TO;1001120;A1FZ; ;E216;GRUGLIASCO;D;D8;TO00001374;20;Abitazioni civili;NORMALE;P;1100;1650;L;4,5;6,7;L;
NORD-OVEST;PIEMONTE;TO;1001120;A1FZ; ;E216;GRUGLIASCO;D;D8;TO00001374;20;Abitazioni civili;OTTIMO; ;1500;2200;L;5,6;8,4;L;
NORD-OVEST;PIEMONTE;TO;1001120;A1FZ; ;E216;GRUGLIASCO;D;D8;TO00001374;13;Box;NORMALE;P;650;980;L;4;6;L;
NORD-OVEST;PIEMONTE;TO;1001121;A1GA; ;E301;INGRIA;B;B1;TO00000372;21;Abitazioni di tipo economico;NORMALE;P;330;490;L;1,4;2,1;L;
NORD-OVEST;PIEMONTE;TO;1001121;A1GA; ;E301;INGRIA;B;B1;TO00000372;9;Magazzini;NORMALE;P;190;280;L;1,2;1,7;L;
NORD-OVEST;PIEMONTE;TO;1001122;A1GB; ;E311;INVERSO PINASCA;B;B1;TO00000374;20;Abitazioni civili;NORMALE;P;560;840;L;3,2;4,8;L;
NORD-OVEST;PIEMONTE;TO;1001122;A1GB; ;E311;INVERSO PINASCA;B;B1;TO00000374;21;Abitazioni di tipo economico;NORMALE;P;430;650;L;2,7;4;L;
NORD-OVEST;PIEMONTE;TO;1001122;A1GB; ;E311;INVERSO PINASCA;B;B1;TO00000374;13;Box;NORMALE;P;390;590;L;2,5;3,7;L;
NORD-OVEST;PIEMONTE;TO;1001122;A1GB; ;E311;INVERSO PINASCA;B;B1;TO00000374;1;Ville e Villini;NORMALE;P;530;790;L;2,7;4;L;
NORD-OVEST;PIEMONTE;TO;1001122;A1GB; ;E311;INVERSO PINASCA;B;B1;TO00000374;9;Magazzini;NORMALE;P;260;390;L;1,8;2,7;L;
NORD-OVEST;PIEMONTE;TO;1001122;A1GB; ;E311;INVERSO PINASCA;B;B1;TO00000374;10;Laboratori;NORMALE;P;310;550;L;1,7;3,3;L;
NORD-OVEST;PIEMONTE;TO;1001123;A1GD; ;E345;ISOLABELLA;B;B1;TO00000376;20;Abitazioni civili;NORMALE;P;630;950;L;2,6;3,9;L;
NORD-OVEST;PIEMONTE;TO;1001123;A1GD; ;E345;ISOLABELLA;B;B1;TO00000376;21;Abitazioni di tipo economico;NORMALE;P;450;680;L;2,2;3,2;L;
NORD-OVEST;PIEMONTE;TO;1001123;A1GD; ;E345;ISOLABELLA;B;B1;TO00000376;13;Box;NORMALE;P;390;580;L;2;3;L;
NORD-OVEST;PIEMONTE;TO;1001123;A1GD; ;E345;ISOLABELLA;B;B1;TO00000376;9;Magazzini;NORMALE;P;280;420;L;2;3;L;
NORD-OVEST;PIEMONTE;TO;1001124;A1GE; ;E368;ISSIGLIO;B;B1;TO00000378;20;Abitazioni civili;NORMALE;P;420;630;L;2;3;L;
NORD-OVEST;PIEMONTE;TO;1001124;A1GE; ;E368;ISSIGLIO;B;B1;TO00000378;21;Abitazioni di tipo economico;NORMALE;P;350;530;L;1,6;2,4;L;
NORD-OVEST;PIEMONTE;TO;1001124;A1GE; ;E368;ISSIGLIO;B;B1;TO00000378;13;Box;NORMALE;P;260;390;L;1,7;2,5;L;
NORD-OVEST;PIEMONTE;TO;1001124;A1GE; ;E368;ISSIGLIO;B;B1;TO00000378;9;Magazzini;NORMALE;P;160;240;L;1,1;1,5;L;
NORD-OVEST;PIEMONTE;TO;1001125;A1GF; ;E379;IVREA;B;B1;TO00000397;20;Abitazioni civili;NORMALE;P;900;1350;L;4,7;7;L;
NORD-OVEST;PIEMONTE;TO;1001125;A1GF; ;E379;IVREA;B;B1;TO00000397;21;Abitazioni di tipo economico;NORMALE;P;620;930;L;3,4;5,1;L;
NORD-OVEST;PIEMONTE;TO;1001125;A1GF; ;E379;IVREA;B;B1;TO00000397;13;Box;NORMALE;P;490;740;L;3;4,5;L;
NORD-OVEST;PIEMONTE;TO;1001125;A1GF; ;E379;IVREA;B;B1;TO00000397;9;Magazzini;NORMALE;P;170;250;L;1,7;2,5;L;
NORD-OVEST;PIEMONTE;TO;1001125;A1GF; ;E379;IVREA;B;B1;TO00000397;5;Negozi;NORMALE;P;580;1150;L;6;12;L;
NORD-OVEST;PIEMONTE;TO;1001125;A1GF; ;E379;IVREA;B;B1;TO00000397;6;Uffici;NORMALE;P;480;960;L;3,6;7,2;L;
NORD-OVEST;PIEMONTE;TO;1001125;A1GF; ;E379;IVREA;B;B1;TO00000397;10;Laboratori;NORMALE;P;210;420;L;1,4;2,8;L;
NORD-OVEST;PIEMONTE;TO;1001125;A1GF; ;E379;IVREA;B;B2;TO00002130;20;Abitazioni civili;NORMALE;P;700;1050;L;3,7;5,5;L;
NORD-OVEST;PIEMONTE;TO;1001125;A1GF; ;E379;IVREA;B;B2;TO00002130;20;Abitazioni civili;OTTIMO; ;1350;2000;L;5,4;8;L;
NORD-OVEST;PIEMONTE;TO;1001125;A1GF; ;E379;IVREA;B;B2;TO00002130;21;Abitazioni di tipo economico;NORMALE;P;630;950;L;3,6;5,4;L;
NORD-OVEST;PIEMONTE;TO;1001125;A1GF; ;E379;IVREA;B;B2;TO00002130;13;Box;NORMALE;P;550;830;L;2,7;4,1;L;
NORD-OVEST;PIEMONTE;TO;1001125;A1GF; ;E379;IVREA;B;B2;TO00002130;9;Magazzini;NORMALE;P;170;250;L;1,5;2,2;L;
NORD-OVEST;PIEMONTE;TO;1001125;A1GF; ;E379;IVREA;B;B2;TO00002130;5;Negozi;NORMALE;P;500;1000;L;5,5;11;L;
NORD-OVEST;PIEMONTE;TO;1001125;A1GF; ;E379;IVREA;B;B2;TO00002130;6;Uffici;NORMALE;P;500;1000;L;3,5;7;L;
NORD-OVEST;PIEMONTE;TO;1001125;A1GF; ;E379;IVREA;B;B2;TO00002130;10;Laboratori;NORMALE;P;210;420;L;1,4;2,8;L;
NORD-OVEST;PIEMONTE;TO;1001125;A1GF; ;E379;IVREA;C;C1;TO00002131;20;Abitazioni civili;NORMALE;P;650;970;L;3,7;5,6;L;
NORD-OVEST;PIEMONTE;TO;1001125;A1GF; ;E379;IVREA;C;C1;TO00002131;21;Abitazioni di tipo economico;NORMALE;P;480;720;L;3,6;5,4;L;
NORD-OVEST;PIEMONTE;TO;1001125;A1GF; ;E379;IVREA;C;C1;TO00002131;13;Box;NORMALE;P;460;680;L;2,7;4;L;
NORD-OVEST;PIEMONTE;TO;1001125;A1GF; ;E379;IVREA;C;C1;TO00002131;9;Magazzini;NORMALE;P;195;290;L;1,3;1,9;L;
NORD-OVEST;PIEMONTE;TO;1001125;A1GF; ;E379;IVREA;C;C1;TO00002131;5;Negozi;NORMALE;P;390;780;L;3,9;7,8;L;
NORD-OVEST;PIEMONTE;TO;1001125;A1GF; ;E379;IVREA;C;C2;TO00002132;20;Abitazioni civili;OTTIMO; ;1250;1900;L;4,9;7,4;L;
NORD-OVEST;PIEMONTE;TO;1001125;A1GF; ;E379;IVREA;C;C2;TO00002132;20;Abitazioni civili;NORMALE;P;800;1200;L;3,3;5;L;
NORD-OVEST;PIEMONTE;TO;1001125;A1GF; ;E379;IVREA;C;C2;TO00002132;21;Abitazioni di tipo economico;NORMALE;P;610;910;L;3,7;5,6;L;
NORD-OVEST;PIEMONTE;TO;1001125;A1GF; ;E379;IVREA;C;C2;TO00002132;13;Box;NORMALE;P;490;740;L;3,1;4,6;L;
NORD-OVEST;PIEMONTE;TO;1001125;A1GF; ;E379;IVREA;C;C2;TO00002132;9;Magazzini;NORMALE;P;195;290;L;1,3;1,9;L;
NORD-OVEST;PIEMONTE;TO;1001125;A1GF; ;E379;IVREA;C;C2;TO00002132;5;Negozi;NORMALE;P;470;940;L;4,2;8,4;L;
NORD-OVEST;PIEMONTE;TO;1001125;A1GF; ;E379;IVREA;D;D1;TO00000398;20;Abitazioni civili;NORMALE;P;840;1250;L;4,1;6,2;L;
NORD-OVEST;PIEMONTE;TO;1001125;A1GF; ;E379;IVREA;D;D1;TO00000398;21;Abitazioni di tipo economico;NORMALE;P;560;840;L;4;6;L;
NORD-OVEST;PIEMONTE;TO;1001125;A1GF; ;E379;IVREA;D;D1;TO00000398;13;Box;NORMALE;P;430;650;L;2,6;3,9;L;
NORD-OVEST;PIEMONTE;TO;1001125;A1GF; ;E379;IVREA;D;D1;TO00000398;1;Ville e Villini;NORMALE;P;770;1150;L;3,3;4,9;L;
NORD-OVEST;PIEMONTE;TO;1001125;A1GF; ;E379;IVREA;D;D2;TO00000941;20;Abitazioni civili;NORMALE;P;790;1200;L;3,8;5,7;L;
NORD-OVEST;PIEMONTE;TO;1001125;A1GF; ;E379;IVREA;D;D2;TO00000941;21;Abitazioni di tipo economico;NORMALE;P;430;650;L;3,3;5;L;
NORD-OVEST;PIEMONTE;TO;1001125;A1GF; ;E379;IVREA;D;D2;TO00000941;13;Box;NORMALE;P;320;470;L;2;3;L;
NORD-OVEST;PIEMONTE;TO;1001125;A1GF; ;E379;IVREA;D;D2;TO00000941;5;Negozi;NORMALE;P;300;600;L;2,8;5,6;L;
NORD-OVEST;PIEMONTE;TO;1001125;A1GF; ;E379;IVREA;D;D3;TO00002155;20;Abitazioni civili;NORMALE;P;720;1050;L;3,4;5;L;
NORD-OVEST;PIEMONTE;TO;1001125;A1GF; ;E379;IVREA;D;D3;TO00002155;21;Abitazioni di tipo economico;NORMALE;P;490;730;L;2,8;4,2;L;
NORD-OVEST;PIEMONTE;TO;1001125;A1GF; ;E379;IVREA;D;D3;TO00002155;13;Box;NORMALE;P;370;550;L;2,1;3,1;L;
NORD-OVEST;PIEMONTE;TO;1001125;A1GF; ;E379;IVREA;D;D3;TO00002155;5;Negozi;NORMALE;P;300;600;L;2,8;5,6;L;
NORD-OVEST;PIEMONTE;TO;1001125;A1GF; ;E379;IVREA;D;D3;TO00002155;8;Capannoni industriali;NORMALE;P;160;320;L;1,3;2,6;L;
NORD-OVEST;PIEMONTE;TO;1001125;A1GF; ;E379;IVREA;D;D6;TO00002571;13;Box;NORMALE;P;450;660;L;2,6;3,8;L;
NORD-OVEST;PIEMONTE;TO;1001125;A1GF; ;E379;IVREA;D;D6;TO00002571;1;Ville e Villini;NORMALE;P;770;1150;L;3,3;4,9;L;
NORD-OVEST;PIEMONTE;TO;1001125;A1GF; ;E379;IVREA;E;E1;TO00000399;20;Abitazioni civili;NORMALE;P;520;780;L;3,1;4,6;L;
NORD-OVEST;PIEMONTE;TO;1001125;A1GF; ;E379;IVREA;E;E1;TO00000399;21;Abitazioni di tipo economico;NORMALE;P;370;560;L;2,3;3,4;L;
NORD-OVEST;PIEMONTE;TO;1001125;A1GF; ;E379;IVREA;E;E1;TO00000399;13;Box;NORMALE;P;320;480;L;2,1;3,1;L;
NORD-OVEST;PIEMONTE;TO;1001126;A1GG; ;E394;LA CASSA;B;B1;TO00000401;20;Abitazioni civili;NORMALE;P;900;1350;L;3,8;5,7;L;
NORD-OVEST;PIEMONTE;TO;1001126;A1GG; ;E394;LA CASSA;B;B1;TO00000401;21;Abitazioni di tipo economico;NORMALE;P;630;940;L;3,4;5;L;
NORD-OVEST;PIEMONTE;TO;1001126;A1GG; ;E394;LA CASSA;B;B1;TO00000401;13;Box;NORMALE;P;430;650;L;3;4,5;L;
NORD-OVEST;PIEMONTE;TO;1001126;A1GG; ;E394;LA CASSA;B;B1;TO00000401;5;Negozi;NORMALE;P;570;1100;L;3,9;7,8;L;
NORD-OVEST;PIEMONTE;TO;1001126;A1GG; ;E394;LA CASSA;D;D1;TO00002510;20;Abitazioni civili;NORMALE;P;930;1400;L;4,2;6,3;L;
NORD-OVEST;PIEMONTE;TO;1001126;A1GG; ;E394;LA CASSA;D;D1;TO00002510;13;Box;NORMALE;P;420;630;L;3;4,5;L;
NORD-OVEST;PIEMONTE;TO;1001126;A1GG; ;E394;LA CASSA;D;D1;TO00002510;1;Ville e Villini;NORMALE;P;1100;1600;L;3,7;5,5;L;
NORD-OVEST;PIEMONTE;TO;1001126;A1GG; ;E394;LA CASSA;E;E1;TO00001094;20;Abitazioni civili;NORMALE;P;730;1100;L;3,4;5;L;
NORD-OVEST;PIEMONTE;TO;1001126;A1GG; ;E394;LA CASSA;E;E1;TO00001094;21;Abitazioni di tipo economico;NORMALE;P;560;840;L;2,7;4,1;L;
NORD-OVEST;PIEMONTE;TO;1001126;A1GG; ;E394;LA CASSA;E;E1;TO00001094;13;Box;NORMALE;P;410;620;L;2,9;4,4;L;
NORD-OVEST;PIEMONTE;TO;1001126;A1GG; ;E394;LA CASSA;E;E1;TO00001094;1;Ville e Villini;NORMALE;P;900;1350;L;3,7;5,5;L;
NORD-OVEST;PIEMONTE;TO;1001127;A1GH; ;E423;LA LOGGIA;B;B1;TO00000403;20;Abitazioni civili;OTTIMO; ;1500;2200;L;5,4;8;L;
NORD-OVEST;PIEMONTE;TO;1001127;A1GH; ;E423;LA LOGGIA;B;B1;TO00000403;20;Abitazioni civili;NORMALE;P;1200;1750;L;4,4;6,6;L;
NORD-OVEST;PIEMONTE;TO;1001127;A1GH; ;E423;LA LOGGIA;B;B1;TO00000403;21;Abitazioni di tipo economico;NORMALE;P;830;1250;L;4,3;6,4;L;
NORD-OVEST;PIEMONTE;TO;1001127;A1GH; ;E423;LA LOGGIA;B;B1;TO00000403;13;Box;NORMALE;P;500;750;L;2,9;4,3;L;
NORD-OVEST;PIEMONTE;TO;1001127;A1GH; ;E423;LA LOGGIA;B;B1;TO00000403;1;Ville e Villini;NORMALE;P;1150;1700;L;4,4;6,6;L;
NORD-OVEST;PIEMONTE;TO;1001127;A1GH; ;E423;LA LOGGIA;B;B1;TO00000403;5;Negozi;NORMALE;P;470;940;L;3,4;6,8;L;
NORD-OVEST;PIEMONTE;TO;1001127;A1GH; ;E423;LA LOGGIA;D;D1;TO00001297;20;Abitazioni civili;NORMALE;P;1100;1600;L;4,9;7,3;L;
NORD-OVEST;PIEMONTE;TO;1001127;A1GH; ;E423;LA LOGGIA;D;D1;TO00001297;9;Magazzini;NORMALE;P;330;490;L;1,8;2,7;L;
NORD-OVEST;PIEMONTE;TO;1001127;A1GH; ;E423;LA LOGGIA;D;D1;TO00001297;8;Capannoni industriali;NORMALE;P;290;580;L;1,9;3,6;L;
NORD-OVEST;PIEMONTE;TO;1001128;A1GI; ;E445;LANZO TORINESE;B;B1;TO00000979;20;Abitazioni civili;NORMALE;P;700;1050;L;3,7;5,6;L;
NORD-OVEST;PIEMONTE;TO;1001128;A1GI; ;E445;LANZO TORINESE;B;B1;TO00000979;21;Abitazioni di tipo economico;NORMALE;P;550;830;L;3,2;4,8;L;
NORD-OVEST;PIEMONTE;TO;1001128;A1GI; ;E445;LANZO TORINESE;B;B1;TO00000979;13;Box;NORMALE;P;540;810;L;2,7;4,1;L;
NORD-OVEST;PIEMONTE;TO;1001128;A1GI; ;E445;LANZO TORINESE;B;B1;TO00000979;9;Magazzini;NORMALE;P;260;390;L;2;2,9;L;
NORD-OVEST;PIEMONTE;TO;1001128;A1GI; ;E445;LANZO TORINESE;B;B1;TO00000979;5;Negozi;NORMALE;P;410;820;L;3,9;7,8;L;
NORD-OVEST;PIEMONTE;TO;1001128;A1GI; ;E445;LANZO TORINESE;B;B1;TO00000979;10;Laboratori;NORMALE;P;240;480;L;1,7;3,4;L;
NORD-OVEST;PIEMONTE;TO;1001128;A1GI; ;E445;LANZO TORINESE;C;C1;TO00000406;20;Abitazioni civili;OTTIMO; ;1450;2200;L;4,8;7,2;L;
NORD-OVEST;PIEMONTE;TO;1001128;A1GI; ;E445;LANZO TORINESE;C;C1;TO00000406;20;Abitazioni civili;NORMALE;P;730;1100;L;3,6;5,4;L;
NORD-OVEST;PIEMONTE;TO;1001128;A1GI; ;E445;LANZO TORINESE;C;C1;TO00000406;21;Abitazioni di tipo economico;NORMALE;P;540;810;L;3,4;5,2;L;
NORD-OVEST;PIEMONTE;TO;1001128;A1GI; ;E445;LANZO TORINESE;C;C1;TO00000406;13;Box;NORMALE;P;520;780;L;2,7;4;L;
NORD-OVEST;PIEMONTE;TO;1001128;A1GI; ;E445;LANZO TORINESE;C;C1;TO00000406;1;Ville e Villini;NORMALE;P;700;1050;L;3,2;4,8;L;
NORD-OVEST;PIEMONTE;TO;1001128;A1GI; ;E445;LANZO TORINESE;C;C1;TO00000406;9;Magazzini;NORMALE;P;260;390;L;1,7;2,5;L;
NORD-OVEST;PIEMONTE;TO;1001128;A1GI; ;E445;LANZO TORINESE;C;C1;TO00000406;5;Negozi;NORMALE;P;380;760;L;4,1;8,2;L;
NORD-OVEST;PIEMONTE;TO;1001128;A1GI; ;E445;LANZO TORINESE;C;C1;TO00000406;6;Uffici;NORMALE;P;530;1050;L;3,4;6,8;L;
NORD-OVEST;PIEMONTE;TO;1001128;A1GI; ;E445;LANZO TORINESE;C;C1;TO00000406;8;Capannoni industriali;NORMALE;P;170;340;L;1,4;2,8;L;
NORD-OVEST;PIEMONTE;TO;1001128;A1GI; ;E445;LANZO TORINESE;C;C1;TO00000406;10;Laboratori;NORMALE;P;240;480;L;1,4;2,6;L;
NORD-OVEST;PIEMONTE;TO;1001128;A1GI; ;E445;LANZO TORINESE;D;D1;TO00001106;20;Abitazioni civili;NORMALE;P;700;1050;L;3,9;5,9;L;
NORD-OVEST;PIEMONTE;TO;1001128;A1GI; ;E445;LANZO TORINESE;D;D1;TO00001106;9;Magazzini;NORMALE;P;230;340;L;1,6;2,3;L;
NORD-OVEST;PIEMONTE;TO;1001128;A1GI; ;E445;LANZO TORINESE;D;D1;TO00001106;8;Capannoni industriali;NORMALE;P;170;340;L;1,4;2,8;L;
NORD-OVEST;PIEMONTE;TO;1001129;A1GJ; ;E484;LAURIANO;B;B1;TO00000408;20;Abitazioni civili;NORMALE;P;660;990;L;3,5;5,3;L;
NORD-OVEST;PIEMONTE;TO;1001129;A1GJ; ;E484;LAURIANO;B;B1;TO00000408;21;Abitazioni di tipo economico;NORMALE;P;460;690;L;2,7;4,1;L;
NORD-OVEST;PIEMONTE;TO;1001129;A1GJ; ;E484;LAURIANO;B;B1;TO00000408;1;Ville e Villini;NORMALE;P;750;1100;L;3,2;4,8;L;
NORD-OVEST;PIEMONTE;TO;1001129;A1GJ; ;E484;LAURIANO;B;B1;TO00000408;9;Magazzini;NORMALE;P;280;420;L;1,8;2,7;L;
NORD-OVEST;PIEMONTE;TO;1001129;A1GJ; ;E484;LAURIANO;B;B1;TO00000408;5;Negozi;NORMALE;P;420;830;L;3,1;6,2;L;
NORD-OVEST;PIEMONTE;TO;1001129;A1GJ; ;E484;LAURIANO;B;B1;TO00000408;8;Capannoni industriali;NORMALE;P;200;400;L;1,4;2,7;L;
NORD-OVEST;PIEMONTE;TO;1001130;A1GK; ;E518;LEINI;B;B1;TO00001610;20;Abitazioni civili;OTTIMO; ;1500;2250;L;6,6;9,9;L;
NORD-OVEST;PIEMONTE;TO;1001130;A1GK; ;E518;LEINI;B;B1;TO00001610;20;Abitazioni civili;NORMALE;P;1000;1500;L;4,4;6,6;L;
NORD-OVEST;PIEMONTE;TO;1001130;A1GK; ;E518;LEINI;B;B1;TO00001610;21;Abitazioni di tipo economico;NORMALE;P;800;1200;L;4,9;7,3;L;
NORD-OVEST;PIEMONTE;TO;1001130;A1GK; ;E518;LEINI;B;B1;TO00001610;13;Box;NORMALE;P;580;870;L;3,1;4,7;L;
NORD-OVEST;PIEMONTE;TO;1001130;A1GK; ;E518;LEINI;B;B1;TO00001610;1;Ville e Villini;NORMALE;P;1200;1800;L;4,2;6,3;L;
NORD-OVEST;PIEMONTE;TO;1001130;A1GK; ;E518;LEINI;B;B1;TO00001610;9;Magazzini;NORMALE;P;350;520;L;2,7;4;L;
NORD-OVEST;PIEMONTE;TO;1001130;A1GK; ;E518;LEINI;B;B1;TO00001610;5;Negozi;NORMALE;P;550;1100;L;5,3;10,6;L;
NORD-OVEST;PIEMONTE;TO;1001130;A1GK; ;E518;LEINI;B;B1;TO00001610;6;Uffici;NORMALE;P;650;1250;L;3,6;7,1;L;
NORD-OVEST;PIEMONTE;TO;1001130;A1GK; ;E518;LEINI;B;B1;TO00001610;8;Capannoni industriali;NORMALE;P;220;420;L;1,7;3,4;L;
NORD-OVEST;PIEMONTE;TO;1001130;A1GK; ;E518;LEINI;B;B1;TO00001610;7;Capannoni tipici;NORMALE;P;230;450;L;1,8;3,6;L;
NORD-OVEST;PIEMONTE;TO;1001130;A1GK; ;E518;LEINI;B;B1;TO00001610;10;Laboratori;NORMALE;P;370;720;L;2,2;4,4;L;
NORD-OVEST;PIEMONTE;TO;1001130;A1GK; ;E518;LEINI;R;R2;TO00003430;20;Abitazioni civili;NORMALE;P;830;1250;L;3,7;5,6;L;
NORD-OVEST;PIEMONTE;TO;1001131;A1GL; ;E520;LEMIE;B;B1;TO00000413;21;Abitazioni di tipo economico;NORMALE;P;350;520;L;1,4;2,1;L;
NORD-OVEST;PIEMONTE;TO;1001131;A1GL; ;E520;LEMIE;B;B1;TO00000413;13;Box;NORMALE;P;280;420;L;1,4;2,1;L;
NORD-OVEST;PIEMONTE;TO;1001131;A1GL; ;E520;LEMIE;B;B1;TO00000413;9;Magazzini;NORMALE;P;190;280;L;1,2;1,8;L;
NORD-OVEST;PIEMONTE;TO;1001132;A1GM; ;E551;LESSOLO;B;B1;TO00000415;21;Abitazioni di tipo economico;NORMALE;P;360;540;L;2,2;3,3;L;
NORD-OVEST;PIEMONTE;TO;1001132;A1GM; ;E551;LESSOLO;B;B1;TO00000415;13;Box;NORMALE;P;350;520;L;2,5;3,7;L;
NORD-OVEST;PIEMONTE;TO;1001132;A1GM; ;E551;LESSOLO;B;B1;TO00000415;9;Magazzini;NORMALE;P;160;240;L;1;1,5;L;
NORD-OVEST;PIEMONTE;TO;1001132;A1GM; ;E551;LESSOLO;C;C1;TO00001299;20;Abitazioni civili;NORMALE;P;490;740;L;2,5;3,7;L;
NORD-OVEST;PIEMONTE;TO;1001132;A1GM; ;E551;LESSOLO;C;C1;TO00001299;21;Abitazioni di tipo economico;NORMALE;P;350;530;L;2,2;3,3;L;
NORD-OVEST;PIEMONTE;TO;1001132;A1GM; ;E551;LESSOLO;C;C1;TO00001299;13;Box;NORMALE;P;350;520;L;2,5;3,7;L;
NORD-OVEST;PIEMONTE;TO;1001132;A1GM; ;E551;LESSOLO;C;C1;TO00001299;9;Magazzini;NORMALE;P;170;250;L;1;1,4;L;
NORD-OVEST;PIEMONTE;TO;1001132;A1GM; ;E551;LESSOLO;C;C1;TO00001299;5;Negozi;NORMALE;P;310;610;L;2,3;4,6;L;
NORD-OVEST;PIEMONTE;TO;1001132;A1GM; ;E551;LESSOLO;D;D1;TO00001300;8;Capannoni industriali;NORMALE;P;150;300;L;1,1;2,2;L;
NORD-OVEST;PIEMONTE;TO;1001133;A1GN; ;E566;LEVONE;B;B1;TO00000417;20;Abitazioni civili;NORMALE;P;510;770;L;2,6;3,9;L;
NORD-OVEST;PIEMONTE;TO;1001133;A1GN; ;E566;LEVONE;B;B1;TO00000417;21;Abitazioni di tipo economico;NORMALE;P;430;640;L;2,1;3,1;L;
NORD-OVEST;PIEMONTE;TO;1001133;A1GN; ;E566;LEVONE;B;B1;TO00000417;13;Box;NORMALE;P;390;590;L;2,4;3,6;L;
NORD-OVEST;PIEMONTE;TO;1001133;A1GN; ;E566;LEVONE;B;B1;TO00000417;9;Magazzini;NORMALE;P;300;450;L;1,9;2,8;L;
NORD-OVEST;PIEMONTE;TO;1001133;A1GN; ;E566;LEVONE;B;B1;TO00000417;8;Capannoni industriali;NORMALE;P;190;380;L;1,3;2,6;L;
NORD-OVEST;PIEMONTE;TO;1001134;A1GP; ;E635;LOCANA;B;B1;TO00000420;20;Abitazioni civili;NORMALE;P;460;690;L;2,4;3,6;L;
NORD-OVEST;PIEMONTE;TO;1001134;A1GP; ;E635;LOCANA;B;B1;TO00000420;21;Abitazioni di tipo economico;NORMALE;P;420;630;L;2,2;3,3;L;
NORD-OVEST;PIEMONTE;TO;1001134;A1GP; ;E635;LOCANA;B;B1;TO00000420;13;Box;NORMALE;P;340;510;L;2;2,8;L;
NORD-OVEST;PIEMONTE;TO;1001134;A1GP; ;E635;LOCANA;B;B1;TO00000420;9;Magazzini;NORMALE;P;200;300;L;1,4;2,1;L;
NORD-OVEST;PIEMONTE;TO;1001134;A1GP; ;E635;LOCANA;B;B1;TO00000420;5;Negozi;NORMALE;P;400;800;L;3,4;6,8;L;
NORD-OVEST;PIEMONTE;TO;1001135;A1GQ; ;E660;LOMBARDORE;B;B1;TO00000422;20;Abitazioni civili;NORMALE;P;730;1100;L;3,5;5,2;L;
NORD-OVEST;PIEMONTE;TO;1001135;A1GQ; ;E660;LOMBARDORE;B;B1;TO00000422;21;Abitazioni di tipo economico;NORMALE;P;540;810;L;2,9;4,4;L;
NORD-OVEST;PIEMONTE;TO;1001135;A1GQ; ;E660;LOMBARDORE;B;B1;TO00000422;13;Box;NORMALE;P;430;640;L;3,1;4,7;L;
NORD-OVEST;PIEMONTE;TO;1001135;A1GQ; ;E660;LOMBARDORE;B;B1;TO00000422;9;Magazzini;NORMALE;P;340;500;L;1,9;2,8;L;
NORD-OVEST;PIEMONTE;TO;1001135;A1GQ; ;E660;LOMBARDORE;B;B1;TO00000422;5;Negozi;NORMALE;P;490;980;L;3,8;7,6;L;
NORD-OVEST;PIEMONTE;TO;1001135;A1GQ; ;E660;LOMBARDORE;B;B1;TO00000422;8;Capannoni industriali;NORMALE;P;220;430;L;1,3;2,6;L;
NORD-OVEST;PIEMONTE;TO;1001136;A1GR; ;E661;LOMBRIASCO;B;B1;TO00000424;20;Abitazioni civili;NORMALE;P;630;950;L;3,7;5,5;L;
NORD-OVEST;PIEMONTE;TO;1001136;A1GR; ;E661;LOMBRIASCO;B;B1;TO00000424;21;Abitazioni di tipo economico;NORMALE;P;470;700;L;3,1;4,6;L;
NORD-OVEST;PIEMONTE;TO;1001136;A1GR; ;E661;LOMBRIASCO;B;B1;TO00000424;13;Box;NORMALE;P;450;670;L;2,4;3,6;L;
NORD-OVEST;PIEMONTE;TO;1001136;A1GR; ;E661;LOMBRIASCO;B;B1;TO00000424;1;Ville e Villini;NORMALE;P;700;1050;L;2,7;4;L;
NORD-OVEST;PIEMONTE;TO;1001136;A1GR; ;E661;LOMBRIASCO;B;B1;TO00000424;9;Magazzini;NORMALE;P;310;460;L;2;3;L;
NORD-OVEST;PIEMONTE;TO;1001136;A1GR; ;E661;LOMBRIASCO;B;B1;TO00000424;5;Negozi;NORMALE;P;440;880;L;3,1;6,2;L;
NORD-OVEST;PIEMONTE;TO;1001137;A1GS; ;E683;LORANZE`;B;B1;TO00000427;21;Abitazioni di tipo economico;NORMALE;P;390;590;L;2,1;3,1;L;
NORD-OVEST;PIEMONTE;TO;1001137;A1GS; ;E683;LORANZE`;B;B1;TO00000427;13;Box;NORMALE;P;270;410;L;1,8;2,7;L;
NORD-OVEST;PIEMONTE;TO;1001137;A1GS; ;E683;LORANZE`;D;D1;TO00001267;21;Abitazioni di tipo economico;NORMALE;P;410;620;L;2,5;3,7;L;
NORD-OVEST;PIEMONTE;TO;1001137;A1GS; ;E683;LORANZE`;D;D1;TO00001267;9;Magazzini;NORMALE;P;140;200;L;1;1,5;L;
NORD-OVEST;PIEMONTE;TO;1001137;A1GS; ;E683;LORANZE`;D;D1;TO00001267;8;Capannoni industriali;NORMALE;P;140;280;L;1;2;L;
NORD-OVEST;PIEMONTE;TO;1001139;A1GV; ;E758;LUSERNA SAN GIOVANNI;B;B1;TO00000431;21;Abitazioni di tipo economico;NORMALE;P;500;750;L;3,5;5,2;L;
NORD-OVEST;PIEMONTE;TO;1001139;A1GV; ;E758;LUSERNA SAN GIOVANNI;B;B1;TO00000431;13;Box;NORMALE;P;320;480;L;2,2;3,3;L;
NORD-OVEST;PIEMONTE;TO;1001139;A1GV; ;E758;LUSERNA SAN GIOVANNI;B;B1;TO00000431;9;Magazzini;NORMALE;P;270;400;L;1,6;2,4;L;
NORD-OVEST;PIEMONTE;TO;1001139;A1GV; ;E758;LUSERNA SAN GIOVANNI;B;B1;TO00000431;5;Negozi;NORMALE;P;460;920;L;2,9;5,7;L;
NORD-OVEST;PIEMONTE;TO;1001139;A1GV; ;E758;LUSERNA SAN GIOVANNI;C;C1;TO00001314;20;Abitazioni civili;NORMALE;P;520;790;L;3,3;4,9;L;
NORD-OVEST;PIEMONTE;TO;1001139;A1GV; ;E758;LUSERNA SAN GIOVANNI;C;C1;TO00001314;21;Abitazioni di tipo economico;NORMALE;P;490;730;L;3,1;4,6;L;
NORD-OVEST;PIEMONTE;TO;1001139;A1GV; ;E758;LUSERNA SAN GIOVANNI;C;C1;TO00001314;13;Box;NORMALE;P;290;430;L;2,1;3,1;L;
NORD-OVEST;PIEMONTE;TO;1001139;A1GV; ;E758;LUSERNA SAN GIOVANNI;C;C1;TO00001314;1;Ville e Villini;NORMALE;P;610;920;L;2,9;4,3;L;
NORD-OVEST;PIEMONTE;TO;1001139;A1GV; ;E758;LUSERNA SAN GIOVANNI;C;C1;TO00001314;5;Negozi;NORMALE;P;460;920;L;3,9;7,8;L;
NORD-OVEST;PIEMONTE;TO;1001139;A1GV; ;E758;LUSERNA SAN GIOVANNI;C;C1;TO00001314;6;Uffici;NORMALE;P;400;800;L;2,5;4,9;L;
NORD-OVEST;PIEMONTE;TO;1001139;A1GV; ;E758;LUSERNA SAN GIOVANNI;D;D1;TO00001315;20;Abitazioni civili;NORMALE;P;510;760;L;3,3;4,9;L;
NORD-OVEST;PIEMONTE;TO;1001139;A1GV; ;E758;LUSERNA SAN GIOVANNI;D;D1;TO00001315;21;Abitazioni di tipo economico;NORMALE;P;490;730;L;2,9;4,3;L;
NORD-OVEST;PIEMONTE;TO;1001139;A1GV; ;E758;LUSERNA SAN GIOVANNI;D;D1;TO00001315;1;Ville e Villini;NORMALE;P;620;930;L;2,9;4,3;L;
NORD-OVEST;PIEMONTE;TO;1001139;A1GV; ;E758;LUSERNA SAN GIOVANNI;D;D1;TO00001315;8;Capannoni industriali;NORMALE;P;160;310;L;1,3;2,6;L;
NORD-OVEST;PIEMONTE;TO;1001140;A1GW; ;E759;LUSERNETTA;B;B1;TO00000433;21;Abitazioni di tipo economico;NORMALE;P;390;590;L;2,5;3,8;L;
NORD-OVEST;PIEMONTE;TO;1001140;A1GW; ;E759;LUSERNETTA;B;B1;TO00000433;13;Box;NORMALE;P;330;490;L;1,7;2,6;L;
NORD-OVEST;PIEMONTE;TO;1001140;A1GW; ;E759;LUSERNETTA;B;B1;TO00000433;1;Ville e Villini;NORMALE;P;670;1000;L;2,5;3,7;L;
NORD-OVEST;PIEMONTE;TO;1001140;A1GW; ;E759;LUSERNETTA;B;B1;TO00000433;9;Magazzini;NORMALE;P;200;300;L;1,5;2,2;L;
NORD-OVEST;PIEMONTE;TO;1001141;A1GX; ;E763;LUSIGLIE`;B;B1;TO00000435;20;Abitazioni civili;NORMALE;P;600;900;L;2,9;4,2;L;
NORD-OVEST;PIEMONTE;TO;1001141;A1GX; ;E763;LUSIGLIE`;B;B1;TO00000435;21;Abitazioni di tipo economico;NORMALE;P;420;630;L;2,1;3,1;L;
NORD-OVEST;PIEMONTE;TO;1001141;A1GX; ;E763;LUSIGLIE`;B;B1;TO00000435;13;Box;NORMALE;P;410;620;L;2,7;4;L;
NORD-OVEST;PIEMONTE;TO;1001141;A1GX; ;E763;LUSIGLIE`;B;B1;TO00000435;9;Magazzini;NORMALE;P;240;360;L;1,6;2,3;L;
NORD-OVEST;PIEMONTE;TO;1001141;A1GX; ;E763;LUSIGLIE`;B;B1;TO00000435;8;Capannoni industriali;NORMALE;P;210;400;L;1,5;2,8;L;
NORD-OVEST;PIEMONTE;TO;1001142;A1GY; ;E782;MACELLO;B;B1;TO00000438;20;Abitazioni civili;NORMALE;P;700;1050;L;3;4,5;L;
NORD-OVEST;PIEMONTE;TO;1001142;A1GY; ;E782;MACELLO;B;B1;TO00000438;13;Box;NORMALE;P;460;680;L;2,4;3,5;L;
NORD-OVEST;PIEMONTE;TO;1001142;A1GY; ;E782;MACELLO;B;B1;TO00000438;1;Ville e Villini;NORMALE;P;700;1050;L;2,9;4,3;L;
NORD-OVEST;PIEMONTE;TO;1001142;A1GY; ;E782;MACELLO;B;B1;TO00000438;9;Magazzini;NORMALE;P;280;420;L;1,8;2,6;L;
NORD-OVEST;PIEMONTE;TO;1001142;A1GY; ;E782;MACELLO;B;B1;TO00000438;5;Negozi;NORMALE;P;470;940;L;3;6;L;
NORD-OVEST;PIEMONTE;TO;1001142;A1GY; ;E782;MACELLO;B;B1;TO00000438;8;Capannoni industriali;NORMALE;P;220;430;L;1,5;2,9;L;
NORD-OVEST;PIEMONTE;TO;1001142;A1GY; ;E782;MACELLO;B;B1;TO00000438;10;Laboratori;NORMALE;P;270;540;L;1,6;3,1;L;
NORD-OVEST;PIEMONTE;TO;1001143;A1GZ; ;E817;MAGLIONE;B;B1;TO00000440;20;Abitazioni civili;NORMALE;P;400;590;L;2,1;3,1;L;
NORD-OVEST;PIEMONTE;TO;1001143;A1GZ; ;E817;MAGLIONE;B;B1;TO00000440;21;Abitazioni di tipo economico;NORMALE;P;330;490;L;2;3;L;
NORD-OVEST;PIEMONTE;TO;1001143;A1GZ; ;E817;MAGLIONE;B;B1;TO00000440;13;Box;NORMALE;P;280;400;L;1,7;2,5;L;
NORD-OVEST;PIEMONTE;TO;1001143;A1GZ; ;E817;MAGLIONE;B;B1;TO00000440;1;Ville e Villini;NORMALE;P;410;610;L;2,1;3,1;L;
NORD-OVEST;PIEMONTE;TO;1001143;A1GZ; ;E817;MAGLIONE;B;B1;TO00000440;9;Magazzini;NORMALE;P;170;240;L;1;1,5;L;
NORD-OVEST;PIEMONTE;TO;1001144;A1HC; ;E941;MARENTINO;B;B1;TO00000442;20;Abitazioni civili;NORMALE;P;660;990;L;3,2;4,8;L;
NORD-OVEST;PIEMONTE;TO;1001144;A1HC; ;E941;MARENTINO;B;B1;TO00000442;21;Abitazioni di tipo economico;NORMALE;P;510;770;L;2,6;3,9;L;
NORD-OVEST;PIEMONTE;TO;1001144;A1HC; ;E941;MARENTINO;B;B1;TO00000442;13;Box;NORMALE;P;390;580;L;2,5;3,7;L;
NORD-OVEST;PIEMONTE;TO;1001144;A1HC; ;E941;MARENTINO;B;B1;TO00000442;1;Ville e Villini;NORMALE;P;700;1050;L;3;4,5;L;
NORD-OVEST;PIEMONTE;TO;1001144;A1HC; ;E941;MARENTINO;B;B1;TO00000442;1;Ville e Villini;OTTIMO; ;1000;1500;L;4;6;L;
NORD-OVEST;PIEMONTE;TO;1001144;A1HC; ;E941;MARENTINO;B;B1;TO00000442;9;Magazzini;NORMALE;P;290;430;L;2,1;3;L;
NORD-OVEST;PIEMONTE;TO;1001145;A1HD; ;F041;MASSELLO;B;B1;TO00000445;21;Abitazioni di tipo economico;NORMALE;P;360;530;L;1,4;2,1;L;
NORD-OVEST;PIEMONTE;TO;1001145;A1HD; ;F041;MASSELLO;B;B1;TO00000445;9;Magazzini;NORMALE;P;240;350;L;1,3;1,8;L;
NORD-OVEST;PIEMONTE;TO;1001146;A1HE; ;F053;MATHI;B;B1;TO00000448;20;Abitazioni civili;NORMALE;P;700;1050;L;3,5;5,3;L;
NORD-OVEST;PIEMONTE;TO;1001146;A1HE; ;F053;MATHI;B;B1;TO00000448;21;Abitazioni di tipo economico;NORMALE;P;530;800;L;3;4,5;L;
NORD-OVEST;PIEMONTE;TO;1001146;A1HE; ;F053;MATHI;B;B1;TO00000448;13;Box;NORMALE;P;340;510;L;2,6;3,9;L;
NORD-OVEST;PIEMONTE;TO;1001146;A1HE; ;F053;MATHI;B;B1;TO00000448;1;Ville e Villini;NORMALE;P;660;990;L;3;4,5;L;
NORD-OVEST;PIEMONTE;TO;1001146;A1HE; ;F053;MATHI;B;B1;TO00000448;1;Ville e Villini;OTTIMO; ;930;1400;L;3,5;5,3;L;
NORD-OVEST;PIEMONTE;TO;1001146;A1HE; ;F053;MATHI;B;B1;TO00000448;9;Magazzini;NORMALE;P;260;390;L;1,7;2,6;L;
NORD-OVEST;PIEMONTE;TO;1001146;A1HE; ;F053;MATHI;B;B1;TO00000448;5;Negozi;NORMALE;P;470;940;L;4,1;8,2;L;
NORD-OVEST;PIEMONTE;TO;1001146;A1HE; ;F053;MATHI;D;D1;TO00001388;9;Magazzini;NORMALE;P;260;390;L;1,7;2,6;L;
NORD-OVEST;PIEMONTE;TO;1001146;A1HE; ;F053;MATHI;D;D1;TO00001388;8;Capannoni industriali;NORMALE;P;160;320;L;1,2;2,4;L;
NORD-OVEST;PIEMONTE;TO;1001147;A1HF; ;F058;MATTIE;B;B1;TO00000450;20;Abitazioni civili;NORMALE;P;440;660;L;2,6;3,9;L;
NORD-OVEST;PIEMONTE;TO;1001147;A1HF; ;F058;MATTIE;B;B1;TO00000450;21;Abitazioni di tipo economico;NORMALE;P;290;440;L;2,3;3,5;L;
NORD-OVEST;PIEMONTE;TO;1001147;A1HF; ;F058;MATTIE;B;B1;TO00000450;13;Box;NORMALE;P;290;430;L;1,8;2,7;L;
NORD-OVEST;PIEMONTE;TO;1001147;A1HF; ;F058;MATTIE;B;B1;TO00000450;1;Ville e Villini;NORMALE;P;530;790;L;2,5;3,7;L;
NORD-OVEST;PIEMONTE;TO;1001147;A1HF; ;F058;MATTIE;B;B1;TO00000450;9;Magazzini;NORMALE;P;170;250;L;1,2;1,8;L;
NORD-OVEST;PIEMONTE;TO;1001147;A1HF; ;F058;MATTIE;B;B1;TO00000450;5;Negozi;NORMALE;P;340;670;L;2,4;4,6;L;
NORD-OVEST;PIEMONTE;TO;1001148;A1HG; ;F067;MAZZE`;B;B1;TO00000453;21;Abitazioni di tipo economico;NORMALE;P;470;710;L;2,6;3,9;L;
NORD-OVEST;PIEMONTE;TO;1001148;A1HG; ;F067;MAZZE`;B;B1;TO00000453;13;Box;NORMALE;P;390;590;L;2,7;4;L;
NORD-OVEST;PIEMONTE;TO;1001148;A1HG; ;F067;MAZZE`;B;B1;TO00000453;5;Negozi;NORMALE;P;440;880;L;3,3;6,6;L;
NORD-OVEST;PIEMONTE;TO;1001148;A1HG; ;F067;MAZZE`;C;C1;TO00001302;20;Abitazioni civili;NORMALE;P;700;1050;L;3,2;4,8;L;
NORD-OVEST;PIEMONTE;TO;1001148;A1HG; ;F067;MAZZE`;C;C1;TO00001302;21;Abitazioni di tipo economico;NORMALE;P;420;630;L;2,8;4,2;L;
NORD-OVEST;PIEMONTE;TO;1001148;A1HG; ;F067;MAZZE`;C;C1;TO00001302;13;Box;NORMALE;P;390;590;L;2,8;4,2;L;
NORD-OVEST;PIEMONTE;TO;1001148;A1HG; ;F067;MAZZE`;C;C1;TO00001302;5;Negozi;NORMALE;P;490;980;L;4,1;8,2;L;
NORD-OVEST;PIEMONTE;TO;1001148;A1HG; ;F067;MAZZE`;D;D1;TO00001304;8;Capannoni industriali;NORMALE;P;190;370;L;1,4;2,8;L;
NORD-OVEST;PIEMONTE;TO;1001149;A1HH; ;F074;MEANA DI SUSA;B;B1;TO00000455;20;Abitazioni civili;NORMALE;P;470;700;L;2,5;3,8;L;
NORD-OVEST;PIEMONTE;TO;1001149;A1HH; ;F074;MEANA DI SUSA;B;B1;TO00000455;21;Abitazioni di tipo economico;NORMALE;P;330;500;L;2,2;3,3;L;
NORD-OVEST;PIEMONTE;TO;1001149;A1HH; ;F074;MEANA DI SUSA;B;B1;TO00000455;13;Box;NORMALE;P;300;440;L;2,2;3,3;L;
NORD-OVEST;PIEMONTE;TO;1001149;A1HH; ;F074;MEANA DI SUSA;B;B1;TO00000455;1;Ville e Villini;NORMALE;P;580;870;L;2,6;3,8;L;
NORD-OVEST;PIEMONTE;TO;1001149;A1HH; ;F074;MEANA DI SUSA;B;B1;TO00000455;9;Magazzini;NORMALE;P;230;340;L;1,5;2,2;L;
NORD-OVEST;PIEMONTE;TO;1001150;A1HL; ;F140;MERCENASCO;B;B1;TO00000457;20;Abitazioni civili;NORMALE;P;530;800;L;3,6;5,4;L;
NORD-OVEST;PIEMONTE;TO;1001150;A1HL; ;F140;MERCENASCO;B;B1;TO00000457;21;Abitazioni di tipo economico;NORMALE;P;370;550;L;2,6;3,9;L;
NORD-OVEST;PIEMONTE;TO;1001150;A1HL; ;F140;MERCENASCO;B;B1;TO00000457;13;Box;NORMALE;P;350;520;L;2,2;3,3;L;
NORD-OVEST;PIEMONTE;TO;1001150;A1HL; ;F140;MERCENASCO;B;B1;TO00000457;9;Magazzini;NORMALE;P;260;380;L;1,9;2,7;L;
NORD-OVEST;PIEMONTE;TO;1001150;A1HL; ;F140;MERCENASCO;B;B1;TO00000457;5;Negozi;NORMALE;P;390;780;L;2,9;4,7;L;
NORD-OVEST;PIEMONTE;TO;1001150;A1HL; ;F140;MERCENASCO;B;B1;TO00000457;8;Capannoni industriali;NORMALE;P;180;360;L;1,3;2,5;L;
NORD-OVEST;PIEMONTE;TO;1001152;A1HN; ;F182;MEZZENILE;B;B1;TO00000461;20;Abitazioni civili;NORMALE;P;390;580;L;2,4;3,6;L;
NORD-OVEST;PIEMONTE;TO;1001152;A1HN; ;F182;MEZZENILE;B;B1;TO00000461;21;Abitazioni di tipo economico;NORMALE;P;320;480;L;2,2;3,3;L;
NORD-OVEST;PIEMONTE;TO;1001152;A1HN; ;F182;MEZZENILE;B;B1;TO00000461;13;Box;NORMALE;P;280;420;L;1,8;2,7;L;
NORD-OVEST;PIEMONTE;TO;1001152;A1HN; ;F182;MEZZENILE;B;B1;TO00000461;1;Ville e Villini;NORMALE;P;440;660;L;2,5;3,7;L;
NORD-OVEST;PIEMONTE;TO;1001152;A1HN; ;F182;MEZZENILE;B;B1;TO00000461;1;Ville e Villini;OTTIMO; ;660;990;L;3,2;4,8;L;
NORD-OVEST;PIEMONTE;TO;1001152;A1HN; ;F182;MEZZENILE;B;B1;TO00000461;9;Magazzini;NORMALE;P;180;270;L;1,3;2;L;
NORD-OVEST;PIEMONTE;TO;1001152;A1HN; ;F182;MEZZENILE;B;B1;TO00000461;5;Negozi;NORMALE;P;350;700;L;2,3;4,4;L;
NORD-OVEST;PIEMONTE;TO;1001153;A1HS; ;F315;MOMBELLO DI TORINO;B;B1;TO00000463;20;Abitazioni civili;NORMALE;P;640;960;L;3,1;4,6;L;
NORD-OVEST;PIEMONTE;TO;1001153;A1HS; ;F315;MOMBELLO DI TORINO;B;B1;TO00000463;21;Abitazioni di tipo economico;NORMALE;P;470;700;L;2,6;3,8;L;
NORD-OVEST;PIEMONTE;TO;1001153;A1HS; ;F315;MOMBELLO DI TORINO;B;B1;TO00000463;13;Box;NORMALE;P;360;540;L;2,3;3,5;L;
NORD-OVEST;PIEMONTE;TO;1001153;A1HS; ;F315;MOMBELLO DI TORINO;B;B1;TO00000463;9;Magazzini;NORMALE;P;270;400;L;1,8;2,7;L;
NORD-OVEST;PIEMONTE;TO;1001154;A1HT; ;F318;MONPANTERO;B;B1;TO00000465;20;Abitazioni civili;NORMALE;P;520;770;L;2,6;3,9;L;
NORD-OVEST;PIEMONTE;TO;1001154;A1HT; ;F318;MONPANTERO;B;B1;TO00000465;21;Abitazioni di tipo economico;NORMALE;P;430;640;L;2,1;3,2;L;
NORD-OVEST;PIEMONTE;TO;1001154;A1HT; ;F318;MONPANTERO;B;B1;TO00000465;13;Box;NORMALE;P;330;490;L;2;3;L;
NORD-OVEST;PIEMONTE;TO;1001154;A1HT; ;F318;MONPANTERO;B;B1;TO00000465;9;Magazzini;NORMALE;P;210;310;L;1,4;2;L;
NORD-OVEST;PIEMONTE;TO;1001155;A1HU; ;F327;MONASTERO DI LANZO;B;B1;TO00000467;20;Abitazioni civili;NORMALE;P;360;540;L;2,1;3,1;L;
NORD-OVEST;PIEMONTE;TO;1001155;A1HU; ;F327;MONASTERO DI LANZO;B;B1;TO00000467;21;Abitazioni di tipo economico;NORMALE;P;300;450;L;1,8;2,7;L;
NORD-OVEST;PIEMONTE;TO;1001155;A1HU; ;F327;MONASTERO DI LANZO;B;B1;TO00000467;13;Box;NORMALE;P;250;370;L;1,5;2,2;L;
NORD-OVEST;PIEMONTE;TO;1001155;A1HU; ;F327;MONASTERO DI LANZO;B;B1;TO00000467;9;Magazzini;NORMALE;P;190;280;L;1,3;2;L;
NORD-OVEST;PIEMONTE;TO;1001156;A1HW; ;F335;MONCALIERI;B;B1;TO00001091;20;Abitazioni civili;NORMALE;P;1000;1500;L;4,6;6,9;L;
NORD-OVEST;PIEMONTE;TO;1001156;A1HW; ;F335;MONCALIERI;B;B1;TO00001091;20;Abitazioni civili;OTTIMO; ;1600;2400;L;6,2;9,3;L;
NORD-OVEST;PIEMONTE;TO;1001156;A1HW; ;F335;MONCALIERI;B;B1;TO00001091;21;Abitazioni di tipo economico;NORMALE;P;890;1350;L;5,1;7,6;L;
NORD-OVEST;PIEMONTE;TO;1001156;A1HW; ;F335;MONCALIERI;B;B1;TO00001091;13;Box;NORMALE;P;660;990;L;4,4;6,6;L;
NORD-OVEST;PIEMONTE;TO;1001156;A1HW; ;F335;MONCALIERI;B;B1;TO00001091;5;Negozi;OTTIMO; ;1050;2000;L;8;16;L;
NORD-OVEST;PIEMONTE;TO;1001156;A1HW; ;F335;MONCALIERI;B;B1;TO00001091;5;Negozi;NORMALE;P;630;1250;L;5,8;11,4;L;
NORD-OVEST;PIEMONTE;TO;1001156;A1HW; ;F335;MONCALIERI;B;B1;TO00001091;6;Uffici;NORMALE;P;750;1500;L;5,4;10,8;L;
NORD-OVEST;PIEMONTE;TO;1001156;A1HW; ;F335;MONCALIERI;C;C1;TO00000469;20;Abitazioni civili;NORMALE;P;1200;1700;L;4,4;6,6;L;
NORD-OVEST;PIEMONTE;TO;1001156;A1HW; ;F335;MONCALIERI;C;C1;TO00000469;20;Abitazioni civili;OTTIMO; ;1600;2400;L;6,5;9,7;L;
NORD-OVEST;PIEMONTE;TO;1001156;A1HW; ;F335;MONCALIERI;C;C1;TO00000469;21;Abitazioni di tipo economico;NORMALE;P;1000;1500;L;4,9;7,4;L;
NORD-OVEST;PIEMONTE;TO;1001156;A1HW; ;F335;MONCALIERI;C;C1;TO00000469;13;Box;NORMALE;P;650;970;L;3,3;5;L;
NORD-OVEST;PIEMONTE;TO;1001156;A1HW; ;F335;MONCALIERI;C;C1;TO00000469;9;Magazzini;NORMALE;P;270;410;L;2,3;3,5;L;
NORD-OVEST;PIEMONTE;TO;1001156;A1HW; ;F335;MONCALIERI;C;C1;TO00000469;5;Negozi;NORMALE;P;580;1150;L;6,1;12,2;L;
NORD-OVEST;PIEMONTE;TO;1001156;A1HW; ;F335;MONCALIERI;C;C1;TO00000469;6;Uffici;NORMALE;P;650;1300;L;4,2;8,4;L;
NORD-OVEST;PIEMONTE;TO;1001156;A1HW; ;F335;MONCALIERI;C;C1;TO00000469;8;Capannoni industriali;NORMALE;P;240;480;L;1,8;3,6;L;
NORD-OVEST;PIEMONTE;TO;1001156;A1HW; ;F335;MONCALIERI;C;C1;TO00000469;10;Laboratori;NORMALE;P;380;760;L;2,6;5,1;L;
NORD-OVEST;PIEMONTE;TO;1001156;A1HW; ;F335;MONCALIERI;D;D1;TO00001321;20;Abitazioni civili;OTTIMO; ;1450;2150;L;6,6;9,9;L;
NORD-OVEST;PIEMONTE;TO;1001156;A1HW; ;F335;MONCALIERI;D;D1;TO00001321;20;Abitazioni civili;NORMALE;P;990;1450;L;4,5;6,7;L;
NORD-OVEST;PIEMONTE;TO;1001156;A1HW; ;F335;MONCALIERI;D;D1;TO00001321;21;Abitazioni di tipo economico;NORMALE;P;890;1350;L;5,3;7,9;L;
NORD-OVEST;PIEMONTE;TO;1001156;A1HW; ;F335;MONCALIERI;D;D1;TO00001321;13;Box;NORMALE;P;620;930;L;3,5;5,3;L;
NORD-OVEST;PIEMONTE;TO;1001156;A1HW; ;F335;MONCALIERI;D;D1;TO00001321;5;Negozi;NORMALE;P;530;1050;L;6,3;12,6;L;
NORD-OVEST;PIEMONTE;TO;1001156;A1HW; ;F335;MONCALIERI;D;D1;TO00001321;6;Uffici;NORMALE;P;700;1300;L;4,3;8,6;L;
NORD-OVEST;PIEMONTE;TO;1001156;A1HW; ;F335;MONCALIERI;D;D2;TO00001323;20;Abitazioni civili;NORMALE;P;1100;1650;L;4,5;6,8;L;
NORD-OVEST;PIEMONTE;TO;1001156;A1HW; ;F335;MONCALIERI;D;D2;TO00001323;20;Abitazioni civili;OTTIMO; ;1400;2100;L;6,4;9,6;L;
NORD-OVEST;PIEMONTE;TO;1001156;A1HW; ;F335;MONCALIERI;D;D2;TO00001323;21;Abitazioni di tipo economico;NORMALE;P;700;1050;L;4,4;6,6;L;
NORD-OVEST;PIEMONTE;TO;1001156;A1HW; ;F335;MONCALIERI;D;D2;TO00001323;9;Magazzini;NORMALE;P;340;510;L;2,6;3,9;L;
NORD-OVEST;PIEMONTE;TO;1001156;A1HW; ;F335;MONCALIERI;D;D2;TO00001323;6;Uffici;NORMALE;P;700;1300;L;3,9;7,8;L;
NORD-OVEST;PIEMONTE;TO;1001156;A1HW; ;F335;MONCALIERI;D;D2;TO00001323;8;Capannoni industriali;NORMALE;P;260;520;L;2;3,9;L;
NORD-OVEST;PIEMONTE;TO;1001156;A1HW; ;F335;MONCALIERI;D;D2;TO00001323;10;Laboratori;NORMALE;P;380;760;L;2,2;4,4;L;
NORD-OVEST;PIEMONTE;TO;1001156;A1HW; ;F335;MONCALIERI;D;D3;TO00001324;6;Uffici;NORMALE;P;700;1300;L;3,9;7,8;L;
NORD-OVEST;PIEMONTE;TO;1001156;A1HW; ;F335;MONCALIERI;D;D3;TO00001324;8;Capannoni industriali;NORMALE;P;270;540;L;2;4;L;
NORD-OVEST;PIEMONTE;TO;1001156;A1HW; ;F335;MONCALIERI;E;E2;TO00002114;20;Abitazioni civili;OTTIMO; ;1650;2450;L;6,1;9,2;L;
NORD-OVEST;PIEMONTE;TO;1001156;A1HW; ;F335;MONCALIERI;E;E2;TO00002114;20;Abitazioni civili;NORMALE;P;1350;2000;L;4,3;6,5;L;
NORD-OVEST;PIEMONTE;TO;1001156;A1HW; ;F335;MONCALIERI;E;E2;TO00002114;21;Abitazioni di tipo economico;NORMALE;P;1000;1500;L;4,2;6,3;L;
NORD-OVEST;PIEMONTE;TO;1001156;A1HW; ;F335;MONCALIERI;E;E2;TO00002114;13;Box;NORMALE;P;660;990;L;3,6;5,4;L;
NORD-OVEST;PIEMONTE;TO;1001156;A1HW; ;F335;MONCALIERI;E;E2;TO00002114;1;Ville e Villini;NORMALE;P;1050;1550;L;4,6;6,9;L;
NORD-OVEST;PIEMONTE;TO;1001156;A1HW; ;F335;MONCALIERI;E;E2;TO00002114;1;Ville e Villini;OTTIMO; ;1600;2400;L;6,3;9,4;L;
NORD-OVEST;PIEMONTE;TO;1001156;A1HW; ;F335;MONCALIERI;E;E3;TO00002511;20;Abitazioni civili;NORMALE;P;1100;1650;L;4,1;6,2;L;
NORD-OVEST;PIEMONTE;TO;1001156;A1HW; ;F335;MONCALIERI;E;E3;TO00002511;20;Abitazioni civili;OTTIMO; ;1400;2100;L;5,2;7,8;L;
NORD-OVEST;PIEMONTE;TO;1001156;A1HW; ;F335;MONCALIERI;E;E3;TO00002511;21;Abitazioni di tipo economico;NORMALE;P;930;1400;L;4;6;L;
NORD-OVEST;PIEMONTE;TO;1001156;A1HW; ;F335;MONCALIERI;E;E3;TO00002511;13;Box;NORMALE;P;660;990;L;3,6;5,4;L;
NORD-OVEST;PIEMONTE;TO;1001156;A1HW; ;F335;MONCALIERI;E;E4;TO00002512;21;Abitazioni di tipo economico;NORMALE;P;1000;1500;L;4,3;6,4;L;
NORD-OVEST;PIEMONTE;TO;1001156;A1HW; ;F335;MONCALIERI;E;E4;TO00002512;13;Box;NORMALE;P;690;1000;L;3,6;5,4;L;
NORD-OVEST;PIEMONTE;TO;1001156;A1HW; ;F335;MONCALIERI;E;E4;TO00002512;1;Ville e Villini;NORMALE;P;1350;2000;L;4,8;7,2;L;
NORD-OVEST;PIEMONTE;TO;1001158;A1HY; ;F407;MONTALDO TORINESE;B;B1;TO00000471;20;Abitazioni civili;NORMALE;P;760;1150;L;3,2;4,8;L;
NORD-OVEST;PIEMONTE;TO;1001158;A1HY; ;F407;MONTALDO TORINESE;B;B1;TO00000471;21;Abitazioni di tipo economico;NORMALE;P;510;760;L;2,7;4;L;
NORD-OVEST;PIEMONTE;TO;1001158;A1HY; ;F407;MONTALDO TORINESE;B;B1;TO00000471;13;Box;NORMALE;P;420;610;L;2,5;3,6;L;
NORD-OVEST;PIEMONTE;TO;1001158;A1HY; ;F407;MONTALDO TORINESE;B;B1;TO00000471;1;Ville e Villini;NORMALE;P;800;1200;L;3;4,5;L;
NORD-OVEST;PIEMONTE;TO;1001158;A1HY; ;F407;MONTALDO TORINESE;B;B1;TO00000471;9;Magazzini;NORMALE;P;260;380;L;1,8;2,6;L;
NORD-OVEST;PIEMONTE;TO;1001159;A1HZ; ;F411;MONTALENGHE;B;B1;TO00000473;20;Abitazioni civili;NORMALE;P;580;870;L;2,7;4;L;
NORD-OVEST;PIEMONTE;TO;1001159;A1HZ; ;F411;MONTALENGHE;B;B1;TO00000473;21;Abitazioni di tipo economico;NORMALE;P;400;600;L;2,3;3,4;L;
NORD-OVEST;PIEMONTE;TO;1001159;A1HZ; ;F411;MONTALENGHE;B;B1;TO00000473;13;Box;NORMALE;P;380;570;L;2,3;3,5;L;
NORD-OVEST;PIEMONTE;TO;1001159;A1HZ; ;F411;MONTALENGHE;B;B1;TO00000473;9;Magazzini;NORMALE;P;240;350;L;1,6;2,3;L;
NORD-OVEST;PIEMONTE;TO;1001159;A1HZ; ;F411;MONTALENGHE;B;B1;TO00000473;5;Negozi;NORMALE;P;400;800;L;2,9;5,6;L;
NORD-OVEST;PIEMONTE;TO;1001160;A1IA; ;F420;MONTALTO DORA;B;B1;TO00000475;21;Abitazioni di tipo economico;NORMALE;P;380;570;L;1,9;2,8;L;
NORD-OVEST;PIEMONTE;TO;1001160;A1IA; ;F420;MONTALTO DORA;B;B1;TO00000475;13;Box;NORMALE;P;280;420;L;1,6;2,4;L;
NORD-OVEST;PIEMONTE;TO;1001160;A1IA; ;F420;MONTALTO DORA;B;B1;TO00000475;5;Negozi;NORMALE;P;280;560;L;1,9;3,8;L;
NORD-OVEST;PIEMONTE;TO;1001160;A1IA; ;F420;MONTALTO DORA;D;D1;TO00001115;20;Abitazioni civili;NORMALE;P;590;890;L;2,8;4,2;L;
NORD-OVEST;PIEMONTE;TO;1001160;A1IA; ;F420;MONTALTO DORA;D;D1;TO00001115;21;Abitazioni di tipo economico;NORMALE;P;400;600;L;2,2;3,3;L;
NORD-OVEST;PIEMONTE;TO;1001160;A1IA; ;F420;MONTALTO DORA;D;D1;TO00001115;13;Box;NORMALE;P;340;500;L;2;3;L;
NORD-OVEST;PIEMONTE;TO;1001160;A1IA; ;F420;MONTALTO DORA;D;D1;TO00001115;1;Ville e Villini;NORMALE;P;600;900;L;2,4;3,6;L;
NORD-OVEST;PIEMONTE;TO;1001160;A1IA; ;F420;MONTALTO DORA;D;D1;TO00001115;9;Magazzini;NORMALE;P;180;270;L;1,3;1,8;L;
NORD-OVEST;PIEMONTE;TO;1001160;A1IA; ;F420;MONTALTO DORA;D;D1;TO00001115;5;Negozi;NORMALE;P;310;620;L;2,3;4,6;L;
NORD-OVEST;PIEMONTE;TO;1001160;A1IA; ;F420;MONTALTO DORA;D;D1;TO00001115;6;Uffici;NORMALE;P;310;620;L;1,8;3,6;L;
NORD-OVEST;PIEMONTE;TO;1001160;A1IA; ;F420;MONTALTO DORA;D;D1;TO00001115;8;Capannoni industriali;NORMALE;P;160;320;L;1,1;2,2;L;
NORD-OVEST;PIEMONTE;TO;1001160;A1IA; ;F420;MONTALTO DORA;D;D1;TO00001115;10;Laboratori;NORMALE;P;160;320;L;,9;1,8;L;
NORD-OVEST;PIEMONTE;TO;1001161;A1IB; ;F422;MONTANARO;B;B1;TO00000477;21;Abitazioni di tipo economico;NORMALE;P;510;770;L;3,5;5,2;L;
NORD-OVEST;PIEMONTE;TO;1001161;A1IB; ;F422;MONTANARO;B;B1;TO00000477;13;Box;NORMALE;P;460;690;L;2,7;4,1;L;
NORD-OVEST;PIEMONTE;TO;1001161;A1IB; ;F422;MONTANARO;B;B1;TO00000477;5;Negozi;NORMALE;P;460;920;L;3,8;7,6;L;
NORD-OVEST;PIEMONTE;TO;1001161;A1IB; ;F422;MONTANARO;B;B1;TO00000477;6;Uffici;NORMALE;P;400;800;L;2,5;4,8;L;
NORD-OVEST;PIEMONTE;TO;1001161;A1IB; ;F422;MONTANARO;D;D1;TO00001295;20;Abitazioni civili;NORMALE;P;640;950;L;3,8;5,7;L;
NORD-OVEST;PIEMONTE;TO;1001161;A1IB; ;F422;MONTANARO;D;D1;TO00001295;21;Abitazioni di tipo economico;NORMALE;P;470;710;L;3,1;4,6;L;
NORD-OVEST;PIEMONTE;TO;1001161;A1IB; ;F422;MONTANARO;D;D1;TO00001295;13;Box;NORMALE;P;470;710;L;2,7;4,1;L;
NORD-OVEST;PIEMONTE;TO;1001161;A1IB; ;F422;MONTANARO;D;D1;TO00001295;5;Negozi;NORMALE;P;420;840;L;3;5,8;L;
NORD-OVEST;PIEMONTE;TO;1001161;A1IB; ;F422;MONTANARO;D;D1;TO00001295;8;Capannoni industriali;NORMALE;P;220;430;L;1,5;2,8;L;
NORD-OVEST;PIEMONTE;TO;1001162;A1ID; ;F651;MONTEU DA PO;B;B1;TO00000479;20;Abitazioni civili;NORMALE;P;600;900;L;2,9;4,4;L;
NORD-OVEST;PIEMONTE;TO;1001162;A1ID; ;F651;MONTEU DA PO;B;B1;TO00000479;21;Abitazioni di tipo economico;NORMALE;P;430;650;L;2,5;3,7;L;
NORD-OVEST;PIEMONTE;TO;1001162;A1ID; ;F651;MONTEU DA PO;B;B1;TO00000479;13;Box;NORMALE;P;320;480;L;2,1;3;L;
NORD-OVEST;PIEMONTE;TO;1001162;A1ID; ;F651;MONTEU DA PO;B;B1;TO00000479;9;Magazzini;NORMALE;P;240;360;L;1,6;2,3;L;
NORD-OVEST;PIEMONTE;TO;1001163;A1IE; ;F733;MORIONDO TORINESE;B;B1;TO00000482;20;Abitazioni civili;NORMALE;P;590;880;L;3,1;4,7;L;
NORD-OVEST;PIEMONTE;TO;1001163;A1IE; ;F733;MORIONDO TORINESE;B;B1;TO00000482;21;Abitazioni di tipo economico;NORMALE;P;450;680;L;2,8;4,2;L;
NORD-OVEST;PIEMONTE;TO;1001163;A1IE; ;F733;MORIONDO TORINESE;B;B1;TO00000482;13;Box;NORMALE;P;370;560;L;2,3;3,4;L;
NORD-OVEST;PIEMONTE;TO;1001163;A1IE; ;F733;MORIONDO TORINESE;B;B1;TO00000482;1;Ville e Villini;NORMALE;P;700;1050;L;3;4,5;L;
NORD-OVEST;PIEMONTE;TO;1001163;A1IE; ;F733;MORIONDO TORINESE;B;B1;TO00000482;9;Magazzini;NORMALE;P;240;360;L;1,6;2,4;L;
NORD-OVEST;PIEMONTE;TO;1001163;A1IE; ;F733;MORIONDO TORINESE;B;B1;TO00000482;5;Negozi;NORMALE;P;450;890;L;3,3;6,5;L;
NORD-OVEST;PIEMONTE;TO;1001164;A1IF; ;F889;NICHELINO;B;B1;TO00001630;20;Abitazioni civili;OTTIMO; ;1550;2300;L;6,8;10,2;L;
NORD-OVEST;PIEMONTE;TO;1001164;A1IF; ;F889;NICHELINO;B;B1;TO00001630;20;Abitazioni civili;NORMALE;P;1050;1550;L;4,7;7,1;L;
NORD-OVEST;PIEMONTE;TO;1001164;A1IF; ;F889;NICHELINO;B;B1;TO00001630;21;Abitazioni di tipo economico;NORMALE;P;900;1350;L;4,3;6,4;L;
NORD-OVEST;PIEMONTE;TO;1001164;A1IF; ;F889;NICHELINO;B;B1;TO00001630;21;Abitazioni di tipo economico;OTTIMO; ;1100;1600;L;6,3;9,4;L;
NORD-OVEST;PIEMONTE;TO;1001164;A1IF; ;F889;NICHELINO;B;B1;TO00001630;13;Box;NORMALE;P;600;900;L;3,3;5;L;
NORD-OVEST;PIEMONTE;TO;1001164;A1IF; ;F889;NICHELINO;B;B1;TO00001630;9;Magazzini;NORMALE;P;280;420;L;2,4;3,6;L;
NORD-OVEST;PIEMONTE;TO;1001164;A1IF; ;F889;NICHELINO;B;B1;TO00001630;5;Negozi;NORMALE;P;530;1050;L;6,2;12,4;L;
NORD-OVEST;PIEMONTE;TO;1001164;A1IF; ;F889;NICHELINO;B;B1;TO00001630;6;Uffici;NORMALE;P;630;1250;L;5;10;L;
NORD-OVEST;PIEMONTE;TO;1001164;A1IF; ;F889;NICHELINO;B;B1;TO00001630;8;Capannoni industriali;NORMALE;P;250;480;L;1,9;3,6;L;
NORD-OVEST;PIEMONTE;TO;1001164;A1IF; ;F889;NICHELINO;B;B1;TO00001630;10;Laboratori;NORMALE;P;390;780;L;2,2;4,4;L;
NORD-OVEST;PIEMONTE;TO;1001164;A1IF; ;F889;NICHELINO;D;D1;TO00000963;20;Abitazioni civili;NORMALE;P;980;1450;L;4,5;6,7;L;
NORD-OVEST;PIEMONTE;TO;1001164;A1IF; ;F889;NICHELINO;D;D1;TO00000963;21;Abitazioni di tipo economico;NORMALE;P;730;1100;L;4,2;6,3;L;
NORD-OVEST;PIEMONTE;TO;1001164;A1IF; ;F889;NICHELINO;D;D1;TO00000963;8;Capannoni industriali;NORMALE;P;240;480;L;1,8;3,6;L;
NORD-OVEST;PIEMONTE;TO;1001164;A1IF; ;F889;NICHELINO;D;D2;TO00000964;21;Abitazioni di tipo economico;NORMALE;P;780;1150;L;4,4;6,6;L;
NORD-OVEST;PIEMONTE;TO;1001165;A1IG; ;F906;NOASCA;B;B1;TO00000486;21;Abitazioni di tipo economico;NORMALE;P;370;550;L;1,7;2,6;L;
NORD-OVEST;PIEMONTE;TO;1001165;A1IG; ;F906;NOASCA;B;B1;TO00000486;13;Box;NORMALE;P;300;450;L;1,8;2,7;L;
NORD-OVEST;PIEMONTE;TO;1001165;A1IG; ;F906;NOASCA;B;B1;TO00000486;9;Magazzini;NORMALE;P;220;330;L;1,4;2,1;L;
NORD-OVEST;PIEMONTE;TO;1001166;A1IH; ;F925;NOLE;B;B1;TO00000488;20;Abitazioni civili;OTTIMO; ;1300;1950;L;5;7,4;L;
NORD-OVEST;PIEMONTE;TO;1001166;A1IH; ;F925;NOLE;B;B1;TO00000488;20;Abitazioni civili;NORMALE;P;830;1250;L;3,7;5,5;L;
NORD-OVEST;PIEMONTE;TO;1001166;A1IH; ;F925;NOLE;B;B1;TO00000488;21;Abitazioni di tipo economico;NORMALE;P;620;930;L;3;4,5;L;
NORD-OVEST;PIEMONTE;TO;1001166;A1IH; ;F925;NOLE;B;B1;TO00000488;13;Box;NORMALE;P;450;680;L;2,8;4,2;L;
NORD-OVEST;PIEMONTE;TO;1001166;A1IH; ;F925;NOLE;B;B1;TO00000488;1;Ville e Villini;NORMALE;P;800;1200;L;3,3;4,9;L;
NORD-OVEST;PIEMONTE;TO;1001166;A1IH; ;F925;NOLE;B;B1;TO00000488;9;Magazzini;NORMALE;P;250;380;L;1,7;2,6;L;
NORD-OVEST;PIEMONTE;TO;1001166;A1IH; ;F925;NOLE;B;B1;TO00000488;5;Negozi;NORMALE;P;480;960;L;3,9;7,8;L;
NORD-OVEST;PIEMONTE;TO;1001166;A1IH; ;F925;NOLE;B;B1;TO00000488;6;Uffici;NORMALE;P;450;900;L;3,4;6,2;L;
NORD-OVEST;PIEMONTE;TO;1001166;A1IH; ;F925;NOLE;B;B1;TO00000488;8;Capannoni industriali;NORMALE;P;170;340;L;1,2;2,4;L;
NORD-OVEST;PIEMONTE;TO;1001166;A1IH; ;F925;NOLE;B;B1;TO00000488;10;Laboratori;NORMALE;P;250;500;L;1,5;2,9;L;
NORD-OVEST;PIEMONTE;TO;1001167;A1II; ;F927;NOMAGLIO;B;B1;TO00000490;20;Abitazioni civili;NORMALE;P;410;610;L;1,8;2,7;L;
NORD-OVEST;PIEMONTE;TO;1001167;A1II; ;F927;NOMAGLIO;B;B1;TO00000490;21;Abitazioni di tipo economico;NORMALE;P;290;440;L;1,6;2,4;L;
NORD-OVEST;PIEMONTE;TO;1001167;A1II; ;F927;NOMAGLIO;B;B1;TO00000490;13;Box;NORMALE;P;320;480;L;1,6;2,4;L;
NORD-OVEST;PIEMONTE;TO;1001167;A1II; ;F927;NOMAGLIO;B;B1;TO00000490;9;Magazzini;NORMALE;P;140;210;L;1;1,4;L;
NORD-OVEST;PIEMONTE;TO;1001168;A1IJ; ;F931;NONE;B;B1;TO00000973;20;Abitazioni civili;NORMALE;P;870;1300;L;4;6;L;
NORD-OVEST;PIEMONTE;TO;1001168;A1IJ; ;F931;NONE;B;B1;TO00000973;21;Abitazioni di tipo economico;NORMALE;P;640;960;L;3,8;5,7;L;
NORD-OVEST;PIEMONTE;TO;1001168;A1IJ; ;F931;NONE;B;B1;TO00000973;13;Box;NORMALE;P;500;750;L;2,7;4,1;L;
NORD-OVEST;PIEMONTE;TO;1001168;A1IJ; ;F931;NONE;B;B1;TO00000973;5;Negozi;NORMALE;P;600;1200;L;5,5;11;L;
NORD-OVEST;PIEMONTE;TO;1001168;A1IJ; ;F931;NONE;B;B1;TO00000973;6;Uffici;NORMALE;P;500;1000;L;3,7;7,4;L;
NORD-OVEST;PIEMONTE;TO;1001168;A1IJ; ;F931;NONE;D;D1;TO00000974;20;Abitazioni civili;NORMALE;P;800;1200;L;3,8;5,7;L;
NORD-OVEST;PIEMONTE;TO;1001168;A1IJ; ;F931;NONE;D;D1;TO00000974;9;Magazzini;NORMALE;P;300;450;L;2,5;3,7;L;
NORD-OVEST;PIEMONTE;TO;1001168;A1IJ; ;F931;NONE;D;D1;TO00000974;8;Capannoni industriali;NORMALE;P;210;420;L;1,6;3,2;L;
NORD-OVEST;PIEMONTE;TO;1001168;A1IJ; ;F931;NONE;D;D1;TO00000974;10;Laboratori;NORMALE;P;310;620;L;2,1;4,2;L;
NORD-OVEST;PIEMONTE;TO;1001169;A1IK; ;F948;NOVALESA;B;B1;TO00000494;21;Abitazioni di tipo economico;NORMALE;P;430;640;L;1,8;2,7;L;
NORD-OVEST;PIEMONTE;TO;1001169;A1IK; ;F948;NOVALESA;B;B1;TO00000494;13;Box;NORMALE;P;290;440;L;1,7;2,6;L;
NORD-OVEST;PIEMONTE;TO;1001169;A1IK; ;F948;NOVALESA;B;B1;TO00000494;1;Ville e Villini;NORMALE;P;630;940;L;2,4;3,5;L;
NORD-OVEST;PIEMONTE;TO;1001169;A1IK; ;F948;NOVALESA;B;B1;TO00000494;9;Magazzini;NORMALE;P;200;300;L;1,3;1,9;L;
NORD-OVEST;PIEMONTE;TO;1001170;A1IL; ;G010;OGLIANICO;B;B1;TO00000496;20;Abitazioni civili;NORMALE;P;660;990;L;3,1;4,6;L;
NORD-OVEST;PIEMONTE;TO;1001170;A1IL; ;G010;OGLIANICO;B;B1;TO00000496;21;Abitazioni di tipo economico;NORMALE;P;470;700;L;2,5;3,7;L;
NORD-OVEST;PIEMONTE;TO;1001170;A1IL; ;G010;OGLIANICO;B;B1;TO00000496;13;Box;NORMALE;P;410;610;L;2,9;4,3;L;
NORD-OVEST;PIEMONTE;TO;1001170;A1IL; ;G010;OGLIANICO;B;B1;TO00000496;5;Negozi;NORMALE;P;480;960;L;3;6;L;
NORD-OVEST;PIEMONTE;TO;1001170;A1IL; ;G010;OGLIANICO;D;D1;TO00001209;9;Magazzini;NORMALE;P;200;300;L;1,5;2,1;L;
NORD-OVEST;PIEMONTE;TO;1001170;A1IL; ;G010;OGLIANICO;D;D1;TO00001209;8;Capannoni industriali;NORMALE;P;180;360;L;1,3;2,5;L;
NORD-OVEST;PIEMONTE;TO;1001171;A1IN; ;G087;ORBASSANO;B;B1;TO00000498;20;Abitazioni civili;NORMALE;P;1050;1550;L;5,4;8,1;L;
NORD-OVEST;PIEMONTE;TO;1001171;A1IN; ;G087;ORBASSANO;B;B1;TO00000498;21;Abitazioni di tipo economico;NORMALE;P;800;1200;L;4,8;7,2;L;
NORD-OVEST;PIEMONTE;TO;1001171;A1IN; ;G087;ORBASSANO;B;B1;TO00000498;13;Box;NORMALE;P;620;930;L;3,4;5,1;L;
NORD-OVEST;PIEMONTE;TO;1001171;A1IN; ;G087;ORBASSANO;B;B1;TO00000498;5;Negozi;NORMALE;P;800;1600;L;8;16;L;
NORD-OVEST;PIEMONTE;TO;1001171;A1IN; ;G087;ORBASSANO;B;B1;TO00000498;6;Uffici;NORMALE;P;720;1400;L;4,9;9,8;L;
NORD-OVEST;PIEMONTE;TO;1001171;A1IN; ;G087;ORBASSANO;C;C1;TO00001339;20;Abitazioni civili;OTTIMO; ;1550;2350;L;5,8;8,7;L;
NORD-OVEST;PIEMONTE;TO;1001171;A1IN; ;G087;ORBASSANO;C;C1;TO00001339;20;Abitazioni civili;NORMALE;P;1100;1650;L;4,4;6,6;L;
NORD-OVEST;PIEMONTE;TO;1001171;A1IN; ;G087;ORBASSANO;C;C1;TO00001339;21;Abitazioni di tipo economico;NORMALE;P;900;1350;L;4,5;6,8;L;
NORD-OVEST;PIEMONTE;TO;1001171;A1IN; ;G087;ORBASSANO;C;C1;TO00001339;13;Box;NORMALE;P;650;980;L;3,2;4,8;L;
NORD-OVEST;PIEMONTE;TO;1001171;A1IN; ;G087;ORBASSANO;C;C1;TO00001339;1;Ville e Villini;NORMALE;P;1150;1750;L;4,2;6,3;L;
NORD-OVEST;PIEMONTE;TO;1001171;A1IN; ;G087;ORBASSANO;C;C1;TO00001339;5;Negozi;NORMALE;P;780;1550;L;6,2;12,4;L;
NORD-OVEST;PIEMONTE;TO;1001171;A1IN; ;G087;ORBASSANO;C;C1;TO00001339;6;Uffici;NORMALE;P;680;1350;L;4,7;9,4;L;
NORD-OVEST;PIEMONTE;TO;1001171;A1IN; ;G087;ORBASSANO;C;C2;TO00001340;20;Abitazioni civili;NORMALE;P;1200;1750;L;5,8;8,7;L;
NORD-OVEST;PIEMONTE;TO;1001171;A1IN; ;G087;ORBASSANO;C;C2;TO00001340;21;Abitazioni di tipo economico;NORMALE;P;1000;1500;L;4,7;7,1;L;
NORD-OVEST;PIEMONTE;TO;1001171;A1IN; ;G087;ORBASSANO;C;C2;TO00001340;13;Box;NORMALE;P;660;990;L;3,3;4,9;L;
NORD-OVEST;PIEMONTE;TO;1001171;A1IN; ;G087;ORBASSANO;C;C2;TO00001340;1;Ville e Villini;NORMALE;P;1000;1500;L;3,9;5,8;L;
NORD-OVEST;PIEMONTE;TO;1001171;A1IN; ;G087;ORBASSANO;C;C2;TO00001340;6;Uffici;NORMALE;P;680;1350;L;4,7;9,4;L;
NORD-OVEST;PIEMONTE;TO;1001171;A1IN; ;G087;ORBASSANO;D;D4;TO00001342;20;Abitazioni civili;NORMALE;P;1150;1750;L;4,1;6,2;L;
NORD-OVEST;PIEMONTE;TO;1001171;A1IN; ;G087;ORBASSANO;D;D4;TO00001342;13;Box;NORMALE;P;620;930;L;3,3;5;L;
NORD-OVEST;PIEMONTE;TO;1001171;A1IN; ;G087;ORBASSANO;D;D4;TO00001342;8;Capannoni industriali;NORMALE;P;260;510;L;1,9;3,7;L;
NORD-OVEST;PIEMONTE;TO;1001171;A1IN; ;G087;ORBASSANO;E;E1;TO00003450;8;Capannoni industriali;NORMALE;P;260;520;L;1,9;3,8;L;
NORD-OVEST;PIEMONTE;TO;1001171;A1IN; ;G087;ORBASSANO;E;E2;TO00003451;9;Magazzini;NORMALE;P;450;670;L;2,5;3,8;L;
NORD-OVEST;PIEMONTE;TO;1001171;A1IN; ;G087;ORBASSANO;E;E2;TO00003451;6;Uffici;NORMALE;P;680;1350;L;4,4;8,8;L;
NORD-OVEST;PIEMONTE;TO;1001171;A1IN; ;G087;ORBASSANO;E;E2;TO00003451;8;Capannoni industriali;NORMALE;P;270;540;L;2;4;L;
NORD-OVEST;PIEMONTE;TO;1001171;A1IN; ;G087;ORBASSANO;E;E2;TO00003451;10;Laboratori;NORMALE;P;410;820;L;2,8;5,6;L;
NORD-OVEST;PIEMONTE;TO;1001172;A1IP; ;G109;ORIO CANAVESE;B;B1;TO00000500;20;Abitazioni civili;NORMALE;P;540;810;L;2,6;3,9;L;
NORD-OVEST;PIEMONTE;TO;1001172;A1IP; ;G109;ORIO CANAVESE;B;B1;TO00000500;21;Abitazioni di tipo economico;NORMALE;P;420;630;L;2,4;3,6;L;
NORD-OVEST;PIEMONTE;TO;1001172;A1IP; ;G109;ORIO CANAVESE;B;B1;TO00000500;13;Box;NORMALE;P;400;600;L;2,5;3,7;L;
NORD-OVEST;PIEMONTE;TO;1001172;A1IP; ;G109;ORIO CANAVESE;B;B1;TO00000500;9;Magazzini;NORMALE;P;280;420;L;1,7;2,5;L;
NORD-OVEST;PIEMONTE;TO;1001173;A1IQ; ;G151;OSASCO;B;B1;TO00000502;20;Abitazioni civili;NORMALE;P;830;1250;L;3,5;5,3;L;
NORD-OVEST;PIEMONTE;TO;1001173;A1IQ; ;G151;OSASCO;B;B1;TO00000502;21;Abitazioni di tipo economico;NORMALE;P;490;730;L;2,7;4,1;L;
NORD-OVEST;PIEMONTE;TO;1001173;A1IQ; ;G151;OSASCO;B;B1;TO00000502;13;Box;NORMALE;P;390;580;L;2,2;3,3;L;
NORD-OVEST;PIEMONTE;TO;1001173;A1IQ; ;G151;OSASCO;B;B1;TO00000502;1;Ville e Villini;NORMALE;P;550;840;L;2,6;3,9;L;
NORD-OVEST;PIEMONTE;TO;1001173;A1IQ; ;G151;OSASCO;B;B1;TO00000502;9;Magazzini;NORMALE;P;310;450;L;2;2,9;L;
NORD-OVEST;PIEMONTE;TO;1001173;A1IQ; ;G151;OSASCO;B;B1;TO00000502;5;Negozi;NORMALE;P;490;980;L;2,7;5,4;L;
NORD-OVEST;PIEMONTE;TO;1001174;A1IR; ;G152;OSASIO;B;B1;TO00000504;20;Abitazioni civili;NORMALE;P;640;960;L;3,3;4,9;L;
NORD-OVEST;PIEMONTE;TO;1001174;A1IR; ;G152;OSASIO;B;B1;TO00000504;21;Abitazioni di tipo economico;NORMALE;P;490;730;L;2,6;3,9;L;
NORD-OVEST;PIEMONTE;TO;1001174;A1IR; ;G152;OSASIO;B;B1;TO00000504;13;Box;NORMALE;P;440;660;L;2,3;3,4;L;
NORD-OVEST;PIEMONTE;TO;1001174;A1IR; ;G152;OSASIO;B;B1;TO00000504;1;Ville e Villini;NORMALE;P;670;1000;L;2,6;3,9;L;
NORD-OVEST;PIEMONTE;TO;1001174;A1IR; ;G152;OSASIO;B;B1;TO00000504;9;Magazzini;NORMALE;P;310;460;L;2;2,9;L;
NORD-OVEST;PIEMONTE;TO;1001174;A1IR; ;G152;OSASIO;B;B1;TO00000504;5;Negozi;NORMALE;P;430;860;L;3,1;6,2;L;
NORD-OVEST;PIEMONTE;TO;1001175;A1IS; ;G196;OULX;B;B1;TO00000510;20;Abitazioni civili;NORMALE;P;1200;1800;L;5,4;8,1;L;
NORD-OVEST;PIEMONTE;TO;1001175;A1IS; ;G196;OULX;B;B1;TO00000510;21;Abitazioni di tipo economico;NORMALE;P;900;1350;L;4,3;6,4;L;
NORD-OVEST;PIEMONTE;TO;1001175;A1IS; ;G196;OULX;B;B1;TO00000510;13;Box;NORMALE;P;930;1400;L;4,8;7,2;L;
NORD-OVEST;PIEMONTE;TO;1001175;A1IS; ;G196;OULX;B;B1;TO00000510;5;Negozi;NORMALE;P;950;1900;L;5,8;11,6;L;
NORD-OVEST;PIEMONTE;TO;1001175;A1IS; ;G196;OULX;B;B1;TO00000510;6;Uffici;NORMALE;P;950;1900;L;4,5;9;L;
NORD-OVEST;PIEMONTE;TO;1001175;A1IS; ;G196;OULX;D;D1;TO00002514;20;Abitazioni civili;NORMALE;P;1300;1950;L;5;7,5;L;
NORD-OVEST;PIEMONTE;TO;1001175;A1IS; ;G196;OULX;D;D1;TO00002514;20;Abitazioni civili;OTTIMO; ;1700;2550;L;6,1;9,1;L;
NORD-OVEST;PIEMONTE;TO;1001175;A1IS; ;G196;OULX;D;D1;TO00002514;21;Abitazioni di tipo economico;NORMALE;P;1000;1500;L;4,5;6,7;L;
NORD-OVEST;PIEMONTE;TO;1001175;A1IS; ;G196;OULX;D;D1;TO00002514;13;Box;NORMALE;P;730;1100;L;4,4;6,6;L;
NORD-OVEST;PIEMONTE;TO;1001175;A1IS; ;G196;OULX;D;D1;TO00002514;1;Ville e Villini;NORMALE;P;1350;2050;L;6,3;9,5;L;
NORD-OVEST;PIEMONTE;TO;1001175;A1IS; ;G196;OULX;D;D1;TO00002514;5;Negozi;NORMALE;P;880;1750;L;6;12;L;
NORD-OVEST;PIEMONTE;TO;1001175;A1IS; ;G196;OULX;D;D2;TO00002515;20;Abitazioni civili;NORMALE;P;1250;1850;L;4,9;7,3;L;
NORD-OVEST;PIEMONTE;TO;1001175;A1IS; ;G196;OULX;D;D2;TO00002515;20;Abitazioni civili;OTTIMO; ;1600;2400;L;6,2;9,3;L;
NORD-OVEST;PIEMONTE;TO;1001175;A1IS; ;G196;OULX;D;D2;TO00002515;21;Abitazioni di tipo economico;NORMALE;P;1100;1650;L;4,5;6,7;L;
NORD-OVEST;PIEMONTE;TO;1001175;A1IS; ;G196;OULX;D;D2;TO00002515;1;Ville e Villini;NORMALE;P;1200;1750;L;5,5;8,3;L;
NORD-OVEST;PIEMONTE;TO;1001175;A1IS; ;G196;OULX;D;D2;TO00002515;5;Negozi;NORMALE;P;880;1750;L;5,6;11,2;L;
NORD-OVEST;PIEMONTE;TO;1001175;A1IS; ;G196;OULX;E;E1;TO00000508;20;Abitazioni civili;NORMALE;P;1150;1700;L;5,4;8,1;L;
NORD-OVEST;PIEMONTE;TO;1001175;A1IS; ;G196;OULX;E;E1;TO00000508;13;Box;NORMALE;P;800;1200;L;4,6;6,9;L;
NORD-OVEST;PIEMONTE;TO;1001175;A1IS; ;G196;OULX;E;E2;TO00002513;20;Abitazioni civili;NORMALE;P;1000;1500;L;4,7;7,1;L;
NORD-OVEST;PIEMONTE;TO;1001175;A1IS; ;G196;OULX;E;E2;TO00002513;21;Abitazioni di tipo economico;NORMALE;P;970;1450;L;3,8;5,6;L;
NORD-OVEST;PIEMONTE;TO;1001175;A1IS; ;G196;OULX;E;E2;TO00002513;13;Box;NORMALE;P;700;1050;L;3,1;4,6;L;
NORD-OVEST;PIEMONTE;TO;1001175;A1IS; ;G196;OULX;E;E2;TO00002513;1;Ville e Villini;NORMALE;P;1150;1700;L;4,7;7,1;L;
NORD-OVEST;PIEMONTE;TO;1001176;A1IT; ;G202;OZEGNA;B;B1;TO00000513;20;Abitazioni civili;NORMALE;P;580;870;L;3,2;4,8;L;
NORD-OVEST;PIEMONTE;TO;1001176;A1IT; ;G202;OZEGNA;B;B1;TO00000513;21;Abitazioni di tipo economico;NORMALE;P;420;630;L;2,9;4,3;L;
NORD-OVEST;PIEMONTE;TO;1001176;A1IT; ;G202;OZEGNA;B;B1;TO00000513;13;Box;NORMALE;P;400;600;L;2,7;4;L;
NORD-OVEST;PIEMONTE;TO;1001176;A1IT; ;G202;OZEGNA;B;B1;TO00000513;9;Magazzini;NORMALE;P;270;410;L;1,7;2,5;L;
NORD-OVEST;PIEMONTE;TO;1001176;A1IT; ;G202;OZEGNA;B;B1;TO00000513;5;Negozi;NORMALE;P;430;860;L;3,4;6,8;L;
NORD-OVEST;PIEMONTE;TO;1001176;A1IT; ;G202;OZEGNA;B;B1;TO00000513;8;Capannoni industriali;NORMALE;P;170;340;L;1,3;2,6;L;
NORD-OVEST;PIEMONTE;TO;1001176;A1IT; ;G202;OZEGNA;B;B1;TO00000513;10;Laboratori;NORMALE;P;350;520;L;1,6;3,2;L;
NORD-OVEST;PIEMONTE;TO;1001177;A1IU; ;G262;PALAZZO CANAVESE;B;B1;TO00000515;20;Abitazioni civili;NORMALE;P;480;720;L;2,2;3,3;L;
NORD-OVEST;PIEMONTE;TO;1001177;A1IU; ;G262;PALAZZO CANAVESE;B;B1;TO00000515;21;Abitazioni di tipo economico;NORMALE;P;360;540;L;1,9;2,8;L;
NORD-OVEST;PIEMONTE;TO;1001177;A1IU; ;G262;PALAZZO CANAVESE;B;B1;TO00000515;13;Box;NORMALE;P;280;410;L;1,9;2,8;L;
NORD-OVEST;PIEMONTE;TO;1001177;A1IU; ;G262;PALAZZO CANAVESE;B;B1;TO00000515;1;Ville e Villini;NORMALE;P;560;840;L;2,3;3,3;L;
NORD-OVEST;PIEMONTE;TO;1001178;A1IW; ;G303;PANCALIERI;B;B1;TO00000517;20;Abitazioni civili;NORMALE;P;650;970;L;3;4,5;L;
NORD-OVEST;PIEMONTE;TO;1001178;A1IW; ;G303;PANCALIERI;B;B1;TO00000517;21;Abitazioni di tipo economico;NORMALE;P;550;830;L;2,4;3,6;L;
NORD-OVEST;PIEMONTE;TO;1001178;A1IW; ;G303;PANCALIERI;B;B1;TO00000517;13;Box;NORMALE;P;430;650;L;2,5;3,7;L;
NORD-OVEST;PIEMONTE;TO;1001178;A1IW; ;G303;PANCALIERI;B;B1;TO00000517;1;Ville e Villini;NORMALE;P;650;980;L;2,7;4;L;
NORD-OVEST;PIEMONTE;TO;1001178;A1IW; ;G303;PANCALIERI;B;B1;TO00000517;9;Magazzini;NORMALE;P;310;460;L;1,8;2,7;L;
NORD-OVEST;PIEMONTE;TO;1001178;A1IW; ;G303;PANCALIERI;B;B1;TO00000517;5;Negozi;NORMALE;P;440;880;L;3,3;6,6;L;
NORD-OVEST;PIEMONTE;TO;1001178;A1IW; ;G303;PANCALIERI;B;B1;TO00000517;6;Uffici;NORMALE;P;450;900;L;2,3;4,4;L;
NORD-OVEST;PIEMONTE;TO;1001178;A1IW; ;G303;PANCALIERI;B;B1;TO00000517;10;Laboratori;NORMALE;P;290;580;L;1,7;3,4;L;
NORD-OVEST;PIEMONTE;TO;1001179;A1IX; ;G330;PARELLA;B;B1;TO00000519;20;Abitazioni civili;NORMALE;P;460;690;L;2,7;4;L;
NORD-OVEST;PIEMONTE;TO;1001179;A1IX; ;G330;PARELLA;B;B1;TO00000519;21;Abitazioni di tipo economico;NORMALE;P;360;530;L;2;3;L;
NORD-OVEST;PIEMONTE;TO;1001179;A1IX; ;G330;PARELLA;B;B1;TO00000519;13;Box;NORMALE;P;270;400;L;1,9;2,8;L;
NORD-OVEST;PIEMONTE;TO;1001179;A1IX; ;G330;PARELLA;B;B1;TO00000519;9;Magazzini;NORMALE;P;180;260;L;1,1;1,5;L;
NORD-OVEST;PIEMONTE;TO;1001180;A1IY; ;G387;PAVAROLO;B;B1;TO00000521;20;Abitazioni civili;NORMALE;P;700;1050;L;3,4;5,1;L;
NORD-OVEST;PIEMONTE;TO;1001180;A1IY; ;G387;PAVAROLO;B;B1;TO00000521;21;Abitazioni di tipo economico;NORMALE;P;440;660;L;2,8;4,2;L;
NORD-OVEST;PIEMONTE;TO;1001180;A1IY; ;G387;PAVAROLO;B;B1;TO00000521;13;Box;NORMALE;P;390;590;L;2,3;3,4;L;
NORD-OVEST;PIEMONTE;TO;1001180;A1IY; ;G387;PAVAROLO;B;B1;TO00000521;1;Ville e Villini;NORMALE;P;760;1150;L;3,1;4,6;L;
NORD-OVEST;PIEMONTE;TO;1001180;A1IY; ;G387;PAVAROLO;B;B1;TO00000521;9;Magazzini;NORMALE;P;240;360;L;1,6;2,4;L;
NORD-OVEST;PIEMONTE;TO;1001181;A1IZ; ;G392;PAVONE CANAVESE;B;B1;TO00000523;21;Abitazioni di tipo economico;NORMALE;P;400;600;L;2,3;3,5;L;
NORD-OVEST;PIEMONTE;TO;1001181;A1IZ; ;G392;PAVONE CANAVESE;B;B1;TO00000523;13;Box;NORMALE;P;350;530;L;2,3;3,4;L;
NORD-OVEST;PIEMONTE;TO;1001181;A1IZ; ;G392;PAVONE CANAVESE;B;B1;TO00000523;5;Negozi;NORMALE;P;290;580;L;2,3;4,6;L;
NORD-OVEST;PIEMONTE;TO;1001181;A1IZ; ;G392;PAVONE CANAVESE;D;D1;TO00002516;20;Abitazioni civili;NORMALE;P;500;750;L;2,6;3,9;L;
NORD-OVEST;PIEMONTE;TO;1001181;A1IZ; ;G392;PAVONE CANAVESE;D;D1;TO00002516;21;Abitazioni di tipo economico;NORMALE;P;370;550;L;2,3;3,4;L;
NORD-OVEST;PIEMONTE;TO;1001181;A1IZ; ;G392;PAVONE CANAVESE;D;D1;TO00002516;13;Box;NORMALE;P;350;530;L;2,4;3,6;L;
NORD-OVEST;PIEMONTE;TO;1001181;A1IZ; ;G392;PAVONE CANAVESE;D;D1;TO00002516;1;Ville e Villini;NORMALE;P;520;780;L;2,5;3,7;L;
NORD-OVEST;PIEMONTE;TO;1001181;A1IZ; ;G392;PAVONE CANAVESE;D;D1;TO00002516;5;Negozi;NORMALE;P;350;700;L;2,3;4,6;L;
NORD-OVEST;PIEMONTE;TO;1001183;A1JB; ;G398;PECETTO TORINESE;B;B1;TO00000915;20;Abitazioni civili;OTTIMO; ;1600;2350;L;5,4;7,8;L;
NORD-OVEST;PIEMONTE;TO;1001183;A1JB; ;G398;PECETTO TORINESE;B;B1;TO00000915;20;Abitazioni civili;NORMALE;P;1100;1600;L;4,5;6,7;L;
NORD-OVEST;PIEMONTE;TO;1001183;A1JB; ;G398;PECETTO TORINESE;B;B1;TO00000915;1;Ville e Villini;NORMALE;P;1250;1850;L;3,9;5,9;L;
NORD-OVEST;PIEMONTE;TO;1001183;A1JB; ;G398;PECETTO TORINESE;B;B1;TO00000915;5;Negozi;NORMALE;P;700;1400;L;6;12;L;
NORD-OVEST;PIEMONTE;TO;1001183;A1JB; ;G398;PECETTO TORINESE;D;D1;TO00003630;20;Abitazioni civili;NORMALE;P;940;1400;L;3,7;5,6;L;
NORD-OVEST;PIEMONTE;TO;1001183;A1JB; ;G398;PECETTO TORINESE;D;D1;TO00003630;20;Abitazioni civili;OTTIMO; ;1300;1900;L;4,6;6,9;L;
NORD-OVEST;PIEMONTE;TO;1001183;A1JB; ;G398;PECETTO TORINESE;D;D1;TO00003630;13;Box;NORMALE;P;520;780;L;3,1;4,6;L;
NORD-OVEST;PIEMONTE;TO;1001183;A1JB; ;G398;PECETTO TORINESE;D;D1;TO00003630;9;Magazzini;NORMALE;P;390;580;L;2,4;3,6;L;
NORD-OVEST;PIEMONTE;TO;1001183;A1JB; ;G398;PECETTO TORINESE;D;D2;TO00003631;20;Abitazioni civili;NORMALE;P;930;1400;L;3,7;5,5;L;
NORD-OVEST;PIEMONTE;TO;1001183;A1JB; ;G398;PECETTO TORINESE;D;D2;TO00003631;1;Ville e Villini;NORMALE;P;1050;1600;L;4;6;L;
NORD-OVEST;PIEMONTE;TO;1001185;A1JC; ;G462;PEROSA CANAVESE;B;B1;TO00000530;20;Abitazioni civili;NORMALE;P;420;630;L;1,9;2,8;L;
NORD-OVEST;PIEMONTE;TO;1001185;A1JC; ;G462;PEROSA CANAVESE;B;B1;TO00000530;21;Abitazioni di tipo economico;NORMALE;P;310;460;L;1,7;2,5;L;
NORD-OVEST;PIEMONTE;TO;1001185;A1JC; ;G462;PEROSA CANAVESE;B;B1;TO00000530;13;Box;NORMALE;P;270;400;L;1,6;2,4;L;
NORD-OVEST;PIEMONTE;TO;1001185;A1JC; ;G462;PEROSA CANAVESE;B;B1;TO00000530;1;Ville e Villini;NORMALE;P;460;690;L;2,2;3,3;L;
NORD-OVEST;PIEMONTE;TO;1001185;A1JC; ;G462;PEROSA CANAVESE;B;B1;TO00000530;9;Magazzini;NORMALE;P;160;240;L;1;1,4;L;
NORD-OVEST;PIEMONTE;TO;1001184;A1JD; ;G463;PEROSA ARGENTINA;B;B1;TO00000534;20;Abitazioni civili;NORMALE;P;530;800;L;3;4,5;L;
NORD-OVEST;PIEMONTE;TO;1001184;A1JD; ;G463;PEROSA ARGENTINA;B;B1;TO00000534;21;Abitazioni di tipo economico;NORMALE;P;430;640;L;2,8;4,1;L;
NORD-OVEST;PIEMONTE;TO;1001184;A1JD; ;G463;PEROSA ARGENTINA;B;B1;TO00000534;13;Box;NORMALE;P;370;560;L;2,5;3,7;L;
NORD-OVEST;PIEMONTE;TO;1001184;A1JD; ;G463;PEROSA ARGENTINA;B;B1;TO00000534;1;Ville e Villini;NORMALE;P;620;920;L;2,8;4,2;L;
NORD-OVEST;PIEMONTE;TO;1001184;A1JD; ;G463;PEROSA ARGENTINA;B;B1;TO00000534;9;Magazzini;NORMALE;P;260;390;L;1,8;2,7;L;
NORD-OVEST;PIEMONTE;TO;1001184;A1JD; ;G463;PEROSA ARGENTINA;B;B1;TO00000534;5;Negozi;NORMALE;P;400;800;L;3,3;6,5;L;
NORD-OVEST;PIEMONTE;TO;1001184;A1JD; ;G463;PEROSA ARGENTINA;B;B1;TO00000534;6;Uffici;NORMALE;P;380;760;L;2,2;4,4;L;
NORD-OVEST;PIEMONTE;TO;1001184;A1JD; ;G463;PEROSA ARGENTINA;B;B1;TO00000534;8;Capannoni industriali;NORMALE;P;150;290;L;1,3;2,5;L;
NORD-OVEST;PIEMONTE;TO;1001184;A1JD; ;G463;PEROSA ARGENTINA;B;B1;TO00000534;10;Laboratori;NORMALE;P;360;550;L;1,9;3,8;L;
NORD-OVEST;PIEMONTE;TO;1001184;A1JD; ;G463;PEROSA ARGENTINA;E;E2;TO00001201;21;Abitazioni di tipo economico;NORMALE;P;380;560;L;2,4;3,5;L;
NORD-OVEST;PIEMONTE;TO;1001184;A1JD; ;G463;PEROSA ARGENTINA;E;E2;TO00001201;13;Box;NORMALE;P;370;560;L;2,5;3,7;L;
NORD-OVEST;PIEMONTE;TO;1001186;A1JE; ;G465;PERRERO;B;B1;TO00000536;20;Abitazioni civili;NORMALE;P;480;720;L;2,3;3,5;L;
NORD-OVEST;PIEMONTE;TO;1001186;A1JE; ;G465;PERRERO;B;B1;TO00000536;21;Abitazioni di tipo economico;NORMALE;P;390;580;L;1,8;2,7;L;
NORD-OVEST;PIEMONTE;TO;1001186;A1JE; ;G465;PERRERO;B;B1;TO00000536;13;Box;NORMALE;P;330;490;L;2;2,9;L;
NORD-OVEST;PIEMONTE;TO;1001186;A1JE; ;G465;PERRERO;B;B1;TO00000536;9;Magazzini;NORMALE;P;260;390;L;1,8;2,6;L;
NORD-OVEST;PIEMONTE;TO;1001186;A1JE; ;G465;PERRERO;B;B1;TO00000536;5;Negozi;NORMALE;P;400;800;L;2,7;5,4;L;
NORD-OVEST;PIEMONTE;TO;1001187;A1JF; ;G477;PERTUSIO;B;B1;TO00000538;20;Abitazioni civili;NORMALE;P;480;720;L;2,7;4;L;
NORD-OVEST;PIEMONTE;TO;1001187;A1JF; ;G477;PERTUSIO;B;B1;TO00000538;21;Abitazioni di tipo economico;NORMALE;P;410;610;L;2,2;3,3;L;
NORD-OVEST;PIEMONTE;TO;1001187;A1JF; ;G477;PERTUSIO;B;B1;TO00000538;13;Box;NORMALE;P;390;580;L;2,4;3,6;L;
NORD-OVEST;PIEMONTE;TO;1001187;A1JF; ;G477;PERTUSIO;B;B1;TO00000538;9;Magazzini;NORMALE;P;260;390;L;1,4;2,1;L;
NORD-OVEST;PIEMONTE;TO;1001188;A1JG; ;G505;PESSINETTO;B;B1;TO00000540;20;Abitazioni civili;NORMALE;P;400;600;L;2,4;3,6;L;
NORD-OVEST;PIEMONTE;TO;1001188;A1JG; ;G505;PESSINETTO;B;B1;TO00000540;21;Abitazioni di tipo economico;NORMALE;P;310;460;L;2,1;3,1;L;
NORD-OVEST;PIEMONTE;TO;1001188;A1JG; ;G505;PESSINETTO;B;B1;TO00000540;13;Box;NORMALE;P;280;420;L;1,8;2,7;L;
NORD-OVEST;PIEMONTE;TO;1001188;A1JG; ;G505;PESSINETTO;B;B1;TO00000540;9;Magazzini;NORMALE;P;190;280;L;1,5;2,1;L;
NORD-OVEST;PIEMONTE;TO;1001188;A1JG; ;G505;PESSINETTO;B;B1;TO00000540;5;Negozi;NORMALE;P;330;660;L;2,5;5;L;
NORD-OVEST;PIEMONTE;TO;1001188;A1JG; ;G505;PESSINETTO;B;B1;TO00000540;10;Laboratori;NORMALE;P;200;400;L;1,2;2,3;L;
NORD-OVEST;PIEMONTE;TO;1001189;A1JH; ;G559;PIANEZZA;B;B1;TO00000542;20;Abitazioni civili;NORMALE;P;1100;1650;L;5;7,5;L;
NORD-OVEST;PIEMONTE;TO;1001189;A1JH; ;G559;PIANEZZA;B;B1;TO00000542;20;Abitazioni civili;OTTIMO; ;1650;2450;L;7;10,5;L;
NORD-OVEST;PIEMONTE;TO;1001189;A1JH; ;G559;PIANEZZA;B;B1;TO00000542;21;Abitazioni di tipo economico;NORMALE;P;900;1350;L;4,9;7,4;L;
NORD-OVEST;PIEMONTE;TO;1001189;A1JH; ;G559;PIANEZZA;B;B1;TO00000542;13;Box;NORMALE;P;540;810;L;3,6;5,4;L;
NORD-OVEST;PIEMONTE;TO;1001189;A1JH; ;G559;PIANEZZA;B;B1;TO00000542;5;Negozi;NORMALE;P;580;1150;L;5,6;11,2;L;
NORD-OVEST;PIEMONTE;TO;1001189;A1JH; ;G559;PIANEZZA;C;C1;TO00001211;20;Abitazioni civili;OTTIMO; ;1750;2650;L;6,2;9,3;L;
NORD-OVEST;PIEMONTE;TO;1001189;A1JH; ;G559;PIANEZZA;C;C1;TO00001211;20;Abitazioni civili;NORMALE;P;1200;1800;L;4,4;6,6;L;
NORD-OVEST;PIEMONTE;TO;1001189;A1JH; ;G559;PIANEZZA;C;C1;TO00001211;21;Abitazioni di tipo economico;NORMALE;P;980;1450;L;4,3;6,4;L;
NORD-OVEST;PIEMONTE;TO;1001189;A1JH; ;G559;PIANEZZA;C;C1;TO00001211;13;Box;NORMALE;P;590;880;L;3,1;4,7;L;
NORD-OVEST;PIEMONTE;TO;1001189;A1JH; ;G559;PIANEZZA;C;C1;TO00001211;1;Ville e Villini;OTTIMO; ;1550;2350;L;4,6;6,9;L;
NORD-OVEST;PIEMONTE;TO;1001189;A1JH; ;G559;PIANEZZA;C;C1;TO00001211;1;Ville e Villini;NORMALE;P;1050;1550;L;3,2;4,8;L;
NORD-OVEST;PIEMONTE;TO;1001189;A1JH; ;G559;PIANEZZA;C;C1;TO00001211;5;Negozi;NORMALE;P;700;1400;L;5,3;10,1;L;
NORD-OVEST;PIEMONTE;TO;1001189;A1JH; ;G559;PIANEZZA;C;C1;TO00001211;6;Uffici;NORMALE;P;680;1350;L;3,9;7,8;L;
NORD-OVEST;PIEMONTE;TO;1001189;A1JH; ;G559;PIANEZZA;D;D1;TO00001212;20;Abitazioni civili;NORMALE;P;1350;2000;L;4,5;6,8;L;
NORD-OVEST;PIEMONTE;TO;1001189;A1JH; ;G559;PIANEZZA;D;D1;TO00001212;9;Magazzini;NORMALE;P;400;600;L;2,5;3,7;L;
NORD-OVEST;PIEMONTE;TO;1001189;A1JH; ;G559;PIANEZZA;D;D2;TO00001213;9;Magazzini;NORMALE;P;390;590;L;2,4;3,6;L;
NORD-OVEST;PIEMONTE;TO;1001189;A1JH; ;G559;PIANEZZA;D;D2;TO00001213;6;Uffici;NORMALE;P;560;1100;L;3,8;7,6;L;
NORD-OVEST;PIEMONTE;TO;1001189;A1JH; ;G559;PIANEZZA;D;D2;TO00001213;8;Capannoni industriali;NORMALE;P;220;420;L;1,7;3,4;L;
NORD-OVEST;PIEMONTE;TO;1001189;A1JH; ;G559;PIANEZZA;D;D2;TO00001213;10;Laboratori;NORMALE;P;400;790;L;2,6;5,2;L;
NORD-OVEST;PIEMONTE;TO;1001190;A1JJ; ;G672;PINASCA;B;B1;TO00000544;20;Abitazioni civili;NORMALE;P;530;800;L;2,9;4,3;L;
NORD-OVEST;PIEMONTE;TO;1001190;A1JJ; ;G672;PINASCA;B;B1;TO00000544;21;Abitazioni di tipo economico;NORMALE;P;430;650;L;2,2;3,3;L;
NORD-OVEST;PIEMONTE;TO;1001190;A1JJ; ;G672;PINASCA;B;B1;TO00000544;1;Ville e Villini;NORMALE;P;600;900;L;2,6;3,9;L;
NORD-OVEST;PIEMONTE;TO;1001190;A1JJ; ;G672;PINASCA;B;B1;TO00000544;5;Negozi;NORMALE;P;360;720;L;2,7;5,4;L;
NORD-OVEST;PIEMONTE;TO;1001190;A1JJ; ;G672;PINASCA;B;B1;TO00000544;6;Uffici;NORMALE;P;380;760;L;2,2;4,4;L;
NORD-OVEST;PIEMONTE;TO;1001191;A1JK; ;G674;PINEROLO;B;B1;TO00000567;20;Abitazioni civili;NORMALE;P;840;1250;L;5,4;8,1;L;
NORD-OVEST;PIEMONTE;TO;1001191;A1JK; ;G674;PINEROLO;B;B1;TO00000567;21;Abitazioni di tipo economico;NORMALE;P;700;1050;L;4,7;7,1;L;
NORD-OVEST;PIEMONTE;TO;1001191;A1JK; ;G674;PINEROLO;B;B1;TO00000567;13;Box;NORMALE;P;700;1050;L;3,2;4,8;L;
NORD-OVEST;PIEMONTE;TO;1001191;A1JK; ;G674;PINEROLO;B;B1;TO00000567;5;Negozi;NORMALE;P;650;1250;L;6,5;12,8;L;
NORD-OVEST;PIEMONTE;TO;1001191;A1JK; ;G674;PINEROLO;B;B1;TO00000567;6;Uffici;NORMALE;P;750;1500;L;4,4;8,6;L;
NORD-OVEST;PIEMONTE;TO;1001191;A1JK; ;G674;PINEROLO;C;C1;TO00000568;20;Abitazioni civili;NORMALE;P;850;1250;L;3,8;5,7;L;
NORD-OVEST;PIEMONTE;TO;1001191;A1JK; ;G674;PINEROLO;C;C1;TO00000568;20;Abitazioni civili;OTTIMO; ;1350;2000;L;5,6;8,4;L;
NORD-OVEST;PIEMONTE;TO;1001191;A1JK; ;G674;PINEROLO;C;C1;TO00000568;21;Abitazioni di tipo economico;NORMALE;P;700;1050;L;4,5;6,8;L;
NORD-OVEST;PIEMONTE;TO;1001191;A1JK; ;G674;PINEROLO;C;C1;TO00000568;13;Box;NORMALE;P;580;860;L;3,1;4,7;L;
NORD-OVEST;PIEMONTE;TO;1001191;A1JK; ;G674;PINEROLO;C;C1;TO00000568;1;Ville e Villini;NORMALE;P;1100;1650;L;3,6;5,4;L;
NORD-OVEST;PIEMONTE;TO;1001191;A1JK; ;G674;PINEROLO;C;C1;TO00000568;9;Magazzini;NORMALE;P;410;610;L;2,6;3,8;L;
NORD-OVEST;PIEMONTE;TO;1001191;A1JK; ;G674;PINEROLO;C;C1;TO00000568;5;Negozi;NORMALE;P;600;1200;L;5,3;10,6;L;
NORD-OVEST;PIEMONTE;TO;1001191;A1JK; ;G674;PINEROLO;C;C1;TO00000568;6;Uffici;NORMALE;P;680;1350;L;4,1;8,2;L;
NORD-OVEST;PIEMONTE;TO;1001191;A1JK; ;G674;PINEROLO;C;C1;TO00000568;10;Laboratori;NORMALE;P;320;640;L;2;3,9;L;
NORD-OVEST;PIEMONTE;TO;1001191;A1JK; ;G674;PINEROLO;D;D2;TO00000984;20;Abitazioni civili;NORMALE;P;1000;1500;L;4,2;6,3;L;
NORD-OVEST;PIEMONTE;TO;1001191;A1JK; ;G674;PINEROLO;D;D2;TO00000984;20;Abitazioni civili;OTTIMO; ;1300;1950;L;5,2;7,8;L;
NORD-OVEST;PIEMONTE;TO;1001191;A1JK; ;G674;PINEROLO;D;D2;TO00000984;21;Abitazioni di tipo economico;NORMALE;P;860;1300;L;4;6;L;
NORD-OVEST;PIEMONTE;TO;1001191;A1JK; ;G674;PINEROLO;D;D2;TO00000984;13;Box;NORMALE;P;520;780;L;2,7;4;L;
NORD-OVEST;PIEMONTE;TO;1001191;A1JK; ;G674;PINEROLO;D;D2;TO00000984;1;Ville e Villini;NORMALE;P;1050;1550;L;3,9;5,8;L;
NORD-OVEST;PIEMONTE;TO;1001191;A1JK; ;G674;PINEROLO;D;D2;TO00000984;9;Magazzini;NORMALE;P;410;610;L;2,6;3,9;L;
NORD-OVEST;PIEMONTE;TO;1001191;A1JK; ;G674;PINEROLO;D;D2;TO00000984;5;Negozi;NORMALE;P;490;980;L;4,6;9,2;L;
NORD-OVEST;PIEMONTE;TO;1001191;A1JK; ;G674;PINEROLO;D;D2;TO00000984;8;Capannoni industriali;NORMALE;P;260;510;L;2;4;L;
NORD-OVEST;PIEMONTE;TO;1001191;A1JK; ;G674;PINEROLO;D;D2;TO00000984;10;Laboratori;NORMALE;P;280;560;L;1,6;3,1;L;
NORD-OVEST;PIEMONTE;TO;1001191;A1JK; ;G674;PINEROLO;D;D3;TO00002116;20;Abitazioni civili;NORMALE;P;840;1250;L;4,7;7,1;L;
NORD-OVEST;PIEMONTE;TO;1001191;A1JK; ;G674;PINEROLO;D;D3;TO00002116;21;Abitazioni di tipo economico;NORMALE;P;730;1100;L;4,3;6,5;L;
NORD-OVEST;PIEMONTE;TO;1001191;A1JK; ;G674;PINEROLO;D;D3;TO00002116;13;Box;NORMALE;P;560;840;L;2,7;4;L;
NORD-OVEST;PIEMONTE;TO;1001191;A1JK; ;G674;PINEROLO;D;D3;TO00002116;1;Ville e Villini;NORMALE;P;1050;1600;L;4,1;6,1;L;
NORD-OVEST;PIEMONTE;TO;1001191;A1JK; ;G674;PINEROLO;D;D3;TO00002116;5;Negozi;NORMALE;P;530;1050;L;4,9;9,8;L;
NORD-OVEST;PIEMONTE;TO;1001191;A1JK; ;G674;PINEROLO;D;D3;TO00002116;6;Uffici;NORMALE;P;580;1150;L;3,6;7,2;L;
NORD-OVEST;PIEMONTE;TO;1001191;A1JK; ;G674;PINEROLO;E;E1;TO00000570;20;Abitazioni civili;OTTIMO; ;1450;2150;L;5,6;8,4;L;
NORD-OVEST;PIEMONTE;TO;1001191;A1JK; ;G674;PINEROLO;E;E1;TO00000570;20;Abitazioni civili;NORMALE;P;980;1450;L;3,8;5,7;L;
NORD-OVEST;PIEMONTE;TO;1001191;A1JK; ;G674;PINEROLO;E;E1;TO00000570;21;Abitazioni di tipo economico;NORMALE;P;700;1050;L;3,8;5,7;L;
NORD-OVEST;PIEMONTE;TO;1001191;A1JK; ;G674;PINEROLO;E;E1;TO00000570;13;Box;NORMALE;P;540;810;L;2,9;4,4;L;
NORD-OVEST;PIEMONTE;TO;1001191;A1JK; ;G674;PINEROLO;E;E1;TO00000570;1;Ville e Villini;NORMALE;P;970;1450;L;4,1;6,1;L;
NORD-OVEST;PIEMONTE;TO;1001191;A1JK; ;G674;PINEROLO;E;E1;TO00000570;9;Magazzini;NORMALE;P;300;450;L;1,8;2,6;L;
NORD-OVEST;PIEMONTE;TO;1001191;A1JK; ;G674;PINEROLO;E;E2;TO00000983;20;Abitazioni civili;NORMALE;P;950;1400;L;4,4;6,6;L;
NORD-OVEST;PIEMONTE;TO;1001191;A1JK; ;G674;PINEROLO;E;E2;TO00000983;21;Abitazioni di tipo economico;NORMALE;P;660;990;L;3,6;5,4;L;
NORD-OVEST;PIEMONTE;TO;1001191;A1JK; ;G674;PINEROLO;E;E2;TO00000983;13;Box;NORMALE;P;590;890;L;3,1;4,6;L;
NORD-OVEST;PIEMONTE;TO;1001191;A1JK; ;G674;PINEROLO;E;E2;TO00000983;1;Ville e Villini;NORMALE;P;930;1400;L;3,5;5,3;L;
NORD-OVEST;PIEMONTE;TO;1001191;A1JK; ;G674;PINEROLO;E;E2;TO00000983;9;Magazzini;NORMALE;P;280;410;L;1,7;2,6;L;
NORD-OVEST;PIEMONTE;TO;1001191;A1JK; ;G674;PINEROLO;E;E2;TO00000983;8;Capannoni industriali;NORMALE;P;260;500;L;2;3,9;L;
NORD-OVEST;PIEMONTE;TO;1001192;A1JL; ;G678;PINO TORINESE;B;B1;TO00000918;20;Abitazioni civili;NORMALE; ;930;1400;L;4,3;6,4;L;
NORD-OVEST;PIEMONTE;TO;1001192;A1JL; ;G678;PINO TORINESE;B;B1;TO00000918;20;Abitazioni civili;OTTIMO;P;1400;2100;L;6;9;L;
NORD-OVEST;PIEMONTE;TO;1001192;A1JL; ;G678;PINO TORINESE;B;B1;TO00000918;21;Abitazioni di tipo economico;NORMALE;P;870;1300;L;4,5;6,7;L;
NORD-OVEST;PIEMONTE;TO;1001192;A1JL; ;G678;PINO TORINESE;B;B1;TO00000918;13;Box;NORMALE;P;560;840;L;3;4,5;L;
NORD-OVEST;PIEMONTE;TO;1001192;A1JL; ;G678;PINO TORINESE;B;B1;TO00000918;1;Ville e Villini;NORMALE;P;1100;1600;L;4,8;7,2;L;
NORD-OVEST;PIEMONTE;TO;1001192;A1JL; ;G678;PINO TORINESE;D;D1;TO00002118;20;Abitazioni civili;NORMALE;P;950;1400;L;4,1;6,2;L;
NORD-OVEST;PIEMONTE;TO;1001192;A1JL; ;G678;PINO TORINESE;D;D1;TO00002118;20;Abitazioni civili;OTTIMO; ;1350;2000;L;6,5;9,8;L;
NORD-OVEST;PIEMONTE;TO;1001192;A1JL; ;G678;PINO TORINESE;D;D1;TO00002118;21;Abitazioni di tipo economico;NORMALE;P;910;1350;L;4;6;L;
NORD-OVEST;PIEMONTE;TO;1001192;A1JL; ;G678;PINO TORINESE;D;D1;TO00002118;9;Magazzini;NORMALE;P;410;610;L;2,8;4,2;L;
NORD-OVEST;PIEMONTE;TO;1001192;A1JL; ;G678;PINO TORINESE;E;E3;TO00002119;20;Abitazioni civili;NORMALE;P;1050;1600;L;4,7;7;L;
NORD-OVEST;PIEMONTE;TO;1001192;A1JL; ;G678;PINO TORINESE;E;E3;TO00002119;21;Abitazioni di tipo economico;NORMALE;P;900;1350;L;4,3;6,4;L;
NORD-OVEST;PIEMONTE;TO;1001192;A1JL; ;G678;PINO TORINESE;E;E3;TO00002119;9;Magazzini;NORMALE;P;410;610;L;2,7;4,1;L;
NORD-OVEST;PIEMONTE;TO;1001193;A1JM; ;G684;PIOBESI TORINESE;B;B1;TO00000575;21;Abitazioni di tipo economico;NORMALE;P;740;1100;L;4;6;L;
NORD-OVEST;PIEMONTE;TO;1001193;A1JM; ;G684;PIOBESI TORINESE;B;B1;TO00000575;13;Box;NORMALE;P;520;780;L;2,9;4,4;L;
NORD-OVEST;PIEMONTE;TO;1001193;A1JM; ;G684;PIOBESI TORINESE;B;B1;TO00000575;5;Negozi;NORMALE;P;540;1050;L;5,5;10,4;L;
NORD-OVEST;PIEMONTE;TO;1001193;A1JM; ;G684;PIOBESI TORINESE;B;B1;TO00000575;6;Uffici;NORMALE;P;620;1100;L;3,7;7,2;L;
NORD-OVEST;PIEMONTE;TO;1001193;A1JM; ;G684;PIOBESI TORINESE;C;C1;TO00001379;20;Abitazioni civili;NORMALE;P;980;1450;L;4,1;6,2;L;
NORD-OVEST;PIEMONTE;TO;1001193;A1JM; ;G684;PIOBESI TORINESE;C;C1;TO00001379;20;Abitazioni civili;OTTIMO; ;1200;1800;L;5,2;7,8;L;
NORD-OVEST;PIEMONTE;TO;1001193;A1JM; ;G684;PIOBESI TORINESE;C;C1;TO00001379;21;Abitazioni di tipo economico;OTTIMO; ;910;1350;L;4,2;6,2;L;
NORD-OVEST;PIEMONTE;TO;1001193;A1JM; ;G684;PIOBESI TORINESE;C;C1;TO00001379;21;Abitazioni di tipo economico;NORMALE;P;590;880;L;3,3;4,8;L;
NORD-OVEST;PIEMONTE;TO;1001193;A1JM; ;G684;PIOBESI TORINESE;C;C1;TO00001379;13;Box;NORMALE;P;550;830;L;2,9;4,3;L;
NORD-OVEST;PIEMONTE;TO;1001193;A1JM; ;G684;PIOBESI TORINESE;C;C1;TO00001379;1;Ville e Villini;OTTIMO; ;1200;1750;L;4;5,9;L;
NORD-OVEST;PIEMONTE;TO;1001193;A1JM; ;G684;PIOBESI TORINESE;C;C1;TO00001379;1;Ville e Villini;NORMALE;P;970;1450;L;3,6;5,4;L;
NORD-OVEST;PIEMONTE;TO;1001193;A1JM; ;G684;PIOBESI TORINESE;D;D1;TO00001380;8;Capannoni industriali;NORMALE;P;270;540;L;1,9;3,7;L;
NORD-OVEST;PIEMONTE;TO;1001194;A1JN; ;G691;PIOSSASCO;B;B1;TO00000959;20;Abitazioni civili;NORMALE;P;1000;1500;L;4,7;7;L;
NORD-OVEST;PIEMONTE;TO;1001194;A1JN; ;G691;PIOSSASCO;B;B1;TO00000959;21;Abitazioni di tipo economico;NORMALE;P;800;1150;L;4;6;L;
NORD-OVEST;PIEMONTE;TO;1001194;A1JN; ;G691;PIOSSASCO;B;B1;TO00000959;13;Box;NORMALE;P;570;850;L;3,3;4,9;L;
NORD-OVEST;PIEMONTE;TO;1001194;A1JN; ;G691;PIOSSASCO;B;B1;TO00000959;5;Negozi;NORMALE;P;700;1350;L;5,4;10,8;L;
NORD-OVEST;PIEMONTE;TO;1001194;A1JN; ;G691;PIOSSASCO;B;B1;TO00000959;6;Uffici;NORMALE;P;700;1400;L;3,8;7,6;L;
NORD-OVEST;PIEMONTE;TO;1001194;A1JN; ;G691;PIOSSASCO;D;D1;TO00000960;20;Abitazioni civili;NORMALE;P;1050;1550;L;4,9;7,4;L;
NORD-OVEST;PIEMONTE;TO;1001194;A1JN; ;G691;PIOSSASCO;D;D1;TO00000960;21;Abitazioni di tipo economico;NORMALE;P;700;1050;L;4;5,8;L;
NORD-OVEST;PIEMONTE;TO;1001194;A1JN; ;G691;PIOSSASCO;D;D1;TO00000960;13;Box;NORMALE;P;550;820;L;3,2;4,8;L;
NORD-OVEST;PIEMONTE;TO;1001194;A1JN; ;G691;PIOSSASCO;D;D1;TO00000960;9;Magazzini;NORMALE;P;410;600;L;3,6;5,4;L;
NORD-OVEST;PIEMONTE;TO;1001194;A1JN; ;G691;PIOSSASCO;D;D1;TO00000960;8;Capannoni industriali;NORMALE;P;190;380;L;1,6;3,2;L;
NORD-OVEST;PIEMONTE;TO;1001194;A1JN; ;G691;PIOSSASCO;D;D1;TO00000960;10;Laboratori;NORMALE;P;490;980;L;2,9;5,1;L;
NORD-OVEST;PIEMONTE;TO;1001195;A1JP; ;G705;PISCINA;B;B1;TO00000579;20;Abitazioni civili;NORMALE;P;730;1100;L;3,7;5,5;L;
NORD-OVEST;PIEMONTE;TO;1001195;A1JP; ;G705;PISCINA;B;B1;TO00000579;20;Abitazioni civili;OTTIMO; ;1050;1600;L;4,7;7;L;
NORD-OVEST;PIEMONTE;TO;1001195;A1JP; ;G705;PISCINA;B;B1;TO00000579;21;Abitazioni di tipo economico;NORMALE;P;600;900;L;3,4;5;L;
NORD-OVEST;PIEMONTE;TO;1001195;A1JP; ;G705;PISCINA;B;B1;TO00000579;13;Box;NORMALE;P;490;730;L;2,9;4,3;L;
NORD-OVEST;PIEMONTE;TO;1001195;A1JP; ;G705;PISCINA;B;B1;TO00000579;9;Magazzini;NORMALE;P;290;440;L;2,2;3,3;L;
NORD-OVEST;PIEMONTE;TO;1001195;A1JP; ;G705;PISCINA;B;B1;TO00000579;5;Negozi;NORMALE;P;530;1050;L;3,5;7;L;
NORD-OVEST;PIEMONTE;TO;1001195;A1JP; ;G705;PISCINA;B;B1;TO00000579;8;Capannoni industriali;NORMALE;P;230;450;L;1,7;3,2;L;
NORD-OVEST;PIEMONTE;TO;1001195;A1JP; ;G705;PISCINA;B;B1;TO00000579;10;Laboratori;NORMALE;P;320;640;L;1,9;3,7;L;
NORD-OVEST;PIEMONTE;TO;1001196;A1JQ; ;G719;PIVERONE;B;B1;TO00000581;21;Abitazioni di tipo economico;NORMALE;P;300;450;L;1,9;2,8;L;
NORD-OVEST;PIEMONTE;TO;1001196;A1JQ; ;G719;PIVERONE;B;B1;TO00000581;13;Box;NORMALE;P;290;440;L;1,9;2,8;L;
NORD-OVEST;PIEMONTE;TO;1001196;A1JQ; ;G719;PIVERONE;B;B1;TO00000581;5;Negozi;NORMALE;P;310;620;L;2,2;4,4;L;
NORD-OVEST;PIEMONTE;TO;1001196;A1JQ; ;G719;PIVERONE;D;D1;TO00002518;9;Magazzini;NORMALE;P;180;270;L;1,2;1,7;L;
NORD-OVEST;PIEMONTE;TO;1001196;A1JQ; ;G719;PIVERONE;D;D1;TO00002518;8;Capannoni industriali;NORMALE;P;140;270;L;1;1,9;L;
NORD-OVEST;PIEMONTE;TO;1001197;A1JR; ;G777;POIRINO;B;B1;TO00000968;20;Abitazioni civili;NORMALE;P;870;1300;L;4,4;6,6;L;
NORD-OVEST;PIEMONTE;TO;1001197;A1JR; ;G777;POIRINO;B;B1;TO00000968;21;Abitazioni di tipo economico;NORMALE;P;580;880;L;3,7;5,6;L;
NORD-OVEST;PIEMONTE;TO;1001197;A1JR; ;G777;POIRINO;B;B1;TO00000968;13;Box;NORMALE;P;510;760;L;2,8;4,2;L;
NORD-OVEST;PIEMONTE;TO;1001197;A1JR; ;G777;POIRINO;B;B1;TO00000968;5;Negozi;NORMALE;P;650;1300;L;4,9;9,8;L;
NORD-OVEST;PIEMONTE;TO;1001197;A1JR; ;G777;POIRINO;B;B1;TO00000968;6;Uffici;NORMALE;P;630;1250;L;3,4;6,8;L;
NORD-OVEST;PIEMONTE;TO;1001197;A1JR; ;G777;POIRINO;C;C1;TO00000583;20;Abitazioni civili;NORMALE;P;930;1400;L;4,1;6,1;L;
NORD-OVEST;PIEMONTE;TO;1001197;A1JR; ;G777;POIRINO;C;C1;TO00000583;13;Box;NORMALE;P;520;780;L;3,1;4,7;L;
NORD-OVEST;PIEMONTE;TO;1001197;A1JR; ;G777;POIRINO;D;D1;TO00000969;20;Abitazioni civili;NORMALE;P;800;1200;L;3,7;5,6;L;
NORD-OVEST;PIEMONTE;TO;1001197;A1JR; ;G777;POIRINO;D;D1;TO00000969;13;Box;NORMALE;P;490;730;L;3,1;4,7;L;
NORD-OVEST;PIEMONTE;TO;1001197;A1JR; ;G777;POIRINO;D;D1;TO00000969;9;Magazzini;NORMALE;P;340;510;L;2,4;3,5;L;
NORD-OVEST;PIEMONTE;TO;1001197;A1JR; ;G777;POIRINO;D;D1;TO00000969;8;Capannoni industriali;NORMALE;P;240;470;L;1,9;3,6;L;
NORD-OVEST;PIEMONTE;TO;1001197;A1JR; ;G777;POIRINO;D;D1;TO00000969;10;Laboratori;NORMALE;P;280;520;L;1,4;2,8;L;
NORD-OVEST;PIEMONTE;TO;1001197;A1JR; ;G777;POIRINO;E;E1;TO00003650;20;Abitazioni civili;NORMALE;P;870;1300;L;3,1;4,7;L;
NORD-OVEST;PIEMONTE;TO;1001197;A1JR; ;G777;POIRINO;E;E1;TO00003650;13;Box;NORMALE;P;510;770;L;3;4,5;L;
NORD-OVEST;PIEMONTE;TO;1001197;A1JR; ;G777;POIRINO;E;E1;TO00003650;1;Ville e Villini;NORMALE;P;940;1400;L;3,2;4,8;L;
NORD-OVEST;PIEMONTE;TO;1001198;A1JS; ;G805;POMARETTO;B;B1;TO00000585;20;Abitazioni civili;NORMALE;P;530;790;L;2,9;4,3;L;
NORD-OVEST;PIEMONTE;TO;1001198;A1JS; ;G805;POMARETTO;B;B1;TO00000585;21;Abitazioni di tipo economico;NORMALE;P;390;580;L;2,2;3,3;L;
NORD-OVEST;PIEMONTE;TO;1001198;A1JS; ;G805;POMARETTO;B;B1;TO00000585;13;Box;NORMALE;P;400;600;L;2,2;3,3;L;
NORD-OVEST;PIEMONTE;TO;1001198;A1JS; ;G805;POMARETTO;B;B1;TO00000585;1;Ville e Villini;NORMALE;P;620;920;L;2,7;4;L;
NORD-OVEST;PIEMONTE;TO;1001198;A1JS; ;G805;POMARETTO;B;B1;TO00000585;9;Magazzini;NORMALE;P;240;360;L;1,7;2,6;L;
NORD-OVEST;PIEMONTE;TO;1001198;A1JS; ;G805;POMARETTO;B;B1;TO00000585;5;Negozi;NORMALE;P;400;780;L;3,3;6,4;L;
NORD-OVEST;PIEMONTE;TO;1001198;A1JS; ;G805;POMARETTO;B;B1;TO00000585;8;Capannoni industriali;NORMALE;P;150;300;L;1,3;2,6;L;
NORD-OVEST;PIEMONTE;TO;1001198;A1JS; ;G805;POMARETTO;B;B1;TO00000585;10;Laboratori;NORMALE;P;360;550;L;2;3,4;L;
NORD-OVEST;PIEMONTE;TO;1001199;A1JT; ;G826;PONT CANAVESE;B;B1;TO00000971;20;Abitazioni civili;NORMALE;P;450;670;L;2,6;3,9;L;
NORD-OVEST;PIEMONTE;TO;1001199;A1JT; ;G826;PONT CANAVESE;B;B1;TO00000971;21;Abitazioni di tipo economico;NORMALE;P;350;520;L;2,4;3,4;L;
NORD-OVEST;PIEMONTE;TO;1001199;A1JT; ;G826;PONT CANAVESE;B;B1;TO00000971;13;Box;NORMALE;P;340;510;L;2;3;L;
NORD-OVEST;PIEMONTE;TO;1001199;A1JT; ;G826;PONT CANAVESE;B;B1;TO00000971;5;Negozi;NORMALE;P;400;800;L;3,1;6,2;L;
NORD-OVEST;PIEMONTE;TO;1001199;A1JT; ;G826;PONT CANAVESE;D;D1;TO00002519;20;Abitazioni civili;NORMALE;P;430;650;L;2,5;3,7;L;
NORD-OVEST;PIEMONTE;TO;1001199;A1JT; ;G826;PONT CANAVESE;D;D1;TO00002519;21;Abitazioni di tipo economico;NORMALE;P;350;520;L;2,1;3,2;L;
NORD-OVEST;PIEMONTE;TO;1001199;A1JT; ;G826;PONT CANAVESE;D;D1;TO00002519;13;Box;NORMALE;P;340;510;L;2;3;L;
NORD-OVEST;PIEMONTE;TO;1001199;A1JT; ;G826;PONT CANAVESE;D;D1;TO00002519;9;Magazzini;NORMALE;P;240;360;L;1,6;2,4;L;
NORD-OVEST;PIEMONTE;TO;1001199;A1JT; ;G826;PONT CANAVESE;D;D1;TO00002519;8;Capannoni industriali;NORMALE;P;200;380;L;1,3;2,4;L;
NORD-OVEST;PIEMONTE;TO;1001199;A1JT; ;G826;PONT CANAVESE;D;D1;TO00002519;10;Laboratori;NORMALE;P;240;480;L;1,5;3;L;
NORD-OVEST;PIEMONTE;TO;1001199;A1JT; ;G826;PONT CANAVESE;E;E1;TO00000972;20;Abitazioni civili;NORMALE;P;410;610;L;2,2;3,3;L;
NORD-OVEST;PIEMONTE;TO;1001200;A1JU; ;G900;PORTE;B;B1;TO00000590;20;Abitazioni civili;NORMALE;P;610;910;L;3,2;4,8;L;
NORD-OVEST;PIEMONTE;TO;1001200;A1JU; ;G900;PORTE;B;B1;TO00000590;21;Abitazioni di tipo economico;NORMALE;P;460;690;L;2,6;3,8;L;
NORD-OVEST;PIEMONTE;TO;1001200;A1JU; ;G900;PORTE;B;B1;TO00000590;13;Box;NORMALE;P;440;650;L;2,6;3,9;L;
NORD-OVEST;PIEMONTE;TO;1001200;A1JU; ;G900;PORTE;B;B1;TO00000590;1;Ville e Villini;NORMALE;P;750;1100;L;3;4,5;L;
NORD-OVEST;PIEMONTE;TO;1001200;A1JU; ;G900;PORTE;B;B1;TO00000590;9;Magazzini;NORMALE;P;290;430;L;2;3;L;
NORD-OVEST;PIEMONTE;TO;1001200;A1JU; ;G900;PORTE;B;B1;TO00000590;5;Negozi;NORMALE;P;360;700;L;3,3;6,6;L;
NORD-OVEST;PIEMONTE;TO;1001201;A1JV; ;G973;PRAGELATO;B;B1;TO00000593;20;Abitazioni civili;NORMALE;P;1300;1950;L;4,9;7,4;L;
NORD-OVEST;PIEMONTE;TO;1001201;A1JV; ;G973;PRAGELATO;B;B1;TO00000593;21;Abitazioni di tipo economico;NORMALE;P;970;1450;L;4,3;6,4;L;
NORD-OVEST;PIEMONTE;TO;1001201;A1JV; ;G973;PRAGELATO;B;B1;TO00000593;13;Box;NORMALE;P;730;1100;L;4;6;L;
NORD-OVEST;PIEMONTE;TO;1001201;A1JV; ;G973;PRAGELATO;B;B1;TO00000593;1;Ville e Villini;NORMALE;P;1350;2000;L;4,6;6,9;L;
NORD-OVEST;PIEMONTE;TO;1001201;A1JV; ;G973;PRAGELATO;B;B1;TO00000593;9;Magazzini;NORMALE;P;420;630;L;3,5;5,2;L;
NORD-OVEST;PIEMONTE;TO;1001201;A1JV; ;G973;PRAGELATO;B;B1;TO00000593;5;Negozi;NORMALE;P;650;1300;L;4,8;9,6;L;
NORD-OVEST;PIEMONTE;TO;1001201;A1JV; ;G973;PRAGELATO;B;B1;TO00000593;6;Uffici;NORMALE;P;700;1400;L;3,8;7,6;L;
NORD-OVEST;PIEMONTE;TO;1001201;A1JV; ;G973;PRAGELATO;B;B1;TO00000593;10;Laboratori;NORMALE;P;530;790;L;2,4;4,8;L;
NORD-OVEST;PIEMONTE;TO;1001201;A1JV; ;G973;PRAGELATO;E;E1;TO00003670;20;Abitazioni civili;NORMALE;P;1600;2400;L;4,4;6,6;L;
NORD-OVEST;PIEMONTE;TO;1001201;A1JV; ;G973;PRAGELATO;E;E1;TO00003670;13;Box;NORMALE;P;770;1150;L;4;6;L;
NORD-OVEST;PIEMONTE;TO;1001202;A1JW; ;G978;PRALI;B;B1;TO00000596;20;Abitazioni civili;NORMALE;P;1050;1550;L;4,4;6,6;L;
NORD-OVEST;PIEMONTE;TO;1001202;A1JW; ;G978;PRALI;B;B1;TO00000596;13;Box;NORMALE;P;570;850;L;3,4;5,1;L;
NORD-OVEST;PIEMONTE;TO;1001202;A1JW; ;G978;PRALI;B;B1;TO00000596;9;Magazzini;NORMALE;P;240;360;L;1,8;2,7;L;
NORD-OVEST;PIEMONTE;TO;1001202;A1JW; ;G978;PRALI;B;B1;TO00000596;5;Negozi;NORMALE;P;530;1050;L;4,1;8,2;L;
NORD-OVEST;PIEMONTE;TO;1001203;A1JX; ;G979;PRALORMO;B;B1;TO00000598;20;Abitazioni civili;NORMALE;P;700;1050;L;3,7;5,6;L;
NORD-OVEST;PIEMONTE;TO;1001203;A1JX; ;G979;PRALORMO;B;B1;TO00000598;21;Abitazioni di tipo economico;NORMALE;P;560;840;L;3;4,5;L;
NORD-OVEST;PIEMONTE;TO;1001203;A1JX; ;G979;PRALORMO;B;B1;TO00000598;13;Box;NORMALE;P;440;650;L;3,2;4,8;L;
NORD-OVEST;PIEMONTE;TO;1001203;A1JX; ;G979;PRALORMO;B;B1;TO00000598;9;Magazzini;NORMALE;P;280;420;L;2;3;L;
NORD-OVEST;PIEMONTE;TO;1001203;A1JX; ;G979;PRALORMO;B;B1;TO00000598;5;Negozi;NORMALE;P;400;800;L;3,3;6,6;L;
NORD-OVEST;PIEMONTE;TO;1001204;A1JY; ;G982;PRAMOLLO;B;B1;TO00000599;21;Abitazioni di tipo economico;NORMALE;P;350;530;L;2;3;L;
NORD-OVEST;PIEMONTE;TO;1001204;A1JY; ;G982;PRAMOLLO;B;B1;TO00000599;9;Magazzini;NORMALE;P;230;340;L;1,6;2,3;L;
NORD-OVEST;PIEMONTE;TO;1001205;A1JZ; ;G986;PRAROSTINO;B;B1;TO00000603;20;Abitazioni civili;NORMALE;P;700;1050;L;2,8;4,2;L;
NORD-OVEST;PIEMONTE;TO;1001205;A1JZ; ;G986;PRAROSTINO;B;B1;TO00000603;21;Abitazioni di tipo economico;NORMALE;P;460;690;L;2,1;3,1;L;
NORD-OVEST;PIEMONTE;TO;1001205;A1JZ; ;G986;PRAROSTINO;B;B1;TO00000603;13;Box;NORMALE;P;420;630;L;2,6;3,8;L;
NORD-OVEST;PIEMONTE;TO;1001205;A1JZ; ;G986;PRAROSTINO;B;B1;TO00000603;1;Ville e Villini;NORMALE;P;800;1200;L;2,6;3,8;L;
NORD-OVEST;PIEMONTE;TO;1001205;A1JZ; ;G986;PRAROSTINO;B;B1;TO00000603;9;Magazzini;NORMALE;P;250;370;L;1,6;2,3;L;
NORD-OVEST;PIEMONTE;TO;1001206;A1KA; ;G988;PRASCORSANO;B;B1;TO00000605;20;Abitazioni civili;NORMALE;P;490;730;L;2,6;3,8;L;
NORD-OVEST;PIEMONTE;TO;1001206;A1KA; ;G988;PRASCORSANO;B;B1;TO00000605;21;Abitazioni di tipo economico;NORMALE;P;390;580;L;1,9;2,8;L;
NORD-OVEST;PIEMONTE;TO;1001206;A1KA; ;G988;PRASCORSANO;B;B1;TO00000605;13;Box;NORMALE;P;370;550;L;2,3;3,5;L;
NORD-OVEST;PIEMONTE;TO;1001206;A1KA; ;G988;PRASCORSANO;B;B1;TO00000605;9;Magazzini;NORMALE;P;280;420;L;1,7;2,5;L;
NORD-OVEST;PIEMONTE;TO;1001207;A1KB; ;G997;PRATIGLIONE;B;B1;TO00000606;20;Abitazioni civili;NORMALE;P;490;730;L;2,3;3,5;L;
NORD-OVEST;PIEMONTE;TO;1001207;A1KB; ;G997;PRATIGLIONE;B;B1;TO00000606;21;Abitazioni di tipo economico;NORMALE;P;390;580;L;1,9;2,8;L;
NORD-OVEST;PIEMONTE;TO;1001207;A1KB; ;G997;PRATIGLIONE;B;B1;TO00000606;13;Box;NORMALE;P;360;530;L;2,1;3,2;L;
NORD-OVEST;PIEMONTE;TO;1001207;A1KB; ;G997;PRATIGLIONE;B;B1;TO00000606;9;Magazzini;NORMALE;P;290;440;L;1,8;2,6;L;
NORD-OVEST;PIEMONTE;TO;1001208;A1KD; ;H100;QUAGLIUZZO;B;B1;TO00000608;20;Abitazioni civili;NORMALE;P;420;630;L;2,4;3,5;L;
NORD-OVEST;PIEMONTE;TO;1001208;A1KD; ;H100;QUAGLIUZZO;B;B1;TO00000608;21;Abitazioni di tipo economico;NORMALE;P;320;480;L;1,9;2,9;L;
NORD-OVEST;PIEMONTE;TO;1001208;A1KD; ;H100;QUAGLIUZZO;B;B1;TO00000608;13;Box;NORMALE;P;270;400;L;1,7;2,5;L;
NORD-OVEST;PIEMONTE;TO;1001208;A1KD; ;H100;QUAGLIUZZO;B;B1;TO00000608;9;Magazzini;NORMALE;P;180;260;L;1,1;1,5;L;
NORD-OVEST;PIEMONTE;TO;1001209;A1KE; ;H120;QUASSOLO;B;B1;TO00000611;21;Abitazioni di tipo economico;NORMALE;P;350;500;L;1,8;2,7;L;
NORD-OVEST;PIEMONTE;TO;1001209;A1KE; ;H120;QUASSOLO;B;B1;TO00000611;13;Box;NORMALE;P;270;400;L;1,9;2,7;L;
NORD-OVEST;PIEMONTE;TO;1001209;A1KE; ;H120;QUASSOLO;B;B1;TO00000611;9;Magazzini;NORMALE;P;180;260;L;1,1;1,5;L;
NORD-OVEST;PIEMONTE;TO;1001210;A1KF; ;H127;QUINCINETTO;B;B1;TO00000613;20;Abitazioni civili;NORMALE;P;470;700;L;2,6;3,8;L;
NORD-OVEST;PIEMONTE;TO;1001210;A1KF; ;H127;QUINCINETTO;B;B1;TO00000613;21;Abitazioni di tipo economico;NORMALE;P;340;500;L;2,1;3,1;L;
NORD-OVEST;PIEMONTE;TO;1001210;A1KF; ;H127;QUINCINETTO;B;B1;TO00000613;13;Box;NORMALE;P;270;400;L;1,8;2,7;L;
NORD-OVEST;PIEMONTE;TO;1001210;A1KF; ;H127;QUINCINETTO;B;B1;TO00000613;9;Magazzini;NORMALE;P;170;250;L;1,2;1,6;L;
NORD-OVEST;PIEMONTE;TO;1001210;A1KF; ;H127;QUINCINETTO;B;B1;TO00000613;5;Negozi;NORMALE;P;280;560;L;1,8;3,6;L;
NORD-OVEST;PIEMONTE;TO;1001210;A1KF; ;H127;QUINCINETTO;B;B1;TO00000613;10;Laboratori;NORMALE;P;150;300;L;,9;1,8;L;
NORD-OVEST;PIEMONTE;TO;1001211;A1KG; ;H207;REANO;B;B1;TO00000615;20;Abitazioni civili;OTTIMO; ;1050;1500;L;4,2;6,2;L;
NORD-OVEST;PIEMONTE;TO;1001211;A1KG; ;H207;REANO;B;B1;TO00000615;20;Abitazioni civili;NORMALE;P;740;1100;L;3,5;5,3;L;
NORD-OVEST;PIEMONTE;TO;1001211;A1KG; ;H207;REANO;B;B1;TO00000615;21;Abitazioni di tipo economico;NORMALE;P;640;960;L;2,8;4,1;L;
NORD-OVEST;PIEMONTE;TO;1001211;A1KG; ;H207;REANO;B;B1;TO00000615;21;Abitazioni di tipo economico;OTTIMO; ;770;1150;L;3,8;5,7;L;
NORD-OVEST;PIEMONTE;TO;1001211;A1KG; ;H207;REANO;B;B1;TO00000615;13;Box;NORMALE;P;560;840;L;3,2;4,8;L;
NORD-OVEST;PIEMONTE;TO;1001211;A1KG; ;H207;REANO;B;B1;TO00000615;1;Ville e Villini;OTTIMO; ;1050;1550;L;4,3;6,3;L;
NORD-OVEST;PIEMONTE;TO;1001211;A1KG; ;H207;REANO;B;B1;TO00000615;1;Ville e Villini;NORMALE;P;800;1200;L;3,7;5,3;L;
NORD-OVEST;PIEMONTE;TO;1001211;A1KG; ;H207;REANO;B;B1;TO00000615;9;Magazzini;NORMALE;P;360;540;L;2,4;3,6;L;
NORD-OVEST;PIEMONTE;TO;1001211;A1KG; ;H207;REANO;B;B1;TO00000615;5;Negozi;NORMALE;P;460;920;L;3,2;6,4;L;
NORD-OVEST;PIEMONTE;TO;1001212;A1KI; ;H270;RIBORDONE;B;B1;TO00000617;21;Abitazioni di tipo economico;NORMALE;P;340;500;L;1,7;2,5;L;
NORD-OVEST;PIEMONTE;TO;1001212;A1KI; ;H270;RIBORDONE;B;B1;TO00000617;13;Box;NORMALE;P;320;480;L;2;2,9;L;
NORD-OVEST;PIEMONTE;TO;1001212;A1KI; ;H270;RIBORDONE;B;B1;TO00000617;9;Magazzini;NORMALE;P;200;300;L;1,4;2,1;L;
NORD-OVEST;PIEMONTE;TO;1001213;A1KK; ;H333;RIVALBA;B;B1;TO00000619;20;Abitazioni civili;NORMALE;P;700;1050;L;3,3;4,9;L;
NORD-OVEST;PIEMONTE;TO;1001213;A1KK; ;H333;RIVALBA;B;B1;TO00000619;21;Abitazioni di tipo economico;NORMALE;P;500;750;L;2,9;4,3;L;
NORD-OVEST;PIEMONTE;TO;1001213;A1KK; ;H333;RIVALBA;B;B1;TO00000619;13;Box;NORMALE;P;370;550;L;2,3;3,5;L;
NORD-OVEST;PIEMONTE;TO;1001213;A1KK; ;H333;RIVALBA;B;B1;TO00000619;1;Ville e Villini;NORMALE;P;750;1100;L;3;4,5;L;
NORD-OVEST;PIEMONTE;TO;1001213;A1KK; ;H333;RIVALBA;B;B1;TO00000619;9;Magazzini;NORMALE;P;270;400;L;1,8;2,7;L;
NORD-OVEST;PIEMONTE;TO;1001214;A1KL; ;H335;RIVALTA DI TORINO;B;B1;TO00000621;20;Abitazioni civili;NORMALE;P;1200;1800;L;5,2;7,8;L;
NORD-OVEST;PIEMONTE;TO;1001214;A1KL; ;H335;RIVALTA DI TORINO;B;B1;TO00000621;21;Abitazioni di tipo economico;NORMALE;P;980;1450;L;4,2;6,3;L;
NORD-OVEST;PIEMONTE;TO;1001214;A1KL; ;H335;RIVALTA DI TORINO;B;B1;TO00000621;13;Box;NORMALE;P;640;920;L;3,3;4,9;L;
NORD-OVEST;PIEMONTE;TO;1001214;A1KL; ;H335;RIVALTA DI TORINO;B;B1;TO00000621;5;Negozi;NORMALE;P;680;1350;L;5,6;11,2;L;
NORD-OVEST;PIEMONTE;TO;1001214;A1KL; ;H335;RIVALTA DI TORINO;B;B1;TO00000621;6;Uffici;NORMALE;P;680;1350;L;4,4;8,8;L;
NORD-OVEST;PIEMONTE;TO;1001214;A1KL; ;H335;RIVALTA DI TORINO;C;C1;TO00001228;20;Abitazioni civili;NORMALE;P;1250;1800;L;5,3;7,5;L;
NORD-OVEST;PIEMONTE;TO;1001214;A1KL; ;H335;RIVALTA DI TORINO;C;C1;TO00001228;20;Abitazioni civili;OTTIMO; ;1550;2300;L;5,5;8,3;L;
NORD-OVEST;PIEMONTE;TO;1001214;A1KL; ;H335;RIVALTA DI TORINO;C;C1;TO00001228;21;Abitazioni di tipo economico;NORMALE;P;900;1350;L;4,2;6,1;L;
NORD-OVEST;PIEMONTE;TO;1001214;A1KL; ;H335;RIVALTA DI TORINO;C;C1;TO00001228;13;Box;NORMALE;P;610;870;L;3;4,5;L;
NORD-OVEST;PIEMONTE;TO;1001214;A1KL; ;H335;RIVALTA DI TORINO;C;C1;TO00001228;1;Ville e Villini;NORMALE;P;1150;1750;L;4,2;6,3;L;
NORD-OVEST;PIEMONTE;TO;1001214;A1KL; ;H335;RIVALTA DI TORINO;D;D1;TO00001229;20;Abitazioni civili;OTTIMO; ;1500;2200;L;4,7;7;L;
NORD-OVEST;PIEMONTE;TO;1001214;A1KL; ;H335;RIVALTA DI TORINO;D;D1;TO00001229;20;Abitazioni civili;NORMALE;P;1150;1700;L;4,2;6,3;L;
NORD-OVEST;PIEMONTE;TO;1001214;A1KL; ;H335;RIVALTA DI TORINO;D;D1;TO00001229;1;Ville e Villini;NORMALE;P;1150;1700;L;4,5;6,8;L;
NORD-OVEST;PIEMONTE;TO;1001214;A1KL; ;H335;RIVALTA DI TORINO;D;D1;TO00001229;9;Magazzini;NORMALE;P;370;560;L;2,3;3,4;L;
NORD-OVEST;PIEMONTE;TO;1001214;A1KL; ;H335;RIVALTA DI TORINO;D;D2;TO00001230;20;Abitazioni civili;NORMALE;P;1150;1650;L;4,8;7,2;L;
NORD-OVEST;PIEMONTE;TO;1001214;A1KL; ;H335;RIVALTA DI TORINO;D;D2;TO00001230;21;Abitazioni di tipo economico;OTTIMO; ;1250;1900;L;4,8;7,2;L;
NORD-OVEST;PIEMONTE;TO;1001214;A1KL; ;H335;RIVALTA DI TORINO;D;D2;TO00001230;21;Abitazioni di tipo economico;NORMALE;P;830;1250;L;4,1;6,1;L;
NORD-OVEST;PIEMONTE;TO;1001214;A1KL; ;H335;RIVALTA DI TORINO;D;D2;TO00001230;9;Magazzini;NORMALE;P;370;560;L;2,3;3,4;L;
NORD-OVEST;PIEMONTE;TO;1001214;A1KL; ;H335;RIVALTA DI TORINO;D;D2;TO00001230;8;Capannoni industriali;NORMALE;P;250;500;L;1,6;3;L;
NORD-OVEST;PIEMONTE;TO;1001214;A1KL; ;H335;RIVALTA DI TORINO;D;D2;TO00001230;10;Laboratori;NORMALE;P;430;760;L;2,4;4,5;L;
NORD-OVEST;PIEMONTE;TO;1001214;A1KL; ;H335;RIVALTA DI TORINO;E;E1;TO00001233;20;Abitazioni civili;NORMALE;P;1250;1900;L;6;9;L;
NORD-OVEST;PIEMONTE;TO;1001214;A1KL; ;H335;RIVALTA DI TORINO;E;E1;TO00001233;21;Abitazioni di tipo economico;NORMALE;P;800;1200;L;4,6;6,9;L;
NORD-OVEST;PIEMONTE;TO;1001214;A1KL; ;H335;RIVALTA DI TORINO;E;E1;TO00001233;13;Box;NORMALE;P;600;900;L;3,1;4,7;L;
NORD-OVEST;PIEMONTE;TO;1001214;A1KL; ;H335;RIVALTA DI TORINO;E;E1;TO00001233;1;Ville e Villini;NORMALE;P;1100;1600;L;3,8;5,6;L;
NORD-OVEST;PIEMONTE;TO;1001214;A1KL; ;H335;RIVALTA DI TORINO;E;E1;TO00001233;1;Ville e Villini;OTTIMO; ;1600;2300;L;4,7;6,9;L;
NORD-OVEST;PIEMONTE;TO;1001214;A1KL; ;H335;RIVALTA DI TORINO;E;E3;TO00001235;20;Abitazioni civili;NORMALE;P;1300;1950;L;5,9;8,8;L;
NORD-OVEST;PIEMONTE;TO;1001214;A1KL; ;H335;RIVALTA DI TORINO;E;E3;TO00001235;21;Abitazioni di tipo economico;NORMALE;P;940;1400;L;4,5;6,8;L;
NORD-OVEST;PIEMONTE;TO;1001214;A1KL; ;H335;RIVALTA DI TORINO;E;E3;TO00001235;8;Capannoni industriali;NORMALE;P;250;500;L;1,6;3;L;
NORD-OVEST;PIEMONTE;TO;1001215;A1KM; ;H337;RIVA PRESSO CHIERI;B;B1;TO00000623;20;Abitazioni civili;NORMALE;P;900;1350;L;3,7;5,5;L;
NORD-OVEST;PIEMONTE;TO;1001215;A1KM; ;H337;RIVA PRESSO CHIERI;B;B1;TO00000623;20;Abitazioni civili;OTTIMO; ;1300;1950;L;5;7,5;L;
NORD-OVEST;PIEMONTE;TO;1001215;A1KM; ;H337;RIVA PRESSO CHIERI;B;B1;TO00000623;21;Abitazioni di tipo economico;OTTIMO; ;890;1300;L;4,3;6,4;L;
NORD-OVEST;PIEMONTE;TO;1001215;A1KM; ;H337;RIVA PRESSO CHIERI;B;B1;TO00000623;21;Abitazioni di tipo economico;NORMALE;P;570;860;L;3,3;5;L;
NORD-OVEST;PIEMONTE;TO;1001215;A1KM; ;H337;RIVA PRESSO CHIERI;B;B1;TO00000623;13;Box;NORMALE;P;490;740;L;2,8;4,2;L;
NORD-OVEST;PIEMONTE;TO;1001215;A1KM; ;H337;RIVA PRESSO CHIERI;B;B1;TO00000623;5;Negozi;NORMALE;P;550;1100;L;4,4;8,8;L;
NORD-OVEST;PIEMONTE;TO;1001215;A1KM; ;H337;RIVA PRESSO CHIERI;E;E1;TO00001125;20;Abitazioni civili;NORMALE;P;730;1100;L;3,1;4,7;L;
NORD-OVEST;PIEMONTE;TO;1001215;A1KM; ;H337;RIVA PRESSO CHIERI;E;E1;TO00001125;20;Abitazioni civili;OTTIMO; ;960;1450;L;3,7;5,5;L;
NORD-OVEST;PIEMONTE;TO;1001215;A1KM; ;H337;RIVA PRESSO CHIERI;E;E1;TO00001125;13;Box;NORMALE;P;500;750;L;2,9;4,4;L;
NORD-OVEST;PIEMONTE;TO;1001216;A1KN; ;H338;RIVARA;B;B1;TO00000625;20;Abitazioni civili;NORMALE;P;610;920;L;3;4,5;L;
NORD-OVEST;PIEMONTE;TO;1001216;A1KN; ;H338;RIVARA;B;B1;TO00000625;21;Abitazioni di tipo economico;NORMALE;P;480;710;L;2,6;3,9;L;
NORD-OVEST;PIEMONTE;TO;1001216;A1KN; ;H338;RIVARA;B;B1;TO00000625;5;Negozi;NORMALE;P;390;780;L;3,1;6,2;L;
NORD-OVEST;PIEMONTE;TO;1001216;A1KN; ;H338;RIVARA;B;B1;TO00000625;6;Uffici;NORMALE;P;430;860;L;2,8;5,5;L;
NORD-OVEST;PIEMONTE;TO;1001216;A1KN; ;H338;RIVARA;B;B1;TO00000625;8;Capannoni industriali;NORMALE;P;200;400;L;1,4;2,8;L;
NORD-OVEST;PIEMONTE;TO;1001217;A1KP; ;H340;RIVAROLO CANAVESE;B;B1;TO00000640;20;Abitazioni civili;NORMALE;P;830;1250;L;4,5;6,7;L;
NORD-OVEST;PIEMONTE;TO;1001217;A1KP; ;H340;RIVAROLO CANAVESE;B;B1;TO00000640;21;Abitazioni di tipo economico;NORMALE;P;700;1050;L;4;6;L;
NORD-OVEST;PIEMONTE;TO;1001217;A1KP; ;H340;RIVAROLO CANAVESE;B;B1;TO00000640;13;Box;NORMALE;P;620;930;L;3,1;4,7;L;
NORD-OVEST;PIEMONTE;TO;1001217;A1KP; ;H340;RIVAROLO CANAVESE;B;B1;TO00000640;9;Magazzini;NORMALE;P;300;450;L;1,9;2,8;L;
NORD-OVEST;PIEMONTE;TO;1001217;A1KP; ;H340;RIVAROLO CANAVESE;B;B1;TO00000640;5;Negozi;NORMALE;P;750;1500;L;7,9;15,8;L;
NORD-OVEST;PIEMONTE;TO;1001217;A1KP; ;H340;RIVAROLO CANAVESE;B;B1;TO00000640;6;Uffici;NORMALE;P;580;1150;L;3,7;7,4;L;
NORD-OVEST;PIEMONTE;TO;1001217;A1KP; ;H340;RIVAROLO CANAVESE;C;C1;TO00001216;20;Abitazioni civili;NORMALE;P;720;1050;L;4,5;6,7;L;
NORD-OVEST;PIEMONTE;TO;1001217;A1KP; ;H340;RIVAROLO CANAVESE;C;C1;TO00001216;21;Abitazioni di tipo economico;NORMALE;P;650;970;L;3,8;5,7;L;
NORD-OVEST;PIEMONTE;TO;1001217;A1KP; ;H340;RIVAROLO CANAVESE;C;C1;TO00001216;13;Box;NORMALE;P;570;830;L;3,3;4,9;L;
NORD-OVEST;PIEMONTE;TO;1001217;A1KP; ;H340;RIVAROLO CANAVESE;C;C1;TO00001216;1;Ville e Villini;NORMALE;P;900;1350;L;4,2;6,2;L;
NORD-OVEST;PIEMONTE;TO;1001217;A1KP; ;H340;RIVAROLO CANAVESE;D;D1;TO00000641;20;Abitazioni civili;NORMALE;P;890;1350;L;3,9;5,8;L;
NORD-OVEST;PIEMONTE;TO;1001217;A1KP; ;H340;RIVAROLO CANAVESE;D;D1;TO00000641;20;Abitazioni civili;OTTIMO; ;1300;1950;L;5,2;7,8;L;
NORD-OVEST;PIEMONTE;TO;1001217;A1KP; ;H340;RIVAROLO CANAVESE;D;D1;TO00000641;21;Abitazioni di tipo economico;NORMALE;P;560;830;L;3,6;5,4;L;
NORD-OVEST;PIEMONTE;TO;1001217;A1KP; ;H340;RIVAROLO CANAVESE;D;D1;TO00000641;13;Box;NORMALE;P;470;710;L;2,7;4;L;
NORD-OVEST;PIEMONTE;TO;1001217;A1KP; ;H340;RIVAROLO CANAVESE;D;D1;TO00000641;1;Ville e Villini;NORMALE;P;860;1300;L;3,2;4,8;L;
NORD-OVEST;PIEMONTE;TO;1001217;A1KP; ;H340;RIVAROLO CANAVESE;D;D1;TO00000641;9;Magazzini;NORMALE;P;260;390;L;1,9;2,8;L;
NORD-OVEST;PIEMONTE;TO;1001217;A1KP; ;H340;RIVAROLO CANAVESE;D;D1;TO00000641;6;Uffici;NORMALE;P;580;1050;L;3,4;6,8;L;
NORD-OVEST;PIEMONTE;TO;1001217;A1KP; ;H340;RIVAROLO CANAVESE;D;D1;TO00000641;8;Capannoni industriali;NORMALE;P;220;440;L;1,5;2,9;L;
NORD-OVEST;PIEMONTE;TO;1001217;A1KP; ;H340;RIVAROLO CANAVESE;D;D1;TO00000641;10;Laboratori;NORMALE;P;400;720;L;2;3,7;L;
NORD-OVEST;PIEMONTE;TO;1001217;A1KP; ;H340;RIVAROLO CANAVESE;D;D2;TO00002170;8;Capannoni industriali;NORMALE;P;220;440;L;1,5;2,9;L;
NORD-OVEST;PIEMONTE;TO;1001217;A1KP; ;H340;RIVAROLO CANAVESE;E;E1;TO00000642;20;Abitazioni civili;NORMALE;P;830;1250;L;3;4,5;L;
NORD-OVEST;PIEMONTE;TO;1001217;A1KP; ;H340;RIVAROLO CANAVESE;E;E1;TO00000642;21;Abitazioni di tipo economico;NORMALE;P;560;840;L;2,5;3,7;L;
NORD-OVEST;PIEMONTE;TO;1001218;A1KQ; ;H344;RIVAROSSA;B;B1;TO00000644;20;Abitazioni civili;NORMALE;P;650;980;L;3,4;5,1;L;
NORD-OVEST;PIEMONTE;TO;1001218;A1KQ; ;H344;RIVAROSSA;B;B1;TO00000644;21;Abitazioni di tipo economico;NORMALE;P;470;700;L;2,6;3,9;L;
NORD-OVEST;PIEMONTE;TO;1001218;A1KQ; ;H344;RIVAROSSA;B;B1;TO00000644;13;Box;NORMALE;P;430;640;L;3;4,5;L;
NORD-OVEST;PIEMONTE;TO;1001218;A1KQ; ;H344;RIVAROSSA;B;B1;TO00000644;9;Magazzini;NORMALE;P;360;540;L;2,1;3,1;L;
NORD-OVEST;PIEMONTE;TO;1001218;A1KQ; ;H344;RIVAROSSA;B;B1;TO00000644;5;Negozi;NORMALE;P;500;990;L;3,8;6,7;L;
NORD-OVEST;PIEMONTE;TO;1001219;A1KS; ;H355;RIVOLI;B;B1;TO00000645;20;Abitazioni civili;OTTIMO; ;2000;3000;L;7,5;11,3;L;
NORD-OVEST;PIEMONTE;TO;1001219;A1KS; ;H355;RIVOLI;B;B1;TO00000645;20;Abitazioni civili;NORMALE;P;1350;2000;L;5,5;8,3;L;
NORD-OVEST;PIEMONTE;TO;1001219;A1KS; ;H355;RIVOLI;B;B1;TO00000645;21;Abitazioni di tipo economico;OTTIMO; ;1400;2050;L;6,7;10;L;
NORD-OVEST;PIEMONTE;TO;1001219;A1KS; ;H355;RIVOLI;B;B1;TO00000645;21;Abitazioni di tipo economico;NORMALE;P;1000;1500;L;4,9;7,3;L;
NORD-OVEST;PIEMONTE;TO;1001219;A1KS; ;H355;RIVOLI;B;B1;TO00000645;13;Box;NORMALE;P;730;1100;L;4,1;6,1;L;
NORD-OVEST;PIEMONTE;TO;1001219;A1KS; ;H355;RIVOLI;B;B1;TO00000645;1;Ville e Villini;OTTIMO; ;1600;2400;L;5,8;8,6;L;
NORD-OVEST;PIEMONTE;TO;1001219;A1KS; ;H355;RIVOLI;B;B1;TO00000645;1;Ville e Villini;NORMALE;P;1200;1800;L;4,8;7,2;L;
NORD-OVEST;PIEMONTE;TO;1001219;A1KS; ;H355;RIVOLI;B;B1;TO00000645;5;Negozi;NORMALE;P;700;1400;L;5,6;11,2;L;
NORD-OVEST;PIEMONTE;TO;1001219;A1KS; ;H355;RIVOLI;B;B1;TO00000645;5;Negozi;OTTIMO; ;1350;2650;L;10,8;21,6;L;
NORD-OVEST;PIEMONTE;TO;1001219;A1KS; ;H355;RIVOLI;B;B1;TO00000645;6;Uffici;NORMALE;P;960;1900;L;5;10;L;
NORD-OVEST;PIEMONTE;TO;1001219;A1KS; ;H355;RIVOLI;C;C1;TO00001253;20;Abitazioni civili;NORMALE;P;1200;1800;L;4,9;7,3;L;
NORD-OVEST;PIEMONTE;TO;1001219;A1KS; ;H355;RIVOLI;C;C1;TO00001253;20;Abitazioni civili;OTTIMO; ;1650;2450;L;5,6;8,3;L;
NORD-OVEST;PIEMONTE;TO;1001219;A1KS; ;H355;RIVOLI;C;C1;TO00001253;21;Abitazioni di tipo economico;OTTIMO; ;1300;1900;L;5,3;7,8;L;
NORD-OVEST;PIEMONTE;TO;1001219;A1KS; ;H355;RIVOLI;C;C1;TO00001253;21;Abitazioni di tipo economico;NORMALE;P;950;1400;L;4,7;7;L;
NORD-OVEST;PIEMONTE;TO;1001219;A1KS; ;H355;RIVOLI;C;C1;TO00001253;13;Box;NORMALE;P;700;1050;L;4,2;6,3;L;
NORD-OVEST;PIEMONTE;TO;1001219;A1KS; ;H355;RIVOLI;C;C1;TO00001253;1;Ville e Villini;OTTIMO; ;1600;2350;L;6,1;9,1;L;
NORD-OVEST;PIEMONTE;TO;1001219;A1KS; ;H355;RIVOLI;C;C1;TO00001253;1;Ville e Villini;NORMALE;P;1150;1700;L;4,8;7,1;L;
NORD-OVEST;PIEMONTE;TO;1001219;A1KS; ;H355;RIVOLI;C;C2;TO00001254;20;Abitazioni civili;NORMALE;P;1400;2100;L;5,9;8,9;L;
NORD-OVEST;PIEMONTE;TO;1001219;A1KS; ;H355;RIVOLI;C;C2;TO00001254;20;Abitazioni civili;OTTIMO; ;1900;2850;L;7;10,4;L;
NORD-OVEST;PIEMONTE;TO;1001219;A1KS; ;H355;RIVOLI;C;C2;TO00001254;21;Abitazioni di tipo economico;NORMALE;P;1050;1550;L;5,1;7,7;L;
NORD-OVEST;PIEMONTE;TO;1001219;A1KS; ;H355;RIVOLI;C;C2;TO00001254;13;Box;NORMALE;P;650;980;L;3,5;5,2;L;
NORD-OVEST;PIEMONTE;TO;1001219;A1KS; ;H355;RIVOLI;C;C2;TO00001254;1;Ville e Villini;NORMALE;P;1150;1700;L;4,8;7,2;L;
NORD-OVEST;PIEMONTE;TO;1001219;A1KS; ;H355;RIVOLI;C;C2;TO00001254;1;Ville e Villini;OTTIMO; ;1550;2250;L;5,9;8,7;L;
NORD-OVEST;PIEMONTE;TO;1001219;A1KS; ;H355;RIVOLI;C;C2;TO00001254;5;Negozi;NORMALE;P;600;1200;L;5;10;L;
NORD-OVEST;PIEMONTE;TO;1001219;A1KS; ;H355;RIVOLI;C;C2;TO00001254;6;Uffici;NORMALE;P;700;1350;L;4,3;8,6;L;
NORD-OVEST;PIEMONTE;TO;1001219;A1KS; ;H355;RIVOLI;D;D1;TO00001256;20;Abitazioni civili;OTTIMO; ;1700;2500;L;6;9;L;
NORD-OVEST;PIEMONTE;TO;1001219;A1KS; ;H355;RIVOLI;D;D1;TO00001256;20;Abitazioni civili;NORMALE;P;1200;1800;L;4,8;7,2;L;
NORD-OVEST;PIEMONTE;TO;1001219;A1KS; ;H355;RIVOLI;D;D1;TO00001256;21;Abitazioni di tipo economico;NORMALE;P;990;1500;L;4;6;L;
NORD-OVEST;PIEMONTE;TO;1001219;A1KS; ;H355;RIVOLI;D;D1;TO00001256;9;Magazzini;NORMALE;P;390;580;L;2,9;4,3;L;
NORD-OVEST;PIEMONTE;TO;1001219;A1KS; ;H355;RIVOLI;D;D1;TO00001256;6;Uffici;NORMALE;P;700;1400;L;4,4;8,8;L;
NORD-OVEST;PIEMONTE;TO;1001219;A1KS; ;H355;RIVOLI;D;D1;TO00001256;8;Capannoni industriali;NORMALE;P;250;500;L;1,8;3,6;L;
NORD-OVEST;PIEMONTE;TO;1001219;A1KS; ;H355;RIVOLI;D;D1;TO00001256;10;Laboratori;NORMALE;P;270;490;L;1,6;2,6;L;
NORD-OVEST;PIEMONTE;TO;1001219;A1KS; ;H355;RIVOLI;D;D3;TO00001258;20;Abitazioni civili;NORMALE;P;1350;2000;L;5,8;8,6;L;
NORD-OVEST;PIEMONTE;TO;1001219;A1KS; ;H355;RIVOLI;D;D3;TO00001258;20;Abitazioni civili;OTTIMO; ;1900;2850;L;6,8;10;L;
NORD-OVEST;PIEMONTE;TO;1001219;A1KS; ;H355;RIVOLI;D;D3;TO00001258;21;Abitazioni di tipo economico;NORMALE;P;1150;1700;L;5,1;7,7;L;
NORD-OVEST;PIEMONTE;TO;1001219;A1KS; ;H355;RIVOLI;D;D3;TO00001258;1;Ville e Villini;NORMALE;P;1250;1850;L;4,7;7;L;
NORD-OVEST;PIEMONTE;TO;1001219;A1KS; ;H355;RIVOLI;D;D3;TO00001258;1;Ville e Villini;OTTIMO; ;1750;2600;L;5,7;8,5;L;
NORD-OVEST;PIEMONTE;TO;1001219;A1KS; ;H355;RIVOLI;D;D3;TO00001258;9;Magazzini;NORMALE;P;390;590;L;3,1;4,6;L;
NORD-OVEST;PIEMONTE;TO;1001219;A1KS; ;H355;RIVOLI;D;D3;TO00001258;6;Uffici;NORMALE;P;950;1800;L;4,5;9;L;
NORD-OVEST;PIEMONTE;TO;1001219;A1KS; ;H355;RIVOLI;D;D3;TO00001258;8;Capannoni industriali;NORMALE;P;250;500;L;1,8;3,6;L;
NORD-OVEST;PIEMONTE;TO;1001219;A1KS; ;H355;RIVOLI;D;D3;TO00001258;10;Laboratori;NORMALE;P;270;490;L;1,3;2,6;L;
NORD-OVEST;PIEMONTE;TO;1001219;A1KS; ;H355;RIVOLI;D;D4;TO00001259;20;Abitazioni civili;OTTIMO; ;1650;2500;L;6,2;9,3;L;
NORD-OVEST;PIEMONTE;TO;1001219;A1KS; ;H355;RIVOLI;D;D4;TO00001259;20;Abitazioni civili;NORMALE;P;1250;1900;L;5,2;7,8;L;
NORD-OVEST;PIEMONTE;TO;1001219;A1KS; ;H355;RIVOLI;D;D4;TO00001259;21;Abitazioni di tipo economico;NORMALE;P;970;1450;L;5;7,5;L;
NORD-OVEST;PIEMONTE;TO;1001219;A1KS; ;H355;RIVOLI;D;D4;TO00001259;21;Abitazioni di tipo economico;OTTIMO; ;1200;1800;L;6,4;9,6;L;
NORD-OVEST;PIEMONTE;TO;1001219;A1KS; ;H355;RIVOLI;D;D4;TO00001259;13;Box;NORMALE;P;640;960;L;3,5;5,3;L;
NORD-OVEST;PIEMONTE;TO;1001219;A1KS; ;H355;RIVOLI;D;D4;TO00001259;1;Ville e Villini;OTTIMO; ;1450;2100;L;5,7;8,4;L;
NORD-OVEST;PIEMONTE;TO;1001219;A1KS; ;H355;RIVOLI;D;D4;TO00001259;1;Ville e Villini;NORMALE;P;1150;1700;L;4,7;7;L;
NORD-OVEST;PIEMONTE;TO;1001219;A1KS; ;H355;RIVOLI;D;D4;TO00001259;9;Magazzini;NORMALE;P;430;640;L;2,9;4,3;L;
NORD-OVEST;PIEMONTE;TO;1001219;A1KS; ;H355;RIVOLI;D;D4;TO00001259;6;Uffici;NORMALE;P;630;1250;L;4;8;L;
NORD-OVEST;PIEMONTE;TO;1001219;A1KS; ;H355;RIVOLI;D;D4;TO00001259;8;Capannoni industriali;NORMALE;P;250;500;L;1,7;3,4;L;
NORD-OVEST;PIEMONTE;TO;1001219;A1KS; ;H355;RIVOLI;D;D4;TO00001259;10;Laboratori;NORMALE;P;270;530;L;1,3;2,6;L;
NORD-OVEST;PIEMONTE;TO;1001219;A1KS; ;H355;RIVOLI;D;D6;TO00001261;8;Capannoni industriali;NORMALE;P;270;540;L;1,8;3,6;L;
NORD-OVEST;PIEMONTE;TO;1001219;A1KS; ;H355;RIVOLI;D;D7;TO00001262;9;Magazzini;NORMALE;P;410;610;L;2,9;4,3;L;
NORD-OVEST;PIEMONTE;TO;1001219;A1KS; ;H355;RIVOLI;D;D7;TO00001262;6;Uffici;NORMALE;P;670;1300;L;4,1;8,2;L;
NORD-OVEST;PIEMONTE;TO;1001219;A1KS; ;H355;RIVOLI;D;D7;TO00001262;8;Capannoni industriali;NORMALE;P;260;520;L;1,8;3,6;L;
NORD-OVEST;PIEMONTE;TO;1001219;A1KS; ;H355;RIVOLI;D;D7;TO00001262;10;Laboratori;NORMALE;P;270;500;L;1,4;2,6;L;
NORD-OVEST;PIEMONTE;TO;1001220;A1KT; ;H367;ROBASSOMERO;B;B1;TO00000647;21;Abitazioni di tipo economico;NORMALE;P;530;790;L;2,8;4,2;L;
NORD-OVEST;PIEMONTE;TO;1001220;A1KT; ;H367;ROBASSOMERO;B;B1;TO00000647;13;Box;NORMALE;P;500;750;L;3,2;4,7;L;
NORD-OVEST;PIEMONTE;TO;1001220;A1KT; ;H367;ROBASSOMERO;B;B1;TO00000647;5;Negozi;NORMALE;P;580;1150;L;4,3;8,4;L;
NORD-OVEST;PIEMONTE;TO;1001220;A1KT; ;H367;ROBASSOMERO;D;D2;TO00003350;20;Abitazioni civili;NORMALE;P;650;970;L;3,4;5;L;
NORD-OVEST;PIEMONTE;TO;1001220;A1KT; ;H367;ROBASSOMERO;D;D2;TO00003350;20;Abitazioni civili;OTTIMO; ;1100;1650;L;4,6;6,8;L;
NORD-OVEST;PIEMONTE;TO;1001220;A1KT; ;H367;ROBASSOMERO;D;D2;TO00003350;21;Abitazioni di tipo economico;NORMALE;P;540;810;L;2,8;4,2;L;
NORD-OVEST;PIEMONTE;TO;1001220;A1KT; ;H367;ROBASSOMERO;D;D2;TO00003350;1;Ville e Villini;NORMALE;P;800;1200;L;3,2;4,8;L;
NORD-OVEST;PIEMONTE;TO;1001220;A1KT; ;H367;ROBASSOMERO;D;D2;TO00003350;1;Ville e Villini;OTTIMO; ;1100;1650;L;4,4;6,5;L;
NORD-OVEST;PIEMONTE;TO;1001220;A1KT; ;H367;ROBASSOMERO;D;D2;TO00003350;5;Negozi;NORMALE;P;570;1100;L;4,4;8,8;L;
NORD-OVEST;PIEMONTE;TO;1001220;A1KT; ;H367;ROBASSOMERO;E;E1;TO00003330;8;Capannoni industriali;NORMALE;P;190;380;L;1,4;2,8;L;
NORD-OVEST;PIEMONTE;TO;1001221;A1KU; ;H386;ROCCA CANAVESE;B;B1;TO00000649;20;Abitazioni civili;NORMALE;P;560;850;L;3,3;5;L;
NORD-OVEST;PIEMONTE;TO;1001221;A1KU; ;H386;ROCCA CANAVESE;B;B1;TO00000649;21;Abitazioni di tipo economico;NORMALE;P;430;650;L;2,8;4,2;L;
NORD-OVEST;PIEMONTE;TO;1001221;A1KU; ;H386;ROCCA CANAVESE;B;B1;TO00000649;13;Box;NORMALE;P;400;600;L;2,7;4;L;
NORD-OVEST;PIEMONTE;TO;1001221;A1KU; ;H386;ROCCA CANAVESE;B;B1;TO00000649;9;Magazzini;NORMALE;P;290;440;L;1,8;2,6;L;
NORD-OVEST;PIEMONTE;TO;1001221;A1KU; ;H386;ROCCA CANAVESE;B;B1;TO00000649;5;Negozi;NORMALE;P;370;740;L;3,1;6,1;L;
NORD-OVEST;PIEMONTE;TO;1001221;A1KU; ;H386;ROCCA CANAVESE;B;B1;TO00000649;8;Capannoni industriali;NORMALE;P;200;370;L;1,3;2,6;L;
NORD-OVEST;PIEMONTE;TO;1001221;A1KU; ;H386;ROCCA CANAVESE;B;B1;TO00000649;10;Laboratori;NORMALE;P;270;540;L;1,7;2,9;L;
NORD-OVEST;PIEMONTE;TO;1001222;A1KY; ;H498;ROLETTO;B;B1;TO00000651;20;Abitazioni civili;NORMALE;P;700;1050;L;3,5;5,2;L;
NORD-OVEST;PIEMONTE;TO;1001222;A1KY; ;H498;ROLETTO;B;B1;TO00000651;21;Abitazioni di tipo economico;NORMALE;P;550;820;L;3,1;4,5;L;
NORD-OVEST;PIEMONTE;TO;1001222;A1KY; ;H498;ROLETTO;B;B1;TO00000651;13;Box;NORMALE;P;490;730;L;2,7;4,1;L;
NORD-OVEST;PIEMONTE;TO;1001222;A1KY; ;H498;ROLETTO;D;D2;TO00003310;20;Abitazioni civili;NORMALE;P;650;980;L;3,8;5,6;L;
NORD-OVEST;PIEMONTE;TO;1001222;A1KY; ;H498;ROLETTO;D;D2;TO00003310;13;Box;NORMALE;P;470;700;L;2,6;3,9;L;
NORD-OVEST;PIEMONTE;TO;1001222;A1KY; ;H498;ROLETTO;E;E2;TO00003311;8;Capannoni industriali;NORMALE;P;250;470;L;1,6;3,1;L;
NORD-OVEST;PIEMONTE;TO;1001223;A1LA; ;H511;ROMANO CANAVESE;B;B1;TO00000653;20;Abitazioni civili;NORMALE;P;640;960;L;3,6;5,4;L;
NORD-OVEST;PIEMONTE;TO;1001223;A1LA; ;H511;ROMANO CANAVESE;B;B1;TO00000653;21;Abitazioni di tipo economico;NORMALE;P;460;680;L;2,6;3,9;L;
NORD-OVEST;PIEMONTE;TO;1001223;A1LA; ;H511;ROMANO CANAVESE;B;B1;TO00000653;13;Box;NORMALE;P;420;630;L;2,7;4,1;L;
NORD-OVEST;PIEMONTE;TO;1001223;A1LA; ;H511;ROMANO CANAVESE;B;B1;TO00000653;5;Negozi;NORMALE;P;410;820;L;3;6;L;
NORD-OVEST;PIEMONTE;TO;1001223;A1LA; ;H511;ROMANO CANAVESE;D;D1;TO00001358;8;Capannoni industriali;NORMALE;P;150;290;L;1,1;2,1;L;
NORD-OVEST;PIEMONTE;TO;1001224;A1LB; ;H539;RONCO CANAVESE;B;B1;TO00000986;20;Abitazioni civili;NORMALE;P;430;640;L;2;3;L;
NORD-OVEST;PIEMONTE;TO;1001224;A1LB; ;H539;RONCO CANAVESE;B;B1;TO00000986;21;Abitazioni di tipo economico;NORMALE;P;290;440;L;1,7;2,5;L;
NORD-OVEST;PIEMONTE;TO;1001224;A1LB; ;H539;RONCO CANAVESE;B;B1;TO00000986;13;Box;NORMALE;P;260;390;L;1,6;2,3;L;
NORD-OVEST;PIEMONTE;TO;1001224;A1LB; ;H539;RONCO CANAVESE;B;B1;TO00000986;5;Negozi;NORMALE;P;390;770;L;2,3;4,6;L;
NORD-OVEST;PIEMONTE;TO;1001225;A1LC; ;H547;RONDISSONE;B;B1;TO00001092;20;Abitazioni civili;NORMALE;P;800;1200;L;3,9;5,9;L;
NORD-OVEST;PIEMONTE;TO;1001225;A1LC; ;H547;RONDISSONE;B;B1;TO00001092;21;Abitazioni di tipo economico;NORMALE;P;540;810;L;3,1;4,6;L;
NORD-OVEST;PIEMONTE;TO;1001225;A1LC; ;H547;RONDISSONE;B;B1;TO00001092;13;Box;NORMALE;P;430;630;L;2,6;3,9;L;
NORD-OVEST;PIEMONTE;TO;1001225;A1LC; ;H547;RONDISSONE;B;B1;TO00001092;1;Ville e Villini;NORMALE;P;800;1150;L;3,4;5,1;L;
NORD-OVEST;PIEMONTE;TO;1001225;A1LC; ;H547;RONDISSONE;B;B1;TO00001092;9;Magazzini;NORMALE;P;250;370;L;1,9;2,7;L;
NORD-OVEST;PIEMONTE;TO;1001225;A1LC; ;H547;RONDISSONE;B;B1;TO00001092;5;Negozi;NORMALE;P;470;940;L;3,6;7,2;L;
NORD-OVEST;PIEMONTE;TO;1001225;A1LC; ;H547;RONDISSONE;B;B1;TO00001092;8;Capannoni industriali;NORMALE;P;190;370;L;1,6;3,1;L;
NORD-OVEST;PIEMONTE;TO;1001226;A1LD; ;H554;RORA`;B;B1;TO00000659;21;Abitazioni di tipo economico;NORMALE;P;340;510;L;2;3;L;
NORD-OVEST;PIEMONTE;TO;1001226;A1LD; ;H554;RORA`;B;B1;TO00000659;13;Box;NORMALE;P;270;400;L;1,6;2,4;L;
NORD-OVEST;PIEMONTE;TO;1001227;A1LE; ;H555;ROURE;B;B1;TO00000661;20;Abitazioni civili;NORMALE;P;500;750;L;2,3;3,5;L;
NORD-OVEST;PIEMONTE;TO;1001227;A1LE; ;H555;ROURE;B;B1;TO00000661;21;Abitazioni di tipo economico;NORMALE;P;340;510;L;1,9;2,9;L;
NORD-OVEST;PIEMONTE;TO;1001227;A1LE; ;H555;ROURE;B;B1;TO00000661;13;Box;NORMALE;P;390;590;L;2,2;3,3;L;
NORD-OVEST;PIEMONTE;TO;1001227;A1LE; ;H555;ROURE;B;B1;TO00000661;1;Ville e Villini;NORMALE;P;590;880;L;2,5;3,7;L;
NORD-OVEST;PIEMONTE;TO;1001227;A1LE; ;H555;ROURE;B;B1;TO00000661;9;Magazzini;NORMALE;P;230;350;L;1,8;2,6;L;
NORD-OVEST;PIEMONTE;TO;1001227;A1LE; ;H555;ROURE;B;B1;TO00000661;5;Negozi;NORMALE;P;350;700;L;2,8;5,6;L;
NORD-OVEST;PIEMONTE;TO;1001227;A1LE; ;H555;ROURE;B;B1;TO00000661;10;Laboratori;NORMALE;P;320;490;L;1,7;2,6;L;
NORD-OVEST;PIEMONTE;TO;1001228;A1LF; ;H583;ROSTA;B;B1;TO00000931;20;Abitazioni civili;NORMALE;P;1050;1550;L;4,2;6,3;L;
NORD-OVEST;PIEMONTE;TO;1001228;A1LF; ;H583;ROSTA;B;B1;TO00000931;20;Abitazioni civili;OTTIMO; ;1550;2300;L;5,6;8,4;L;
NORD-OVEST;PIEMONTE;TO;1001228;A1LF; ;H583;ROSTA;B;B1;TO00000931;21;Abitazioni di tipo economico;NORMALE;P;870;1300;L;4;5,9;L;
NORD-OVEST;PIEMONTE;TO;1001228;A1LF; ;H583;ROSTA;B;B1;TO00000931;13;Box;NORMALE;P;540;810;L;3,3;4,9;L;
NORD-OVEST;PIEMONTE;TO;1001228;A1LF; ;H583;ROSTA;B;B1;TO00000931;5;Negozi;NORMALE;P;530;1050;L;4,2;8,4;L;
NORD-OVEST;PIEMONTE;TO;1001228;A1LF; ;H583;ROSTA;C;C1;TO00000663;20;Abitazioni civili;NORMALE;P;1050;1550;L;4,3;6,4;L;
NORD-OVEST;PIEMONTE;TO;1001228;A1LF; ;H583;ROSTA;C;C1;TO00000663;20;Abitazioni civili;OTTIMO; ;1550;2300;L;5,8;8,7;L;
NORD-OVEST;PIEMONTE;TO;1001228;A1LF; ;H583;ROSTA;C;C1;TO00000663;21;Abitazioni di tipo economico;NORMALE;P;900;1350;L;4;6;L;
NORD-OVEST;PIEMONTE;TO;1001228;A1LF; ;H583;ROSTA;C;C1;TO00000663;13;Box;NORMALE;P;540;810;L;3,3;4,9;L;
NORD-OVEST;PIEMONTE;TO;1001228;A1LF; ;H583;ROSTA;C;C1;TO00000663;1;Ville e Villini;NORMALE;P;1100;1650;L;3,8;5,7;L;
NORD-OVEST;PIEMONTE;TO;1001228;A1LF; ;H583;ROSTA;C;C1;TO00000663;1;Ville e Villini;OTTIMO; ;1650;2400;L;5,2;7,8;L;
NORD-OVEST;PIEMONTE;TO;1001228;A1LF; ;H583;ROSTA;C;C1;TO00000663;5;Negozi;NORMALE;P;530;1050;L;4,9;9,8;L;
NORD-OVEST;PIEMONTE;TO;1001228;A1LF; ;H583;ROSTA;C;C1;TO00000663;10;Laboratori;NORMALE;P;440;880;L;2,6;5;L;
NORD-OVEST;PIEMONTE;TO;1001228;A1LF; ;H583;ROSTA;D;D1;TO00000933;20;Abitazioni civili;NORMALE;P;900;1350;L;3,7;5,6;L;
NORD-OVEST;PIEMONTE;TO;1001228;A1LF; ;H583;ROSTA;D;D1;TO00000933;21;Abitazioni di tipo economico;NORMALE;P;840;1250;L;3,5;5,2;L;
NORD-OVEST;PIEMONTE;TO;1001228;A1LF; ;H583;ROSTA;D;D1;TO00000933;13;Box;NORMALE;P;540;810;L;3,3;4,9;L;
NORD-OVEST;PIEMONTE;TO;1001228;A1LF; ;H583;ROSTA;D;D1;TO00000933;9;Magazzini;NORMALE;P;400;600;L;2,8;4,2;L;
NORD-OVEST;PIEMONTE;TO;1001228;A1LF; ;H583;ROSTA;D;D1;TO00000933;5;Negozi;NORMALE;P;530;1050;L;4,1;8,2;L;
NORD-OVEST;PIEMONTE;TO;1001228;A1LF; ;H583;ROSTA;D;D1;TO00000933;6;Uffici;NORMALE;P;550;1100;L;3,5;7;L;
NORD-OVEST;PIEMONTE;TO;1001228;A1LF; ;H583;ROSTA;D;D1;TO00000933;8;Capannoni industriali;NORMALE;P;240;480;L;1,7;3,4;L;
NORD-OVEST;PIEMONTE;TO;1001229;A1LG; ;H627;RUBIANA;B;B1;TO00000665;20;Abitazioni civili;NORMALE;P;600;900;L;3,3;4,9;L;
NORD-OVEST;PIEMONTE;TO;1001229;A1LG; ;H627;RUBIANA;B;B1;TO00000665;21;Abitazioni di tipo economico;NORMALE;P;430;640;L;3,2;4,6;L;
NORD-OVEST;PIEMONTE;TO;1001229;A1LG; ;H627;RUBIANA;B;B1;TO00000665;13;Box;NORMALE;P;320;480;L;2,1;3,2;L;
NORD-OVEST;PIEMONTE;TO;1001229;A1LG; ;H627;RUBIANA;B;B1;TO00000665;1;Ville e Villini;NORMALE;P;620;930;L;2,8;4;L;
NORD-OVEST;PIEMONTE;TO;1001229;A1LG; ;H627;RUBIANA;B;B1;TO00000665;1;Ville e Villini;OTTIMO; ;930;1350;L;3,2;4,7;L;
NORD-OVEST;PIEMONTE;TO;1001229;A1LG; ;H627;RUBIANA;B;B1;TO00000665;9;Magazzini;NORMALE;P;210;310;L;1,5;2,2;L;
NORD-OVEST;PIEMONTE;TO;1001229;A1LG; ;H627;RUBIANA;B;B1;TO00000665;5;Negozi;NORMALE;P;460;920;L;3,1;6,1;L;
NORD-OVEST;PIEMONTE;TO;1001229;A1LG; ;H627;RUBIANA;B;B1;TO00000665;10;Laboratori;NORMALE;P;340;550;L;1,8;2,8;L;
NORD-OVEST;PIEMONTE;TO;1001230;A1LH; ;H631;RUEGLIO;B;B1;TO00000667;21;Abitazioni di tipo economico;NORMALE;P;330;490;L;2,2;3,3;L;
NORD-OVEST;PIEMONTE;TO;1001230;A1LH; ;H631;RUEGLIO;B;B1;TO00000667;13;Box;NORMALE;P;270;400;L;1,7;2,5;L;
NORD-OVEST;PIEMONTE;TO;1001230;A1LH; ;H631;RUEGLIO;B;B1;TO00000667;9;Magazzini;NORMALE;P;170;250;L;1;1,4;L;
NORD-OVEST;PIEMONTE;TO;1001230;A1LH; ;H631;RUEGLIO;B;B1;TO00000667;5;Negozi;NORMALE;P;270;540;L;1,9;3,7;L;
NORD-OVEST;PIEMONTE;TO;1001232;A1LI; ;H684;SALBERTRAND;B;B1;TO00000669;20;Abitazioni civili;NORMALE;P;740;1100;L;3,4;5,1;L;
NORD-OVEST;PIEMONTE;TO;1001232;A1LI; ;H684;SALBERTRAND;B;B1;TO00000669;21;Abitazioni di tipo economico;NORMALE;P;670;1000;L;2,7;4,1;L;
NORD-OVEST;PIEMONTE;TO;1001232;A1LI; ;H684;SALBERTRAND;B;B1;TO00000669;13;Box;NORMALE;P;400;590;L;2,2;3,3;L;
NORD-OVEST;PIEMONTE;TO;1001232;A1LI; ;H684;SALBERTRAND;B;B1;TO00000669;9;Magazzini;NORMALE;P;280;420;L;1,9;2,8;L;
NORD-OVEST;PIEMONTE;TO;1001232;A1LI; ;H684;SALBERTRAND;B;B1;TO00000669;5;Negozi;NORMALE;P;390;780;L;2,4;4,6;L;
NORD-OVEST;PIEMONTE;TO;1001231;A1LJ; ;H691;SALASSA;B;B1;TO00000671;20;Abitazioni civili;NORMALE;P;770;1150;L;3,3;4,9;L;
NORD-OVEST;PIEMONTE;TO;1001231;A1LJ; ;H691;SALASSA;B;B1;TO00000671;21;Abitazioni di tipo economico;NORMALE;P;450;670;L;2,9;4,3;L;
NORD-OVEST;PIEMONTE;TO;1001231;A1LJ; ;H691;SALASSA;B;B1;TO00000671;13;Box;NORMALE;P;410;620;L;2,9;4,4;L;
NORD-OVEST;PIEMONTE;TO;1001231;A1LJ; ;H691;SALASSA;B;B1;TO00000671;9;Magazzini;NORMALE;P;220;330;L;1,6;2,3;L;
NORD-OVEST;PIEMONTE;TO;1001231;A1LJ; ;H691;SALASSA;B;B1;TO00000671;5;Negozi;NORMALE;P;420;830;L;3,8;7,6;L;
NORD-OVEST;PIEMONTE;TO;1001231;A1LJ; ;H691;SALASSA;B;B1;TO00000671;8;Capannoni industriali;NORMALE;P;190;380;L;1,5;3;L;
NORD-OVEST;PIEMONTE;TO;1001231;A1LJ; ;H691;SALASSA;B;B1;TO00000671;10;Laboratori;NORMALE;P;240;480;L;1,4;2,7;L;
NORD-OVEST;PIEMONTE;TO;1001233;A1LL; ;H702;SALERANO CANAVESE;B;B1;TO00000673;20;Abitazioni civili;NORMALE;P;500;750;L;2,5;3,7;L;
NORD-OVEST;PIEMONTE;TO;1001233;A1LL; ;H702;SALERANO CANAVESE;B;B1;TO00000673;21;Abitazioni di tipo economico;NORMALE;P;370;550;L;2,2;3,3;L;
NORD-OVEST;PIEMONTE;TO;1001233;A1LL; ;H702;SALERANO CANAVESE;B;B1;TO00000673;13;Box;NORMALE;P;400;590;L;2,4;3,6;L;
NORD-OVEST;PIEMONTE;TO;1001233;A1LL; ;H702;SALERANO CANAVESE;B;B1;TO00000673;1;Ville e Villini;NORMALE;P;560;830;L;2,2;3,3;L;
NORD-OVEST;PIEMONTE;TO;1001233;A1LL; ;H702;SALERANO CANAVESE;B;B1;TO00000673;9;Magazzini;NORMALE;P;180;270;L;1,2;1,8;L;
NORD-OVEST;PIEMONTE;TO;1001234;A1LN; ;H734;SALZA DI PINEROLO;B;B1;TO00000675;21;Abitazioni di tipo economico;NORMALE;P;350;520;L;1,6;2,3;L;
NORD-OVEST;PIEMONTE;TO;1001235;A1LP; ;H753;SAMONE;B;B1;TO00000677;20;Abitazioni civili;NORMALE;P;530;790;L;2,7;4;L;
NORD-OVEST;PIEMONTE;TO;1001235;A1LP; ;H753;SAMONE;B;B1;TO00000677;21;Abitazioni di tipo economico;NORMALE;P;380;570;L;2,2;3,3;L;
NORD-OVEST;PIEMONTE;TO;1001235;A1LP; ;H753;SAMONE;B;B1;TO00000677;13;Box;NORMALE;P;400;590;L;2,4;3,6;L;
NORD-OVEST;PIEMONTE;TO;1001235;A1LP; ;H753;SAMONE;B;B1;TO00000677;1;Ville e Villini;NORMALE;P;560;830;L;2,2;3,3;L;
NORD-OVEST;PIEMONTE;TO;1001235;A1LP; ;H753;SAMONE;B;B1;TO00000677;9;Magazzini;NORMALE;P;180;270;L;1,2;1,8;L;
NORD-OVEST;PIEMONTE;TO;1001235;A1LP; ;H753;SAMONE;B;B1;TO00000677;5;Negozi;NORMALE;P;320;640;L;2,1;4,2;L;
NORD-OVEST;PIEMONTE;TO;1001235;A1LP; ;H753;SAMONE;B;B1;TO00000677;8;Capannoni industriali;NORMALE;P;140;280;L;1;1,9;L;
NORD-OVEST;PIEMONTE;TO;1001236;A1LQ; ;H775;SAN BENIGNO CANAVESE;B;B1;TO00000679;21;Abitazioni di tipo economico;NORMALE;P;620;930;L;4,6;6,9;L;
NORD-OVEST;PIEMONTE;TO;1001236;A1LQ; ;H775;SAN BENIGNO CANAVESE;B;B1;TO00000679;13;Box;NORMALE;P;470;710;L;2,9;4,3;L;
NORD-OVEST;PIEMONTE;TO;1001236;A1LQ; ;H775;SAN BENIGNO CANAVESE;B;B1;TO00000679;5;Negozi;NORMALE;P;550;1100;L;4,5;9;L;
NORD-OVEST;PIEMONTE;TO;1001236;A1LQ; ;H775;SAN BENIGNO CANAVESE;B;B1;TO00000679;6;Uffici;NORMALE;P;490;980;L;3,2;6,4;L;
NORD-OVEST;PIEMONTE;TO;1001236;A1LQ; ;H775;SAN BENIGNO CANAVESE;D;D2;TO00002930;20;Abitazioni civili;NORMALE;P;970;1450;L;4,1;6,1;L;
NORD-OVEST;PIEMONTE;TO;1001236;A1LQ; ;H775;SAN BENIGNO CANAVESE;D;D2;TO00002930;21;Abitazioni di tipo economico;NORMALE;P;700;1050;L;4;6;L;
NORD-OVEST;PIEMONTE;TO;1001236;A1LQ; ;H775;SAN BENIGNO CANAVESE;D;D2;TO00002930;13;Box;NORMALE;P;500;750;L;2,9;4,4;L;
NORD-OVEST;PIEMONTE;TO;1001236;A1LQ; ;H775;SAN BENIGNO CANAVESE;D;D2;TO00002930;9;Magazzini;NORMALE;P;300;450;L;1,8;2,7;L;
NORD-OVEST;PIEMONTE;TO;1001236;A1LQ; ;H775;SAN BENIGNO CANAVESE;D;D2;TO00002930;8;Capannoni industriali;NORMALE;P;190;380;L;1,3;2,6;L;
NORD-OVEST;PIEMONTE;TO;1001236;A1LQ; ;H775;SAN BENIGNO CANAVESE;D;D2;TO00002930;10;Laboratori;NORMALE;P;320;550;L;1,8;3;L;
NORD-OVEST;PIEMONTE;TO;1001237;A1LR; ;H789;SAN CARLO CANAVESE;B;B1;TO00001033;20;Abitazioni civili;NORMALE;P;800;1200;L;3,3;4,9;L;
NORD-OVEST;PIEMONTE;TO;1001237;A1LR; ;H789;SAN CARLO CANAVESE;B;B1;TO00001033;20;Abitazioni civili;OTTIMO; ;1100;1600;L;4,8;7,2;L;
NORD-OVEST;PIEMONTE;TO;1001237;A1LR; ;H789;SAN CARLO CANAVESE;B;B1;TO00001033;21;Abitazioni di tipo economico;NORMALE;P;500;750;L;3,4;5,1;L;
NORD-OVEST;PIEMONTE;TO;1001237;A1LR; ;H789;SAN CARLO CANAVESE;B;B1;TO00001033;13;Box;NORMALE;P;530;790;L;3,2;4,8;L;
NORD-OVEST;PIEMONTE;TO;1001237;A1LR; ;H789;SAN CARLO CANAVESE;B;B1;TO00001033;5;Negozi;NORMALE;P;460;920;L;4,1;8,2;L;
NORD-OVEST;PIEMONTE;TO;1001237;A1LR; ;H789;SAN CARLO CANAVESE;D;D1;TO00003490;20;Abitazioni civili;NORMALE;P;770;1150;L;4;6;L;
NORD-OVEST;PIEMONTE;TO;1001237;A1LR; ;H789;SAN CARLO CANAVESE;D;D1;TO00003490;13;Box;NORMALE;P;470;700;L;3,1;4,6;L;
NORD-OVEST;PIEMONTE;TO;1001238;A1LS; ;H804;SAN COLOMBANO BELMONTE;B;B1;TO00000683;20;Abitazioni civili;NORMALE;P;500;750;L;2,7;4,1;L;
NORD-OVEST;PIEMONTE;TO;1001238;A1LS; ;H804;SAN COLOMBANO BELMONTE;B;B1;TO00000683;21;Abitazioni di tipo economico;NORMALE;P;370;560;L;2,4;3,6;L;
NORD-OVEST;PIEMONTE;TO;1001238;A1LS; ;H804;SAN COLOMBANO BELMONTE;B;B1;TO00000683;13;Box;NORMALE;P;370;560;L;2,1;3,1;L;
NORD-OVEST;PIEMONTE;TO;1001238;A1LS; ;H804;SAN COLOMBANO BELMONTE;B;B1;TO00000683;9;Magazzini;NORMALE;P;280;420;L;1,7;2,5;L;
NORD-OVEST;PIEMONTE;TO;1001238;A1LS; ;H804;SAN COLOMBANO BELMONTE;B;B1;TO00000683;8;Capannoni industriali;NORMALE;P;180;360;L;1,2;2,4;L;
NORD-OVEST;PIEMONTE;TO;1001239;A1LT; ;H820;SAN DIDERO;B;B1;TO00000685;20;Abitazioni civili;NORMALE;P;770;1150;L;3;4,5;L;
NORD-OVEST;PIEMONTE;TO;1001239;A1LT; ;H820;SAN DIDERO;B;B1;TO00000685;13;Box;NORMALE;P;390;580;L;2,1;3,2;L;
NORD-OVEST;PIEMONTE;TO;1001239;A1LT; ;H820;SAN DIDERO;B;B1;TO00000685;1;Ville e Villini;NORMALE;P;800;1200;L;2,8;4,2;L;
NORD-OVEST;PIEMONTE;TO;1001239;A1LT; ;H820;SAN DIDERO;B;B1;TO00000685;9;Magazzini;NORMALE;P;250;380;L;1,5;2,2;L;
NORD-OVEST;PIEMONTE;TO;1001240;A1LU; ;H847;SAN FRANCESCO AL CAMPO;B;B1;TO00000687;20;Abitazioni civili;NORMALE;P;940;1400;L;4,1;6,1;L;
NORD-OVEST;PIEMONTE;TO;1001240;A1LU; ;H847;SAN FRANCESCO AL CAMPO;B;B1;TO00000687;21;Abitazioni di tipo economico;NORMALE;P;600;900;L;3,6;5,4;L;
NORD-OVEST;PIEMONTE;TO;1001240;A1LU; ;H847;SAN FRANCESCO AL CAMPO;B;B1;TO00000687;13;Box;NORMALE;P;440;660;L;3,2;4,8;L;
NORD-OVEST;PIEMONTE;TO;1001240;A1LU; ;H847;SAN FRANCESCO AL CAMPO;B;B1;TO00000687;5;Negozi;NORMALE;P;630;1250;L;4,5;9;L;
NORD-OVEST;PIEMONTE;TO;1001240;A1LU; ;H847;SAN FRANCESCO AL CAMPO;D;D1;TO00001207;9;Magazzini;NORMALE;P;340;510;L;2;2,9;L;
NORD-OVEST;PIEMONTE;TO;1001240;A1LU; ;H847;SAN FRANCESCO AL CAMPO;D;D1;TO00001207;8;Capannoni industriali;NORMALE;P;180;360;L;1,3;2,6;L;
NORD-OVEST;PIEMONTE;TO;1001240;A1LU; ;H847;SAN FRANCESCO AL CAMPO;D;D1;TO00001207;10;Laboratori;NORMALE;P;330;660;L;1,7;3,3;L;
NORD-OVEST;PIEMONTE;TO;1001241;A1LV; ;H855;SANGANO;B;B1;TO00000935;20;Abitazioni civili;NORMALE;P;870;1300;L;4,5;6,8;L;
NORD-OVEST;PIEMONTE;TO;1001241;A1LV; ;H855;SANGANO;B;B1;TO00000935;21;Abitazioni di tipo economico;NORMALE;P;670;1000;L;3,3;5;L;
NORD-OVEST;PIEMONTE;TO;1001241;A1LV; ;H855;SANGANO;B;B1;TO00000935;13;Box;NORMALE;P;480;720;L;3,1;4,6;L;
NORD-OVEST;PIEMONTE;TO;1001241;A1LV; ;H855;SANGANO;B;B1;TO00000935;5;Negozi;NORMALE;P;530;1050;L;4,5;9;L;
NORD-OVEST;PIEMONTE;TO;1001241;A1LV; ;H855;SANGANO;D;D1;TO00003510;20;Abitazioni civili;NORMALE;P;930;1400;L;4,6;6,9;L;
NORD-OVEST;PIEMONTE;TO;1001241;A1LV; ;H855;SANGANO;D;D1;TO00003510;13;Box;NORMALE;P;480;720;L;3,1;4,6;L;
NORD-OVEST;PIEMONTE;TO;1001241;A1LV; ;H855;SANGANO;D;D1;TO00003510;1;Ville e Villini;NORMALE;P;930;1400;L;3,7;5,5;L;
NORD-OVEST;PIEMONTE;TO;1001241;A1LV; ;H855;SANGANO;D;D1;TO00003510;5;Negozi;NORMALE;P;550;1100;L;4,6;9,2;L;
NORD-OVEST;PIEMONTE;TO;1001242;A1LW; ;H862;SAN GERMANO CHISONE;B;B1;TO00000691;20;Abitazioni civili;NORMALE;P;520;780;L;3;4,5;L;
NORD-OVEST;PIEMONTE;TO;1001242;A1LW; ;H862;SAN GERMANO CHISONE;B;B1;TO00000691;21;Abitazioni di tipo economico;NORMALE;P;420;630;L;2,4;3,6;L;
NORD-OVEST;PIEMONTE;TO;1001242;A1LW; ;H862;SAN GERMANO CHISONE;B;B1;TO00000691;13;Box;NORMALE;P;360;540;L;2,5;3,7;L;
NORD-OVEST;PIEMONTE;TO;1001242;A1LW; ;H862;SAN GERMANO CHISONE;B;B1;TO00000691;1;Ville e Villini;NORMALE;P;620;930;L;2,8;4,2;L;
NORD-OVEST;PIEMONTE;TO;1001242;A1LW; ;H862;SAN GERMANO CHISONE;B;B1;TO00000691;9;Magazzini;NORMALE;P;280;420;L;1,8;2,6;L;
NORD-OVEST;PIEMONTE;TO;1001242;A1LW; ;H862;SAN GERMANO CHISONE;B;B1;TO00000691;5;Negozi;NORMALE;P;360;700;L;3,3;6,6;L;
NORD-OVEST;PIEMONTE;TO;1001242;A1LW; ;H862;SAN GERMANO CHISONE;B;B1;TO00000691;8;Capannoni industriali;NORMALE;P;140;270;L;1,2;2,4;L;
NORD-OVEST;PIEMONTE;TO;1001242;A1LW; ;H862;SAN GERMANO CHISONE;B;B1;TO00000691;10;Laboratori;NORMALE;P;250;500;L;1,3;2,6;L;
NORD-OVEST;PIEMONTE;TO;1001243;A1LX; ;H873;SAN GILLIO;B;B1;TO00000693;20;Abitazioni civili;NORMALE;P;890;1300;L;3,8;5,7;L;
NORD-OVEST;PIEMONTE;TO;1001243;A1LX; ;H873;SAN GILLIO;B;B1;TO00000693;20;Abitazioni civili;OTTIMO; ;1200;1800;L;4,8;7,2;L;
NORD-OVEST;PIEMONTE;TO;1001243;A1LX; ;H873;SAN GILLIO;B;B1;TO00000693;13;Box;NORMALE;P;480;720;L;2,8;4,2;L;
NORD-OVEST;PIEMONTE;TO;1001243;A1LX; ;H873;SAN GILLIO;B;B1;TO00000693;9;Magazzini;NORMALE;P;340;500;L;2,1;3,2;L;
NORD-OVEST;PIEMONTE;TO;1001243;A1LX; ;H873;SAN GILLIO;B;B1;TO00000693;5;Negozi;NORMALE;P;530;1050;L;3,9;7,8;L;
NORD-OVEST;PIEMONTE;TO;1001243;A1LX; ;H873;SAN GILLIO;D;D1;TO00002521;20;Abitazioni civili;NORMALE;P;840;1250;L;3,9;5,7;L;
NORD-OVEST;PIEMONTE;TO;1001243;A1LX; ;H873;SAN GILLIO;D;D1;TO00002521;20;Abitazioni civili;OTTIMO; ;1250;1850;L;4,8;7,2;L;
NORD-OVEST;PIEMONTE;TO;1001243;A1LX; ;H873;SAN GILLIO;D;D1;TO00002521;13;Box;NORMALE;P;500;750;L;2,8;4,2;L;
NORD-OVEST;PIEMONTE;TO;1001243;A1LX; ;H873;SAN GILLIO;D;D1;TO00002521;1;Ville e Villini;NORMALE;P;870;1300;L;2,7;4,1;L;
NORD-OVEST;PIEMONTE;TO;1001243;A1LX; ;H873;SAN GILLIO;D;D1;TO00002521;8;Capannoni industriali;NORMALE;P;220;440;L;1,6;3,1;L;
NORD-OVEST;PIEMONTE;TO;1001243;A1LX; ;H873;SAN GILLIO;D;D2;TO00003390;20;Abitazioni civili;NORMALE;P;850;1250;L;3,4;5,1;L;
NORD-OVEST;PIEMONTE;TO;1001243;A1LX; ;H873;SAN GILLIO;D;D2;TO00003390;20;Abitazioni civili;OTTIMO; ;1250;1800;L;4,6;6,7;L;
NORD-OVEST;PIEMONTE;TO;1001243;A1LX; ;H873;SAN GILLIO;D;D2;TO00003390;13;Box;NORMALE;P;470;710;L;2,8;4,2;L;
NORD-OVEST;PIEMONTE;TO;1001244;A1LZ; ;H890;SAN GIORGIO CANAVESE;B;B1;TO00000695;20;Abitazioni civili;NORMALE;P;660;990;L;3,3;5;L;
NORD-OVEST;PIEMONTE;TO;1001244;A1LZ; ;H890;SAN GIORGIO CANAVESE;B;B1;TO00000695;21;Abitazioni di tipo economico;NORMALE;P;420;630;L;2,6;3,8;L;
NORD-OVEST;PIEMONTE;TO;1001244;A1LZ; ;H890;SAN GIORGIO CANAVESE;B;B1;TO00000695;13;Box;NORMALE;P;440;660;L;2,7;4;L;
NORD-OVEST;PIEMONTE;TO;1001244;A1LZ; ;H890;SAN GIORGIO CANAVESE;B;B1;TO00000695;9;Magazzini;NORMALE;P;300;450;L;1,9;2,8;L;
NORD-OVEST;PIEMONTE;TO;1001244;A1LZ; ;H890;SAN GIORGIO CANAVESE;B;B1;TO00000695;5;Negozi;NORMALE;P;410;820;L;3,4;6,7;L;
NORD-OVEST;PIEMONTE;TO;1001244;A1LZ; ;H890;SAN GIORGIO CANAVESE;B;B1;TO00000695;6;Uffici;NORMALE;P;450;770;L;2,4;4,8;L;
NORD-OVEST;PIEMONTE;TO;1001244;A1LZ; ;H890;SAN GIORGIO CANAVESE;B;B1;TO00000695;8;Capannoni industriali;NORMALE;P;200;400;L;1,4;2,8;L;
NORD-OVEST;PIEMONTE;TO;1001244;A1LZ; ;H890;SAN GIORGIO CANAVESE;B;B1;TO00000695;10;Laboratori;NORMALE;P;320;600;L;1,6;3,2;L;
NORD-OVEST;PIEMONTE;TO;1001245;A1MA; ;H900;SAN GIORIO DI SUSA;B;B1;TO00000697;20;Abitazioni civili;NORMALE;P;580;870;L;3,1;4,6;L;
NORD-OVEST;PIEMONTE;TO;1001245;A1MA; ;H900;SAN GIORIO DI SUSA;B;B1;TO00000697;21;Abitazioni di tipo economico;NORMALE;P;350;520;L;2,8;4,2;L;
NORD-OVEST;PIEMONTE;TO;1001245;A1MA; ;H900;SAN GIORIO DI SUSA;B;B1;TO00000697;13;Box;NORMALE;P;380;560;L;2,1;3;L;
NORD-OVEST;PIEMONTE;TO;1001245;A1MA; ;H900;SAN GIORIO DI SUSA;B;B1;TO00000697;1;Ville e Villini;NORMALE;P;740;1100;L;2,9;4,3;L;
NORD-OVEST;PIEMONTE;TO;1001245;A1MA; ;H900;SAN GIORIO DI SUSA;B;B1;TO00000697;9;Magazzini;NORMALE;P;240;350;L;1,5;2,1;L;
NORD-OVEST;PIEMONTE;TO;1001245;A1MA; ;H900;SAN GIORIO DI SUSA;B;B1;TO00000697;5;Negozi;NORMALE;P;380;760;L;2,7;5,4;L;
NORD-OVEST;PIEMONTE;TO;1001246;A1MC; ;H936;SAN GIUSTO CANAVESE;B;B1;TO00000699;20;Abitazioni civili;NORMALE;P;540;820;L;3,3;5;L;
NORD-OVEST;PIEMONTE;TO;1001246;A1MC; ;H936;SAN GIUSTO CANAVESE;B;B1;TO00000699;21;Abitazioni di tipo economico;NORMALE;P;390;580;L;2,6;3,8;L;
NORD-OVEST;PIEMONTE;TO;1001246;A1MC; ;H936;SAN GIUSTO CANAVESE;B;B1;TO00000699;13;Box;NORMALE;P;380;570;L;2,7;4;L;
NORD-OVEST;PIEMONTE;TO;1001246;A1MC; ;H936;SAN GIUSTO CANAVESE;B;B1;TO00000699;9;Magazzini;NORMALE;P;260;390;L;1,7;2,4;L;
NORD-OVEST;PIEMONTE;TO;1001246;A1MC; ;H936;SAN GIUSTO CANAVESE;B;B1;TO00000699;5;Negozi;NORMALE;P;410;820;L;3,6;7,2;L;
NORD-OVEST;PIEMONTE;TO;1001246;A1MC; ;H936;SAN GIUSTO CANAVESE;B;B1;TO00000699;6;Uffici;NORMALE;P;450;770;L;2,4;4,8;L;
NORD-OVEST;PIEMONTE;TO;1001246;A1MC; ;H936;SAN GIUSTO CANAVESE;B;B1;TO00000699;8;Capannoni industriali;NORMALE;P;200;400;L;1,5;2,9;L;
NORD-OVEST;PIEMONTE;TO;1001246;A1MC; ;H936;SAN GIUSTO CANAVESE;B;B1;TO00000699;10;Laboratori;NORMALE;P;290;530;L;1,5;2,9;L;
NORD-OVEST;PIEMONTE;TO;1001247;A1MD; ;H997;SAN MARTINO CANAVESE;B;B1;TO00000701;20;Abitazioni civili;NORMALE;P;460;690;L;2,1;3,2;L;
NORD-OVEST;PIEMONTE;TO;1001247;A1MD; ;H997;SAN MARTINO CANAVESE;B;B1;TO00000701;21;Abitazioni di tipo economico;NORMALE;P;310;460;L;1,8;2,7;L;
NORD-OVEST;PIEMONTE;TO;1001247;A1MD; ;H997;SAN MARTINO CANAVESE;B;B1;TO00000701;13;Box;NORMALE;P;270;400;L;1,5;2,2;L;
NORD-OVEST;PIEMONTE;TO;1001247;A1MD; ;H997;SAN MARTINO CANAVESE;B;B1;TO00000701;1;Ville e Villini;NORMALE;P;520;780;L;1,9;2,9;L;
NORD-OVEST;PIEMONTE;TO;1001247;A1MD; ;H997;SAN MARTINO CANAVESE;B;B1;TO00000701;9;Magazzini;NORMALE;P;170;250;L;1,1;1,5;L;
NORD-OVEST;PIEMONTE;TO;1001248;A1MF; ;I024;SAN MAURIZIO CANAVESE;B;B1;TO00000702;20;Abitazioni civili;NORMALE;P;870;1300;L;5,4;8,1;L;
NORD-OVEST;PIEMONTE;TO;1001248;A1MF; ;I024;SAN MAURIZIO CANAVESE;B;B1;TO00000702;21;Abitazioni di tipo economico;NORMALE;P;740;1100;L;5,1;7,6;L;
NORD-OVEST;PIEMONTE;TO;1001248;A1MF; ;I024;SAN MAURIZIO CANAVESE;B;B1;TO00000702;13;Box;NORMALE;P;580;870;L;3,4;5,1;L;
NORD-OVEST;PIEMONTE;TO;1001248;A1MF; ;I024;SAN MAURIZIO CANAVESE;B;B1;TO00000702;5;Negozi;NORMALE;P;650;1300;L;5,3;10,6;L;
NORD-OVEST;PIEMONTE;TO;1001248;A1MF; ;I024;SAN MAURIZIO CANAVESE;B;B1;TO00000702;6;Uffici;NORMALE;P;530;1050;L;3,8;7,6;L;
NORD-OVEST;PIEMONTE;TO;1001248;A1MF; ;I024;SAN MAURIZIO CANAVESE;C;C1;TO00000703;20;Abitazioni civili;NORMALE;P;1000;1500;L;4,1;6,2;L;
NORD-OVEST;PIEMONTE;TO;1001248;A1MF; ;I024;SAN MAURIZIO CANAVESE;C;C1;TO00000703;20;Abitazioni civili;OTTIMO; ;1450;2150;L;5,4;8,1;L;
NORD-OVEST;PIEMONTE;TO;1001248;A1MF; ;I024;SAN MAURIZIO CANAVESE;C;C1;TO00000703;21;Abitazioni di tipo economico;NORMALE;P;730;1100;L;4;6;L;
NORD-OVEST;PIEMONTE;TO;1001248;A1MF; ;I024;SAN MAURIZIO CANAVESE;C;C1;TO00000703;13;Box;NORMALE;P;500;750;L;3;4,5;L;
NORD-OVEST;PIEMONTE;TO;1001248;A1MF; ;I024;SAN MAURIZIO CANAVESE;C;C1;TO00000703;1;Ville e Villini;NORMALE;P;1050;1550;L;4,3;6,5;L;
NORD-OVEST;PIEMONTE;TO;1001248;A1MF; ;I024;SAN MAURIZIO CANAVESE;C;C1;TO00000703;9;Magazzini;NORMALE;P;340;510;L;2;2,9;L;
NORD-OVEST;PIEMONTE;TO;1001248;A1MF; ;I024;SAN MAURIZIO CANAVESE;C;C1;TO00000703;5;Negozi;NORMALE;P;630;1250;L;4,7;9,4;L;
NORD-OVEST;PIEMONTE;TO;1001248;A1MF; ;I024;SAN MAURIZIO CANAVESE;C;C1;TO00000703;8;Capannoni industriali;NORMALE;P;240;480;L;1,7;3,4;L;
NORD-OVEST;PIEMONTE;TO;1001248;A1MF; ;I024;SAN MAURIZIO CANAVESE;C;C1;TO00000703;10;Laboratori;NORMALE;P;360;560;L;2,2;3,6;L;
NORD-OVEST;PIEMONTE;TO;1001248;A1MF; ;I024;SAN MAURIZIO CANAVESE;D;D1;TO00001275;20;Abitazioni civili;NORMALE;P;1150;1700;L;5,1;7,7;L;
NORD-OVEST;PIEMONTE;TO;1001248;A1MF; ;I024;SAN MAURIZIO CANAVESE;D;D1;TO00001275;13;Box;NORMALE;P;480;720;L;3,2;4,8;L;
NORD-OVEST;PIEMONTE;TO;1001248;A1MF; ;I024;SAN MAURIZIO CANAVESE;D;D1;TO00001275;1;Ville e Villini;NORMALE;P;930;1400;L;3,9;5,9;L;
NORD-OVEST;PIEMONTE;TO;1001248;A1MF; ;I024;SAN MAURIZIO CANAVESE;D;D1;TO00001275;1;Ville e Villini;OTTIMO; ;1400;2100;L;4,7;7,1;L;
NORD-OVEST;PIEMONTE;TO;1001248;A1MF; ;I024;SAN MAURIZIO CANAVESE;D;D1;TO00001275;9;Magazzini;NORMALE;P;360;540;L;2,3;3,4;L;
NORD-OVEST;PIEMONTE;TO;1001248;A1MF; ;I024;SAN MAURIZIO CANAVESE;D;D1;TO00001275;6;Uffici;NORMALE;P;500;1000;L;3,5;7;L;
NORD-OVEST;PIEMONTE;TO;1001248;A1MF; ;I024;SAN MAURIZIO CANAVESE;D;D1;TO00001275;8;Capannoni industriali;NORMALE;P;240;480;L;1,7;3,4;L;
NORD-OVEST;PIEMONTE;TO;1001248;A1MF; ;I024;SAN MAURIZIO CANAVESE;D;D1;TO00001275;10;Laboratori;NORMALE;P;380;620;L;2,3;4,1;L;
NORD-OVEST;PIEMONTE;TO;1001248;A1MF; ;I024;SAN MAURIZIO CANAVESE;D;D2;TO00001276;8;Capannoni industriali;NORMALE;P;240;480;L;1,7;3,4;L;
NORD-OVEST;PIEMONTE;TO;1001248;A1MF; ;I024;SAN MAURIZIO CANAVESE;E;E2;TO00001278;20;Abitazioni civili;NORMALE;P;1000;1500;L;4,1;6,2;L;
NORD-OVEST;PIEMONTE;TO;1001248;A1MF; ;I024;SAN MAURIZIO CANAVESE;E;E2;TO00001278;13;Box;NORMALE;P;480;720;L;3,3;4,9;L;
NORD-OVEST;PIEMONTE;TO;1001248;A1MF; ;I024;SAN MAURIZIO CANAVESE;E;E2;TO00001278;1;Ville e Villini;NORMALE;P;1000;1500;L;3,5;5,3;L;
NORD-OVEST;PIEMONTE;TO;1001249;A1MG; ;I030;SAN MAURO TORINESE;B;B1;TO00000704;21;Abitazioni di tipo economico;NORMALE;P;1000;1500;L;5,4;8,1;L;
NORD-OVEST;PIEMONTE;TO;1001249;A1MG; ;I030;SAN MAURO TORINESE;B;B1;TO00000704;13;Box;NORMALE;P;700;1050;L;4,3;6,4;L;
NORD-OVEST;PIEMONTE;TO;1001249;A1MG; ;I030;SAN MAURO TORINESE;B;B1;TO00000704;5;Negozi;NORMALE;P;650;1300;L;5,9;11,8;L;
NORD-OVEST;PIEMONTE;TO;1001249;A1MG; ;I030;SAN MAURO TORINESE;B;B1;TO00000704;6;Uffici;NORMALE;P;580;1150;L;3,7;7,4;L;
NORD-OVEST;PIEMONTE;TO;1001249;A1MG; ;I030;SAN MAURO TORINESE;C;C1;TO00000705;20;Abitazioni civili;NORMALE;P;1200;1800;L;5,4;8;L;
NORD-OVEST;PIEMONTE;TO;1001249;A1MG; ;I030;SAN MAURO TORINESE;C;C1;TO00000705;21;Abitazioni di tipo economico;NORMALE;P;900;1350;L;4,3;6,4;L;
NORD-OVEST;PIEMONTE;TO;1001249;A1MG; ;I030;SAN MAURO TORINESE;C;C1;TO00000705;13;Box;NORMALE;P;700;1050;L;3,6;5,4;L;
NORD-OVEST;PIEMONTE;TO;1001249;A1MG; ;I030;SAN MAURO TORINESE;C;C1;TO00000705;5;Negozi;NORMALE;P;630;1250;L;4,8;9,6;L;
NORD-OVEST;PIEMONTE;TO;1001249;A1MG; ;I030;SAN MAURO TORINESE;C;C3;TO00001347;20;Abitazioni civili;NORMALE;P;1200;1800;L;4,5;6,6;L;
NORD-OVEST;PIEMONTE;TO;1001249;A1MG; ;I030;SAN MAURO TORINESE;C;C3;TO00001347;21;Abitazioni di tipo economico;NORMALE;P;870;1300;L;4,3;6,4;L;
NORD-OVEST;PIEMONTE;TO;1001249;A1MG; ;I030;SAN MAURO TORINESE;C;C3;TO00001347;13;Box;NORMALE;P;650;970;L;3,6;5,4;L;
NORD-OVEST;PIEMONTE;TO;1001249;A1MG; ;I030;SAN MAURO TORINESE;C;C3;TO00001347;1;Ville e Villini;NORMALE;P;1000;1500;L;4,5;6,7;L;
NORD-OVEST;PIEMONTE;TO;1001249;A1MG; ;I030;SAN MAURO TORINESE;D;D1;TO00001350;20;Abitazioni civili;OTTIMO; ;1650;2450;L;6,5;9,8;L;
NORD-OVEST;PIEMONTE;TO;1001249;A1MG; ;I030;SAN MAURO TORINESE;D;D1;TO00001350;20;Abitazioni civili;NORMALE;P;1300;1950;L;5,4;8,1;L;
NORD-OVEST;PIEMONTE;TO;1001249;A1MG; ;I030;SAN MAURO TORINESE;D;D1;TO00001350;21;Abitazioni di tipo economico;NORMALE;P;1050;1550;L;5,1;7,6;L;
NORD-OVEST;PIEMONTE;TO;1001249;A1MG; ;I030;SAN MAURO TORINESE;D;D1;TO00001350;13;Box;NORMALE;P;640;960;L;3,5;5,3;L;
NORD-OVEST;PIEMONTE;TO;1001249;A1MG; ;I030;SAN MAURO TORINESE;D;D1;TO00001350;1;Ville e Villini;NORMALE;P;1100;1650;L;3,6;5,4;L;
NORD-OVEST;PIEMONTE;TO;1001249;A1MG; ;I030;SAN MAURO TORINESE;D;D1;TO00001350;8;Capannoni industriali;NORMALE;P;180;340;L;1,5;2,9;L;
NORD-OVEST;PIEMONTE;TO;1001249;A1MG; ;I030;SAN MAURO TORINESE;D;D1;TO00001350;7;Capannoni tipici;NORMALE;P;200;400;L;1,6;3,1;L;
NORD-OVEST;PIEMONTE;TO;1001249;A1MG; ;I030;SAN MAURO TORINESE;D;D4;TO00003530;20;Abitazioni civili;NORMALE;P;1100;1650;L;3,9;5,9;L;
NORD-OVEST;PIEMONTE;TO;1001249;A1MG; ;I030;SAN MAURO TORINESE;D;D4;TO00003530;20;Abitazioni civili;OTTIMO; ;1650;2500;L;5,9;8,9;L;
NORD-OVEST;PIEMONTE;TO;1001249;A1MG; ;I030;SAN MAURO TORINESE;D;D4;TO00003530;21;Abitazioni di tipo economico;NORMALE;P;900;1350;L;3,5;5,3;L;
NORD-OVEST;PIEMONTE;TO;1001249;A1MG; ;I030;SAN MAURO TORINESE;D;D4;TO00003530;13;Box;NORMALE;P;600;900;L;3,4;5;L;
NORD-OVEST;PIEMONTE;TO;1001249;A1MG; ;I030;SAN MAURO TORINESE;D;D4;TO00003530;1;Ville e Villini;NORMALE;P;1000;1500;L;4;6;L;
NORD-OVEST;PIEMONTE;TO;1001249;A1MG; ;I030;SAN MAURO TORINESE;D;D5;TO00003531;20;Abitazioni civili;NORMALE;P;1250;1850;L;5,3;7,9;L;
NORD-OVEST;PIEMONTE;TO;1001249;A1MG; ;I030;SAN MAURO TORINESE;D;D5;TO00003531;21;Abitazioni di tipo economico;NORMALE;P;1000;1500;L;4,4;6,6;L;
NORD-OVEST;PIEMONTE;TO;1001249;A1MG; ;I030;SAN MAURO TORINESE;D;D5;TO00003531;13;Box;NORMALE;P;670;1000;L;3,6;5,4;L;
NORD-OVEST;PIEMONTE;TO;1001249;A1MG; ;I030;SAN MAURO TORINESE;D;D5;TO00003531;1;Ville e Villini;NORMALE;P;1200;1750;L;4,8;7,2;L;
NORD-OVEST;PIEMONTE;TO;1001250;A1MH; ;I090;SAN PIETRO VAL LEMINA;B;B1;TO00000707;20;Abitazioni civili;NORMALE;P;770;1150;L;3,6;5,3;L;
NORD-OVEST;PIEMONTE;TO;1001250;A1MH; ;I090;SAN PIETRO VAL LEMINA;B;B1;TO00000707;21;Abitazioni di tipo economico;NORMALE;P;550;820;L;2,7;4;L;
NORD-OVEST;PIEMONTE;TO;1001250;A1MH; ;I090;SAN PIETRO VAL LEMINA;B;B1;TO00000707;13;Box;NORMALE;P;450;670;L;2,2;3,3;L;
NORD-OVEST;PIEMONTE;TO;1001250;A1MH; ;I090;SAN PIETRO VAL LEMINA;B;B1;TO00000707;9;Magazzini;NORMALE;P;340;510;L;2,3;3,4;L;
NORD-OVEST;PIEMONTE;TO;1001250;A1MH; ;I090;SAN PIETRO VAL LEMINA;B;B1;TO00000707;5;Negozi;NORMALE;P;490;980;L;3,5;7;L;
NORD-OVEST;PIEMONTE;TO;1001251;A1MI; ;I126;SAN PONSO;B;B1;TO00000709;21;Abitazioni di tipo economico;NORMALE;P;400;600;L;2,4;3,5;L;
NORD-OVEST;PIEMONTE;TO;1001251;A1MI; ;I126;SAN PONSO;B;B1;TO00000709;13;Box;NORMALE;P;400;600;L;2,6;3,8;L;
NORD-OVEST;PIEMONTE;TO;1001251;A1MI; ;I126;SAN PONSO;B;B1;TO00000709;9;Magazzini;NORMALE;P;240;360;L;1,4;2,1;L;
NORD-OVEST;PIEMONTE;TO;1001251;A1MI; ;I126;SAN PONSO;B;B1;TO00000709;8;Capannoni industriali;NORMALE;P;200;380;L;1,3;2,6;L;
NORD-OVEST;PIEMONTE;TO;1001252;A1MJ; ;I137;SAN RAFFAELE CIMENA;B;B1;TO00000711;20;Abitazioni civili;OTTIMO; ;1150;1700;L;4,5;6,7;L;
NORD-OVEST;PIEMONTE;TO;1001252;A1MJ; ;I137;SAN RAFFAELE CIMENA;B;B1;TO00000711;20;Abitazioni civili;NORMALE;P;710;1050;L;3,6;5,4;L;
NORD-OVEST;PIEMONTE;TO;1001252;A1MJ; ;I137;SAN RAFFAELE CIMENA;B;B1;TO00000711;21;Abitazioni di tipo economico;NORMALE;P;590;890;L;3,4;5,1;L;
NORD-OVEST;PIEMONTE;TO;1001252;A1MJ; ;I137;SAN RAFFAELE CIMENA;B;B1;TO00000711;13;Box;NORMALE;P;420;630;L;2,5;3,7;L;
NORD-OVEST;PIEMONTE;TO;1001252;A1MJ; ;I137;SAN RAFFAELE CIMENA;B;B1;TO00000711;1;Ville e Villini;NORMALE;P;700;1050;L;3,1;4,7;L;
NORD-OVEST;PIEMONTE;TO;1001252;A1MJ; ;I137;SAN RAFFAELE CIMENA;B;B1;TO00000711;1;Ville e Villini;OTTIMO; ;1100;1650;L;3,7;5,6;L;
NORD-OVEST;PIEMONTE;TO;1001252;A1MJ; ;I137;SAN RAFFAELE CIMENA;B;B1;TO00000711;9;Magazzini;NORMALE;P;260;390;L;2;3;L;
NORD-OVEST;PIEMONTE;TO;1001252;A1MJ; ;I137;SAN RAFFAELE CIMENA;B;B1;TO00000711;5;Negozi;NORMALE;P;460;920;L;4,4;8,8;L;
NORD-OVEST;PIEMONTE;TO;1001252;A1MJ; ;I137;SAN RAFFAELE CIMENA;D;D1;TO00003690;20;Abitazioni civili;NORMALE;P;810;1200;L;3,7;5,6;L;
NORD-OVEST;PIEMONTE;TO;1001252;A1MJ; ;I137;SAN RAFFAELE CIMENA;D;D1;TO00003690;1;Ville e Villini;NORMALE;P;900;1350;L;3,5;5,3;L;
NORD-OVEST;PIEMONTE;TO;1001253;A1MK; ;I152;SAN SEBASTIANO DA PO;B;B1;TO00000713;20;Abitazioni civili;NORMALE;P;720;1050;L;3,8;5,7;L;
NORD-OVEST;PIEMONTE;TO;1001253;A1MK; ;I152;SAN SEBASTIANO DA PO;B;B1;TO00000713;21;Abitazioni di tipo economico;NORMALE;P;480;720;L;3;4,5;L;
NORD-OVEST;PIEMONTE;TO;1001253;A1MK; ;I152;SAN SEBASTIANO DA PO;B;B1;TO00000713;13;Box;NORMALE;P;360;530;L;2,2;3,3;L;
NORD-OVEST;PIEMONTE;TO;1001253;A1MK; ;I152;SAN SEBASTIANO DA PO;B;B1;TO00000713;1;Ville e Villini;NORMALE;P;750;1100;L;3,2;4,8;L;
NORD-OVEST;PIEMONTE;TO;1001253;A1MK; ;I152;SAN SEBASTIANO DA PO;B;B1;TO00000713;9;Magazzini;NORMALE;P;250;370;L;1,6;2,3;L;
NORD-OVEST;PIEMONTE;TO;1001253;A1MK; ;I152;SAN SEBASTIANO DA PO;B;B1;TO00000713;5;Negozi;NORMALE;P;410;820;L;3,5;7;L;
NORD-OVEST;PIEMONTE;TO;1001254;A1ML; ;I154;SAN SECONDO DI PINEROLO;B;B1;TO00000715;20;Abitazioni civili;NORMALE;P;900;1300;L;4;6;L;
NORD-OVEST;PIEMONTE;TO;1001254;A1ML; ;I154;SAN SECONDO DI PINEROLO;B;B1;TO00000715;21;Abitazioni di tipo economico;NORMALE;P;590;880;L;3,4;5;L;
NORD-OVEST;PIEMONTE;TO;1001254;A1ML; ;I154;SAN SECONDO DI PINEROLO;B;B1;TO00000715;13;Box;NORMALE;P;510;760;L;2,7;4,1;L;
NORD-OVEST;PIEMONTE;TO;1001254;A1ML; ;I154;SAN SECONDO DI PINEROLO;B;B1;TO00000715;1;Ville e Villini;NORMALE;P;760;1150;L;2,9;4,3;L;
NORD-OVEST;PIEMONTE;TO;1001254;A1ML; ;I154;SAN SECONDO DI PINEROLO;B;B1;TO00000715;1;Ville e Villini;OTTIMO; ;1100;1600;L;3,6;5,3;L;
NORD-OVEST;PIEMONTE;TO;1001254;A1ML; ;I154;SAN SECONDO DI PINEROLO;B;B1;TO00000715;5;Negozi;NORMALE;P;530;1050;L;4,2;7,8;L;
NORD-OVEST;PIEMONTE;TO;1001254;A1ML; ;I154;SAN SECONDO DI PINEROLO;E;E2;TO00001152;20;Abitazioni civili;NORMALE;P;660;990;L;3,3;5;L;
NORD-OVEST;PIEMONTE;TO;1001254;A1ML; ;I154;SAN SECONDO DI PINEROLO;E;E2;TO00001152;13;Box;NORMALE;P;500;750;L;2,7;4,1;L;
NORD-OVEST;PIEMONTE;TO;1001254;A1ML; ;I154;SAN SECONDO DI PINEROLO;E;E2;TO00001152;1;Ville e Villini;NORMALE;P;640;950;L;2,9;4,3;L;
NORD-OVEST;PIEMONTE;TO;1001254;A1ML; ;I154;SAN SECONDO DI PINEROLO;E;E2;TO00001152;1;Ville e Villini;OTTIMO; ;890;1350;L;3,4;5;L;
NORD-OVEST;PIEMONTE;TO;1001255;A1MM; ;I258;SANT`AMBROGIO DI TORINO;B;B1;TO00000717;20;Abitazioni civili;NORMALE;P;930;1400;L;3,8;5,7;L;
NORD-OVEST;PIEMONTE;TO;1001255;A1MM; ;I258;SANT`AMBROGIO DI TORINO;B;B1;TO00000717;21;Abitazioni di tipo economico;NORMALE;P;530;800;L;3,4;5,1;L;
NORD-OVEST;PIEMONTE;TO;1001255;A1MM; ;I258;SANT`AMBROGIO DI TORINO;B;B1;TO00000717;13;Box;NORMALE;P;370;560;L;2,5;3,8;L;
NORD-OVEST;PIEMONTE;TO;1001255;A1MM; ;I258;SANT`AMBROGIO DI TORINO;B;B1;TO00000717;1;Ville e Villini;NORMALE;P;730;1050;L;2,9;4,4;L;
NORD-OVEST;PIEMONTE;TO;1001255;A1MM; ;I258;SANT`AMBROGIO DI TORINO;B;B1;TO00000717;9;Magazzini;NORMALE;P;240;360;L;1,7;2,6;L;
NORD-OVEST;PIEMONTE;TO;1001255;A1MM; ;I258;SANT`AMBROGIO DI TORINO;B;B1;TO00000717;5;Negozi;NORMALE;P;410;820;L;3,4;6,8;L;
NORD-OVEST;PIEMONTE;TO;1001255;A1MM; ;I258;SANT`AMBROGIO DI TORINO;B;B1;TO00000717;8;Capannoni industriali;NORMALE;P;250;490;L;1,6;3,1;L;
NORD-OVEST;PIEMONTE;TO;1001255;A1MM; ;I258;SANT`AMBROGIO DI TORINO;B;B1;TO00000717;10;Laboratori;NORMALE;P;240;480;L;1,5;2,8;L;
NORD-OVEST;PIEMONTE;TO;1001256;A1MN; ;I296;SANT`ANTONINO DI SUSA;B;B1;TO00000719;21;Abitazioni di tipo economico;NORMALE;P;530;800;L;3,8;5,7;L;
NORD-OVEST;PIEMONTE;TO;1001256;A1MN; ;I296;SANT`ANTONINO DI SUSA;B;B1;TO00000719;13;Box;NORMALE;P;330;500;L;2,6;3,9;L;
NORD-OVEST;PIEMONTE;TO;1001256;A1MN; ;I296;SANT`ANTONINO DI SUSA;B;B1;TO00000719;5;Negozi;NORMALE;P;450;900;L;4;8;L;
NORD-OVEST;PIEMONTE;TO;1001256;A1MN; ;I296;SANT`ANTONINO DI SUSA;C;C1;TO00001109;20;Abitazioni civili;NORMALE;P;640;960;L;3,8;5,7;L;
NORD-OVEST;PIEMONTE;TO;1001256;A1MN; ;I296;SANT`ANTONINO DI SUSA;C;C1;TO00001109;21;Abitazioni di tipo economico;NORMALE;P;440;660;L;3,4;5,1;L;
NORD-OVEST;PIEMONTE;TO;1001256;A1MN; ;I296;SANT`ANTONINO DI SUSA;C;C1;TO00001109;13;Box;NORMALE;P;390;570;L;2,7;4;L;
NORD-OVEST;PIEMONTE;TO;1001256;A1MN; ;I296;SANT`ANTONINO DI SUSA;C;C1;TO00001109;1;Ville e Villini;NORMALE;P;770;1150;L;2,9;4,3;L;
NORD-OVEST;PIEMONTE;TO;1001256;A1MN; ;I296;SANT`ANTONINO DI SUSA;D;D1;TO00001110;8;Capannoni industriali;NORMALE;P;250;490;L;1,7;3,3;L;
NORD-OVEST;PIEMONTE;TO;1001257;A1MP; ;I327;SANTENA;B;B1;TO00000937;20;Abitazioni civili;NORMALE;P;800;1200;L;4,2;6,3;L;
NORD-OVEST;PIEMONTE;TO;1001257;A1MP; ;I327;SANTENA;B;B1;TO00000937;21;Abitazioni di tipo economico;NORMALE;P;650;950;L;4;5,9;L;
NORD-OVEST;PIEMONTE;TO;1001257;A1MP; ;I327;SANTENA;B;B1;TO00000937;5;Negozi;NORMALE;P;650;1300;L;5,2;10,3;L;
NORD-OVEST;PIEMONTE;TO;1001257;A1MP; ;I327;SANTENA;D;D1;TO00002522;20;Abitazioni civili;NORMALE;P;870;1300;L;4,1;6,1;L;
NORD-OVEST;PIEMONTE;TO;1001257;A1MP; ;I327;SANTENA;D;D1;TO00002522;9;Magazzini;NORMALE;P;330;490;L;2,1;3,1;L;
NORD-OVEST;PIEMONTE;TO;1001257;A1MP; ;I327;SANTENA;D;D1;TO00002522;8;Capannoni industriali;NORMALE;P;290;580;L;1,9;3,8;L;
NORD-OVEST;PIEMONTE;TO;1001258;A1MQ; ;I465;SAUZE DI CESANA;B;B1;TO00000723;20;Abitazioni civili;NORMALE;P;1350;2050;L;5,4;8,1;L;
NORD-OVEST;PIEMONTE;TO;1001258;A1MQ; ;I465;SAUZE DI CESANA;B;B1;TO00000723;13;Box;NORMALE;P;930;1400;L;5,4;8,1;L;
NORD-OVEST;PIEMONTE;TO;1001258;A1MQ; ;I465;SAUZE DI CESANA;E;E2;TO00002070;20;Abitazioni civili;NORMALE;P;1350;2000;L;5,6;8,5;L;
NORD-OVEST;PIEMONTE;TO;1001259;A1MR; ;I466;SAUZE D`OULX;B;B1;TO00000731;20;Abitazioni civili;NORMALE;P;2100;3100;L;7,2;10,8;L;
NORD-OVEST;PIEMONTE;TO;1001259;A1MR; ;I466;SAUZE D`OULX;B;B1;TO00000731;21;Abitazioni di tipo economico;NORMALE;P;1900;2800;L;5,8;8,6;L;
NORD-OVEST;PIEMONTE;TO;1001259;A1MR; ;I466;SAUZE D`OULX;B;B1;TO00000731;13;Box;NORMALE;P;1050;1600;L;5,6;8,4;L;
NORD-OVEST;PIEMONTE;TO;1001259;A1MR; ;I466;SAUZE D`OULX;B;B1;TO00000731;5;Negozi;NORMALE;P;1100;2200;L;6,7;13,4;L;
NORD-OVEST;PIEMONTE;TO;1001259;A1MR; ;I466;SAUZE D`OULX;D;D2;TO00002524;20;Abitazioni civili;OTTIMO; ;2700;4100;L;7,8;11,7;L;
NORD-OVEST;PIEMONTE;TO;1001259;A1MR; ;I466;SAUZE D`OULX;D;D2;TO00002524;20;Abitazioni civili;NORMALE;P;2000;3000;L;6,5;9,8;L;
NORD-OVEST;PIEMONTE;TO;1001259;A1MR; ;I466;SAUZE D`OULX;D;D2;TO00002524;21;Abitazioni di tipo economico;NORMALE;P;1750;2600;L;5,3;8;L;
NORD-OVEST;PIEMONTE;TO;1001259;A1MR; ;I466;SAUZE D`OULX;D;D2;TO00002524;13;Box;NORMALE;P;930;1400;L;5,5;8,3;L;
NORD-OVEST;PIEMONTE;TO;1001259;A1MR; ;I466;SAUZE D`OULX;D;D2;TO00002524;1;Ville e Villini;NORMALE;P;2100;3100;L;7,2;10,8;L;
NORD-OVEST;PIEMONTE;TO;1001259;A1MR; ;I466;SAUZE D`OULX;D;D2;TO00002524;5;Negozi;NORMALE;P;1100;2200;L;7;14;L;
NORD-OVEST;PIEMONTE;TO;1001259;A1MR; ;I466;SAUZE D`OULX;E;E2;TO00001182;20;Abitazioni civili;NORMALE;P;1650;2400;L;6,2;9,3;L;
NORD-OVEST;PIEMONTE;TO;1001259;A1MR; ;I466;SAUZE D`OULX;E;E2;TO00001182;13;Box;NORMALE;P;900;1350;L;5,4;8,1;L;
NORD-OVEST;PIEMONTE;TO;1001259;A1MR; ;I466;SAUZE D`OULX;E;E4;TO00001183;20;Abitazioni civili;NORMALE;P;1600;2400;L;5,3;8;L;
NORD-OVEST;PIEMONTE;TO;1001259;A1MR; ;I466;SAUZE D`OULX;E;E4;TO00001183;20;Abitazioni civili;OTTIMO; ;2350;3500;L;6,9;10,3;L;
NORD-OVEST;PIEMONTE;TO;1001259;A1MR; ;I466;SAUZE D`OULX;E;E4;TO00001183;13;Box;NORMALE;P;800;1200;L;5,4;8,1;L;
NORD-OVEST;PIEMONTE;TO;1001260;A1MT; ;I490;SCALENGHE;B;B1;TO00000735;20;Abitazioni civili;NORMALE;P;680;1000;L;3,6;5,4;L;
NORD-OVEST;PIEMONTE;TO;1001260;A1MT; ;I490;SCALENGHE;B;B1;TO00000735;21;Abitazioni di tipo economico;NORMALE;P;620;930;L;3,2;4,8;L;
NORD-OVEST;PIEMONTE;TO;1001260;A1MT; ;I490;SCALENGHE;B;B1;TO00000735;13;Box;NORMALE;P;450;680;L;2,5;3,7;L;
NORD-OVEST;PIEMONTE;TO;1001260;A1MT; ;I490;SCALENGHE;B;B1;TO00000735;9;Magazzini;NORMALE;P;310;460;L;1,9;2,8;L;
NORD-OVEST;PIEMONTE;TO;1001260;A1MT; ;I490;SCALENGHE;B;B1;TO00000735;5;Negozi;NORMALE;P;430;860;L;3,3;6,6;L;
NORD-OVEST;PIEMONTE;TO;1001260;A1MT; ;I490;SCALENGHE;B;B1;TO00000735;8;Capannoni industriali;NORMALE;P;250;470;L;1,6;3,1;L;
NORD-OVEST;PIEMONTE;TO;1001261;A1MU; ;I511;SCARMAGNO;B;B1;TO00000737;20;Abitazioni civili;NORMALE;P;470;700;L;2,3;3,5;L;
NORD-OVEST;PIEMONTE;TO;1001261;A1MU; ;I511;SCARMAGNO;B;B1;TO00000737;21;Abitazioni di tipo economico;NORMALE;P;360;530;L;2,1;3,1;L;
NORD-OVEST;PIEMONTE;TO;1001261;A1MU; ;I511;SCARMAGNO;B;B1;TO00000737;13;Box;NORMALE;P;290;440;L;1,6;2,4;L;
NORD-OVEST;PIEMONTE;TO;1001261;A1MU; ;I511;SCARMAGNO;B;B1;TO00000737;1;Ville e Villini;NORMALE;P;520;780;L;2;3;L;
NORD-OVEST;PIEMONTE;TO;1001261;A1MU; ;I511;SCARMAGNO;D;D1;TO00001130;8;Capannoni industriali;NORMALE;P;150;290;L;1,1;2,2;L;
NORD-OVEST;PIEMONTE;TO;1001261;A1MU; ;I511;SCARMAGNO;E;E1;TO00002830;21;Abitazioni di tipo economico;NORMALE;P;380;570;L;2,1;3,1;L;
NORD-OVEST;PIEMONTE;TO;1001261;A1MU; ;I511;SCARMAGNO;E;E1;TO00002830;13;Box;NORMALE;P;290;440;L;1,6;2,4;L;
NORD-OVEST;PIEMONTE;TO;1001261;A1MU; ;I511;SCARMAGNO;E;E1;TO00002830;1;Ville e Villini;NORMALE;P;560;840;L;1,9;2,8;L;
NORD-OVEST;PIEMONTE;TO;1001261;A1MU; ;I511;SCARMAGNO;E;E1;TO00002830;9;Magazzini;NORMALE;P;210;300;L;1,4;1,9;L;
NORD-OVEST;PIEMONTE;TO;1001262;A1MV; ;I539;SCIOLZE;B;B1;TO00000739;20;Abitazioni civili;NORMALE;P;700;1050;L;3,3;4,9;L;
NORD-OVEST;PIEMONTE;TO;1001262;A1MV; ;I539;SCIOLZE;B;B1;TO00000739;21;Abitazioni di tipo economico;NORMALE;P;490;730;L;2,9;4,4;L;
NORD-OVEST;PIEMONTE;TO;1001262;A1MV; ;I539;SCIOLZE;B;B1;TO00000739;13;Box;NORMALE;P;370;550;L;2,5;3,7;L;
NORD-OVEST;PIEMONTE;TO;1001262;A1MV; ;I539;SCIOLZE;B;B1;TO00000739;1;Ville e Villini;NORMALE;P;750;1100;L;3,4;5,1;L;
NORD-OVEST;PIEMONTE;TO;1001262;A1MV; ;I539;SCIOLZE;B;B1;TO00000739;9;Magazzini;NORMALE;P;250;380;L;1,8;2,7;L;
NORD-OVEST;PIEMONTE;TO;1001263;A1MW; ;I692;SESTRIERE;B;B1;TO00000741;20;Abitazioni civili;OTTIMO; ;3100;4600;L;10;15,2;L;
NORD-OVEST;PIEMONTE;TO;1001263;A1MW; ;I692;SESTRIERE;B;B1;TO00000741;20;Abitazioni civili;NORMALE;P;2000;3000;L;7,4;11,2;L;
NORD-OVEST;PIEMONTE;TO;1001263;A1MW; ;I692;SESTRIERE;B;B1;TO00000741;21;Abitazioni di tipo economico;NORMALE;P;1850;2800;L;6,9;10,3;L;
NORD-OVEST;PIEMONTE;TO;1001263;A1MW; ;I692;SESTRIERE;B;B1;TO00000741;13;Box;NORMALE;P;1200;1800;L;7,4;11,3;L;
NORD-OVEST;PIEMONTE;TO;1001263;A1MW; ;I692;SESTRIERE;B;B1;TO00000741;14;Posti auto coperti;NORMALE;P;930;1400;L;5,8;8,8;L;
NORD-OVEST;PIEMONTE;TO;1001263;A1MW; ;I692;SESTRIERE;B;B1;TO00000741;9;Magazzini;NORMALE;P;900;1300;L;6;9;L;
NORD-OVEST;PIEMONTE;TO;1001263;A1MW; ;I692;SESTRIERE;B;B1;TO00000741;5;Negozi;NORMALE;P;1700;3400;L;9;18;L;
NORD-OVEST;PIEMONTE;TO;1001263;A1MW; ;I692;SESTRIERE;E;E1;TO00001038;20;Abitazioni civili;NORMALE;P;1500;2250;L;7;10,5;L;
NORD-OVEST;PIEMONTE;TO;1001263;A1MW; ;I692;SESTRIERE;E;E1;TO00001038;21;Abitazioni di tipo economico;NORMALE;P;1250;1850;L;6,3;9,5;L;
NORD-OVEST;PIEMONTE;TO;1001263;A1MW; ;I692;SESTRIERE;E;E1;TO00001038;13;Box;NORMALE;P;900;1350;L;5,3;7,9;L;
NORD-OVEST;PIEMONTE;TO;1001263;A1MW; ;I692;SESTRIERE;E;E1;TO00001038;5;Negozi;NORMALE;P;1050;2050;L;6,3;12,6;L;
NORD-OVEST;PIEMONTE;TO;1001263;A1MW; ;I692;SESTRIERE;E;E2;TO00002831;20;Abitazioni civili;NORMALE;P;1450;2200;L;8,2;12,3;L;
NORD-OVEST;PIEMONTE;TO;1001263;A1MW; ;I692;SESTRIERE;E;E2;TO00002831;21;Abitazioni di tipo economico;NORMALE;P;1200;1800;L;6;9;L;
NORD-OVEST;PIEMONTE;TO;1001263;A1MW; ;I692;SESTRIERE;E;E2;TO00002831;13;Box;NORMALE;P;970;1450;L;5,3;7,9;L;
NORD-OVEST;PIEMONTE;TO;1001264;A1MX; ;I701;SETTIMO ROTTARO;B;B1;TO00000744;21;Abitazioni di tipo economico;NORMALE;P;310;460;L;1,6;2,3;L;
NORD-OVEST;PIEMONTE;TO;1001264;A1MX; ;I701;SETTIMO ROTTARO;B;B1;TO00000744;13;Box;NORMALE;P;240;360;L;1,6;2,4;L;
NORD-OVEST;PIEMONTE;TO;1001264;A1MX; ;I701;SETTIMO ROTTARO;B;B1;TO00000744;1;Ville e Villini;NORMALE;P;440;660;L;1,8;2,5;L;
NORD-OVEST;PIEMONTE;TO;1001264;A1MX; ;I701;SETTIMO ROTTARO;B;B1;TO00000744;9;Magazzini;NORMALE;P;180;260;L;1,1;1,6;L;
NORD-OVEST;PIEMONTE;TO;1001264;A1MX; ;I701;SETTIMO ROTTARO;B;B1;TO00000744;10;Laboratori;NORMALE;P;170;320;L;,9;1,6;L;
NORD-OVEST;PIEMONTE;TO;1001266;A1MY; ;I702;SETTIMO VITTONE;B;B1;TO00000746;20;Abitazioni civili;NORMALE;P;500;750;L;2,8;4,2;L;
NORD-OVEST;PIEMONTE;TO;1001266;A1MY; ;I702;SETTIMO VITTONE;B;B1;TO00000746;21;Abitazioni di tipo economico;NORMALE;P;340;510;L;2,3;3,3;L;
NORD-OVEST;PIEMONTE;TO;1001266;A1MY; ;I702;SETTIMO VITTONE;B;B1;TO00000746;13;Box;NORMALE;P;270;390;L;1,9;2,7;L;
NORD-OVEST;PIEMONTE;TO;1001266;A1MY; ;I702;SETTIMO VITTONE;B;B1;TO00000746;9;Magazzini;NORMALE;P;200;300;L;1,1;1,6;L;
NORD-OVEST;PIEMONTE;TO;1001266;A1MY; ;I702;SETTIMO VITTONE;B;B1;TO00000746;5;Negozi;NORMALE;P;310;620;L;2,7;5,4;L;
NORD-OVEST;PIEMONTE;TO;1001266;A1MY; ;I702;SETTIMO VITTONE;B;B1;TO00000746;8;Capannoni industriali;NORMALE;P;150;290;L;1,1;2;L;
NORD-OVEST;PIEMONTE;TO;1001266;A1MY; ;I702;SETTIMO VITTONE;B;B1;TO00000746;10;Laboratori;NORMALE;P;170;340;L;1,1;2,2;L;
NORD-OVEST;PIEMONTE;TO;1001265;A1MZ; ;I703;SETTIMO TORINESE;B;B1;TO00000748;20;Abitazioni civili;NORMALE;P;930;1400;L;4,7;7,1;L;
NORD-OVEST;PIEMONTE;TO;1001265;A1MZ; ;I703;SETTIMO TORINESE;B;B1;TO00000748;20;Abitazioni civili;OTTIMO; ;1400;2100;L;6,8;10,2;L;
NORD-OVEST;PIEMONTE;TO;1001265;A1MZ; ;I703;SETTIMO TORINESE;B;B1;TO00000748;21;Abitazioni di tipo economico;NORMALE;P;770;1150;L;4,5;6,7;L;
NORD-OVEST;PIEMONTE;TO;1001265;A1MZ; ;I703;SETTIMO TORINESE;B;B1;TO00000748;21;Abitazioni di tipo economico;OTTIMO; ;1250;1900;L;6,5;9,7;L;
NORD-OVEST;PIEMONTE;TO;1001265;A1MZ; ;I703;SETTIMO TORINESE;B;B1;TO00000748;13;Box;NORMALE;P;600;900;L;2,9;4,4;L;
NORD-OVEST;PIEMONTE;TO;1001265;A1MZ; ;I703;SETTIMO TORINESE;B;B1;TO00000748;5;Negozi;NORMALE;P;740;1450;L;7;14;L;
NORD-OVEST;PIEMONTE;TO;1001265;A1MZ; ;I703;SETTIMO TORINESE;B;B1;TO00000748;6;Uffici;NORMALE;P;650;1300;L;5,1;10,2;L;
NORD-OVEST;PIEMONTE;TO;1001265;A1MZ; ;I703;SETTIMO TORINESE;C;C1;TO00001076;20;Abitazioni civili;OTTIMO; ;1650;2450;L;6,5;9,7;L;
NORD-OVEST;PIEMONTE;TO;1001265;A1MZ; ;I703;SETTIMO TORINESE;C;C1;TO00001076;20;Abitazioni civili;NORMALE;P;970;1450;L;4,3;6,5;L;
NORD-OVEST;PIEMONTE;TO;1001265;A1MZ; ;I703;SETTIMO TORINESE;C;C1;TO00001076;21;Abitazioni di tipo economico;NORMALE;P;870;1300;L;4,8;7,2;L;
NORD-OVEST;PIEMONTE;TO;1001265;A1MZ; ;I703;SETTIMO TORINESE;C;C1;TO00001076;13;Box;NORMALE;P;540;820;L;3;4,5;L;
NORD-OVEST;PIEMONTE;TO;1001265;A1MZ; ;I703;SETTIMO TORINESE;C;C1;TO00001076;1;Ville e Villini;NORMALE;P;1200;1800;L;4;6;L;
NORD-OVEST;PIEMONTE;TO;1001265;A1MZ; ;I703;SETTIMO TORINESE;C;C1;TO00001076;5;Negozi;NORMALE;P;580;1150;L;6;12;L;
NORD-OVEST;PIEMONTE;TO;1001265;A1MZ; ;I703;SETTIMO TORINESE;C;C1;TO00001076;6;Uffici;NORMALE;P;650;1300;L;4,9;9,8;L;
NORD-OVEST;PIEMONTE;TO;1001265;A1MZ; ;I703;SETTIMO TORINESE;D;D1;TO00001083;20;Abitazioni civili;NORMALE;P;800;1200;L;4,3;6,4;L;
NORD-OVEST;PIEMONTE;TO;1001265;A1MZ; ;I703;SETTIMO TORINESE;D;D1;TO00001083;8;Capannoni industriali;NORMALE;P;250;490;L;1,7;3,4;L;
NORD-OVEST;PIEMONTE;TO;1001265;A1MZ; ;I703;SETTIMO TORINESE;D;D1;TO00001083;7;Capannoni tipici;NORMALE;P;250;500;L;2,1;4,2;L;
NORD-OVEST;PIEMONTE;TO;1001265;A1MZ; ;I703;SETTIMO TORINESE;E;E3;TO00001079;20;Abitazioni civili;NORMALE;P;940;1400;L;3,6;5,5;L;
NORD-OVEST;PIEMONTE;TO;1001267;A1NB; ;I886;SPARONE;B;B1;TO00000750;21;Abitazioni di tipo economico;NORMALE;P;390;590;L;1,8;2,7;L;
NORD-OVEST;PIEMONTE;TO;1001267;A1NB; ;I886;SPARONE;B;B1;TO00000750;13;Box;NORMALE;P;350;520;L;1,8;2,7;L;
NORD-OVEST;PIEMONTE;TO;1001267;A1NB; ;I886;SPARONE;B;B1;TO00000750;9;Magazzini;NORMALE;P;230;350;L;1,4;2,1;L;
NORD-OVEST;PIEMONTE;TO;1001267;A1NB; ;I886;SPARONE;B;B1;TO00000750;5;Negozi;NORMALE;P;370;740;L;2,3;4,6;L;
NORD-OVEST;PIEMONTE;TO;1001267;A1NB; ;I886;SPARONE;B;B1;TO00000750;8;Capannoni industriali;NORMALE;P;170;340;L;1,2;2,4;L;
NORD-OVEST;PIEMONTE;TO;1001268;A1NC; ;I969;STRAMBINELLO;B;B1;TO00000753;20;Abitazioni civili;NORMALE;P;420;630;L;2,1;3;L;
NORD-OVEST;PIEMONTE;TO;1001268;A1NC; ;I969;STRAMBINELLO;B;B1;TO00000753;21;Abitazioni di tipo economico;NORMALE;P;310;470;L;1,7;2,5;L;
NORD-OVEST;PIEMONTE;TO;1001268;A1NC; ;I969;STRAMBINELLO;B;B1;TO00000753;13;Box;NORMALE;P;260;390;L;1,7;2,5;L;
NORD-OVEST;PIEMONTE;TO;1001268;A1NC; ;I969;STRAMBINELLO;B;B1;TO00000753;9;Magazzini;NORMALE;P;170;260;L;1;1,5;L;
NORD-OVEST;PIEMONTE;TO;1001269;A1ND; ;I970;STRAMBINO;B;B1;TO00000755;20;Abitazioni civili;NORMALE;P;500;750;L;3,6;5,4;L;
NORD-OVEST;PIEMONTE;TO;1001269;A1ND; ;I970;STRAMBINO;B;B1;TO00000755;21;Abitazioni di tipo economico;NORMALE;P;420;630;L;3,1;4,7;L;
NORD-OVEST;PIEMONTE;TO;1001269;A1ND; ;I970;STRAMBINO;B;B1;TO00000755;13;Box;NORMALE;P;420;630;L;3;4,5;L;
NORD-OVEST;PIEMONTE;TO;1001269;A1ND; ;I970;STRAMBINO;B;B1;TO00000755;9;Magazzini;NORMALE;P;280;420;L;1,8;2,7;L;
NORD-OVEST;PIEMONTE;TO;1001269;A1ND; ;I970;STRAMBINO;B;B1;TO00000755;5;Negozi;NORMALE;P;420;840;L;4,1;8,2;L;
NORD-OVEST;PIEMONTE;TO;1001269;A1ND; ;I970;STRAMBINO;B;B1;TO00000755;6;Uffici;NORMALE;P;440;880;L;2,2;4,4;L;
NORD-OVEST;PIEMONTE;TO;1001269;A1ND; ;I970;STRAMBINO;B;B1;TO00000755;10;Laboratori;NORMALE;P;300;530;L;1,6;2,7;L;
NORD-OVEST;PIEMONTE;TO;1001269;A1ND; ;I970;STRAMBINO;C;C1;TO00001279;20;Abitazioni civili;OTTIMO; ;800;1200;L;4,8;7,2;L;
NORD-OVEST;PIEMONTE;TO;1001269;A1ND; ;I970;STRAMBINO;C;C1;TO00001279;20;Abitazioni civili;NORMALE;P;560;840;L;3,3;4,9;L;
NORD-OVEST;PIEMONTE;TO;1001269;A1ND; ;I970;STRAMBINO;C;C1;TO00001279;21;Abitazioni di tipo economico;NORMALE;P;440;660;L;2,8;4,2;L;
NORD-OVEST;PIEMONTE;TO;1001269;A1ND; ;I970;STRAMBINO;C;C1;TO00001279;13;Box;NORMALE;P;390;580;L;2,9;4,3;L;
NORD-OVEST;PIEMONTE;TO;1001269;A1ND; ;I970;STRAMBINO;C;C1;TO00001279;5;Negozi;NORMALE;P;460;920;L;3,8;7,6;L;
NORD-OVEST;PIEMONTE;TO;1001269;A1ND; ;I970;STRAMBINO;C;C1;TO00001279;6;Uffici;NORMALE;P;440;880;L;2,4;4,8;L;
NORD-OVEST;PIEMONTE;TO;1001269;A1ND; ;I970;STRAMBINO;D;D1;TO00001281;9;Magazzini;NORMALE;P;290;440;L;1,8;2,7;L;
NORD-OVEST;PIEMONTE;TO;1001269;A1ND; ;I970;STRAMBINO;D;D1;TO00001281;8;Capannoni industriali;NORMALE;P;210;420;L;1,6;3,1;L;
NORD-OVEST;PIEMONTE;TO;1001269;A1ND; ;I970;STRAMBINO;D;D1;TO00001281;10;Laboratori;NORMALE;P;290;520;L;1,6;2,7;L;
NORD-OVEST;PIEMONTE;TO;1001269;A1ND; ;I970;STRAMBINO;D;D2;TO00001283;20;Abitazioni civili;NORMALE;P;570;860;L;2,8;4,2;L;
NORD-OVEST;PIEMONTE;TO;1001269;A1ND; ;I970;STRAMBINO;D;D2;TO00001283;21;Abitazioni di tipo economico;NORMALE;P;460;690;L;2,4;3,6;L;
NORD-OVEST;PIEMONTE;TO;1001269;A1ND; ;I970;STRAMBINO;D;D2;TO00001283;13;Box;NORMALE;P;390;580;L;2,5;3,8;L;
NORD-OVEST;PIEMONTE;TO;1001269;A1ND; ;I970;STRAMBINO;E;E1;TO00002550;20;Abitazioni civili;NORMALE;P;550;820;L;3;4,5;L;
NORD-OVEST;PIEMONTE;TO;1001269;A1ND; ;I970;STRAMBINO;E;E1;TO00002550;21;Abitazioni di tipo economico;NORMALE;P;420;630;L;2,1;3,1;L;
NORD-OVEST;PIEMONTE;TO;1001269;A1ND; ;I970;STRAMBINO;E;E1;TO00002550;13;Box;NORMALE;P;390;580;L;2,7;4;L;
NORD-OVEST;PIEMONTE;TO;1001269;A1ND; ;I970;STRAMBINO;E;E2;TO00002551;20;Abitazioni civili;NORMALE;P;530;790;L;2,6;3,9;L;
NORD-OVEST;PIEMONTE;TO;1001269;A1ND; ;I970;STRAMBINO;E;E2;TO00002551;21;Abitazioni di tipo economico;NORMALE;P;410;610;L;2,1;3,2;L;
NORD-OVEST;PIEMONTE;TO;1001269;A1ND; ;I970;STRAMBINO;E;E2;TO00002551;13;Box;NORMALE;P;380;570;L;2,5;3,8;L;
NORD-OVEST;PIEMONTE;TO;1001270;A1NE; ;L013;SUSA;B;B1;TO00000772;21;Abitazioni di tipo economico;NORMALE;P;550;830;L;3,5;5,3;L;
NORD-OVEST;PIEMONTE;TO;1001270;A1NE; ;L013;SUSA;B;B1;TO00000772;13;Box;NORMALE;P;500;750;L;2,7;4;L;
NORD-OVEST;PIEMONTE;TO;1001270;A1NE; ;L013;SUSA;B;B1;TO00000772;5;Negozi;NORMALE;P;470;940;L;4,5;9;L;
NORD-OVEST;PIEMONTE;TO;1001270;A1NE; ;L013;SUSA;B;B1;TO00000772;6;Uffici;NORMALE;P;470;940;L;2,9;5,8;L;
NORD-OVEST;PIEMONTE;TO;1001270;A1NE; ;L013;SUSA;C;C1;TO00000996;20;Abitazioni civili;NORMALE;P;730;1100;L;3,8;5,7;L;
NORD-OVEST;PIEMONTE;TO;1001270;A1NE; ;L013;SUSA;C;C1;TO00000996;21;Abitazioni di tipo economico;NORMALE;P;500;750;L;3,3;4,9;L;
NORD-OVEST;PIEMONTE;TO;1001270;A1NE; ;L013;SUSA;C;C1;TO00000996;1;Ville e Villini;NORMALE;P;830;1250;L;3,4;5,1;L;
NORD-OVEST;PIEMONTE;TO;1001270;A1NE; ;L013;SUSA;D;D1;TO00000773;20;Abitazioni civili;NORMALE;P;660;990;L;3,7;5,5;L;
NORD-OVEST;PIEMONTE;TO;1001270;A1NE; ;L013;SUSA;D;D1;TO00000773;13;Box;NORMALE;P;450;670;L;2,6;3,8;L;
NORD-OVEST;PIEMONTE;TO;1001270;A1NE; ;L013;SUSA;D;D1;TO00000773;1;Ville e Villini;NORMALE;P;820;1200;L;3,2;4,8;L;
NORD-OVEST;PIEMONTE;TO;1001270;A1NE; ;L013;SUSA;D;D1;TO00000773;9;Magazzini;NORMALE;P;320;480;L;1,8;2,7;L;
NORD-OVEST;PIEMONTE;TO;1001270;A1NE; ;L013;SUSA;D;D1;TO00000773;8;Capannoni industriali;NORMALE;P;230;460;L;1,7;3,4;L;
NORD-OVEST;PIEMONTE;TO;1001271;A1NF; ;L066;TAVAGNASCO;B;B1;TO00000775;20;Abitazioni civili;NORMALE;P;430;640;L;1,9;2,9;L;
NORD-OVEST;PIEMONTE;TO;1001271;A1NF; ;L066;TAVAGNASCO;B;B1;TO00000775;21;Abitazioni di tipo economico;NORMALE;P;320;480;L;1,8;2,7;L;
NORD-OVEST;PIEMONTE;TO;1001271;A1NF; ;L066;TAVAGNASCO;B;B1;TO00000775;13;Box;NORMALE;P;270;390;L;1,9;2,9;L;
NORD-OVEST;PIEMONTE;TO;1001271;A1NF; ;L066;TAVAGNASCO;B;B1;TO00000775;9;Magazzini;NORMALE;P;180;260;L;1,1;1,6;L;
NORD-OVEST;PIEMONTE;TO;1001271;A1NF; ;L066;TAVAGNASCO;B;B1;TO00000775;10;Laboratori;NORMALE;P;160;310;L;1;1,7;L;
NORD-OVEST;PIEMONTE;TO;1001273;A1NI; ;L238;TORRAZZA PIEMONTE;B;B1;TO00000778;20;Abitazioni civili;NORMALE;P;730;1100;L;4,3;6,5;L;
NORD-OVEST;PIEMONTE;TO;1001273;A1NI; ;L238;TORRAZZA PIEMONTE;B;B1;TO00000778;21;Abitazioni di tipo economico;NORMALE;P;560;840;L;3,4;5,1;L;
NORD-OVEST;PIEMONTE;TO;1001273;A1NI; ;L238;TORRAZZA PIEMONTE;B;B1;TO00000778;13;Box;NORMALE;P;470;700;L;3,2;4,8;L;
NORD-OVEST;PIEMONTE;TO;1001273;A1NI; ;L238;TORRAZZA PIEMONTE;B;B1;TO00000778;1;Ville e Villini;NORMALE;P;800;1200;L;3,3;5;L;
NORD-OVEST;PIEMONTE;TO;1001273;A1NI; ;L238;TORRAZZA PIEMONTE;B;B1;TO00000778;9;Magazzini;NORMALE;P;290;430;L;1,9;2,9;L;
NORD-OVEST;PIEMONTE;TO;1001273;A1NI; ;L238;TORRAZZA PIEMONTE;B;B1;TO00000778;5;Negozi;NORMALE;P;470;940;L;4,5;8,9;L;
NORD-OVEST;PIEMONTE;TO;1001273;A1NI; ;L238;TORRAZZA PIEMONTE;B;B1;TO00000778;6;Uffici;NORMALE;P;430;860;L;3,3;6,6;L;
NORD-OVEST;PIEMONTE;TO;1001273;A1NI; ;L238;TORRAZZA PIEMONTE;B;B1;TO00000778;8;Capannoni industriali;NORMALE;P;200;400;L;1,5;3;L;
NORD-OVEST;PIEMONTE;TO;1001273;A1NI; ;L238;TORRAZZA PIEMONTE;B;B1;TO00000778;10;Laboratori;NORMALE;P;290;550;L;1,7;3,4;L;
NORD-OVEST;PIEMONTE;TO;1001274;A1NJ; ;L247;TORRE CANAVESE;B;B1;TO00000780;21;Abitazioni di tipo economico;NORMALE;P;420;630;L;2,2;3,2;L;
NORD-OVEST;PIEMONTE;TO;1001274;A1NJ; ;L247;TORRE CANAVESE;B;B1;TO00000780;13;Box;NORMALE;P;300;450;L;1,9;2,8;L;
NORD-OVEST;PIEMONTE;TO;1001274;A1NJ; ;L247;TORRE CANAVESE;B;B1;TO00000780;1;Ville e Villini;NORMALE;P;440;660;L;1,9;2,7;L;
NORD-OVEST;PIEMONTE;TO;1001274;A1NJ; ;L247;TORRE CANAVESE;B;B1;TO00000780;9;Magazzini;NORMALE;P;180;270;L;1,2;1,8;L;
NORD-OVEST;PIEMONTE;TO;1001274;A1NJ; ;L247;TORRE CANAVESE;B;B1;TO00000780;5;Negozi;NORMALE;P;300;600;L;2;4;L;
NORD-OVEST;PIEMONTE;TO;1001275;A1NK; ;L277;TORRE PELLICE;B;B1;TO00000782;20;Abitazioni civili;NORMALE;P;560;840;L;3,5;5,2;L;
NORD-OVEST;PIEMONTE;TO;1001275;A1NK; ;L277;TORRE PELLICE;B;B1;TO00000782;21;Abitazioni di tipo economico;NORMALE;P;430;640;L;3;4,5;L;
NORD-OVEST;PIEMONTE;TO;1001275;A1NK; ;L277;TORRE PELLICE;B;B1;TO00000782;13;Box;NORMALE;P;310;470;L;2,4;3,6;L;
NORD-OVEST;PIEMONTE;TO;1001275;A1NK; ;L277;TORRE PELLICE;B;B1;TO00000782;9;Magazzini;NORMALE;P;260;390;L;1,6;2,4;L;
NORD-OVEST;PIEMONTE;TO;1001275;A1NK; ;L277;TORRE PELLICE;B;B1;TO00000782;5;Negozi;NORMALE;P;480;960;L;3,3;6,6;L;
NORD-OVEST;PIEMONTE;TO;1001275;A1NK; ;L277;TORRE PELLICE;B;B1;TO00000782;6;Uffici;NORMALE;P;430;860;L;2,7;5,2;L;
NORD-OVEST;PIEMONTE;TO;1001275;A1NK; ;L277;TORRE PELLICE;B;B1;TO00000782;10;Laboratori;NORMALE;P;220;440;L;1,7;3,4;L;
NORD-OVEST;PIEMONTE;TO;1001275;A1NK; ;L277;TORRE PELLICE;D;D1;TO00002525;20;Abitazioni civili;NORMALE;P;700;1050;L;3,5;5,1;L;
NORD-OVEST;PIEMONTE;TO;1001275;A1NK; ;L277;TORRE PELLICE;D;D1;TO00002525;21;Abitazioni di tipo economico;NORMALE;P;410;610;L;2,6;3,8;L;
NORD-OVEST;PIEMONTE;TO;1001275;A1NK; ;L277;TORRE PELLICE;D;D1;TO00002525;13;Box;NORMALE;P;310;460;L;1,7;2,5;L;
NORD-OVEST;PIEMONTE;TO;1001275;A1NK; ;L277;TORRE PELLICE;D;D1;TO00002525;1;Ville e Villini;NORMALE;P;770;1150;L;3,4;5;L;
NORD-OVEST;PIEMONTE;TO;1001275;A1NK; ;L277;TORRE PELLICE;E;E1;TO00001171;20;Abitazioni civili;NORMALE;P;620;940;L;3,4;5,1;L;
NORD-OVEST;PIEMONTE;TO;1001275;A1NK; ;L277;TORRE PELLICE;E;E1;TO00001171;21;Abitazioni di tipo economico;NORMALE;P;410;610;L;2,7;4;L;
NORD-OVEST;PIEMONTE;TO;1001275;A1NK; ;L277;TORRE PELLICE;E;E1;TO00001171;1;Ville e Villini;NORMALE;P;750;1100;L;3,3;4,9;L;
NORD-OVEST;PIEMONTE;TO;1001276;A1NL; ;L327;TRANA;B;B1;TO00000783;20;Abitazioni civili;OTTIMO; ;1100;1600;L;4,7;7,1;L;
NORD-OVEST;PIEMONTE;TO;1001276;A1NL; ;L327;TRANA;B;B1;TO00000783;20;Abitazioni civili;NORMALE;P;780;1150;L;3,3;5;L;
NORD-OVEST;PIEMONTE;TO;1001276;A1NL; ;L327;TRANA;B;B1;TO00000783;21;Abitazioni di tipo economico;NORMALE;P;590;870;L;3;4,4;L;
NORD-OVEST;PIEMONTE;TO;1001276;A1NL; ;L327;TRANA;B;B1;TO00000783;13;Box;NORMALE;P;530;790;L;2,2;3,2;L;
NORD-OVEST;PIEMONTE;TO;1001276;A1NL; ;L327;TRANA;B;B1;TO00000783;1;Ville e Villini;NORMALE;P;740;1100;L;3,1;4,7;L;
NORD-OVEST;PIEMONTE;TO;1001276;A1NL; ;L327;TRANA;B;B1;TO00000783;1;Ville e Villini;OTTIMO; ;1050;1600;L;4,1;6,2;L;
NORD-OVEST;PIEMONTE;TO;1001276;A1NL; ;L327;TRANA;B;B1;TO00000783;9;Magazzini;NORMALE;P;290;440;L;2;2,9;L;
NORD-OVEST;PIEMONTE;TO;1001276;A1NL; ;L327;TRANA;B;B1;TO00000783;5;Negozi;NORMALE;P;420;840;L;3,5;7;L;
NORD-OVEST;PIEMONTE;TO;1001279;A1NN; ;L340;TRAVES;B;B1;TO00000788;20;Abitazioni civili;NORMALE;P;430;650;L;2,4;3,6;L;
NORD-OVEST;PIEMONTE;TO;1001279;A1NN; ;L340;TRAVES;B;B1;TO00000788;21;Abitazioni di tipo economico;NORMALE;P;350;520;L;2,1;3,1;L;
NORD-OVEST;PIEMONTE;TO;1001279;A1NN; ;L340;TRAVES;B;B1;TO00000788;13;Box;NORMALE;P;320;480;L;1,9;2,8;L;
NORD-OVEST;PIEMONTE;TO;1001279;A1NN; ;L340;TRAVES;B;B1;TO00000788;1;Ville e Villini;NORMALE;P;540;820;L;2,8;4,2;L;
NORD-OVEST;PIEMONTE;TO;1001279;A1NN; ;L340;TRAVES;B;B1;TO00000788;9;Magazzini;NORMALE;P;260;390;L;1,6;2,4;L;
NORD-OVEST;PIEMONTE;TO;1001278;A1NQ; ;L345;TRAVERSELLA;B;B1;TO00000790;21;Abitazioni di tipo economico;NORMALE;P;340;510;L;2;3;L;
NORD-OVEST;PIEMONTE;TO;1001278;A1NQ; ;L345;TRAVERSELLA;B;B1;TO00000790;13;Box;NORMALE;P;260;390;L;1,4;2,1;L;
NORD-OVEST;PIEMONTE;TO;1001278;A1NQ; ;L345;TRAVERSELLA;B;B1;TO00000790;9;Magazzini;NORMALE;P;130;190;L;1;1,4;L;
NORD-OVEST;PIEMONTE;TO;1001280;A1NR; ;L445;TROFARELLO;B;B1;TO00000792;20;Abitazioni civili;NORMALE;P;1150;1750;L;5;7,5;L;
NORD-OVEST;PIEMONTE;TO;1001280;A1NR; ;L445;TROFARELLO;B;B1;TO00000792;21;Abitazioni di tipo economico;NORMALE;P;810;1200;L;4,8;7,3;L;
NORD-OVEST;PIEMONTE;TO;1001280;A1NR; ;L445;TROFARELLO;B;B1;TO00000792;13;Box;NORMALE;P;580;880;L;3,4;5,2;L;
NORD-OVEST;PIEMONTE;TO;1001280;A1NR; ;L445;TROFARELLO;B;B1;TO00000792;5;Negozi;NORMALE;P;550;1100;L;5,1;10,2;L;
NORD-OVEST;PIEMONTE;TO;1001280;A1NR; ;L445;TROFARELLO;C;C1;TO00001131;20;Abitazioni civili;NORMALE;P;1150;1700;L;5,4;8,1;L;
NORD-OVEST;PIEMONTE;TO;1001280;A1NR; ;L445;TROFARELLO;C;C1;TO00001131;21;Abitazioni di tipo economico;NORMALE;P;870;1300;L;4,7;7;L;
NORD-OVEST;PIEMONTE;TO;1001280;A1NR; ;L445;TROFARELLO;C;C1;TO00001131;13;Box;NORMALE;P;640;960;L;3,4;5,1;L;
NORD-OVEST;PIEMONTE;TO;1001280;A1NR; ;L445;TROFARELLO;C;C1;TO00001131;5;Negozi;NORMALE;P;500;1000;L;5,6;11,2;L;
NORD-OVEST;PIEMONTE;TO;1001280;A1NR; ;L445;TROFARELLO;C;C1;TO00001131;6;Uffici;NORMALE;P;900;1350;L;4;8;L;
NORD-OVEST;PIEMONTE;TO;1001280;A1NR; ;L445;TROFARELLO;D;D1;TO00001133;20;Abitazioni civili;NORMALE;P;1150;1750;L;5,4;8,2;L;
NORD-OVEST;PIEMONTE;TO;1001280;A1NR; ;L445;TROFARELLO;D;D1;TO00001133;21;Abitazioni di tipo economico;NORMALE;P;800;1200;L;4,4;6,6;L;
NORD-OVEST;PIEMONTE;TO;1001280;A1NR; ;L445;TROFARELLO;D;D1;TO00001133;6;Uffici;NORMALE;P;900;1350;L;4;8;L;
NORD-OVEST;PIEMONTE;TO;1001280;A1NR; ;L445;TROFARELLO;D;D2;TO00001134;6;Uffici;NORMALE;P;900;1350;L;4;8;L;
NORD-OVEST;PIEMONTE;TO;1001280;A1NR; ;L445;TROFARELLO;D;D2;TO00001134;8;Capannoni industriali;NORMALE;P;240;480;L;2;4;L;
NORD-OVEST;PIEMONTE;TO;1001281;A1NS; ;L515;USSEAUX;B;B1;TO00000794;20;Abitazioni civili;NORMALE;P;680;1000;L;3;4,5;L;
NORD-OVEST;PIEMONTE;TO;1001281;A1NS; ;L515;USSEAUX;B;B1;TO00000794;21;Abitazioni di tipo economico;NORMALE;P;510;760;L;2,4;3,6;L;
NORD-OVEST;PIEMONTE;TO;1001281;A1NS; ;L515;USSEAUX;B;B1;TO00000794;13;Box;NORMALE;P;480;720;L;2,2;3,3;L;
NORD-OVEST;PIEMONTE;TO;1001281;A1NS; ;L515;USSEAUX;B;B1;TO00000794;9;Magazzini;NORMALE;P;230;340;L;1,4;2,1;L;
NORD-OVEST;PIEMONTE;TO;1001282;A1NT; ;L516;USSEGLIO;B;B1;TO00000796;21;Abitazioni di tipo economico;NORMALE;P;420;640;L;2,1;3,1;L;
NORD-OVEST;PIEMONTE;TO;1001282;A1NT; ;L516;USSEGLIO;B;B1;TO00000796;13;Box;NORMALE;P;320;480;L;1,8;2,6;L;
NORD-OVEST;PIEMONTE;TO;1001282;A1NT; ;L516;USSEGLIO;B;B1;TO00000796;9;Magazzini;NORMALE;P;230;340;L;1,5;2,3;L;
NORD-OVEST;PIEMONTE;TO;1001283;A1NU; ;L538;VAIE;B;B1;TO00000798;20;Abitazioni civili;NORMALE;P;740;1100;L;3,8;5,7;L;
NORD-OVEST;PIEMONTE;TO;1001283;A1NU; ;L538;VAIE;B;B1;TO00000798;21;Abitazioni di tipo economico;NORMALE;P;410;620;L;3;4,5;L;
NORD-OVEST;PIEMONTE;TO;1001283;A1NU; ;L538;VAIE;B;B1;TO00000798;13;Box;NORMALE;P;370;560;L;2,5;3,7;L;
NORD-OVEST;PIEMONTE;TO;1001283;A1NU; ;L538;VAIE;B;B1;TO00000798;1;Ville e Villini;NORMALE;P;670;1000;L;3,2;4,8;L;
NORD-OVEST;PIEMONTE;TO;1001283;A1NU; ;L538;VAIE;B;B1;TO00000798;9;Magazzini;NORMALE;P;250;370;L;1,6;2,4;L;
NORD-OVEST;PIEMONTE;TO;1001283;A1NU; ;L538;VAIE;B;B1;TO00000798;5;Negozi;NORMALE;P;470;940;L;3,6;7;L;
NORD-OVEST;PIEMONTE;TO;1001283;A1NU; ;L538;VAIE;B;B1;TO00000798;8;Capannoni industriali;NORMALE;P;230;460;L;1,5;3;L;
NORD-OVEST;PIEMONTE;TO;1001283;A1NU; ;L538;VAIE;B;B1;TO00000798;10;Laboratori;NORMALE;P;300;540;L;1,8;3,1;L;
NORD-OVEST;PIEMONTE;TO;1001284;A1NW; ;L555;VAL DELLA TORRE;B;B1;TO00000802;20;Abitazioni civili;NORMALE;P;860;1250;L;4;6;L;
NORD-OVEST;PIEMONTE;TO;1001284;A1NW; ;L555;VAL DELLA TORRE;B;B1;TO00000802;21;Abitazioni di tipo economico;NORMALE;P;640;960;L;3,6;5,4;L;
NORD-OVEST;PIEMONTE;TO;1001284;A1NW; ;L555;VAL DELLA TORRE;B;B1;TO00000802;13;Box;NORMALE;P;440;660;L;2,3;3,4;L;
NORD-OVEST;PIEMONTE;TO;1001284;A1NW; ;L555;VAL DELLA TORRE;B;B1;TO00000802;1;Ville e Villini;NORMALE;P;930;1400;L;3,4;5,1;L;
NORD-OVEST;PIEMONTE;TO;1001284;A1NW; ;L555;VAL DELLA TORRE;B;B1;TO00000802;5;Negozi;NORMALE;P;460;920;L;3,9;7,8;L;
NORD-OVEST;PIEMONTE;TO;1001284;A1NW; ;L555;VAL DELLA TORRE;B;B1;TO00000802;8;Capannoni industriali;NORMALE;P;230;460;L;1,8;3,5;L;
NORD-OVEST;PIEMONTE;TO;1001285;A1NX; ;L578;VALGIOIE;B;B1;TO00000939;20;Abitazioni civili;NORMALE;P;600;900;L;3,5;5,1;L;
NORD-OVEST;PIEMONTE;TO;1001285;A1NX; ;L578;VALGIOIE;B;B1;TO00000939;21;Abitazioni di tipo economico;NORMALE;P;480;720;L;3,1;4,7;L;
NORD-OVEST;PIEMONTE;TO;1001286;A1NY; ;L629;VALLO TORINESE;B;B1;TO00000807;20;Abitazioni civili;NORMALE;P;620;930;L;2,6;3,9;L;
NORD-OVEST;PIEMONTE;TO;1001286;A1NY; ;L629;VALLO TORINESE;B;B1;TO00000807;21;Abitazioni di tipo economico;NORMALE;P;470;700;L;2,2;3,3;L;
NORD-OVEST;PIEMONTE;TO;1001286;A1NY; ;L629;VALLO TORINESE;B;B1;TO00000807;13;Box;NORMALE;P;420;630;L;2,4;3,6;L;
NORD-OVEST;PIEMONTE;TO;1001286;A1NY; ;L629;VALLO TORINESE;B;B1;TO00000807;9;Magazzini;NORMALE;P;290;440;L;1,8;2,7;L;
NORD-OVEST;PIEMONTE;TO;1001287;A1NZ; ;L644;VALPERGA;B;B1;TO00000809;20;Abitazioni civili;NORMALE;P;630;950;L;3;4,5;L;
NORD-OVEST;PIEMONTE;TO;1001287;A1NZ; ;L644;VALPERGA;B;B1;TO00000809;21;Abitazioni di tipo economico;NORMALE;P;410;620;L;2,7;4,1;L;
NORD-OVEST;PIEMONTE;TO;1001287;A1NZ; ;L644;VALPERGA;B;B1;TO00000809;13;Box;NORMALE;P;420;630;L;2,8;4,2;L;
NORD-OVEST;PIEMONTE;TO;1001287;A1NZ; ;L644;VALPERGA;B;B1;TO00000809;1;Ville e Villini;NORMALE;P;610;920;L;2,7;4;L;
NORD-OVEST;PIEMONTE;TO;1001287;A1NZ; ;L644;VALPERGA;B;B1;TO00000809;9;Magazzini;NORMALE;P;260;390;L;1,7;2,5;L;
NORD-OVEST;PIEMONTE;TO;1001287;A1NZ; ;L644;VALPERGA;B;B1;TO00000809;5;Negozi;NORMALE;P;410;820;L;3,4;6,8;L;
NORD-OVEST;PIEMONTE;TO;1001287;A1NZ; ;L644;VALPERGA;B;B1;TO00000809;6;Uffici;NORMALE;P;500;900;L;3;5,8;L;
NORD-OVEST;PIEMONTE;TO;1001287;A1NZ; ;L644;VALPERGA;B;B1;TO00000809;8;Capannoni industriali;NORMALE;P;220;440;L;1,4;2,8;L;
NORD-OVEST;PIEMONTE;TO;1001287;A1NZ; ;L644;VALPERGA;B;B1;TO00000809;10;Laboratori;NORMALE;P;240;480;L;1,4;2,7;L;
NORD-OVEST;PIEMONTE;TO;1001289;A1PA; ;L685;VARISELLA;B;B1;TO00000811;20;Abitazioni civili;NORMALE;P;550;820;L;2,5;3,7;L;
NORD-OVEST;PIEMONTE;TO;1001289;A1PA; ;L685;VARISELLA;B;B1;TO00000811;13;Box;NORMALE;P;440;660;L;2,4;3,6;L;
NORD-OVEST;PIEMONTE;TO;1001289;A1PA; ;L685;VARISELLA;B;B1;TO00000811;9;Magazzini;NORMALE;P;250;380;L;1,7;2,5;L;
NORD-OVEST;PIEMONTE;TO;1001290;A1PB; ;L698;VAUDA CANAVESE;B;B1;TO00000813;20;Abitazioni civili;NORMALE;P;570;850;L;2,8;4,2;L;
NORD-OVEST;PIEMONTE;TO;1001290;A1PB; ;L698;VAUDA CANAVESE;B;B1;TO00000813;21;Abitazioni di tipo economico;NORMALE;P;420;620;L;2,5;3,6;L;
NORD-OVEST;PIEMONTE;TO;1001290;A1PB; ;L698;VAUDA CANAVESE;B;B1;TO00000813;13;Box;NORMALE;P;390;590;L;2,9;4,3;L;
NORD-OVEST;PIEMONTE;TO;1001290;A1PB; ;L698;VAUDA CANAVESE;B;B1;TO00000813;9;Magazzini;NORMALE;P;260;380;L;1,5;2,3;L;
NORD-OVEST;PIEMONTE;TO;1001290;A1PB; ;L698;VAUDA CANAVESE;B;B1;TO00000813;5;Negozi;NORMALE;P;460;920;L;3,6;6,4;L;
NORD-OVEST;PIEMONTE;TO;1001290;A1PB; ;L698;VAUDA CANAVESE;B;B1;TO00000813;10;Laboratori;NORMALE;P;280;420;L;1,4;2;L;
NORD-OVEST;PIEMONTE;TO;1001291;A1PC; ;L726;VENAUS;B;B1;TO00000815;20;Abitazioni civili;NORMALE;P;520;780;L;2,6;3,9;L;
NORD-OVEST;PIEMONTE;TO;1001291;A1PC; ;L726;VENAUS;B;B1;TO00000815;21;Abitazioni di tipo economico;NORMALE;P;430;640;L;2,4;3,5;L;
NORD-OVEST;PIEMONTE;TO;1001291;A1PC; ;L726;VENAUS;B;B1;TO00000815;13;Box;NORMALE;P;290;440;L;2,1;3,1;L;
NORD-OVEST;PIEMONTE;TO;1001291;A1PC; ;L726;VENAUS;B;B1;TO00000815;1;Ville e Villini;NORMALE;P;580;870;L;2,6;3,8;L;
NORD-OVEST;PIEMONTE;TO;1001292;A1PD; ;L727;VENARIA;B;B1;TO00000976;21;Abitazioni di tipo economico;OTTIMO; ;1150;1700;L;7,2;10,7;L;
NORD-OVEST;PIEMONTE;TO;1001292;A1PD; ;L727;VENARIA;B;B1;TO00000976;21;Abitazioni di tipo economico;NORMALE;P;800;1200;L;5,2;7,6;L;
NORD-OVEST;PIEMONTE;TO;1001292;A1PD; ;L727;VENARIA;B;B1;TO00000976;5;Negozi;NORMALE; ;500;1000;L;5;10;L;
NORD-OVEST;PIEMONTE;TO;1001292;A1PD; ;L727;VENARIA;B;B1;TO00000976;5;Negozi;OTTIMO;P;880;1750;L;9,8;19,4;L;
NORD-OVEST;PIEMONTE;TO;1001292;A1PD; ;L727;VENARIA;B;B1;TO00000976;6;Uffici;NORMALE;P;730;1450;L;4,3;8,6;L;
NORD-OVEST;PIEMONTE;TO;1001292;A1PD; ;L727;VENARIA;C;C1;TO00000817;20;Abitazioni civili;OTTIMO; ;1600;2400;L;7,3;11;L;
NORD-OVEST;PIEMONTE;TO;1001292;A1PD; ;L727;VENARIA;C;C1;TO00000817;20;Abitazioni civili;NORMALE;P;1300;1950;L;5,4;8,1;L;
NORD-OVEST;PIEMONTE;TO;1001292;A1PD; ;L727;VENARIA;C;C1;TO00000817;21;Abitazioni di tipo economico;NORMALE;P;930;1400;L;5,3;8;L;
NORD-OVEST;PIEMONTE;TO;1001292;A1PD; ;L727;VENARIA;C;C1;TO00000817;13;Box;NORMALE;P;660;1000;L;3,5;5,3;L;
NORD-OVEST;PIEMONTE;TO;1001292;A1PD; ;L727;VENARIA;C;C1;TO00000817;5;Negozi;NORMALE;P;630;1250;L;6,8;13,6;L;
NORD-OVEST;PIEMONTE;TO;1001292;A1PD; ;L727;VENARIA;C;C1;TO00000817;6;Uffici;NORMALE;P;730;1450;L;4,2;8,4;L;
NORD-OVEST;PIEMONTE;TO;1001292;A1PD; ;L727;VENARIA;D;D1;TO00000977;20;Abitazioni civili;OTTIMO; ;1900;2850;L;6,9;10,4;L;
NORD-OVEST;PIEMONTE;TO;1001292;A1PD; ;L727;VENARIA;D;D1;TO00000977;20;Abitazioni civili;NORMALE;P;1350;2050;L;5;7,5;L;
NORD-OVEST;PIEMONTE;TO;1001292;A1PD; ;L727;VENARIA;D;D1;TO00000977;21;Abitazioni di tipo economico;NORMALE;P;930;1400;L;4,7;7;L;
NORD-OVEST;PIEMONTE;TO;1001292;A1PD; ;L727;VENARIA;D;D1;TO00000977;13;Box;NORMALE;P;640;950;L;3,1;4,7;L;
NORD-OVEST;PIEMONTE;TO;1001292;A1PD; ;L727;VENARIA;D;D1;TO00000977;9;Magazzini;NORMALE;P;380;570;L;2,9;4,3;L;
NORD-OVEST;PIEMONTE;TO;1001292;A1PD; ;L727;VENARIA;D;D1;TO00000977;8;Capannoni industriali;NORMALE;P;230;460;L;1,9;3,6;L;
NORD-OVEST;PIEMONTE;TO;1001292;A1PD; ;L727;VENARIA;D;D1;TO00000977;10;Laboratori;NORMALE;P;390;780;L;2,3;4,6;L;
NORD-OVEST;PIEMONTE;TO;1001292;A1PD; ;L727;VENARIA;E;E1;TO00000978;20;Abitazioni civili;NORMALE;P;910;1350;L;3,7;5,5;L;
NORD-OVEST;PIEMONTE;TO;1001292;A1PD; ;L727;VENARIA;E;E1;TO00000978;8;Capannoni industriali;NORMALE;P;220;440;L;1,9;3,6;L;
NORD-OVEST;PIEMONTE;TO;1001293;A1PE; ;L779;VEROLENGO;B;B1;TO00000819;20;Abitazioni civili;NORMALE;P;740;1100;L;4,1;6,1;L;
NORD-OVEST;PIEMONTE;TO;1001293;A1PE; ;L779;VEROLENGO;B;B1;TO00000819;21;Abitazioni di tipo economico;NORMALE;P;490;730;L;3,4;5,1;L;
NORD-OVEST;PIEMONTE;TO;1001293;A1PE; ;L779;VEROLENGO;B;B1;TO00000819;13;Box;NORMALE;P;470;700;L;2,8;4,2;L;
NORD-OVEST;PIEMONTE;TO;1001293;A1PE; ;L779;VEROLENGO;B;B1;TO00000819;1;Ville e Villini;NORMALE;P;750;1100;L;3,6;5,4;L;
NORD-OVEST;PIEMONTE;TO;1001293;A1PE; ;L779;VEROLENGO;B;B1;TO00000819;9;Magazzini;NORMALE;P;280;420;L;1,8;2,6;L;
NORD-OVEST;PIEMONTE;TO;1001293;A1PE; ;L779;VEROLENGO;B;B1;TO00000819;5;Negozi;NORMALE;P;430;860;L;3,4;6,8;L;
NORD-OVEST;PIEMONTE;TO;1001293;A1PE; ;L779;VEROLENGO;B;B1;TO00000819;8;Capannoni industriali;NORMALE;P;200;400;L;1,5;3;L;
NORD-OVEST;PIEMONTE;TO;1001293;A1PE; ;L779;VEROLENGO;B;B1;TO00000819;10;Laboratori;NORMALE;P;290;550;L;1,7;3,4;L;
NORD-OVEST;PIEMONTE;TO;1001294;A1PF; ;L787;VERRUA SAVOIA;B;B1;TO00000821;20;Abitazioni civili;NORMALE;P;510;770;L;2,4;3,6;L;
NORD-OVEST;PIEMONTE;TO;1001294;A1PF; ;L787;VERRUA SAVOIA;B;B1;TO00000821;21;Abitazioni di tipo economico;NORMALE;P;380;570;L;2,1;3,1;L;
NORD-OVEST;PIEMONTE;TO;1001294;A1PF; ;L787;VERRUA SAVOIA;B;B1;TO00000821;13;Box;NORMALE;P;340;500;L;2;3;L;
NORD-OVEST;PIEMONTE;TO;1001294;A1PF; ;L787;VERRUA SAVOIA;B;B1;TO00000821;1;Ville e Villini;NORMALE;P;550;830;L;2,9;4,3;L;
NORD-OVEST;PIEMONTE;TO;1001294;A1PF; ;L787;VERRUA SAVOIA;B;B1;TO00000821;9;Magazzini;NORMALE;P;260;390;L;1,8;2,6;L;
NORD-OVEST;PIEMONTE;TO;1001295;A1PG; ;L811;VESTIGNE`;B;B1;TO00000823;20;Abitazioni civili;NORMALE;P;480;720;L;2,2;3,2;L;
NORD-OVEST;PIEMONTE;TO;1001295;A1PG; ;L811;VESTIGNE`;B;B1;TO00000823;21;Abitazioni di tipo economico;NORMALE;P;330;500;L;1,7;2,5;L;
NORD-OVEST;PIEMONTE;TO;1001295;A1PG; ;L811;VESTIGNE`;B;B1;TO00000823;13;Box;NORMALE;P;330;490;L;1,7;2,6;L;
NORD-OVEST;PIEMONTE;TO;1001295;A1PG; ;L811;VESTIGNE`;B;B1;TO00000823;9;Magazzini;NORMALE;P;230;340;L;1,4;2,1;L;
NORD-OVEST;PIEMONTE;TO;1001296;A1PH; ;L830;VIALFRE`;B;B1;TO00000825;21;Abitazioni di tipo economico;NORMALE;P;400;600;L;1,8;2,6;L;
NORD-OVEST;PIEMONTE;TO;1001296;A1PH; ;L830;VIALFRE`;B;B1;TO00000825;13;Box;NORMALE;P;250;370;L;1,5;2,2;L;
NORD-OVEST;PIEMONTE;TO;1001296;A1PH; ;L830;VIALFRE`;B;B1;TO00000825;9;Magazzini;NORMALE;P;170;250;L;1,1;1,5;L;
NORD-OVEST;PIEMONTE;TO;1001298;A1PI; ;L857;VIDRACCO;B;B1;TO00000827;20;Abitazioni civili;NORMALE;P;480;720;L;2,3;3,5;L;
NORD-OVEST;PIEMONTE;TO;1001298;A1PI; ;L857;VIDRACCO;B;B1;TO00000827;21;Abitazioni di tipo economico;NORMALE;P;370;550;L;2,1;3,1;L;
NORD-OVEST;PIEMONTE;TO;1001298;A1PI; ;L857;VIDRACCO;B;B1;TO00000827;13;Box;NORMALE;P;260;390;L;1,7;2,5;L;
NORD-OVEST;PIEMONTE;TO;1001298;A1PI; ;L857;VIDRACCO;B;B1;TO00000827;9;Magazzini;NORMALE;P;170;250;L;1;1,5;L;
NORD-OVEST;PIEMONTE;TO;1001299;A1PJ; ;L898;VIGONE;B;B1;TO00000829;20;Abitazioni civili;NORMALE;P;690;1000;L;3,2;4,8;L;
NORD-OVEST;PIEMONTE;TO;1001299;A1PJ; ;L898;VIGONE;B;B1;TO00000829;21;Abitazioni di tipo economico;NORMALE;P;560;840;L;3;4,5;L;
NORD-OVEST;PIEMONTE;TO;1001299;A1PJ; ;L898;VIGONE;B;B1;TO00000829;13;Box;NORMALE;P;460;690;L;2,4;3,6;L;
NORD-OVEST;PIEMONTE;TO;1001299;A1PJ; ;L898;VIGONE;B;B1;TO00000829;1;Ville e Villini;NORMALE;P;600;900;L;2,6;3,9;L;
NORD-OVEST;PIEMONTE;TO;1001299;A1PJ; ;L898;VIGONE;B;B1;TO00000829;1;Ville e Villini;OTTIMO; ;870;1300;L;3,3;4,9;L;
NORD-OVEST;PIEMONTE;TO;1001299;A1PJ; ;L898;VIGONE;B;B1;TO00000829;9;Magazzini;NORMALE;P;270;410;L;1,8;2,7;L;
NORD-OVEST;PIEMONTE;TO;1001299;A1PJ; ;L898;VIGONE;B;B1;TO00000829;5;Negozi;NORMALE;P;440;880;L;3,4;6,8;L;
NORD-OVEST;PIEMONTE;TO;1001299;A1PJ; ;L898;VIGONE;B;B1;TO00000829;6;Uffici;NORMALE;P;420;840;L;3,1;6,2;L;
NORD-OVEST;PIEMONTE;TO;1001299;A1PJ; ;L898;VIGONE;B;B1;TO00000829;10;Laboratori;NORMALE;P;290;580;L;1,7;3,3;L;
NORD-OVEST;PIEMONTE;TO;1001300;A1PK; ;L948;VILLAFRANCA PIEMONTE;B;B1;TO00000987;20;Abitazioni civili;NORMALE;P;570;860;L;3;4,5;L;
NORD-OVEST;PIEMONTE;TO;1001300;A1PK; ;L948;VILLAFRANCA PIEMONTE;B;B1;TO00000987;21;Abitazioni di tipo economico;NORMALE;P;540;810;L;2,8;4,2;L;
NORD-OVEST;PIEMONTE;TO;1001300;A1PK; ;L948;VILLAFRANCA PIEMONTE;B;B1;TO00000987;1;Ville e Villini;NORMALE;P;600;900;L;2,7;4;L;
NORD-OVEST;PIEMONTE;TO;1001300;A1PK; ;L948;VILLAFRANCA PIEMONTE;B;B1;TO00000987;9;Magazzini;NORMALE;P;300;450;L;1,9;2,8;L;
NORD-OVEST;PIEMONTE;TO;1001300;A1PK; ;L948;VILLAFRANCA PIEMONTE;B;B1;TO00000987;5;Negozi;NORMALE;P;400;800;L;2,9;5,8;L;
NORD-OVEST;PIEMONTE;TO;1001300;A1PK; ;L948;VILLAFRANCA PIEMONTE;B;B1;TO00000987;6;Uffici;NORMALE;P;430;860;L;2,4;4,8;L;
NORD-OVEST;PIEMONTE;TO;1001300;A1PK; ;L948;VILLAFRANCA PIEMONTE;B;B1;TO00000987;10;Laboratori;NORMALE;P;290;580;L;1,5;3;L;
NORD-OVEST;PIEMONTE;TO;1001301;A1PL; ;L982;VILLANOVA CANAVESE;B;B1;TO00000833;20;Abitazioni civili;NORMALE;P;740;1100;L;4;6;L;
NORD-OVEST;PIEMONTE;TO;1001301;A1PL; ;L982;VILLANOVA CANAVESE;B;B1;TO00000833;21;Abitazioni di tipo economico;NORMALE;P;530;800;L;3,1;4,6;L;
NORD-OVEST;PIEMONTE;TO;1001301;A1PL; ;L982;VILLANOVA CANAVESE;B;B1;TO00000833;13;Box;NORMALE;P;390;580;L;2,7;4,1;L;
NORD-OVEST;PIEMONTE;TO;1001301;A1PL; ;L982;VILLANOVA CANAVESE;B;B1;TO00000833;1;Ville e Villini;NORMALE;P;860;1300;L;3,3;4,9;L;
NORD-OVEST;PIEMONTE;TO;1001301;A1PL; ;L982;VILLANOVA CANAVESE;B;B1;TO00000833;9;Magazzini;NORMALE;P;250;370;L;1,6;2,4;L;
NORD-OVEST;PIEMONTE;TO;1001301;A1PL; ;L982;VILLANOVA CANAVESE;B;B1;TO00000833;5;Negozi;NORMALE;P;470;940;L;4,1;8,2;L;
NORD-OVEST;PIEMONTE;TO;1001301;A1PL; ;L982;VILLANOVA CANAVESE;B;B1;TO00000833;8;Capannoni industriali;NORMALE;P;190;370;L;1,3;2,4;L;
NORD-OVEST;PIEMONTE;TO;1001303;A1PM; ;L999;VILLAR DORA;B;B1;TO00000834;20;Abitazioni civili;NORMALE;P;900;1350;L;4,3;6,5;L;
NORD-OVEST;PIEMONTE;TO;1001303;A1PM; ;L999;VILLAR DORA;B;B1;TO00000834;21;Abitazioni di tipo economico;NORMALE;P;630;940;L;3,7;5,6;L;
NORD-OVEST;PIEMONTE;TO;1001303;A1PM; ;L999;VILLAR DORA;B;B1;TO00000834;13;Box;NORMALE;P;370;560;L;2,6;3,8;L;
NORD-OVEST;PIEMONTE;TO;1001303;A1PM; ;L999;VILLAR DORA;B;B1;TO00000834;1;Ville e Villini;NORMALE;P;1050;1550;L;3,4;5,1;L;
NORD-OVEST;PIEMONTE;TO;1001303;A1PM; ;L999;VILLAR DORA;B;B1;TO00000834;9;Magazzini;NORMALE;P;260;380;L;1,8;2,7;L;
NORD-OVEST;PIEMONTE;TO;1001303;A1PM; ;L999;VILLAR DORA;B;B1;TO00000834;5;Negozi;NORMALE;P;550;1100;L;4,7;9,3;L;
NORD-OVEST;PIEMONTE;TO;1001303;A1PM; ;L999;VILLAR DORA;B;B1;TO00000834;6;Uffici;NORMALE;P;580;1150;L;3,5;7;L;
NORD-OVEST;PIEMONTE;TO;1001303;A1PM; ;L999;VILLAR DORA;B;B1;TO00000834;8;Capannoni industriali;NORMALE;P;230;450;L;1,7;3,3;L;
NORD-OVEST;PIEMONTE;TO;1001303;A1PM; ;L999;VILLAR DORA;B;B1;TO00000834;10;Laboratori;NORMALE;P;300;580;L;2;4;L;
NORD-OVEST;PIEMONTE;TO;1001302;A1PN; ;M002;VILLARBASSE;B;B1;TO00000837;21;Abitazioni di tipo economico;NORMALE;P;800;1200;L;4,3;6,4;L;
NORD-OVEST;PIEMONTE;TO;1001302;A1PN; ;M002;VILLARBASSE;B;B1;TO00000837;13;Box;NORMALE;P;600;900;L;3,4;5,1;L;
NORD-OVEST;PIEMONTE;TO;1001302;A1PN; ;M002;VILLARBASSE;B;B1;TO00000837;5;Negozi;NORMALE;P;630;1250;L;4,6;9,2;L;
NORD-OVEST;PIEMONTE;TO;1001302;A1PN; ;M002;VILLARBASSE;C;C1;TO00001329;20;Abitazioni civili;NORMALE;P;860;1300;L;4,3;6,4;L;
NORD-OVEST;PIEMONTE;TO;1001302;A1PN; ;M002;VILLARBASSE;C;C1;TO00001329;13;Box;NORMALE;P;590;880;L;3,4;5,1;L;
NORD-OVEST;PIEMONTE;TO;1001302;A1PN; ;M002;VILLARBASSE;C;C1;TO00001329;1;Ville e Villini;NORMALE;P;1100;1650;L;4,7;7,1;L;
NORD-OVEST;PIEMONTE;TO;1001302;A1PN; ;M002;VILLARBASSE;C;C2;TO00001330;20;Abitazioni civili;NORMALE;P;970;1450;L;4,5;6,8;L;
NORD-OVEST;PIEMONTE;TO;1001302;A1PN; ;M002;VILLARBASSE;C;C2;TO00001330;13;Box;NORMALE;P;590;880;L;3,3;4,9;L;
NORD-OVEST;PIEMONTE;TO;1001302;A1PN; ;M002;VILLARBASSE;C;C2;TO00001330;1;Ville e Villini;NORMALE;P;1150;1700;L;4,8;7,2;L;
NORD-OVEST;PIEMONTE;TO;1001302;A1PN; ;M002;VILLARBASSE;D;D1;TO00001331;20;Abitazioni civili;NORMALE;P;960;1450;L;4,2;6,4;L;
NORD-OVEST;PIEMONTE;TO;1001302;A1PN; ;M002;VILLARBASSE;D;D1;TO00001331;21;Abitazioni di tipo economico;NORMALE;P;730;1100;L;3,5;5,2;L;
NORD-OVEST;PIEMONTE;TO;1001302;A1PN; ;M002;VILLARBASSE;D;D1;TO00001331;13;Box;NORMALE;P;610;920;L;3,3;4,9;L;
NORD-OVEST;PIEMONTE;TO;1001302;A1PN; ;M002;VILLARBASSE;D;D1;TO00001331;1;Ville e Villini;NORMALE;P;1100;1650;L;4,8;7,2;L;
NORD-OVEST;PIEMONTE;TO;1001302;A1PN; ;M002;VILLARBASSE;D;D1;TO00001331;9;Magazzini;NORMALE;P;370;560;L;2,5;3,8;L;
NORD-OVEST;PIEMONTE;TO;1001302;A1PN; ;M002;VILLARBASSE;D;D1;TO00001331;8;Capannoni industriali;NORMALE;P;240;480;L;1,9;3,8;L;
NORD-OVEST;PIEMONTE;TO;1001302;A1PN; ;M002;VILLARBASSE;D;D1;TO00001331;10;Laboratori;NORMALE;P;320;640;L;2,3;4,5;L;
NORD-OVEST;PIEMONTE;TO;1001304;A1PP; ;M004;VILLAREGGIA;B;B1;TO00000839;20;Abitazioni civili;NORMALE;P;540;810;L;3,2;4,8;L;
NORD-OVEST;PIEMONTE;TO;1001304;A1PP; ;M004;VILLAREGGIA;B;B1;TO00000839;21;Abitazioni di tipo economico;NORMALE;P;400;600;L;2,4;3,6;L;
NORD-OVEST;PIEMONTE;TO;1001304;A1PP; ;M004;VILLAREGGIA;B;B1;TO00000839;13;Box;NORMALE;P;410;610;L;2,8;4;L;
NORD-OVEST;PIEMONTE;TO;1001304;A1PP; ;M004;VILLAREGGIA;B;B1;TO00000839;9;Magazzini;NORMALE;P;280;420;L;1,7;2,5;L;
NORD-OVEST;PIEMONTE;TO;1001304;A1PP; ;M004;VILLAREGGIA;B;B1;TO00000839;5;Negozi;NORMALE;P;430;850;L;3,3;6,6;L;
NORD-OVEST;PIEMONTE;TO;1001304;A1PP; ;M004;VILLAREGGIA;B;B1;TO00000839;8;Capannoni industriali;NORMALE;P;190;370;L;1,4;2,7;L;
NORD-OVEST;PIEMONTE;TO;1001305;A1PQ; ;M007;VILLAR FOCCHIARDO;B;B1;TO00000841;20;Abitazioni civili;NORMALE;P;600;900;L;3;4,5;L;
NORD-OVEST;PIEMONTE;TO;1001305;A1PQ; ;M007;VILLAR FOCCHIARDO;B;B1;TO00000841;21;Abitazioni di tipo economico;NORMALE;P;480;720;L;2,6;3,9;L;
NORD-OVEST;PIEMONTE;TO;1001305;A1PQ; ;M007;VILLAR FOCCHIARDO;B;B1;TO00000841;13;Box;NORMALE;P;340;500;L;2,2;3,3;L;
NORD-OVEST;PIEMONTE;TO;1001305;A1PQ; ;M007;VILLAR FOCCHIARDO;B;B1;TO00000841;1;Ville e Villini;NORMALE;P;640;960;L;2,8;4,2;L;
NORD-OVEST;PIEMONTE;TO;1001305;A1PQ; ;M007;VILLAR FOCCHIARDO;B;B1;TO00000841;9;Magazzini;NORMALE;P;240;340;L;1,6;2,4;L;
NORD-OVEST;PIEMONTE;TO;1001305;A1PQ; ;M007;VILLAR FOCCHIARDO;B;B1;TO00000841;5;Negozi;NORMALE;P;410;820;L;3,1;6,2;L;
NORD-OVEST;PIEMONTE;TO;1001305;A1PQ; ;M007;VILLAR FOCCHIARDO;B;B1;TO00000841;8;Capannoni industriali;NORMALE;P;230;460;L;1,7;3,4;L;
NORD-OVEST;PIEMONTE;TO;1001305;A1PQ; ;M007;VILLAR FOCCHIARDO;B;B1;TO00000841;10;Laboratori;NORMALE;P;240;480;L;1,5;3;L;
NORD-OVEST;PIEMONTE;TO;1001306;A1PR; ;M013;VILLAR PELLICE;B;B1;TO00000843;20;Abitazioni civili;NORMALE;P;500;750;L;2,4;3,6;L;
NORD-OVEST;PIEMONTE;TO;1001306;A1PR; ;M013;VILLAR PELLICE;B;B1;TO00000843;21;Abitazioni di tipo economico;NORMALE;P;330;490;L;1,9;2,9;L;
NORD-OVEST;PIEMONTE;TO;1001306;A1PR; ;M013;VILLAR PELLICE;B;B1;TO00000843;13;Box;NORMALE;P;320;480;L;1,6;2,4;L;
NORD-OVEST;PIEMONTE;TO;1001306;A1PR; ;M013;VILLAR PELLICE;B;B1;TO00000843;1;Ville e Villini;NORMALE;P;580;870;L;2,3;3,3;L;
NORD-OVEST;PIEMONTE;TO;1001306;A1PR; ;M013;VILLAR PELLICE;B;B1;TO00000843;9;Magazzini;NORMALE;P;250;370;L;1,4;2,1;L;
NORD-OVEST;PIEMONTE;TO;1001306;A1PR; ;M013;VILLAR PELLICE;B;B1;TO00000843;5;Negozi;NORMALE;P;350;690;L;2,3;4,5;L;
NORD-OVEST;PIEMONTE;TO;1001307;A1PS; ;M014;VILLAR PEROSA;B;B1;TO00000845;20;Abitazioni civili;NORMALE;P;600;900;L;3,2;4,8;L;
NORD-OVEST;PIEMONTE;TO;1001307;A1PS; ;M014;VILLAR PEROSA;B;B1;TO00000845;21;Abitazioni di tipo economico;NORMALE;P;460;690;L;2,8;4,1;L;
NORD-OVEST;PIEMONTE;TO;1001307;A1PS; ;M014;VILLAR PEROSA;B;B1;TO00000845;13;Box;NORMALE;P;370;560;L;2,5;3,7;L;
NORD-OVEST;PIEMONTE;TO;1001307;A1PS; ;M014;VILLAR PEROSA;B;B1;TO00000845;5;Negozi;NORMALE;P;460;920;L;3,4;6,8;L;
NORD-OVEST;PIEMONTE;TO;1001307;A1PS; ;M014;VILLAR PEROSA;B;B1;TO00000845;6;Uffici;NORMALE;P;530;1050;L;3,8;7,6;L;
NORD-OVEST;PIEMONTE;TO;1001307;A1PS; ;M014;VILLAR PEROSA;D;D1;TO00001153;8;Capannoni industriali;NORMALE;P;250;470;L;1,5;3;L;
NORD-OVEST;PIEMONTE;TO;1001307;A1PS; ;M014;VILLAR PEROSA;E;E1;TO00001154;20;Abitazioni civili;NORMALE;P;670;1000;L;3,1;4,7;L;
NORD-OVEST;PIEMONTE;TO;1001307;A1PS; ;M014;VILLAR PEROSA;E;E1;TO00001154;21;Abitazioni di tipo economico;NORMALE;P;540;820;L;2,8;4,2;L;
NORD-OVEST;PIEMONTE;TO;1001307;A1PS; ;M014;VILLAR PEROSA;E;E1;TO00001154;13;Box;NORMALE;P;450;670;L;2,8;4,2;L;
NORD-OVEST;PIEMONTE;TO;1001308;A1PT; ;M027;VILLASTELLONE;B;B1;TO00000847;20;Abitazioni civili;NORMALE;P;960;1450;L;4,2;6,2;L;
NORD-OVEST;PIEMONTE;TO;1001308;A1PT; ;M027;VILLASTELLONE;B;B1;TO00000847;21;Abitazioni di tipo economico;NORMALE;P;730;1100;L;3,7;5,6;L;
NORD-OVEST;PIEMONTE;TO;1001308;A1PT; ;M027;VILLASTELLONE;B;B1;TO00000847;13;Box;NORMALE;P;640;960;L;3,5;5,3;L;
NORD-OVEST;PIEMONTE;TO;1001308;A1PT; ;M027;VILLASTELLONE;B;B1;TO00000847;5;Negozi;NORMALE;P;670;1250;L;4,4;8,8;L;
NORD-OVEST;PIEMONTE;TO;1001308;A1PT; ;M027;VILLASTELLONE;B;B1;TO00000847;6;Uffici;NORMALE;P;770;1250;L;4;7;L;
NORD-OVEST;PIEMONTE;TO;1001308;A1PT; ;M027;VILLASTELLONE;C;C1;TO00001248;20;Abitazioni civili;NORMALE;P;870;1300;L;3,9;5,7;L;
NORD-OVEST;PIEMONTE;TO;1001308;A1PT; ;M027;VILLASTELLONE;C;C1;TO00001248;21;Abitazioni di tipo economico;NORMALE;P;730;1100;L;3,6;5,3;L;
NORD-OVEST;PIEMONTE;TO;1001308;A1PT; ;M027;VILLASTELLONE;C;C1;TO00001248;13;Box;NORMALE;P;630;950;L;3,6;5,4;L;
NORD-OVEST;PIEMONTE;TO;1001308;A1PT; ;M027;VILLASTELLONE;D;D1;TO00001249;9;Magazzini;NORMALE;P;380;560;L;2,4;3,6;L;
NORD-OVEST;PIEMONTE;TO;1001308;A1PT; ;M027;VILLASTELLONE;D;D1;TO00001249;8;Capannoni industriali;NORMALE;P;250;500;L;1,8;3,6;L;
NORD-OVEST;PIEMONTE;TO;1001308;A1PT; ;M027;VILLASTELLONE;D;D3;TO00001251;9;Magazzini;NORMALE;P;380;570;L;2,4;3,6;L;
NORD-OVEST;PIEMONTE;TO;1001308;A1PT; ;M027;VILLASTELLONE;D;D3;TO00001251;8;Capannoni industriali;NORMALE;P;250;500;L;1,8;3,6;L;
NORD-OVEST;PIEMONTE;TO;1001309;A1PU; ;M060;VINOVO;B;B1;TO00000849;20;Abitazioni civili;OTTIMO; ;1300;1950;L;6,1;9,1;L;
NORD-OVEST;PIEMONTE;TO;1001309;A1PU; ;M060;VINOVO;B;B1;TO00000849;20;Abitazioni civili;NORMALE;P;960;1450;L;4,4;6,6;L;
NORD-OVEST;PIEMONTE;TO;1001309;A1PU; ;M060;VINOVO;B;B1;TO00000849;21;Abitazioni di tipo economico;NORMALE;P;770;1150;L;4,9;7,3;L;
NORD-OVEST;PIEMONTE;TO;1001309;A1PU; ;M060;VINOVO;B;B1;TO00000849;13;Box;NORMALE;P;550;830;L;2,9;4,4;L;
NORD-OVEST;PIEMONTE;TO;1001309;A1PU; ;M060;VINOVO;B;B1;TO00000849;5;Negozi;NORMALE;P;730;1450;L;6,2;12,4;L;
NORD-OVEST;PIEMONTE;TO;1001309;A1PU; ;M060;VINOVO;B;B1;TO00000849;6;Uffici;NORMALE;P;650;1300;L;4,6;9,2;L;
NORD-OVEST;PIEMONTE;TO;1001309;A1PU; ;M060;VINOVO;C;C1;TO00001220;20;Abitazioni civili;OTTIMO; ;1550;2350;L;6,5;9,7;L;
NORD-OVEST;PIEMONTE;TO;1001309;A1PU; ;M060;VINOVO;C;C1;TO00001220;20;Abitazioni civili;NORMALE;P;1050;1550;L;4,5;6,7;L;
NORD-OVEST;PIEMONTE;TO;1001309;A1PU; ;M060;VINOVO;C;C1;TO00001220;21;Abitazioni di tipo economico;NORMALE;P;1000;1500;L;4,3;6,5;L;
NORD-OVEST;PIEMONTE;TO;1001309;A1PU; ;M060;VINOVO;C;C1;TO00001220;13;Box;NORMALE;P;560;840;L;3;4,5;L;
NORD-OVEST;PIEMONTE;TO;1001309;A1PU; ;M060;VINOVO;C;C1;TO00001220;5;Negozi;NORMALE;P;500;1000;L;4,3;8,6;L;
NORD-OVEST;PIEMONTE;TO;1001309;A1PU; ;M060;VINOVO;C;C1;TO00001220;6;Uffici;NORMALE;P;650;1300;L;3,9;7,8;L;
NORD-OVEST;PIEMONTE;TO;1001309;A1PU; ;M060;VINOVO;D;D2;TO00002121;20;Abitazioni civili;NORMALE;P;960;1450;L;4,8;7,2;L;
NORD-OVEST;PIEMONTE;TO;1001309;A1PU; ;M060;VINOVO;D;D2;TO00002121;13;Box;NORMALE;P;550;830;L;2,9;4,4;L;
NORD-OVEST;PIEMONTE;TO;1001309;A1PU; ;M060;VINOVO;E;E2;TO00002122;20;Abitazioni civili;NORMALE;P;970;1450;L;4,5;6,8;L;
NORD-OVEST;PIEMONTE;TO;1001309;A1PU; ;M060;VINOVO;E;E2;TO00002122;20;Abitazioni civili;OTTIMO; ;1450;2200;L;6,3;9,4;L;
NORD-OVEST;PIEMONTE;TO;1001309;A1PU; ;M060;VINOVO;E;E2;TO00002122;13;Box;NORMALE;P;570;850;L;3,2;4,8;L;
NORD-OVEST;PIEMONTE;TO;1001310;A1PV; ;M069;VIRLE PIEMONTE;B;B1;TO00000851;20;Abitazioni civili;NORMALE;P;770;1150;L;3;4,5;L;
NORD-OVEST;PIEMONTE;TO;1001310;A1PV; ;M069;VIRLE PIEMONTE;B;B1;TO00000851;21;Abitazioni di tipo economico;NORMALE;P;580;870;L;2,7;4,1;L;
NORD-OVEST;PIEMONTE;TO;1001310;A1PV; ;M069;VIRLE PIEMONTE;B;B1;TO00000851;13;Box;NORMALE;P;470;700;L;2,6;3,9;L;
NORD-OVEST;PIEMONTE;TO;1001310;A1PV; ;M069;VIRLE PIEMONTE;B;B1;TO00000851;1;Ville e Villini;NORMALE;P;730;1100;L;3;4,5;L;
NORD-OVEST;PIEMONTE;TO;1001310;A1PV; ;M069;VIRLE PIEMONTE;B;B1;TO00000851;9;Magazzini;NORMALE;P;310;460;L;2;3;L;
NORD-OVEST;PIEMONTE;TO;1001310;A1PV; ;M069;VIRLE PIEMONTE;B;B1;TO00000851;5;Negozi;NORMALE;P;420;840;L;3,4;6,8;L;
NORD-OVEST;PIEMONTE;TO;1001311;A1PW; ;M071;VISCHE;B;B1;TO00000853;20;Abitazioni civili;NORMALE;P;530;800;L;2,4;3,6;L;
NORD-OVEST;PIEMONTE;TO;1001311;A1PW; ;M071;VISCHE;B;B1;TO00000853;21;Abitazioni di tipo economico;NORMALE;P;380;560;L;2;3;L;
NORD-OVEST;PIEMONTE;TO;1001311;A1PW; ;M071;VISCHE;B;B1;TO00000853;13;Box;NORMALE;P;410;620;L;2,4;3,6;L;
NORD-OVEST;PIEMONTE;TO;1001311;A1PW; ;M071;VISCHE;B;B1;TO00000853;9;Magazzini;NORMALE;P;260;390;L;1,6;2,4;L;
NORD-OVEST;PIEMONTE;TO;1001311;A1PW; ;M071;VISCHE;B;B1;TO00000853;5;Negozi;NORMALE;P;420;840;L;3,2;6,3;L;
NORD-OVEST;PIEMONTE;TO;1001311;A1PW; ;M071;VISCHE;B;B1;TO00000853;8;Capannoni industriali;NORMALE;P;200;360;L;1,3;2,4;L;
NORD-OVEST;PIEMONTE;TO;1001312;A1PX; ;M080;VISTRORIO;B;B1;TO00000855;20;Abitazioni civili;NORMALE;P;470;700;L;1,9;2,9;L;
NORD-OVEST;PIEMONTE;TO;1001312;A1PX; ;M080;VISTRORIO;B;B1;TO00000855;21;Abitazioni di tipo economico;NORMALE;P;330;500;L;1,6;2,4;L;
NORD-OVEST;PIEMONTE;TO;1001312;A1PX; ;M080;VISTRORIO;B;B1;TO00000855;13;Box;NORMALE;P;290;440;L;1,7;2,5;L;
NORD-OVEST;PIEMONTE;TO;1001312;A1PX; ;M080;VISTRORIO;B;B1;TO00000855;9;Magazzini;NORMALE;P;180;260;L;1,1;1,6;L;
NORD-OVEST;PIEMONTE;TO;1001312;A1PX; ;M080;VISTRORIO;B;B1;TO00000855;5;Negozi;NORMALE;P;280;560;L;2,5;5;L;
NORD-OVEST;PIEMONTE;TO;1001313;A1PY; ;M094;VIU`;B;B1;TO00000857;20;Abitazioni civili;NORMALE;P;460;680;L;2,7;4,1;L;
NORD-OVEST;PIEMONTE;TO;1001313;A1PY; ;M094;VIU`;B;B1;TO00000857;21;Abitazioni di tipo economico;NORMALE;P;400;600;L;2,2;3,3;L;
NORD-OVEST;PIEMONTE;TO;1001313;A1PY; ;M094;VIU`;B;B1;TO00000857;13;Box;NORMALE;P;280;420;L;1,8;2,7;L;
NORD-OVEST;PIEMONTE;TO;1001313;A1PY; ;M094;VIU`;B;B1;TO00000857;1;Ville e Villini;NORMALE;P;520;780;L;2,7;4,1;L;
NORD-OVEST;PIEMONTE;TO;1001313;A1PY; ;M094;VIU`;B;B1;TO00000857;9;Magazzini;NORMALE;P;230;340;L;1,6;2,4;L;
NORD-OVEST;PIEMONTE;TO;1001313;A1PY; ;M094;VIU`;B;B1;TO00000857;5;Negozi;NORMALE;P;430;860;L;2,5;5;L;
NORD-OVEST;PIEMONTE;TO;1001313;A1PY; ;M094;VIU`;B;B1;TO00000857;10;Laboratori;NORMALE;P;250;460;L;1,4;2,8;L;
NORD-OVEST;PIEMONTE;TO;1001314;A1PZ; ;M122;VOLPIANO;B;B1;TO00000956;20;Abitazioni civili;NORMALE;P;850;1250;L;4,1;6,2;L;
NORD-OVEST;PIEMONTE;TO;1001314;A1PZ; ;M122;VOLPIANO;B;B1;TO00000956;20;Abitazioni civili;OTTIMO; ;1300;1950;L;5,7;8,6;L;
NORD-OVEST;PIEMONTE;TO;1001314;A1PZ; ;M122;VOLPIANO;B;B1;TO00000956;21;Abitazioni di tipo economico;NORMALE;P;770;1150;L;4,5;6,8;L;
NORD-OVEST;PIEMONTE;TO;1001314;A1PZ; ;M122;VOLPIANO;B;B1;TO00000956;13;Box;NORMALE;P;480;700;L;3;4,5;L;
NORD-OVEST;PIEMONTE;TO;1001314;A1PZ; ;M122;VOLPIANO;B;B1;TO00000956;1;Ville e Villini;NORMALE;P;970;1450;L;3,4;5,1;L;
NORD-OVEST;PIEMONTE;TO;1001314;A1PZ; ;M122;VOLPIANO;B;B1;TO00000956;9;Magazzini;NORMALE;P;390;580;L;2,6;3,9;L;
NORD-OVEST;PIEMONTE;TO;1001314;A1PZ; ;M122;VOLPIANO;B;B1;TO00000956;5;Negozi;NORMALE;P;550;1100;L;5,1;10,2;L;
NORD-OVEST;PIEMONTE;TO;1001314;A1PZ; ;M122;VOLPIANO;B;B1;TO00000956;6;Uffici;NORMALE;P;580;1150;L;4,4;8,8;L;
NORD-OVEST;PIEMONTE;TO;1001314;A1PZ; ;M122;VOLPIANO;B;B1;TO00000956;10;Laboratori;NORMALE;P;400;700;L;2,6;5;L;
NORD-OVEST;PIEMONTE;TO;1001314;A1PZ; ;M122;VOLPIANO;D;D1;TO00000957;8;Capannoni industriali;NORMALE;P;210;420;L;1,5;3;L;
NORD-OVEST;PIEMONTE;TO;1001314;A1PZ; ;M122;VOLPIANO;D;D1;TO00000957;10;Laboratori;NORMALE;P;320;640;L;1,7;3,4;L;
NORD-OVEST;PIEMONTE;TO;1001315;A1QA; ;M133;VOLVERA;B;B1;TO00000861;20;Abitazioni civili;NORMALE;P;1050;1550;L;4,8;7,2;L;
NORD-OVEST;PIEMONTE;TO;1001315;A1QA; ;M133;VOLVERA;B;B1;TO00000861;21;Abitazioni di tipo economico;NORMALE;P;770;1150;L;3,8;5,7;L;
NORD-OVEST;PIEMONTE;TO;1001315;A1QA; ;M133;VOLVERA;B;B1;TO00000861;13;Box;NORMALE;P;560;840;L;2,7;4,1;L;
NORD-OVEST;PIEMONTE;TO;1001315;A1QA; ;M133;VOLVERA;B;B1;TO00000861;1;Ville e Villini;NORMALE;P;870;1300;L;2,9;4,3;L;
NORD-OVEST;PIEMONTE;TO;1001315;A1QA; ;M133;VOLVERA;B;B1;TO00000861;1;Ville e Villini;OTTIMO; ;1050;1600;L;3,6;5,4;L;
NORD-OVEST;PIEMONTE;TO;1001315;A1QA; ;M133;VOLVERA;B;B1;TO00000861;9;Magazzini;NORMALE;P;300;450;L;2,2;3,3;L;
NORD-OVEST;PIEMONTE;TO;1001315;A1QA; ;M133;VOLVERA;B;B1;TO00000861;5;Negozi;NORMALE;P;500;1000;L;4,4;8,8;L;
NORD-OVEST;PIEMONTE;TO;1001315;A1QA; ;M133;VOLVERA;B;B1;TO00000861;6;Uffici;NORMALE;P;530;1000;L;3,5;7;L;
NORD-OVEST;PIEMONTE;TO;1001315;A1QA; ;M133;VOLVERA;B;B1;TO00000861;8;Capannoni industriali;NORMALE;P;190;380;L;2;4;L;
NORD-OVEST;PIEMONTE;TO;1001315;A1QA; ;M133;VOLVERA;B;B1;TO00000861;10;Laboratori;NORMALE;P;330;660;L;2;4;L;
NORD-OVEST;PIEMONTE;TO;1001315;A1QA; ;M133;VOLVERA;E;E1;TO00003452;20;Abitazioni civili;NORMALE;P;1050;1600;L;4,2;6,3;L;
NORD-OVEST;PIEMONTE;TO;1001315;A1QA; ;M133;VOLVERA;E;E1;TO00003452;13;Box;NORMALE;P;570;860;L;3;4,5;L;
NORD-OVEST;PIEMONTE;TO;1001315;A1QA; ;M133;VOLVERA;E;E1;TO00003452;8;Capannoni industriali;NORMALE;P;250;500;L;2,1;4,2;L;
NORD-OVEST;PIEMONTE;TO;1001316;A1QB; ;M316;MAPPANO;B;B1;TO00003890;20;Abitazioni civili;NORMALE;P;1000;1500;L;4,8;7,2;L;
NORD-OVEST;PIEMONTE;TO;1001316;A1QB; ;M316;MAPPANO;B;B1;TO00003890;20;Abitazioni civili;OTTIMO; ;1500;2250;L;6,7;9,5;L;
NORD-OVEST;PIEMONTE;TO;1001316;A1QB; ;M316;MAPPANO;B;B1;TO00003890;21;Abitazioni di tipo economico;NORMALE;P;830;1250;L;4,7;7;L;
NORD-OVEST;PIEMONTE;TO;1001316;A1QB; ;M316;MAPPANO;B;B1;TO00003890;13;Box;NORMALE;P;560;850;L;2,2;3,3;L;
NORD-OVEST;PIEMONTE;TO;1001316;A1QB; ;M316;MAPPANO;B;B1;TO00003890;8;Capannoni industriali;NORMALE;P;250;500;L;1,7;3,3;L;
NORD-OVEST;PIEMONTE;TO;11317;A1QC; ;M405;VAL DI CHY;B;B1;TO00003910;20;Abitazioni civili;NORMALE;P;480;720;L;2,4;3,6;L;
NORD-OVEST;PIEMONTE;TO;11317;A1QC; ;M405;VAL DI CHY;B;B1;TO00003910;21;Abitazioni di tipo economico;NORMALE;P;350;520;L;2,2;3,3;L;
NORD-OVEST;PIEMONTE;TO;11317;A1QC; ;M405;VAL DI CHY;B;B1;TO00003910;13;Box;NORMALE;P;310;460;L;1,9;2,8;L;
NORD-OVEST;PIEMONTE;TO;11317;A1QC; ;M405;VAL DI CHY;B;B1;TO00003910;9;Magazzini;NORMALE;P;150;220;L;1;1,5;L;
NORD-OVEST;PIEMONTE;TO;11317;A1QC; ;M405;VAL DI CHY;B;B1;TO00003910;5;Negozi;NORMALE;P;320;640;L;2,7;5,4;L;
NORD-OVEST;PIEMONTE;TO;11317;A1QC; ;M405;VAL DI CHY;E;E1;TO00003911;20;Abitazioni civili;NORMALE;P;420;630;L;2,2;3,2;L;
NORD-OVEST;PIEMONTE;TO;11317;A1QC; ;M405;VAL DI CHY;E;E1;TO00003911;21;Abitazioni di tipo economico;NORMALE;P;300;450;L;2,1;3,1;L;
NORD-OVEST;PIEMONTE;TO;11317;A1QC; ;M405;VAL DI CHY;E;E1;TO00003911;13;Box;NORMALE;P;300;450;L;1,9;2,8;L;
NORD-OVEST;PIEMONTE;TO;11317;A1QC; ;M405;VAL DI CHY;E;E1;TO00003911;9;Magazzini;NORMALE;P;110;160;L;1;1,4;L;
NORD-OVEST;PIEMONTE;TO;11317;A1QC; ;M405;VAL DI CHY;E;E2;TO00003912;21;Abitazioni di tipo economico;NORMALE;P;310;460;L;2,1;3,1;L;
NORD-OVEST;PIEMONTE;TO;11317;A1QC; ;M405;VAL DI CHY;E;E2;TO00003912;13;Box;NORMALE;P;300;450;L;1,9;2,8;L;
NORD-OVEST;PIEMONTE;TO;11317;A1QC; ;M405;VAL DI CHY;E;E2;TO00003912;9;Magazzini;NORMALE;P;110;160;L;1;1,4;L;
NORD-OVEST;PIEMONTE;TO;11318;A1QD; ;M415;VALCHIUSA;B;B1;TO00003930;20;Abitazioni civili;NORMALE;P;380;570;L;2,6;3,9;L;
NORD-OVEST;PIEMONTE;TO;11318;A1QD; ;M415;VALCHIUSA;B;B1;TO00003930;21;Abitazioni di tipo economico;NORMALE;P;320;480;L;1,9;2,9;L;
NORD-OVEST;PIEMONTE;TO;11318;A1QD; ;M415;VALCHIUSA;B;B1;TO00003930;13;Box;NORMALE;P;240;360;L;1,8;2,6;L;
NORD-OVEST;PIEMONTE;TO;11318;A1QD; ;M415;VALCHIUSA;B;B1;TO00003930;9;Magazzini;NORMALE;P;140;210;L;1;1,4;L;
NORD-OVEST;PIEMONTE;TO;11318;A1QD; ;M415;VALCHIUSA;B;B1;TO00003930;5;Negozi;NORMALE;P;280;560;L;2,7;5,4;L;
NORD-OVEST;PIEMONTE;TO;11318;A1QD; ;M415;VALCHIUSA;D;D1;TO00003931;21;Abitazioni di tipo economico;NORMALE;P;280;420;L;2;3;L;
NORD-OVEST;PIEMONTE;TO;11318;A1QD; ;M415;VALCHIUSA;D;D1;TO00003931;13;Box;NORMALE;P;190;290;L;1,8;2,6;L;
NORD-OVEST;PIEMONTE;TO;11318;A1QD; ;M415;VALCHIUSA;E;E1;TO00003932;21;Abitazioni di tipo economico;NORMALE;P;320;480;L;2,1;3,2;L;
NORD-OVEST;PIEMONTE;TO;11318;A1QD; ;M415;VALCHIUSA;E;E1;TO00003932;13;Box;NORMALE;P;240;360;L;1,8;2,6;L;
NORD-OVEST;PIEMONTE;TO;11318;A1QD; ;M415;VALCHIUSA;E;E1;TO00003932;9;Magazzini;NORMALE;P;140;210;L;1;1,4;L;
