id;gruppo_catastale;quotazione_immobiliare_mq
3107622;A;885.0
3107623;B;850.0
3107624;A;885.0
3107625;A;885.0
3107626;C;665.0
3107627;A;885.0
3107628;B;850.0
3107629;A;885.0
3107630;A;885.0
3107631;A;885.0
3107632;A;885.0
3107633;D;315.0
3107634;A;885.0
3107635;A;885.0
3107636;A;885.0
3107637;A;885.0
3107638;A;885.0
3107639;A;885.0
3107640;A;885.0
3107641;A;885.0
3107642;A;885.0
3107643;B;850.0
3107644;A;885.0
3107645;A;885.0
3107646;A;885.0
3107647;A;885.0
3107648;A;885.0
3107649;A;885.0
3107650;A;885.0
3107651;A;885.0
3107652;A;885.0
3107653;A;885.0
3107654;A;885.0
3107655;A;885.0
3107656;C;665.0
3107657;A;885.0
3107658;A;885.0
3107659;A;885.0
3107660;A;1059.0
3107661;A;1059.0
3107662;A;1059.0
3107663;B;850.0
3107664;A;1059.0
3107665;A;1000.0
3107666;A;1000.0
3107667;A;1000.0
3107668;F;862.0
3107669;A;1000.0
3107670;A;1000.0
3107671;A;1000.0
3107672;B;862.0
3107673;A;1000.0
3107674;A;1000.0
3107675;A;1000.0
3107676;A;1000.0
3107677;A;1000.0
3107678;A;1000.0
3107679;A;1000.0
3107680;A;1000.0
3107681;A;1000.0
3107682;A;1000.0
3107683;A;1000.0
3107684;A;1000.0
3107685;A;1000.0
3107686;A;1000.0
3107687;A;1000.0
3107688;A;1000.0
3107689;A;1000.0
3107690;A;1000.0
3107691;A;1000.0
3107692;A;1000.0
3107693;A;1000.0
3107694;A;1059.0
3107695;A;1000.0
3107696;A;1059.0
3107697;A;1059.0
3107698;A;1059.0
3107699;A;885.0
3107700;A;885.0
3107701;A;885.0
3107702;A;885.0
3107703;A;885.0
3107704;D;315.0
3107705;A;967.0
3107706;A;885.0
3107707;A;967.0
3107708;A;967.0
3107709;A;967.0
3107710;A;967.0
3107711;A;1042.0
3107712;A;1042.0
3107713;A;1042.0
3107714;D;270.0
3107715;C;760.0
3107716;A;1042.0
3107717;A;1042.0
3107718;A;1042.0
3107719;A;1042.0
3107720;A;1042.0
3107721;A;1042.0
3107722;A;1042.0
3107723;A;1042.0
3107724;A;1042.0
3107725;A;967.0
3107726;A;967.0
3107727;A;967.0
3107728;A;967.0
3107729;B;850.0
3107730;A;967.0
3107731;A;1140.0
3107732;A;1140.0
3107733;A;863.0
3107734;A;1059.0
3107735;A;1059.0
3107736;A;1059.0
3107737;A;1059.0
3107738;A;1059.0
3107739;A;1059.0
3107740;A;1059.0
3107741;F;1018.0
3107742;A;1059.0
3107743;A;1059.0
3107744;A;1059.0
3107745;A;1059.0
3107746;A;1059.0
3107747;A;1000.0
3107748;A;1059.0
3107749;B;1018.0
3107750;B;862.0
3107751;A;1000.0
3107752;A;1000.0
3107753;A;1000.0
3107754;A;1000.0
3107755;A;1000.0
3107756;C;662.0
3107757;B;862.0
3107758;A;1000.0
3107759;A;1059.0
3107760;A;1000.0
3107761;A;1059.0
3107762;A;1059.0
3107763;A;1059.0
3107764;A;1059.0
3107765;A;1059.0
3107766;A;1059.0
3107767;A;1078.0
3107768;A;1078.0
3107769;F;1018.0
3107770;A;1140.0
3107771;A;863.0
3107772;A;1140.0
3107773;A;863.0
3107774;A;967.0
3107775;A;967.0
3107776;A;967.0
3107777;A;967.0
3107778;A;967.0
3107779;A;967.0
3107780;A;967.0
3107781;A;967.0
3107782;A;967.0
3107783;A;967.0
3107784;A;967.0
3107785;A;967.0
3107786;A;967.0
3107787;A;967.0
3107788;A;967.0
3107789;A;967.0
3107790;A;967.0
3107791;A;967.0
3107792;D;315.0
3107793;B;1261.0
3107794;A;967.0
3107795;A;967.0
3107796;A;967.0
3107797;A;863.0
3107798;A;863.0
3107799;A;863.0
3107800;A;967.0
3107801;A;967.0
3107802;A;967.0
3107803;A;967.0
3107804;A;863.0
3107805;A;863.0
3107806;A;863.0
3107807;A;863.0
3107808;A;863.0
3107809;A;863.0
3107810;A;863.0
3107811;A;863.0
3107812;A;863.0
3107813;A;863.0
3107814;A;863.0
3107815;A;863.0
3107816;A;863.0
3107817;A;863.0
3107818;A;863.0
3107819;A;863.0
3107820;A;863.0
3107821;A;863.0
3107822;A;863.0
3107823;A;863.0
3107824;A;863.0
3107825;A;863.0
3107826;A;1138.0
3107827;A;1138.0
3107828;A;1140.0
3107829;A;1140.0
3107830;A;1140.0
3107831;F;1294.0
3107832;A;1140.0
3107833;A;863.0
3107834;A;1138.0
3107835;A;1138.0
3107836;A;1138.0
3107837;F;1236.0
3107838;F;1236.0
3107839;F;1236.0
3107840;A;1078.0
3107841;A;1078.0
3107842;A;1000.0
3107843;A;1322.0
3107844;A;1000.0
3107845;A;1322.0
3107846;A;1242.0
3107847;B;1481.0
3107848;A;1322.0
3107849;A;1242.0
3107850;A;1322.0
3107851;A;1322.0
3107852;A;1717.0
3107853;A;1717.0
3107854;A;1322.0
3107855;A;1322.0
3107856;A;1322.0
3107857;A;1322.0
3107858;A;1500.0
3107859;A;1855.0
3107860;A;1322.0
3107861;C;1175.0
3107862;A;1500.0
3107863;A;1500.0
3107864;A;1855.0
3107865;A;1270.0
3107866;B;1312.0
3107867;A;1270.0
3107868;B;1312.0
3107869;A;1270.0
3107870;A;1270.0
3107871;A;1270.0
3107872;C;1112.0
3107873;A;1270.0
3107874;D;1312.0
3107875;A;1270.0
3107876;A;1270.0
3107877;A;1270.0
3107878;A;1515.0
3107879;A;1270.0
3107880;A;1515.0
3107881;A;1515.0
3107882;A;1515.0
3107883;A;1515.0
3107884;A;1515.0
3107885;C;1033.0
3107886;B;1394.0
3107887;A;1515.0
3107888;A;1515.0
3107889;A;1988.0
3107890;A;1270.0
3107891;B;1394.0
3107892;A;1270.0
3107893;B;1394.0
3107894;A;1515.0
3107895;C;838.0
3107896;A;1138.0
3107897;A;1138.0
3107898;A;1138.0
3107899;C;838.0
3107900;A;1138.0
3107901;D;1302.0
3107902;A;1138.0
3107903;A;1138.0
3107904;A;1138.0
3107905;A;1138.0
3107906;A;1138.0
3107907;A;1138.0
3107908;A;1138.0
3107909;A;1138.0
3107910;A;1138.0
3107911;C;838.0
3107912;A;1138.0
3107913;A;1138.0
3107914;A;863.0
3107915;B;939.0
3107916;A;863.0
3107917;A;863.0
3107918;A;863.0
3107919;A;863.0
3107920;A;863.0
3107921;A;863.0
3107922;A;863.0
3107923;A;863.0
3107924;B;939.0
3107925;A;863.0
3107926;A;863.0
3107927;A;967.0
3107928;A;1333.0
3107929;A;1333.0
3107930;A;1426.0
3107931;B;1261.0
3107932;A;1426.0
3107933;A;2056.0
3107934;A;967.0
3107935;A;1805.0
3107936;A;967.0
3107937;C;1338.0
3107938;A;1805.0
3107939;A;1805.0
3107940;A;1805.0
3107941;A;1805.0
3107942;A;1805.0
3107943;A;1138.0
3107944;A;1515.0
3107945;A;1515.0
3107946;B;1394.0
3107947;B;1394.0
3107948;A;1515.0
3107949;A;1515.0
3107950;A;1515.0
3107951;C;1033.0
3107952;A;1515.0
3107953;A;1515.0
3107954;C;1033.0
3107955;A;1988.0
3107956;A;1988.0
3107957;A;1988.0
3107958;A;1988.0
3107959;A;1988.0
3107960;A;1988.0
3107961;A;1988.0
3107962;A;1515.0
3107963;A;1515.0
3107964;A;1515.0
3107965;A;1515.0
3107966;A;1988.0
3107967;A;1515.0
3107968;A;1515.0
3107969;A;1515.0
3107970;A;1988.0
3107971;A;1988.0
3107972;A;1988.0
3107973;A;1988.0
3107974;B;2256.0
3107975;A;1988.0
3107976;A;1988.0
3107977;A;1988.0
3107978;A;1988.0
3107979;A;1988.0
3107980;A;2158.0
3107981;A;2158.0
3107982;A;2158.0
3107983;A;1800.0
3107984;A;1800.0
3107985;B;1888.0
3107986;A;1525.0
3107987;A;1525.0
3107988;C;908.0
3107989;A;1525.0
3107990;B;1553.0
3107991;C;908.0
3107992;A;1855.0
3107993;A;1717.0
3107994;A;1717.0
3107995;B;1768.0
3107996;D;321.0
3107997;A;1717.0
3107998;C;1188.0
3107999;A;1717.0
3108000;A;1242.0
3108001;A;1426.0
3108002;A;1242.0
3108003;A;1242.0
3108004;A;1242.0
3108005;A;1242.0
3108006;A;1717.0
3108007;A;1717.0
3108008;A;1717.0
3108009;A;1717.0
3108010;A;1497.0
3108011;A;1525.0
3108012;A;1525.0
3108013;A;2631.0
3108014;A;2631.0
3108015;A;1988.0
3108016;A;1988.0
3108017;A;1988.0
3108018;B;2256.0
3108019;B;2409.0
3108020;C;2095.0
3108021;C;2095.0
3108022;A;1988.0
3108023;A;1988.0
3108024;C;2095.0
3108025;A;1988.0
3108026;A;1988.0
3108027;A;1988.0
3108028;A;2738.0
3108029;A;2738.0
3108030;A;1988.0
3108031;A;1988.0
3108032;C;2095.0
3108033;A;1988.0
3108034;A;1988.0
3108035;A;1988.0
3108036;A;1988.0
3108037;A;1988.0
3108038;C;2095.0
3108039;B;2597.0
3108040;A;1805.0
3108041;A;1805.0
3108042;A;2738.0
3108043;A;2738.0
3108044;A;2738.0
3108045;A;2738.0
3108046;A;1805.0
3108047;A;1805.0
3108048;A;1805.0
3108049;A;1805.0
3108050;A;1805.0
3108051;C;1338.0
3108052;A;1805.0
3108053;A;1938.0
3108054;C;1092.0
3108055;A;1938.0
3108056;A;967.0
3108057;A;1938.0
3108058;A;1938.0
3108059;A;1938.0
3108060;B;1818.0
3108061;A;1938.0
3108062;A;2056.0
3108063;A;2056.0
3108064;B;1866.0
3108065;A;2056.0
3108066;B;1866.0
3108067;A;1938.0
3108068;A;1805.0
3108069;A;1805.0
3108070;A;1805.0
3108071;C;1338.0
3108072;A;2725.0
3108073;A;2725.0
3108074;C;2435.0
3108075;A;1948.0
3108076;A;1948.0
3108077;C;1530.0
3108078;C;1530.0
3108079;A;2725.0
3108080;A;2725.0
3108081;A;2725.0
3108082;C;1936.0
3108083;C;1936.0
3108084;A;1948.0
3108085;C;1298.0
3108086;A;1948.0
3108087;A;2875.0
3108088;A;1497.0
3108089;A;1800.0
3108090;D;1950.0
3108091;A;1497.0
3108092;A;1717.0
3108093;B;1768.0
3108094;A;1717.0
3108095;A;1242.0
3108096;B;1259.0
3108097;A;1242.0
3108098;A;1497.0
3108099;A;1497.0
3108100;A;1497.0
3108101;A;1497.0
3108102;B;1547.0
3108103;A;1497.0
3108104;A;1497.0
3108105;B;1547.0
3108106;A;2106.0
3108107;A;2106.0
3108108;A;2517.0
3108109;A;2106.0
3108110;A;2517.0
3108111;A;1384.0
3108112;A;1384.0
3108113;A;1384.0
3108114;A;1833.0
3108115;A;1833.0
3108116;B;1801.0
3108117;C;1431.0
3108118;A;1948.0
3108119;A;2725.0
3108120;C;2435.0
3108121;C;2435.0
3108122;A;2725.0
3108123;A;2950.0
3108124;B;2296.0
3108125;A;2950.0
3108126;A;2950.0
3108127;A;2950.0
3108128;A;2950.0
3108129;A;2056.0
3108130;A;1426.0
3108131;A;1426.0
3108132;A;1426.0
3108133;C;788.0
3108134;A;2950.0
3108135;A;2950.0
3108136;A;2950.0
3108137;C;1267.0
3108138;D;1801.0
3108139;A;1870.0
3108140;A;1870.0
3108141;A;1870.0
3108142;C;1267.0
3108143;A;2950.0
3108144;A;1283.0
3108145;A;1447.0
3108146;A;1447.0
3108147;A;1447.0
3108148;A;1447.0
3108149;A;1447.0
3108150;A;2106.0
3108151;A;2106.0
3108152;A;1870.0
3108153;B;1801.0
3108154;A;1870.0
3108155;C;1267.0
3108156;C;1267.0
3108157;A;2950.0
3108158;A;1426.0
3108159;A;1426.0
3108160;C;788.0
3108161;A;2950.0
3108162;A;2950.0
3108163;A;2950.0
3108164;A;1870.0
3108165;A;1870.0
3108166;A;1333.0
3108167;A;1235.0
3108168;A;1235.0
3108169;A;1235.0
3108170;A;1235.0
3108171;A;1235.0
3108172;A;1235.0
3108173;A;1235.0
3108174;A;1235.0
3108175;A;1235.0
3108176;A;1235.0
3108177;A;1235.0
3108178;A;1235.0
3108179;A;1235.0
3108180;A;1235.0
3108181;A;1447.0
3108182;A;1447.0
3108183;A;1447.0
3108184;A;1447.0
3108185;A;1447.0
3108186;A;1447.0
3108187;B;1300.0
3108188;D;321.0
3108189;A;1283.0
3108190;A;1283.0
3108191;A;1283.0
3108192;A;1283.0
3108193;A;1283.0
3108194;A;1283.0
3108195;A;1283.0
3108196;A;1283.0
3108197;A;1283.0
3108198;A;1283.0
3108199;A;1283.0
3108200;A;1283.0
3108201;A;1283.0
3108202;A;1447.0
3108203;A;1447.0
3108204;D;321.0
3108205;A;1447.0
3108206;A;1447.0
3108207;B;1561.0
3108208;A;1447.0
3108209;A;1235.0
3108210;A;1235.0
3108211;A;1447.0
3108212;A;1333.0
3108213;C;1227.0
3108214;A;2950.0
3108215;A;2950.0
3108216;A;1426.0
3108217;A;1426.0
3108218;A;1426.0
3108219;A;1426.0
3108220;A;1333.0
3108221;A;1333.0
3108222;A;1333.0
3108223;A;1333.0
3108224;A;1333.0
3108225;D;321.0
3108226;F;1303.0
3108227;A;1235.0
3108228;A;1235.0
3108229;A;1447.0
3108230;A;1283.0
3108231;A;1283.0
3108232;A;1283.0
3108233;A;1283.0
3108234;A;1283.0
3108235;A;1283.0
3108236;A;1283.0
3108237;A;1283.0
3108238;A;1235.0
3108239;A;1283.0
3108240;A;1283.0
3108241;A;1283.0
3108242;A;1283.0
3108243;A;1283.0
3108244;A;1283.0
3108245;A;1283.0
3108246;A;1283.0
3108247;A;1283.0
3108248;A;1283.0
3108249;A;1283.0
3108250;A;1283.0
3108251;A;1034.0
3108252;A;1283.0
3108253;D;321.0
3108254;A;1283.0
3108255;B;1300.0
3108256;A;1034.0
3108257;A;1034.0
3108258;A;1034.0
3108259;A;1034.0
3108260;C;643.0
3108261;A;1034.0
3108262;C;932.0
3108263;A;1235.0
3108264;A;1235.0
3108265;A;1235.0
3108266;A;1235.0
3108267;A;1235.0
3108268;A;1235.0
3108269;A;1235.0
3108270;A;1235.0
3108271;A;1235.0
3108272;A;1333.0
3108273;A;2950.0
3108274;A;1333.0
3108275;A;1333.0
3108276;B;830.0
3108277;A;1235.0
3108278;A;1235.0
3108279;A;1235.0
3108280;A;1235.0
3108281;A;1235.0
3108282;A;1034.0
3108283;A;1034.0
3108284;A;1034.0
3108285;A;1034.0
3108286;A;1034.0
3108287;D;348.0
3108288;A;1034.0
3108289;A;1034.0
3108290;A;1034.0
3108291;C;643.0
3108292;A;1034.0
3108293;A;1034.0
3108294;A;1034.0
3108295;A;1034.0
3108296;A;1034.0
3108297;A;1034.0
3108298;A;1034.0
3108299;A;1034.0
3108300;A;1034.0
3108301;C;643.0
3108302;A;1034.0
3108303;A;1034.0
3108304;A;1034.0
3108305;A;1034.0
3108306;A;1034.0
3108307;A;1034.0
3108308;A;1034.0
3108309;A;1034.0
3108310;A;1034.0
3108311;A;1034.0
3108312;A;1988.0
3108313;A;1988.0
3108314;A;1988.0
3108315;A;1988.0
3108316;A;1988.0
3108317;A;1988.0
3108318;A;967.0
3108319;A;1078.0
3108320;A;1322.0
3108321;A;1717.0
3108322;A;1283.0
2757678;T;
420306;A;1938.0
1065333;T;1261.0
2842876;A;
264;B;1394.0
278;B;1553.0
1115;A;863.0
1116;A;863.0
1129;B;2256.0
2331;B;1561.0
2748;C;2095.0
2892;B;1485.0
3439;E;1776.0
3464;A;1000.0
3468;A;1138.0
3469;A;863.0
3898;B;2050.0
4204;A;863.0
4779;A;1988.0
5061;C;1936.0
5062;A;1497.0
5094;A;1988.0
5350;B;1018.0
5757;A;1447.0
6230;;2166.0
6260;A;863.0
6655;D;2296.0
6817;A;863.0
7267;B;1481.0
7904;B;1303.0
7948;A;1988.0
8387;A;1000.0
8411;;2166.0
8412;;2166.0
8901;;2166.0
9289;B;1312.0
9296;C;788.0
9305;B;1303.0
9799;;2166.0
9836;A;1988.0
10308;A;2950.0
10314;D;2256.0
10768;A;2725.0
10804;A;863.0
11881;;2166.0
11913;D;1801.0
11920;A;1805.0
11936;A;1235.0
11955;B;982.0
12042;B;850.0
12224;D;1866.0
12233;C;2095.0
12234;B;1888.0
12263;B;1018.0
12478;C;1530.0
12615;D;1938.0
12624;A;1988.0
12942;A;1988.0
13464;A;863.0
13478;C;1152.0
14085;B;1818.0
14393;B;1261.0
14602;D;321.0
14929;B;1593.0
14979;D;1801.0
15000;A;2725.0
15206;C;718.0
15274;A;863.0
15291;A;1988.0
15609;B;1312.0
15630;A;1042.0
15762;B;850.0
16133;B;1261.0
16187;A;863.0
16188;A;863.0
16213;B;1768.0
16250;B;1768.0
19833;B;1866.0
20159;A;863.0
20229;B;2000.0
20970;A;1235.0
21163;B;1312.0
22185;A;1988.0
22354;A;1988.0
22406;B;1312.0
22489;B;2409.0
22565;A;1717.0
22979;B;1261.0
23346;A;1515.0
23347;A;1515.0
23476;D;2296.0
23524;A;1515.0
23646;A;1000.0
23657;C;728.0
23949;B;1801.0
24376;B;1776.0
24496;B;939.0
24497;A;1500.0
24506;A;885.0
24636;A;1988.0
24637;A;1515.0
24764;B;1481.0
24899;A;1988.0
24907;B;982.0
25122;D;315.0
25247;B;1593.0
26000;A;1515.0
26231;A;1988.0
26341;A;1078.0
26534;A;1988.0
26535;D;1394.0
26538;B;2296.0
26539;C;1267.0
26653;A;1988.0
26672;A;1515.0
26841;A;1515.0
27069;A;1515.0
28522;A;1870.0
28523;A;1138.0
43004;;1485.0
43005;A;1333.0
43006;B;1485.0
43009;B;1561.0
43011;B;1561.0
43012;A;2950.0
43206;C;1530.0
43207;C;1530.0
43208;C;1530.0
43211;C;1530.0
43212;C;1530.0
44210;D;1776.0
44211;C;1530.0
44226;A;1948.0
44227;C;1530.0
54201;A;1800.0
54202;A;1384.0
54203;C;1298.0
54205;A;1800.0
54207;A;1988.0
69712;A;1948.0
69714;A;1948.0
88451;C;1227.0
248449;A;1525.0
251960;A;1000.0
257494;A;1000.0
257495;A;1000.0
257496;A;1000.0
257497;A;1000.0
257498;A;1000.0
257499;A;1000.0
257500;A;1000.0
257501;A;1000.0
257502;A;1000.0
257503;A;1000.0
257504;A;1000.0
257505;A;1000.0
257506;A;1000.0
257512;A;1000.0
257521;A;1000.0
257529;A;1000.0
257539;A;1000.0
257543;A;1000.0
257544;A;1000.0
257545;A;1000.0
292655;A;863.0
292657;;939.0
293553;A;1497.0
293554;A;1497.0
293556;A;1497.0
293557;A;1497.0
293558;A;1497.0
293559;A;1497.0
293560;A;1497.0
293561;A;1497.0
293562;A;1497.0
293563;A;1497.0
295000;A;1034.0
301849;A;1138.0
301851;A;1138.0
301852;A;1138.0
301853;A;1138.0
301854;A;1138.0
301855;A;1138.0
301856;A;1138.0
301857;A;1138.0
303849;A;1855.0
303853;B;1888.0
338610;;1303.0
338611;;1303.0
338612;;1303.0
338613;;1303.0
338614;;1303.0
338624;;1303.0
338625;;1303.0
338626;;1303.0
338627;;1303.0
338628;;1303.0
338629;;1303.0
338630;;1303.0
338631;;1303.0
338632;;1303.0
338659;B;1303.0
338703;B;850.0
338704;;850.0
338705;;850.0
338706;;850.0
338707;D;315.0
338714;D;1302.0
338749;A;1447.0
338751;B;1303.0
338752;A;1235.0
338753;A;1235.0
373568;A;1948.0
381821;B;1294.0
381822;A;1140.0
381823;A;1140.0
381824;A;1140.0
381825;A;1140.0
381826;A;1140.0
381827;A;1140.0
381828;C;875.0
381839;B;2050.0
382042;A;1870.0
382043;C;1267.0
382044;B;1801.0
382050;B;1561.0
382051;A;1447.0
382052;A;1447.0
382053;C;1242.0
382054;;1561.0
382055;;1561.0
382493;A;1515.0
388058;C;718.0
388059;B;939.0
388082;B;1394.0
388085;C;1033.0
388086;C;1033.0
388087;C;1033.0
388088;B;1394.0
388089;B;1394.0
388090;B;1394.0
388091;D;1394.0
388095;B;1394.0
388100;B;1938.0
388102;A;1805.0
388124;C;662.0
388125;A;1000.0
388126;A;1000.0
388129;B;862.0
388140;A;885.0
388141;A;885.0
388181;B;1547.0
388182;A;1497.0
388183;A;1497.0
388185;A;1525.0
388187;B;1553.0
388188;C;908.0
388189;C;908.0
388190;C;908.0
388191;C;908.0
388192;C;908.0
388193;C;908.0
388194;C;908.0
388195;C;908.0
388196;C;908.0
388197;C;908.0
388198;C;908.0
388199;C;908.0
388200;C;908.0
388201;C;908.0
388202;C;908.0
388203;C;908.0
388204;C;908.0
388205;C;908.0
388206;C;908.0
388207;C;908.0
388209;C;908.0
388210;C;908.0
388211;C;908.0
388212;C;908.0
388213;C;908.0
388214;C;908.0
388215;C;908.0
388216;C;908.0
388217;B;1553.0
388218;D;1553.0
388223;C;908.0
388224;C;908.0
388241;B;1300.0
388242;A;1283.0
388244;C;875.0
388250;B;1303.0
388254;B;1303.0
388273;B;1866.0
388279;A;2106.0
388299;B;1485.0
388300;A;1333.0
388301;A;1333.0
388306;A;1333.0
388307;B;1801.0
388309;A;1870.0
388314;B;1776.0
388315;A;1948.0
388316;A;1948.0
388317;A;1948.0
388319;C;2435.0
388320;A;2725.0
388321;A;2725.0
388322;;2606.0
388323;A;2725.0
388324;A;2725.0
388325;A;2725.0
388326;A;2725.0
388327;A;2725.0
388328;A;2725.0
388329;A;2725.0
388330;A;2725.0
388331;;2606.0
388332;C;2435.0
388333;;2606.0
388344;C;1781.0
388345;A;2400.0
388346;B;2409.0
392799;B;1950.0
440181;;2256.0
440182;;2256.0
440183;;2256.0
440184;;2256.0
440185;;2256.0
440186;;2256.0
440187;;2256.0
440189;;2256.0
440190;B;2256.0
440191;;2256.0
440192;;2256.0
440193;;2256.0
440194;;2256.0
572845;A;1000.0
572846;A;1000.0
572847;A;1000.0
572848;A;1000.0
572849;A;1000.0
572850;A;1000.0
572851;A;1000.0
572852;A;1000.0
572853;A;1000.0
572854;A;1000.0
572856;A;1000.0
573650;B;1300.0
573651;A;1283.0
573936;A;1333.0
574562;;1236.0
574563;;1236.0
574564;;1236.0
574565;;1236.0
574566;;1236.0
574567;;1236.0
574568;;1236.0
574569;;1236.0
574570;;1236.0
574571;;1236.0
574572;;1236.0
574573;;1236.0
574574;;1236.0
574575;;1236.0
574576;;1236.0
574577;;1236.0
574578;;1236.0
574579;;1236.0
574580;;1236.0
574581;;1236.0
574582;;1236.0
574583;;1236.0
574584;;1236.0
574585;;1236.0
574586;;1236.0
574587;;1236.0
574588;;1236.0
574589;;1236.0
574590;;1236.0
574591;;1236.0
574592;;1236.0
574593;;1236.0
574594;;1236.0
574595;;1236.0
574596;;1236.0
574597;;1236.0
574598;;1236.0
574599;;1236.0
574600;;1236.0
574601;;1236.0
574602;;1236.0
574603;;1236.0
574604;;1236.0
574605;;1236.0
574606;;1236.0
574607;;1236.0
574608;;1236.0
574609;;1236.0
574610;;1236.0
574611;;1236.0
574612;;1236.0
574613;;1236.0
574614;;1236.0
574615;;1236.0
574616;;1236.0
574617;;1236.0
574618;;1236.0
574619;;1236.0
574620;;1236.0
574621;;1236.0
574622;;1236.0
574623;;1236.0
574624;;1236.0
574625;;1236.0
574626;;1236.0
574627;;1236.0
574628;;1236.0
574629;;1236.0
574630;;1236.0
574631;;1236.0
574632;;1236.0
574633;;1236.0
574634;;1236.0
574635;;1236.0
574636;;1236.0
574637;;1236.0
574638;;1236.0
574639;;1236.0
574640;;1236.0
574641;;1236.0
574642;;1236.0
574643;A;1078.0
574644;A;1078.0
574645;A;1078.0
574646;A;1078.0
574647;A;1078.0
574648;A;1078.0
574649;A;1078.0
574650;A;1078.0
574651;A;1078.0
574652;A;1078.0
574653;A;1078.0
574654;A;1078.0
574655;A;1078.0
574656;A;1078.0
574657;A;1078.0
574658;A;1078.0
574659;A;1078.0
574660;A;1078.0
574661;A;1078.0
574662;A;1078.0
574663;A;1078.0
574664;A;1078.0
574665;A;1078.0
574666;A;1078.0
574667;A;1078.0
574668;A;1078.0
574669;A;1078.0
574670;A;1078.0
574671;A;1078.0
574672;A;1078.0
574673;A;1078.0
574674;A;1078.0
574675;A;1078.0
574676;A;1078.0
574677;A;1078.0
574678;A;1078.0
574679;A;1078.0
574680;A;1078.0
574681;A;1078.0
574682;A;1078.0
574683;A;1078.0
574684;A;1078.0
574685;A;1078.0
574686;A;1078.0
574687;A;1078.0
574688;A;1078.0
574689;A;1078.0
574690;A;1078.0
574691;A;1078.0
574692;A;1078.0
574693;A;1078.0
574694;A;1078.0
574695;A;1078.0
574696;A;1078.0
574697;A;1078.0
574698;A;1078.0
574699;A;1078.0
574700;A;1078.0
574701;A;1078.0
574702;A;1078.0
574703;A;1078.0
574704;A;1078.0
574705;A;1078.0
574706;A;1078.0
574707;A;1078.0
574708;A;1078.0
574709;A;1078.0
574710;A;1078.0
574711;A;1078.0
574712;A;1078.0
574713;A;1078.0
574714;A;1078.0
574715;A;1078.0
574716;A;1078.0
574717;A;1078.0
574718;A;1078.0
574719;A;1078.0
574720;A;1078.0
574721;A;1078.0
574722;A;1078.0
574723;A;1078.0
574724;;1236.0
574725;;1236.0
574726;;1236.0
574727;;1236.0
574728;;1236.0
574729;;1236.0
574730;;1236.0
574731;;1236.0
574732;;1236.0
574733;;1236.0
574734;;1236.0
574735;;1236.0
574736;;1236.0
574737;;1236.0
574738;;1236.0
574739;;1236.0
574740;;1236.0
574741;;1236.0
574742;;1236.0
574743;;1236.0
574744;;1236.0
574745;;1236.0
574746;;1236.0
574747;;1236.0
574748;;1236.0
574749;;1236.0
574750;;1236.0
574751;;1236.0
574752;;1236.0
574753;;1236.0
574754;;1236.0
574755;;1236.0
574756;;1236.0
574757;;1236.0
574758;;1236.0
574759;;1236.0
574760;;1236.0
574761;;1236.0
574762;;1236.0
574763;;1236.0
574764;;1236.0
574765;;1236.0
574766;;1236.0
574767;;1236.0
574768;;1236.0
574769;;1236.0
574770;;1236.0
574771;;1236.0
574772;;1236.0
574773;;1236.0
574774;A;1078.0
574775;A;1078.0
574776;A;1078.0
574777;A;1078.0
574778;A;1078.0
574779;A;1078.0
574780;A;1078.0
574781;A;1078.0
574782;A;1078.0
574783;A;1078.0
574784;A;1078.0
574785;A;1078.0
574786;A;1078.0
574787;A;1078.0
574788;A;1078.0
574789;A;1078.0
574790;A;1078.0
574791;A;1078.0
574792;A;1078.0
574793;A;1078.0
574794;A;1078.0
574795;A;1078.0
574796;A;1078.0
574797;A;1078.0
574798;A;1078.0
574799;A;1078.0
574800;A;1078.0
574801;A;1078.0
574802;A;1078.0
574803;A;1078.0
574804;A;1078.0
574805;A;1078.0
574806;A;1078.0
574807;A;1078.0
574808;A;1078.0
574809;A;1078.0
574810;A;1078.0
574811;A;1078.0
574812;A;1078.0
574813;A;1078.0
574814;A;1078.0
574815;A;1078.0
574816;A;1078.0
574817;A;1078.0
574818;A;1078.0
574819;A;1078.0
574820;A;1078.0
574821;A;1078.0
574822;A;1078.0
574823;A;1078.0
574824;A;1078.0
574825;A;1078.0
574826;A;1078.0
574827;A;1078.0
574828;A;1078.0
574829;A;1078.0
574830;A;1078.0
574831;;1236.0
574832;;1236.0
574833;;1236.0
574834;;1236.0
574835;;1236.0
574836;;1236.0
574837;;1236.0
574838;;1236.0
574839;;1236.0
574840;;1236.0
574841;;1236.0
574842;;1236.0
574843;;1236.0
574844;;1236.0
574845;;1236.0
574846;;1236.0
574847;;1236.0
574848;;1236.0
574849;;1236.0
574850;;1236.0
574851;;1236.0
574852;;1236.0
574853;;1236.0
574854;;1236.0
574855;;1236.0
574856;;1236.0
574857;;1236.0
574858;;1236.0
574859;;1236.0
574860;;1236.0
574861;;1236.0
574862;;1236.0
574863;;1236.0
574864;;1236.0
574865;;1236.0
574866;;1236.0
574867;;1236.0
574868;;1236.0
574869;;1236.0
574870;;1236.0
574871;;1236.0
574872;;1236.0
574873;;1236.0
574874;;1236.0
574875;;1236.0
574876;;1236.0
574877;;1236.0
574878;;1236.0
574879;;1236.0
574880;;1236.0
574881;;1236.0
574882;;1236.0
574883;;1236.0
574884;;1236.0
574885;;1236.0
574886;;1236.0
574887;;1236.0
574888;;1236.0
574889;;1236.0
574890;;1236.0
574891;;1236.0
574892;;1236.0
574893;;1236.0
574894;;1236.0
574895;;1236.0
574896;;1236.0
574897;;1236.0
574898;;1236.0
574899;;1236.0
574900;;1236.0
574901;;1236.0
574902;;1236.0
574903;;1236.0
574904;;1236.0
574905;;1236.0
574906;;1236.0
574907;;1236.0
574908;;1236.0
574909;;1236.0
574910;;1236.0
574911;;1236.0
574912;;1236.0
574913;;1236.0
574914;;1236.0
574915;;1236.0
574916;;1236.0
574917;;1236.0
574918;;1236.0
574919;;1236.0
574920;;1236.0
574921;;1236.0
574922;;1236.0
574923;;1236.0
574924;;1236.0
574925;;1236.0
574926;;1236.0
574927;A;1078.0
574928;A;1078.0
574929;A;1078.0
574930;A;1078.0
574931;A;1078.0
574932;A;1078.0
574933;A;1078.0
574934;A;1078.0
574935;A;1078.0
574936;A;1078.0
574937;A;1078.0
574938;A;1078.0
574939;A;1078.0
574940;A;1078.0
574941;A;1078.0
574942;A;1078.0
574943;A;1078.0
574944;A;1078.0
574945;A;1078.0
574946;A;1078.0
574947;A;1078.0
574948;A;1078.0
574949;A;1078.0
574950;A;1078.0
574951;A;1078.0
574952;A;1078.0
574953;A;1078.0
574954;A;1078.0
574955;A;1078.0
574956;A;1078.0
574957;A;1078.0
574958;A;1078.0
574959;A;1078.0
574960;A;1078.0
574961;A;1078.0
574962;A;1078.0
574963;A;1078.0
574964;A;1078.0
574965;A;1078.0
574966;A;1078.0
574967;A;1078.0
574968;A;1078.0
574969;A;1078.0
574970;A;1078.0
574971;A;1078.0
574972;A;1078.0
574973;A;1078.0
574974;A;1078.0
574975;A;1078.0
574976;A;1078.0
574977;A;1078.0
574978;A;1078.0
574979;A;1078.0
574980;A;1078.0
574981;A;1078.0
574982;A;1078.0
574983;A;1078.0
574984;A;1078.0
574985;A;1078.0
574986;A;1078.0
574987;A;1078.0
574988;A;1078.0
574989;A;1078.0
574990;A;1078.0
574991;A;1078.0
574992;A;1078.0
574993;A;1078.0
574994;A;1078.0
574995;A;1078.0
574996;A;1078.0
574997;A;1078.0
574998;A;1078.0
574999;A;1078.0
575000;B;1236.0
575001;B;1236.0
683211;B;850.0
683218;D;315.0
683219;B;850.0
683279;B;850.0
683280;B;850.0
683281;A;885.0
683282;D;315.0
683283;D;315.0
683284;A;885.0
683285;;850.0
683286;;850.0
683288;A;885.0
683289;B;850.0
683428;A;863.0
683429;A;863.0
683430;A;863.0
683431;A;863.0
683432;A;863.0
683433;A;863.0
683434;A;863.0
683435;A;863.0
683436;A;863.0
683437;A;863.0
683438;A;863.0
683439;A;863.0
683440;A;863.0
683441;A;863.0
683442;A;863.0
683443;A;863.0
683444;A;863.0
683445;A;863.0
683446;A;863.0
683447;A;863.0
683448;A;863.0
683449;A;863.0
683450;A;863.0
683451;A;863.0
683452;A;863.0
683453;A;863.0
683454;A;863.0
683455;A;863.0
683456;A;863.0
683457;A;863.0
683458;A;863.0
683459;A;863.0
683460;A;863.0
683461;A;863.0
683462;A;863.0
683463;A;863.0
683464;A;863.0
683465;B;850.0
683466;B;850.0
683469;A;885.0
683470;C;665.0
683471;A;885.0
683472;A;885.0
683473;C;665.0
683474;B;850.0
683475;B;850.0
683476;C;718.0
683477;A;863.0
683478;A;863.0
683479;A;863.0
683480;A;863.0
683481;A;863.0
683482;A;863.0
683483;A;863.0
683484;A;863.0
683485;A;863.0
683486;A;863.0
683487;A;863.0
683488;A;863.0
683489;A;863.0
683490;A;863.0
683491;A;863.0
683492;A;863.0
683493;A;863.0
683494;A;863.0
683495;A;863.0
683496;A;863.0
683497;A;863.0
683498;A;863.0
683499;A;863.0
683500;A;863.0
683501;A;863.0
683502;A;863.0
683503;A;863.0
683504;A;863.0
683505;A;863.0
683506;A;863.0
683507;A;863.0
683508;A;863.0
683509;A;863.0
683510;A;863.0
683511;A;863.0
683512;A;863.0
683513;A;863.0
683514;A;863.0
683515;A;863.0
683516;A;863.0
683517;A;863.0
683518;A;863.0
683519;A;863.0
683520;A;863.0
683521;A;863.0
683522;A;863.0
683523;A;863.0
683524;A;863.0
683525;A;863.0
683526;A;863.0
683527;A;863.0
683528;A;863.0
683529;A;863.0
683530;A;863.0
683531;A;863.0
683532;A;863.0
683534;A;885.0
683535;A;885.0
683629;A;863.0
683630;A;863.0
683631;A;863.0
683632;A;863.0
683633;A;863.0
683634;A;863.0
683635;A;863.0
683636;A;863.0
683637;A;863.0
683638;A;863.0
683639;A;863.0
683640;A;863.0
683641;A;863.0
683642;A;863.0
683643;A;863.0
683644;A;863.0
683645;A;863.0
683646;A;863.0
683647;A;863.0
683648;A;863.0
683649;A;863.0
683650;A;863.0
683651;A;863.0
683652;A;863.0
683653;A;863.0
683654;A;863.0
683655;A;863.0
683656;A;863.0
683657;A;863.0
683658;A;863.0
683659;A;863.0
683660;A;863.0
683661;A;863.0
683662;A;863.0
683663;A;863.0
683664;A;863.0
683665;A;863.0
683666;A;863.0
683667;A;863.0
683668;A;863.0
683669;A;863.0
683670;A;863.0
683671;A;863.0
683672;A;863.0
683673;A;863.0
683674;A;863.0
683675;A;863.0
683676;A;863.0
683677;A;863.0
683678;A;863.0
683679;A;863.0
683680;A;863.0
683681;A;863.0
683682;A;863.0
683683;A;863.0
683684;A;863.0
683685;A;863.0
683686;A;863.0
683687;A;863.0
683688;A;863.0
683689;A;863.0
683690;A;863.0
683691;A;863.0
683692;A;863.0
683693;A;863.0
683694;A;863.0
683695;A;863.0
683696;A;863.0
683697;A;863.0
683698;A;863.0
683699;A;863.0
683700;A;863.0
683701;A;863.0
683702;A;863.0
683703;A;863.0
683704;A;863.0
683705;A;863.0
683706;A;863.0
683707;A;863.0
683708;A;863.0
683709;A;863.0
683710;A;863.0
683711;A;863.0
683712;A;863.0
683713;C;665.0
683715;C;665.0
683716;D;315.0
683717;C;665.0
683718;D;315.0
683719;C;718.0
683720;A;863.0
683721;A;863.0
683722;A;863.0
683723;A;863.0
683724;A;863.0
683725;A;863.0
683726;A;863.0
683727;A;863.0
683728;A;863.0
683729;A;863.0
683730;A;863.0
683731;A;863.0
683732;A;863.0
683733;A;863.0
683734;A;863.0
683735;A;863.0
683736;A;863.0
683737;A;863.0
683738;A;863.0
683739;A;863.0
683740;A;863.0
683741;A;863.0
683742;A;863.0
683743;A;863.0
683744;A;863.0
683745;A;863.0
683746;A;863.0
683747;A;863.0
683748;A;863.0
683749;A;863.0
683750;A;863.0
683751;A;863.0
683752;A;863.0
683753;A;863.0
683754;A;863.0
683755;A;863.0
683756;A;863.0
683757;A;863.0
683758;A;863.0
683759;A;863.0
683760;A;863.0
683761;A;863.0
683762;A;863.0
683763;A;863.0
685998;C;665.0
685999;A;885.0
686000;A;885.0
686001;A;885.0
686002;A;885.0
686003;A;885.0
686004;A;885.0
686005;A;885.0
686006;A;885.0
686007;A;885.0
686008;A;885.0
686009;A;885.0
686010;A;885.0
686011;A;885.0
686012;A;885.0
686013;A;885.0
686014;A;885.0
686015;A;885.0
686016;A;885.0
686017;A;885.0
686018;A;885.0
686019;A;885.0
686020;A;885.0
686021;A;885.0
686022;A;885.0
686023;A;885.0
686024;A;885.0
686025;A;885.0
686026;A;885.0
686027;A;885.0
686028;A;885.0
686029;A;885.0
686030;A;885.0
686031;A;885.0
686032;A;885.0
686033;A;885.0
686034;A;885.0
686035;A;885.0
686036;A;885.0
686037;A;885.0
686038;A;885.0
686039;A;885.0
686040;A;885.0
686041;A;885.0
686042;C;665.0
686043;;850.0
686044;;850.0
686045;;850.0
686046;;850.0
686047;;850.0
686048;;850.0
686049;;850.0
686050;;850.0
686051;;850.0
686052;;850.0
686053;;850.0
686054;;850.0
686055;;850.0
686056;;850.0
686057;;850.0
686058;;850.0
686059;;850.0
686060;;850.0
686061;C;665.0
686062;;850.0
686063;;850.0
686064;;850.0
686313;B;850.0
686314;A;885.0
686315;B;850.0
686316;A;885.0
686317;B;939.0
686318;A;863.0
686319;A;863.0
686320;A;863.0
686321;A;863.0
686322;A;863.0
686323;A;863.0
686324;A;863.0
686325;A;863.0
686326;A;863.0
686327;A;863.0
686328;A;863.0
686329;A;863.0
686330;A;863.0
686331;A;863.0
686332;A;863.0
686333;A;863.0
686334;A;863.0
686335;A;863.0
686336;A;863.0
686337;A;863.0
686338;A;863.0
686339;A;863.0
686340;A;863.0
686341;A;863.0
686342;A;863.0
686343;A;863.0
686344;A;863.0
686345;A;863.0
686346;A;863.0
686347;A;863.0
686348;B;939.0
686349;A;863.0
686350;B;939.0
686351;A;863.0
686352;A;863.0
686353;A;863.0
686354;A;863.0
686355;A;863.0
686356;B;939.0
686357;A;863.0
686358;;939.0
686359;A;863.0
686361;A;885.0
686362;A;885.0
686365;A;885.0
686366;A;885.0
686367;A;885.0
686368;A;885.0
686369;A;885.0
686372;A;885.0
686373;A;885.0
686376;A;885.0
686390;D;321.0
686397;;939.0
686405;B;939.0
686406;A;863.0
686408;A;885.0
686409;A;885.0
686410;A;885.0
686411;A;885.0
686412;A;885.0
686413;A;885.0
686414;A;885.0
686418;A;885.0
686419;A;885.0
686422;A;885.0
686423;B;939.0
686424;A;863.0
686455;B;939.0
686456;A;863.0
686457;A;863.0
686458;B;939.0
686459;A;863.0
686460;A;863.0
686461;A;863.0
686462;A;863.0
686463;A;885.0
686464;A;885.0
686465;A;885.0
686466;A;885.0
686467;A;885.0
686469;A;885.0
686470;A;885.0
686471;A;863.0
686472;A;863.0
686473;A;863.0
686474;A;863.0
686475;A;863.0
686477;A;885.0
686478;A;885.0
686479;A;885.0
686480;A;885.0
686481;A;885.0
686482;A;885.0
686483;A;885.0
686484;A;885.0
686485;A;885.0
686490;A;885.0
686491;A;885.0
686492;A;885.0
686493;A;863.0
686494;A;863.0
686495;;939.0
686496;;939.0
686497;;939.0
686498;;939.0
686499;;939.0
686500;;939.0
686501;;939.0
686502;;939.0
686503;;939.0
686504;;939.0
686505;;939.0
686506;;939.0
686507;;939.0
686508;;939.0
686509;;939.0
686510;;939.0
686511;;939.0
686512;;939.0
686513;;939.0
686514;;939.0
686515;;939.0
686516;A;863.0
686517;A;863.0
686518;A;863.0
686519;A;863.0
686520;A;863.0
686521;A;863.0
686522;A;863.0
686523;A;863.0
686524;A;863.0
686525;A;863.0
686526;A;863.0
686527;A;863.0
686528;A;863.0
686529;A;863.0
686530;A;863.0
686531;A;863.0
686532;A;863.0
686533;A;863.0
686534;A;863.0
686535;A;863.0
686536;A;863.0
686570;A;885.0
686571;A;885.0
686572;A;885.0
686573;A;885.0
686574;A;885.0
686575;A;885.0
686576;A;885.0
686580;A;885.0
686581;A;885.0
686584;A;885.0
686585;A;885.0
686586;A;885.0
686587;A;885.0
686588;A;885.0
686589;A;885.0
686590;A;885.0
686591;A;885.0
686592;A;885.0
686593;A;885.0
686596;A;885.0
686597;A;885.0
686598;A;885.0
686599;A;885.0
686600;A;885.0
686601;A;863.0
686602;;939.0
686603;A;863.0
686604;A;863.0
686605;A;863.0
686606;A;863.0
686607;A;863.0
686608;A;863.0
686609;A;863.0
686610;A;863.0
686611;C;718.0
686612;A;863.0
686613;A;863.0
686614;A;863.0
686615;A;863.0
686616;A;863.0
686617;A;863.0
686619;A;885.0
686620;A;885.0
686621;A;885.0
686622;A;885.0
686623;A;885.0
686624;A;885.0
686625;A;885.0
686629;A;885.0
686630;A;885.0
686633;A;885.0
686637;A;863.0
686640;A;863.0
686641;A;863.0
686642;A;863.0
686643;A;863.0
686645;A;885.0
686646;A;885.0
686647;A;885.0
686648;A;885.0
686649;A;1138.0
686650;A;1138.0
686651;A;1138.0
686652;A;1138.0
686653;A;1138.0
686654;A;1138.0
686655;C;838.0
686656;A;1138.0
686657;A;1138.0
686658;;1302.0
686659;C;838.0
686660;A;1138.0
686661;A;1138.0
686662;C;838.0
686663;A;1138.0
686664;A;1138.0
686665;A;1138.0
686666;A;1138.0
686667;A;1138.0
686668;A;1138.0
686669;A;1138.0
686670;A;1138.0
686671;A;1138.0
686672;A;1138.0
686673;C;838.0
686674;A;1138.0
686675;A;1138.0
686691;C;838.0
686692;B;939.0
686693;A;863.0
686694;B;939.0
686695;A;1140.0
686696;A;1140.0
686697;A;1140.0
686698;A;1140.0
686699;A;1140.0
686700;A;1140.0
686703;A;1140.0
686704;A;1140.0
686705;A;1140.0
686706;A;1140.0
686707;A;1140.0
686708;A;1140.0
686709;A;1140.0
686710;A;1140.0
686711;A;1140.0
686712;A;1140.0
686713;;850.0
686714;;850.0
686715;A;885.0
686716;A;885.0
686717;;850.0
686718;A;885.0
686719;A;885.0
686720;;850.0
686721;A;885.0
686722;A;885.0
686723;A;885.0
686724;A;885.0
686725;A;885.0
686726;A;885.0
686727;A;885.0
686728;;850.0
686729;;850.0
686730;;850.0
686731;;850.0
686732;;850.0
686733;;850.0
686734;;850.0
686735;;850.0
686736;;850.0
686737;B;1294.0
686738;A;1140.0
686741;C;875.0
686742;A;1140.0
686744;A;1140.0
686745;A;1140.0
686751;C;875.0
686752;A;1140.0
686753;A;1140.0
686754;;1294.0
686755;;1294.0
686756;;1294.0
686757;;1294.0
686758;;1294.0
686759;;1294.0
686760;;1294.0
686761;;1294.0
686762;A;1140.0
686763;;1294.0
686764;;1294.0
686765;;1294.0
686766;;1294.0
686767;;1294.0
686768;;1294.0
686769;;1294.0
686770;;1294.0
686771;;1294.0
686772;;1294.0
686773;A;1140.0
686774;;1294.0
686775;;1294.0
686776;;1294.0
686777;;1294.0
686778;;1294.0
686779;;1294.0
686780;;1294.0
686781;;1294.0
686782;;1294.0
686783;;1294.0
686784;A;1140.0
686785;;1294.0
686786;;1294.0
686787;;1294.0
686788;;1294.0
686789;;1294.0
686790;;1294.0
686791;;1294.0
686792;;1294.0
686793;;1294.0
686794;;1294.0
686795;A;1140.0
686796;;1294.0
686797;;1294.0
686798;;1294.0
686799;;1294.0
686800;;1294.0
686801;;1294.0
686802;;1294.0
686803;;1294.0
686804;;1294.0
686805;;1294.0
686806;A;1140.0
686807;;1294.0
686808;;1294.0
686809;;1294.0
686810;;1294.0
686811;;1294.0
686812;;1294.0
686813;;1294.0
686814;;1294.0
686815;;1294.0
686816;;1294.0
686817;A;1140.0
686818;;1294.0
686819;;1294.0
686820;;1294.0
686821;;1294.0
686822;;1294.0
686823;;1294.0
686824;;1294.0
686825;;1294.0
686826;;1294.0
686827;;1294.0
686828;A;1140.0
686829;;1294.0
686830;;1294.0
686831;;1294.0
686832;;1294.0
686833;;1294.0
686834;;1294.0
686835;C;875.0
686836;;1294.0
686837;;1294.0
686838;;1294.0
686839;A;1140.0
686840;;1294.0
686841;;1294.0
686842;;1294.0
686843;;1294.0
686844;;1294.0
686845;;1294.0
686846;;1294.0
686847;;1294.0
686848;;1294.0
686849;;1294.0
686850;A;1140.0
686851;;1294.0
686852;;1294.0
686853;;1294.0
686854;;1294.0
686855;;1294.0
686856;;1294.0
686857;;1294.0
686858;;1294.0
686859;;1294.0
686860;;1294.0
686861;A;1140.0
686862;;1294.0
686863;;1294.0
686864;;1294.0
686865;;1294.0
686866;;1294.0
686867;;1294.0
686868;;1294.0
686869;;1294.0
686870;;1294.0
686871;;1294.0
686872;A;1140.0
686873;;1294.0
686874;;1294.0
686875;;1294.0
686876;;1294.0
686877;;1294.0
686878;;1294.0
686879;;1294.0
686880;;1294.0
686881;;1294.0
686882;;1294.0
686883;A;1140.0
686884;;1294.0
686885;;1294.0
686886;;1294.0
686887;;1294.0
686888;;1294.0
686889;;1294.0
686890;;1294.0
686891;;1294.0
686892;;1294.0
686893;;1294.0
686894;A;1140.0
686895;;1294.0
686896;;1294.0
686897;;1294.0
686898;;1294.0
686899;;1294.0
686900;;1294.0
686901;;1294.0
686902;;1294.0
686903;;1294.0
686904;;1294.0
686905;A;1140.0
686906;;1294.0
686907;;1294.0
686908;;1294.0
686909;;1294.0
686910;;1294.0
686911;C;875.0
686912;;1294.0
686913;;1294.0
686914;A;1140.0
686915;A;1140.0
686916;A;1140.0
686917;A;1140.0
686918;A;1140.0
686919;A;1140.0
686920;A;1140.0
686921;A;1140.0
686922;A;1140.0
686923;A;1140.0
686924;A;1140.0
686925;A;1140.0
686926;A;1140.0
686927;A;1140.0
686928;A;1140.0
686929;A;1140.0
686930;A;1140.0
686931;A;1140.0
686932;A;1140.0
686933;A;1140.0
686934;A;1140.0
686935;A;1140.0
686936;A;1140.0
686937;A;1140.0
686938;A;1140.0
686939;A;1140.0
686940;A;1140.0
686941;A;1140.0
686942;A;1140.0
686943;A;1140.0
686944;A;1140.0
686945;A;1140.0
686946;A;1140.0
686947;A;1140.0
686948;D;321.0
686949;A;1140.0
686950;A;1140.0
686951;C;875.0
686952;A;1140.0
686953;A;1140.0
686954;A;1140.0
686955;A;1140.0
686956;A;1140.0
686957;A;1140.0
686958;A;1140.0
686959;A;1140.0
686960;A;1140.0
686961;A;1140.0
686962;A;1140.0
686963;A;1140.0
686964;A;1140.0
686965;A;1140.0
686966;A;1140.0
686967;C;875.0
686968;A;1140.0
686969;A;1140.0
686970;A;1140.0
686971;A;1140.0
686972;A;1140.0
686973;A;1140.0
686974;A;1140.0
686975;A;1140.0
686976;A;1140.0
686977;A;1140.0
686978;A;1140.0
686979;A;1140.0
686980;C;875.0
686981;A;1140.0
686982;A;1140.0
686983;A;1140.0
686984;A;1140.0
686985;A;1140.0
686986;A;1140.0
686987;A;1140.0
686988;A;1140.0
686989;A;1140.0
686990;A;1140.0
686991;A;1140.0
686992;A;1140.0
686993;C;875.0
686994;A;1140.0
686995;A;1140.0
686996;A;1140.0
686997;A;1140.0
686998;A;1140.0
686999;A;1140.0
687000;A;1140.0
687001;A;1140.0
687002;A;1140.0
687003;A;1140.0
687004;A;1140.0
687005;A;1140.0
687006;A;1140.0
687007;C;875.0
687008;A;1140.0
687009;A;1140.0
687010;A;1140.0
687011;A;1140.0
687012;A;1140.0
687013;A;1140.0
687014;A;1140.0
687015;A;1140.0
687016;A;1140.0
687017;A;1140.0
687018;A;1140.0
687020;A;885.0
687023;A;885.0
687024;A;885.0
687028;A;885.0
687029;A;885.0
687030;A;885.0
687031;A;885.0
687032;A;885.0
687033;A;885.0
687034;A;885.0
687105;A;885.0
687106;;850.0
687120;;1236.0
687121;;1236.0
687122;;1236.0
687125;;1236.0
687132;C;790.0
687134;A;1078.0
687136;C;790.0
687137;B;1236.0
687143;C;662.0
687144;B;1236.0
687155;A;863.0
687156;A;863.0
687157;A;863.0
687158;A;863.0
687159;A;863.0
687160;A;863.0
687161;A;863.0
687162;A;863.0
687163;A;863.0
687164;A;863.0
687165;A;863.0
687166;A;863.0
687167;A;863.0
687168;A;863.0
687169;A;863.0
687170;A;863.0
687171;A;863.0
687172;A;863.0
687173;A;863.0
687174;A;863.0
687175;A;863.0
687176;A;863.0
687177;A;863.0
687178;A;863.0
687179;A;863.0
687180;A;863.0
687181;A;863.0
687182;A;863.0
687183;A;885.0
687184;A;863.0
687185;A;863.0
687186;A;863.0
687187;A;863.0
687188;A;863.0
687189;A;863.0
687190;A;863.0
687191;A;863.0
687192;A;863.0
687193;A;863.0
687194;A;863.0
687195;A;863.0
687196;A;863.0
687197;A;863.0
687198;A;863.0
687199;A;863.0
687200;A;863.0
687201;A;863.0
687202;A;863.0
687203;A;863.0
687204;A;863.0
687205;A;863.0
687206;A;863.0
687207;A;863.0
687208;A;863.0
687209;A;863.0
687210;A;863.0
687211;A;863.0
687212;A;863.0
687213;A;863.0
687214;A;863.0
687215;A;863.0
687216;A;863.0
687217;A;863.0
687218;A;863.0
687219;A;863.0
687220;A;863.0
687221;A;863.0
687222;A;863.0
687223;A;863.0
687224;A;863.0
687225;A;863.0
687226;A;863.0
687227;A;863.0
687228;A;863.0
687229;A;863.0
687230;A;863.0
687231;A;863.0
687232;A;863.0
687233;A;863.0
687234;A;863.0
687235;A;863.0
687236;A;863.0
687237;A;863.0
687238;A;863.0
687239;A;863.0
687240;A;863.0
687241;A;863.0
687242;A;863.0
687243;A;863.0
687244;A;863.0
687245;A;863.0
687246;A;863.0
687247;A;863.0
687248;A;863.0
687249;A;863.0
687250;A;863.0
687251;A;863.0
687252;A;863.0
687253;A;863.0
687254;A;863.0
687255;A;863.0
687257;A;885.0
687258;A;885.0
687259;A;885.0
687260;A;885.0
687261;A;885.0
687267;A;885.0
687268;A;885.0
687269;A;885.0
687270;A;885.0
687271;A;885.0
687349;A;885.0
687350;A;885.0
687353;A;885.0
687354;A;885.0
687355;A;885.0
687356;A;885.0
687357;A;885.0
687358;A;885.0
687359;A;885.0
687360;A;885.0
687361;A;885.0
687362;A;885.0
687363;A;885.0
687364;A;885.0
687365;A;885.0
687366;A;885.0
687367;A;885.0
687368;A;885.0
687369;A;885.0
687372;A;885.0
687375;A;885.0
687376;A;885.0
687379;A;885.0
687380;A;863.0
687381;A;863.0
687382;A;863.0
687383;A;863.0
687384;A;863.0
687385;A;863.0
687386;A;863.0
687387;A;863.0
687388;A;863.0
687389;A;863.0
687390;A;863.0
687391;A;863.0
687392;A;863.0
687393;A;863.0
687394;A;863.0
687395;A;863.0
687396;A;863.0
687397;A;863.0
687398;A;863.0
687399;A;863.0
687400;A;863.0
687401;A;863.0
687402;A;863.0
687403;A;863.0
687404;A;863.0
687405;A;863.0
687406;A;863.0
687407;A;863.0
687408;A;863.0
687409;A;863.0
687410;A;863.0
687411;A;863.0
687412;A;863.0
687413;A;863.0
687414;A;863.0
687415;A;863.0
687416;A;863.0
687417;A;863.0
687418;A;863.0
687419;A;863.0
687422;A;885.0
687423;A;885.0
687426;A;885.0
687427;A;885.0
687428;A;885.0
687429;A;885.0
687430;A;885.0
687435;A;885.0
687436;A;885.0
687437;A;885.0
687439;A;885.0
687440;A;885.0
687443;A;885.0
687444;A;885.0
687445;A;885.0
687446;A;885.0
687449;A;885.0
687450;A;885.0
687457;A;885.0
687461;A;885.0
687462;A;885.0
687463;A;885.0
687464;A;885.0
687465;A;885.0
687470;A;885.0
687471;A;885.0
687473;A;863.0
687474;B;939.0
687486;A;885.0
687487;B;850.0
687488;B;850.0
687489;B;850.0
687490;B;850.0
687491;B;850.0
687492;B;850.0
687499;A;885.0
687500;A;885.0
687501;A;885.0
687502;A;885.0
687503;A;885.0
687509;A;885.0
687510;A;885.0
687511;A;885.0
687512;A;885.0
687513;A;885.0
687519;B;939.0
687520;A;885.0
687521;A;885.0
687526;A;885.0
687527;A;885.0
687528;A;885.0
687529;A;885.0
687530;A;885.0
687531;A;885.0
687532;A;885.0
687533;A;885.0
687534;A;885.0
687535;A;885.0
687536;;850.0
687537;A;885.0
687538;A;885.0
687539;A;885.0
687540;A;885.0
687541;A;885.0
687542;A;885.0
687543;A;885.0
687544;A;885.0
687545;A;885.0
687546;A;885.0
687547;A;885.0
687548;A;885.0
687549;;850.0
687550;A;885.0
687551;A;885.0
687552;A;885.0
687553;A;885.0
687554;A;885.0
687555;A;885.0
687556;A;885.0
687557;A;885.0
687558;;850.0
687559;;850.0
687560;;850.0
687561;;850.0
687562;;850.0
687563;;850.0
687564;;850.0
687565;;850.0
687566;;850.0
687567;;850.0
687568;;850.0
687569;;850.0
687570;;850.0
687571;;850.0
687572;B;1302.0
687573;A;1138.0
687575;A;863.0
687747;A;885.0
687748;B;850.0
687749;B;850.0
687750;A;885.0
687751;C;716.0
687752;C;716.0
687753;A;1059.0
687754;A;1059.0
687755;A;1059.0
687756;A;1059.0
687757;A;1059.0
687758;A;1059.0
687759;C;716.0
687760;A;1059.0
687761;A;1059.0
687762;A;1059.0
687763;A;1059.0
687764;A;1059.0
687769;B;1018.0
687770;A;1059.0
687771;A;1059.0
687772;B;1018.0
687773;A;1059.0
687774;B;1018.0
687775;A;1059.0
687777;D;315.0
688200;A;863.0
688201;B;939.0
688202;;1302.0
688203;;1302.0
688204;A;1138.0
688205;A;1138.0
688207;A;1138.0
688208;A;1138.0
688209;A;1138.0
688210;A;1138.0
688211;A;1138.0
688212;A;1138.0
688213;A;1138.0
688214;A;1138.0
688215;A;1138.0
688216;A;1138.0
688217;A;1138.0
688218;A;1138.0
688219;A;1138.0
688220;;862.0
688221;;862.0
688222;;862.0
688223;A;1000.0
688224;A;1138.0
688229;A;1000.0
688230;A;1000.0
688231;A;1000.0
688232;A;1000.0
688233;A;1000.0
688234;A;1000.0
688235;A;1000.0
688236;A;1000.0
688237;A;1000.0
688238;A;1000.0
688239;A;1000.0
688240;A;1000.0
688241;A;1000.0
688242;A;1000.0
688243;A;1000.0
688244;A;1000.0
688245;A;1000.0
688246;A;1000.0
688247;A;1000.0
688248;A;1000.0
688249;A;1000.0
688250;A;1000.0
688251;A;1000.0
688252;A;1000.0
688256;A;1000.0
688258;B;862.0
688259;A;1000.0
688260;B;862.0
688261;A;1000.0
688263;;1888.0
688264;A;1855.0
688265;A;1855.0
688266;A;1855.0
688267;A;1855.0
688268;B;862.0
688269;A;1000.0
688270;B;862.0
688271;A;1000.0
688272;B;1481.0
688273;A;1322.0
688274;A;1322.0
688275;;1593.0
688276;;1593.0
688277;;1593.0
688278;;1593.0
688279;;1593.0
688280;;1593.0
688281;;1593.0
688282;;1593.0
688283;;1593.0
688284;;1593.0
688285;;1593.0
688286;;1593.0
688287;;1593.0
688288;;1593.0
688289;A;1000.0
688291;A;1000.0
688292;A;1000.0
688293;A;1000.0
688294;A;1000.0
688295;A;1000.0
688296;A;1000.0
688297;A;1000.0
688298;A;1000.0
688299;A;1000.0
688300;A;1000.0
688301;A;1000.0
688302;A;1000.0
688303;A;1000.0
688310;C;1175.0
688311;C;1175.0
688312;C;1175.0
688313;C;1175.0
688314;C;1175.0
688315;C;1175.0
688316;A;1000.0
688317;A;1000.0
688318;A;1000.0
688319;A;1000.0
688321;A;1000.0
688322;A;1000.0
688323;D;1593.0
688324;A;1500.0
688325;A;1000.0
688326;A;1000.0
688327;A;1000.0
688328;A;1000.0
688329;A;1000.0
688330;A;1000.0
688331;A;1000.0
688335;A;1270.0
688336;A;1000.0
688337;A;1000.0
688338;A;1000.0
688339;A;1000.0
688340;A;1000.0
688341;A;1000.0
688342;A;1000.0
688343;A;1000.0
688344;A;1000.0
688346;A;1000.0
688347;A;1000.0
688349;A;1000.0
688350;A;1000.0
688352;A;1270.0
688354;A;1270.0
688355;A;1270.0
688356;A;1270.0
688357;A;1270.0
688358;A;1270.0
688359;A;1270.0
688360;A;1270.0
688361;A;1270.0
688362;A;1270.0
688363;A;1270.0
688364;A;1270.0
688365;A;1270.0
688366;A;1270.0
688367;A;1270.0
688368;A;1270.0
688369;A;1270.0
688370;A;1270.0
688371;A;1270.0
688372;A;1270.0
688373;A;1270.0
688374;A;1270.0
688375;A;1270.0
688376;A;1270.0
688377;A;1270.0
688378;A;1270.0
688379;A;1270.0
688380;A;1270.0
688381;A;1270.0
688382;A;1270.0
688383;A;1270.0
688384;A;1270.0
688385;A;1270.0
688386;A;1270.0
688387;A;1270.0
688388;A;1270.0
688389;;1312.0
688390;A;1270.0
688391;A;1270.0
688392;A;1270.0
688393;A;1270.0
688394;A;1270.0
688744;D;321.0
688745;A;1000.0
688746;A;1000.0
688747;A;1000.0
688748;A;1000.0
688749;A;1000.0
688750;C;662.0
688752;C;790.0
688753;A;1000.0
688754;A;1000.0
688755;A;1000.0
688756;A;1000.0
688757;A;1000.0
688758;C;662.0
688759;A;1000.0
688761;B;1236.0
688762;A;1078.0
688763;F;1236.0
688765;C;790.0
688769;;862.0
688770;C;662.0
688771;A;1078.0
688772;A;1078.0
688773;A;1078.0
688774;C;790.0
688775;B;1236.0
688776;A;1078.0
688779;B;862.0
688781;D;308.0
688782;A;1000.0
688785;A;1000.0
688786;A;1000.0
688787;A;1000.0
688788;A;1000.0
688790;A;1000.0
688792;A;1000.0
688794;A;1000.0
688799;A;1000.0
688801;A;1000.0
688803;A;1000.0
688805;A;1000.0
688807;A;1000.0
688811;A;1000.0
688818;A;1000.0
688819;;862.0
688820;;862.0
688821;A;1000.0
688822;A;1000.0
688823;B;862.0
688824;B;1481.0
688825;A;1322.0
688827;D;308.0
688830;D;321.0
688835;A;1000.0
688837;A;1000.0
688838;A;1000.0
688839;A;1000.0
688840;D;321.0
688841;A;1000.0
688842;B;862.0
688843;B;862.0
688844;A;1322.0
688845;A;1034.0
688846;B;830.0
688848;A;1000.0
688849;;862.0
688850;;862.0
688851;;862.0
688852;;862.0
688853;;862.0
688854;;862.0
688855;;862.0
688856;;862.0
688857;;862.0
688858;;862.0
688859;A;1000.0
688860;;862.0
688861;;862.0
688862;;862.0
688863;;862.0
688864;;862.0
688865;;862.0
688866;;862.0
688867;;862.0
688868;;862.0
688869;;862.0
688870;A;1000.0
688871;;862.0
688872;;862.0
688873;;862.0
688874;;862.0
688875;;862.0
688876;;862.0
688877;;862.0
688878;;862.0
688879;;862.0
688880;A;1000.0
688881;;862.0
688882;A;1000.0
688883;A;1000.0
688884;A;1000.0
688885;A;1000.0
688886;A;1000.0
688887;A;1000.0
688888;A;1000.0
688889;A;1000.0
688890;A;1000.0
688891;A;1000.0
688892;A;1000.0
688893;A;1000.0
688894;A;1000.0
688895;A;1000.0
688896;A;1000.0
688897;A;1000.0
688898;A;1000.0
688899;A;1000.0
688900;A;1000.0
688901;A;1000.0
688902;A;1000.0
688903;A;1000.0
688904;A;1000.0
688905;A;1000.0
688906;A;1000.0
688907;A;1000.0
688908;A;1000.0
688909;A;1000.0
688910;A;1000.0
688911;A;1000.0
688912;A;1000.0
688913;A;1000.0
688914;A;1000.0
688915;A;1000.0
688916;A;1000.0
688917;A;1000.0
688918;A;1000.0
688919;A;1000.0
688920;A;1000.0
688921;A;1000.0
688922;A;1000.0
688923;A;1000.0
688924;A;1000.0
688925;A;1000.0
688926;A;1000.0
688927;A;1000.0
688928;A;1000.0
688929;A;1000.0
688930;A;1000.0
688931;A;1000.0
688932;A;1000.0
688933;A;1000.0
688934;A;1000.0
688935;A;1000.0
688936;;862.0
688937;;862.0
688938;;862.0
688939;A;1000.0
688940;;862.0
688941;;862.0
688942;;862.0
688943;;862.0
688944;;862.0
688945;;862.0
688946;;862.0
688947;;862.0
688948;;862.0
688949;;862.0
688950;A;1000.0
688951;;862.0
688952;;862.0
688953;;862.0
688954;;862.0
688955;;862.0
688956;;862.0
688957;;862.0
688958;;862.0
688959;;862.0
688960;;862.0
688961;A;1000.0
688962;;862.0
688963;;862.0
688964;;862.0
688965;;862.0
688966;;862.0
688967;;862.0
688968;;862.0
688969;;862.0
688970;;862.0
688971;;862.0
688975;A;1242.0
688976;;1259.0
688979;D;375.0
688980;A;1242.0
688981;B;1259.0
688982;D;375.0
688986;B;1481.0
688987;A;1322.0
688988;B;1481.0
688989;B;1481.0
688990;A;1322.0
688991;B;1259.0
688992;A;1242.0
688995;D;321.0
688997;B;1481.0
688998;A;1322.0
688999;B;1768.0
689000;C;1188.0
689003;B;1481.0
689004;A;1322.0
689005;A;1322.0
689006;A;1717.0
689007;A;1717.0
689008;A;1717.0
689009;B;1768.0
689010;A;1717.0
689011;D;321.0
689012;A;1322.0
689013;B;1481.0
689014;A;1322.0
689016;A;1322.0
689017;A;1322.0
689018;C;1012.0
689019;B;1481.0
689020;A;1322.0
689021;B;862.0
689022;A;1000.0
689023;B;862.0
689024;B;1481.0
689025;A;1322.0
689026;A;1322.0
689027;B;1481.0
689028;D;308.0
689029;A;1000.0
689030;A;1000.0
689031;A;1000.0
689032;C;662.0
689033;A;1000.0
689034;A;1000.0
689035;A;1322.0
689036;B;1481.0
689037;A;1500.0
689038;A;1500.0
689039;A;1500.0
689040;A;1500.0
689041;A;1500.0
689042;A;1500.0
689043;A;1500.0
689044;A;1500.0
689045;A;1500.0
689046;A;1500.0
689047;A;1500.0
689048;A;1500.0
689049;A;1500.0
689050;A;1500.0
689051;A;1500.0
689052;A;1500.0
689053;A;1500.0
689054;A;1500.0
689055;A;1500.0
689056;A;1500.0
689057;A;1500.0
689058;A;1500.0
689059;A;1500.0
689060;A;1500.0
689061;B;862.0
689062;A;1000.0
689064;B;862.0
689068;A;1500.0
689069;A;1000.0
689070;A;1000.0
689071;A;1000.0
689072;A;1000.0
689073;A;1000.0
689074;A;1000.0
689075;A;1000.0
689076;A;1000.0
689077;A;1000.0
689079;B;1593.0
689080;A;1500.0
689081;A;1500.0
689083;B;1312.0
689085;B;1312.0
689086;A;1270.0
689087;A;1270.0
689088;A;1270.0
689090;A;1000.0
689091;A;1000.0
689092;A;1000.0
689093;A;1000.0
689094;A;1000.0
689095;A;1000.0
689096;A;1000.0
689097;A;1000.0
689098;A;1000.0
689100;A;1270.0
689101;D;1312.0
689104;A;1270.0
689105;A;1270.0
689106;A;1270.0
689107;A;1270.0
689116;B;862.0
689117;A;1000.0
689118;B;862.0
689119;A;1000.0
689120;B;862.0
689121;A;1000.0
689158;B;1018.0
689159;A;1059.0
689160;A;1000.0
689161;A;1000.0
689162;A;1000.0
689163;A;1000.0
689164;A;1000.0
689165;A;1000.0
689166;A;1000.0
689167;A;1000.0
689168;A;1000.0
689169;A;1000.0
689170;A;1000.0
689171;A;1000.0
689172;A;1000.0
689173;A;1000.0
689175;A;1270.0
689178;B;1312.0
689179;A;1059.0
689181;A;1270.0
689182;A;1270.0
689183;A;1270.0
689187;B;1018.0
689188;A;1059.0
689189;B;1018.0
689190;A;1059.0
689191;B;1018.0
689192;A;1059.0
689194;C;1112.0
689197;A;885.0
689198;A;885.0
689199;;850.0
689200;;850.0
689201;;850.0
689202;;850.0
689203;A;885.0
689204;A;885.0
689205;A;885.0
689206;A;885.0
689207;A;885.0
689208;A;885.0
689209;;850.0
689210;;850.0
689211;;850.0
689212;A;885.0
689213;A;885.0
689214;A;885.0
689215;A;885.0
689216;A;885.0
689217;A;885.0
689218;A;885.0
689219;A;885.0
689220;;850.0
689221;;850.0
689222;;850.0
689223;;850.0
689224;;850.0
689225;;850.0
689226;;850.0
689227;;850.0
689235;A;885.0
689236;A;885.0
689237;A;885.0
689238;A;885.0
689239;A;885.0
689241;A;967.0
689242;A;967.0
689243;A;967.0
689244;A;967.0
689245;A;967.0
689246;A;967.0
689247;A;967.0
689248;A;967.0
689249;A;967.0
689250;A;967.0
689252;A;967.0
689253;A;967.0
689254;A;967.0
689255;A;967.0
689256;;850.0
689257;;850.0
689258;;850.0
689259;;850.0
689260;;850.0
689261;;850.0
689262;;850.0
689263;;850.0
689264;;850.0
689265;A;967.0
689266;;850.0
689267;;850.0
689268;;850.0
689269;;850.0
689270;;850.0
689271;;850.0
689272;A;967.0
689273;;850.0
689274;;850.0
689275;;850.0
689276;;850.0
689277;;850.0
689278;A;967.0
689279;A;967.0
689280;A;967.0
689281;A;967.0
689282;A;967.0
689284;;1394.0
689285;D;1394.0
689286;;1394.0
689289;B;1394.0
689292;A;1270.0
689293;A;1270.0
689294;B;1394.0
689295;A;1515.0
689296;B;1394.0
689297;A;1515.0
689298;A;1515.0
689299;A;1515.0
689300;A;1515.0
689301;A;1515.0
689302;A;1515.0
689303;A;1515.0
689304;A;1515.0
689305;A;1138.0
689308;B;1302.0
689309;A;1138.0
689310;A;1138.0
689311;B;1302.0
689312;A;1138.0
689313;;1302.0
689314;;1302.0
689315;;1302.0
689316;;1302.0
689317;A;1138.0
689318;A;1138.0
689319;A;1138.0
689320;;1302.0
689321;A;1138.0
689322;A;1138.0
689323;A;1138.0
689324;A;1138.0
689325;;1302.0
689326;A;1138.0
689327;;1302.0
689328;;1302.0
689329;A;967.0
689330;A;967.0
689331;A;967.0
689332;A;967.0
689333;A;1515.0
689334;;1302.0
689335;A;1138.0
689336;A;1138.0
689337;A;1138.0
689338;A;1138.0
689339;A;1138.0
689340;A;1138.0
689341;A;1138.0
689342;A;1138.0
689343;A;1138.0
689344;A;1138.0
689345;;1302.0
689346;A;1138.0
689347;A;1138.0
689348;A;1138.0
689349;A;1138.0
689350;A;1138.0
689351;A;1138.0
689352;A;1138.0
689353;A;1138.0
689354;A;1138.0
689355;A;1138.0
689356;;1302.0
689357;A;1138.0
689358;A;1138.0
689359;A;1138.0
689360;A;1138.0
689361;A;1138.0
689362;A;1138.0
689363;A;1138.0
689364;A;1138.0
689365;A;1138.0
689366;A;1138.0
689367;;1302.0
689368;A;1138.0
689369;A;1138.0
689370;A;1138.0
689371;A;1138.0
689372;A;1138.0
689373;A;1138.0
689374;A;1138.0
689375;A;1138.0
689376;A;1138.0
689377;A;1138.0
689378;;1302.0
689379;A;1138.0
689380;A;1138.0
689381;A;1138.0
689382;A;1138.0
689383;A;1138.0
689384;A;1138.0
689385;A;1138.0
689386;A;1138.0
689387;A;1138.0
689388;A;1138.0
689389;;1302.0
689390;A;1138.0
689391;A;1138.0
689392;A;1138.0
689393;;1302.0
689394;;1302.0
689395;;1302.0
689396;;1302.0
689397;;1302.0
689398;;1302.0
689399;;1302.0
689400;C;838.0
689401;;1302.0
689402;;1302.0
689403;;1302.0
689404;;1302.0
689405;;1302.0
689406;;1302.0
689407;;1302.0
689408;;1302.0
689409;;1302.0
689410;;1302.0
689411;;1302.0
689412;;1302.0
689413;;1302.0
689414;;1302.0
689415;;1302.0
689416;;1302.0
689417;;1302.0
689418;;1302.0
689419;;1302.0
689420;;1302.0
689421;;1302.0
689422;;1302.0
689423;;1302.0
689424;;1302.0
689425;;1302.0
689426;C;838.0
689427;C;838.0
689428;;1302.0
689429;;1302.0
689430;;1302.0
689431;;1302.0
689432;;1302.0
689433;;1302.0
689434;;1302.0
689435;;1302.0
689436;;1302.0
689437;;1302.0
689438;;1302.0
689439;;1302.0
689440;;1302.0
689441;;1302.0
689442;;1302.0
689443;;1302.0
689444;;1302.0
689445;;1302.0
689446;C;838.0
689447;;1302.0
689448;C;838.0
689449;C;838.0
689450;;1302.0
689451;A;1138.0
689452;A;1138.0
689453;A;1138.0
689454;A;1138.0
689455;A;1138.0
689456;A;1138.0
689457;A;1138.0
689458;A;1138.0
689459;A;1138.0
689460;A;1138.0
689461;;1302.0
689462;A;1138.0
689463;A;1138.0
689464;A;1138.0
689465;A;1138.0
689466;A;1138.0
689467;A;1138.0
689468;A;1138.0
689469;A;1138.0
689470;A;1138.0
689471;A;1138.0
689472;;1302.0
689473;A;1138.0
689474;A;1138.0
689475;A;1138.0
689476;A;1138.0
689477;A;1138.0
689478;A;1138.0
689479;A;1138.0
689480;A;1138.0
689481;A;1138.0
689482;A;1138.0
689483;A;967.0
689484;A;967.0
689485;A;967.0
689486;A;967.0
689488;B;850.0
689489;A;967.0
689490;A;967.0
689491;A;967.0
689505;A;1042.0
689506;;982.0
689507;B;2050.0
689508;A;1138.0
689509;A;1138.0
689510;A;1138.0
689511;A;1138.0
689512;A;1138.0
689513;A;1138.0
689514;A;1138.0
689515;A;1138.0
689516;A;1138.0
689517;A;1138.0
689518;A;1138.0
689519;A;1138.0
689520;A;1138.0
689521;A;1138.0
689522;A;1138.0
689523;A;1138.0
689524;A;1138.0
689525;A;1138.0
689526;A;1138.0
689527;A;1138.0
689528;A;1138.0
689529;A;1138.0
689530;A;1138.0
689531;A;1138.0
689532;A;1138.0
689533;C;1242.0
689534;A;2106.0
689535;A;2106.0
689536;A;2106.0
689537;A;2106.0
689538;A;2106.0
689539;A;2106.0
689540;A;2106.0
689542;;2050.0
689543;A;1426.0
689544;C;788.0
689545;A;1870.0
689547;A;1870.0
689548;A;1870.0
689549;A;1870.0
689551;;1801.0
689556;B;1801.0
689558;A;1138.0
689559;A;1138.0
689560;A;1138.0
689561;A;1138.0
689562;;1302.0
689563;A;1138.0
689564;A;1138.0
689565;A;1138.0
689566;A;1138.0
689567;A;1138.0
689568;A;1138.0
689569;A;1138.0
689570;A;1138.0
689571;A;1138.0
689572;A;1138.0
689573;A;1138.0
689574;A;1138.0
689575;A;1138.0
689576;A;1138.0
689577;A;1138.0
689578;A;1138.0
689579;A;1138.0
689580;A;1138.0
689581;A;1138.0
689582;A;1138.0
689583;A;1138.0
689584;A;1138.0
689585;A;1138.0
689586;A;1138.0
689587;A;1138.0
689588;A;1138.0
689589;A;1138.0
689590;A;1138.0
689591;A;1138.0
689592;A;1138.0
689593;A;1138.0
689594;A;1138.0
689595;A;1138.0
689596;A;1138.0
689597;B;1801.0
689598;;1801.0
689599;;1801.0
689600;B;1801.0
689602;F;1801.0
689604;D;1801.0
689665;C;1267.0
689666;A;1870.0
689667;A;1870.0
689668;C;1267.0
689669;;1801.0
689670;;1801.0
689671;A;1870.0
689672;A;1870.0
689674;C;1267.0
689675;C;1267.0
689676;A;1870.0
689677;C;1267.0
689678;;1801.0
689679;C;1267.0
689680;C;1267.0
689681;C;1267.0
689682;C;1267.0
689683;C;1267.0
689684;C;1267.0
689685;;1801.0
689686;A;1870.0
689687;D;1801.0
689688;A;1138.0
689689;A;1138.0
689690;A;1138.0
689691;A;1138.0
689692;A;1138.0
689693;A;1138.0
689694;A;1138.0
689695;A;1138.0
689696;A;1138.0
689697;A;1138.0
689698;A;1138.0
689699;A;1138.0
689700;A;1138.0
689701;A;1138.0
689702;A;1138.0
689703;A;1138.0
689704;A;1138.0
689705;A;1138.0
689706;D;1801.0
689707;D;2296.0
689708;A;2950.0
689709;C;788.0
689710;;982.0
689711;;982.0
689712;;982.0
689713;;982.0
689714;;982.0
689715;;982.0
689716;;982.0
689717;;982.0
689718;;982.0
689719;;982.0
689720;;982.0
689721;;982.0
689722;;982.0
689723;;982.0
689724;;982.0
689725;;982.0
689726;;982.0
689727;;982.0
689728;;982.0
689729;;982.0
689730;;982.0
689731;;982.0
689732;;982.0
689733;;982.0
689734;;982.0
689735;;982.0
689736;;982.0
689737;;982.0
689738;;982.0
689739;;982.0
689740;;982.0
689741;;982.0
689742;;982.0
689743;A;1042.0
689744;A;1042.0
689745;A;1042.0
689746;A;1042.0
689747;A;1042.0
689748;A;1042.0
689749;A;1042.0
689750;A;1042.0
689751;A;1042.0
689752;A;1042.0
689753;A;1042.0
689754;A;1042.0
689755;A;1042.0
689756;A;1042.0
689757;A;1042.0
689758;A;1042.0
689759;A;1042.0
689760;;982.0
689761;A;1042.0
689762;A;1042.0
689763;A;1042.0
689764;A;1042.0
689765;A;1042.0
689766;A;1042.0
689767;A;1042.0
689768;A;1042.0
689769;A;1042.0
689770;A;1042.0
689771;;982.0
689772;A;1042.0
689773;A;1042.0
689774;A;1042.0
689775;A;1042.0
689776;A;1042.0
689777;A;1042.0
689778;A;1042.0
689779;A;1042.0
689780;A;1042.0
689781;A;1042.0
689782;;982.0
689783;;982.0
689930;C;788.0
689931;A;1426.0
689932;D;368.0
689933;;1261.0
689934;A;1426.0
689935;C;788.0
689936;C;788.0
689937;B;2296.0
689939;A;2950.0
689940;A;2950.0
689941;A;2950.0
689942;A;2950.0
689943;A;2950.0
689944;C;1647.0
689945;D;2296.0
689946;A;2950.0
689955;A;1270.0
689956;A;1270.0
689957;A;1270.0
689958;A;1270.0
689959;A;1270.0
689960;A;1270.0
689961;A;1270.0
689963;A;1059.0
689964;A;1270.0
689965;C;1112.0
689966;C;1112.0
689967;C;1112.0
689991;A;1059.0
689992;;1018.0
689994;D;1312.0
689995;A;1270.0
689996;A;1270.0
689997;C;1112.0
689998;C;1112.0
689999;C;1112.0
690000;D;1312.0
690001;D;1312.0
690002;D;1312.0
690011;A;1270.0
690012;A;1270.0
690013;A;1270.0
690014;A;1270.0
690015;A;1270.0
690016;A;1270.0
690017;A;1270.0
690018;A;1270.0
690019;A;1270.0
690020;A;1270.0
690021;A;1270.0
690022;A;1270.0
690023;A;1270.0
690024;A;1270.0
690025;A;1270.0
690026;A;1270.0
690027;A;1270.0
690028;A;1270.0
690029;A;1270.0
690030;A;1270.0
690031;A;1270.0
690032;A;1270.0
690033;A;1270.0
690034;A;1270.0
690035;A;1270.0
690036;A;1270.0
690037;A;1270.0
690038;A;1270.0
690039;A;1270.0
690040;A;1270.0
690041;A;1270.0
690042;A;1270.0
690043;A;1270.0
690044;A;1270.0
690045;A;1270.0
690046;A;1270.0
690047;A;1270.0
690048;A;1270.0
690049;A;1270.0
690050;A;1270.0
690051;A;1270.0
690052;A;1270.0
690053;C;1112.0
690054;A;1270.0
690055;;1312.0
690056;A;1270.0
690057;A;1270.0
690058;B;850.0
690059;A;885.0
690067;A;1270.0
690068;A;1270.0
690069;A;1270.0
690070;D;315.0
690071;D;1312.0
690072;B;850.0
690073;A;885.0
690074;A;1270.0
690075;A;1270.0
690076;A;1270.0
690077;A;1270.0
690078;A;1270.0
690079;A;1270.0
690080;A;1270.0
690081;A;1270.0
690082;A;1270.0
690083;A;1270.0
690084;A;1270.0
690085;A;1270.0
690086;A;1270.0
690087;A;1270.0
690088;A;1270.0
690089;A;1270.0
690090;A;1270.0
690091;A;1270.0
690092;A;1270.0
690093;A;1270.0
690098;D;315.0
690099;D;315.0
690100;D;315.0
690101;D;315.0
690102;D;315.0
690103;D;315.0
690104;D;315.0
690105;D;315.0
690106;D;315.0
690109;B;1394.0
690110;A;1515.0
690111;A;1515.0
690112;A;1515.0
690119;A;1270.0
690122;A;1270.0
690123;A;1270.0
690124;A;1270.0
690125;A;1270.0
690126;A;1270.0
690127;A;1270.0
690128;A;1270.0
690129;A;1270.0
690130;A;1270.0
690131;A;1270.0
690134;C;1033.0
690135;A;1515.0
690136;D;1394.0
690137;;1394.0
690138;B;1394.0
690139;B;1394.0
690142;D;1394.0
690145;A;1515.0
690151;;1394.0
690154;;1394.0
690319;A;1515.0
690320;B;2256.0
690321;A;1988.0
690322;A;1988.0
690323;A;1988.0
690324;A;1270.0
690325;A;1270.0
690326;A;1270.0
690327;A;1270.0
690328;A;1270.0
690329;A;1270.0
690330;A;1270.0
690331;A;1270.0
690332;A;1270.0
690333;A;1270.0
690334;A;1270.0
690335;A;1270.0
690336;A;1270.0
690337;A;1270.0
690338;A;1270.0
690339;A;1270.0
690343;;850.0
690344;;850.0
690345;;850.0
690346;;850.0
690347;;850.0
690348;;850.0
690349;;850.0
690350;;850.0
690351;;850.0
690356;;850.0
690357;;850.0
690358;;850.0
690359;;850.0
690360;;850.0
690361;;850.0
690365;A;1515.0
690367;A;885.0
690368;A;885.0
690369;A;885.0
690370;;850.0
690371;C;665.0
690372;;850.0
690373;;850.0
690374;A;885.0
690375;C;1033.0
690378;A;1138.0
690379;C;838.0
690380;C;838.0
690381;C;838.0
690382;C;838.0
690383;B;1302.0
690384;A;1138.0
690385;;1302.0
690387;A;885.0
690388;;850.0
690424;A;1042.0
690425;A;1042.0
690426;A;1042.0
690427;A;1042.0
690428;A;1042.0
690429;A;1042.0
690430;A;1042.0
690431;A;1042.0
690432;A;1042.0
690433;A;1042.0
690434;A;1042.0
690435;A;1042.0
690436;A;1042.0
690437;;982.0
690438;;982.0
690439;;982.0
690440;;982.0
690441;;982.0
690442;;982.0
690443;;982.0
690444;;982.0
690445;A;1042.0
690446;;982.0
690447;;982.0
690448;;982.0
690449;;982.0
690450;;982.0
690451;;982.0
690452;;982.0
690453;;982.0
690454;;982.0
690455;;982.0
690456;A;1042.0
690457;;982.0
690458;;982.0
690459;A;1042.0
690460;A;1042.0
690461;A;1042.0
690462;A;1042.0
690463;A;1042.0
690498;A;1042.0
690499;A;1042.0
690500;A;1042.0
690501;A;1042.0
690502;A;1042.0
690503;;982.0
690504;;982.0
690505;;982.0
690506;;982.0
690507;;982.0
690508;A;1042.0
690509;;982.0
690510;;982.0
690511;;982.0
690512;;982.0
690513;;982.0
690514;;982.0
690515;;982.0
690516;;982.0
690517;A;1042.0
690518;A;1042.0
690519;A;1042.0
690520;A;1042.0
690521;A;1042.0
690522;A;1042.0
690523;A;1042.0
690525;A;1447.0
690526;A;1447.0
690527;A;1447.0
690528;A;1447.0
690529;A;1447.0
690530;A;1447.0
690531;A;1447.0
690532;A;1447.0
690533;A;1447.0
690534;A;1447.0
690535;A;1447.0
690536;A;1447.0
690537;A;1447.0
690538;A;1447.0
690539;A;1447.0
690540;A;1447.0
690541;A;1447.0
690542;A;1447.0
690543;A;1447.0
690544;A;1447.0
690545;A;1447.0
690546;A;1447.0
690547;A;1447.0
690548;A;1447.0
690549;A;1447.0
690550;A;1447.0
690551;A;1447.0
690552;A;1447.0
690553;A;1447.0
690554;A;1447.0
690555;A;1447.0
690556;A;1138.0
690557;A;1138.0
690558;D;1302.0
690559;C;838.0
690560;D;1302.0
690561;C;838.0
690562;A;1138.0
690563;A;1138.0
690564;A;1138.0
690565;C;838.0
690566;C;838.0
690567;A;1138.0
690568;;1302.0
690569;A;1138.0
690570;A;1138.0
690571;C;838.0
690572;A;1138.0
690573;A;1042.0
690574;A;1042.0
690575;A;1042.0
690576;A;1042.0
690577;A;1042.0
690578;A;1042.0
690579;A;1042.0
690580;A;1042.0
690581;A;1042.0
690582;A;1042.0
690583;A;1042.0
690584;A;1042.0
690585;A;1042.0
690586;A;1042.0
690587;A;1042.0
690588;A;1042.0
690589;;982.0
690590;A;1042.0
690591;A;1042.0
690592;A;1042.0
690593;A;1042.0
690594;A;1042.0
690595;A;1042.0
690596;A;1042.0
690597;A;1042.0
690598;A;1042.0
690599;A;1042.0
690600;A;1042.0
690601;A;1042.0
690602;A;1042.0
690603;A;1042.0
690604;A;1042.0
690605;A;1042.0
690606;A;1042.0
690607;A;1042.0
690608;A;1042.0
690609;A;1042.0
690610;A;1042.0
690611;A;1042.0
690612;A;1042.0
690613;A;1042.0
690614;A;1042.0
690615;A;1042.0
690616;;982.0
690617;;982.0
690618;A;1042.0
690619;A;1042.0
690620;A;1042.0
690621;A;1042.0
690622;A;1042.0
690623;A;1042.0
690624;A;1042.0
690625;A;1042.0
690626;A;1042.0
690627;A;1042.0
690628;A;1042.0
690629;A;1042.0
690630;A;1042.0
690631;A;1042.0
690632;A;1042.0
690633;A;1042.0
690634;A;1042.0
690635;A;1042.0
690636;A;1042.0
690637;A;1042.0
690638;A;1042.0
690639;A;1042.0
690640;A;1042.0
690641;A;1042.0
690642;A;1042.0
690643;A;1042.0
690644;A;1042.0
690645;A;1042.0
690646;A;1042.0
690647;A;1042.0
690648;A;1042.0
690649;A;1042.0
690650;A;1042.0
690651;A;1042.0
690652;A;1042.0
690653;A;1042.0
690654;A;1042.0
690655;A;1042.0
690656;A;1042.0
690657;;982.0
690658;;982.0
690659;A;1042.0
690660;A;1042.0
690661;A;1042.0
690662;A;1042.0
690663;A;1042.0
690664;A;1042.0
690665;A;1042.0
690666;;982.0
690667;A;1042.0
690668;A;1042.0
690669;A;1042.0
690670;A;1042.0
690671;A;1042.0
690672;A;1042.0
690673;A;1042.0
690674;A;1042.0
690675;A;1042.0
690676;A;1042.0
690677;A;1042.0
690678;A;1042.0
690679;A;1042.0
690680;A;1042.0
690681;A;1042.0
690682;A;1042.0
690683;A;1042.0
690684;A;1042.0
690685;;982.0
690686;A;1042.0
690687;A;1042.0
690688;A;1042.0
690689;A;1042.0
690690;A;1042.0
690691;A;1042.0
690692;A;1042.0
690693;A;1042.0
690694;A;1042.0
690695;A;1042.0
690696;A;1042.0
690697;A;1042.0
690698;A;1042.0
690699;A;1042.0
690700;A;1042.0
690701;A;1042.0
690702;A;1042.0
690703;A;1042.0
690704;A;1042.0
690705;A;1042.0
690706;A;1042.0
690707;A;1042.0
690708;A;1042.0
690709;A;1042.0
690710;A;1042.0
690711;A;1042.0
690712;A;1042.0
690713;;982.0
690714;;982.0
690715;A;1042.0
690716;A;1042.0
690717;A;1042.0
690718;A;1042.0
690719;A;1042.0
690720;A;1042.0
690721;A;1042.0
690722;A;1042.0
690723;A;1042.0
690724;A;1042.0
690725;A;1042.0
690726;A;1042.0
690775;A;1138.0
690776;A;1138.0
690777;B;1302.0
690778;A;1138.0
690779;A;1138.0
690780;A;1138.0
690781;B;2050.0
690782;A;2106.0
690783;B;1302.0
690784;A;1138.0
690785;;1302.0
690786;A;1138.0
690787;A;1138.0
690788;D;1302.0
690789;C;838.0
690790;C;838.0
690791;A;1426.0
690792;A;1138.0
690793;A;1138.0
690794;A;1138.0
690795;C;838.0
690796;C;838.0
690797;C;838.0
690798;C;838.0
690799;A;1426.0
690805;A;1138.0
690806;C;838.0
690811;A;863.0
690812;;939.0
690813;;939.0
690814;;939.0
690815;;939.0
690816;;939.0
690817;;939.0
690818;;939.0
690819;;939.0
690820;;939.0
690821;;939.0
690822;A;863.0
690823;;939.0
690824;;939.0
690825;;939.0
690826;;939.0
690827;;939.0
690828;;939.0
690829;;939.0
690830;A;863.0
690831;A;863.0
690832;A;863.0
690833;A;863.0
690834;A;863.0
690835;A;863.0
690836;A;863.0
690837;A;863.0
690838;A;863.0
690839;A;863.0
690840;A;863.0
690841;A;863.0
690842;A;863.0
690843;A;863.0
690844;A;863.0
690845;A;863.0
690846;A;863.0
690847;A;863.0
690848;A;863.0
690849;A;863.0
690850;A;863.0
690851;A;863.0
690852;A;863.0
690853;A;863.0
690854;A;863.0
690855;A;863.0
690856;A;863.0
690857;A;863.0
690858;A;863.0
690859;A;863.0
690860;A;863.0
690861;A;863.0
690862;A;863.0
690863;A;863.0
690864;A;863.0
690865;A;863.0
690866;A;863.0
690867;A;863.0
690868;;939.0
690869;A;863.0
690870;A;863.0
690871;A;863.0
690872;A;863.0
690873;A;863.0
690874;A;863.0
690875;A;863.0
690876;A;863.0
690877;A;863.0
690878;A;863.0
690879;;939.0
690880;A;863.0
690881;A;863.0
690882;A;863.0
690883;;939.0
690884;;939.0
690885;;939.0
690886;;939.0
690887;;939.0
690888;;939.0
690889;;939.0
690890;;939.0
690891;;939.0
690892;;939.0
690893;;939.0
690894;;939.0
690895;;939.0
690896;;939.0
690897;;939.0
690898;;939.0
690899;;939.0
690900;;939.0
690901;;939.0
690902;;939.0
690903;;939.0
690904;;939.0
690905;;939.0
690906;;939.0
690907;;939.0
690908;;939.0
690909;;939.0
690910;;939.0
690911;;939.0
690912;A;863.0
690913;;939.0
690914;;939.0
690915;;939.0
690916;;939.0
690917;;939.0
690918;;939.0
690919;;939.0
690920;;939.0
690921;;939.0
690922;;939.0
690945;B;1261.0
690971;C;760.0
690972;D;270.0
690973;C;760.0
690974;C;760.0
690975;C;760.0
690976;C;760.0
690977;C;760.0
690979;B;982.0
690980;A;1042.0
690981;B;982.0
690982;A;1042.0
691257;A;1235.0
691258;A;1235.0
691259;A;1235.0
691260;A;1235.0
691261;A;1235.0
691262;A;1235.0
691263;A;1235.0
691264;A;1235.0
691265;A;1235.0
691266;A;1235.0
691267;A;1235.0
691268;A;1235.0
691269;A;1235.0
691270;;1303.0
691271;A;1235.0
691272;A;1235.0
691273;A;1235.0
691274;A;1235.0
691275;A;1235.0
691276;A;1235.0
691277;A;1235.0
691278;A;1235.0
691279;A;1235.0
691280;A;1235.0
691281;A;1235.0
691282;A;1235.0
691283;A;1235.0
691284;A;1235.0
691285;A;1235.0
691286;A;1235.0
691287;A;1235.0
691288;A;1235.0
691289;A;1235.0
691290;A;1235.0
691291;A;1235.0
691292;A;1235.0
691293;A;1235.0
691294;A;1235.0
691295;A;1235.0
691296;A;1235.0
691297;A;1235.0
691298;A;1235.0
691299;;1303.0
691300;A;1235.0
691301;A;1235.0
691302;A;1235.0
691303;A;1235.0
691304;A;1235.0
691305;A;1235.0
691306;A;1235.0
691307;A;863.0
691308;A;863.0
691309;A;863.0
691310;A;863.0
691311;A;863.0
691312;A;863.0
691313;A;863.0
691314;A;863.0
691315;A;863.0
691316;A;863.0
691317;A;863.0
691318;A;863.0
691319;;939.0
691320;A;863.0
691321;A;863.0
691322;A;863.0
691323;B;1300.0
691324;A;1283.0
691325;A;1283.0
691326;A;1283.0
691328;A;1283.0
691329;A;1283.0
691331;;1300.0
691332;A;1283.0
691333;C;875.0
691334;A;1283.0
691335;A;1283.0
691336;A;1283.0
691337;A;1283.0
691338;A;1283.0
691339;A;1283.0
691340;A;1283.0
691341;A;1283.0
691342;A;1283.0
691343;A;1283.0
691344;A;1283.0
691345;A;1283.0
691346;A;1283.0
691347;A;1283.0
691348;A;1283.0
691349;A;1283.0
691350;A;1283.0
691351;A;1283.0
691352;A;1283.0
691353;A;1283.0
691355;A;863.0
691356;A;863.0
691357;B;939.0
691359;A;863.0
691360;;939.0
691361;A;863.0
691362;D;321.0
691363;A;863.0
691364;A;863.0
691365;A;863.0
691366;A;863.0
691367;A;863.0
691368;A;863.0
691369;A;863.0
691370;A;863.0
691371;A;863.0
691372;A;863.0
691373;A;863.0
691374;A;863.0
691375;A;863.0
691376;A;863.0
691377;A;863.0
691378;B;850.0
691379;A;967.0
691409;A;1333.0
691410;A;1333.0
691419;A;1426.0
691420;A;1426.0
691421;C;788.0
691422;B;1261.0
691423;B;1261.0
691424;B;1261.0
691425;B;1866.0
691426;A;1426.0
691427;A;1426.0
691428;B;1866.0
691429;A;2056.0
691430;B;1300.0
691431;B;1300.0
691432;A;1283.0
691433;A;1283.0
691434;D;321.0
691435;A;1283.0
691436;D;315.0
691437;A;967.0
691439;B;1018.0
691440;B;1018.0
691442;A;1059.0
691443;A;1059.0
691444;A;967.0
691446;A;1805.0
691447;C;1338.0
691448;A;1805.0
691449;A;1059.0
691450;A;1059.0
691451;C;1338.0
691452;A;1059.0
691453;A;967.0
691454;A;1805.0
691457;C;1338.0
691458;A;1059.0
691459;B;1018.0
691460;A;1059.0
691461;B;1938.0
691462;A;1805.0
691463;A;1805.0
691464;A;1805.0
691465;A;1805.0
691466;A;1805.0
691467;B;1018.0
691468;A;1059.0
691469;C;1338.0
691470;C;1338.0
691471;A;1805.0
691472;A;1138.0
691473;B;1302.0
691474;A;1138.0
691475;A;1138.0
691476;A;1138.0
691477;A;1138.0
691478;A;1138.0
691479;A;1138.0
691480;A;1283.0
691481;A;1283.0
691482;A;1283.0
691483;A;1283.0
691484;A;1283.0
691485;A;1283.0
691486;A;1283.0
691487;A;1283.0
691488;A;1283.0
691489;A;1283.0
691490;A;1283.0
691491;A;1283.0
691492;A;1283.0
691493;A;1283.0
691494;A;1283.0
691495;A;1283.0
691496;A;1283.0
691497;A;1283.0
691498;A;1283.0
691499;A;1283.0
691500;A;1283.0
691501;A;1283.0
691502;A;1283.0
691503;A;1283.0
691504;A;1283.0
691505;A;1283.0
691506;A;1283.0
691507;A;1283.0
691508;A;1283.0
691509;A;1283.0
691510;A;1283.0
691511;A;1283.0
691512;A;1283.0
691513;A;1283.0
691514;A;1283.0
691515;A;1283.0
691516;A;1283.0
691517;A;1283.0
691518;A;1283.0
691519;A;1283.0
691520;A;1283.0
691521;A;1283.0
691522;A;1283.0
691523;A;1283.0
691524;A;1283.0
691525;A;1283.0
691526;A;1283.0
691527;A;1283.0
691528;A;1283.0
691529;A;1283.0
691530;A;1283.0
691531;A;1283.0
691532;A;1283.0
691533;A;1283.0
691534;A;1283.0
691535;A;1283.0
691536;A;1283.0
691537;A;1283.0
691538;A;1283.0
691539;A;1283.0
691540;A;1283.0
691541;A;1283.0
691542;A;1283.0
691543;A;1283.0
691544;A;1283.0
691545;A;1283.0
691546;A;1283.0
691547;A;1283.0
691548;A;1283.0
691549;A;1283.0
691550;A;1283.0
691551;A;1283.0
691552;A;1283.0
691553;A;1283.0
691554;A;1283.0
691555;A;1283.0
691556;A;1283.0
691557;A;1283.0
691558;A;1283.0
691559;A;1283.0
691560;A;1000.0
691561;A;1000.0
691562;A;1000.0
691563;A;1000.0
691564;A;1000.0
691565;A;1000.0
691566;A;1000.0
691567;A;1000.0
691568;A;1000.0
691569;A;1000.0
691570;A;1000.0
691571;A;1000.0
691572;A;1000.0
691573;A;1000.0
691574;A;1000.0
691575;A;1000.0
691576;A;1000.0
691577;A;1000.0
691578;A;1000.0
691579;A;1000.0
691580;A;1000.0
691581;A;1000.0
691582;A;1000.0
691583;A;1000.0
691584;A;1000.0
691585;A;1000.0
691586;A;1000.0
691587;A;1000.0
691588;A;1000.0
691589;A;1000.0
691590;A;1000.0
691591;A;1000.0
691592;A;1000.0
691593;A;1000.0
691594;A;1000.0
691595;A;1000.0
691596;A;1000.0
691597;A;1000.0
691598;A;1000.0
691599;A;1000.0
691600;A;1000.0
691601;A;1000.0
691602;A;1000.0
691603;A;1000.0
691604;A;1000.0
691605;A;1000.0
691606;A;1000.0
691607;A;1000.0
691608;A;1000.0
691609;A;1000.0
691610;A;1000.0
691611;A;1000.0
691612;A;1000.0
691613;A;1000.0
691614;A;1000.0
691615;A;1000.0
691616;A;1000.0
691617;A;1000.0
691618;A;1000.0
691619;A;1000.0
691620;A;1000.0
691621;A;1000.0
691622;A;1000.0
691623;B;1394.0
691624;A;1515.0
691625;B;1394.0
691626;A;1515.0
691629;A;1515.0
691630;B;1394.0
691631;B;1394.0
691632;B;1394.0
691633;B;1394.0
691634;C;1033.0
691635;D;1394.0
691639;A;1515.0
691640;A;1515.0
691641;B;1394.0
691647;C;1033.0
691648;C;1033.0
691649;C;1033.0
691650;C;1033.0
691651;A;1515.0
691652;A;1515.0
691653;A;1515.0
691654;A;1515.0
691655;A;1515.0
691656;A;1515.0
691657;A;1515.0
691658;A;1515.0
691659;A;1515.0
691660;A;1515.0
691661;A;1515.0
691662;A;1515.0
691663;C;1033.0
691664;;1394.0
691665;;1394.0
691666;A;1515.0
691667;A;1515.0
691668;;862.0
691669;;862.0
691670;;862.0
691671;;862.0
691672;;862.0
691673;;862.0
691674;;862.0
691675;;862.0
691676;;862.0
691678;C;1033.0
691679;A;1515.0
691680;A;1515.0
691681;A;2950.0
691683;B;1801.0
691686;B;1801.0
691687;B;1801.0
691688;A;1870.0
691689;C;1267.0
691690;D;1801.0
691691;B;1801.0
691692;A;1870.0
691693;A;863.0
691695;A;863.0
691696;B;939.0
691697;A;863.0
691698;A;863.0
691699;B;939.0
691700;B;939.0
691702;B;1485.0
691703;A;1333.0
691705;C;1227.0
691706;C;1227.0
691707;C;1227.0
691708;A;863.0
691709;A;863.0
691710;A;863.0
691711;A;863.0
691712;A;863.0
691713;A;863.0
691714;A;863.0
691715;A;863.0
691716;A;863.0
691717;A;863.0
691718;A;863.0
691719;A;863.0
691720;A;863.0
691721;A;863.0
691722;A;863.0
691723;A;863.0
691724;A;863.0
691725;A;863.0
691726;A;863.0
691727;A;863.0
691728;A;863.0
691729;A;863.0
691730;A;863.0
691731;A;863.0
691732;A;863.0
691733;A;863.0
691734;A;863.0
691735;A;863.0
691736;A;863.0
691737;A;863.0
691738;A;863.0
691739;A;863.0
691740;A;863.0
691741;A;863.0
691742;A;863.0
691743;A;863.0
691744;A;863.0
691745;A;863.0
691746;A;863.0
691747;A;863.0
691748;A;863.0
691749;A;863.0
691750;A;863.0
691751;A;863.0
691752;;939.0
691753;A;863.0
691754;A;863.0
691755;A;863.0
691756;A;863.0
691757;A;863.0
691758;A;863.0
691759;A;863.0
691760;A;863.0
691761;A;863.0
691762;A;863.0
691763;A;863.0
691764;A;863.0
691765;A;863.0
691766;A;863.0
691767;A;863.0
691768;A;863.0
691769;A;863.0
691770;A;863.0
691771;A;863.0
691772;A;863.0
691773;A;863.0
691774;A;863.0
691775;A;863.0
691776;A;863.0
691777;A;863.0
691778;A;863.0
691779;A;863.0
691780;A;863.0
691781;A;863.0
691782;A;863.0
691783;;939.0
691784;A;863.0
691785;;939.0
691786;;939.0
691787;;939.0
691788;;939.0
691789;;939.0
691790;;939.0
691791;;939.0
691792;;939.0
691793;;939.0
691794;;939.0
691795;A;863.0
691796;;939.0
691797;;939.0
691798;;939.0
691799;;939.0
691800;;939.0
691801;;939.0
691802;;939.0
691803;;939.0
691804;;939.0
691805;;939.0
691806;A;863.0
691807;;939.0
691808;;939.0
691809;;939.0
691810;;939.0
691811;;939.0
691812;;939.0
691813;;939.0
691814;;939.0
691815;;939.0
691816;;939.0
691817;A;863.0
691818;;939.0
691819;;939.0
691820;;939.0
691821;;939.0
691822;;939.0
691823;;939.0
691824;;939.0
691825;;939.0
691826;;939.0
691827;;939.0
691828;A;863.0
691829;;939.0
691830;;939.0
691831;;939.0
691832;;939.0
691833;;939.0
691834;;939.0
691835;;939.0
691836;;939.0
691837;;939.0
691838;;939.0
691839;A;863.0
691840;;939.0
691841;;939.0
691842;;939.0
691843;;939.0
691844;;939.0
691845;;939.0
691846;;939.0
691847;;939.0
691848;;939.0
691849;;939.0
691850;A;863.0
691851;;939.0
691852;;939.0
691853;;939.0
691854;;939.0
691855;;939.0
691856;;939.0
691857;;939.0
691858;;939.0
691859;;939.0
691860;;939.0
691861;A;863.0
691862;;939.0
691863;;939.0
691864;;939.0
691865;;939.0
691866;;939.0
691867;;939.0
691868;;939.0
691869;;939.0
691870;;939.0
691871;;939.0
691872;A;863.0
691873;;939.0
691874;;939.0
691875;;939.0
691876;;939.0
691877;;939.0
691878;;939.0
691879;;939.0
691880;;939.0
691881;;939.0
691882;;939.0
691883;A;863.0
691884;;939.0
691885;;939.0
691886;;939.0
691887;;939.0
691888;;939.0
691889;;939.0
691890;;939.0
691891;;939.0
691892;;939.0
691893;;939.0
691894;A;863.0
691895;;939.0
691896;;939.0
691897;;939.0
691898;;939.0
691899;;939.0
691900;;939.0
691901;;939.0
691902;;939.0
691903;;939.0
691904;;939.0
691905;A;863.0
691906;;939.0
691907;;939.0
691908;;939.0
691909;;939.0
691910;;939.0
691911;;939.0
691912;;939.0
691913;;939.0
691914;;939.0
691915;;939.0
691916;A;863.0
691917;;939.0
691918;;939.0
691919;;939.0
691920;;939.0
691921;;939.0
691922;;939.0
691923;;939.0
691924;;939.0
691925;;939.0
691926;;939.0
691927;A;863.0
691928;;939.0
691929;;939.0
691930;;939.0
691931;;939.0
691932;;939.0
691933;;939.0
691934;;939.0
691935;;939.0
691936;;939.0
691937;;939.0
691938;A;863.0
691939;;939.0
691940;;939.0
691941;;939.0
691942;;939.0
691943;;939.0
691944;;939.0
691945;;939.0
691946;;939.0
691947;;939.0
691948;;939.0
691949;A;863.0
691950;;939.0
691951;;939.0
691952;;939.0
691953;;939.0
691954;;939.0
691955;;939.0
691956;;939.0
691957;;939.0
691958;;939.0
691959;;939.0
691960;A;863.0
691961;;939.0
691962;;939.0
691963;;939.0
691964;;939.0
691965;;939.0
691966;;939.0
691967;A;863.0
691968;A;863.0
691969;A;863.0
691970;A;863.0
691971;A;863.0
691972;A;863.0
691973;A;863.0
691974;A;863.0
691975;A;863.0
691976;A;863.0
691977;A;863.0
691978;A;863.0
691979;A;863.0
691980;A;863.0
691981;A;863.0
691982;A;863.0
691983;A;863.0
691984;A;863.0
691985;A;863.0
691986;A;863.0
691987;A;863.0
691988;A;863.0
691989;A;863.0
691990;A;863.0
691991;A;863.0
691992;A;863.0
691993;A;863.0
691994;A;863.0
691995;A;863.0
691996;A;863.0
691997;A;863.0
691998;A;863.0
691999;A;863.0
692000;A;863.0
692001;A;863.0
692002;A;863.0
692003;A;863.0
692004;A;863.0
692005;A;863.0
692006;A;863.0
692007;A;863.0
692008;A;863.0
692009;A;863.0
692010;A;863.0
692011;A;863.0
692012;A;863.0
692013;A;863.0
692014;A;863.0
692015;A;863.0
692016;A;863.0
692017;A;863.0
692018;A;863.0
692019;A;863.0
692020;A;863.0
692021;A;863.0
692022;A;863.0
692023;A;863.0
692024;A;863.0
692026;B;1303.0
692027;A;1235.0
692028;A;1235.0
692029;A;1235.0
692030;A;1235.0
692031;A;1235.0
692032;A;1235.0
692033;A;1235.0
692034;A;1235.0
692035;A;1235.0
692036;A;1235.0
692037;A;1235.0
692038;A;1235.0
692039;A;1235.0
692040;A;1235.0
692041;A;1235.0
692042;A;1235.0
692043;A;1235.0
692044;A;1235.0
692045;A;1235.0
692046;A;1235.0
692047;A;1235.0
692048;A;1235.0
692049;A;1235.0
692050;A;1235.0
692051;A;1235.0
692052;A;1235.0
692053;;1303.0
692054;A;1235.0
692055;A;1235.0
692056;A;1235.0
692057;A;1235.0
692058;A;1235.0
692059;;982.0
692060;;982.0
692061;;982.0
692062;;982.0
692063;;982.0
692064;;982.0
692065;;982.0
692066;;982.0
692067;;982.0
692068;;982.0
692069;;982.0
692070;;982.0
692071;;982.0
692072;;982.0
692073;;982.0
692074;;982.0
692075;;982.0
692076;;982.0
692077;;982.0
692078;A;1042.0
692079;A;1042.0
692080;A;1042.0
692081;A;1042.0
692082;A;1042.0
692083;A;1042.0
692084;A;1042.0
692085;A;1042.0
692086;A;1042.0
692087;A;1042.0
692088;A;1042.0
692089;;982.0
692090;A;1042.0
692091;A;1042.0
692092;A;1042.0
692093;A;1042.0
692094;A;1042.0
692095;A;1042.0
692096;A;1042.0
692097;A;1042.0
692098;A;1042.0
692099;A;1042.0
692100;;982.0
692101;A;1042.0
692102;A;1042.0
692103;A;1042.0
692104;A;1042.0
692105;A;1042.0
692106;A;1042.0
692107;A;1042.0
692108;A;1042.0
692109;A;1042.0
692110;C;760.0
692111;;982.0
692112;C;760.0
692113;C;760.0
692114;C;760.0
692115;;982.0
692116;;982.0
692117;;982.0
692118;;982.0
692119;;982.0
692120;;982.0
692121;;982.0
692122;;982.0
692123;A;1235.0
692124;A;1235.0
692125;A;1235.0
692126;A;1235.0
692127;A;1235.0
692128;A;1235.0
692129;A;1235.0
692130;A;1235.0
692131;A;1235.0
692132;A;1235.0
692133;A;1235.0
692134;A;1235.0
692135;A;1235.0
692136;A;1235.0
692137;A;1235.0
692138;A;1235.0
692139;A;1235.0
692140;A;1235.0
692141;A;1235.0
692142;A;1235.0
692143;A;1235.0
692144;A;1235.0
692145;A;1235.0
692146;A;1235.0
692147;A;1235.0
692148;;1303.0
692149;A;1235.0
692150;A;1235.0
692151;A;1235.0
692152;A;1235.0
692153;A;1235.0
692154;A;1235.0
692155;A;1235.0
692156;A;1235.0
692157;A;1235.0
692158;A;1235.0
692159;A;1235.0
692160;A;1235.0
692161;A;1235.0
692162;A;1235.0
692163;A;1235.0
692164;A;1235.0
692165;A;1235.0
692166;A;1235.0
692167;A;1235.0
692168;;1303.0
692169;A;1235.0
692170;A;1235.0
692171;A;1235.0
692172;A;1235.0
692173;A;1235.0
692174;A;1235.0
692175;A;1235.0
692220;B;982.0
692221;A;1042.0
692222;A;1042.0
692223;A;1042.0
692224;;1303.0
692225;;1303.0
692226;;1303.0
692227;;1303.0
692228;;1303.0
692229;;1303.0
692230;;1303.0
692231;;1303.0
692232;;1303.0
692233;;1303.0
692234;;1303.0
692235;;1303.0
692236;;1303.0
692237;;1303.0
692238;;1303.0
692239;A;1235.0
692240;A;1235.0
692241;A;1235.0
692242;A;1235.0
692243;A;1235.0
692244;A;1235.0
692245;A;1235.0
692246;A;1235.0
692247;A;1235.0
692248;A;1235.0
692249;A;1235.0
692250;A;1235.0
692251;A;1235.0
692252;A;1235.0
692253;A;1235.0
692254;A;1235.0
692255;A;1235.0
692256;A;1235.0
692257;A;1235.0
692258;A;1235.0
692277;A;1235.0
692278;A;1235.0
692279;A;1235.0
692280;A;1235.0
692281;A;1235.0
692282;A;1235.0
692283;A;1235.0
692284;A;1235.0
692285;A;1235.0
692286;A;1235.0
692287;A;1235.0
692288;A;1235.0
692289;A;1235.0
692290;A;1235.0
692291;;1303.0
692292;A;1235.0
692293;A;1235.0
692294;A;1235.0
692295;A;1235.0
692296;A;1235.0
692297;A;1235.0
692298;A;1235.0
692299;A;1235.0
692300;A;1235.0
692301;A;1235.0
692302;A;1235.0
692303;A;1235.0
692304;A;1235.0
692305;A;1235.0
692306;A;1235.0
692307;A;1235.0
692308;A;1235.0
692309;A;1235.0
692310;A;1235.0
692311;A;1235.0
692312;A;1235.0
692313;A;1235.0
692314;A;1235.0
692315;A;1235.0
692316;A;1235.0
692317;A;1235.0
692318;A;1235.0
692319;A;1235.0
692320;A;1235.0
692321;A;1235.0
692322;A;1235.0
692323;A;1235.0
692324;A;1235.0
692325;A;1235.0
692326;A;1235.0
692327;A;1235.0
692328;A;1235.0
692329;A;1235.0
692330;A;1235.0
692331;A;1235.0
692332;A;1235.0
692333;A;1235.0
692334;A;1235.0
692335;A;1235.0
692336;A;1235.0
692337;A;1235.0
692338;A;1235.0
692339;A;1235.0
692340;A;1235.0
692341;A;1235.0
692342;A;1235.0
692343;A;1235.0
692344;A;1235.0
692345;A;1235.0
692346;A;1235.0
692347;A;1235.0
692348;A;1235.0
692349;A;1235.0
692350;A;1235.0
692351;A;1235.0
692352;A;1235.0
692353;A;1235.0
692354;A;1235.0
692355;A;1042.0
692357;A;1042.0
692360;C;760.0
692361;C;760.0
692362;A;1042.0
692363;A;1042.0
692364;A;1235.0
692365;A;1235.0
692366;A;1235.0
692367;A;1235.0
692368;A;1235.0
692369;A;1235.0
692370;A;1235.0
692371;A;1235.0
692372;A;1235.0
692373;A;1235.0
692374;A;1235.0
692375;A;1235.0
692376;A;1235.0
692377;A;1235.0
692378;A;1235.0
692379;A;1235.0
692380;A;1235.0
692381;A;1235.0
692383;A;1235.0
692384;A;1235.0
692385;A;1235.0
692386;A;1235.0
692387;A;1235.0
692388;;1303.0
692389;A;1235.0
692390;A;1235.0
692391;A;1235.0
692392;A;1235.0
692393;A;1235.0
692394;A;1235.0
692395;A;1235.0
692396;A;1235.0
692397;A;1235.0
692398;A;1235.0
692399;A;1235.0
692400;A;1235.0
692401;A;1235.0
692402;;1303.0
692403;A;1235.0
692404;A;1235.0
692405;A;1235.0
692406;A;1235.0
692407;A;1235.0
692408;A;1235.0
692409;A;1235.0
692410;A;1235.0
692411;A;1235.0
692412;A;1235.0
692413;A;1235.0
692414;A;1235.0
692415;A;1235.0
692416;A;1235.0
692417;A;1235.0
692418;A;1235.0
692419;A;1235.0
692420;A;1235.0
692421;A;1235.0
692422;;1303.0
692423;A;1235.0
692424;A;1235.0
692425;A;1235.0
692426;A;1235.0
692427;A;1235.0
692428;B;1561.0
692429;A;1447.0
692430;A;1447.0
692431;B;1561.0
692432;B;1561.0
692433;A;1447.0
692434;A;1447.0
692435;A;863.0
692436;B;1561.0
692437;A;1447.0
692439;B;1561.0
692440;A;1447.0
692441;B;1561.0
692442;B;1561.0
692443;A;1447.0
692444;B;982.0
692445;A;1042.0
692446;A;863.0
692447;A;863.0
692448;A;863.0
692449;A;863.0
692450;A;863.0
692451;A;863.0
692452;A;863.0
692453;A;863.0
692454;A;863.0
692455;A;863.0
692456;A;863.0
692457;A;863.0
692458;A;863.0
692459;A;863.0
692460;A;863.0
692461;A;1447.0
692462;B;982.0
692463;A;1042.0
692464;A;1042.0
692468;A;1447.0
692472;A;863.0
692473;A;863.0
692474;A;863.0
692475;A;863.0
692476;A;863.0
692477;A;863.0
692478;C;718.0
692479;C;718.0
692480;A;863.0
692482;B;1300.0
692483;A;1283.0
692484;B;1300.0
692485;A;967.0
692486;A;967.0
692487;;850.0
692488;A;1283.0
692489;D;321.0
692490;D;321.0
692491;A;1283.0
692493;B;1300.0
692495;A;863.0
692496;A;1283.0
692497;A;1283.0
692498;A;1283.0
692499;A;1283.0
692500;A;1283.0
692501;A;1283.0
692502;A;1283.0
692504;A;967.0
692505;;850.0
692506;B;850.0
692507;A;967.0
692508;B;850.0
692509;A;967.0
692510;D;315.0
692511;B;850.0
692512;C;718.0
692513;C;718.0
692515;B;939.0
692516;B;850.0
692517;A;967.0
692521;C;718.0
692522;A;863.0
692523;A;863.0
692524;C;718.0
692525;C;718.0
692526;A;863.0
692527;A;863.0
692528;A;863.0
692529;A;863.0
692530;A;863.0
692531;C;718.0
692532;A;863.0
692534;A;1140.0
692535;B;1294.0
692543;A;863.0
692545;A;863.0
692546;A;863.0
692547;A;863.0
692548;A;863.0
692549;A;863.0
692550;A;863.0
692551;A;863.0
692553;A;1140.0
692555;;1294.0
692556;C;875.0
692558;B;939.0
692559;A;863.0
692560;A;967.0
692561;A;967.0
692562;C;728.0
692567;D;321.0
692569;A;1283.0
692570;A;1283.0
692571;A;1283.0
692572;A;1283.0
692573;A;1283.0
692574;A;1283.0
692575;A;1283.0
692576;A;1283.0
692577;A;1283.0
692578;A;1283.0
692579;A;1283.0
692580;A;1283.0
692581;A;1283.0
692582;A;1283.0
692583;A;1283.0
692584;A;1283.0
692585;A;1283.0
692586;A;1283.0
692587;A;1283.0
692588;A;1283.0
692589;A;1283.0
692590;A;1283.0
692591;A;1283.0
692592;A;1283.0
692593;A;1283.0
692594;A;1283.0
692595;A;1283.0
692596;A;1283.0
692597;A;1283.0
692598;A;1283.0
692599;A;1283.0
692600;A;1283.0
692601;A;1283.0
692602;A;1283.0
692603;A;1283.0
692604;A;1283.0
692605;A;1283.0
692606;A;1283.0
692607;A;1283.0
692608;A;1283.0
692609;A;1283.0
692610;A;1283.0
692611;A;1283.0
692612;A;1283.0
692613;A;1283.0
692614;A;1283.0
692615;A;1283.0
692616;A;1283.0
692617;A;1283.0
692618;A;1283.0
692619;A;1283.0
692620;A;1283.0
692621;A;1283.0
692622;A;1283.0
692623;A;1283.0
692624;A;1283.0
692625;A;1283.0
692626;A;1283.0
692627;A;1283.0
692628;A;1283.0
692629;A;1283.0
692630;A;1283.0
692631;A;1283.0
692632;A;1283.0
692633;A;1283.0
692634;A;1283.0
692635;A;1283.0
692636;A;1283.0
692637;A;1283.0
692638;A;1283.0
692639;A;1283.0
692640;A;1283.0
692641;A;1283.0
692642;A;1283.0
692643;A;1283.0
692644;A;1283.0
692645;A;1283.0
692646;A;1283.0
692647;A;1283.0
692648;A;1283.0
692649;B;1018.0
692650;A;1059.0
692651;B;1018.0
692652;A;1059.0
692664;D;321.0
692665;A;1283.0
692666;A;1283.0
692667;A;1283.0
692668;A;1283.0
692669;A;1283.0
692670;A;1283.0
692671;A;1283.0
692672;A;1283.0
692673;A;1283.0
692674;A;1283.0
692675;A;1283.0
692676;A;1283.0
692677;A;1283.0
692678;A;1283.0
692679;A;1283.0
692680;A;1283.0
692681;A;1283.0
692682;A;1283.0
692683;A;1283.0
692684;A;1283.0
692685;A;1283.0
692686;A;1283.0
692687;A;1283.0
692688;A;1283.0
692689;A;1283.0
692690;A;1283.0
692691;A;1283.0
692692;A;1283.0
692693;A;1283.0
692694;A;1283.0
692695;A;1283.0
692696;A;1283.0
692697;A;1283.0
692698;A;1283.0
692699;A;1283.0
692700;A;1283.0
692701;A;1283.0
692702;A;1283.0
692703;A;1283.0
692704;A;1283.0
692705;A;1283.0
692706;A;1283.0
692707;A;1283.0
692708;A;1283.0
692709;A;1283.0
692710;A;1283.0
692711;A;1283.0
692712;A;1283.0
692713;A;1283.0
692714;A;1283.0
692715;A;1283.0
692716;A;1283.0
692717;A;1283.0
692718;A;1283.0
692719;A;1283.0
692720;A;1283.0
692721;A;1283.0
692722;A;1283.0
692723;A;1283.0
692724;A;1283.0
692725;A;1283.0
692726;A;1283.0
692727;A;1283.0
692728;A;1283.0
692729;A;1283.0
692730;A;1283.0
692731;A;1283.0
692732;A;1283.0
692733;A;1283.0
692734;A;1283.0
692735;A;1283.0
692736;A;1283.0
692737;A;1283.0
692738;A;1283.0
692739;A;1283.0
692740;A;1283.0
692741;A;1283.0
692742;A;1283.0
692743;A;1283.0
692744;A;1283.0
692745;A;1059.0
692746;B;1018.0
692747;A;1059.0
692748;B;1018.0
692749;A;1059.0
692750;B;1018.0
692751;A;1059.0
692752;;1018.0
692753;;1018.0
692754;B;1018.0
692755;A;1059.0
692756;;1018.0
692757;;1018.0
692758;;1018.0
692759;;1018.0
692760;;1018.0
692761;C;716.0
692762;;1018.0
692763;;1018.0
692764;;1018.0
692765;A;1059.0
692769;B;1018.0
692772;A;1059.0
692773;;1018.0
692774;B;1018.0
692775;A;1059.0
692779;A;967.0
692780;A;967.0
692781;A;1059.0
692782;A;1059.0
692783;C;728.0
692784;C;1338.0
692785;C;1338.0
692788;C;1338.0
692789;C;716.0
692791;A;863.0
692792;A;1283.0
692793;A;1283.0
692794;A;1283.0
692795;A;1283.0
692796;A;1283.0
692797;A;1283.0
692798;A;1283.0
692799;A;1283.0
692800;A;1283.0
692801;A;1283.0
692802;A;1283.0
692803;A;1283.0
692804;A;1059.0
692805;C;1338.0
692806;A;1283.0
692807;A;1283.0
692808;A;1283.0
692809;A;1283.0
692810;A;1283.0
692811;A;1283.0
692812;A;1283.0
692813;A;1283.0
692814;A;1283.0
692815;A;1283.0
692816;A;1283.0
692817;A;1283.0
692818;A;1283.0
692819;A;1283.0
692820;A;1283.0
692821;A;1283.0
692822;A;1283.0
692823;A;1283.0
692824;A;1283.0
692825;A;1283.0
692826;A;1283.0
692827;A;1283.0
692828;A;1283.0
692829;A;1283.0
692830;A;1283.0
692831;A;1283.0
692832;A;1283.0
692833;A;1283.0
692834;A;1283.0
692835;A;1283.0
692836;A;1283.0
692837;A;1283.0
692838;A;1283.0
692839;A;1283.0
692840;A;1283.0
692841;A;1283.0
692842;A;1283.0
692843;A;1283.0
692844;A;1283.0
692845;A;1283.0
692846;A;1805.0
692847;A;1805.0
692848;A;1805.0
692849;A;1805.0
692850;A;1805.0
692851;A;1805.0
692852;A;1805.0
692853;A;1805.0
692854;A;1805.0
692855;A;1805.0
692856;A;1805.0
692857;A;1805.0
692858;A;1805.0
692859;A;1805.0
692860;A;1805.0
692861;A;1805.0
692862;A;1805.0
692863;A;1805.0
692864;A;1805.0
692865;A;1805.0
692866;A;1805.0
692867;A;1805.0
692868;A;1805.0
692869;A;1805.0
692870;B;862.0
692871;A;1000.0
692872;B;862.0
692873;B;1018.0
692874;A;1059.0
692875;B;1018.0
692876;B;1018.0
692877;B;862.0
692878;B;862.0
692879;B;862.0
692882;B;862.0
692883;;862.0
692884;;862.0
692885;;862.0
692887;;862.0
692888;;862.0
692889;;862.0
692890;;862.0
692891;;862.0
692892;;862.0
692893;;862.0
692894;;862.0
692895;;862.0
692896;;862.0
692897;;862.0
692898;;862.0
692899;;862.0
692900;;862.0
692901;A;1805.0
692902;B;1938.0
692906;B;1300.0
692907;A;1283.0
692908;D;321.0
692909;B;1561.0
692910;A;1447.0
692911;A;1447.0
692912;B;1561.0
692913;C;1033.0
692914;;1394.0
692915;;1394.0
692916;;1394.0
692917;C;1033.0
692918;;1394.0
692919;C;1033.0
692920;C;1033.0
692921;;1394.0
692922;A;1515.0
692923;A;1515.0
692924;C;1033.0
692925;A;1515.0
692926;A;1515.0
692927;A;1515.0
692928;A;1515.0
692929;A;1515.0
692930;A;1515.0
692931;A;1515.0
692932;A;1515.0
692933;A;1515.0
692934;A;1515.0
692935;C;1033.0
692936;A;1515.0
692937;C;1033.0
692938;C;1033.0
692939;;1394.0
692940;A;1515.0
692941;;1394.0
692942;;1394.0
692943;A;1447.0
692944;B;1561.0
692945;A;1447.0
692946;D;321.0
692947;D;321.0
692948;B;1561.0
692949;A;1447.0
692950;B;1561.0
692951;A;1447.0
692953;A;1447.0
692954;B;1561.0
692955;B;1303.0
692956;A;1447.0
692958;A;1447.0
692959;A;1447.0
692960;A;1447.0
692961;A;1447.0
692966;C;1033.0
692967;;1394.0
692968;C;1033.0
692969;C;1033.0
692970;C;1033.0
692974;A;1988.0
692975;A;1988.0
692976;A;1988.0
692977;A;1988.0
692978;A;1988.0
692979;A;1988.0
692980;A;1988.0
692981;A;1988.0
692982;A;1988.0
692983;A;1988.0
692984;A;1988.0
692985;A;1988.0
692986;A;1988.0
692987;A;1988.0
692988;A;1988.0
692989;A;1988.0
692990;A;1988.0
692991;A;1988.0
692992;;2256.0
692993;;2256.0
692994;A;1988.0
692995;A;1988.0
693004;B;1303.0
693005;A;1235.0
693006;A;1235.0
693007;A;1235.0
693008;B;1561.0
693009;B;1561.0
693010;A;1447.0
693011;A;1447.0
693012;A;1988.0
693013;A;1988.0
693014;A;1988.0
693015;A;1988.0
693016;A;1988.0
693017;A;1988.0
693018;A;1988.0
693019;A;1988.0
693020;A;1988.0
693021;C;1227.0
693022;C;1227.0
693023;C;1227.0
693024;C;1227.0
693025;C;1227.0
693026;D;321.0
693027;A;1988.0
693028;A;1988.0
693029;A;1988.0
693030;A;1988.0
693031;B;1485.0
693034;A;1333.0
693035;C;2095.0
693036;B;1485.0
693040;A;2950.0
693041;A;1000.0
693042;A;1000.0
693043;D;2296.0
693045;B;1261.0
693046;A;1426.0
693047;A;1426.0
693049;A;1000.0
693050;A;1426.0
693052;A;1000.0
693054;C;1033.0
693055;C;1033.0
693056;C;1033.0
693057;C;1033.0
693058;C;1033.0
693059;C;1033.0
693060;A;1283.0
693061;A;1283.0
693062;A;1283.0
693063;A;1283.0
693064;A;1283.0
693065;A;1283.0
693066;A;1283.0
693067;A;1283.0
693068;A;1283.0
693069;A;1283.0
693070;A;1283.0
693071;A;1283.0
693072;A;1283.0
693073;A;1283.0
693074;A;1283.0
693075;A;1283.0
693076;A;1283.0
693077;A;1283.0
693078;A;1283.0
693079;A;1283.0
693080;A;1283.0
693081;A;1283.0
693082;A;1283.0
693083;A;1283.0
693084;A;1283.0
693085;A;1283.0
693086;A;1283.0
693087;A;1283.0
693088;A;1283.0
693089;A;1283.0
693090;A;1283.0
693091;A;1283.0
693092;A;1283.0
693093;A;1283.0
693094;A;1283.0
693095;A;1283.0
693096;A;1283.0
693097;A;1283.0
693098;A;1283.0
693099;A;1283.0
693100;;862.0
693101;A;1000.0
693102;A;1000.0
693103;A;1000.0
693104;A;1000.0
693105;A;1000.0
693106;A;1000.0
693107;A;1000.0
693108;A;1000.0
693109;A;1000.0
693110;A;1000.0
693111;;862.0
693112;A;1000.0
693113;A;1000.0
693114;A;1000.0
693115;A;1000.0
693116;A;1000.0
693117;A;1000.0
693118;A;1000.0
693119;A;1000.0
693120;A;1000.0
693121;A;1000.0
693122;;862.0
693123;A;1000.0
693124;A;1000.0
693125;A;1000.0
693126;A;1000.0
693127;A;1000.0
693128;A;1000.0
693129;A;1000.0
693130;A;1000.0
693131;A;1000.0
693132;A;1000.0
693133;;862.0
693134;A;1000.0
693135;A;1000.0
693136;A;1000.0
693137;A;1000.0
693138;A;1000.0
693139;A;1000.0
693140;A;1000.0
693141;A;1000.0
693142;A;1000.0
693143;A;1000.0
693144;;862.0
693145;A;1000.0
693146;A;1000.0
693147;A;1000.0
693148;A;1000.0
693149;A;1000.0
693150;A;1000.0
693151;A;1000.0
693152;A;1000.0
693153;A;1000.0
693154;A;1000.0
693155;;862.0
693156;A;1000.0
693157;A;1000.0
693158;;862.0
693159;;862.0
693160;;862.0
693161;;862.0
693162;;862.0
693163;;862.0
693164;;862.0
693165;;862.0
693166;;862.0
693167;;862.0
693168;;862.0
693169;;862.0
693170;;862.0
693171;;862.0
693172;;862.0
693173;;862.0
693174;;862.0
693175;;862.0
693176;;862.0
693177;;862.0
693178;;862.0
693179;;862.0
693180;;862.0
693181;;862.0
693182;;862.0
693183;;862.0
693184;;862.0
693185;;862.0
693186;;862.0
693187;;862.0
693188;;862.0
693189;;862.0
693190;;862.0
693191;;862.0
693192;;862.0
693193;;862.0
693194;;862.0
693195;;862.0
693196;;862.0
693197;;862.0
693198;;862.0
693199;;862.0
693200;;862.0
693201;;862.0
693202;;862.0
693203;;862.0
693204;;862.0
693205;;862.0
693206;;862.0
693207;;862.0
693208;;862.0
693209;;862.0
693210;;862.0
693211;;862.0
693212;;862.0
693213;;862.0
693214;;862.0
693215;;862.0
693216;;862.0
693217;;862.0
693218;;862.0
693219;;862.0
693220;;862.0
693221;;862.0
693222;;862.0
693223;;862.0
693224;;862.0
693225;;862.0
693226;A;1000.0
693227;A;1000.0
693228;A;1000.0
693229;A;1000.0
693230;A;1000.0
693231;A;1000.0
693232;A;1000.0
693233;A;1000.0
693234;A;1000.0
693235;A;1000.0
693236;;862.0
693237;A;1000.0
693238;A;1000.0
693239;A;1000.0
693240;A;1000.0
693241;A;1000.0
693242;A;1000.0
693243;A;1000.0
693244;A;1000.0
693245;A;1000.0
693246;A;1000.0
693247;C;1033.0
693248;C;1033.0
693249;C;1033.0
693250;C;1033.0
693251;C;1033.0
693252;C;1033.0
693253;C;1033.0
693254;C;1033.0
693255;A;1515.0
693256;C;1033.0
693257;A;1515.0
693258;A;1515.0
693259;A;1515.0
693260;A;1515.0
693261;A;1515.0
693262;A;1515.0
693263;A;1515.0
693264;A;1515.0
693265;A;1515.0
693266;A;1515.0
693267;A;1515.0
693268;A;1515.0
693269;A;1515.0
693270;A;1515.0
693271;A;1515.0
693272;A;1515.0
693273;A;1515.0
693274;A;1515.0
693275;A;1515.0
693276;A;1515.0
693277;;1394.0
693278;;1394.0
693279;;1394.0
693280;;1394.0
693281;;1394.0
693282;;1394.0
693283;;1394.0
693284;;1394.0
693285;;1394.0
693286;;1394.0
693287;;1394.0
693288;;1394.0
693289;;1394.0
693290;;1394.0
693291;;1394.0
693292;;1394.0
693293;;1394.0
693294;;1394.0
693295;;1394.0
693296;A;1515.0
693297;;1394.0
693298;B;1300.0
693299;A;1988.0
693300;A;1988.0
693301;A;1988.0
693302;A;1988.0
693303;A;1988.0
693304;A;1988.0
693305;A;1988.0
693306;A;1988.0
693307;A;1988.0
693308;A;1988.0
693309;A;1988.0
693310;A;1988.0
693311;A;1988.0
693312;A;1988.0
693313;A;1988.0
693314;A;1988.0
693315;A;1988.0
693316;A;1988.0
693317;A;1988.0
693318;A;1988.0
693319;A;1988.0
693343;;2256.0
693345;C;1033.0
693346;A;1515.0
693347;A;1515.0
693348;A;1515.0
693349;A;1515.0
693350;A;1515.0
693351;A;1515.0
693352;A;1515.0
693353;A;1515.0
693354;A;1515.0
693355;A;1515.0
693356;A;1515.0
693359;D;2296.0
693360;A;2950.0
693371;A;1515.0
693372;A;1515.0
693373;A;1515.0
693374;A;1515.0
693376;A;1515.0
693377;C;1033.0
693381;A;1515.0
693382;A;1515.0
693383;A;1515.0
693384;A;1515.0
693385;A;1515.0
693386;A;1515.0
693387;A;1515.0
693388;A;1515.0
693389;A;1515.0
693390;A;1515.0
693391;A;1515.0
693392;A;1515.0
693393;A;1515.0
693394;A;1515.0
693395;A;1515.0
693396;A;1515.0
693397;A;1515.0
693398;A;1515.0
693399;A;1515.0
693400;A;1515.0
693401;A;1515.0
693402;A;1515.0
693403;A;1515.0
693404;A;1515.0
693405;A;1515.0
693406;A;1515.0
693407;A;1515.0
693409;B;2296.0
693410;A;2950.0
693435;;1394.0
693436;C;1033.0
693437;;1394.0
693439;D;2256.0
693440;B;862.0
693441;B;862.0
693442;;862.0
693443;;862.0
693444;;862.0
693445;C;662.0
693446;A;1515.0
693447;A;1515.0
693448;A;1515.0
693449;A;1515.0
693450;A;1515.0
693451;A;1515.0
693452;A;1515.0
693453;A;1515.0
693454;A;1515.0
693455;A;1515.0
693456;A;1515.0
693457;A;1515.0
693458;A;1515.0
693459;A;1515.0
693460;A;1515.0
693461;A;1515.0
693462;A;1515.0
693463;A;1515.0
693464;A;1515.0
693465;A;1515.0
693466;A;1515.0
693467;A;1515.0
693468;A;1515.0
693469;A;1515.0
693470;A;1515.0
693471;A;1515.0
693472;A;1515.0
693473;A;1515.0
693474;A;1515.0
693475;A;1426.0
693478;A;1000.0
693479;C;1033.0
693480;B;1261.0
693481;A;1426.0
693497;C;1033.0
693498;C;1033.0
693499;A;1515.0
693500;A;1515.0
693501;A;1515.0
693502;A;1515.0
693503;A;1515.0
693504;A;1515.0
693505;A;1515.0
693506;A;1515.0
693507;A;1515.0
693508;A;1515.0
693509;A;1515.0
693510;A;1515.0
693511;A;1515.0
693512;A;1515.0
693513;A;1515.0
693514;A;1515.0
693515;A;1515.0
693516;A;1515.0
693517;A;1515.0
693518;A;1515.0
693519;A;1515.0
693520;A;1515.0
693521;A;1515.0
693522;A;1515.0
693523;A;1515.0
693524;A;1515.0
693525;A;1515.0
693526;A;1515.0
693529;A;1059.0
693530;A;1059.0
693537;C;788.0
693538;A;1515.0
693539;A;1515.0
693540;A;1515.0
693541;A;1515.0
693542;A;1515.0
693543;A;1515.0
693544;A;1515.0
693545;A;1515.0
693546;A;1515.0
693547;A;1515.0
693548;A;1515.0
693549;A;1515.0
693550;A;1515.0
693551;A;1515.0
693552;C;1033.0
693553;C;1033.0
693554;A;1515.0
693555;A;1515.0
693556;C;662.0
693557;C;662.0
693558;;1261.0
693559;A;1426.0
693560;C;788.0
693562;A;1988.0
693564;A;1988.0
693565;A;1426.0
693566;B;1261.0
693567;A;1000.0
693568;;862.0
693569;A;1000.0
693570;A;1000.0
693571;A;1000.0
693572;A;1000.0
693573;A;1000.0
693574;A;1000.0
693575;A;1000.0
693576;A;1000.0
693577;A;1000.0
693578;A;1000.0
693579;A;1000.0
693580;A;1000.0
693581;A;1000.0
693582;A;1000.0
693583;A;1000.0
693584;A;1000.0
693585;A;1000.0
693586;;862.0
693587;A;1000.0
693588;A;1000.0
693589;A;1000.0
693590;A;1000.0
693591;A;1000.0
693592;A;1000.0
693593;A;1000.0
693594;A;1000.0
693595;;862.0
693596;;862.0
693597;A;1000.0
693598;A;1000.0
693599;A;1000.0
693600;A;1000.0
693601;A;1000.0
693602;A;1000.0
693603;A;1000.0
693604;A;1000.0
693605;A;1000.0
693606;A;1000.0
693607;A;1000.0
693608;A;1000.0
693609;A;1000.0
693610;A;1000.0
693611;A;1000.0
693612;A;1000.0
693613;A;1000.0
693614;A;1000.0
693615;A;1000.0
693616;A;1000.0
693617;A;1000.0
693618;A;1000.0
693619;A;1000.0
693620;A;1000.0
693621;A;1000.0
693622;A;1000.0
693623;A;1000.0
693624;A;1000.0
693625;;862.0
693626;;862.0
693627;;862.0
693628;;862.0
693629;;862.0
693630;A;1000.0
693631;;862.0
693632;;862.0
693633;;862.0
693634;;862.0
693635;;862.0
693636;;862.0
693637;;862.0
693638;;862.0
693639;;862.0
693640;;862.0
693641;A;1000.0
693642;;862.0
693643;;862.0
693644;;862.0
693645;;862.0
693646;;862.0
693647;;862.0
693648;;862.0
693649;;862.0
693650;;862.0
693651;;862.0
693652;A;1000.0
693653;;862.0
693654;;862.0
693655;;862.0
693656;;862.0
693657;;862.0
693658;;862.0
693659;;862.0
693660;;862.0
693661;;862.0
693662;;862.0
693663;A;1000.0
693664;;862.0
693665;;862.0
693666;;862.0
693667;;862.0
693668;;862.0
693669;;862.0
693670;;862.0
693671;;862.0
693672;;862.0
693673;;862.0
693674;A;1000.0
693675;A;1000.0
693676;;862.0
693677;;862.0
693678;;862.0
693679;;862.0
693680;;862.0
693681;;862.0
693682;;862.0
693683;;862.0
693684;;862.0
693685;;862.0
693686;A;1000.0
693687;;862.0
693688;;862.0
693689;;862.0
693690;;862.0
693691;;862.0
693692;;862.0
693693;A;1000.0
693694;A;1000.0
693695;A;1000.0
693696;A;1000.0
693697;A;1000.0
693698;A;1000.0
693699;A;1000.0
693700;A;1000.0
693701;A;1000.0
693702;;862.0
693703;A;1000.0
693704;A;1000.0
693705;A;1000.0
693706;A;1000.0
693707;A;1000.0
693708;A;1000.0
693709;A;1000.0
693710;A;1000.0
693711;A;1000.0
693712;A;1000.0
693713;A;1000.0
693714;A;1000.0
693715;A;1000.0
693716;A;1000.0
693717;A;1000.0
693718;A;1000.0
693719;A;1000.0
693720;A;1000.0
693721;;862.0
693722;;862.0
693723;A;1000.0
693724;A;1000.0
693725;A;1000.0
693726;A;1000.0
693727;A;1000.0
693728;A;1000.0
693729;A;1000.0
693730;A;1000.0
693731;A;1000.0
693732;A;1000.0
693733;A;1000.0
693734;A;1000.0
693735;A;1000.0
693736;A;1000.0
693737;A;1000.0
693738;A;1000.0
693739;A;1000.0
693740;A;1000.0
693741;A;1000.0
693742;;862.0
693743;;862.0
693744;A;1000.0
693745;A;1000.0
693746;A;1000.0
693747;A;1000.0
693748;A;1000.0
693749;A;1000.0
693750;A;1000.0
693751;A;1000.0
693752;A;1000.0
693753;;862.0
693754;A;1000.0
693755;A;1000.0
693756;A;1000.0
693757;A;1000.0
693758;A;1000.0
693759;A;1000.0
693760;;862.0
693761;;862.0
693762;A;1000.0
693763;A;1000.0
693765;A;1988.0
693766;C;2095.0
693767;A;1988.0
693768;A;1988.0
693769;A;1988.0
693770;A;1988.0
693771;A;1988.0
693772;;2256.0
693775;A;1333.0
693776;A;1333.0
693777;A;1333.0
693779;B;1485.0
693780;A;1988.0
693781;B;2256.0
693782;B;1485.0
693783;A;1333.0
693785;A;1333.0
693786;A;1988.0
693787;A;1988.0
693788;A;1988.0
693790;B;1485.0
693793;A;1333.0
693794;A;1235.0
693795;A;1988.0
693796;A;1235.0
693797;B;2256.0
693798;A;1988.0
693799;A;1235.0
693800;B;1303.0
693802;A;2158.0
693803;A;1235.0
693804;A;2158.0
693805;A;2158.0
693806;A;2158.0
693807;A;2158.0
693808;A;2158.0
693809;A;2158.0
693810;A;2158.0
693811;A;2158.0
693812;A;2158.0
693813;A;2158.0
693814;A;2158.0
693815;A;2158.0
693816;A;2158.0
693817;A;2158.0
693818;A;2158.0
693819;A;2158.0
693820;A;2158.0
693821;A;2158.0
693822;;2000.0
693823;;2000.0
693824;;2000.0
693825;;2000.0
693826;;2000.0
693827;;2000.0
693828;;2000.0
693829;;2000.0
693830;A;2158.0
693831;A;2158.0
693834;A;1447.0
693835;A;1447.0
693836;A;1447.0
693837;A;1447.0
693838;A;1447.0
693839;A;1447.0
693840;A;1447.0
693841;A;1447.0
693842;A;1283.0
693843;A;1283.0
693844;A;1283.0
693845;A;1283.0
693846;A;1283.0
693847;A;1283.0
693848;A;1283.0
693849;A;1283.0
693850;A;1283.0
693851;A;1283.0
693852;A;1283.0
693853;A;1283.0
693854;A;1283.0
693855;A;1283.0
693856;A;1283.0
693857;A;1283.0
693858;A;1283.0
693859;A;1283.0
693860;A;1283.0
693861;A;1283.0
693862;A;1283.0
693863;A;1283.0
693864;A;1283.0
693865;A;1283.0
693866;A;1283.0
693867;A;1283.0
693868;A;1283.0
693869;A;1283.0
693870;A;1283.0
693871;A;1283.0
693872;A;1283.0
693873;A;1283.0
693874;A;1283.0
693875;A;1283.0
693876;A;1283.0
693877;A;1283.0
693878;A;1283.0
693879;A;1283.0
693880;A;1283.0
693881;A;1283.0
693882;A;1283.0
693883;A;1283.0
693884;A;1283.0
693885;B;2000.0
693886;A;2158.0
693887;A;1283.0
693888;A;1283.0
693889;A;1283.0
693890;A;1283.0
693891;A;1283.0
693892;A;1283.0
693893;A;1283.0
693894;A;1283.0
693895;A;1283.0
693896;A;1283.0
693897;A;1283.0
693898;A;1283.0
693899;A;1283.0
693900;A;1283.0
693901;A;1283.0
693902;A;1283.0
693903;A;1283.0
693904;A;1283.0
693905;A;1283.0
693906;C;908.0
693907;C;908.0
693908;C;908.0
693909;A;1525.0
693910;A;1525.0
693911;A;1525.0
693917;A;1059.0
693922;C;1188.0
693926;A;1717.0
693928;C;1188.0
693929;B;1018.0
693930;A;1059.0
693931;A;1059.0
693933;B;1018.0
693934;D;321.0
693935;A;1717.0
693936;B;1768.0
693937;B;1018.0
693938;A;1059.0
693939;A;1059.0
693940;A;1242.0
693941;B;1259.0
693943;A;1059.0
693953;A;1283.0
693954;A;1283.0
693955;A;1283.0
693956;A;1283.0
693957;A;1283.0
693958;A;1283.0
693959;A;1283.0
693960;A;1283.0
693961;;1300.0
693962;;1300.0
693963;A;1283.0
693964;A;1283.0
693965;A;1283.0
693966;A;1283.0
693967;A;1283.0
693968;A;1283.0
693969;A;1283.0
693970;A;1283.0
693971;A;1283.0
693972;A;1283.0
693973;A;1283.0
693974;A;1283.0
693975;A;1283.0
693976;A;1283.0
693977;A;1283.0
693978;A;1283.0
693979;A;1283.0
693980;A;1283.0
693981;A;1283.0
693982;A;1283.0
693983;A;1283.0
693984;A;1283.0
693985;A;1283.0
693986;A;1283.0
693988;D;315.0
693989;;1236.0
693990;A;1078.0
693991;A;1078.0
693992;A;1078.0
693993;A;1078.0
693994;A;1078.0
693995;A;1078.0
693996;A;1078.0
693997;A;1078.0
693998;A;1078.0
693999;A;1078.0
694000;;1236.0
694001;A;1078.0
694002;A;1078.0
694003;A;1078.0
694004;A;1078.0
694005;A;1078.0
694006;A;1078.0
694007;A;1078.0
694008;A;1078.0
694009;A;1078.0
694010;A;1078.0
694011;;1236.0
694012;A;1078.0
694013;A;1078.0
694014;A;1078.0
694015;A;1078.0
694016;A;1078.0
694017;A;1078.0
694018;A;1078.0
694019;A;1078.0
694020;A;1078.0
694021;A;1078.0
694022;;1236.0
694023;A;1078.0
694024;A;1078.0
694025;A;1078.0
694026;A;1078.0
694027;A;1078.0
694028;A;1078.0
694029;A;1078.0
694030;A;1078.0
694031;A;1078.0
694032;A;1078.0
694033;;1236.0
694034;A;1078.0
694035;A;1078.0
694036;A;1078.0
694037;A;1078.0
694038;A;1078.0
694039;A;1078.0
694040;A;1078.0
694041;A;1078.0
694042;A;1078.0
694043;A;1078.0
694044;;1236.0
694045;A;1078.0
694046;A;1078.0
694047;A;1078.0
694048;A;1078.0
694049;A;1078.0
694050;A;1078.0
694051;A;1078.0
694052;A;1078.0
694053;A;1078.0
694054;A;1078.0
694055;;1236.0
694056;A;1078.0
694057;A;1078.0
694058;A;1078.0
694059;A;1078.0
694060;A;1078.0
694061;A;1078.0
694062;;1236.0
694063;;1236.0
694064;;1236.0
694065;;1236.0
694066;;1236.0
694067;;1236.0
694068;;1236.0
694069;;1236.0
694070;;1236.0
694071;;1236.0
694072;;1236.0
694073;;1236.0
694074;;1236.0
694075;;1236.0
694076;;1236.0
694077;;1236.0
694078;;1236.0
694079;;1236.0
694080;;1236.0
694081;;1236.0
694082;;1236.0
694083;;1236.0
694085;;1236.0
694086;;1236.0
694087;;1236.0
694088;;1236.0
694089;;1236.0
694090;;1236.0
694091;;1236.0
694092;;1236.0
694093;;1236.0
694094;;1236.0
694095;;1236.0
694096;;1236.0
694097;;1236.0
694098;;1236.0
694099;;1236.0
694100;;1236.0
694101;;1236.0
694102;;1236.0
694103;;1236.0
694104;;1236.0
694105;;1236.0
694106;;1236.0
694107;;1236.0
694108;;1236.0
694109;;1236.0
694110;;1236.0
694111;;1236.0
694112;;1236.0
694113;;1236.0
694114;;1236.0
694115;;1236.0
694116;;1236.0
694117;;1236.0
694118;;1236.0
694119;;1236.0
694120;;1236.0
694121;;1236.0
694122;;1236.0
694123;;1236.0
694124;A;1078.0
694125;A;1078.0
694126;A;1078.0
694127;;1236.0
694128;A;1078.0
694129;A;1078.0
694130;A;1078.0
694131;A;1078.0
694132;A;1078.0
694133;A;1078.0
694134;A;1078.0
694135;A;1078.0
694136;A;1078.0
694137;A;1078.0
694138;;1236.0
694139;A;1078.0
694140;A;1078.0
694141;A;1078.0
694142;A;1078.0
694143;A;1078.0
694144;A;1078.0
694145;A;1078.0
694146;A;1078.0
694147;A;1078.0
694148;A;1078.0
694149;A;1283.0
694150;A;1283.0
694151;A;1283.0
694152;A;1283.0
694153;A;1283.0
694154;A;1283.0
694155;A;1283.0
694156;A;1283.0
694157;A;1283.0
694159;A;1283.0
694160;B;1768.0
694161;A;1717.0
694162;A;1283.0
694163;A;1283.0
694164;A;1283.0
694165;A;1283.0
694166;A;1283.0
694167;A;1283.0
694168;A;1283.0
694169;A;1283.0
694170;A;1283.0
694171;A;1283.0
694172;A;1283.0
694173;A;1283.0
694174;A;1283.0
694175;A;1283.0
694176;C;875.0
694177;C;875.0
694178;A;1283.0
694179;A;1283.0
694180;A;1283.0
694181;A;1283.0
694182;A;1283.0
694183;A;1283.0
694184;A;1283.0
694185;A;1717.0
694186;B;1768.0
694187;A;1717.0
694191;B;2000.0
694192;D;321.0
694195;D;321.0
694197;C;875.0
694198;A;1283.0
694199;A;1283.0
694200;C;875.0
694201;A;1283.0
694202;A;1283.0
694203;A;1283.0
694204;A;1283.0
694205;A;1283.0
694206;A;1283.0
694207;A;1283.0
694208;A;1283.0
694209;B;1300.0
694210;A;1283.0
694211;A;1283.0
694212;A;1283.0
694213;A;1283.0
694214;A;1283.0
694215;A;1283.0
694216;C;875.0
694217;C;875.0
694218;A;1283.0
694219;A;1283.0
694220;A;1283.0
694221;A;1283.0
694222;A;1283.0
694223;A;1283.0
694224;A;1283.0
694225;A;1283.0
694226;A;1283.0
694227;A;1283.0
694228;A;1283.0
694229;A;1283.0
694230;A;1283.0
694231;A;1283.0
694232;A;1283.0
694233;A;1283.0
694234;A;1283.0
694235;A;1283.0
694236;;1236.0
694237;;1236.0
694238;;1236.0
694239;;1236.0
694240;;1236.0
694241;;1236.0
694242;;1236.0
694243;;1236.0
694244;;1236.0
694245;;1236.0
694246;;1236.0
694247;;1236.0
694248;;1236.0
694249;;1236.0
694250;;1236.0
694251;;1236.0
694252;;1236.0
694253;;1236.0
694254;;1236.0
694255;;1236.0
694256;;1236.0
694257;;1236.0
694258;A;1078.0
694259;A;1078.0
694260;A;1078.0
694261;A;1078.0
694262;A;1078.0
694263;A;1078.0
694264;A;1078.0
694265;A;1078.0
694266;A;1078.0
694267;A;1078.0
694268;A;1078.0
694269;A;1078.0
694270;A;1078.0
694271;A;1078.0
694272;A;1078.0
694273;A;1078.0
694274;A;1078.0
694275;A;1078.0
694276;A;1078.0
694277;;1236.0
694278;A;1078.0
694279;A;1078.0
694280;A;1078.0
694281;A;1078.0
694282;A;1078.0
694283;A;1078.0
694284;A;1078.0
694285;A;1078.0
694286;A;1078.0
694287;A;1078.0
694288;;1236.0
694289;;1236.0
694290;;1236.0
694291;;1236.0
694292;C;875.0
694293;A;1283.0
694294;A;1283.0
694295;A;1283.0
694296;A;1283.0
694297;A;1283.0
694298;A;1283.0
694299;A;1283.0
694300;A;1283.0
694301;A;1283.0
694302;C;875.0
694303;A;1283.0
694304;A;1283.0
694305;A;1283.0
694306;A;1283.0
694307;A;1283.0
694308;A;1283.0
694309;A;1283.0
694310;A;1283.0
694311;A;1283.0
694312;A;1283.0
694313;C;875.0
694314;A;1283.0
694315;A;1283.0
694316;A;1283.0
694317;A;1283.0
694318;A;1283.0
694319;A;1283.0
694320;A;1283.0
694321;A;1283.0
694322;A;1283.0
694323;A;1283.0
694324;A;1283.0
694325;A;1283.0
694326;A;1283.0
694327;A;1283.0
694328;A;1283.0
694329;A;1283.0
694330;A;1283.0
694331;A;1283.0
694332;A;1283.0
694333;A;1283.0
694334;A;1283.0
694335;A;1283.0
694336;A;1283.0
694337;A;1283.0
694338;A;1283.0
694339;A;1283.0
694340;A;1283.0
694341;A;1283.0
694342;A;1283.0
694343;A;1283.0
694344;A;1283.0
694345;A;1283.0
694346;A;1283.0
694347;A;1283.0
694348;A;1283.0
694349;A;1283.0
694350;A;1283.0
694351;A;1283.0
694352;A;1283.0
694353;A;1283.0
694354;A;1283.0
694355;A;1283.0
694356;A;1283.0
694357;A;1283.0
694358;A;1283.0
694359;A;1283.0
694360;B;2256.0
694361;B;2256.0
694362;B;2256.0
694363;B;2256.0
694364;C;2095.0
694365;A;1988.0
694366;A;1140.0
694367;A;1140.0
694368;;2256.0
694369;;2256.0
694370;;2256.0
694371;;2256.0
694372;;2256.0
694373;;2256.0
694374;;2256.0
694375;;2256.0
694376;A;1988.0
694377;A;1988.0
694378;A;1988.0
694379;A;1988.0
694380;A;1988.0
694381;A;1988.0
694382;A;1988.0
694383;A;1988.0
694384;A;1988.0
694385;A;1988.0
694386;A;1988.0
694387;A;1988.0
694388;A;1988.0
694389;A;1988.0
694390;A;1988.0
694391;;2256.0
694392;;2256.0
694393;;2256.0
694394;;2256.0
694395;;2256.0
694396;;2256.0
694397;B;939.0
694398;A;863.0
694399;A;863.0
694400;A;863.0
694401;A;863.0
694402;B;1300.0
694403;A;1283.0
694404;A;1140.0
694405;A;1140.0
694406;A;1140.0
694407;A;1140.0
694410;A;1283.0
694411;A;863.0
694412;A;863.0
694413;A;863.0
694414;A;863.0
694415;A;863.0
694416;A;863.0
694417;A;967.0
694418;A;967.0
694419;A;967.0
694420;A;967.0
694421;A;967.0
694422;A;967.0
694423;A;967.0
694424;A;967.0
694425;A;967.0
694426;A;967.0
694427;A;967.0
694428;A;967.0
694429;A;967.0
694430;A;967.0
694431;A;967.0
694432;A;967.0
694433;B;1300.0
694444;C;2095.0
694445;A;1988.0
694448;A;1059.0
694449;A;1988.0
694450;A;1988.0
694451;A;1988.0
694452;A;1988.0
694453;A;1988.0
694454;A;1988.0
694455;A;1988.0
694461;A;1988.0
694462;B;2256.0
694464;A;1988.0
694465;A;1988.0
694466;A;1988.0
694467;A;1988.0
694468;A;1988.0
694469;A;1988.0
694470;A;1988.0
694471;A;1988.0
694472;A;1988.0
694473;A;1988.0
694474;A;1988.0
694475;A;1988.0
694476;A;1988.0
694477;A;1988.0
694478;A;1988.0
694479;A;1988.0
694480;A;1988.0
694481;A;1988.0
694482;A;1988.0
694483;A;1988.0
694484;A;1988.0
694485;A;1988.0
694486;A;1988.0
694487;A;1988.0
694488;A;1988.0
694489;A;1988.0
694490;A;1988.0
694491;A;1988.0
694492;A;1988.0
694493;A;1988.0
694494;A;1988.0
694495;A;1988.0
694497;D;321.0
694498;D;321.0
694499;D;321.0
694500;A;1235.0
694504;A;1235.0
694507;A;1988.0
694508;A;1988.0
694509;A;1988.0
694511;B;2000.0
694512;A;2158.0
694513;A;2158.0
694515;A;1800.0
694516;A;1800.0
694517;C;1550.0
694518;A;1800.0
694519;A;1800.0
694521;B;1888.0
694522;;1553.0
694523;;1553.0
694524;C;908.0
694525;A;1525.0
694526;A;1525.0
694527;A;1525.0
694528;A;1525.0
694530;A;1855.0
694532;A;1283.0
694533;A;1283.0
694534;A;1283.0
694535;A;1283.0
694536;A;1283.0
694537;A;1283.0
694538;A;1283.0
694539;A;1283.0
694540;A;1283.0
694541;A;1283.0
694542;A;1283.0
694543;A;1283.0
694544;A;1283.0
694545;A;1283.0
694546;A;1283.0
694547;A;1283.0
694548;A;1283.0
694549;A;1283.0
694550;A;1283.0
694551;A;1283.0
694552;A;1283.0
694553;C;875.0
694554;A;1283.0
694555;A;1283.0
694556;A;1283.0
694557;A;1283.0
694558;A;1283.0
694559;A;1283.0
694560;A;1283.0
694561;A;1283.0
694562;A;1283.0
694563;A;1283.0
694564;C;875.0
694565;A;1283.0
694566;A;1283.0
694567;A;1283.0
694568;A;1283.0
694569;A;1283.0
694570;A;1283.0
694571;A;1283.0
694572;A;1283.0
694573;A;1283.0
694574;C;875.0
694575;A;1283.0
694576;A;1283.0
694577;A;1283.0
694578;A;1283.0
694579;A;1283.0
694580;A;1283.0
694581;A;1283.0
694582;A;1283.0
694583;A;1283.0
694584;A;1283.0
694585;A;1283.0
694586;A;1283.0
694587;A;1283.0
694588;A;1283.0
694589;A;1283.0
694590;A;1283.0
694591;A;1283.0
694592;A;1283.0
694593;A;1283.0
694594;A;1283.0
694595;A;1283.0
694596;A;1283.0
694597;A;1283.0
694598;A;1283.0
694599;A;1283.0
694600;A;1283.0
694601;A;1283.0
694602;A;1283.0
694603;A;1283.0
694604;A;1283.0
694605;A;1283.0
694606;A;1283.0
694607;A;1283.0
694608;A;1283.0
694609;A;1283.0
694610;A;1283.0
694611;A;1283.0
694612;A;1283.0
694613;A;1283.0
694614;A;1283.0
694615;A;1283.0
694616;A;1283.0
694617;A;1283.0
694618;A;1283.0
694619;A;1283.0
694620;A;1283.0
694621;A;1283.0
694622;A;1525.0
694623;B;1888.0
694624;A;1855.0
694625;A;1855.0
694626;B;1888.0
694628;A;1717.0
694629;B;1768.0
694630;B;1768.0
694631;A;1717.0
694637;B;1768.0
694638;A;1717.0
694645;B;1768.0
694648;D;321.0
694654;B;1768.0
694655;D;321.0
694656;D;321.0
694657;C;1188.0
694658;C;1188.0
694661;A;1078.0
694665;A;1717.0
694668;A;1717.0
694670;A;1717.0
694671;A;1426.0
694672;B;1259.0
694673;A;1242.0
694674;A;1059.0
694675;A;1059.0
694676;A;1059.0
694677;A;1059.0
694678;A;1059.0
694679;B;1259.0
694680;A;1242.0
694681;B;1259.0
694682;A;1242.0
694683;;1259.0
694684;A;1059.0
694685;B;1018.0
694686;A;1242.0
694687;;1018.0
694688;;1018.0
694689;C;716.0
694690;A;1059.0
694691;A;1059.0
694692;A;1059.0
694693;A;1059.0
694694;A;1059.0
694695;D;315.0
694696;C;716.0
694697;A;1059.0
694698;A;1059.0
694699;C;716.0
694700;A;1059.0
694701;;1018.0
694702;;1018.0
694703;B;1259.0
694704;B;1259.0
694705;A;1242.0
694706;B;1259.0
694709;A;1717.0
694710;B;1768.0
694711;A;1717.0
694712;B;1553.0
694713;A;1525.0
694714;A;1525.0
694715;A;1525.0
694716;;1553.0
694717;;1553.0
694718;;1553.0
694719;D;1553.0
694720;C;908.0
694723;A;1235.0
694724;A;1235.0
694725;A;1283.0
694726;A;1525.0
694727;C;1781.0
694728;A;2631.0
694729;A;2631.0
694730;A;2631.0
694731;A;2631.0
694732;A;2631.0
694733;A;2631.0
694734;A;2631.0
694735;A;2631.0
694736;A;2631.0
694737;A;2631.0
694738;C;1781.0
694739;A;2631.0
694740;A;2631.0
694741;A;2631.0
694742;A;2631.0
694743;A;2631.0
694744;A;2631.0
694745;A;2631.0
694746;A;2631.0
694747;A;2631.0
694748;A;2631.0
694749;C;1781.0
694750;A;2631.0
694751;C;1781.0
694752;C;1781.0
694753;C;1781.0
694754;C;1781.0
694755;A;2631.0
694756;A;2631.0
694757;D;321.0
694758;A;1283.0
694760;D;321.0
694761;B;2375.0
694762;A;2631.0
694763;A;2631.0
694764;A;2631.0
694765;C;2095.0
694766;A;1988.0
694767;A;1988.0
694768;A;1988.0
694769;A;1988.0
694770;A;1988.0
694771;A;1988.0
694772;D;2256.0
694773;;2256.0
694774;;2256.0
694775;A;1988.0
694776;A;1988.0
694777;;2256.0
694778;A;1988.0
694779;A;1988.0
694780;;2256.0
694781;A;1988.0
694782;A;1988.0
694783;C;2095.0
694784;C;2095.0
694785;A;1988.0
694786;A;1988.0
694787;A;1988.0
694788;A;1988.0
694789;A;1988.0
694790;A;1988.0
694791;A;1988.0
694792;A;1988.0
694793;A;1988.0
694794;A;1988.0
694795;A;1988.0
694796;A;1988.0
694797;C;2095.0
694798;C;2095.0
694799;C;2095.0
694800;C;2095.0
694801;A;1988.0
694802;A;1988.0
694803;A;1988.0
694804;A;1988.0
694805;A;1988.0
694806;A;1988.0
694807;A;1988.0
694808;A;1988.0
694809;A;1988.0
694810;A;1988.0
694811;A;1988.0
694812;A;1988.0
694813;A;1988.0
694814;A;1988.0
694815;A;1988.0
694816;C;2095.0
694817;D;2256.0
694818;C;875.0
694819;A;1283.0
694820;A;1283.0
694821;A;1283.0
694822;A;1283.0
694823;A;1283.0
694824;A;1283.0
694825;A;1283.0
694826;A;1283.0
694827;A;1283.0
694828;A;1283.0
694829;A;1283.0
694830;A;1283.0
694831;A;1283.0
694832;A;1283.0
694833;A;1283.0
694834;A;1283.0
694835;A;1283.0
694836;A;1283.0
694837;A;1283.0
694838;A;1283.0
694839;A;1283.0
694840;A;1283.0
694841;A;1283.0
694842;A;1283.0
694843;A;1283.0
694844;A;1283.0
694845;A;1283.0
694846;A;1283.0
694847;A;1283.0
694848;A;1283.0
694849;A;1283.0
694850;A;1283.0
694851;A;1283.0
694852;A;1283.0
694853;C;875.0
694854;A;1283.0
694855;A;1283.0
694856;A;1283.0
694857;A;1283.0
694858;A;1283.0
694859;A;1283.0
694860;A;1283.0
694861;A;1283.0
694862;A;1283.0
694863;A;1283.0
694871;A;1283.0
694872;A;1283.0
694873;A;1283.0
694874;A;1283.0
694875;A;1283.0
694876;A;1283.0
694877;A;1283.0
694878;A;1283.0
694879;A;1283.0
694880;A;1283.0
694881;A;1283.0
694882;A;1283.0
694883;A;1283.0
694884;A;1283.0
694885;A;1283.0
694886;A;1283.0
694887;A;1283.0
694888;A;1283.0
694889;A;1283.0
694890;A;1283.0
694891;A;1283.0
694892;C;2095.0
694893;C;2095.0
694894;C;2095.0
694895;C;2095.0
694896;A;1988.0
694897;A;1988.0
694898;A;1988.0
694899;A;1988.0
694900;A;1988.0
694901;A;1988.0
694902;A;1988.0
694903;A;1988.0
694904;A;1988.0
694905;A;1988.0
694906;A;1988.0
694907;A;1988.0
694908;C;2095.0
694909;C;2095.0
694910;C;2095.0
694911;;2256.0
694912;;2256.0
694913;A;1988.0
694914;A;1988.0
694915;A;1988.0
694916;A;1988.0
694917;A;1988.0
694918;A;1988.0
694919;A;1988.0
694920;A;1988.0
694921;A;1988.0
694922;A;1988.0
694923;A;1988.0
694924;A;1988.0
694925;A;1988.0
694926;A;1988.0
694927;A;1988.0
694928;A;1988.0
694929;C;2095.0
694930;C;2095.0
694931;C;2095.0
694932;;2256.0
694933;A;1988.0
694934;A;1988.0
694935;A;1988.0
694936;A;1988.0
694937;A;1988.0
694938;C;2095.0
694939;C;2095.0
694940;C;2095.0
694941;C;2095.0
694942;C;2095.0
694943;C;2095.0
694950;C;2095.0
694951;C;2095.0
694952;;2256.0
694953;;2256.0
694954;C;2095.0
694955;C;2095.0
694956;C;2095.0
694957;B;1018.0
694958;C;2095.0
694959;C;2095.0
694960;A;1988.0
694961;A;1988.0
694962;A;1988.0
694963;A;1988.0
694964;;2256.0
694965;;2256.0
694966;;2256.0
694967;;2256.0
694968;;2256.0
694969;;2256.0
694970;;2256.0
694971;C;2095.0
694972;C;2095.0
694973;A;1988.0
694974;A;1988.0
694975;A;1988.0
694976;A;1988.0
694977;;2256.0
694978;;2256.0
694979;;2256.0
694980;;2256.0
694981;;2256.0
694982;;2256.0
694983;;2256.0
694984;;2256.0
694985;A;1283.0
694986;A;1283.0
694987;A;1283.0
694988;C;875.0
694989;A;1283.0
694990;A;1283.0
694991;A;1283.0
694992;A;1283.0
694993;A;1283.0
694994;A;1283.0
694995;A;1283.0
694996;A;1283.0
694997;A;1283.0
694998;A;1283.0
694999;A;1283.0
695000;A;1283.0
695001;A;1283.0
695002;A;1283.0
695003;A;1283.0
695004;A;1283.0
695005;A;1283.0
695006;A;1283.0
695007;A;1283.0
695008;A;1283.0
695009;;1300.0
695010;A;1283.0
695011;A;1283.0
695012;A;1283.0
695013;A;1283.0
695014;A;1283.0
695015;A;1283.0
695016;A;1283.0
695017;A;1283.0
695018;A;1283.0
695019;A;1283.0
695020;A;1283.0
695021;A;1283.0
695022;A;1283.0
695023;A;1283.0
695024;A;1283.0
695025;A;1283.0
695026;A;1283.0
695027;A;1283.0
695028;A;1283.0
695029;A;1283.0
695030;A;1283.0
695031;A;1283.0
695032;;1300.0
695033;;1300.0
695034;A;1283.0
695035;A;1283.0
695036;A;1283.0
695037;A;1283.0
695038;A;1283.0
695039;A;1283.0
695040;A;1283.0
695041;A;1283.0
695042;A;1283.0
695043;A;1283.0
695044;A;1283.0
695045;A;1283.0
695046;A;1283.0
695047;;1300.0
695048;A;1283.0
695049;A;1283.0
695050;A;1283.0
695051;A;1283.0
695052;A;1283.0
695053;A;1283.0
695054;A;1283.0
695055;A;1283.0
695056;A;1283.0
695057;A;1283.0
695058;A;1283.0
695059;A;1283.0
695060;A;1283.0
695061;A;1283.0
695062;A;1283.0
695063;A;1283.0
695064;A;1283.0
695065;A;1283.0
695066;A;1283.0
695067;A;1283.0
695068;A;1283.0
695069;;1300.0
695070;A;1283.0
695071;A;1283.0
695072;A;1283.0
695073;A;1283.0
695074;A;1283.0
695075;A;1283.0
695076;A;1283.0
695077;A;1283.0
695078;A;1283.0
695079;A;1283.0
695080;A;1283.0
695081;A;1283.0
695082;A;1283.0
695083;A;1283.0
695084;A;1283.0
695085;A;1283.0
695086;A;1283.0
695087;A;1283.0
695088;A;1283.0
695089;A;1283.0
695090;A;1283.0
695091;A;1283.0
695092;A;1283.0
695093;A;1283.0
695094;;1300.0
695095;A;1283.0
695096;A;1283.0
695097;A;1283.0
695098;A;1283.0
695099;A;1283.0
695100;A;1283.0
695101;A;1283.0
695102;A;1283.0
695103;A;1283.0
695104;A;1283.0
695105;A;1283.0
695106;A;1283.0
695107;A;1283.0
695108;A;1283.0
695109;A;1283.0
695110;A;1283.0
695111;A;1283.0
695112;A;1283.0
695113;A;1283.0
695114;A;1283.0
695115;A;1283.0
695116;;1300.0
695117;A;1283.0
695118;A;1283.0
695119;A;1283.0
695120;A;1283.0
695121;A;1283.0
695122;A;1283.0
695123;A;1283.0
695124;A;1283.0
695125;A;1283.0
695126;A;1283.0
695127;A;1283.0
695128;A;1283.0
695129;A;1283.0
695130;A;1283.0
695131;A;1283.0
695132;A;1283.0
695133;A;1283.0
695134;A;1283.0
695135;A;1283.0
695136;A;1283.0
695137;A;1283.0
695138;A;1283.0
695139;A;1283.0
695140;A;1283.0
695142;A;1283.0
695143;A;1283.0
695144;A;1283.0
695145;A;1283.0
695146;A;1283.0
695147;A;1283.0
695148;A;1283.0
695149;A;1283.0
695150;A;1283.0
695151;A;1283.0
695152;A;1283.0
695153;A;1283.0
695154;A;1283.0
695155;A;1283.0
695156;A;1283.0
695157;A;1283.0
695158;A;1283.0
695159;A;1283.0
695160;A;1283.0
695161;A;1283.0
695162;A;1283.0
695163;A;1283.0
695164;A;1283.0
695165;A;1283.0
695166;A;1283.0
695167;A;1283.0
695168;A;1283.0
695169;A;1283.0
695170;A;1283.0
695171;A;1283.0
695172;A;1283.0
695173;A;1283.0
695174;A;1283.0
695175;A;1283.0
695176;A;1283.0
695177;A;1283.0
695178;A;1283.0
695179;A;1283.0
695180;A;1283.0
695181;A;1283.0
695182;A;967.0
695183;A;967.0
695184;A;967.0
695185;A;967.0
695186;A;967.0
695187;A;967.0
695188;A;967.0
695189;A;967.0
695190;A;967.0
695191;A;967.0
695192;A;967.0
695193;A;967.0
695194;A;967.0
695195;A;967.0
695196;A;967.0
695197;A;967.0
695198;A;967.0
695199;A;967.0
695200;A;967.0
695201;A;967.0
695202;A;967.0
695203;A;967.0
695204;A;967.0
695205;A;967.0
695206;A;1988.0
695207;A;1988.0
695208;C;2095.0
695209;A;1988.0
695210;C;2095.0
695211;C;2095.0
695212;;2256.0
695213;C;2095.0
695214;C;2095.0
695215;;2256.0
695216;A;1988.0
695217;A;1988.0
695218;D;315.0
695226;C;2095.0
695227;A;1988.0
695228;C;2095.0
695229;A;1988.0
695230;A;1988.0
695231;A;1988.0
695232;A;1988.0
695233;A;1988.0
695234;A;1988.0
695235;A;1988.0
695236;A;1988.0
695237;A;1988.0
695238;A;1988.0
695239;C;2095.0
695240;A;1988.0
695241;A;1988.0
695242;A;1988.0
695243;A;1988.0
695244;A;1988.0
695245;A;1988.0
695246;A;1988.0
695247;A;1988.0
695248;A;1988.0
695249;A;1988.0
695250;C;2095.0
695251;A;1988.0
695252;A;1988.0
695253;A;1988.0
695254;C;2095.0
695255;A;1988.0
695256;A;1988.0
695257;A;1988.0
695258;A;1988.0
695259;A;2738.0
695260;;2597.0
695261;;2597.0
695262;;2597.0
695263;;2597.0
695264;;2597.0
695265;C;2260.0
695266;A;967.0
695267;A;967.0
695268;A;967.0
695269;A;967.0
695270;A;967.0
695271;A;967.0
695272;A;967.0
695273;A;967.0
695274;A;967.0
695275;A;967.0
695276;A;967.0
695277;A;967.0
695278;A;967.0
695279;A;967.0
695280;A;967.0
695281;A;967.0
695282;A;967.0
695283;A;967.0
695284;A;967.0
695285;A;967.0
695286;A;967.0
695287;A;967.0
695288;A;967.0
695289;A;967.0
695290;A;967.0
695291;A;2738.0
695292;A;2738.0
695293;B;2597.0
695294;B;2597.0
695295;A;1988.0
695304;C;2095.0
695305;A;1988.0
695306;A;1988.0
695307;A;1988.0
695308;A;1988.0
695309;A;1988.0
695310;A;1988.0
695311;A;1988.0
695312;A;1988.0
695313;A;1988.0
695314;A;1988.0
695315;A;1988.0
695316;A;1988.0
695317;A;1988.0
695318;A;1988.0
695319;A;1988.0
695320;A;1988.0
695321;A;1988.0
695322;A;1988.0
695323;A;967.0
695324;A;967.0
695325;A;967.0
695326;A;967.0
695327;A;967.0
695328;A;967.0
695329;A;967.0
695330;A;967.0
695331;A;967.0
695332;A;967.0
695333;A;967.0
695334;A;967.0
695335;B;1300.0
695336;A;1283.0
695337;A;1988.0
695338;A;1988.0
695339;A;1988.0
695340;A;1988.0
695341;A;1988.0
695342;A;1988.0
695343;;2166.0
695344;A;967.0
695345;A;967.0
695346;A;967.0
695349;A;2738.0
695350;D;270.0
695351;A;2738.0
695352;A;1805.0
695353;C;2260.0
695354;A;2738.0
695355;A;2738.0
695356;A;2738.0
695357;A;2738.0
695358;A;2738.0
695359;A;2738.0
695360;A;2738.0
695361;A;2738.0
695362;A;2738.0
695363;C;2260.0
695364;C;2260.0
695365;C;2260.0
695366;C;2260.0
695367;C;2260.0
695368;A;2738.0
695369;A;2738.0
695370;A;2738.0
695371;A;2738.0
695372;A;2738.0
695373;A;2738.0
695374;A;2738.0
695375;C;2260.0
695376;A;2738.0
695377;A;2738.0
695378;A;2738.0
695379;A;2738.0
695380;A;2738.0
695381;A;2738.0
695382;A;2738.0
695383;A;2738.0
695384;A;2738.0
695385;A;2738.0
695386;A;2738.0
695387;A;2738.0
695388;A;2738.0
695389;A;2738.0
695390;A;2738.0
695403;C;2260.0
695404;A;2738.0
695405;A;2738.0
695406;A;2738.0
695407;A;2738.0
695408;A;2738.0
695409;A;2738.0
695410;A;2738.0
695411;A;2738.0
695412;A;2738.0
695413;A;2738.0
695414;C;2260.0
695415;A;2738.0
695416;A;2738.0
695417;A;2738.0
695418;A;2738.0
695419;A;2738.0
695420;A;2738.0
695421;A;2738.0
695422;A;2738.0
695423;A;2738.0
695424;A;2738.0
695425;A;2738.0
695426;A;2738.0
695427;A;2738.0
695428;A;2738.0
695429;A;2738.0
695430;A;2738.0
695431;A;2738.0
695432;A;2738.0
695433;A;2738.0
695434;A;2738.0
695435;A;2738.0
695436;A;2738.0
695437;A;2738.0
695438;A;2738.0
695439;A;2738.0
695440;A;2738.0
695441;A;2738.0
695442;A;2738.0
695443;A;2738.0
695444;C;2260.0
695445;C;2260.0
695446;A;2738.0
695447;A;2738.0
695448;A;2738.0
695449;A;2738.0
695451;B;850.0
695493;;1938.0
695494;;1938.0
695495;A;1805.0
695496;A;1805.0
695498;B;1938.0
695499;A;1805.0
695500;A;1805.0
695501;A;1805.0
695502;A;1805.0
695503;B;1938.0
695504;A;1283.0
695505;C;1338.0
695506;C;1338.0
695507;;1938.0
695508;;1938.0
695509;A;1283.0
695510;A;1283.0
695511;A;1034.0
695512;A;1034.0
695513;A;1034.0
695514;A;1034.0
695515;A;1034.0
695516;A;1034.0
695517;A;1034.0
695518;B;1938.0
695519;A;1805.0
695520;A;1805.0
695521;A;1805.0
695522;B;1818.0
695523;A;1938.0
695524;D;321.0
695525;A;863.0
695526;A;863.0
695527;A;863.0
695528;A;863.0
695529;A;863.0
695530;A;863.0
695531;A;863.0
695532;A;863.0
695533;A;863.0
695534;A;863.0
695535;A;863.0
695536;A;863.0
695537;A;863.0
695538;A;863.0
695539;A;863.0
695540;A;863.0
695541;A;863.0
695542;A;863.0
695543;A;863.0
695544;A;863.0
695545;C;1092.0
695546;C;1092.0
695547;A;1938.0
695548;A;967.0
695549;A;967.0
695550;A;967.0
695551;A;967.0
695552;A;967.0
695553;A;967.0
695554;A;967.0
695555;A;967.0
695556;A;967.0
695557;A;967.0
695558;A;967.0
695559;A;967.0
695560;A;967.0
695561;A;967.0
695562;A;967.0
695563;A;967.0
695564;A;967.0
695565;A;967.0
695566;A;967.0
695567;A;967.0
695568;A;967.0
695569;A;967.0
695570;A;967.0
695571;A;967.0
695572;A;967.0
695573;A;967.0
695574;C;2095.0
695575;C;2095.0
695576;C;2095.0
695577;A;1988.0
695578;A;1988.0
695579;A;1988.0
695580;A;1988.0
695581;A;1988.0
695582;A;1988.0
695583;A;1988.0
695584;A;1988.0
695585;A;1988.0
695586;A;1988.0
695587;A;1988.0
695588;B;2256.0
695589;C;2095.0
695590;B;2256.0
695591;A;1988.0
695592;A;1988.0
695593;A;1988.0
695594;A;1988.0
695595;A;1988.0
695596;A;1988.0
695597;A;1988.0
695598;A;1988.0
695599;A;1988.0
695600;A;1988.0
695601;A;1988.0
695602;A;1988.0
695603;A;1988.0
695604;A;967.0
695605;A;967.0
695606;A;967.0
695607;A;967.0
695608;A;967.0
695609;A;967.0
695610;A;967.0
695611;A;967.0
695612;A;967.0
695613;A;967.0
695614;A;967.0
695615;A;967.0
695616;A;967.0
695617;A;967.0
695618;A;967.0
695619;A;967.0
695620;A;967.0
695621;A;967.0
695622;A;967.0
695623;A;967.0
695624;A;967.0
695625;A;967.0
695626;A;967.0
695627;A;967.0
695628;A;967.0
695629;A;967.0
695630;A;967.0
695631;A;967.0
695632;A;967.0
695633;A;967.0
695634;A;967.0
695635;A;967.0
695636;A;967.0
695637;A;967.0
695638;A;967.0
695639;A;967.0
695640;A;967.0
695641;A;967.0
695642;A;967.0
695643;A;967.0
695644;A;967.0
695645;A;967.0
695646;A;967.0
695647;A;967.0
695648;A;967.0
695649;A;967.0
695650;A;967.0
695651;A;967.0
695652;A;967.0
695653;A;967.0
695654;A;967.0
695655;A;967.0
695656;A;967.0
695657;A;967.0
695658;;850.0
695659;A;967.0
695660;A;967.0
695661;C;2095.0
695662;C;2095.0
695663;A;1988.0
695664;A;1988.0
695665;A;1988.0
695666;A;1988.0
695667;A;1988.0
695668;A;1988.0
695669;A;967.0
695670;A;967.0
695671;A;967.0
695672;A;967.0
695673;A;967.0
695674;A;967.0
695675;A;967.0
695676;A;967.0
695677;A;967.0
695678;A;967.0
695679;A;967.0
695680;A;967.0
695681;A;967.0
695682;A;967.0
695683;A;967.0
695684;A;967.0
695685;A;1283.0
695686;A;1283.0
695687;A;1283.0
695688;A;1283.0
695689;A;1283.0
695690;A;1283.0
695691;A;1283.0
695692;A;1283.0
695693;A;1283.0
695694;A;1283.0
695695;A;1283.0
695696;A;1283.0
695697;A;1283.0
695698;A;1283.0
695699;A;1283.0
695700;A;1283.0
695701;;1300.0
695702;A;1283.0
695703;A;1283.0
695704;A;1283.0
695705;A;1283.0
695706;A;1283.0
695707;A;1283.0
695708;A;1283.0
695709;A;1283.0
695710;A;1283.0
695711;A;1283.0
695712;A;1283.0
695713;A;1283.0
695714;A;1283.0
695715;A;1283.0
695716;A;1283.0
695717;A;1283.0
695718;A;1283.0
695719;A;1283.0
695720;A;1283.0
695721;A;1283.0
695722;A;1283.0
695723;A;1283.0
695724;A;1283.0
695725;C;875.0
695726;;1300.0
695727;A;1283.0
695728;A;1283.0
695729;A;1283.0
695730;A;1283.0
695731;A;1283.0
695732;A;1283.0
695733;A;1283.0
695734;A;1283.0
695735;A;1283.0
695736;A;1283.0
695737;A;1283.0
695738;A;1283.0
695739;A;1283.0
695740;A;1283.0
695741;A;1283.0
695742;A;1283.0
695743;A;1283.0
695744;A;1283.0
695745;A;1283.0
695746;C;875.0
695747;A;1283.0
695748;A;1283.0
695749;A;1283.0
695750;A;1283.0
695751;A;1283.0
695752;A;1283.0
695753;A;1283.0
695754;A;1283.0
695755;A;1283.0
695756;A;1283.0
695757;A;1283.0
695758;A;1283.0
695759;A;1283.0
695760;A;1283.0
695761;A;1283.0
695762;A;1283.0
695763;A;1283.0
695764;A;1283.0
695765;A;1283.0
695766;A;1283.0
695767;A;1283.0
695768;C;875.0
695769;A;1283.0
695770;A;1283.0
695771;A;1283.0
695772;A;1283.0
695773;A;1283.0
695774;A;1283.0
695775;A;1283.0
695776;A;1283.0
695777;A;1283.0
695778;A;1283.0
695779;A;1283.0
695780;A;1283.0
695781;A;1283.0
695782;A;1283.0
695783;A;1283.0
695784;A;1283.0
695785;A;1283.0
695786;A;1283.0
695787;A;1283.0
695788;A;1283.0
695789;A;1283.0
695790;C;875.0
695791;A;1283.0
695792;A;1283.0
695793;A;1283.0
695794;A;1283.0
695795;A;1283.0
695796;A;1283.0
695797;A;1283.0
695798;A;1283.0
695799;A;1283.0
695800;A;1283.0
695801;A;1283.0
695802;A;1283.0
695803;A;1283.0
695804;A;1283.0
695805;A;1283.0
695806;A;1283.0
695807;A;1283.0
695808;A;1283.0
695809;A;1283.0
695810;A;1283.0
695811;A;1283.0
695812;C;875.0
695813;A;1283.0
695814;A;1283.0
695815;A;1283.0
695816;A;1283.0
695817;A;1283.0
695818;A;1283.0
695819;A;1283.0
695820;A;1283.0
695821;A;1283.0
695822;A;1283.0
695823;A;1283.0
695824;A;1283.0
695825;A;1283.0
695826;A;1283.0
695827;A;1283.0
695828;A;1283.0
695829;A;1283.0
695830;A;1283.0
695831;A;1283.0
695832;A;1283.0
695833;A;1283.0
695834;C;875.0
695835;A;1283.0
695836;A;1283.0
695837;A;1283.0
695838;A;1283.0
695839;A;1283.0
695840;A;1283.0
695841;A;1283.0
695842;A;1283.0
695843;A;1283.0
695844;A;1283.0
695845;A;1283.0
695846;A;1283.0
695847;A;1283.0
695848;A;1283.0
695849;A;1283.0
695850;A;1283.0
695851;A;1283.0
695852;A;1283.0
695853;A;1283.0
695854;A;1283.0
695855;A;1283.0
695856;A;1283.0
695857;A;1283.0
695858;A;1283.0
695859;A;1283.0
695860;A;1283.0
695861;A;1283.0
695862;A;1283.0
695863;A;1283.0
695864;A;1283.0
695865;A;1283.0
695866;A;1283.0
695867;A;1283.0
695868;A;1283.0
695869;A;1283.0
695870;A;1283.0
695871;A;1283.0
695872;A;1283.0
695873;A;1283.0
695874;A;1283.0
695875;A;1283.0
695876;A;1283.0
695877;A;1283.0
695878;A;1283.0
695879;A;1283.0
695880;A;1283.0
695881;A;1283.0
695882;A;1283.0
695883;A;1283.0
695884;A;1283.0
695885;A;1283.0
695886;A;1283.0
695887;A;1283.0
695888;A;1283.0
695889;A;1283.0
695890;A;1283.0
695891;A;1283.0
695892;A;967.0
695893;A;967.0
695894;A;967.0
695895;A;967.0
695896;A;967.0
695897;A;967.0
695898;A;967.0
695899;C;2095.0
695900;A;1988.0
695901;A;1988.0
695902;C;2095.0
695903;C;2095.0
695904;B;2256.0
695905;C;2095.0
695906;A;1988.0
695907;A;1988.0
695908;A;1988.0
695909;A;1988.0
695910;A;1988.0
695911;B;2256.0
695912;;2256.0
695913;A;1988.0
695914;A;967.0
695915;B;850.0
695916;A;967.0
695917;B;850.0
695918;A;967.0
695919;B;850.0
695920;A;967.0
695921;B;850.0
695922;A;967.0
695923;A;967.0
695924;A;967.0
695925;A;967.0
695926;D;315.0
695927;A;1988.0
695928;C;2095.0
695929;B;2597.0
695930;C;2260.0
695932;A;2738.0
695934;A;1042.0
695935;C;2260.0
695936;A;2738.0
695937;A;2738.0
695938;A;2738.0
695939;A;2738.0
695940;A;2738.0
695941;A;2738.0
695942;A;2738.0
695943;A;2738.0
695944;A;2738.0
695945;A;2738.0
695946;C;2260.0
695947;A;2738.0
695948;A;2738.0
695949;A;2738.0
695950;A;2738.0
695951;A;2738.0
695952;A;2738.0
695953;A;2738.0
695954;A;2738.0
695955;A;2738.0
695956;A;2738.0
695957;C;2260.0
695958;A;2738.0
695959;A;2738.0
695960;A;2738.0
695961;A;2738.0
695962;A;2738.0
695963;A;2738.0
695964;A;2738.0
695965;A;2738.0
695966;A;2738.0
695967;C;2260.0
695968;C;2260.0
695969;A;2738.0
695970;A;2738.0
695971;A;2738.0
695972;A;2738.0
695973;C;760.0
695974;B;1261.0
695975;A;1426.0
695976;B;1261.0
695977;B;1261.0
695979;;850.0
695980;C;728.0
695981;B;850.0
695982;A;967.0
695983;A;967.0
695984;B;850.0
695985;A;967.0
695986;A;967.0
695987;A;967.0
695988;A;863.0
695989;A;863.0
695990;A;863.0
695991;A;863.0
695992;A;863.0
695993;A;863.0
695994;A;863.0
695995;A;863.0
695996;A;863.0
695997;A;863.0
695998;A;863.0
695999;A;863.0
696000;A;863.0
696001;A;863.0
696002;A;863.0
696003;A;863.0
696004;A;863.0
696005;A;863.0
696006;A;863.0
696007;A;863.0
696008;A;863.0
696009;A;863.0
696010;A;863.0
696011;A;863.0
696012;A;863.0
696013;A;863.0
696014;A;863.0
696015;A;2738.0
696016;A;2738.0
696017;A;2738.0
696018;A;2738.0
696019;A;2738.0
696020;A;2738.0
696021;A;2738.0
696022;A;2738.0
696024;B;2597.0
696025;A;1805.0
696026;;1938.0
696027;;1938.0
696028;A;863.0
696029;A;863.0
696030;A;863.0
696031;A;863.0
696032;A;863.0
696033;A;863.0
696034;A;863.0
696035;A;863.0
696036;A;863.0
696037;A;863.0
696038;A;863.0
696039;A;863.0
696040;A;863.0
696041;A;863.0
696042;A;863.0
696043;A;863.0
696044;A;863.0
696045;A;863.0
696046;A;863.0
696047;A;863.0
696048;A;863.0
696049;A;863.0
696050;A;863.0
696051;A;863.0
696052;A;863.0
696053;A;863.0
696054;A;863.0
696055;A;863.0
696056;A;863.0
696057;B;1938.0
696058;A;1805.0
696059;A;1805.0
696061;B;1938.0
696062;A;1805.0
696063;B;1300.0
696064;A;1283.0
696065;D;321.0
696066;A;1938.0
696067;A;1938.0
696068;A;1938.0
696069;A;1938.0
696070;A;1938.0
696071;A;1938.0
696072;A;1938.0
696073;A;1938.0
696074;A;1938.0
696075;A;1938.0
696076;A;1938.0
696077;A;1938.0
696078;A;1938.0
696079;A;1938.0
696080;A;1938.0
696081;D;1818.0
696082;;1818.0
696083;;1818.0
696084;D;1818.0
696085;;1818.0
696086;;1818.0
696087;D;321.0
696088;D;321.0
696089;C;875.0
696090;B;1300.0
696091;D;321.0
696092;A;1283.0
696093;B;1300.0
696094;B;1300.0
696095;B;1300.0
696097;A;967.0
696098;B;850.0
696099;C;728.0
696100;D;315.0
696101;A;1034.0
696102;A;1034.0
696103;A;1034.0
696104;A;1034.0
696105;A;1034.0
696106;A;1034.0
696107;A;967.0
696108;A;967.0
696109;A;967.0
696110;A;967.0
696111;;850.0
696112;;850.0
696113;;850.0
696116;;850.0
696117;;850.0
696126;;850.0
696128;;850.0
696129;A;967.0
696130;;850.0
696131;;850.0
696132;;850.0
696133;;850.0
696136;A;967.0
696137;D;315.0
696139;A;1034.0
696140;A;1034.0
696141;A;1034.0
696142;A;1034.0
696143;A;1034.0
696144;A;1034.0
696145;A;1034.0
696146;A;1034.0
696147;A;1034.0
696148;;830.0
696149;;830.0
696150;;830.0
696151;A;1034.0
696152;;830.0
696153;;830.0
696154;;830.0
696155;A;1938.0
696156;A;1938.0
696157;A;1938.0
696158;A;1938.0
696159;A;1938.0
696160;A;1938.0
696161;A;1938.0
696162;A;1938.0
696163;A;1938.0
696164;A;1938.0
696165;A;1938.0
696166;A;1938.0
696167;A;1938.0
696168;A;1938.0
696169;A;1034.0
696170;A;1034.0
696171;A;1034.0
696172;A;1034.0
696173;A;1034.0
696174;A;1034.0
696175;A;1034.0
696176;A;1034.0
696177;A;1034.0
696178;A;1034.0
696180;A;967.0
696181;A;967.0
696182;A;967.0
696183;A;967.0
696184;A;967.0
696185;A;967.0
696186;A;967.0
696187;A;967.0
696188;A;967.0
696189;A;967.0
696190;A;967.0
696191;A;967.0
696192;A;967.0
696193;A;967.0
696194;A;967.0
696195;A;967.0
696196;A;967.0
696197;A;967.0
696198;A;967.0
696199;A;967.0
696200;A;967.0
696201;A;967.0
696202;A;967.0
696203;A;967.0
696204;A;967.0
696205;A;967.0
696206;A;967.0
696207;A;967.0
696208;A;967.0
696209;A;967.0
696210;A;967.0
696211;A;967.0
696212;A;967.0
696213;A;967.0
696214;A;967.0
696215;A;967.0
696216;A;967.0
696217;A;967.0
696218;A;967.0
696219;A;967.0
696220;A;967.0
696221;A;967.0
696222;A;967.0
696223;A;967.0
696224;A;967.0
696225;A;967.0
696226;A;967.0
696227;A;967.0
696228;A;967.0
696229;A;967.0
696230;A;967.0
696231;A;967.0
696232;A;967.0
696233;A;967.0
696234;A;967.0
696235;A;967.0
696236;A;967.0
696237;A;967.0
696238;A;967.0
696239;A;967.0
696240;A;1938.0
696241;A;1938.0
696242;B;1818.0
696243;;830.0
696244;;830.0
696245;;830.0
696246;;830.0
696247;;830.0
696248;;830.0
696249;A;1938.0
696250;B;1818.0
696251;;830.0
696252;;830.0
696253;;830.0
696254;;830.0
696255;;830.0
696256;;830.0
696257;D;348.0
696258;;830.0
696259;A;2056.0
696260;A;2056.0
696261;A;2056.0
696262;A;2056.0
696263;A;2056.0
696264;A;2056.0
696265;A;2056.0
696266;A;2056.0
696267;A;2056.0
696268;A;2056.0
696269;A;2056.0
696270;A;2056.0
696271;A;2056.0
696272;A;2056.0
696273;A;2056.0
696276;C;643.0
696277;C;643.0
696278;C;643.0
696279;C;643.0
696280;C;643.0
696281;A;967.0
696282;A;967.0
696283;A;967.0
696284;A;967.0
696285;A;967.0
696286;A;967.0
696287;A;967.0
696288;A;967.0
696289;A;967.0
696290;A;967.0
696291;A;967.0
696292;A;967.0
696293;A;967.0
696294;A;967.0
696295;A;967.0
696296;A;967.0
696297;A;967.0
696298;A;967.0
696299;A;967.0
696300;A;967.0
696301;A;967.0
696302;A;967.0
696303;A;967.0
696304;A;967.0
696305;A;967.0
696306;A;967.0
696307;A;967.0
696308;A;967.0
696309;A;967.0
696310;A;967.0
696311;A;967.0
696312;A;967.0
696313;A;967.0
696314;A;967.0
696315;A;967.0
696316;A;967.0
696317;A;967.0
696318;A;967.0
696319;A;967.0
696320;A;967.0
696321;A;967.0
696322;A;967.0
696323;A;967.0
696324;A;967.0
696325;A;967.0
696326;A;967.0
696327;A;967.0
696328;A;967.0
696329;A;967.0
696330;A;967.0
696331;A;967.0
696332;A;967.0
696333;A;967.0
696334;A;967.0
696335;A;967.0
696336;A;967.0
696337;A;967.0
696338;A;967.0
696339;A;967.0
696340;A;967.0
696341;B;1866.0
696342;A;2056.0
696343;A;2056.0
696344;A;1034.0
696345;A;1034.0
696346;A;1034.0
696347;A;1034.0
696348;A;1034.0
696349;C;643.0
696350;;830.0
696351;;830.0
696352;;830.0
696353;A;1034.0
696355;A;967.0
696356;A;967.0
696357;A;967.0
696358;A;967.0
696359;A;967.0
696360;A;967.0
696361;A;967.0
696362;A;967.0
696363;A;967.0
696364;A;967.0
696365;A;967.0
696366;A;967.0
696367;A;967.0
696368;A;967.0
696369;A;967.0
696370;A;967.0
696371;A;967.0
696372;A;967.0
696373;A;967.0
696374;A;967.0
696375;A;967.0
696376;A;967.0
696377;A;967.0
696378;A;967.0
696379;A;967.0
696380;A;967.0
696381;A;967.0
696382;A;967.0
696383;A;967.0
696384;A;967.0
696385;A;967.0
696386;A;967.0
696387;A;967.0
696388;A;967.0
696389;A;967.0
696390;A;967.0
696391;A;967.0
696392;A;967.0
696393;A;967.0
696394;A;967.0
696395;A;967.0
696396;A;967.0
696397;A;967.0
696398;A;967.0
696399;A;967.0
696400;A;967.0
696401;A;967.0
696402;A;967.0
696403;A;967.0
696404;A;967.0
696405;A;967.0
696406;A;967.0
696407;A;967.0
696408;A;967.0
696409;A;967.0
696410;A;967.0
696411;A;967.0
696412;A;967.0
696413;A;967.0
696414;A;967.0
696415;A;967.0
696416;A;967.0
696417;A;967.0
696418;A;967.0
696419;A;967.0
696420;A;967.0
696421;A;967.0
696422;A;967.0
696423;A;967.0
696424;A;967.0
696425;A;967.0
696426;A;967.0
696427;A;967.0
696428;A;967.0
696429;A;967.0
696430;A;967.0
696431;A;967.0
696432;A;967.0
696433;A;967.0
696434;A;967.0
696436;A;1235.0
696437;;1303.0
696438;;1303.0
696439;A;1805.0
696440;A;863.0
696441;A;863.0
696442;A;863.0
696443;A;863.0
696444;A;863.0
696445;A;863.0
696446;A;863.0
696447;A;863.0
696448;A;863.0
696449;A;863.0
696450;A;863.0
696451;A;863.0
696452;A;863.0
696453;A;863.0
696454;A;863.0
696455;A;863.0
696456;A;863.0
696457;A;863.0
696458;A;863.0
696459;A;863.0
696460;A;863.0
696461;A;863.0
696462;A;863.0
696463;A;863.0
696464;A;2725.0
696465;C;2435.0
696466;C;2435.0
696467;D;2606.0
696468;A;2725.0
696469;A;2725.0
696470;A;2725.0
696471;A;2725.0
696472;A;2725.0
696473;A;2725.0
696474;A;2725.0
696475;A;2725.0
696476;A;2725.0
696477;A;2725.0
696478;A;2725.0
696479;A;2725.0
696480;A;2725.0
696481;A;2725.0
696482;A;2725.0
696483;A;2725.0
696484;A;2725.0
696485;A;2725.0
696486;A;2725.0
696487;A;2725.0
696488;A;2725.0
696489;A;2725.0
696490;A;2725.0
696491;A;2725.0
696492;A;2725.0
696493;A;2725.0
696494;A;2725.0
696495;A;2725.0
696496;A;2725.0
696497;A;2725.0
696498;A;2725.0
696499;A;2725.0
696500;A;2725.0
696501;D;2606.0
696502;A;2725.0
696503;A;2725.0
696504;A;2725.0
696505;A;2725.0
696506;A;2725.0
696507;A;2725.0
696508;A;2725.0
696509;A;2725.0
696510;A;2725.0
696511;A;2725.0
696512;C;2435.0
696513;A;2725.0
696514;A;2725.0
696515;A;2725.0
696516;A;2725.0
696517;A;2725.0
696518;A;2725.0
696519;A;2725.0
696520;A;2725.0
696521;A;2725.0
696522;A;2725.0
696523;C;2435.0
696524;A;2725.0
696525;A;2725.0
696526;A;2725.0
696527;A;2725.0
696528;A;2725.0
696529;A;2725.0
696530;A;2725.0
696531;A;2725.0
696532;A;2725.0
696533;A;2725.0
696534;C;2435.0
696535;A;2725.0
696536;A;2725.0
696537;A;2725.0
696538;A;2725.0
696539;A;2725.0
696540;A;2725.0
696541;A;2725.0
696542;A;2725.0
696543;A;2725.0
696544;A;2725.0
696545;C;2435.0
696546;A;2725.0
696547;A;2725.0
696548;A;2725.0
696549;A;2725.0
696550;A;2725.0
696551;A;2725.0
696552;A;2725.0
696553;B;2606.0
696554;D;2606.0
696555;C;2435.0
696558;D;321.0
696562;D;321.0
696563;A;1235.0
696564;D;321.0
696566;A;967.0
696567;A;967.0
696568;A;967.0
696569;A;967.0
696570;A;967.0
696571;A;967.0
696572;A;967.0
696573;A;967.0
696574;A;967.0
696575;A;967.0
696576;A;967.0
696577;A;967.0
696578;A;967.0
696579;A;967.0
696580;A;967.0
696581;A;967.0
696584;A;967.0
696585;A;1988.0
696586;A;1988.0
696587;A;1988.0
696588;A;1988.0
696589;A;1988.0
696590;A;1988.0
696591;A;1988.0
696592;A;1988.0
696593;A;1988.0
696594;A;1988.0
696595;C;2095.0
696596;A;1988.0
696597;C;2095.0
696598;C;2095.0
696599;A;1988.0
696600;A;1988.0
696601;A;1988.0
696602;A;1988.0
696603;A;1988.0
696604;A;1988.0
696605;A;1988.0
696606;;2256.0
696607;;2256.0
696682;B;1818.0
696683;A;1938.0
696684;B;1818.0
696685;;830.0
696686;;830.0
696687;;830.0
696688;;830.0
696689;B;1818.0
696690;A;1938.0
696693;C;643.0
696695;D;1866.0
696696;D;1866.0
696697;C;1152.0
696698;C;1152.0
696699;C;1152.0
696700;D;1866.0
696701;A;2056.0
696702;A;2056.0
696703;A;2056.0
696704;A;2056.0
696705;A;2056.0
696706;A;2056.0
696707;A;2056.0
696708;B;1303.0
696709;A;1235.0
696710;C;932.0
696711;C;932.0
696713;B;1866.0
696714;B;1866.0
696715;B;1866.0
696716;A;2056.0
696717;A;2056.0
696718;A;2056.0
696719;B;1866.0
696720;B;1866.0
696722;A;1235.0
696723;A;1235.0
696724;A;1235.0
696725;A;1805.0
696726;A;1938.0
696727;B;1938.0
696728;A;1805.0
696729;B;1818.0
696730;A;1805.0
696732;A;1805.0
696733;C;1338.0
696734;C;1338.0
696735;A;1805.0
696736;A;1805.0
696737;A;1805.0
696738;A;1805.0
696739;A;1805.0
696740;A;1805.0
696741;A;1805.0
696742;A;1805.0
696743;A;1805.0
696744;C;1338.0
696745;A;1805.0
696746;A;1805.0
696747;A;1805.0
696748;A;1805.0
696749;A;1805.0
696750;A;1805.0
696751;A;1805.0
696752;A;1805.0
696753;C;1338.0
696755;A;1235.0
696756;;1303.0
696757;;1303.0
696758;;1303.0
696759;;1303.0
696760;;1303.0
696761;;1303.0
696762;;1303.0
696763;;1303.0
696764;;1303.0
696765;;1303.0
696766;A;1235.0
696767;;1303.0
696768;;1303.0
696769;;1303.0
696770;;1303.0
696771;;1303.0
696772;;1303.0
696773;;1303.0
696774;;1303.0
696775;;1303.0
696776;;1303.0
696777;A;1235.0
696778;;1303.0
696779;;1303.0
696780;;1303.0
696781;;1303.0
696782;;1303.0
696783;;1303.0
696784;;1303.0
696785;;1303.0
696786;;1303.0
696787;;1303.0
696788;A;1235.0
696789;;1303.0
696790;;1303.0
696791;;1303.0
696792;;1303.0
696793;;1303.0
696794;;1303.0
696795;;1303.0
696796;;1303.0
696797;;1303.0
696798;;1303.0
696799;A;1235.0
696800;;1303.0
696801;;1303.0
696802;;1303.0
696803;;1303.0
696804;;1303.0
696805;;1303.0
696806;;1303.0
696807;;1303.0
696808;;1303.0
696809;;1303.0
696810;A;1235.0
696811;;1303.0
696812;;1303.0
696813;;1303.0
696814;;1303.0
696815;;1303.0
696816;;1303.0
696817;;1303.0
696818;;1303.0
696819;;1303.0
696820;;1303.0
696821;A;1235.0
696822;;1303.0
696823;;1303.0
696824;;1303.0
696825;;1303.0
696826;;1303.0
696827;;1303.0
696828;;1303.0
696829;;1303.0
696830;;1303.0
696831;;1303.0
696832;A;1235.0
696833;;1303.0
696834;;1303.0
696835;;1303.0
696836;;1303.0
696837;;1303.0
696838;;1303.0
696839;;1303.0
696840;;1303.0
696841;;1303.0
696842;;1303.0
696843;A;1235.0
696844;;1303.0
696845;;1303.0
696846;;1303.0
696847;;1303.0
696848;;1303.0
696849;;1303.0
696850;;1303.0
696851;;1303.0
696852;;1303.0
696853;;1303.0
696854;A;1235.0
696855;;1303.0
696856;;1303.0
696857;;1303.0
696858;;1303.0
696859;;1303.0
696860;;1303.0
696861;A;1235.0
696862;A;1235.0
696863;A;1235.0
696864;A;1235.0
696865;A;1235.0
696866;A;1235.0
696867;A;1235.0
696868;A;1235.0
696869;A;1235.0
696870;A;1235.0
696871;A;1235.0
696872;A;1235.0
696873;A;1235.0
696874;A;1235.0
696875;A;1235.0
696876;A;1235.0
696877;A;1235.0
696878;A;1235.0
696879;A;1235.0
696880;A;1235.0
696881;A;1235.0
696882;A;1235.0
696883;A;1235.0
696884;A;1235.0
696885;A;1235.0
696886;A;1235.0
696887;A;1235.0
696888;A;1235.0
696889;A;1235.0
696890;A;1235.0
696891;A;1235.0
696892;A;1235.0
696893;A;1235.0
696894;A;1235.0
696895;A;1235.0
696896;A;1235.0
696897;A;1235.0
696898;A;1235.0
696899;A;1235.0
696900;A;1235.0
696901;A;1235.0
696902;A;1235.0
696903;A;1235.0
696904;A;1235.0
696905;A;1235.0
696906;A;1235.0
696907;A;1235.0
696908;A;1235.0
696909;A;1235.0
696910;A;1235.0
696911;A;1235.0
696912;A;1235.0
696913;A;1235.0
696914;A;1235.0
696915;A;1235.0
696916;A;1235.0
696917;A;1235.0
696918;A;1235.0
696919;A;1235.0
696920;A;1235.0
696921;A;1235.0
696922;A;1235.0
696923;A;1235.0
696924;A;1235.0
696925;A;1235.0
696926;A;1235.0
696927;A;1235.0
696928;A;1235.0
696929;A;1235.0
696930;A;1235.0
696931;A;1235.0
696932;A;1235.0
696933;A;1235.0
696934;A;1235.0
696935;A;1235.0
696936;A;1235.0
696937;A;1235.0
696938;A;1235.0
696939;A;1235.0
696940;A;1235.0
696941;A;1235.0
696942;A;1235.0
696943;A;1235.0
696944;A;1235.0
696945;A;1235.0
696946;A;1235.0
696947;D;1938.0
696948;B;1938.0
696949;A;1805.0
696950;A;1805.0
696951;A;1805.0
696952;A;1805.0
696953;C;1338.0
696955;C;1338.0
696956;C;1338.0
696957;B;2606.0
696958;A;2725.0
696959;A;2725.0
696960;A;2725.0
696961;A;2725.0
696962;A;2725.0
696963;A;2725.0
696964;A;2725.0
696965;A;2725.0
696966;A;2725.0
696967;A;2725.0
696968;A;2725.0
696969;B;2606.0
696970;A;2725.0
696971;A;2725.0
696972;A;2725.0
696973;A;2725.0
696974;A;2725.0
696975;A;2725.0
696978;C;2435.0
696979;C;2435.0
696980;C;2435.0
696982;A;967.0
696984;A;2725.0
696985;A;2725.0
696986;A;2725.0
696987;A;2725.0
696988;A;2725.0
696989;A;2725.0
696990;A;2725.0
696991;A;2725.0
696992;A;2725.0
696993;A;2725.0
696994;D;2606.0
696995;C;2435.0
696996;C;2435.0
696997;A;2725.0
696998;;2606.0
696999;A;2725.0
697000;A;2725.0
697001;A;2725.0
697002;A;2725.0
697004;C;1530.0
697006;;2166.0
697007;;2166.0
697008;;2166.0
697009;;2166.0
697010;;2166.0
697011;;2166.0
697012;;2166.0
697013;;2166.0
697014;;2166.0
697015;;2166.0
697016;;2166.0
697017;;2166.0
697018;;2166.0
697019;;2166.0
697020;;2166.0
697021;;2166.0
697022;;2166.0
697023;;2166.0
697024;;2166.0
697025;;2166.0
697026;;2166.0
697027;;2166.0
697028;;2166.0
697029;;2166.0
697030;;2166.0
697031;;2166.0
697032;;2166.0
697033;;2166.0
697034;;2166.0
697035;;2166.0
697036;;2166.0
697037;;2166.0
697038;;2166.0
697039;;2166.0
697040;;2166.0
697041;;2166.0
697042;;2166.0
697043;;2166.0
697044;;2166.0
697045;;2166.0
697046;;2166.0
697047;;2166.0
697048;;2166.0
697049;;2166.0
697050;;2166.0
697051;;2166.0
697052;;2166.0
697053;;2166.0
697054;;2166.0
697055;;2166.0
697056;;2166.0
697057;;2166.0
697058;;2166.0
697059;;2166.0
697060;;2166.0
697061;;2166.0
697062;;2166.0
697063;;2166.0
697064;;2166.0
697065;;2166.0
697066;;2166.0
697067;;2166.0
697068;;2166.0
697069;;2166.0
697070;;2166.0
697071;;2166.0
697072;;2166.0
697073;;2166.0
697074;;2166.0
697075;;2166.0
697076;;2166.0
697077;;2166.0
697078;;2166.0
697079;;2166.0
697080;;2166.0
697081;;2166.0
697082;;2166.0
697083;;2166.0
697084;;2166.0
697085;;2166.0
697086;;2166.0
697087;;2166.0
697088;;2166.0
697089;;2166.0
697090;;2166.0
697091;;2166.0
697092;;2166.0
697093;;2166.0
697094;;2166.0
697095;;2166.0
697096;;2166.0
697097;;2166.0
697098;;2166.0
697099;;2166.0
697100;;2166.0
697101;;2166.0
697102;;2166.0
697103;;2166.0
697104;;2166.0
697105;;2166.0
697106;;2166.0
697107;;2166.0
697108;;2166.0
697109;;2166.0
697110;;2166.0
697111;;2166.0
697112;;2166.0
697113;;2166.0
697114;;2166.0
697115;;2166.0
697116;;2166.0
697117;;2166.0
697118;;2166.0
697119;;2166.0
697120;;2166.0
697121;;2166.0
697122;;2166.0
697123;;2166.0
697124;;2166.0
697125;;2166.0
697126;;2166.0
697127;;2166.0
697128;;2166.0
697129;;2166.0
697130;;2166.0
697131;;2166.0
697132;;2166.0
697133;;2166.0
697134;;2166.0
697135;;2166.0
697136;;2166.0
697137;;2166.0
697138;;2166.0
697139;;2166.0
697140;;2166.0
697141;;2166.0
697142;;2166.0
697143;;2166.0
697144;;2166.0
697145;;2166.0
697146;;2166.0
697147;;2166.0
697148;;2166.0
697149;;2166.0
697150;;2166.0
697151;;2166.0
697152;;2166.0
697153;;2166.0
697154;;2166.0
697155;;2166.0
697156;;2166.0
697157;;2166.0
697158;;2166.0
697159;;2166.0
697160;;2166.0
697161;;2166.0
697162;;2166.0
697163;;2166.0
697164;;2166.0
697165;;2166.0
697166;;2166.0
697167;;2166.0
697168;;2166.0
697169;;2166.0
697170;;2166.0
697171;;2166.0
697172;;2166.0
697173;;2166.0
697174;;2166.0
697175;;2166.0
697176;;2166.0
697177;C;1936.0
697178;;2166.0
697179;;2166.0
697180;;2166.0
697181;;2166.0
697182;;2166.0
697183;;2166.0
697184;;2166.0
697185;;2166.0
697186;;2166.0
697187;;2166.0
697188;;2166.0
697189;;2166.0
697190;;2166.0
697191;;2166.0
697192;;2166.0
697193;;2166.0
697194;;2166.0
697195;;2166.0
697196;;2166.0
697197;;2166.0
697198;;2166.0
697199;;2166.0
697200;;2166.0
697201;;2166.0
697202;;2166.0
697203;;2166.0
697204;;2166.0
697205;;2166.0
697206;;2166.0
697207;;2166.0
697208;;2166.0
697209;;2166.0
697210;;2166.0
697211;;2166.0
697212;;2166.0
697213;;2166.0
697214;;2166.0
697215;;2166.0
697216;;2166.0
697217;;2166.0
697218;;2166.0
697219;;2166.0
697220;;2166.0
697221;;2166.0
697222;;2166.0
697223;;2166.0
697224;;2166.0
697225;;2166.0
697226;;2166.0
697227;;2166.0
697228;;2166.0
697229;;2166.0
697230;;2166.0
697231;;2166.0
697232;;2166.0
697233;;2166.0
697234;;2166.0
697235;;2166.0
697236;;2166.0
697237;;2166.0
697238;;2166.0
697239;;2166.0
697240;;2166.0
697241;;2166.0
697242;;2166.0
697243;;2166.0
697244;;2166.0
697245;;2166.0
697246;;2166.0
697247;;2166.0
697248;;2166.0
697249;;2166.0
697250;;2166.0
697251;;2166.0
697252;;2166.0
697253;;2166.0
697254;;2166.0
697255;;2166.0
697256;;2166.0
697257;;2166.0
697258;;2166.0
697259;;2166.0
697260;;2166.0
697261;;2166.0
697262;;2166.0
697263;;2166.0
697264;;2166.0
697265;;2166.0
697266;;2166.0
697267;;2166.0
697268;;2166.0
697269;;2166.0
697270;;2166.0
697271;;2166.0
697272;;2166.0
697273;;2166.0
697274;;2166.0
697275;;2166.0
697276;;2166.0
697277;;2166.0
697278;;2166.0
697279;;2166.0
697280;;2166.0
697281;;2166.0
697282;;2166.0
697283;;2166.0
697284;;2166.0
697285;;2166.0
697286;;2166.0
697287;;2166.0
697288;;2166.0
697289;;2166.0
697290;;2166.0
697291;;2166.0
697292;;2166.0
697293;;2166.0
697294;;2166.0
697295;;2166.0
697296;;2166.0
697297;;2166.0
697298;;2166.0
697299;;2166.0
697300;;2166.0
697301;;2166.0
697302;;2166.0
697303;;2166.0
697304;;2166.0
697305;;2166.0
697306;;2166.0
697307;;2166.0
697308;;2166.0
697309;;2166.0
697310;;2166.0
697311;;2166.0
697312;;2166.0
697313;;2166.0
697314;;2166.0
697315;;2166.0
697316;;2166.0
697317;;2166.0
697318;;2166.0
697319;;2166.0
697320;;2166.0
697321;;2166.0
697322;;2166.0
697323;;2166.0
697324;;2166.0
697325;;2166.0
697326;;2166.0
697327;;2166.0
697328;;2166.0
697329;;2166.0
697330;;2166.0
697331;;2166.0
697332;;2166.0
697333;;2166.0
697334;;2166.0
697335;;2166.0
697336;;2166.0
697337;;2166.0
697338;;2166.0
697339;;2166.0
697340;;2166.0
697341;;2166.0
697342;;2166.0
697343;;2166.0
697383;C;1936.0
697384;;2166.0
697385;C;1936.0
697386;A;1948.0
697387;B;1776.0
697388;C;1298.0
697389;A;1384.0
697390;C;1298.0
697391;C;1298.0
697392;C;1298.0
697393;;1540.0
697394;C;1298.0
697395;A;1384.0
697396;A;1384.0
697397;B;1776.0
697398;A;1948.0
697399;B;2379.0
697400;A;2875.0
697401;A;1800.0
697402;A;1800.0
697406;C;828.0
697407;C;828.0
697408;A;1497.0
697409;A;1497.0
697412;A;1497.0
697413;C;828.0
697415;A;1497.0
697416;;1547.0
697417;A;1717.0
697418;C;1188.0
697423;B;1768.0
697424;B;1768.0
697425;A;1717.0
697426;B;1768.0
697427;A;1717.0
697428;B;1768.0
697429;A;1717.0
697430;B;1303.0
697431;A;1235.0
697432;A;1242.0
697433;A;1242.0
697434;B;1303.0
697435;A;1235.0
697436;A;1235.0
697437;A;1235.0
697438;A;1235.0
697439;A;1235.0
697440;A;1235.0
697441;A;1235.0
697442;A;1235.0
697443;A;1235.0
697444;A;1235.0
697445;A;1235.0
697446;A;1235.0
697447;A;1235.0
697448;A;1235.0
697449;A;1235.0
697450;A;1235.0
697451;A;1235.0
697452;A;1235.0
697453;A;1235.0
697454;A;1235.0
697455;A;1235.0
697456;A;1235.0
697457;A;1235.0
697458;A;1235.0
697459;A;1235.0
697460;A;1235.0
697461;A;1235.0
697462;A;1235.0
697463;A;1235.0
697464;A;1235.0
697465;A;1235.0
697466;A;1235.0
697467;A;1235.0
697468;A;1235.0
697469;A;1235.0
697470;A;1235.0
697471;A;1235.0
697472;A;1235.0
697473;A;1235.0
697474;A;1235.0
697475;A;1235.0
697476;C;932.0
697477;A;1235.0
697478;C;932.0
697479;A;1235.0
697480;A;1235.0
697481;A;1235.0
697482;A;1235.0
697483;A;1235.0
697484;A;1235.0
697485;A;1235.0
697486;A;1235.0
697487;A;1235.0
697488;A;1235.0
697489;A;1235.0
697490;A;1235.0
697491;A;1235.0
697492;A;1235.0
697493;A;1235.0
697494;A;1235.0
697495;A;1235.0
697496;A;1235.0
697497;A;1235.0
697498;A;1235.0
697499;A;1235.0
697500;A;1235.0
697501;A;1235.0
697502;A;1235.0
697503;A;1235.0
697504;A;1235.0
697505;A;1235.0
697506;A;1235.0
697507;A;1235.0
697508;A;1235.0
697509;C;932.0
697510;A;1235.0
697511;A;1235.0
697512;A;1235.0
697513;A;1235.0
697514;A;1235.0
697515;A;1235.0
697516;A;1235.0
697517;A;1235.0
697518;A;1235.0
697519;A;1235.0
697520;A;1235.0
697521;A;1235.0
697522;A;1235.0
697523;C;932.0
697524;C;932.0
697525;A;1235.0
697526;A;1235.0
697527;A;1235.0
697528;A;1235.0
697529;A;1235.0
697530;A;1235.0
697531;A;1235.0
697532;A;1235.0
697533;A;1235.0
697534;A;1235.0
697535;A;1235.0
697536;A;1235.0
697537;C;932.0
697538;C;932.0
697539;C;932.0
697540;A;1235.0
697541;A;1235.0
697542;A;1235.0
697543;A;1235.0
697544;A;1235.0
697545;A;1235.0
697546;A;1235.0
697547;A;1235.0
697548;A;1235.0
697549;A;1235.0
697550;A;1235.0
697551;A;1235.0
697552;A;1235.0
697553;C;932.0
697554;A;1235.0
697555;A;1235.0
697556;A;1235.0
697557;A;1235.0
697558;A;1235.0
697559;A;1235.0
697560;A;1235.0
697561;A;1235.0
697562;A;1235.0
697563;A;1235.0
697564;A;1235.0
697565;A;1235.0
697566;A;1235.0
697567;A;1235.0
697568;A;1235.0
697569;A;1235.0
697570;;1303.0
697571;;1303.0
697572;;1303.0
697573;;1303.0
697574;;1303.0
697575;;1303.0
697576;;1303.0
697577;;1303.0
697578;;1303.0
697579;;1303.0
697580;;1303.0
697581;;1303.0
697582;;1303.0
697583;;1303.0
697584;;1303.0
697585;;1303.0
697586;;1303.0
697587;;1303.0
697588;;1303.0
697589;;1303.0
697590;;1303.0
697591;A;1235.0
697592;;1303.0
697593;;1303.0
697594;;1303.0
697595;;1303.0
697596;;1303.0
697597;;1303.0
697598;;1303.0
697599;;1303.0
697600;;1303.0
697601;;1303.0
697602;C;932.0
697603;;1303.0
697604;;1303.0
697605;;1303.0
697606;;1303.0
697607;;1303.0
697608;;1303.0
697609;;1303.0
697610;;1303.0
697611;;1303.0
697612;;1303.0
697613;C;932.0
697614;A;1235.0
697615;;1303.0
697616;;1303.0
697617;;1303.0
697618;;1303.0
697619;;1303.0
697620;;1303.0
697621;;1303.0
697622;;1303.0
697623;;1303.0
697624;;1303.0
697625;A;1235.0
697626;;1303.0
697627;;1303.0
697628;;1303.0
697629;;1303.0
697630;;1303.0
697631;;1303.0
697632;;1303.0
697633;;1303.0
697634;;1303.0
697635;;1303.0
697636;A;1235.0
697637;;1303.0
697638;;1303.0
697639;;1303.0
697640;;1303.0
697641;;1303.0
697642;;1303.0
697643;;1303.0
697644;;1303.0
697645;;1303.0
697646;;1303.0
697647;A;1235.0
697648;;1303.0
697649;;1303.0
697650;;1303.0
697651;;1303.0
697652;;1303.0
697653;;1303.0
697654;;1303.0
697655;;1303.0
697656;;1303.0
697657;;1303.0
697658;A;1235.0
697659;;1303.0
697660;;1303.0
697661;;1303.0
697662;;1303.0
697663;;1303.0
697664;;1303.0
697665;;1303.0
697666;;1303.0
697667;;1303.0
697668;;1303.0
697669;A;1235.0
697670;;1303.0
697671;;1303.0
697672;;1303.0
697673;;1303.0
697674;;1303.0
697675;;1303.0
697676;;1303.0
697677;;1303.0
697678;;1303.0
697679;;1303.0
697680;A;1235.0
697681;;1303.0
697682;;1303.0
697683;;1303.0
697684;;1303.0
697685;;1303.0
697686;;1303.0
697687;;1303.0
697688;;1303.0
697689;;1303.0
697690;;1303.0
697691;A;1235.0
697692;;1303.0
697693;;1303.0
697694;;1303.0
697695;;1303.0
697696;;1303.0
697697;;1303.0
697698;;1303.0
697699;;1303.0
697700;;1303.0
697701;;1303.0
697702;A;1235.0
697703;;1303.0
697704;;1303.0
697705;;1303.0
697706;;1303.0
697707;;1303.0
697708;;1303.0
697709;;1303.0
697710;;1303.0
697711;;1303.0
697712;;1303.0
697713;A;1235.0
697714;;1303.0
697715;;1303.0
697716;;1303.0
697717;;1303.0
697718;;1303.0
697719;;1303.0
697720;;1303.0
697721;;1303.0
697722;;1303.0
697723;;1303.0
697724;A;1235.0
697725;A;1235.0
697726;;1303.0
697727;;1303.0
697728;;1303.0
697729;;1303.0
697730;;1303.0
697731;;1303.0
697732;;1303.0
697733;;1303.0
697734;;1303.0
697735;;1303.0
697736;A;1235.0
697737;;1303.0
697738;;1303.0
697739;;1303.0
697740;;1303.0
697741;;1303.0
697742;;1303.0
697743;;1303.0
697744;;1303.0
697745;;1303.0
697746;;1303.0
697747;A;1235.0
697748;;1303.0
697749;;1303.0
697750;;1303.0
697751;;1303.0
697752;;1303.0
697753;;1303.0
697754;;1303.0
697755;;1303.0
697756;;1303.0
697757;;1303.0
697758;A;1235.0
697759;;1303.0
697760;;1303.0
697761;;1303.0
697762;;1303.0
697763;;1303.0
697764;;1303.0
697765;C;932.0
697766;A;1235.0
697767;A;1235.0
697768;A;1235.0
697769;A;1235.0
697770;A;1235.0
697771;A;1235.0
697772;A;1235.0
697773;A;1235.0
697774;A;1235.0
697775;A;1235.0
697776;A;1235.0
697777;A;1235.0
697778;A;1235.0
697779;A;1235.0
697780;A;1235.0
697781;A;1235.0
697782;A;1235.0
697783;A;1235.0
697784;A;1235.0
697785;A;1235.0
697786;A;1235.0
697787;A;1235.0
697788;A;1235.0
697789;A;1235.0
697790;A;1235.0
697791;A;1235.0
697792;A;1235.0
697793;A;1235.0
697794;A;1235.0
697795;A;1235.0
697796;C;932.0
697797;B;1303.0
697798;A;1235.0
697799;C;932.0
697800;A;1235.0
697801;A;1235.0
697802;A;1235.0
697803;A;1235.0
697804;A;1235.0
697805;A;1235.0
697806;A;1235.0
697807;A;1235.0
697808;A;1235.0
697809;A;1235.0
697810;A;1235.0
697811;A;1235.0
697812;A;1235.0
697813;A;1235.0
697814;A;1235.0
697815;A;1235.0
697816;A;1235.0
697817;A;1235.0
697818;A;1235.0
697819;A;1235.0
697820;A;1235.0
697821;A;1235.0
697822;;1303.0
697823;A;1235.0
697824;A;1235.0
697825;A;1235.0
697826;A;1235.0
697827;A;1235.0
697828;A;1235.0
697829;A;1235.0
697830;A;1235.0
697831;C;932.0
697832;A;1235.0
697833;A;1235.0
697834;A;1235.0
697835;A;1235.0
697836;A;1235.0
697857;B;1485.0
697858;A;1333.0
697859;A;1333.0
697861;B;1485.0
697862;C;1227.0
697863;B;1547.0
697864;A;1497.0
697865;B;1547.0
697866;A;1497.0
697868;A;1333.0
697869;B;1485.0
697870;A;1333.0
697871;A;1333.0
697872;A;1333.0
697873;A;1333.0
697874;A;1333.0
697875;A;1333.0
697876;;830.0
697877;A;1034.0
697878;B;830.0
697879;B;830.0
697880;D;348.0
697881;B;830.0
697882;B;830.0
697883;B;830.0
697884;A;1034.0
697885;D;348.0
697888;B;1303.0
697889;A;1235.0
697890;B;1303.0
697891;A;1235.0
697892;B;1303.0
697893;A;1235.0
697894;A;1235.0
697896;A;1034.0
697898;B;1303.0
697899;A;1235.0
697900;;1303.0
697901;B;1303.0
697902;A;1235.0
697903;A;1235.0
697904;B;830.0
697905;A;1034.0
697909;A;1034.0
697910;A;1034.0
697911;A;1034.0
697912;A;1034.0
697913;A;1034.0
697914;A;1034.0
697915;B;830.0
697916;;830.0
697917;B;830.0
697918;A;1034.0
697920;D;348.0
697921;A;1034.0
697922;D;348.0
697923;B;830.0
697924;A;1034.0
697925;B;830.0
697926;D;348.0
697927;A;1034.0
697928;B;830.0
697929;A;1034.0
697932;D;348.0
697933;A;1034.0
697937;D;348.0
697940;C;643.0
697941;C;643.0
697942;C;643.0
697943;C;643.0
697944;C;643.0
697945;C;643.0
697946;C;643.0
697947;C;643.0
697948;B;830.0
697949;A;1034.0
697950;B;830.0
697951;A;1034.0
697952;B;830.0
697953;A;1034.0
697954;B;830.0
697956;A;1034.0
697966;;2296.0
697967;D;348.0
697970;A;1034.0
697971;A;1034.0
697972;;830.0
697973;;830.0
697974;;830.0
697975;A;1034.0
697976;A;1034.0
697977;A;1497.0
697978;;1547.0
697979;C;828.0
697980;A;1497.0
697981;B;1547.0
697982;B;2050.0
697984;A;1034.0
697985;A;1034.0
697986;A;1034.0
697987;A;1034.0
697988;A;1034.0
697989;A;1034.0
697990;;830.0
697991;;830.0
697992;;830.0
697993;;830.0
697994;D;348.0
697996;A;1384.0
697997;B;1540.0
697998;A;1384.0
697999;B;830.0
698000;A;1034.0
698001;A;1034.0
698002;A;1034.0
698003;B;1540.0
698004;A;1384.0
698005;A;1833.0
698006;A;1833.0
698007;B;830.0
698008;A;1034.0
698009;B;1781.0
698011;A;1034.0
698012;A;1034.0
698013;;830.0
698015;A;1870.0
698016;A;1870.0
698017;B;1801.0
698018;D;348.0
698019;A;1034.0
698020;C;643.0
698021;C;1431.0
698022;C;1431.0
698023;B;830.0
698024;B;830.0
698025;A;1034.0
698026;A;1034.0
698027;A;1034.0
698028;A;1034.0
698029;A;1034.0
698030;A;1034.0
698031;A;1034.0
698032;A;1034.0
698033;A;1034.0
698034;A;1034.0
698035;A;1034.0
698036;A;1034.0
698037;A;1034.0
698038;A;1034.0
698039;A;1034.0
698040;A;1034.0
698041;A;1034.0
698042;A;1034.0
698043;A;1034.0
698044;A;1034.0
698045;A;1034.0
698046;A;1034.0
698047;A;1034.0
698048;A;1034.0
698049;A;1034.0
698050;A;1034.0
698051;A;1034.0
698052;A;1034.0
698053;A;1034.0
698054;A;1034.0
698055;A;1034.0
698056;A;1034.0
698057;A;1034.0
698058;A;1034.0
698059;A;1034.0
698060;A;1034.0
698061;A;1034.0
698062;A;1034.0
698063;A;1034.0
698064;A;1034.0
698065;A;1034.0
698066;A;1034.0
698067;A;1034.0
698068;A;1034.0
698069;A;1034.0
698070;A;1034.0
698071;A;1034.0
698072;A;1034.0
698073;A;1034.0
698074;A;1034.0
698075;A;1034.0
698076;A;1034.0
698077;A;1034.0
698078;A;1034.0
698079;A;1034.0
698080;A;1034.0
698081;A;1034.0
698082;A;1034.0
698083;A;1034.0
698084;A;1034.0
698085;A;1034.0
698086;A;1034.0
698087;A;1034.0
698088;A;1034.0
698089;A;1034.0
698090;A;1034.0
698091;A;1034.0
698092;A;1034.0
698093;A;1034.0
698094;A;1034.0
698095;A;1034.0
698096;A;1034.0
698097;A;1034.0
698098;A;1034.0
698099;A;1034.0
698100;A;1034.0
698101;A;1034.0
698102;A;1034.0
698103;A;1034.0
698104;A;1034.0
698105;C;1647.0
698106;;2296.0
698107;A;2950.0
698108;D;2296.0
698110;A;1034.0
698111;A;1034.0
698112;A;1034.0
698113;A;1034.0
698114;A;1034.0
698115;A;1034.0
698116;A;1034.0
698117;A;1034.0
698118;A;1034.0
698119;A;1034.0
698120;A;1034.0
698121;A;1034.0
698122;C;788.0
698124;A;1426.0
698129;A;1988.0
698130;A;1988.0
698131;A;1988.0
698132;A;1988.0
698133;A;1988.0
698134;A;1988.0
698135;A;1988.0
698136;A;1988.0
698137;A;1988.0
698138;A;1988.0
698139;A;1988.0
698140;A;1988.0
698141;A;1988.0
698142;;2256.0
698143;;2256.0
698144;;2256.0
698145;A;1988.0
698146;A;1988.0
698147;A;1988.0
698148;B;1259.0
698149;B;1259.0
698150;A;1235.0
698151;A;1235.0
698152;A;1235.0
698153;A;1235.0
698154;A;1235.0
698155;A;1235.0
698156;A;1235.0
698157;A;1235.0
698158;A;1235.0
698159;A;1235.0
698160;A;1235.0
698161;A;1235.0
698162;A;1235.0
698163;A;1235.0
698164;A;1235.0
698165;A;1235.0
698166;A;1235.0
698167;A;1235.0
698168;;1303.0
698169;A;1235.0
698170;A;1235.0
698171;;1303.0
698172;A;1235.0
698173;A;1235.0
698174;A;1235.0
698175;;1303.0
698176;A;1235.0
698177;A;1235.0
698178;A;1235.0
698179;A;1235.0
698180;A;1235.0
698181;;1303.0
698182;A;1235.0
698183;A;1235.0
698184;;1303.0
698185;;1303.0
698186;A;1235.0
698187;A;1235.0
698188;A;1235.0
698189;A;1235.0
698190;;1303.0
698191;A;1235.0
698192;;1303.0
698193;;1303.0
698194;A;1235.0
698195;;1303.0
698196;;1303.0
698197;;1303.0
698198;;1303.0
698199;;1303.0
698200;;1303.0
698201;;1303.0
698202;;1303.0
698203;;1303.0
698204;;1303.0
698205;;1303.0
698206;;1303.0
698207;;1303.0
698208;;1303.0
698209;;1303.0
698210;;1303.0
698211;;1303.0
698212;;1303.0
698213;;1303.0
698214;;1303.0
698215;;1303.0
698216;;1303.0
698217;;1303.0
698218;;1303.0
698219;;1303.0
698220;;1303.0
698221;;1303.0
698222;;1303.0
698223;A;1242.0
698225;B;1259.0
698226;A;1242.0
698228;B;1303.0
698229;A;1333.0
698230;B;1485.0
698248;A;1497.0
698251;B;1547.0
698252;A;1497.0
698253;B;1547.0
698254;A;1497.0
698255;A;1497.0
698256;A;1497.0
698257;B;1547.0
698258;B;1547.0
698259;C;828.0
698260;A;1497.0
698261;A;1497.0
698262;A;1497.0
698263;A;1497.0
698264;A;1497.0
698265;;1547.0
698266;;1547.0
698267;;1547.0
698268;;1547.0
698269;;1547.0
698270;;1547.0
698271;;1547.0
698272;;1547.0
698273;;1547.0
698274;;1547.0
698275;;1547.0
698276;;1547.0
698277;;1547.0
698278;;1547.0
698279;;1547.0
698280;;1547.0
698281;;1547.0
698282;;1547.0
698283;;1547.0
698284;;1547.0
698285;;1547.0
698286;;1547.0
698287;;1547.0
698288;;1547.0
698289;A;1497.0
698290;;1547.0
698291;;1547.0
698292;;1547.0
698293;;1547.0
698294;;1547.0
698295;;1547.0
698296;;1547.0
698297;;1547.0
698298;;1547.0
698299;;1547.0
698300;A;1497.0
698301;;1547.0
698302;;1547.0
698303;;1547.0
698304;;1547.0
698305;;1547.0
698306;;1547.0
698307;;1547.0
698308;;1547.0
698309;;1547.0
698310;;1547.0
698311;A;1497.0
698312;;1547.0
698313;;1547.0
698314;;1547.0
698315;;1547.0
698316;;1547.0
698317;;1547.0
698318;;1547.0
698319;;1547.0
698320;;1547.0
698321;;1547.0
698322;A;1497.0
698323;;1547.0
698324;;1547.0
698325;;1547.0
698326;;1547.0
698327;;1547.0
698328;;1547.0
698329;A;1497.0
698330;;1547.0
698331;;1547.0
698332;;1547.0
698333;;1547.0
698334;;1547.0
698335;;1547.0
698336;;1547.0
698337;;1547.0
698338;;1547.0
698339;;1547.0
698340;;1547.0
698341;;1547.0
698342;;1547.0
698343;;1547.0
698344;;1547.0
698345;;1547.0
698346;;1547.0
698347;;1547.0
698348;;1547.0
698349;;1547.0
698350;A;1497.0
698351;;1547.0
698352;;1547.0
698353;;1547.0
698354;;1547.0
698355;;1547.0
698356;;1547.0
698357;;1547.0
698358;;1547.0
698359;;1547.0
698360;A;1497.0
698361;A;1497.0
698362;A;1497.0
698363;A;1497.0
698364;;1547.0
698365;;1547.0
698366;;1547.0
698367;;1547.0
698368;;1547.0
698369;;1547.0
698370;;1547.0
698371;;1547.0
698372;A;1497.0
698373;A;1497.0
698374;A;1497.0
698375;A;1497.0
698376;A;1497.0
698377;A;1497.0
698379;A;1497.0
698380;A;1497.0
698381;A;1497.0
698382;A;1497.0
698383;A;1497.0
698384;A;1497.0
698385;A;1497.0
698386;A;1497.0
698387;A;1497.0
698388;A;1497.0
698389;A;1497.0
698390;A;1497.0
698391;A;1497.0
698392;A;1497.0
698393;A;1497.0
698394;A;1497.0
698395;A;1497.0
698396;A;1497.0
698397;A;1497.0
698398;A;1497.0
698399;A;1497.0
698400;A;1497.0
698401;A;1497.0
698402;A;1497.0
698403;A;1497.0
698404;A;1497.0
698405;A;1497.0
698406;A;1497.0
698407;A;1497.0
698408;A;1497.0
698409;A;1497.0
698410;A;1497.0
698411;A;1497.0
698412;A;1497.0
698413;A;1497.0
698414;A;1497.0
698415;A;1497.0
698416;A;1497.0
698417;A;1497.0
698418;A;1497.0
698419;A;1497.0
698420;A;1497.0
698421;A;1497.0
698422;A;1497.0
698423;A;1497.0
698424;A;1497.0
698425;A;1497.0
698426;A;2950.0
698427;A;2950.0
698428;A;2106.0
698430;A;2106.0
698435;A;2106.0
698436;A;2106.0
698437;A;2106.0
698438;B;2050.0
698440;B;830.0
698441;A;1034.0
698443;;2037.0
698444;;2037.0
698446;A;2517.0
698447;A;2106.0
698449;A;2517.0
698450;A;2517.0
698451;A;2517.0
698452;A;2517.0
698453;A;2517.0
698454;A;2517.0
698455;A;2517.0
698456;A;2517.0
698457;A;2517.0
698458;A;2517.0
698459;A;2517.0
698461;A;1833.0
698462;A;1833.0
698463;A;1833.0
698464;A;1833.0
698465;A;1833.0
698466;A;1833.0
698467;A;1833.0
698468;A;1833.0
698469;A;1833.0
698470;A;1833.0
698471;A;1833.0
698472;A;1833.0
698473;A;1833.0
698474;A;1833.0
698475;A;1833.0
698476;A;1833.0
698477;A;1833.0
698478;A;1833.0
698479;A;1833.0
698480;A;1833.0
698481;A;1833.0
698482;A;1833.0
698483;A;1833.0
698484;A;1833.0
698485;A;1833.0
698486;A;1833.0
698487;A;1833.0
698488;A;1833.0
698489;A;1833.0
698490;A;1833.0
698491;A;1833.0
698492;A;1833.0
698493;A;1833.0
698494;A;1833.0
698495;A;1833.0
698496;A;1833.0
698497;A;1833.0
698498;A;1833.0
698499;A;1833.0
698500;A;1833.0
698501;A;1833.0
698502;A;1833.0
698503;A;1833.0
698504;A;1833.0
698505;A;1833.0
698506;A;1833.0
698507;A;1833.0
698508;A;1833.0
698509;A;1833.0
698510;A;1833.0
698511;A;1833.0
698513;A;1034.0
698514;A;1034.0
698515;E;830.0
698516;B;2606.0
698517;A;1034.0
698518;A;1034.0
698519;A;1034.0
698520;A;1034.0
698521;A;1034.0
698522;A;1034.0
698523;A;1034.0
698524;A;1034.0
698525;A;1034.0
698526;A;1034.0
698527;A;1034.0
698528;A;1034.0
698529;A;1034.0
698530;A;1034.0
698531;A;1034.0
698532;A;1034.0
698533;A;1034.0
698534;A;1034.0
698535;A;1034.0
698536;A;1034.0
698537;A;1034.0
698538;A;1034.0
698539;A;1034.0
698540;A;1034.0
698541;A;1034.0
698542;A;1034.0
698543;A;1034.0
698544;A;1034.0
698545;A;1034.0
698546;A;1034.0
698547;A;1034.0
698548;A;1034.0
698549;A;1034.0
698550;A;1034.0
698551;A;1034.0
698552;A;1034.0
698553;A;1034.0
698554;A;1034.0
698555;A;1034.0
698556;A;1034.0
698557;A;1034.0
698558;A;1034.0
698559;A;1034.0
698560;A;1034.0
698561;A;1034.0
698562;A;1034.0
698563;A;1034.0
698564;A;1034.0
698565;A;1034.0
698566;A;1034.0
698567;A;1034.0
698568;A;1034.0
698569;A;1034.0
698570;A;1034.0
698571;A;1034.0
698572;A;1034.0
698573;A;1034.0
698574;A;1034.0
698575;A;1034.0
698576;A;1034.0
698577;A;1034.0
698578;A;1034.0
698579;A;1034.0
698580;A;1034.0
698581;A;1034.0
698582;A;1034.0
698583;A;1034.0
698584;A;1034.0
698585;A;1034.0
698586;A;1034.0
698587;A;1034.0
698588;A;1034.0
698589;A;1034.0
698590;A;1034.0
698591;A;1034.0
698592;A;1034.0
698593;A;1034.0
698594;A;1034.0
698595;A;1034.0
698596;A;1034.0
698597;A;1948.0
698598;A;1948.0
698599;A;1948.0
698600;A;1948.0
698601;A;1948.0
698602;A;1948.0
698603;A;1948.0
698604;A;1948.0
698605;A;1948.0
698606;A;1948.0
698607;A;1948.0
698608;A;1948.0
698609;A;1948.0
698610;A;1948.0
698611;A;1948.0
698612;A;1948.0
698613;A;1948.0
698614;A;1948.0
698615;A;1948.0
698616;A;1948.0
698617;A;1948.0
698618;;1776.0
698619;;1776.0
698620;;1776.0
698621;;1776.0
698622;E;1776.0
698623;C;1530.0
698624;C;1530.0
698625;C;1530.0
698626;C;1530.0
698627;C;1530.0
698628;C;1530.0
698630;D;1776.0
698631;D;1776.0
698632;C;1530.0
698633;C;1530.0
698634;A;1948.0
698635;A;1948.0
698636;B;1776.0
698638;A;2725.0
698639;A;2725.0
698640;A;2725.0
698641;B;1776.0
698642;C;2435.0
698643;C;2435.0
698644;C;2435.0
698645;C;2435.0
698646;C;2435.0
698648;C;2435.0
698649;;2606.0
698650;C;2435.0
698651;C;1530.0
698652;C;2435.0
698653;C;2435.0
698654;C;2435.0
698655;C;2435.0
698656;C;2435.0
698657;C;2435.0
698658;C;2435.0
698660;C;2435.0
698662;B;830.0
698663;A;1034.0
698666;B;2296.0
698667;B;2296.0
698668;A;2950.0
698669;B;2296.0
698670;B;2296.0
698671;D;2296.0
698672;D;2296.0
698673;A;2950.0
698674;A;2950.0
698675;A;2950.0
698678;A;2950.0
698679;A;2950.0
698680;A;2950.0
698681;A;2950.0
698682;A;2950.0
698683;B;2296.0
698684;A;2950.0
698685;B;2296.0
698686;A;2950.0
698687;A;2950.0
698688;B;1866.0
698689;A;2056.0
698693;B;1866.0
698695;B;1261.0
698698;A;1426.0
698699;C;788.0
698700;A;1426.0
698701;C;788.0
698702;A;1426.0
698703;C;788.0
698705;A;1034.0
698706;A;1034.0
698707;A;1034.0
698708;A;1034.0
698709;A;1034.0
698710;A;1034.0
698711;A;1034.0
698712;A;1034.0
698713;A;1034.0
698714;A;1034.0
698715;A;1034.0
698716;A;1034.0
698717;A;1034.0
698718;A;1034.0
698719;A;1034.0
698720;A;1034.0
698721;A;1034.0
698722;A;1034.0
698723;A;1034.0
698724;A;1034.0
698725;A;1034.0
698726;A;1034.0
698727;A;1034.0
698728;A;1034.0
698729;A;1034.0
698730;A;1034.0
698731;A;1034.0
698732;A;1034.0
698733;A;1034.0
698734;A;1034.0
698735;A;1034.0
698736;A;1034.0
698737;A;1034.0
698738;A;1034.0
698739;A;1034.0
698740;A;1034.0
698741;A;1034.0
698742;A;1034.0
698743;A;1034.0
698744;A;1034.0
698745;A;1034.0
698746;A;1034.0
698747;A;1034.0
698748;A;1034.0
698749;A;1034.0
698750;A;1034.0
698751;A;1034.0
698752;A;1034.0
698753;A;1034.0
698754;A;1034.0
698755;A;1034.0
698756;A;1034.0
698757;A;1034.0
698758;A;1034.0
698759;A;1034.0
698760;A;1034.0
698761;A;1034.0
698762;A;1034.0
698763;A;1034.0
698764;A;1034.0
698765;A;1034.0
698766;A;1034.0
698767;A;1034.0
698768;A;1034.0
698769;A;1034.0
698770;A;1034.0
698771;A;1034.0
698772;A;1034.0
698773;A;1034.0
698774;A;1034.0
698775;A;1034.0
698776;A;1034.0
698777;A;1034.0
698778;A;1034.0
698779;A;1034.0
698780;A;1034.0
698781;A;1034.0
698782;A;1034.0
698783;A;1034.0
698784;A;1034.0
698785;B;1261.0
698786;B;1261.0
698787;A;1426.0
698788;A;1426.0
698789;A;1426.0
698790;A;1426.0
698791;B;1261.0
698792;E;1261.0
698796;C;788.0
698797;C;788.0
698798;A;1426.0
698799;;1261.0
698800;;1261.0
698801;;1261.0
698802;;1261.0
698803;;1261.0
698804;B;1261.0
698805;A;2950.0
698806;D;2296.0
698807;A;2950.0
698808;A;2950.0
698809;A;2950.0
698810;A;2950.0
698811;A;2950.0
698812;D;2296.0
698813;A;2950.0
698814;B;2296.0
698815;A;2950.0
698817;A;2950.0
698818;;2296.0
698819;;2296.0
698820;B;2296.0
698822;C;1267.0
698824;D;1801.0
698825;D;1801.0
698826;A;1870.0
698827;D;1801.0
698828;D;1801.0
698829;A;1034.0
698830;A;1034.0
698831;A;1034.0
698832;A;1034.0
698833;A;1034.0
698834;A;1034.0
698835;A;1034.0
698836;A;1034.0
698837;A;1034.0
698838;A;1034.0
698839;A;1034.0
698840;A;1034.0
698841;A;1034.0
698842;A;1034.0
698843;A;1034.0
698844;A;1034.0
698845;A;1034.0
698846;A;1034.0
698847;A;1034.0
698848;A;1034.0
698849;A;1034.0
698850;A;1034.0
698851;A;1034.0
698852;A;1034.0
698853;A;1034.0
698854;A;1034.0
698855;A;1034.0
698856;A;1034.0
698857;A;1034.0
698858;A;1034.0
698859;A;1034.0
698860;A;1034.0
698861;A;1034.0
698862;A;1034.0
698863;A;1034.0
698864;A;1034.0
698865;A;1034.0
698866;A;1034.0
698867;A;1034.0
698868;A;1034.0
698869;A;1034.0
698870;A;1034.0
698871;A;1034.0
698872;A;1034.0
698873;A;1034.0
698874;A;1034.0
698875;A;1034.0
698876;A;1034.0
698877;A;1034.0
698878;A;1034.0
698879;A;1034.0
698880;A;1034.0
698881;A;1034.0
698882;A;1034.0
698883;A;1034.0
698884;A;1034.0
698885;A;1034.0
698886;A;1034.0
698887;A;1034.0
698888;A;1034.0
698889;A;1034.0
698890;A;1034.0
698891;A;1034.0
698892;A;1034.0
698893;A;1034.0
698894;A;1034.0
698895;A;1034.0
698896;A;1034.0
698897;A;1034.0
698898;A;1034.0
698899;A;1034.0
698900;A;1034.0
698901;A;1034.0
698902;A;1034.0
698903;A;1034.0
698904;A;1034.0
698905;A;1034.0
698906;A;1034.0
698907;A;1034.0
698908;A;1034.0
698909;A;1034.0
698910;A;1034.0
698911;A;1034.0
698912;A;1034.0
698913;A;1034.0
698914;A;1034.0
698915;A;1034.0
698916;A;1034.0
698917;A;1034.0
698918;A;1034.0
698919;A;1034.0
698920;A;1034.0
698921;A;1034.0
698922;A;1034.0
698923;A;1034.0
698924;A;1034.0
698925;A;1034.0
698926;A;1034.0
698927;A;1034.0
698928;A;1034.0
698929;A;1034.0
698930;A;1034.0
698931;A;1034.0
698932;A;1034.0
698933;A;1034.0
698934;A;1034.0
698935;A;1034.0
698936;A;1034.0
698937;A;1034.0
698938;A;1034.0
698939;A;1034.0
698940;A;1034.0
698941;A;1034.0
698942;A;1034.0
698943;A;1034.0
698944;A;1034.0
698945;A;1034.0
698946;A;1034.0
698947;A;1034.0
698948;A;1034.0
698949;;1801.0
698951;A;1870.0
698952;A;1870.0
698953;A;1870.0
698954;B;1801.0
698955;A;1870.0
698956;B;1801.0
698957;A;1870.0
698958;A;1870.0
698959;A;1870.0
698960;A;1870.0
698961;A;1870.0
698962;A;1870.0
698963;A;1870.0
698965;A;2950.0
698966;A;2950.0
698967;;1547.0
698968;;1547.0
698971;A;1283.0
698972;D;321.0
698975;A;1283.0
698976;D;321.0
698978;A;1447.0
698980;B;1561.0
698981;A;1447.0
698984;A;1447.0
698985;B;1561.0
698987;B;1561.0
698988;A;1447.0
698989;B;1561.0
698990;A;1447.0
698991;D;321.0
698992;B;1561.0
698993;A;1034.0
698994;A;1034.0
698995;A;1034.0
698996;A;1034.0
698997;A;1034.0
698998;A;1034.0
698999;A;1034.0
699000;A;1034.0
699001;A;1034.0
699002;A;1034.0
699003;A;1034.0
699004;A;1034.0
699005;A;1034.0
699006;A;1034.0
699007;A;1034.0
699008;A;1034.0
699009;A;1034.0
699010;A;1034.0
699011;A;1034.0
699012;A;1034.0
699013;A;1034.0
699014;A;1034.0
699015;A;1034.0
699016;A;1034.0
699017;A;1034.0
699018;A;1034.0
699019;A;1034.0
699020;A;1034.0
699021;A;1034.0
699022;A;1034.0
699023;A;1034.0
699024;A;1034.0
699025;A;1034.0
699026;A;1034.0
699027;A;1034.0
699028;A;1034.0
699029;A;1034.0
699030;A;1034.0
699031;A;1034.0
699032;A;1034.0
699033;A;1034.0
699034;A;1034.0
699035;A;1034.0
699036;A;1034.0
699037;A;1034.0
699038;A;1034.0
699039;A;1034.0
699040;A;1034.0
699041;A;1034.0
699042;A;1034.0
699043;A;1034.0
699044;A;1034.0
699045;A;1034.0
699046;A;1034.0
699047;A;1034.0
699048;A;1034.0
699049;A;1034.0
699050;A;1034.0
699051;A;1034.0
699052;A;1034.0
699053;A;1034.0
699054;A;1034.0
699055;A;1034.0
699056;A;1034.0
699057;A;1034.0
699058;A;1034.0
699059;A;1034.0
699060;A;1034.0
699061;A;1034.0
699062;A;1034.0
699063;A;1034.0
699064;A;1034.0
699065;A;1034.0
699066;A;1034.0
699067;A;1034.0
699068;A;1034.0
699069;A;1034.0
699070;A;1034.0
699071;A;1034.0
699072;A;1034.0
699073;A;1034.0
699074;A;1034.0
699075;A;1034.0
699076;A;1034.0
699077;A;1034.0
699078;A;1034.0
699079;A;1034.0
699080;A;1034.0
699081;A;1034.0
699082;A;1034.0
699083;A;1034.0
699084;A;1034.0
699085;A;1034.0
699086;A;1034.0
699087;A;1034.0
699088;A;1034.0
699089;A;1034.0
699090;A;1034.0
699091;A;1034.0
699092;A;1034.0
699093;A;1034.0
699094;A;1034.0
699095;A;1034.0
699096;A;1034.0
699097;A;1034.0
699098;A;1034.0
699099;A;1034.0
699100;A;1034.0
699101;A;1034.0
699102;A;1034.0
699103;A;1034.0
699104;A;1034.0
699105;A;1034.0
699106;A;1034.0
699107;A;1034.0
699108;A;1034.0
699109;A;1034.0
699110;A;1034.0
699111;A;1034.0
699112;A;1034.0
699113;A;1034.0
699114;A;1034.0
699115;A;1034.0
699116;A;1034.0
699117;A;1034.0
699118;A;1034.0
699119;A;1034.0
699120;A;1034.0
699121;A;1034.0
699122;A;1034.0
699123;A;1034.0
699124;A;1034.0
699125;A;1034.0
699126;A;1034.0
699127;A;1034.0
699128;A;1034.0
699129;A;1034.0
699130;A;1034.0
699131;A;1034.0
699132;A;1034.0
699133;A;1034.0
699134;A;1034.0
699135;A;1034.0
699136;A;1034.0
699137;A;1034.0
699138;A;1034.0
699139;A;1034.0
699140;A;1034.0
699141;A;1034.0
699142;A;1034.0
699143;A;1034.0
699144;A;1034.0
699145;A;1034.0
699146;A;1034.0
699147;A;1034.0
699148;A;1034.0
699149;A;1034.0
699150;A;1034.0
699151;A;1034.0
699152;A;1034.0
699153;A;1034.0
699154;A;1034.0
699155;A;1034.0
699156;A;1034.0
699157;A;1034.0
699158;A;1034.0
699159;A;1034.0
699160;A;1034.0
699161;A;1034.0
699162;A;1034.0
699163;A;1034.0
699164;A;1034.0
699165;A;1034.0
699166;A;1034.0
699167;A;1034.0
699168;A;1034.0
699169;A;1034.0
699170;A;1034.0
699171;A;1034.0
699172;A;1034.0
699173;A;1034.0
699174;A;1034.0
699175;A;1034.0
699176;A;1034.0
699177;A;1034.0
699178;A;1034.0
699179;A;1034.0
699180;A;1034.0
699181;A;1034.0
699182;A;1034.0
699183;A;1034.0
699184;A;1034.0
699185;A;1034.0
699186;A;1034.0
699187;A;1034.0
699188;A;1034.0
699189;A;1034.0
699190;A;1034.0
699191;A;1034.0
699192;A;1034.0
699193;A;1034.0
699194;A;1034.0
699195;A;1034.0
699196;A;1034.0
699197;A;1034.0
699198;A;1034.0
699199;A;1034.0
699200;A;1034.0
699201;A;1034.0
699202;A;1034.0
699203;A;1034.0
699204;A;1034.0
699205;A;1034.0
699206;A;1034.0
699207;A;1034.0
699208;A;1034.0
699209;A;1034.0
699210;A;1034.0
699211;A;1034.0
699212;A;1034.0
699213;B;830.0
699214;A;1034.0
699215;B;830.0
699216;A;1034.0
699302;A;1988.0
699303;A;1988.0
699304;A;1988.0
699305;A;1988.0
699306;A;1988.0
699307;A;1988.0
699308;A;1988.0
699309;A;1988.0
699310;A;1988.0
699311;A;1988.0
699312;A;1988.0
699313;A;1988.0
699314;A;1988.0
699315;A;1988.0
699316;A;1988.0
699317;A;1988.0
699318;A;1988.0
699319;A;1988.0
699320;A;1988.0
699321;A;1988.0
699322;A;1988.0
699323;A;1988.0
699324;A;1988.0
699325;A;1988.0
699326;A;1988.0
699327;A;1988.0
699328;A;1988.0
699329;A;1988.0
699330;A;1988.0
699331;;2256.0
699332;A;1988.0
699333;;2256.0
699334;;2256.0
699335;;2256.0
699336;;2256.0
699337;;2256.0
699338;;2256.0
699339;;2256.0
699340;;2256.0
699341;A;1988.0
699342;;2256.0
699343;A;1988.0
699344;;2256.0
699345;A;1988.0
699346;;2256.0
699347;A;1988.0
699348;;2256.0
699349;A;1988.0
699350;;2256.0
699351;A;1988.0
699352;A;1988.0
699353;A;1988.0
699354;A;1988.0
699355;A;1988.0
699356;A;1988.0
699357;A;1988.0
699358;A;1988.0
699359;A;1988.0
699360;A;1988.0
699361;B;2256.0
699362;A;1988.0
699363;A;1988.0
699364;A;1988.0
699365;A;1988.0
699366;A;1988.0
699367;A;1988.0
699368;A;1988.0
699369;A;1988.0
699370;A;1988.0
699371;A;1988.0
699372;A;1988.0
699373;A;1988.0
699374;A;1988.0
699375;A;1988.0
699376;A;1988.0
699377;A;1988.0
699378;A;1988.0
699379;A;1988.0
699380;A;1988.0
699381;A;1988.0
699382;A;1988.0
699383;A;1988.0
699384;A;1988.0
699385;A;1988.0
699386;A;1988.0
699387;A;1988.0
699388;A;1988.0
699389;A;1988.0
699390;A;1988.0
699391;A;1988.0
699392;A;1988.0
699393;A;1988.0
699394;A;1988.0
699395;A;1988.0
699396;A;1988.0
699397;A;1988.0
699398;A;1988.0
699399;A;1988.0
699400;A;1988.0
699401;A;1988.0
699402;A;1988.0
699403;A;1988.0
699404;A;1988.0
699405;A;1988.0
699406;A;1988.0
699407;A;1988.0
699408;A;1988.0
699409;A;1988.0
699410;A;1988.0
699411;A;1988.0
699412;A;1988.0
699413;A;1988.0
699414;A;1988.0
699415;A;1988.0
699416;A;1988.0
699417;A;1988.0
699418;A;1988.0
699419;A;1988.0
699420;A;1988.0
699421;A;1988.0
699422;A;1988.0
699423;A;1988.0
699424;A;1988.0
699425;A;1988.0
699426;A;1988.0
699427;A;1988.0
699431;;850.0
699432;;850.0
699433;B;850.0
699434;B;850.0
699435;;850.0
699436;A;967.0
699437;A;967.0
699438;A;967.0
699439;A;967.0
699440;A;967.0
699441;A;967.0
699442;A;967.0
699443;A;967.0
699444;A;967.0
699445;A;967.0
699446;A;967.0
699447;A;967.0
699448;A;967.0
699460;A;1000.0
699461;A;1322.0
699462;D;321.0
699463;A;1322.0
699464;C;828.0
699465;A;1717.0
699466;A;1717.0
699467;C;1188.0
699468;A;1283.0
699469;A;1283.0
699470;A;1283.0
699471;A;1283.0
699472;A;1283.0
699473;A;1283.0
743918;A;2400.0
1169074;T;862.0
1862455;T;850.0
1862456;T;850.0
1862458;T;850.0
1862459;T;850.0
1862460;T;850.0
1862461;T;850.0
1862463;T;850.0
1862464;T;850.0
1862465;T;850.0
1862466;T;850.0
1862468;T;850.0
1862469;T;850.0
1862470;T;850.0
1862471;T;850.0
1862488;T;850.0
1862489;T;850.0
1862490;T;850.0
1862491;T;850.0
1863211;T;850.0
1863212;T;850.0
1863213;T;850.0
1864485;T;850.0
1864486;T;850.0
1864487;T;850.0
1864488;T;850.0
1864489;T;850.0
1864490;T;850.0
1864491;T;850.0
1864492;T;850.0
1864493;T;850.0
1864494;T;850.0
1864495;T;850.0
1864496;T;850.0
1864497;T;850.0
1864498;T;850.0
1864499;T;850.0
1864500;T;850.0
1864501;T;850.0
1864502;T;850.0
1864503;T;850.0
1864504;T;850.0
1864505;T;850.0
1864506;T;850.0
1864507;T;850.0
1864508;T;850.0
1864509;T;850.0
1864510;T;850.0
1864511;T;850.0
1864512;T;850.0
1864513;T;850.0
1864514;T;850.0
1864515;T;850.0
1864516;T;850.0
1864517;T;850.0
1864518;T;850.0
1864519;T;850.0
1864520;T;850.0
1864521;T;850.0
1864522;T;850.0
1864523;T;850.0
1864524;T;850.0
1864525;T;850.0
1864526;T;850.0
1864527;T;850.0
1864528;T;850.0
1864529;T;850.0
1864530;T;850.0
1864532;T;850.0
1864533;T;850.0
1864534;T;850.0
1864535;T;850.0
1864536;T;850.0
1864538;T;850.0
1864539;T;850.0
1864541;T;850.0
1864542;T;850.0
1864543;T;850.0
1864544;T;850.0
1864545;T;850.0
1864546;T;850.0
1864547;T;850.0
1864548;T;850.0
1864549;T;850.0
1864550;T;850.0
1864551;T;850.0
1864552;T;850.0
1864553;T;850.0
1864554;T;850.0
1864555;T;850.0
1864556;T;850.0
1864557;T;850.0
1864558;T;850.0
1864559;T;939.0
1864560;T;850.0
1864561;T;850.0
1864562;T;850.0
1864563;T;850.0
1864564;T;939.0
1864565;T;850.0
1864566;T;939.0
1864567;T;850.0
1864568;T;939.0
1864569;T;939.0
1864570;T;939.0
1864571;T;850.0
1864572;T;850.0
1864573;T;850.0
1864574;T;850.0
1864575;T;850.0
1864576;T;850.0
1864577;T;850.0
1864578;T;850.0
1864579;T;850.0
1864580;T;850.0
1864581;T;850.0
1864582;T;850.0
1864583;T;850.0
1864584;T;939.0
1864585;T;850.0
1864586;T;850.0
1864587;T;850.0
1864588;T;850.0
1864589;T;939.0
1864590;T;850.0
1864591;T;850.0
1864592;T;850.0
1864593;T;850.0
1864594;T;850.0
1864595;T;850.0
1864596;T;850.0
1864597;T;850.0
1864598;T;850.0
1864599;T;850.0
1864600;T;850.0
1864601;T;850.0
1864602;T;850.0
1864603;T;850.0
1864604;T;850.0
1864605;T;850.0
1864606;T;850.0
1864607;T;850.0
1864608;T;850.0
1864609;T;850.0
1864610;T;850.0
1864611;T;850.0
1864612;T;850.0
1864613;T;850.0
1864614;T;850.0
1864615;T;850.0
1864616;T;850.0
1864617;T;850.0
1864618;T;850.0
1864619;T;850.0
1864620;T;850.0
1864621;T;850.0
1864622;T;850.0
1864623;T;850.0
1864624;T;850.0
1864625;T;850.0
1864626;T;850.0
1864627;T;850.0
1864628;T;850.0
1864629;T;850.0
1864630;T;850.0
1864631;T;850.0
1864632;T;850.0
1864633;T;850.0
1864634;T;850.0
1864635;T;850.0
1864636;T;850.0
1864637;T;850.0
1864638;T;850.0
1864639;T;850.0
1864640;T;850.0
1864641;T;850.0
1864642;T;850.0
1864643;T;850.0
1864644;T;850.0
1864645;T;850.0
1864646;T;850.0
1864647;T;850.0
1864648;T;850.0
1864649;T;850.0
1864650;T;850.0
1864651;T;850.0
1864652;T;850.0
1864653;T;850.0
1864654;T;850.0
1864655;T;850.0
1864656;T;850.0
1864657;T;850.0
1864658;T;850.0
1864659;T;850.0
1864660;T;850.0
1864666;T;850.0
1864667;T;850.0
1864668;T;850.0
1864669;T;850.0
1864670;T;850.0
1864681;T;850.0
1864682;T;850.0
1864683;T;850.0
1864684;T;850.0
1864685;T;850.0
1864686;T;850.0
1864687;T;850.0
1864688;T;850.0
1864689;T;850.0
1864690;T;850.0
1864696;T;850.0
1864697;T;850.0
1864698;T;850.0
1864699;T;850.0
1864700;T;850.0
1864706;T;850.0
1864707;T;850.0
1864708;T;850.0
1864709;T;850.0
1864710;T;850.0
1864721;T;850.0
1864722;T;850.0
1864723;T;850.0
1864724;T;850.0
1864725;T;850.0
1864726;T;850.0
1864727;T;850.0
1864728;T;850.0
1864729;T;850.0
1864730;T;850.0
1864736;T;850.0
1864737;T;850.0
1864738;T;850.0
1864739;T;850.0
1864740;T;850.0
1864746;T;850.0
1864747;T;850.0
1864748;T;850.0
1864749;T;850.0
1864750;T;850.0
1864756;T;850.0
1864757;T;850.0
1864758;T;850.0
1864759;T;850.0
1864760;T;850.0
1864766;T;850.0
1864767;T;850.0
1864768;T;850.0
1864769;T;850.0
1864770;T;850.0
1864776;T;850.0
1864777;T;850.0
1864778;T;850.0
1864779;T;850.0
1864780;T;850.0
1864786;T;850.0
1864787;T;850.0
1864788;T;850.0
1864789;T;850.0
1864790;T;850.0
1864796;T;850.0
1864797;T;850.0
1864798;T;850.0
1864799;T;850.0
1864800;T;850.0
1864806;T;850.0
1864807;T;850.0
1864808;T;850.0
1864809;T;850.0
1864810;T;850.0
1864816;T;850.0
1864817;T;850.0
1864818;T;850.0
1864819;T;850.0
1864820;T;850.0
1864826;T;850.0
1864827;T;850.0
1864828;T;850.0
1864829;T;850.0
1864830;T;850.0
1864836;T;850.0
1864837;T;850.0
1864838;T;850.0
1864839;T;850.0
1864840;T;850.0
1864851;T;850.0
1864852;T;850.0
1864853;T;850.0
1864854;T;850.0
1864855;T;850.0
1864876;T;850.0
1864877;T;850.0
1864878;T;850.0
1864879;T;850.0
1864880;T;850.0
1864886;T;850.0
1864887;T;850.0
1864888;T;850.0
1864889;T;850.0
1864890;T;850.0
1864896;T;850.0
1864897;T;850.0
1864898;T;850.0
1864899;T;850.0
1864900;T;850.0
1864906;T;850.0
1864907;T;850.0
1864908;T;850.0
1864909;T;850.0
1864910;T;850.0
1864916;T;850.0
1864917;T;850.0
1864918;T;850.0
1864924;T;850.0
1864925;T;850.0
1864926;T;850.0
1864927;T;850.0
1864928;T;850.0
1864934;T;850.0
1864935;T;850.0
1864936;T;850.0
1864937;T;850.0
1864938;T;850.0
1864944;T;850.0
1864945;T;850.0
1864946;T;850.0
1864947;T;850.0
1864948;T;850.0
1864954;T;850.0
1864955;T;850.0
1864956;T;850.0
1864957;T;850.0
1864958;T;850.0
1864959;T;850.0
1864960;T;850.0
1864961;T;
1864962;T;850.0
1864963;T;850.0
1864969;T;850.0
1864970;T;850.0
1864971;T;850.0
1864972;T;850.0
1864973;T;850.0
1864979;T;850.0
1864980;T;850.0
1864981;T;850.0
1864982;T;850.0
1864983;T;850.0
1864989;T;850.0
1864990;T;850.0
1864991;T;850.0
1864992;T;850.0
1864993;T;850.0
1864999;T;850.0
1865000;T;850.0
1865001;T;850.0
1865002;T;850.0
1865003;T;850.0
1865009;T;850.0
1865010;T;850.0
1865011;T;850.0
1865012;T;850.0
1865013;T;850.0
1865019;T;850.0
1865020;T;850.0
1865021;T;850.0
1865022;T;850.0
1865023;T;850.0
1865029;T;850.0
1865030;T;850.0
1865031;T;850.0
1865033;T;850.0
1865039;T;850.0
1865040;T;850.0
1865041;T;850.0
1865042;T;850.0
1865043;T;850.0
1865049;T;850.0
1865050;T;850.0
1865051;T;850.0
1865052;T;850.0
1865053;T;850.0
1865074;T;850.0
1865075;T;850.0
1865076;T;850.0
1865077;T;850.0
1865078;T;850.0
1865079;T;850.0
1865080;T;850.0
1865081;T;850.0
1865082;T;850.0
1865083;T;850.0
1865084;T;850.0
1865085;T;850.0
1865086;T;850.0
1865087;T;850.0
1865088;T;850.0
1865089;T;850.0
1865090;T;850.0
1865091;T;850.0
1865092;T;850.0
1865093;T;850.0
1865094;T;850.0
1865095;T;850.0
1865096;T;850.0
1865097;T;850.0
1865098;T;850.0
1865099;T;850.0
1865100;T;850.0
1865101;T;850.0
1865102;T;850.0
1865103;T;850.0
1865104;T;850.0
1865106;T;850.0
1865107;T;850.0
1865108;T;850.0
1865109;T;850.0
1865110;T;850.0
1865111;T;850.0
1865112;T;850.0
1865113;T;850.0
1865114;T;850.0
1865115;T;850.0
1865116;T;850.0
1865117;T;850.0
1865119;T;850.0
1865120;T;850.0
1865121;T;850.0
1865122;T;850.0
1865123;T;850.0
1865124;T;850.0
1865125;T;850.0
1865126;T;850.0
1865127;T;850.0
1865128;T;850.0
1865129;T;850.0
1865130;T;850.0
1865132;T;850.0
1865133;T;850.0
1865134;T;850.0
1865135;T;850.0
1865136;T;850.0
1865137;T;850.0
1865138;T;850.0
1865139;T;850.0
1865140;T;850.0
1865141;T;850.0
1865142;T;850.0
1865144;T;850.0
1865145;T;850.0
1865146;T;850.0
1865147;T;850.0
1865148;T;850.0
1865149;T;850.0
1865150;T;850.0
1865151;T;850.0
1865152;T;850.0
1865153;T;850.0
1865154;T;850.0
1865156;T;850.0
1865157;T;850.0
1865158;T;850.0
1865159;T;850.0
1865160;T;850.0
1865161;T;850.0
1865162;T;850.0
1865163;T;850.0
1865164;T;850.0
1865165;T;850.0
1865166;T;850.0
1865167;T;850.0
1865168;T;850.0
1865170;T;850.0
1865171;T;850.0
1865172;T;850.0
1865173;T;850.0
1865174;T;850.0
1865175;T;850.0
1865176;T;850.0
1865177;T;850.0
1865178;T;850.0
1865179;T;850.0
1865180;T;850.0
1865182;T;850.0
1865183;T;850.0
1865184;T;850.0
1865185;T;850.0
1865186;T;850.0
1865187;T;850.0
1865188;T;850.0
1865189;T;850.0
1865190;T;850.0
1865191;T;850.0
1865192;T;850.0
1865193;T;850.0
1865194;T;850.0
1865195;T;850.0
1865196;T;850.0
1865197;T;850.0
1865199;T;850.0
1865200;T;850.0
1865202;T;1236.0
1865203;T;850.0
1865204;T;850.0
1865205;T;1018.0
1865206;T;850.0
1865207;T;850.0
1865208;T;850.0
1865209;T;1236.0
1865210;T;1236.0
1865211;T;1236.0
1865212;T;850.0
1865213;T;850.0
1865214;T;850.0
1865216;T;850.0
1865217;T;850.0
1865218;T;850.0
1865219;T;850.0
1865220;T;850.0
1865221;T;850.0
1865222;T;850.0
1865223;T;850.0
1865224;T;850.0
1865225;T;850.0
1865228;T;1236.0
1865229;T;850.0
1865230;T;1236.0
1865231;T;850.0
1865232;T;1236.0
1865233;T;850.0
1865234;T;1236.0
1865235;T;850.0
1865236;T;1236.0
1865237;T;1236.0
1865238;T;850.0
1865240;T;1236.0
1865241;T;850.0
1865242;T;1236.0
1865243;T;850.0
1865244;T;850.0
1865245;T;850.0
1865246;T;1236.0
1865247;T;850.0
1865248;T;862.0
1865249;T;850.0
1865251;T;850.0
1865253;T;850.0
1865254;T;850.0
1865256;T;850.0
1865257;T;850.0
1865258;T;850.0
1865259;T;850.0
1865260;T;850.0
1865261;T;1236.0
1865262;T;850.0
1865263;T;1801.0
1865264;T;850.0
1865265;T;1801.0
1865266;T;850.0
1865267;T;850.0
1865268;T;850.0
1865269;T;850.0
1865270;T;850.0
1865271;T;850.0
1865272;T;850.0
1865273;T;850.0
1865275;T;850.0
1865276;T;850.0
1865277;T;850.0
1865278;T;1236.0
1865279;T;850.0
1865280;T;862.0
1865281;T;850.0
1865282;T;850.0
1865283;T;850.0
1865284;T;850.0
1865285;T;850.0
1865286;T;850.0
1865287;T;850.0
1865288;T;850.0
1865289;T;850.0
1865290;T;850.0
1865291;T;850.0
1865292;T;850.0
1865293;T;850.0
1865295;T;1236.0
1865296;T;850.0
1865297;T;850.0
1865298;T;850.0
1865299;T;850.0
1865301;T;1236.0
1865302;T;862.0
1865304;T;850.0
1865305;T;850.0
1865306;T;862.0
1865343;T;862.0
1865344;T;862.0
1865345;T;862.0
1865346;T;862.0
1865407;T;850.0
1865408;T;1236.0
1865409;T;850.0
1865411;T;1236.0
1865412;T;1236.0
1865413;T;862.0
1865414;T;862.0
1865415;T;862.0
1865416;T;862.0
1865417;T;862.0
1865418;T;862.0
1865419;T;862.0
1865421;T;1481.0
1865422;T;1481.0
1865423;T;1481.0
1865424;T;862.0
1865425;T;1481.0
1865426;T;1481.0
1865427;T;862.0
1865429;T;1481.0
1865430;T;1481.0
1865431;T;862.0
1865432;T;862.0
1865433;T;862.0
1865434;T;862.0
1865435;T;862.0
1865436;T;862.0
1865437;T;1481.0
1865438;T;1481.0
1865439;T;862.0
1865441;T;1481.0
1865442;T;1481.0
1865443;T;850.0
1865445;T;862.0
1865446;T;862.0
1865447;E;862.0
1865448;E;862.0
1865449;T;862.0
1865450;E;862.0
1865451;T;862.0
1865453;T;1481.0
1865454;T;862.0
1865456;T;1481.0
1865457;T;1481.0
1865458;T;1481.0
1865459;T;1481.0
1865461;T;1801.0
1865462;T;1481.0
1865463;T;1481.0
1865464;T;1481.0
1865465;T;1481.0
1865466;T;1481.0
1865467;T;1481.0
1865468;T;862.0
1865470;T;862.0
1865471;T;1481.0
1865472;T;1481.0
1865473;T;1481.0
1865474;T;862.0
1865475;T;862.0
1865476;T;862.0
1865477;T;1481.0
1865478;T;1481.0
1865480;T;1481.0
1865481;T;862.0
1865482;T;1481.0
1865483;T;1259.0
1865484;T;1259.0
1865485;T;1259.0
1865486;T;1259.0
1865487;T;1259.0
1865489;T;1259.0
1865490;T;1259.0
1865491;T;1259.0
1865492;T;1259.0
1865493;T;1259.0
1865494;T;1259.0
1865495;T;1259.0
1865496;T;1259.0
1865497;T;1259.0
1865498;T;1259.0
1865499;T;1259.0
1865500;T;1259.0
1865502;T;1259.0
1865503;T;2296.0
1865504;T;1259.0
1865505;T;2296.0
1865506;T;1481.0
1865508;T;862.0
1865509;T;862.0
1865510;T;862.0
1865511;T;862.0
1865519;T;850.0
1865521;T;850.0
1865538;T;850.0
1865539;T;850.0
1865540;T;850.0
1865558;T;1261.0
1865559;T;1259.0
1865560;T;1261.0
1865561;T;1259.0
1865563;T;1261.0
1865564;T;1261.0
1865565;T;1261.0
1865566;T;1261.0
1865568;T;1481.0
1865570;T;850.0
1865571;T;850.0
1865573;T;850.0
1865574;T;850.0
1865575;T;850.0
1865576;T;850.0
1865579;T;850.0
1865580;T;850.0
1865583;T;850.0
1865584;T;850.0
1865585;T;850.0
1865586;T;850.0
1865590;T;862.0
1865593;T;862.0
1865596;T;862.0
1865598;T;862.0
1865599;T;862.0
1865600;T;862.0
1865601;T;862.0
1865604;T;1300.0
1865605;T;1300.0
1865606;T;1300.0
1865607;T;1259.0
1865608;T;1261.0
1865609;T;1259.0
1865610;T;1261.0
1865611;T;1259.0
1865612;T;1259.0
1865614;T;1481.0
1865615;T;1259.0
1865616;T;1259.0
1865617;T;1259.0
1865618;T;1261.0
1865619;T;1259.0
1865620;T;1261.0
1865621;T;1259.0
1865622;T;1259.0
1865623;T;1261.0
1865624;T;1259.0
1865625;T;1261.0
1865626;T;1261.0
1865627;T;1259.0
1865628;T;1261.0
1865629;T;1259.0
1865630;T;1261.0
1865631;T;1481.0
1865632;T;1481.0
1865633;T;1261.0
1865634;T;1259.0
1865635;T;1261.0
1865636;T;1259.0
1865637;T;850.0
1865638;T;850.0
1865639;T;850.0
1865640;T;850.0
1865642;T;850.0
1865643;T;982.0
1865644;T;850.0
1865645;T;850.0
1865646;T;850.0
1865647;T;850.0
1865648;T;850.0
1865649;T;850.0
1865650;T;850.0
1865651;T;850.0
1865652;T;850.0
1865653;T;850.0
1865654;T;850.0
1865656;T;850.0
1865657;T;850.0
1865658;T;1485.0
1865659;T;850.0
1865660;T;1485.0
1865661;T;850.0
1865662;T;850.0
1865665;T;850.0
1865666;T;850.0
1865667;T;850.0
1865668;T;850.0
1865669;T;850.0
1865670;T;850.0
1865671;T;850.0
1865672;T;850.0
1865673;T;850.0
1865674;T;1312.0
1865675;T;850.0
1865676;T;850.0
1865677;T;850.0
1865678;T;850.0
1865679;T;850.0
1865681;T;850.0
1865682;T;850.0
1865683;T;850.0
1865684;T;850.0
1865685;T;850.0
1865686;T;850.0
1865687;T;850.0
1865688;T;850.0
1865689;T;850.0
1865690;T;850.0
1865691;T;850.0
1865692;T;850.0
1865694;T;850.0
1865695;T;850.0
1865696;T;850.0
1865697;T;850.0
1865698;T;850.0
1865699;T;850.0
1865700;T;850.0
1865701;T;850.0
1865702;T;850.0
1865704;T;850.0
1865705;T;850.0
1865706;T;850.0
1865707;T;1261.0
1865709;T;1261.0
1865710;T;1261.0
1865711;T;1261.0
1865712;T;1261.0
1865713;T;1261.0
1865714;T;1481.0
1865715;T;1261.0
1865716;T;1261.0
1865717;T;1261.0
1865718;T;1259.0
1865719;T;1261.0
1865720;T;1261.0
1865721;T;1261.0
1865722;T;1261.0
1865723;T;1481.0
1865724;T;1261.0
1865725;T;1481.0
1865726;T;1261.0
1865727;T;1261.0
1865729;T;1481.0
1865730;T;1261.0
1865731;T;1481.0
1865732;T;1261.0
1865733;T;1481.0
1865734;T;1261.0
1865735;T;1261.0
1865736;T;1261.0
1865737;T;1261.0
1865739;T;1261.0
1865740;T;1261.0
1865741;T;1261.0
1865742;T;1261.0
1865743;T;1261.0
1865744;T;1261.0
1865745;T;1261.0
1865746;T;1261.0
1865747;T;1261.0
1865748;T;1261.0
1865749;T;1261.0
1865750;T;1261.0
1865752;T;1261.0
1865753;T;1261.0
1865754;T;1261.0
1865755;T;1261.0
1865756;T;1261.0
1865757;T;2296.0
1865762;T;1485.0
1865763;T;850.0
1865764;T;1485.0
1865765;T;850.0
1865767;T;1561.0
1865769;T;862.0
1865775;T;862.0
1865777;T;1300.0
1865778;T;1300.0
1865780;T;1300.0
1865781;T;1300.0
1865782;T;1300.0
1865784;T;862.0
1865786;T;862.0
1865787;T;1300.0
1865788;T;862.0
1865789;T;1300.0
1865790;T;862.0
1865791;T;862.0
1865792;T;1300.0
1865794;T;862.0
1865795;T;1300.0
1865796;T;862.0
1865797;T;1300.0
1865798;T;1300.0
1865800;T;1300.0
1865802;T;1300.0
1865805;T;850.0
1865806;T;850.0
1865807;T;850.0
1865808;T;850.0
1865809;T;850.0
1865810;T;850.0
1865811;T;850.0
1865812;T;850.0
1865813;T;850.0
1865814;T;850.0
1865815;T;850.0
1865817;T;850.0
1865818;T;850.0
1865819;T;850.0
1865820;T;850.0
1865821;T;850.0
1865822;T;850.0
1865823;T;850.0
1865825;T;850.0
1865826;T;850.0
1865827;T;850.0
1865829;T;1312.0
1865830;T;850.0
1865831;T;850.0
1865832;T;850.0
1865833;T;850.0
1865834;T;850.0
1865835;T;850.0
1865836;T;850.0
1865837;T;850.0
1865838;T;850.0
1865839;T;850.0
1865840;T;850.0
1865841;T;850.0
1865843;T;850.0
1865844;T;850.0
1865845;T;850.0
1865846;T;850.0
1865847;T;850.0
1865848;T;850.0
1865849;T;850.0
1865850;T;850.0
1865851;T;850.0
1865852;T;850.0
1865853;T;850.0
1865854;T;850.0
1865855;T;850.0
1865856;T;850.0
1865858;T;850.0
1865859;T;850.0
1865860;T;850.0
1865861;T;850.0
1865862;T;850.0
1865863;T;850.0
1865864;T;850.0
1865865;T;850.0
1865866;T;850.0
1865867;T;850.0
1865868;T;850.0
1865869;T;850.0
1865870;T;850.0
1865871;T;850.0
1865872;T;850.0
1865873;T;850.0
1865874;T;850.0
1865876;T;850.0
1865877;T;850.0
1865883;T;1018.0
1865884;T;1018.0
1865885;T;1018.0
1865886;T;862.0
1865887;T;862.0
1865889;T;1018.0
1865890;T;1018.0
1865891;T;862.0
1865892;T;862.0
1865893;T;862.0
1865895;T;862.0
1865897;T;862.0
1865899;T;1561.0
1865901;T;1300.0
1865904;T;862.0
1865905;T;862.0
1865906;T;862.0
1865907;T;862.0
1865909;T;862.0
1865910;T;862.0
1865911;T;862.0
1865912;T;862.0
1865913;T;862.0
1865914;T;862.0
1865915;T;862.0
1865916;T;862.0
1865917;T;862.0
1865918;T;862.0
1865919;T;862.0
1865920;T;862.0
1865921;T;862.0
1865922;T;862.0
1865923;T;862.0
1865924;T;1300.0
1865925;T;862.0
1865926;T;1300.0
1865927;T;1300.0
1865928;T;862.0
1865929;T;1300.0
1865930;T;862.0
1865931;T;1300.0
1865932;T;862.0
1865933;T;1300.0
1865934;T;862.0
1865935;T;862.0
1865937;T;862.0
1865938;T;862.0
1865939;T;862.0
1865940;T;862.0
1865941;T;862.0
1865942;T;862.0
1865944;T;1300.0
1865945;T;862.0
1865946;T;862.0
1865948;T;1300.0
1865949;T;862.0
1865950;T;862.0
1865951;T;862.0
1865952;T;862.0
1865956;T;1300.0
1865957;T;1300.0
1865958;T;1300.0
1865959;T;1300.0
1865960;T;862.0
1865961;T;862.0
1865962;T;862.0
1865963;T;862.0
1865964;T;862.0
1865968;T;862.0
1865969;T;862.0
1865970;T;862.0
1865971;T;1300.0
1865975;T;862.0
1865979;T;862.0
1865980;T;862.0
1865985;T;1018.0
1865987;T;1018.0
1865988;T;1018.0
1865989;T;1018.0
1865990;T;1018.0
1865993;T;1300.0
1865995;T;1018.0
1865996;T;1018.0
1865998;T;850.0
1865999;T;850.0
1866000;T;1018.0
1866004;T;1303.0
1866005;T;1300.0
1866006;T;1300.0
1866007;T;1300.0
1866008;T;1300.0
1866009;T;1300.0
1866010;T;1300.0
1866011;T;1300.0
1866013;T;1300.0
1866014;T;1300.0
1866015;T;1300.0
1866016;T;1300.0
1866017;T;1300.0
1866018;T;1300.0
1866019;T;1300.0
1866020;T;1300.0
1866021;T;1300.0
1866022;T;1300.0
1866023;T;1300.0
1866024;T;1300.0
1866025;T;1300.0
1866027;T;1300.0
1866029;T;1300.0
1866030;T;1300.0
1866031;T;1018.0
1866034;T;1018.0
1866048;T;1485.0
1866050;T;1303.0
1866052;T;850.0
1866053;T;850.0
1866054;T;850.0
1866055;T;1261.0
1866057;T;1261.0
1866058;T;1261.0
1866059;T;1261.0
1866061;T;1261.0
1866062;T;1261.0
1866063;T;1261.0
1866064;T;1261.0
1866065;T;1261.0
1866066;T;1261.0
1866067;T;1261.0
1866068;T;1261.0
1866070;T;1261.0
1866071;T;1261.0
1866072;T;1261.0
1866073;T;1261.0
1866074;T;1261.0
1866075;T;1261.0
1866076;T;1261.0
1866077;T;1261.0
1866078;T;939.0
1866079;T;1261.0
1866080;T;1261.0
1866081;T;850.0
1866082;T;1261.0
1866084;T;1261.0
1866085;T;1261.0
1866086;T;1261.0
1866087;T;1261.0
1866088;T;850.0
1866089;T;1261.0
1866090;T;1261.0
1866091;T;850.0
1866092;T;1261.0
1866093;T;850.0
1866094;T;1261.0
1866095;T;1261.0
1866096;T;850.0
1866097;T;850.0
1866098;T;1261.0
1866099;T;850.0
1866100;T;1261.0
1866101;T;850.0
1866102;E;850.0
1866103;T;1261.0
1866104;E;850.0
1866113;T;1300.0
1866114;T;1300.0
1866116;T;1300.0
1866117;T;1300.0
1866118;T;1300.0
1866119;T;1300.0
1866123;T;939.0
1866126;T;862.0
1866128;T;862.0
1866129;T;862.0
1866131;T;862.0
1866132;T;862.0
1866133;T;862.0
1866134;T;862.0
1866138;T;1018.0
1866141;T;850.0
1866142;T;850.0
1866143;T;850.0
1866144;T;850.0
1866146;T;939.0
1866147;T;939.0
1866148;T;939.0
1866149;T;939.0
1866154;T;1485.0
1866157;T;1261.0
1866158;T;939.0
1866161;T;850.0
1866162;T;1261.0
1866163;T;850.0
1866164;T;850.0
1866166;T;850.0
1866167;T;850.0
1866168;T;850.0
1866169;T;850.0
1866171;T;1938.0
1866173;T;1938.0
1866174;T;1938.0
1866193;T;1300.0
1866205;T;850.0
1866206;T;850.0
1866208;T;850.0
1866209;T;850.0
1866210;T;850.0
1866211;T;850.0
1866215;T;850.0
1866216;T;850.0
1866217;T;850.0
1866218;T;850.0
1866219;T;850.0
1866220;T;850.0
1866225;T;850.0
1866229;T;939.0
1866230;T;939.0
1866231;T;939.0
1866232;T;939.0
1866233;T;939.0
1866234;T;939.0
1866235;T;939.0
1866236;T;1261.0
1866237;T;1261.0
1866238;T;850.0
1866239;T;850.0
1866240;T;850.0
1866242;T;850.0
1866243;T;1261.0
1866244;T;850.0
1866245;T;850.0
1866246;T;1261.0
1866247;T;1294.0
1866248;T;850.0
1866249;T;1261.0
1866250;T;850.0
1866251;T;850.0
1866252;T;1261.0
1866253;T;850.0
1866254;T;850.0
1866255;T;1261.0
1866256;T;1261.0
1866257;T;1261.0
1866258;T;982.0
1866260;T;1261.0
1866261;T;982.0
1866262;T;1261.0
1866429;T;982.0
1866430;T;982.0
1866431;T;939.0
1866432;E;939.0
1866433;T;850.0
1935867;T;850.0
1935868;T;850.0
1935869;T;850.0
1935870;T;850.0
1935871;T;850.0
1935872;T;850.0
1935873;T;850.0
1935874;T;850.0
1935875;T;850.0
1935876;T;850.0
1937925;T;862.0
1937926;T;982.0
1937927;T;982.0
1937928;T;982.0
1937931;T;830.0
1937932;T;830.0
1937935;T;982.0
1937937;T;982.0
1937944;T;982.0
1937946;T;982.0
1938001;T;850.0
1938002;T;850.0
1938003;T;850.0
1938004;T;850.0
1938005;T;850.0
1938006;T;850.0
1938007;T;850.0
1938008;T;850.0
1938009;T;850.0
1938010;T;850.0
1938011;T;982.0
1938012;T;982.0
1938013;T;982.0
1938014;T;982.0
1938015;T;982.0
1938016;T;1261.0
1938017;T;1261.0
1938018;T;982.0
1938019;T;982.0
1938020;T;850.0
1938021;T;850.0
1938022;T;850.0
1938026;T;982.0
1938029;T;982.0
1938030;T;982.0
1938031;T;982.0
1938032;T;830.0
1938033;T;982.0
1938034;T;830.0
1938035;T;982.0
1938036;T;982.0
1938037;T;982.0
1938039;T;982.0
1938040;T;982.0
1938041;T;982.0
1938042;T;982.0
1938043;T;982.0
1938044;T;982.0
1938045;T;982.0
1938046;T;982.0
1938047;T;982.0
1938048;T;982.0
1938049;T;982.0
1938050;T;982.0
1938051;T;982.0
1938052;T;982.0
1938281;T;830.0
1938283;T;830.0
1938284;T;982.0
1938285;T;830.0
1945216;T;850.0
1945217;T;850.0
1945218;T;850.0
1945219;T;850.0
1945220;T;850.0
1945221;T;850.0
1945222;T;850.0
1945223;T;850.0
1945224;T;850.0
1945225;T;850.0
1945226;T;850.0
1945228;T;850.0
1945229;T;850.0
1945230;T;850.0
1945231;T;1294.0
1945232;T;1294.0
1945233;T;1294.0
1945234;T;1294.0
1945235;T;1294.0
1945236;T;1294.0
1945237;T;850.0
1945238;T;1294.0
1945239;T;1294.0
1945240;T;1294.0
1945241;T;850.0
1945242;T;850.0
1945243;T;850.0
1945244;T;850.0
1945245;T;850.0
1945246;T;850.0
1945247;T;850.0
1945248;T;850.0
1945249;T;850.0
1945250;T;850.0
1945251;T;1294.0
1945252;T;850.0
1945254;T;850.0
1945255;T;850.0
1945256;T;850.0
1945257;T;850.0
1945258;T;850.0
1945259;T;850.0
1945260;T;850.0
1945261;T;850.0
1945262;T;850.0
1945263;T;850.0
1945264;T;850.0
1945265;T;850.0
1945266;T;850.0
1945267;T;850.0
1945268;T;850.0
1945269;T;850.0
1945270;T;850.0
1945271;T;939.0
1945272;T;850.0
1945273;T;939.0
1945274;T;850.0
1945275;T;850.0
1945277;T;939.0
1945278;T;850.0
1945279;T;939.0
1945280;T;850.0
1945281;T;850.0
1945282;T;850.0
1945283;T;850.0
1945284;T;850.0
1945356;T;982.0
1945357;T;982.0
1945358;T;982.0
1945359;T;982.0
1945385;T;850.0
1945386;T;850.0
1945387;T;850.0
1945388;T;850.0
1945389;T;850.0
1945390;T;850.0
1945391;T;850.0
1945392;T;850.0
1945393;T;850.0
1945394;T;850.0
1945395;E;850.0
1945396;T;850.0
1945397;T;850.0
1945398;T;850.0
1945399;T;850.0
1945400;T;982.0
1945401;T;982.0
1945402;T;982.0
1945403;T;982.0
1945404;T;982.0
1945405;T;982.0
1945406;T;982.0
1945407;T;982.0
1945409;T;982.0
1945410;T;982.0
1945411;T;982.0
1945412;T;982.0
1945413;T;982.0
1945414;T;982.0
1945416;T;982.0
1945417;T;982.0
1945418;T;982.0
1945419;T;982.0
1945420;T;982.0
1945421;T;982.0
1945422;T;982.0
1945423;T;982.0
1945424;T;982.0
1945425;T;982.0
1945428;T;982.0
1945429;T;982.0
1945430;T;982.0
1945431;T;982.0
1945436;T;982.0
1945439;T;982.0
1945440;T;982.0
1945443;T;982.0
1945444;T;850.0
1945445;T;982.0
1945447;T;982.0
1945448;T;982.0
1945449;T;982.0
1945450;T;982.0
1945451;T;982.0
1945452;T;982.0
1945453;T;982.0
1945454;T;982.0
1945455;T;982.0
1945456;T;982.0
1945457;T;982.0
1945458;T;982.0
1945459;T;982.0
1945460;T;982.0
1945461;T;982.0
1945462;T;982.0
1945463;T;982.0
1945464;T;982.0
1945465;T;982.0
1945467;T;982.0
1945468;T;982.0
1945469;T;982.0
1945470;T;982.0
1945471;T;982.0
1945472;T;982.0
1945473;T;982.0
1945474;T;982.0
1945475;T;982.0
1945476;T;982.0
1945477;T;982.0
1945478;T;982.0
1945479;T;982.0
1945480;T;982.0
1945481;T;982.0
1945482;T;982.0
1945483;T;982.0
1945484;T;982.0
1945485;T;982.0
1945487;T;982.0
1945488;T;982.0
1945489;T;982.0
1945490;T;982.0
1945491;T;982.0
1945492;T;982.0
1945493;T;982.0
1945494;T;982.0
1945495;T;982.0
1945496;T;982.0
1945497;T;982.0
1945498;T;982.0
1945499;T;982.0
1945500;T;982.0
1945501;T;982.0
1945502;T;982.0
1945503;T;982.0
1945504;T;982.0
1945505;T;982.0
1945506;T;850.0
1945507;T;850.0
1945508;T;982.0
1945509;T;982.0
1945510;T;982.0
1945511;T;982.0
1945512;T;982.0
1945513;T;982.0
1945514;T;982.0
1945516;T;982.0
1945517;T;982.0
1945524;T;982.0
1945526;T;982.0
1945531;T;982.0
1945534;T;982.0
1945535;T;982.0
1945536;T;850.0
1945537;T;850.0
1945538;T;982.0
1945539;T;982.0
1945540;T;982.0
1945541;T;982.0
1945542;T;982.0
1945543;T;982.0
1945544;T;982.0
1945545;T;982.0
1945546;T;982.0
1945547;T;982.0
1945548;T;982.0
1945549;T;982.0
1945550;T;982.0
1945551;T;982.0
1945552;T;982.0
1945553;T;982.0
1945554;T;982.0
1945555;T;982.0
1945556;T;982.0
1945557;T;982.0
1945558;T;982.0
1945559;T;982.0
1945560;T;982.0
1945563;T;982.0
1945564;T;982.0
1945565;T;982.0
1945567;T;982.0
1945573;T;982.0
1945575;T;982.0
1945578;T;982.0
1945579;T;982.0
1945580;T;982.0
1945581;T;982.0
1945582;T;982.0
1945583;T;982.0
1945584;T;982.0
1945585;T;982.0
1945586;T;982.0
1945587;T;982.0
1945588;T;982.0
1945589;T;982.0
1945592;T;982.0
1945593;T;
1945594;T;982.0
1945595;T;982.0
1945597;T;982.0
1945598;T;982.0
1945599;T;982.0
1945600;T;982.0
1945601;T;982.0
1945602;T;982.0
1945603;T;982.0
1945606;T;1053.0
1945607;T;1053.0
1945608;T;982.0
1945609;T;982.0
1945610;T;982.0
1945611;T;982.0
1945612;T;982.0
1945613;T;982.0
1945614;T;982.0
1945615;T;982.0
1945616;T;982.0
1945617;T;982.0
1945618;T;982.0
1945619;T;982.0
1945620;T;982.0
1945621;T;982.0
1945622;T;982.0
1945623;T;982.0
1945624;T;982.0
1945625;T;982.0
1945626;T;982.0
1945627;T;982.0
1945628;T;982.0
1945629;T;982.0
1945630;T;982.0
1945631;T;982.0
1945632;T;982.0
1945633;T;982.0
1945634;T;982.0
1945635;T;982.0
1945636;T;982.0
1945637;T;982.0
1945639;T;982.0
1945640;T;982.0
1945645;T;982.0
1945647;T;982.0
1945648;T;982.0
1945650;T;982.0
1945651;T;982.0
1945652;T;982.0
1945653;T;982.0
1945654;T;982.0
1945655;T;982.0
1945656;T;982.0
1945657;T;982.0
1945658;T;982.0
1945659;T;982.0
1945660;T;982.0
1945661;T;982.0
1945662;T;982.0
1945663;T;982.0
1945664;T;982.0
1945665;T;982.0
1945666;T;982.0
1945667;T;982.0
1945668;T;982.0
1945669;T;982.0
1945670;T;982.0
1945671;T;982.0
1945672;T;982.0
1945673;T;982.0
1945674;T;982.0
1945676;T;982.0
1945677;T;982.0
1945679;T;982.0
1945682;T;982.0
1945683;T;982.0
1945684;T;982.0
1945686;T;982.0
1945687;T;982.0
1945688;T;982.0
1945689;T;982.0
1945690;T;982.0
1945691;T;982.0
1945692;T;982.0
1945693;T;982.0
1945694;T;982.0
1945695;T;982.0
1945696;T;982.0
1945697;T;982.0
1945698;T;982.0
1945699;T;982.0
1945700;T;982.0
1945701;T;982.0
1945702;T;982.0
1945703;T;982.0
1945704;T;982.0
1945705;T;982.0
1945706;T;982.0
1945707;T;982.0
1945708;T;982.0
1945709;T;982.0
1945710;T;982.0
1945711;T;982.0
1945712;T;982.0
1945714;T;982.0
1945715;T;982.0
1945716;T;982.0
1945717;T;982.0
1945718;T;982.0
1945719;T;850.0
1945720;T;850.0
1945721;T;850.0
1945722;T;850.0
1945723;T;850.0
1945724;T;850.0
1945725;T;850.0
1945726;T;850.0
1945727;T;850.0
1945728;T;850.0
1945729;T;850.0
1945730;T;850.0
1945731;T;850.0
1945732;T;850.0
1945733;T;850.0
1945734;T;850.0
1945735;T;850.0
1945736;T;850.0
1945737;T;850.0
1945738;T;850.0
1945739;T;850.0
1945740;T;850.0
1945741;T;850.0
1945743;T;850.0
1945744;T;850.0
1945746;T;850.0
1945747;T;850.0
1945748;T;850.0
1945750;T;850.0
1945751;T;850.0
1945752;T;850.0
1945753;T;850.0
1945754;T;850.0
1945755;T;850.0
1945756;T;1294.0
1945757;T;850.0
1945758;T;850.0
1945759;T;1294.0
1945760;T;1294.0
1945761;T;1294.0
1945763;T;1294.0
1945764;T;850.0
1945765;T;850.0
1945766;T;850.0
1945767;T;850.0
1945768;T;850.0
1945770;T;1294.0
1945771;T;1294.0
1945773;T;1294.0
1945774;T;1294.0
1945775;T;1294.0
1945776;T;1294.0
1945777;T;1294.0
1945778;T;1294.0
1945779;T;1294.0
1945780;T;1294.0
1945781;T;1294.0
1945782;T;1294.0
1945784;T;1294.0
1945785;T;1294.0
1945786;T;1294.0
1945787;T;1294.0
1945788;T;1294.0
1945789;T;1294.0
1945790;T;1294.0
1945791;T;1018.0
1945792;T;1294.0
1945793;T;1294.0
1945794;T;1294.0
1945795;T;1294.0
1945796;T;1294.0
1945797;T;1294.0
1945798;T;1294.0
1945799;T;1294.0
1945800;T;1294.0
1945801;T;1018.0
1945802;T;1294.0
1945803;T;1294.0
1945804;T;1294.0
1945805;T;1294.0
1945806;T;1018.0
1945807;T;1294.0
1945808;T;1294.0
1945809;T;1294.0
1945810;T;1294.0
1945812;T;1294.0
1945813;T;1294.0
1945814;T;1294.0
1945815;T;1294.0
1945816;T;1294.0
1945817;T;1294.0
1945818;T;1018.0
1945819;T;1018.0
1945820;T;1018.0
1945822;T;1018.0
1945823;T;1018.0
1945824;T;1294.0
1945825;T;1294.0
1945826;T;1294.0
1945827;T;1294.0
1945828;T;1018.0
1945829;T;1294.0
1945830;T;1294.0
1945831;T;1294.0
1945832;T;1294.0
1945833;T;1294.0
1945834;T;1294.0
1945835;T;1294.0
1945836;T;1294.0
1945837;T;1294.0
1945838;T;1294.0
1945839;T;1294.0
1945840;T;1294.0
1945841;T;1294.0
1945842;T;1294.0
1945843;T;1294.0
1945844;T;1294.0
1945845;T;1294.0
1945846;T;1294.0
1945847;T;1294.0
1945848;T;1294.0
1945849;T;1294.0
1945850;T;1294.0
1945851;T;1294.0
1945852;T;1294.0
1945853;T;1294.0
1945854;T;1294.0
1945855;T;1294.0
1945856;T;1294.0
1945857;T;1294.0
1945858;T;1294.0
1945859;T;1294.0
1945860;T;1294.0
1945861;T;1294.0
1945862;T;1294.0
1945864;T;1294.0
1945865;T;1294.0
1945866;T;1018.0
1945867;T;1294.0
1945868;T;1294.0
1945869;T;1294.0
1945870;T;1294.0
1945871;T;1294.0
1945872;T;1294.0
1945873;T;1294.0
1945874;T;1294.0
1945875;T;1294.0
1945876;T;1294.0
1945877;T;1294.0
1945878;T;1294.0
1945879;T;1294.0
1945880;T;1294.0
1945881;T;1294.0
1945882;T;1294.0
1945883;T;1294.0
1945884;T;1294.0
1945885;T;1294.0
1945886;T;1294.0
1945887;T;1294.0
1945889;T;1018.0
1945890;T;1018.0
1945892;T;1018.0
1945893;T;1018.0
1945894;T;1018.0
1945895;T;1018.0
1945896;T;1018.0
1945897;T;1018.0
1945898;T;1018.0
1945899;T;1018.0
1945900;T;1018.0
1945901;T;1018.0
1945902;T;1018.0
1945903;T;1018.0
1945904;T;1018.0
1945905;T;1018.0
1945906;T;1018.0
1945907;T;1018.0
1945908;T;1018.0
1945909;T;1018.0
1945910;T;1018.0
1945911;T;1018.0
1945912;T;1018.0
1945915;T;1018.0
1945916;T;1018.0
1945917;T;1018.0
1945918;T;850.0
1945920;E;862.0
1945921;E;862.0
1945922;T;862.0
1945923;T;850.0
1945924;E;862.0
1945926;T;862.0
1945931;T;850.0
1945932;T;862.0
1945933;T;862.0
1945935;T;1236.0
1945936;T;1236.0
1945940;T;862.0
1945942;T;862.0
1945943;T;862.0
1945944;T;862.0
1945945;T;862.0
1945946;T;862.0
1945950;T;862.0
1945951;T;862.0
1945952;T;862.0
1945953;T;862.0
1945954;T;862.0
1945955;T;862.0
1945957;T;862.0
1945958;T;862.0
1945960;T;862.0
1945961;T;862.0
1945962;T;862.0
1945963;T;862.0
1945964;T;862.0
1945965;T;862.0
1945966;T;862.0
1945967;T;862.0
1945968;T;862.0
1945969;T;862.0
1945970;T;1481.0
1945971;T;862.0
1945972;T;1481.0
1945973;T;862.0
1945974;T;1481.0
1945975;T;862.0
1945976;T;862.0
1945977;T;862.0
1945978;T;862.0
1945979;T;862.0
1945980;T;862.0
1945981;T;862.0
1945982;T;862.0
1945983;T;862.0
1945984;T;862.0
1946085;T;862.0
1946086;T;862.0
1946087;T;862.0
1946088;T;862.0
1946089;T;862.0
1946090;T;862.0
1946091;T;862.0
1946092;T;862.0
1946093;T;862.0
1946095;T;862.0
1946096;T;862.0
1946097;T;862.0
1946098;T;862.0
1946099;T;862.0
1946100;T;862.0
1946101;T;862.0
1946102;T;1481.0
1946103;T;862.0
1946104;T;862.0
1946105;T;862.0
1946106;T;862.0
1946107;T;862.0
1946108;T;862.0
1946109;T;862.0
1946110;T;862.0
1946111;T;862.0
1946112;T;862.0
1946113;T;862.0
1946114;T;862.0
1946115;T;862.0
1946116;T;862.0
1946117;T;862.0
1946118;T;862.0
1946119;T;1259.0
1946120;T;862.0
1946121;T;1259.0
1946122;T;862.0
1946123;T;862.0
1946124;T;862.0
1946125;T;862.0
1946126;T;1259.0
1946127;T;862.0
1946128;T;1259.0
1946130;T;862.0
1946131;T;862.0
1946132;T;862.0
1946133;T;862.0
1946134;T;862.0
1946135;T;862.0
1946136;T;862.0
1946137;T;862.0
1946138;T;862.0
1946139;T;862.0
1946140;T;862.0
1946141;T;1259.0
1946142;T;862.0
1946143;T;862.0
1946144;T;1259.0
1946145;T;862.0
1946146;T;862.0
1946147;T;862.0
1946148;T;862.0
1946149;T;1259.0
1946150;T;862.0
1946151;T;1259.0
1946152;T;862.0
1946153;T;862.0
1946154;T;862.0
1946155;T;1236.0
1946156;T;1236.0
1946157;T;1259.0
1946158;T;1236.0
1946159;T;1236.0
1946160;T;1236.0
1946161;T;1236.0
1946162;T;1236.0
1946163;T;1236.0
1946164;T;1259.0
1946165;T;1236.0
1946166;T;1236.0
1946167;T;1259.0
1946168;T;1236.0
1946169;T;1259.0
1946170;T;1236.0
1946171;T;1259.0
1946173;T;1236.0
1946174;T;1236.0
1946175;T;1236.0
1946176;T;1236.0
1946177;T;1236.0
1946178;T;1259.0
1946179;T;1236.0
1946180;T;1259.0
1946182;T;1259.0
1946183;T;1259.0
1946184;T;1259.0
1946190;T;1236.0
1946191;T;1236.0
1946192;T;1018.0
1946193;T;1018.0
1946194;T;1018.0
1946195;T;1018.0
1946196;T;1018.0
1946198;T;1018.0
1946200;T;1018.0
1946201;T;1018.0
1946202;T;1018.0
1946203;T;1018.0
1946204;T;1018.0
1946205;T;850.0
1946218;E;1018.0
1946219;T;1018.0
1946220;T;1018.0
1946221;T;1018.0
1946222;T;1018.0
1946223;T;1294.0
1946225;T;850.0
1946226;T;850.0
1946227;T;850.0
1946229;T;850.0
1946230;T;850.0
1946231;T;850.0
1946236;T;850.0
1946238;T;982.0
1946239;T;982.0
1946240;T;982.0
1946241;T;982.0
1946242;T;982.0
1946243;T;982.0
1946244;T;982.0
1946245;T;982.0
1946246;T;982.0
1946247;T;982.0
1946248;T;982.0
1946249;T;982.0
1946250;T;982.0
1946251;T;982.0
1946252;T;982.0
1946253;T;982.0
1946254;T;982.0
1946255;T;982.0
1946256;T;982.0
1946257;T;982.0
1946258;T;982.0
1946259;T;982.0
1946260;T;982.0
1946262;T;982.0
1946263;T;1261.0
1946264;T;1261.0
1946265;T;1261.0
1946266;T;982.0
1946267;T;982.0
1946268;T;982.0
1946269;T;982.0
1946270;T;1261.0
1946271;T;982.0
1946272;T;982.0
1946273;T;982.0
1946274;T;982.0
1946275;T;1261.0
1946276;T;1261.0
1946277;T;1261.0
1946278;T;1261.0
1946279;T;1261.0
1946280;T;1261.0
1946281;T;1261.0
1946282;T;1261.0
1946283;T;1261.0
1946284;T;982.0
1946385;T;982.0
1946386;T;1261.0
1946387;T;1261.0
1946388;T;1261.0
1946389;T;1261.0
1946390;T;1261.0
1946392;T;1261.0
1946393;T;982.0
1946394;T;982.0
1946395;T;982.0
1946396;T;982.0
1946397;T;982.0
1946398;T;982.0
1946399;T;982.0
1946400;T;982.0
1946401;T;982.0
1946402;T;982.0
1946403;T;982.0
1946404;T;982.0
1946405;T;982.0
1946406;T;982.0
1946407;T;982.0
1946408;T;982.0
1946409;T;982.0
1946410;T;982.0
1946411;T;982.0
1946413;T;850.0
1946414;T;850.0
1946415;T;850.0
1946416;E;850.0
1946417;T;939.0
1946418;T;850.0
1946434;T;850.0
1946435;T;850.0
1946437;T;982.0
1946438;T;982.0
1946439;T;982.0
1946440;T;1261.0
1946441;T;1261.0
1946442;T;1261.0
1946443;T;1261.0
1946444;T;1261.0
1946445;T;982.0
1946446;T;1261.0
1946447;T;1261.0
1946448;T;1261.0
1946450;T;1261.0
1946451;T;1261.0
1946452;T;1261.0
1946453;T;1261.0
1946454;T;1261.0
1946456;T;1261.0
1946457;T;1261.0
1946458;T;1261.0
1946459;T;1261.0
1946460;T;1261.0
1946461;T;1261.0
1946462;T;1261.0
1946463;T;1261.0
1946464;T;1261.0
1946465;T;1261.0
1946467;T;1261.0
1946468;T;1261.0
1946469;T;1261.0
1946470;T;1261.0
1946471;T;1261.0
1946472;T;1261.0
1946473;T;1261.0
1946474;T;1261.0
1946475;T;1261.0
1946476;T;1261.0
1946477;T;1261.0
1946478;T;1261.0
1946479;T;1261.0
1946480;T;1261.0
1946481;T;1866.0
1946483;T;1866.0
1946484;T;1866.0
1946542;T;1801.0
1946543;T;1801.0
1946544;T;1801.0
1946585;T;1866.0
1946586;T;1866.0
1946587;T;1866.0
1946588;T;1866.0
1946589;T;1866.0
1946591;T;982.0
1946592;T;982.0
1946593;T;982.0
1946594;T;982.0
1946595;T;982.0
1946596;T;982.0
1946597;T;982.0
1946598;T;982.0
1946599;T;982.0
1946600;T;982.0
1946601;T;982.0
1946602;T;982.0
1946603;T;982.0
1946604;T;982.0
1946605;T;982.0
1946606;T;982.0
1946607;T;982.0
1946608;T;982.0
1946609;T;982.0
1946610;T;850.0
1946611;T;850.0
1946612;T;850.0
1946613;T;850.0
1946614;T;850.0
1946615;T;850.0
1946616;T;850.0
1946617;T;850.0
1946618;T;850.0
1946619;T;850.0
1946620;T;850.0
1946621;T;850.0
1946622;T;850.0
1946623;T;850.0
1946624;T;850.0
1946626;T;850.0
1946627;T;850.0
1946628;T;850.0
1946629;T;850.0
1946630;T;850.0
1946631;T;850.0
1946632;T;850.0
1946633;T;850.0
1946634;T;850.0
1946635;T;850.0
1946636;T;850.0
1946637;T;850.0
1946638;T;850.0
1946639;T;850.0
1946640;T;850.0
1946641;T;850.0
1946642;T;850.0
1946643;T;850.0
1946644;T;850.0
1946645;T;850.0
1946646;T;850.0
1946647;T;850.0
1946648;T;850.0
1946649;T;850.0
1946650;T;850.0
1946653;T;850.0
1946654;T;850.0
1946655;T;850.0
1946656;T;850.0
1946657;T;850.0
1946658;T;850.0
1946659;T;850.0
1946660;T;850.0
1946661;T;850.0
1946663;T;850.0
1946664;T;850.0
1946665;T;850.0
1946666;T;850.0
1946667;T;850.0
1946668;T;850.0
1946670;T;850.0
1946672;T;850.0
1946687;T;1561.0
1946690;T;1801.0
1946691;T;1261.0
1946692;T;1261.0
1946693;T;1261.0
1946695;T;2296.0
1946696;T;1261.0
1946697;T;1261.0
1946698;T;1261.0
1946699;T;1261.0
1946700;T;1261.0
1946701;T;1261.0
1946702;T;1261.0
1946703;T;1261.0
1946704;T;1261.0
1946705;T;1261.0
1946706;T;1261.0
1946707;T;1261.0
1946708;T;1261.0
1946709;T;1261.0
1946710;T;1261.0
1946711;T;1261.0
1946712;T;1261.0
1946713;E;1888.0
1946714;T;1261.0
1946715;T;1261.0
1946716;T;1261.0
1946718;T;1261.0
1946720;T;1261.0
1946721;T;1261.0
1946722;T;1261.0
1946723;T;1261.0
1946724;T;1261.0
1946725;T;1261.0
1946726;T;1261.0
1946727;T;1261.0
1946728;T;1261.0
1946729;T;1261.0
1946730;T;1261.0
1946731;T;1261.0
1946732;T;1261.0
1946733;T;1261.0
1946734;T;1261.0
1946736;T;1768.0
1946737;T;1259.0
1946738;T;1259.0
1946740;T;1259.0
1946742;T;1259.0
1946743;T;1259.0
1946745;T;1768.0
1946746;T;1768.0
1946747;T;1768.0
1946748;T;1768.0
1946749;T;1768.0
1946750;T;1768.0
1946751;T;1768.0
1946752;T;1768.0
1946753;T;1768.0
1946754;T;1768.0
1946755;T;1768.0
1946756;T;1259.0
1946757;T;1768.0
1946758;T;1768.0
1946759;T;1768.0
1946773;T;2256.0
1946775;T;2597.0
1946777;T;2597.0
1946778;E;2597.0
1946779;E;2597.0
1946780;E;2597.0
1946781;E;2597.0
1946782;E;2597.0
1946787;T;1938.0
1946789;T;850.0
1946790;T;850.0
1946793;T;850.0
1946794;T;850.0
1946795;T;850.0
1946797;T;1818.0
1946798;T;1818.0
1946800;T;1818.0
1946801;T;1818.0
1946802;T;1818.0
1946803;T;1818.0
1946805;T;1818.0
1946806;T;1818.0
1946807;T;1818.0
1946808;T;1818.0
1946809;T;1818.0
1946810;T;1818.0
1946811;T;1818.0
1946812;T;1818.0
1946813;T;1818.0
1946814;T;1866.0
1946815;T;1866.0
1946816;T;1866.0
1946817;T;1866.0
1946818;T;1866.0
1946819;T;1866.0
1946820;T;1866.0
1946821;T;1866.0
1946822;T;1866.0
1946823;T;1261.0
1946825;T;1261.0
1946826;T;1261.0
1946827;T;1261.0
1946828;T;1261.0
1946829;T;1261.0
1946830;T;1261.0
1946831;T;1261.0
1946832;T;1261.0
1946833;T;1261.0
1946834;T;1261.0
1946835;T;1261.0
1946836;T;1261.0
1946837;T;1261.0
1946839;T;1866.0
1946840;T;1866.0
1946841;T;1866.0
1946842;T;1866.0
1946843;T;1866.0
1946844;T;1866.0
1946845;T;1866.0
1946847;T;1866.0
1946848;T;1938.0
1946849;T;1938.0
1946850;T;1818.0
1946851;T;1938.0
1946852;T;1938.0
1946853;T;1938.0
1946854;T;1938.0
1946859;T;1261.0
1946875;T;1261.0
1946876;T;1261.0
1946877;T;1261.0
1946878;T;1261.0
1946879;T;1261.0
1946881;T;1261.0
1946882;T;1261.0
1946883;T;1261.0
1946884;T;1261.0
1947184;T;1261.0
1947185;T;1261.0
1947186;T;1261.0
1947187;T;1261.0
1947188;T;1261.0
1947189;T;1261.0
1947190;T;1261.0
1947191;T;1261.0
1947192;T;1261.0
1947193;T;1261.0
1947199;T;1261.0
1947200;T;1261.0
1947201;T;1261.0
1947202;T;1261.0
1947203;T;1261.0
1947204;T;1261.0
1947205;T;1261.0
1947206;T;1261.0
1947207;T;1261.0
1947208;T;1261.0
1947209;T;1261.0
1947210;T;1261.0
1947212;T;1261.0
1947213;T;1261.0
1947219;T;1261.0
1947220;T;1261.0
1947221;T;1261.0
1947222;T;1261.0
1947223;T;1261.0
1947228;T;1261.0
1947229;T;1261.0
1947230;T;1261.0
1947231;T;1261.0
1947232;T;1261.0
1947233;T;1261.0
1947234;T;1261.0
1947235;T;1261.0
1947236;T;1485.0
1947237;T;1485.0
1947243;T;1485.0
1947244;T;1485.0
1947245;T;1485.0
1947246;T;1485.0
1947247;T;1485.0
1947264;T;1300.0
1947266;E;1300.0
1947268;E;1776.0
1947271;E;1768.0
1947272;E;1768.0
1947273;E;1768.0
1947275;E;1768.0
1947276;E;1768.0
1947278;T;1768.0
1947278;T;1768.0
1947279;E;1768.0
1947281;T;1768.0
1947282;E;1259.0
1947382;E;1259.0
1947383;T;1259.0
1947384;T;1259.0
1947385;T;1259.0
1947386;T;1259.0
1947388;T;1259.0
1947389;T;1259.0
1947390;T;1259.0
1947391;T;1259.0
1947392;T;1259.0
1947394;T;1259.0
1947395;T;1259.0
1947396;T;1259.0
1947397;T;1259.0
1947398;T;1259.0
1947399;T;1259.0
1947400;T;1259.0
1947401;T;1259.0
1947402;T;1259.0
1947403;T;1259.0
1947404;T;1259.0
1947405;T;1259.0
1947406;T;1259.0
1947407;T;1259.0
1947408;T;1259.0
1947409;T;1259.0
1947410;T;1259.0
1947411;T;1259.0
1947412;T;1259.0
1947413;T;1259.0
1947414;T;1259.0
1947415;T;1259.0
1947416;T;1259.0
1947417;T;1259.0
1947418;T;1259.0
1947419;T;1259.0
1947420;T;1259.0
1947421;T;1259.0
1947422;T;1259.0
1947424;T;1259.0
1947425;T;1259.0
1947426;T;1259.0
1947427;T;1259.0
1947428;T;1259.0
1947429;T;1300.0
1947430;T;1259.0
1947431;T;1259.0
1947432;T;1259.0
1947433;T;1300.0
1947434;T;1259.0
1947435;T;1300.0
1947436;T;1259.0
1947437;T;1300.0
1947438;T;1259.0
1947439;T;1300.0
1947440;T;1259.0
1947441;T;1300.0
1947442;T;1259.0
1947443;T;1300.0
1947444;T;1259.0
1947445;T;1259.0
1947446;T;1259.0
1947447;T;1300.0
1947448;T;1259.0
1947449;T;1259.0
1947450;T;1259.0
1947451;T;1259.0
1947452;T;1259.0
1947453;T;1259.0
1947455;T;1259.0
1947457;T;1259.0
1947458;T;1259.0
1947459;T;1259.0
1947460;T;1259.0
1947461;T;1259.0
1947462;T;1259.0
1947463;T;1259.0
1947464;T;1259.0
1947465;T;1259.0
1947466;T;1259.0
1947467;T;1259.0
1947468;T;1259.0
1947469;T;1259.0
1947470;T;1259.0
1947471;T;1259.0
1947472;T;1259.0
1947473;T;1259.0
1947475;T;1259.0
1947476;T;1259.0
1947479;T;1259.0
1947480;T;1259.0
1947481;T;1259.0
1947482;T;1259.0
1947485;T;1259.0
1947486;T;1259.0
1947497;T;2296.0
1947498;T;2296.0
1947499;E;2296.0
1947500;T;1300.0
1947501;T;1300.0
1947502;E;2296.0
1947503;E;2296.0
1947505;T;830.0
1947506;T;830.0
1947507;T;830.0
1947508;T;830.0
1947509;T;830.0
1947510;T;1866.0
1947511;T;830.0
1947512;T;830.0
1947513;T;830.0
1947514;T;830.0
1947515;T;830.0
1947516;T;830.0
1947517;T;830.0
1947518;T;830.0
1947519;T;830.0
1947520;T;1261.0
1947521;T;1261.0
1947522;T;1261.0
1947523;T;1261.0
1947524;T;1261.0
1947525;T;1261.0
1947527;T;1261.0
1947528;T;1261.0
1947529;T;1261.0
1947530;T;1261.0
1947532;T;1261.0
1947533;T;1261.0
1947534;T;1261.0
1947535;T;1261.0
1947536;T;1261.0
1947537;T;1261.0
1947538;T;1261.0
1947539;T;1261.0
1947540;T;1261.0
1947541;T;1261.0
1947542;T;1261.0
1947543;T;1261.0
1947544;T;1261.0
1947545;T;1261.0
1947546;T;1866.0
1947547;T;1866.0
1947548;T;1261.0
1947549;T;1866.0
1947550;T;1261.0
1947551;T;1261.0
1947552;T;1261.0
1947553;T;1261.0
1947554;T;1261.0
1947555;T;1261.0
1947556;T;830.0
1947557;T;1261.0
1947558;T;1261.0
1947562;T;1261.0
1947563;T;830.0
1947564;T;1261.0
1947565;T;830.0
1947566;T;830.0
1947567;T;1261.0
1947568;T;1261.0
1947569;T;830.0
1947570;T;1261.0
1947571;T;830.0
1947573;T;830.0
1947574;T;1261.0
1947575;T;830.0
1947576;T;1261.0
1947577;T;830.0
1947578;T;1261.0
1947579;T;830.0
1947580;T;830.0
1947581;T;830.0
1947682;T;830.0
1947683;T;1261.0
1947684;T;830.0
1947685;T;1261.0
1947686;T;830.0
1947687;T;830.0
1947688;T;830.0
1947689;T;830.0
1947690;T;830.0
1947691;T;830.0
1947692;T;830.0
1947693;T;830.0
1947694;T;1261.0
1947695;T;1261.0
1947696;T;1261.0
1947697;T;2296.0
1947698;T;830.0
1947699;T;830.0
1947700;T;830.0
1947701;T;830.0
1947702;T;830.0
1947703;T;830.0
1947704;T;830.0
1947705;T;830.0
1947706;T;830.0
1947707;T;830.0
1947708;E;2296.0
1947709;T;830.0
1947710;T;830.0
1947711;T;830.0
1947712;T;830.0
1947713;T;830.0
1947715;T;1801.0
1947717;T;1801.0
1947718;T;1801.0
1947719;T;1801.0
1947720;T;1303.0
1947721;T;1801.0
1947722;T;1303.0
1947723;T;1303.0
1947724;T;1303.0
1947725;T;1801.0
1947726;T;1303.0
1947727;T;1801.0
1947728;T;1303.0
1947729;T;1303.0
1947730;T;1801.0
1947731;T;1303.0
1947732;T;1801.0
1947733;T;1303.0
1947734;T;1801.0
1947735;T;1303.0
1947736;T;1801.0
1947737;T;1303.0
1947738;T;1303.0
1947739;T;1303.0
1947741;T;1303.0
1947742;T;1303.0
1947743;T;1801.0
1947744;T;1303.0
1947747;T;1303.0
1947748;T;1303.0
1947750;T;1303.0
1947751;T;1303.0
1947752;T;1303.0
1947753;T;1303.0
1947754;T;1303.0
1947755;T;1303.0
1947756;T;1303.0
1947757;T;1303.0
1947758;T;1303.0
1947759;T;1303.0
1947760;T;1303.0
1947761;T;1303.0
1947762;T;1303.0
1947763;T;1300.0
1947764;T;1303.0
1947765;T;1561.0
1947766;T;1303.0
1947767;T;1300.0
1947768;T;1300.0
1947769;T;1300.0
1947770;T;1561.0
1947771;T;1561.0
1947772;T;1300.0
1947773;T;1300.0
1947774;T;1300.0
1947775;T;1300.0
1947776;T;1300.0
1947778;T;1300.0
1947779;T;1561.0
1947780;T;1561.0
1947782;T;1561.0
1947783;T;1561.0
1947784;T;1561.0
1947790;T;1303.0
1947791;T;1303.0
1947806;T;1485.0
1947807;T;1485.0
1947808;T;1485.0
1947809;E;1485.0
1947810;T;1485.0
1947811;T;1485.0
1947812;T;1485.0
1947813;T;1485.0
1947814;T;1485.0
1947815;T;1261.0
1947816;T;1261.0
1947817;T;1261.0
1947818;T;1261.0
1947819;T;1261.0
1947820;T;1261.0
1947821;T;1261.0
1947822;T;1261.0
1947823;T;1261.0
1947824;T;1261.0
1947825;T;1261.0
1947827;T;1261.0
1947828;T;1261.0
1947829;T;1261.0
1947830;T;1261.0
1947831;T;1261.0
1947832;E;1261.0
1947833;T;1261.0
1947834;T;1261.0
1947835;T;1261.0
1947836;T;1261.0
1947837;T;1261.0
1947838;T;1261.0
1947839;T;1485.0
1947840;T;1485.0
1947841;T;1485.0
1947842;T;1485.0
1947843;T;830.0
1947844;T;830.0
1947845;T;830.0
1947848;T;830.0
1947849;T;830.0
1947850;T;830.0
1947851;T;830.0
1947852;T;1303.0
1947853;T;1303.0
1947854;T;830.0
1947855;T;830.0
1947856;T;830.0
1947857;T;830.0
1947859;T;830.0
1947860;T;830.0
1947862;T;830.0
1947863;T;830.0
1947864;T;830.0
1947866;T;830.0
1947867;T;830.0
1947868;T;830.0
1947869;T;830.0
1947870;T;830.0
1947871;T;830.0
1947872;T;830.0
1947874;T;830.0
1947875;T;830.0
1947876;T;830.0
1947877;T;830.0
1947987;T;830.0
1947989;T;830.0
1947991;T;830.0
1947992;T;830.0
1947993;T;830.0
1947994;T;830.0
1947995;T;830.0
1947996;T;830.0
1947997;T;830.0
1947999;T;830.0
1948000;T;830.0
1948002;T;830.0
1948003;T;830.0
1948004;T;830.0
1948005;T;830.0
1948006;T;830.0
1948007;T;830.0
1948008;T;830.0
1948009;T;830.0
1948010;T;830.0
1948011;T;830.0
1948012;T;830.0
1948013;T;830.0
1948014;T;830.0
1948015;T;830.0
1948016;T;830.0
1948017;T;830.0
1948018;T;830.0
1948019;T;830.0
1948021;T;830.0
1948022;T;830.0
1948023;T;830.0
1948024;T;830.0
1948025;T;830.0
1948026;T;830.0
1948027;T;830.0
1948028;T;830.0
1948029;T;830.0
1948030;T;830.0
1948031;T;830.0
1948032;T;830.0
1948033;T;830.0
1948034;T;830.0
1948035;T;830.0
1948036;T;830.0
1948037;T;830.0
1948038;T;830.0
1948039;T;830.0
1948040;T;830.0
1948041;T;830.0
1948042;T;830.0
1948043;T;830.0
1948044;T;830.0
1948045;T;830.0
1948046;T;830.0
1948047;T;830.0
1948048;T;830.0
1948049;T;830.0
1948050;T;830.0
1948051;T;830.0
1948052;T;830.0
1948053;T;830.0
1948054;T;830.0
1948055;T;830.0
1948056;T;830.0
1948058;T;830.0
1948059;T;830.0
1948060;T;830.0
1948061;T;830.0
1948062;T;830.0
1948063;T;830.0
1948064;T;830.0
2665858;C;665.0
2665859;C;665.0
2665860;C;665.0
2666122;A;1034.0
2666123;A;1034.0
2666125;A;1270.0
2666126;A;1270.0
2666127;A;863.0
2666128;A;863.0
2666129;A;863.0
2666130;A;863.0
2666131;A;863.0
2666132;A;863.0
2666133;A;863.0
2666137;C;2095.0
2666138;A;1270.0
2666139;A;1270.0
2666140;A;1034.0
2666141;A;1034.0
2666142;A;1034.0
2666144;A;1855.0
2666994;A;1000.0
2666995;D;308.0
2667001;A;885.0
2667002;A;885.0
2667016;A;885.0
2667022;A;885.0
2667026;A;885.0
2667034;C;665.0
2667037;C;665.0
2667135;T;1801.0
2667136;T;850.0
2667137;T;850.0
2667138;T;850.0
2667139;T;850.0
2667140;T;850.0
2667141;T;850.0
2667142;E;1300.0
2667144;E;1236.0
2667145;E;830.0
2667147;E;1261.0
2667148;E;1261.0
2667168;T;850.0
2667169;T;850.0
2667170;T;850.0
2667171;T;850.0
2667172;T;850.0
2667173;T;850.0
2667219;A;885.0
2667221;A;885.0
2667230;A;885.0
2667234;A;885.0
2667238;A;885.0
2667246;A;885.0
2667296;A;885.0
2667297;A;885.0
2667298;A;885.0
2667303;A;885.0
2667306;A;885.0
2667313;A;885.0
2667317;A;885.0
2667321;A;885.0
2667324;A;885.0
2667325;A;885.0
2667328;A;885.0
2667330;A;885.0
2667343;A;885.0
2667344;A;885.0
2667346;A;885.0
2667349;A;885.0
2667351;A;885.0
2667354;A;885.0
2667366;A;885.0
2667371;A;885.0
2667372;A;885.0
2667997;A;885.0
2667999;A;885.0
2668004;A;885.0
2668009;A;885.0
2668014;A;885.0
2668016;A;885.0
2668019;A;885.0
2668024;A;885.0
2668027;A;885.0
2668166;C;1033.0
2668180;C;716.0
2668187;B;1485.0
2668239;B;1303.0
2668401;A;885.0
2674972;A;885.0
2674973;A;885.0
2674974;A;885.0
2674975;A;885.0
2674976;B;1303.0
2674977;A;1235.0
2674978;C;932.0
2675259;E;982.0
2675260;E;982.0
2675261;E;982.0
2675262;E;982.0
2675263;E;982.0
2675264;E;982.0
2675265;E;982.0
2675266;E;982.0
2675267;E;982.0
2675268;E;982.0
2675269;E;982.0
2675270;E;982.0
2675271;E;982.0
2675272;E;982.0
2675273;E;982.0
2675274;E;982.0
2675275;E;982.0
2675276;E;982.0
2675277;E;982.0
2675278;E;982.0
2675279;E;982.0
2675280;E;982.0
2675281;E;982.0
2675282;E;982.0
2675283;E;982.0
2675284;E;982.0
2675285;E;982.0
2675286;E;982.0
2675287;E;982.0
2675288;E;982.0
2675289;E;982.0
2675291;E;982.0
2675293;E;982.0
2675294;E;982.0
2675295;E;982.0
2675296;E;982.0
2675297;E;982.0
2675298;E;982.0
2675299;E;982.0
2675300;E;982.0
2675301;E;982.0
2675302;E;982.0
2675303;E;982.0
2675304;E;982.0
2675305;E;982.0
2675306;E;982.0
2675308;E;982.0
2675309;E;982.0
2675310;E;982.0
2675311;E;982.0
2675312;E;982.0
2714495;T;850.0
2714496;T;850.0
2714497;T;850.0
2714498;T;982.0
2714499;T;982.0
2714500;T;982.0
2714501;T;982.0
2714502;T;982.0
2714503;T;982.0
2714504;E;982.0
2714505;T;982.0
2714506;T;982.0
2714507;T;982.0
2714508;T;982.0
2714509;T;982.0
2714510;T;982.0
2714511;T;982.0
2714512;T;982.0
2714513;T;982.0
2714514;T;982.0
2714515;T;982.0
2714516;T;982.0
2714517;T;982.0
2714518;T;982.0
2714519;T;982.0
2714520;T;982.0
2714521;T;982.0
2714522;T;1236.0
2714523;T;1236.0
2714524;T;850.0
2714525;T;850.0
2714526;T;850.0
2714527;T;850.0
2714528;T;850.0
2719265;A;1426.0
2719284;A;1426.0
2724429;T;1261.0
2724433;T;1261.0
2732799;F;862.0
2732800;F;850.0
2732804;F;850.0
2732805;F;1018.0
2732806;F;1018.0
2732807;F;1018.0
2732808;F;1018.0
2732809;F;1018.0
2732810;F;1018.0
2732811;F;862.0
2732812;F;1018.0
2732813;F;1294.0
2732814;F;1294.0
2732815;F;1236.0
2732816;F;1236.0
2732817;F;1236.0
2732818;F;1236.0
2732819;F;1236.0
2732820;F;1236.0
2732821;F;1236.0
2732822;F;1236.0
2732825;F;1259.0
2732827;F;1394.0
2732832;F;1302.0
2732833;F;1394.0
2732834;F;1394.0
2732836;F;1547.0
2732837;F;1950.0
2732838;F;1938.0
2732839;F;1938.0
2732840;F;1547.0
2732841;F;1776.0
2732842;F;1776.0
2732843;F;1866.0
2732844;F;1866.0
2732845;F;1561.0
2732846;F;2296.0
2732847;F;2296.0
2732848;F;1303.0
2732849;F;1303.0
2732851;F;1561.0
2732852;F;1561.0
2732853;F;1561.0
2732854;F;1561.0
2732855;F;1561.0
2732856;F;1485.0
2732857;F;2296.0
2732858;F;2296.0
2732859;F;1303.0
2732860;F;1303.0
2732861;F;1303.0
2732862;F;1303.0
2732864;F;1303.0
2732865;F;830.0
2732867;F;830.0
2781821;T;1261.0
2782172;T;1261.0
2785314;A;1497.0
2786156;A;1948.0
2786157;C;1530.0
2787445;A;1034.0
2787446;A;1034.0
2787447;T;850.0
2787448;T;850.0
2787449;T;850.0
2787450;T;850.0
2787451;T;850.0
2787452;T;850.0
2787453;T;850.0
2787454;T;850.0
2787455;T;850.0
2787456;T;850.0
2787457;T;850.0
2787458;T;850.0
2787459;T;850.0
2787460;T;850.0
2787461;T;850.0
2787462;T;850.0
2787463;T;850.0
2787464;T;850.0
2787465;T;850.0
2787466;T;850.0
2787467;C;665.0
2787468;C;665.0
2787469;D;315.0
2787470;D;315.0
2789816;C;643.0
2790193;D;308.0
2790212;T;830.0
2790319;E;1768.0
2790322;E;1768.0
2790324;E;1768.0
2790333;C;838.0
2790338;C;838.0
2790359;;1547.0
2790360;;1547.0
2814329;A;1515.0
2814333;A;1515.0
2814338;B;1394.0
2814348;E;1950.0
2830245;T;850.0
2840041;T;850.0
2842581;A;1270.0
2842586;A;1138.0
2842590;A;1515.0
2842591;A;1515.0
2842601;B;1236.0
2842904;T;939.0
2842905;T;1259.0
2842906;T;1259.0
2842907;T;1259.0
2842909;T;850.0
2842911;T;1294.0
2842912;T;1294.0
2842913;T;1294.0
2842914;T;1294.0
2842915;T;1294.0
2842916;T;1294.0
2842917;T;1294.0
2842918;T;1018.0
2842919;T;1018.0
2842920;T;1294.0
2842921;T;1294.0
2842922;T;1294.0
2842923;T;1294.0
2842924;T;862.0
2842925;T;850.0
2842926;T;850.0
2844392;T;862.0
2844393;T;862.0
2848334;C;1267.0
2848335;T;830.0
2848336;T;862.0
2849041;A;2106.0
2849042;T;982.0
2849043;C;1267.0
2849048;T;850.0
2849050;T;862.0
2849051;T;862.0
2849052;T;862.0
2851699;A;1333.0
2852153;A;1805.0
2852154;C;1338.0
2852467;T;850.0
2852468;T;1236.0
2852469;T;1236.0
2852470;T;1236.0
2852471;T;1236.0
2852472;T;1236.0
2852473;T;1236.0
2852474;T;1236.0
2852475;T;1236.0
2852476;T;1236.0
2852477;T;1236.0
2852478;T;1259.0
2852481;T;850.0
2852482;T;850.0
2852483;T;850.0
2852484;T;850.0
2852485;T;850.0
2852486;T;850.0
2852487;T;850.0
2852622;B;2000.0
2852631;A;1059.0
2852632;A;1059.0
2852653;T;939.0
2852654;T;939.0
2854662;;2037.0
2854663;A;2517.0
2854870;C;2435.0
2854871;C;2435.0
2854885;;862.0
2854886;;862.0
2854887;;862.0
2855206;A;1870.0
2855207;C;1267.0
2855214;B;1801.0
2855220;A;1870.0
2855376;C;2435.0
2855377;C;2435.0
2856957;B;850.0
2856958;A;967.0
2857132;D;1950.0
2857133;C;1550.0
2857399;C;728.0
2857401;D;315.0
2857467;A;1948.0
2858387;F;1768.0
2859478;B;1259.0
2859479;A;1242.0
2859480;C;910.0
2859481;B;1302.0
2859482;A;1138.0
2859483;A;1988.0
2859485;C;2095.0
2859486;C;2095.0
2859487;A;1988.0
2859488;A;1988.0
2859489;C;2095.0
2859490;C;2095.0
2859491;C;2095.0
2859492;C;2095.0
2859493;C;2095.0
2859494;C;2095.0
2859495;C;2095.0
2859496;C;2095.0
2859497;C;2095.0
2859498;C;2095.0
2859499;C;2095.0
2859500;C;2095.0
2859501;A;1000.0
2859502;;862.0
2859503;A;1000.0
2859504;;862.0
2859505;A;1000.0
2859506;;862.0
2859507;A;1000.0
2859508;A;1000.0
2859510;A;1000.0
2859511;;862.0
2859512;;862.0
2859513;C;662.0
2859924;T;850.0
2859987;E;862.0
2859994;E;862.0
2860000;E;862.0
2860004;E;862.0
2860057;T;1300.0
2861233;T;1801.0
2861235;T;1801.0
2863138;E;862.0
2863139;E;862.0
2863140;E;862.0
2863141;E;862.0
2863142;E;862.0
2863275;E;1818.0
2863520;T;1394.0
2863532;T;1394.0
2863533;T;1394.0
2863588;T;850.0
2863589;T;850.0
2863601;T;1018.0
2863642;A;1034.0
2863643;;830.0
2863676;D;321.0
2863684;T;830.0
2863690;A;1235.0
2863698;A;1322.0
2863705;A;1855.0
2864193;A;885.0
2864194;A;885.0
2864195;A;885.0
2864196;A;885.0
2864197;A;885.0
2864198;A;885.0
2864199;A;885.0
2864200;A;885.0
2864201;F;850.0
2865016;A;1000.0
2870657;T;850.0
3043055;F;830.0
3043076;F;830.0
3073190;T;830.0
3073195;T;830.0
3073203;T;850.0
3107604;T;1776.0
3107609;T;2606.0
3107612;T;2606.0
3107618;T;2296.0
3107619;T;2296.0
3107620;T;1303.0
3107621;T;1303.0
2984694;T;
