immobile_id,cluster_id
1945244,79
689718,146
696035,43
1945829,61
691888,29
691854,29
692624,14
691298,18
2732827,52
574597,58
689266,79
693282,113
3107710,90
3108109,9
1864589,29
574727,58
2667135,99
692362,41
691306,18
683500,43
696717,122
1947438,34
695859,33
574963,58
382044,141
686838,74
695961,119
686780,74
695757,33
689223,17
696448,43
1946632,53
1866158,24
695157,33
2790322,93
2675304,147
691260,18
1865267,139
1866206,51
698947,23
692168,18
2860004,2
694478,140
689278,79
691509,14
697578,32
689995,30
691480,14
693373,113
697525,32
690345,79
1865277,5
574563,58
3107908,0
692629,14
695037,33
1947877,97
1945710,91
1865590,121
691730,29
43208,119
698914,23
1945394,89
1865124,59
689745,146
686001,59
689216,17
698435,9
3107926,24
693875,1
698260,9
698425,9
693246,44
1865810,114
693207,44
1945550,41
694528,63
691896,29
698543,23
698031,23
694611,1
695610,65
683759,43
691409,98
687005,74
698075,23
695374,119
693869,1
3107791,3
696375,3
688923,38
698918,23
1946687,46
695042,33
3108098,135
693350,113
689339,60
698093,23
698137,76
694907,87
686346,43
692311,18
696436,45
683218,145
697429,93
1946410,115
694362,140
696915,45
574833,58
698803,143
689594,144
689709,12
693012,76
1938006,86
697660,32
574985,58
696469,19
694245,8
1946640,53
686727,21
695834,33
574571,58
14929,26
699391,76
2667297,104
699102,23
690686,35
693015,76
692696,14
2863140,2
694986,33
688976,70
691518,14
692000,29
574980,58
692824,14
1947825,73
695076,33
3107771,125
689274,79
1945780,61
3073195,13
1946593,37
695278,65
693071,14
698829,23
694814,87
689996,30
693195,44
696434,3
1865921,54
693026,47
688885,38
697500,32
3108140,141
691969,29
1866116,14
691613,148
688954,38
697466,32
2666132,105
699024,23
691925,29
683702,43
697319,36
683457,43
693611,2
3107721,147
692141,18
696814,45
1947268,95
699125,23
1945420,146
683740,43
696471,19
1864790,59
1865464,50
695788,33
693372,113
1947850,23
698188,6
1865794,54
694512,116
698610,19
686811,74
692094,146
1865203,77
697683,32
1945689,80
695016,33
1947837,73
687251,43
699431,110
693285,113
696996,19
694671,39
683453,43
3107973,76
574820,58
697194,36
694568,1
692854,72
1864505,111
2859994,2
1866256,16
687158,43
696411,3
382054,107
1946252,115
694620,1
1946666,132
1864628,59
689566,144
1946757,20
687492,21
683523,43
692401,18
687180,43
696413,3
691974,29
690528,107
1862488,5
1946120,44
688865,38
698736,23
695355,119
691506,14
686668,0
696241,53
687418,43
1948051,129
2787464,28
1865167,139
691566,148
697185,36
692918,113
694980,4
3108009,137
1938010,86
693010,84
698141,76
698375,9
2849052,10
689699,0
692313,18
696336,3
1865451,96
698283,9
693505,62
689215,17
1945625,41
338707,3
696971,119
1945460,11
697451,32
1116,29
692700,14
1945454,11
693522,62
697621,32
3107621,45
3107979,140
574860,58
694476,140
698422,9
698292,9
695998,43
695627,65
686521,105
697953,49
688955,38
683505,43
686881,74
2790319,93
694375,4
695994,43
1946656,53
1865458,50
696142,13
696523,19
689340,60
693999,8
1947721,141
689521,144
692857,72
692319,18
692721,14
3108001,39
686733,21
689518,144
693741,2
693643,2
695710,33
687227,43
1945854,61
692844,14
1946269,115
1865117,59
694777,87
696513,19
697188,36
1946647,53
696969,119
1865586,31
1947764,6
1865714,128
1946190,68
690595,35
689454,60
694898,87
688339,54
691511,14
1865482,128
691491,14
688884,38
2714517,147
693871,1
687375,104
696141,13
698959,141
574928,58
693668,2
683707,43
1947581,103
691296,18
1864569,43
692551,24
1862465,77
388323,83
1865190,139
1947536,122
697127,36
2675303,147
694730,106
2859485,4
1866225,17
693212,44
689753,146
699067,23
688335,30
697455,32
695905,4
689474,60
1945763,125
696911,45
697740,32
388319,83
694044,8
696554,19
691971,29
694122,8
697486,32
1945552,41
695984,43
688298,54
699445,65
695703,33
683703,43
693602,2
1864629,59
690609,35
695875,33
691850,29
687350,104
693635,2
686890,74
693288,113
1865123,22
699215,23
683472,102
2852476,8
2667026,104
698199,6
574943,58
1864645,59
686940,74
1947733,45
686904,74
696308,3
697523,32
686002,59
1865845,114
686973,74
692746,51
697634,32
686600,104
683760,43
692169,18
692894,148
698057,23
696038,43
696371,3
3107790,3
698717,23
1865281,139
693085,14
697785,32
696520,19
683734,43
696092,133
689569,144
1947779,107
338659,32
692346,18
686698,74
1864658,59
696878,45
686477,104
695324,3
691899,29
688221,121
686778,74
698954,141
688910,38
1946150,44
693887,1
689213,17
698181,6
686843,74
574631,58
690521,35
691639,48
683511,43
693767,76
1864499,111
685998,77
3107912,144
697180,36
687011,74
695059,33
1865627,70
692036,18
695277,65
3108188,149
575001,58
686952,74
1866243,78
692872,2
690053,120
697108,36
1864523,59
697595,32
698535,23
694303,1
1945837,61
9289,120
2714507,147
689756,146
694466,140
690678,35
1945931,17
695785,33
693125,44
1865631,128
696303,3
1864979,117
687217,43
695108,33
695702,33
1865218,86
692102,146
686925,74
3107669,124
574757,58
697932,49
689237,17
691507,14
692879,2
694581,1
697396,95
686572,104
694242,8
574723,58
693410,108
3107873,30
693117,44
3108090,9
699064,23
692330,18
695990,43
691451,72
1866161,109
1865855,17
688830,96
1865775,121
692003,29
1938033,115
1947473,34
1865498,70
695084,33
698773,23
690517,35
697786,32
696235,3
1945897,51
690893,29
3108164,127
1865091,102
1946107,50
697133,36
691872,29
696870,45
1945706,80
696714,122
1865099,126
695151,33
686908,74
697261,36
696821,45
23657,65
3108061,37
698447,9
683750,43
699029,23
690351,79
699322,76
689997,30
692679,14
697482,32
691911,29
3107649,104
683445,43
694167,1
686640,144
694382,4
574596,58
697013,36
695969,119
686966,74
693988,8
691364,24
694822,1
686630,104
693225,44
697898,45
699081,23
694091,8
694474,140
693388,113
696998,19
693004,84
694325,1
1865813,114
687174,43
691761,29
695153,33
697025,36
574617,58
693097,14
1864819,126
694852,1
690330,52
694274,8
695645,65
688980,70
683669,43
686773,74
574649,58
696552,19
574736,58
695886,33
696531,19
699395,76
696231,3
694345,1
698800,143
688770,100
1946109,44
690846,29
686397,43
692645,14
3107895,0
440192,76
1865958,131
690831,29
687423,104
695667,76
689194,30
697328,36
690707,35
697045,36
698164,6
696097,3
689702,0
693391,113
1865108,59
697879,98
696699,81
695191,65
697495,32
689308,60
693583,2
574735,58
3107641,104
686753,74
693464,62
692092,146
693180,44
693095,14
697052,36
693402,113
1946099,10
693013,76
1947692,13
338703,3
1945615,41
683681,43
574633,58
698515,129
695192,65
691772,29
2842915,61
692051,18
1865499,70
695863,33
698453,67
693312,76
688235,124
697456,32
1945966,44
691893,29
695523,132
1865724,57
694365,140
1864683,59
697997,67
699054,23
3108230,1
689023,38
1947385,34
697541,32
2668016,104
697485,32
1946137,112
3107840,68
698344,9
694546,1
693892,1
440191,76
3107949,113
692512,24
688928,38
690863,29
694803,87
696186,3
1946614,53
694540,1
694974,4
691808,29
694427,65
686734,21
689516,144
697585,32
697471,32
697566,32
693089,14
688296,54
699307,76
692826,14
689779,146
1947701,56
699200,23
696558,32
695149,33
257543,124
692893,148
690426,35
692372,18
695114,33
2854886,148
688361,92
2842926,142
686794,74
699087,23
1864592,22
691874,29
3107810,43
695257,87
696213,3
574908,58
1946389,115
691762,29
697609,32
1946604,37
1864547,59
689418,60
382051,107
1866093,109
687526,104
687543,21
696072,132
1945389,89
1948029,40
698380,9
1946183,70
3107995,128
695915,65
1947517,13
1946453,25
696822,45
691816,29
696982,3
692688,14
1865127,59
694762,106
695962,119
696377,3
698674,83
688286,26
690657,35
690917,29
689051,26
691972,29
693503,62
687753,31
690575,35
697779,32
689350,60
690050,120
699424,76
696059,72
692007,29
1946171,64
697469,32
686484,104
1946395,115
1947384,34
689549,141
699423,76
693087,14
696076,132
693449,62
2851699,47
689250,79
689458,60
691940,29
1945881,61
697876,98
3108007,137
1945933,44
1864855,145
699044,23
691851,29
3107933,37
2675265,147
691429,37
690455,35
689412,60
686460,105
692113,146
690681,35
693597,2
1864681,59
692633,14
683763,43
691882,29
696338,3
696725,132
695739,33
693754,2
697793,32
1947726,45
687773,31
698727,23
694198,1
698961,141
1864767,59
696511,19
54202,127
1947860,97
1865285,5
686601,29
3107975,140
696835,45
699079,23
694356,1
1946602,37
695208,87
574903,58
692849,72
1945683,80
690043,120
691318,24
1864957,28
691352,75
3107636,104
690796,29
1938281,101
689935,12
3108155,12
690111,52
381821,74
697438,32
694562,1
691472,0
693637,2
689695,0
698258,135
698101,23
1947693,103
683456,43
695870,33
693835,1
574964,58
3108190,149
1945471,11
698148,34
691650,113
3107743,31
691363,24
697111,36
698600,19
692223,146
574771,58
692482,149
1864972,28
574883,58
688961,38
3107982,116
694846,1
1947830,73
8387,2
697987,40
694811,87
696594,4
3107701,17
695833,33
382493,52
3108032,4
698932,23
694553,1
692782,51
689459,60
686955,74
690439,35
1945682,147
1864958,28
698748,23
691809,29
1945526,147
691801,29
1947433,33
696846,45
692163,18
696789,45
693729,2
3107723,91
695104,33
687521,104
696776,45
694714,63
1945944,44
1865257,86
690981,35
697640,32
574566,58
3107902,60
3107619,99
688209,60
691274,18
692764,51
699023,23
694621,1
694096,8
696366,3
2666995,112
699001,23
1945428,146
695874,33
690142,52
693614,2
698852,23
693703,2
694912,87
686023,59
1946128,70
691777,29
692794,14
693772,76
689202,17
693748,2
574780,58
698322,9
1946409,109
1946598,37
3108077,119
697942,49
1865481,50
698940,23
1945491,11
686061,59
1865912,54
698628,19
687376,104
694254,8
695070,33
1946756,20
690776,0
690019,120
697769,32
697112,36
698073,23
693511,62
695701,33
689117,82
695034,33
696374,3
1946414,109
1865094,5
686977,74
693377,113
688805,124
3107795,43
689934,57
690538,107
3107672,124
695012,33
3107653,21
695198,65
690828,29
574999,58
3108021,4
690434,35
692280,18
11955,147
688389,92
301856,144
696074,132
1865705,114
689486,90
696087,131
695918,3
3107724,91
698192,6
693876,1
1865251,110
698772,23
692393,18
688200,74
1865010,104
694572,1
3108056,132
698639,19
1865615,70
1945806,61
695135,33
692595,14
1945826,125
1946854,27
696442,43
693589,2
693600,2
693043,108
1946284,115
689526,144
687393,43
1862470,5
693704,2
698210,6
683643,43
697951,49
686969,74
695852,33
694938,4
683504,43
8901,36
690708,35
693587,2
1864610,22
697256,36
691848,29
693780,140
696799,45
692167,18
696294,3
696719,81
690637,35
1945583,41
1864485,111
688325,54
683518,43
691918,29
699033,23
695779,33
686996,74
1865699,114
694630,128
1865710,78
686620,104
1946473,25
693346,113
696792,45
697721,32
695753,33
691767,29
690079,52
694678,8
694894,87
1946411,115
692759,51
695570,65
691653,113
697989,40
693686,2
689757,146
695418,119
3107961,76
696238,3
690826,29
694618,1
689034,38
1865041,145
697480,32
692151,18
694816,87
696472,19
388345,87
2675312,147
694720,63
1865691,114
695522,132
572846,54
693061,14
686654,0
1865891,121
698301,9
1947842,98
1865670,89
690604,35
689008,96
1866080,78
698169,6
695090,33
686650,0
3108246,33
683531,43
692055,18
691822,29
1865134,139
683742,43
692279,18
1864598,77
1865841,114
692448,24
1865722,57
1865278,68
1947994,88
3107630,102
694390,4
689222,17
2668180,51
690906,29
3108072,119
689324,60
689491,90
690085,52
697208,36
696441,43
698650,83
692367,18
3107803,3
694270,8
1948000,88
574830,58
1945255,79
692924,113
687390,43
696387,3
695576,87
686649,0
693267,113
1945264,90
696986,19
574868,58
1945677,80
15762,90
1864528,59
692530,24
3107906,144
687555,21
697241,36
1938042,115
3107948,48
574895,58
698801,143
697263,36
1946139,96
694221,1
690334,52
696253,13
689380,60
696991,19
1865106,126
698588,23
687365,104
692506,142
699185,23
695590,87
696502,19
695027,33
695843,33
697022,36
692522,24
693220,44
696175,13
689298,52
696139,13
1946808,37
696402,3
696329,3
695121,33
699076,23
697306,36
691776,29
1864667,59
695748,33
695438,119
691724,29
388209,63
2852153,48
686763,74
690857,29
1865275,139
1945219,17
1865639,28
697335,36
692920,113
694538,1
693135,44
692175,18
699122,23
698256,135
690691,35
692462,91
693770,76
1864579,86
574856,58
695236,87
695351,119
2787459,28
1865144,139
693284,113
689095,54
688842,124
1947790,45
690367,17
687354,104
692694,14
1866009,131
1946471,25
689446,60
693480,39
696542,19
697152,36
1865471,50
692355,41
1866031,31
696007,43
1865749,136
692744,14
696836,45
690031,120
691585,148
694327,1
694567,1
688755,100
3107799,43
688887,38
1945419,146
3108079,19
692939,113
689991,51
695641,65
3107685,54
697978,9
2667136,142
1864504,111
691355,24
687246,43
1947264,1
689778,146
1938003,102
694705,64
693226,44
1865477,50
2732822,120
696861,45
696544,19
698189,6
697304,36
1945238,125
688965,38
693690,2
695849,33
23949,108
695537,43
689332,79
692477,24
693997,8
694550,1
3108255,133
3108185,46
690853,29
683642,43
692830,14
689297,52
690882,29
1945556,41
686962,74
1946141,70
691629,113
691813,29
689168,82
689551,12
699460,44
695164,33
574764,58
692439,94
698712,23
1946407,115
1865961,54
699346,76
698760,23
692121,146
689396,60
690365,60
1864809,126
3108029,4
693132,44
696584,65
686979,74
698529,23
692960,84
1947463,34
693750,2
692994,76
2668004,104
686998,74
691706,47
2852631,31
698089,23
687531,104
688918,38
3108305,23
691453,132
574588,58
1947212,39
1947444,34
697402,9
699083,23
1947237,134
2714508,147
11920,48
1946121,70
693403,113
695000,33
694407,61
3108212,47
1865999,31
690775,0
2675273,147
692555,125
696999,19
1864840,102
698660,83
693609,2
2859499,4
696062,48
686766,74
695644,65
697286,36
687221,43
692635,14
3108095,34
697605,32
695182,65
697512,32
696847,45
691370,24
698333,9
1865833,114
1946148,44
1864497,111
2854887,148
698267,9
686869,74
686663,0
1865185,139
691765,29
3108208,84
698491,95
574921,58
1865180,139
697329,36
1865604,75
697337,36
574912,58
698046,23
686776,74
690653,35
692057,18
698097,23
695698,33
689403,60
693068,14
694006,8
697787,32
2675272,147
1945767,125
695532,43
693063,14
695131,33
696975,119
693303,76
388254,45
694285,8
693653,2
696963,119
1946098,50
695389,119
690555,107
691301,18
26535,62
683674,43
697872,98
693837,1
695730,33
693517,62
1866133,54
698307,9
688277,26
695210,87
691287,18
687528,104
683717,77
2714525,28
1864993,28
697084,36
697298,36
694923,87
1945945,44
696358,3
1946281,115
689762,146
694401,105
697280,36
692669,14
1947547,122
699099,23
692335,18
698662,23
1946125,44
698485,95
695722,33
693580,2
686500,105
695213,87
691982,29
1947426,34
689593,144
695184,65
1865850,114
1864999,28
691844,29
694009,8
1946479,118
694818,1
693685,2
692685,14
695533,43
690151,52
696813,45
697224,36
1866245,109
3107625,145
1947436,34
697607,32
1865605,75
694718,63
1946748,20
686498,105
687751,31
688279,26
694224,1
695678,3
697094,36
689542,127
1865259,77
693890,1
690134,52
692093,146
698815,99
1945417,35
687384,43
693693,2
697332,36
1946462,25
1946253,71
697509,32
694099,8
695715,33
692422,18
3107612,83
1946803,37
690661,35
1946454,25
1866082,78
683733,43
688904,38
694113,8
698758,23
686534,105
698894,23
694484,140
693877,1
693989,8
1945757,125
686885,74
690436,35
696003,43
689219,17
697257,36
686868,74
696807,45
388201,63
1864748,126
698387,9
689766,146
687349,104
1864515,111
3108010,137
698651,95
694978,4
1945877,61
690644,35
3107937,72
683439,43
698142,76
695353,119
574838,58
1946194,123
697803,32
695885,33
1864946,85
694137,8
696258,13
3108227,32
1946140,112
698577,23
698043,23
698513,129
698107,83
697199,36
1947849,23
574878,58
574763,58
690699,35
691994,29
1947394,34
1945704,80
693839,1
696729,81
698211,6
698657,83
1945907,51
698065,23
3108047,48
1945768,125
694257,8
1947736,12
574621,58
686921,74
3108259,13
3107870,92
2675282,147
695148,33
690628,35
698451,67
3108318,3
693276,113
691654,113
574746,58
1865969,54
683636,43
1947562,69
388324,83
3107692,82
697711,32
696959,119
574688,58
691360,24
1864876,145
693167,44
693200,44
689164,82
686924,74
693014,76
1948035,40
690719,35
1945788,61
698609,19
1945273,105
3107663,110
698331,9
1864583,15
1946616,53
694034,8
697289,36
2667221,104
694147,8
686530,105
698904,23
689517,144
696058,48
25122,77
1947528,122
695437,119
689946,108
687185,43
696856,45
696888,45
697625,32
1946397,91
688748,100
694495,140
691559,14
693727,2
1947989,97
698864,23
687486,21
692560,109
692395,18
688357,92
695439,119
690443,35
1945465,11
686744,74
694045,8
696696,81
694226,1
697340,36
3107792,3
688963,38
3107839,120
1945872,61
694655,20
1946754,20
693663,2
692053,18
1946746,20
2675276,147
696109,43
693873,1
695865,33
697014,36
695449,119
695970,119
1865704,114
699354,76
338631,32
3107806,43
692562,109
683630,43
697899,45
1945557,41
688330,54
697155,36
1865585,31
687413,43
695013,33
698069,23
3108214,108
694218,1
691467,148
698980,46
692374,18
574624,58
690976,146
3108160,12
2852469,8
697418,93
693710,2
2864195,110
691609,148
696268,7
694577,1
686831,74
694917,87
694576,1
1947516,13
3108016,87
3107915,29
692058,18
686804,74
2667999,104
2667349,104
698837,23
1947843,98
691984,29
698937,23
1947479,34
696687,13
693910,63
694313,1
698542,23
698548,23
1945698,80
692230,18
689042,26
688951,38
1946833,130
694038,8
694192,1
1947524,143
692383,18
688746,100
1938018,37
693245,44
691839,29
686731,21
1946542,12
698527,23
696995,19
697102,36
686606,144
3108087,67
683651,43
691468,148
686022,59
3107735,61
690535,107
696818,45
1945761,125
1865652,89
690870,29
698683,27
686361,104
696871,45
3107657,110
1946177,68
698399,9
1945864,61
686049,59
692802,14
689668,12
688359,92
574882,58
692146,18
696433,3
697821,32
1947775,149
697549,32
1945240,125
1865089,102
293554,137
693120,44
686821,74
1865619,70
696289,3
690049,120
692907,33
696277,103
697145,36
1866078,109
695234,87
1865297,5
692440,94
1865913,54
696005,43
690558,60
696555,19
689688,0
694215,1
694002,8
694841,1
2859488,4
1946477,25
696073,132
1865843,114
693530,2
693127,44
1865617,70
690576,35
683487,43
698517,23
696695,81
694021,8
697757,32
1946607,37
690642,35
688873,38
1865858,17
697171,36
697046,36
1946702,136
683678,43
574880,58
692955,84
1865023,104
1945876,61
695498,48
689049,26
1865867,51
1865877,31
692357,147
697027,36
698537,23
1947765,107
687216,43
695060,33
697877,98
689436,60
689964,52
694610,1
692061,146
2714516,80
695629,65
692919,113
1946752,20
698757,23
695841,33
686053,59
692892,148
693906,63
690784,144
1948044,40
686512,105
2675267,147
696398,3
3107705,79
440182,76
696002,43
693719,2
689313,60
689394,60
692817,14
686991,74
695945,119
1946156,68
1866079,16
1945816,125
1945284,89
388314,119
690883,29
698357,9
1945575,41
691807,29
690827,29
697696,32
686020,59
1945789,61
693058,113
690022,120
1865893,121
697976,88
3107789,3
1945921,2
257499,124
693393,113
3108157,99
692574,14
698716,23
574992,58
698251,135
1946396,115
694373,4
338626,32
694195,33
694792,87
686057,59
693271,113
687239,43
574993,58
687224,43
695100,33
695552,65
691916,29
691373,24
1948047,129
689322,60
694140,8
686837,74
698136,76
698348,9
686988,74
693241,44
1945951,44
689292,52
690623,35
694225,1
691903,29
1862459,139
574709,58
697552,32
690592,35
1946277,115
3107869,92
698524,23
1865179,139
698033,23
696459,43
697243,36
688342,54
689012,96
696348,13
695708,33
3107668,100
3108133,143
699332,76
690360,79
1946200,123
694132,8
1947695,143
695771,33
689021,38
693965,1
693309,76
1945835,61
1947189,16
689671,12
696146,13
686870,74
696876,45
698897,23
692483,149
1864613,22
3107757,70
3108053,132
688236,124
687241,43
697522,32
695619,65
697251,36
572850,54
693456,62
692420,18
693699,2
574595,58
694337,1
697739,32
1945775,61
689592,144
688772,68
687546,21
693355,113
574861,58
698039,23
699329,76
574998,58
694054,8
689489,90
690154,52
692122,146
687395,43
693461,62
698072,23
3107896,60
692664,133
698098,23
695340,76
3107822,105
699464,9
696535,19
690571,60
686942,74
1945676,147
694397,125
691611,148
687402,43
689269,79
696980,83
698557,23
699115,23
1945248,79
695985,43
694060,8
695679,3
692704,14
388086,113
690703,35
44226,19
693098,14
690684,35
697167,36
293559,137
689031,38
688752,123
2859479,20
1865490,70
574685,58
689447,60
693734,2
1946160,68
1864910,85
694230,1
695506,27
574593,58
1864900,85
688851,38
697002,19
693537,78
694424,65
1865178,139
1946835,130
689513,144
695791,33
689366,60
3108033,4
574707,58
689761,146
695712,33
3108051,27
696987,19
686886,74
689540,127
697305,36
690710,35
5061,36
695243,87
695024,33
687014,74
696356,3
692380,18
1946811,37
1945241,79
697618,32
691443,58
693655,2
694319,1
1866146,24
693640,2
689597,108
689315,60
695286,65
1864602,22
686799,74
698688,27
1866247,125
692123,18
697322,36
690577,35
3107921,24
689429,60
1866217,17
1864557,15
1865781,75
1865741,136
695268,65
695101,33
1865756,136
686648,104
697663,32
690447,35
1865925,38
698054,23
696346,13
693407,113
694172,1
692495,24
688821,112
695097,33
697673,32
695264,4
687536,21
698012,129
1866129,54
688946,38
574700,58
697508,32
689726,146
686782,74
698403,9
3107741,58
698713,23
691288,18
694509,140
692992,76
690702,35
689050,26
1947419,34
683743,43
695023,33
686715,21
699112,23
1865599,121
1864565,15
1865012,104
694260,8
690830,29
3108279,45
3107745,123
1865265,12
697970,88
687463,104
689470,60
698230,134
698452,67
2842586,0
699106,23
690875,29
3107998,20
691565,148
689508,144
694032,8
574836,58
691718,29
1865876,110
686574,104
694115,8
694482,140
689523,144
693024,47
1945618,41
1945662,147
693909,63
697857,134
3107772,61
689397,60
1947222,39
697975,88
695832,33
688896,38
691303,18
697551,32
1946114,50
574960,58
687023,104
698687,27
1946481,37
699107,23
1945440,146
694477,140
697200,36
697818,32
696955,27
698229,98
693794,84
694676,8
2667371,104
689411,60
1945880,61
686855,74
3107637,104
689000,128
696206,3
697603,32
1866018,131
695707,33
689768,146
692897,148
683653,43
690975,146
689020,96
574940,58
691941,29
698341,9
689721,146
690454,35
1866101,79
1948033,40
695792,33
695237,87
2666140,133
3107655,104
697972,88
698684,27
696752,27
1945792,61
697967,88
686964,74
1864644,59
1865757,12
698186,6
574807,58
694201,1
695908,4
698859,23
697191,36
338714,60
688926,38
1948022,40
688944,38
688749,100
692038,18
698302,9
691945,29
694103,8
691335,75
3107733,125
695764,33
683721,43
686037,59
692407,18
695948,119
388210,63
698707,23
695406,119
695088,33
692378,18
1864944,85
692247,18
692045,18
693106,44
696890,45
1946842,7
696884,45
574918,58
1865539,21
696764,45
697707,32
688941,38
693389,113
689687,12
689059,26
1865616,70
693451,62
689705,0
693435,113
693652,2
694763,106
3108018,140
1865685,114
695033,33
698789,69
695981,3
692290,18
695770,33
1865001,104
683524,43
697339,36
696972,119
27069,62
1945582,41
2857133,9
690523,35
696521,19
692614,14
1865429,96
1866431,43
687002,74
688999,128
1946882,78
699055,23
3108233,1
683435,43
697557,32
687269,104
692291,18
691524,14
1948062,129
698751,23
695132,33
696750,27
14602,47
687207,43
697704,32
1865711,78
688218,60
691614,148
695677,3
688922,38
697715,32
683640,43
1946123,44
690343,79
692912,94
688921,38
689941,12
1864574,15
698157,6
692788,72
1945592,41
687173,43
1864787,59
689045,26
1945690,80
688785,124
689936,12
694200,1
693973,1
1947823,73
692048,18
3108275,98
690625,35
693181,44
1866157,108
2859987,2
693259,113
695019,33
696785,45
695156,33
698200,6
3108101,135
2714506,91
695054,33
689400,60
3107725,3
574667,58
574893,58
698998,23
690911,29
699039,23
694686,64
1865895,121
698155,6
3108269,6
1947500,33
695354,119
688781,68
693900,1
574967,58
743918,87
695804,33
693251,113
1948021,40
693263,113
696298,3
697470,32
3108165,18
693762,2
692043,18
698113,23
696800,45
687770,31
691970,29
10308,108
696352,13
692370,18
1864486,15
694423,65
686798,74
686419,104
693841,1
695283,65
1864760,59
3107955,76
697278,36
1866021,131
3464,2
2667145,88
696004,43
694906,87
690086,52
1947466,34
698614,19
696962,119
1865640,21
1864524,59
1945861,61
698499,95
691957,29
54207,76
1865836,114
699183,23
697894,45
1945544,41
695227,87
698562,23
692617,14
1945721,3
1864646,59
694592,1
10804,29
686575,104
692752,51
693280,113
574652,58
690498,35
691824,29
697514,32
687172,43
1947442,34
2666129,105
687220,43
689531,144
688775,68
689347,60
3108152,141
689524,144
690138,52
1864682,59
1947839,98
692579,14
1945813,61
698185,6
699198,23
692248,18
692600,14
695043,33
690690,35
693556,44
1866090,78
696098,3
1865868,31
694910,87
1864558,22
1865718,70
2667298,104
697166,36
693247,113
1946641,109
688898,38
699413,76
692023,29
686771,74
691531,14
695050,33
1865502,70
1865681,114
574693,58
698814,99
698544,23
1946264,115
696221,3
1865202,8
690608,35
1946164,70
693306,76
691865,29
2859481,60
694279,8
698568,23
699113,23
695116,33
690667,35
699406,76
692504,142
695686,33
694702,8
694890,1
689727,146
1865737,57
687245,43
696467,19
1945730,89
698424,9
688947,38
2859505,100
1946743,64
695809,33
1946240,91
3107807,43
2790212,101
1865145,139
696345,13
3107609,83
691674,148
692498,149
695433,119
699174,23
695754,33
697175,36
689217,17
2844392,10
695140,33
696935,45
696841,45
693660,2
687212,43
695558,65
691668,148
1865853,17
688354,92
3108298,40
690569,60
692870,2
697265,36
381828,74
695291,4
574692,58
698598,19
694522,63
2859480,20
3107843,112
3108180,18
696460,43
574837,58
693940,20
690081,52
691727,29
689006,96
693516,62
697971,88
1946755,20
1948003,88
686985,74
1938041,115
692840,14
2848336,10
698848,23
698180,6
695662,76
696593,4
1945247,79
699304,76
683684,43
690584,35
698732,23
1947567,42
694232,1
5757,94
696815,45
691691,18
1947771,107
574663,58
696892,45
1945536,147
1865474,50
3108069,27
686045,59
695381,119
697750,32
692416,18
1947383,34
388100,48
686822,74
696153,13
686987,74
695987,3
293562,137
690894,29
695900,4
695129,33
694665,20
574825,58
689359,60
1945492,11
694425,65
693252,113
689430,60
689507,107
698463,95
1866067,78
690432,35
693759,2
698132,76
696223,3
693256,113
695544,43
686787,74
697558,32
2863139,2
683645,43
698372,9
688862,38
574747,58
1865733,128
690781,107
693809,116
692099,146
692807,14
690323,140
698365,9
1946592,37
574865,58
388211,63
574607,58
693793,134
388331,83
691664,113
1945599,41
683725,43
691367,24
692365,18
693874,1
1865236,68
686721,21
1865102,126
1946711,66
689076,54
697118,36
694857,1
691976,29
692171,18
686713,21
683431,43
693683,2
698408,9
698711,23
683491,43
1946279,115
698943,23
683527,43
3107943,0
2859508,100
687771,31
698627,19
691786,29
1945824,61
697806,32
690664,35
695312,4
1864698,59
1947766,45
1864721,59
693623,2
3107885,52
689320,60
688344,54
694560,1
698335,9
697518,32
1946670,53
1946738,20
1865809,5
697067,36
1865949,100
3107753,44
696819,45
1948053,129
689462,60
1864826,126
1865142,139
694069,8
686737,74
687533,104
693294,113
699436,3
392799,55
692013,29
690709,35
695117,33
1865769,121
699379,76
696128,43
696920,45
694386,4
698406,9
698271,9
1864938,85
697187,36
692507,142
3107732,125
687210,43
691805,29
687381,43
697042,36
689013,96
696506,19
1864852,145
691292,18
693922,20
692072,146
1945501,11
699466,93
388198,63
1865821,114
686522,105
690615,35
695648,65
3107717,35
695371,119
1864697,59
696307,3
3107841,68
690123,52
3107681,54
1946822,7
687407,43
689055,26
1945670,80
689579,144
693618,2
687572,144
694144,8
3108083,36
699414,76
694159,1
2714512,147
688857,38
693436,113
1865095,139
698606,19
691717,29
697091,36
3108020,4
1946699,12
1945595,41
699028,23
687105,21
691885,29
687470,104
695432,119
697864,135
691686,108
692876,2
693601,2
1866143,17
699186,23
3107952,113
686040,59
26538,108
686593,104
695882,33
3108235,1
574792,58
694594,1
695887,33
689190,51
696183,3
691314,24
693096,14
695851,33
691894,29
692130,18
696016,119
688854,38
697797,32
698892,23
697765,32
1946657,53
694234,1
1864506,111
687769,31
695180,33
686658,0
2849048,117
695094,33
1938050,115
693911,63
1947725,141
3107957,76
690606,35
688945,38
695251,87
689770,146
1947773,93
1865103,126
697316,36
688849,38
694602,1
699318,76
691769,29
1947530,122
694619,1
695988,43
695682,3
683751,43
687539,21
693645,2
689068,26
691262,18
698133,76
1938022,3
691366,24
574676,58
574961,58
695986,3
698764,23
694737,106
1945463,11
693300,76
689289,52
1947540,122
686520,105
695670,3
694149,1
694683,20
698538,23
574857,58
690338,52
692301,18
1946851,27
698882,23
695737,33
574718,58
1945648,147
3108046,48
3108176,18
686531,105
1864495,111
696761,45
692352,18
698593,23
691836,29
696300,3
1864508,111
689369,60
694670,20
696212,3
695018,33
695661,76
1864561,86
695281,65
687499,104
1864896,85
3108195,133
692686,14
1865081,102
691514,14
699159,23
689723,146
695369,119
1945797,125
696410,3
691675,148
683508,43
3107690,54
1865411,68
699360,76
695600,87
690649,35
692222,146
687223,43
683520,43
694673,64
695160,33
695328,3
691545,14
691640,48
3107867,30
695582,87
691728,29
695190,65
1862468,139
691710,29
693316,76
689353,60
695215,87
3108295,88
697992,40
2674978,84
689506,146
1945617,41
698029,23
2714501,147
694214,1
687193,43
691361,24
1865642,21
1946394,115
1945865,61
698988,46
695980,109
688943,38
696826,45
690534,107
1865666,89
690500,35
2675286,147
692604,14
686665,0
1865924,75
694918,87
1947406,34
693701,2
698938,23
574937,58
698886,23
695684,3
691272,18
691841,29
698776,23
574923,58
3107736,51
1865904,121
695015,33
3107852,96
695112,33
698806,99
1865840,114
688272,26
689480,60
692716,14
683443,43
697250,36
1866061,78
3107836,60
2667343,104
695546,132
694574,1
1946820,7
690530,107
687255,43
695375,119
2859506,100
686836,74
1946781,119
688838,96
695840,33
694171,1
1864954,28
689711,146
1945620,41
690972,146
694152,1
696567,65
693782,134
690520,35
696205,3
697560,32
696797,45
697799,32
1947753,45
683282,145
693731,2
697614,32
1946621,53
698956,141
693603,2
697439,32
695989,43
698205,6
686699,74
699111,23
686704,74
689060,26
695632,65
691326,75
691567,148
1865225,86
696942,45
694163,1
691312,24
698909,23
3108105,9
694677,8
695436,119
695387,119
695658,3
696803,45
690705,35
694703,64
696313,3
699435,110
1947461,34
686675,0
696851,45
1864594,22
693903,1
697914,97
696961,119
693859,1
1945967,44
687001,74
695366,119
692529,24
1865614,128
692623,14
697197,36
2859497,4
696950,27
574924,58
3108121,83
3108290,49
694247,8
695827,33
696952,27
699427,76
691699,29
687253,43
697922,97
699025,23
3107925,24
1947392,34
683723,43
692012,29
695021,33
693851,1
2714504,91
572849,54
697300,36
1947281,93
690526,107
1864619,59
1946713,63
690590,35
695726,33
692488,149
1946236,3
2732838,48
698617,19
691764,29
1945267,90
688216,60
688914,38
693394,113
696028,43
574578,58
697493,32
688925,38
687238,43
699339,76
697395,67
3108175,18
695384,119
695972,119
1866254,109
1948016,88
696827,45
688293,54
699178,23
692936,113
699398,76
697276,36
1865445,96
695408,119
698084,23
698733,23
1945277,105
689956,92
697394,67
689527,144
691936,29
3108042,119
1865679,114
690026,120
691773,29
683280,145
572854,54
699369,76
1864971,28
257505,124
697331,36
692480,24
697789,32
690051,120
696247,13
695048,33
692621,14
697758,32
696209,3
694781,87
2842907,34
43004,134
683662,43
698484,95
698367,9
687548,21
3107729,79
1945632,41
3107989,63
690838,29
3108038,4
687188,43
7267,50
695936,119
691607,148
693279,113
1946819,7
1945781,61
2859503,100
1946133,44
687156,43
690980,146
699161,23
1865668,89
695838,33
692046,18
691310,24
3108132,42
3108322,133
695171,33
698790,42
687545,21
1864553,126
574787,58
692174,18
686659,0
692240,18
3107661,31
686462,105
692461,94
691739,29
696683,53
697553,32
1945777,125
695574,87
698729,23
691377,24
574813,58
699114,23
1865538,21
694749,106
3107968,62
694624,63
1865234,123
2859491,4
3108096,34
691297,18
1945413,146
694645,128
691494,14
694940,4
3107944,113
694324,1
691906,29
1945400,89
695110,33
688280,26
699162,23
692610,14
698571,23
691864,29
388202,63
694306,1
693836,1
699164,23
696432,3
1938019,37
697209,36
1946638,53
574711,58
688248,124
697430,6
696468,19
694289,8
3107658,110
693123,44
691703,47
695330,3
1865700,114
695065,33
2842905,34
689391,60
692236,18
696990,19
1945744,142
692081,146
1865216,86
574798,58
693442,70
688907,38
687168,43
691838,29
1948034,40
690685,35
690829,29
686000,59
697665,32
696050,43
1865752,12
698421,9
692889,148
693775,134
693074,14
697446,32
1864668,22
698474,95
687360,104
689450,60
699373,76
696913,45
3107832,74
1945480,11
686527,105
691464,72
3108273,99
686860,74
2732844,81
687532,104
574906,58
698006,95
1866234,24
692454,24
683689,43
686974,74
1866262,78
699473,133
686529,105
698081,23
694271,8
688867,38
698496,95
698273,9
691450,51
699154,23
697698,32
3108106,9
690674,35
338629,32
683752,43
694932,4
687530,104
694877,1
697697,32
695749,33
1946723,138
691924,29
687557,21
574760,58
695447,119
694281,8
687203,43
691907,29
2859478,20
1945719,91
693840,1
695370,119
691357,24
686957,74
1946809,37
2790359,135
693575,2
3108204,94
695637,65
689443,60
4204,29
691742,29
697979,9
14393,118
694129,8
686405,105
1865851,114
693165,44
689472,60
699336,76
9305,84
696423,3
691811,29
696485,19
698643,83
2789816,40
693579,2
697988,40
698532,23
697588,32
691696,29
691794,29
12042,3
694404,61
697720,32
695382,119
694905,87
686341,43
1945980,124
693702,2
574785,58
695350,71
697667,32
2859494,4
2852154,48
699151,23
699045,23
689238,17
686918,74
2849042,35
683459,43
696370,3
693992,8
698121,23
574879,58
9836,76
693722,2
693250,113
574698,58
1945822,61
1865101,126
683495,43
696925,45
1945740,3
687386,43
686781,74
697626,32
688291,54
690680,35
697801,32
691975,29
691561,148
693111,44
698074,23
686598,104
697037,36
1866063,16
698494,95
1865854,17
2864199,110
686703,74
689203,17
698085,23
1866128,38
695626,65
699461,128
2732818,120
1945898,51
690089,52
696429,3
698820,99
696774,45
689733,146
691873,29
683730,43
695592,87
696419,3
689998,30
3108184,94
692069,146
696490,19
3108262,45
683688,43
688930,38
698068,23
1945760,61
695096,33
687175,43
1865735,57
696951,27
695086,33
694950,4
692845,14
696204,3
688839,96
690560,60
1865485,50
1865079,145
1864796,59
1948019,88
1947711,56
688858,38
689165,82
696317,3
697270,36
3107802,3
695189,65
1947744,45
2814329,52
686872,74
694746,106
686532,105
574567,58
691883,29
1865701,114
692599,14
690887,29
574909,58
697555,32
694616,1
698131,76
693142,44
698212,6
696932,45
695624,65
696477,19
695196,65
1864521,59
574720,58
689686,12
698040,23
686892,74
693404,113
2732856,84
688878,38
1864519,59
1865156,139
692232,18
690676,35
1864636,59
695578,87
689348,60
691715,29
692302,18
1866013,131
574944,58
2864198,110
3107714,146
699053,23
698556,23
692306,18
698631,19
694969,4
1945672,80
693302,76
689404,60
694738,106
1947451,34
694713,63
697830,32
693776,134
694350,1
696484,19
696859,45
574594,58
692429,107
688310,26
692733,14
3108050,27
696439,27
694778,87
693192,44
691753,29
1935868,59
1946463,25
688215,60
1865467,50
695733,33
3108030,4
1866134,54
1945652,80
683534,102
698035,23
1866008,131
694299,1
694953,4
696488,19
1945645,147
696716,122
1947246,47
690638,35
388129,44
698958,141
691619,148
688756,100
696437,45
1864630,59
690677,35
690839,29
694220,1
1945894,51
692984,76
697475,32
695134,33
683710,43
695601,87
690620,35
574931,58
693359,108
1946105,50
28523,144
691551,14
1866030,149
694363,140
1865897,121
2675300,147
698871,23
693102,44
693236,44
1865622,70
3108031,4
574795,58
691768,29
699019,23
690655,35
697662,32
1865788,38
574601,58
691439,58
3107695,82
689534,127
1945899,51
698878,23
1946102,50
696967,119
3107913,144
1865819,5
690813,29
694053,8
699078,23
692797,14
686735,21
694340,1
686055,59
1946268,115
1864577,86
683501,43
574620,58
3107940,72
1866088,109
696462,43
1945978,44
693283,113
686327,43
689098,54
1865422,112
695352,119
3107766,8
1945458,11
1948006,88
695022,33
695123,33
1947410,34
692117,146
690866,29
690145,52
1946225,65
698962,141
1864555,126
695657,3
686332,43
696385,3
3107707,79
698654,83
574729,58
690790,144
697388,67
698945,23
1864916,85
694268,8
690777,0
695028,33
694417,65
696226,3
3108216,136
697134,36
698965,108
697007,36
692649,61
1865262,77
697317,36
2666123,133
1946859,16
693080,14
3107683,54
695211,87
693204,44
692103,146
698313,9
692042,18
696039,43
1864992,117
1864612,22
1865476,50
696525,19
1947278,93
1945785,61
2852485,28
693289,113
694468,140
699072,23
689681,12
694571,1
388189,63
3108094,93
698291,9
683436,43
686944,74
2732814,74
697393,67
690543,107
695717,33
574989,58
696483,19
693591,2
688820,112
695798,33
697760,32
697044,36
696510,19
690431,35
689680,12
1947275,93
689725,146
691829,29
1865161,77
1946406,115
691681,108
698461,95
3108113,67
1947999,88
1865826,5
690695,35
689957,92
694941,4
699133,23
3107749,2
699417,76
1864526,59
692105,146
697950,49
574774,58
694899,87
691658,113
697591,32
695524,133
694241,8
1865695,114
697492,32
690669,35
3107897,60
698843,23
698104,23
574782,58
695526,43
697656,32
1945498,11
695232,87
686469,104
1945831,61
698011,23
1947445,34
693953,1
1945393,89
2732800,17
698813,99
698465,95
697681,32
1864810,126
694788,87
688367,92
3468,144
698140,76
688903,38
1865956,131
574628,58
1946594,37
690000,30
689561,144
691469,48
697449,32
699216,23
686970,74
692954,84
693828,116
692917,113
1864828,126
699330,76
687226,43
692250,18
695430,119
694239,8
697150,36
699383,76
1946451,25
2842911,61
698215,6
693972,1
686369,104
696340,3
1947522,143
1865620,66
694378,4
574655,58
690626,35
1947840,98
1945712,91
8411,36
691460,123
1947705,56
1865778,131
689305,60
687225,43
693465,62
692922,113
1945796,125
692681,14
693262,113
1945502,11
691595,148
1948052,129
694178,1
695161,33
691558,14
1946090,10
1946202,123
696907,45
2863138,2
692550,24
696255,13
696009,43
2787449,28
698941,23
1945982,124
690564,60
690798,29
695751,33
693347,113
695507,27
1864969,28
2865016,38
692089,146
692447,24
2667147,130
697584,32
699056,23
686047,59
683711,43
1865475,50
1945635,41
694154,1
3108115,95
695521,132
3107779,65
1945506,11
1946596,37
574973,58
691760,29
689994,30
1945839,61
698261,9
696177,13
686941,74
694809,87
689376,60
691348,75
388196,63
693009,84
693569,2
686906,74
696101,13
687450,104
3108060,53
690611,35
1945216,17
683633,43
691743,29
697653,32
2787469,85
1946603,37
1937946,71
1945969,44
3108089,9
1866117,14
691541,14
12615,72
691554,14
690015,120
688204,60
574600,58
1945470,11
1866086,78
691815,29
1865687,114
698315,9
691538,14
574884,58
1865276,5
686367,104
697060,36
692832,14
1946283,115
696341,7
697413,63
699407,76
686414,104
1948024,40
1947574,143
691474,48
574629,58
691892,29
696030,43
1864653,59
1945917,123
693318,76
696524,19
686840,74
697179,36
698398,9
1946167,64
698869,23
692449,24
2842909,142
574942,58
691738,29
1938005,126
693112,44
1945716,91
686828,74
1945452,11
695982,3
686756,74
693308,76
694879,1
687573,144
2787458,28
699171,23
698533,23
686511,105
695159,33
688882,38
696372,3
1865791,38
1945422,146
698709,23
695329,3
1947829,73
1865436,96
1945358,11
12942,4
2732849,18
689337,60
43211,119
691444,53
1948032,40
693691,2
695295,4
1945737,3
690673,35
687215,43
1862466,86
698993,23
1945514,11
695334,3
1865417,112
694935,4
1946198,123
2732855,94
698553,23
1865797,75
694134,8
696894,45
696363,3
698455,67
695003,33
1865472,50
692143,18
574969,58
694885,1
689466,60
692941,113
1864659,59
698522,23
692006,29
695562,65
697710,32
691520,14
699046,23
695205,65
1947449,34
1945395,89
687762,31
3107756,44
1946839,7
690874,29
694862,1
1946841,7
688859,38
697881,98
698078,23
24506,77
695947,119
1865872,31
1946777,119
3108049,48
696916,45
1945751,142
695778,33
692543,24
692063,146
695816,33
2666131,105
1945770,125
696126,43
574765,58
690329,52
699446,65
692577,14
693757,2
694414,125
692831,14
693198,44
697312,36
689080,116
686972,74
686503,105
2714528,28
696733,27
688967,38
695950,119
692453,24
696306,3
696167,53
1946095,10
690852,29
697275,36
1865802,75
689959,92
2667016,104
2859511,2
690044,120
694342,1
695064,33
1865160,77
697815,32
697285,36
1947398,34
3108003,64
1945696,80
1947425,34
694751,106
695336,33
688322,54
693813,116
3107622,59
696772,45
697738,32
689003,128
1945883,61
687408,43
1945838,61
698622,19
699438,65
698518,23
689543,12
698501,95
690551,107
1946814,7
3107938,72
686968,74
698656,83
1947822,73
698618,19
686647,104
689341,60
1946663,132
692235,18
695099,33
1866260,78
1946176,68
697279,36
1865951,124
1945977,44
695760,33
694359,1
2787450,28
698361,9
693954,1
696492,19
692021,29
1946693,136
696896,45
695732,33
693455,62
1938008,86
3107838,120
1865890,82
692158,18
686353,43
692253,18
689473,60
691436,53
292657,74
695536,43
3107665,100
3107639,104
693570,2
696539,19
686424,105
683713,77
697533,32
687032,104
1865682,114
1947862,101
694888,1
695078,33
692850,72
1865873,77
1945388,89
690614,35
690333,52
1945908,51
693174,44
695729,33
695904,4
693730,2
1945960,44
697299,36
694216,1
1946720,66
695318,4
689330,79
3107881,52
697920,97
3108065,122
699134,23
699408,76
690654,35
3108154,12
1864494,111
697473,32
695209,87
697756,32
1864575,15
1948041,40
1865988,82
696309,3
1946386,115
3108052,132
699021,23
691943,29
686982,74
693193,44
1945448,11
3108199,14
1946704,136
695446,119
3108306,23
692895,148
696145,13
1865104,126
694785,87
690090,52
699319,76
683718,77
14085,81
694709,20
695802,33
24376,119
2860000,2
2667306,104
697048,36
694933,4
1946837,7
694263,8
1865671,114
1865269,126
696872,45
687405,43
698191,6
686518,105
691525,14
696104,13
694591,1
697089,36
1866027,14
689011,96
698569,23
693720,2
683673,43
694419,65
692698,14
697453,32
699006,23
3108213,47
691790,29
699195,23
694819,1
572848,54
696457,43
687160,43
687372,104
686875,74
695855,33
697685,32
691263,18
690387,17
695649,65
694530,63
1865838,114
691336,75
697080,36
697795,32
1946399,115
1865050,28
388191,63
695197,65
694033,8
697741,32
691300,18
301855,144
692598,14
696229,3
1946816,37
687249,43
693139,44
695716,33
689992,51
690593,35
1865946,100
692342,18
2859513,2
686337,43
690583,35
692305,18
686059,59
690868,29
694863,1
687218,43
683519,43
697018,36
689587,144
695861,33
697035,36
696893,45
1938032,101
1946475,25
697725,32
574670,58
689574,144
695011,33
699399,76
1945637,41
1945537,147
694168,1
686808,74
574968,58
574716,58
691900,29
1864585,15
688268,54
574581,58
697104,36
1945708,80
698879,23
691295,18
692779,132
696389,3
694385,4
691789,29
1865673,21
574657,58
695203,65
1865929,75
690077,52
690618,35
698323,9
689314,60
695235,87
1866094,78
694507,140
695869,33
686457,29
3108245,1
1947703,56
1945827,125
1946435,109
574849,58
2840041,51
698506,95
1946697,136
695700,33
689024,128
691958,29
693036,47
690103,17
683285,145
1865938,38
695009,33
694733,106
692953,94
1947791,32
2859507,100
698196,6
698715,23
699355,76
694029,8
698165,6
698670,83
687391,43
694330,1
698203,6
1865305,21
695327,3
692476,24
1945614,41
1864542,59
692810,14
694267,8
696083,132
699352,76
1864652,59
698415,9
698558,23
697293,36
1947411,34
694136,8
696573,65
688968,38
697748,32
698668,83
691985,29
693156,44
574982,58
692885,148
1947550,122
697457,32
1947762,6
696394,3
689427,60
257498,124
692499,149
693695,2
2675309,147
692855,72
697065,36
694849,1
686864,74
698183,6
689573,144
3108200,14
695518,132
683434,43
694716,63
1945820,61
690889,29
2667139,142
692868,72
689449,60
3108036,76
692859,72
695525,43
694914,87
694131,8
692695,14
3108048,48
1864839,102
3108243,1
686742,74
692805,72
1865734,57
691922,29
687125,120
695728,33
686994,74
693552,113
3107887,52
694049,8
698952,141
693083,14
696816,45
689589,144
692580,14
2667037,104
1947876,40
686796,74
690350,79
691987,29
574592,58
683690,43
1947221,39
693202,44
1865706,21
683288,145
686586,104
1946637,53
690109,52
3108316,76
690358,79
1865607,70
695664,76
698521,23
696842,45
693188,44
689038,26
696041,43
696577,65
695545,132
693107,44
691707,47
693502,62
689262,79
689044,26
692148,18
689672,12
1945230,17
693985,1
699050,23
1945271,105
1866091,109
1864517,111
1946408,115
695608,65
1946184,70
692005,29
1947722,88
699135,23
689248,79
697532,32
699367,76
687252,43
696169,13
692486,3
388181,135
1864522,59
1947734,141
689434,60
692502,149
683738,43
697148,36
697728,32
690881,29
692737,14
697600,32
698401,9
697214,36
2852487,28
687427,104
574656,58
686514,105
694130,8
440187,76
690429,35
692505,142
697550,32
692808,14
696006,43
695569,65
690361,79
3107718,146
1945895,51
689079,116
687242,43
690510,35
687544,21
690078,52
1945979,124
686893,74
1864798,59
1947417,34
1947833,73
696844,45
698681,27
688957,38
697782,32
687157,43
692129,18
683517,43
687159,43
689026,128
694757,33
697870,98
696281,3
695653,3
1864563,15
691947,29
692581,14
2781821,118
688822,112
690679,35
1865224,86
687399,43
699121,23
698379,9
695380,119
1947514,13
692916,113
2667324,104
1945513,11
690821,29
1865696,114
687446,104
1946247,91
697093,36
1865022,104
696763,45
692821,14
574791,58
693042,2
1946715,66
695335,33
693631,2
693680,2
691752,29
696736,27
1947780,46
3108037,4
697226,36
1945752,142
2331,84
693598,2
689575,144
687387,43
1865415,112
692287,18
691912,29
688803,124
1945260,90
2732833,62
690902,29
697749,32
692846,72
690671,35
697308,36
688790,124
1865165,139
683446,43
692468,94
697706,32
1865284,139
574916,58
696296,3
692451,24
1946600,37
692073,146
697114,36
686313,110
698288,9
696243,13
2787451,28
694185,137
1948063,129
693613,2
698219,6
1946159,68
693466,62
574996,58
691996,29
693661,2
16187,29
683650,43
693452,62
692991,76
3108091,63
694181,1
1945270,90
694039,8
1865980,54
698483,95
695694,33
697423,93
3108220,134
693657,2
1865659,89
2852622,116
686478,104
697310,36
695734,33
694389,4
696428,3
692310,18
1947447,33
1866171,72
696401,3
699344,76
694776,87
1865630,57
696330,3
694780,87
692547,24
693797,140
1864642,59
696324,3
688378,92
693543,113
694881,1
689227,17
689683,12
689081,116
1945845,61
689567,144
698498,95
687474,43
695240,87
1945392,89
689378,60
691267,18
686012,59
699363,76
697956,49
257501,124
683219,145
695602,87
687232,43
691623,113
696529,19
694548,1
694166,1
2859502,100
697592,32
2667238,104
699419,76
693293,113
3108122,83
697977,9
695077,33
698275,9
572853,54
696001,43
687550,21
694182,1
1865110,22
695311,4
696867,45
698723,23
694597,1
693658,2
694333,1
16250,137
692988,76
692549,24
1948039,40
690599,35
574704,58
698975,93
3107673,38
693301,76
686958,74
694916,87
692241,18
574623,58
688912,38
3108278,45
689272,79
695901,4
574697,58
2855206,12
698860,23
696992,19
3108187,149
690698,35
696541,19
69712,4
690433,35
683661,43
695907,4
2854885,148
695877,33
687755,31
686587,104
694987,33
2732799,100
574659,58
690672,35
697902,45
14979,99
1947278,93
695752,33
693023,47
690381,0
692648,14
696263,7
687537,21
1865136,59
688956,38
696501,19
690682,35
698280,9
698906,23
1866250,125
692742,14
698555,23
693766,76
688201,74
1947991,88
697253,36
1864567,15
338752,32
695448,119
1865940,100
695293,4
574855,58
574954,58
693574,2
689538,127
694003,8
692004,29
698053,23
687190,43
691852,29
688256,96
3107702,17
690854,29
1945753,142
698067,23
696505,19
699189,23
1946413,109
692970,113
693606,2
683497,43
1938044,115
301851,144
683503,43
696591,4
683432,43
686467,104
1865861,51
690692,35
695866,33
686347,43
699380,76
699421,76
696786,45
693803,32
695560,65
692428,107
1946633,53
1945451,11
694687,8
1947247,47
2859498,4
1946119,70
689724,146
686762,74
1865021,104
691605,148
2859512,2
695659,3
698001,40
696864,45
693934,20
1946793,132
1945543,41
695829,33
694037,8
1866118,133
691284,18
689235,17
698396,9
694095,8
574703,58
3107667,100
692065,146
388207,63
688893,38
683509,43
692634,14
1866053,17
697210,36
686590,104
690457,35
695540,43
691374,24
1866141,17
693964,1
1865848,114
1937925,100
699426,76
691519,14
688381,92
699315,76
698858,23
696451,43
695512,133
1865096,126
694346,1
697128,36
1865609,70
698384,9
1947815,73
1945741,3
3107659,110
3108198,14
693634,2
690568,60
3439,19
1947813,73
695260,4
1945423,146
686989,74
691420,118
1865260,77
1947413,34
301853,144
3108189,149
1937926,109
698933,23
686899,74
692968,113
690793,29
1945669,80
695107,33
697623,32
1865082,102
3107861,26
696201,3
692585,14
1945430,35
683522,43
697172,36
2675305,147
686473,105
574690,58
692324,18
695359,119
688936,38
696957,119
688314,26
697066,36
692309,18
692796,14
691884,29
2675295,147
1866095,16
688370,92
694565,1
694107,8
699022,23
695654,3
690856,29
697602,32
2854871,83
698162,6
1935867,59
689438,60
691690,127
338706,3
2790324,93
689958,92
2732821,120
689062,38
1865669,89
698173,6
1945725,3
699390,76
694471,140
1947515,13
697717,32
696809,45
3107917,24
693382,113
686039,59
691343,75
697061,36
694481,140
574794,58
2667001,104
695273,65
1865865,51
691459,123
1948043,40
3108171,18
1947200,39
695133,33
689684,12
693447,62
691311,24
696112,43
687565,21
687471,104
692930,113
689159,82
694370,4
689188,51
689519,144
687120,120
696256,13
694148,8
696956,27
696359,3
694176,1
697562,32
692727,14
692740,14
1865086,102
1945984,124
698767,23
697201,36
692443,46
1947243,134
694180,1
2856957,43
1864817,126
2732867,40
699071,23
683632,43
698802,143
695509,133
695230,87
693138,44
686643,144
694064,8
697195,36
696064,133
698493,95
688911,38
694889,1
1938012,37
1945656,80
3107865,30
691981,29
3107728,90
2842916,61
699030,23
1946274,115
1945729,3
694706,64
1865886,121
697437,32
691610,148
1865648,89
698514,129
1937937,71
690540,107
690382,0
695142,33
693548,113
693084,14
692835,14
695892,3
1864637,59
698987,46
694789,87
697272,36
3107651,104
688338,54
696581,65
692472,24
688852,38
691680,76
1866123,24
695341,76
693656,2
574755,58
694354,1
690633,35
1938031,71
691375,24
3107730,125
694197,1
692478,24
694761,106
698891,23
694388,4
1945472,11
1945879,61
691356,24
1948018,88
1865899,107
2787447,28
698985,46
691307,24
1948008,40
2714526,28
694753,106
694491,140
694290,8
693723,2
2732846,12
2842924,44
388204,63
697616,32
691258,18
1946708,66
689763,146
1865111,59
694542,1
689032,38
695052,33
692714,14
692304,18
1947480,34
693133,44
3107632,77
687564,21
1945416,146
574936,58
1865074,145
689284,52
1864514,111
1864728,126
695836,33
1947407,34
574725,58
2732816,120
2842601,120
693401,113
696723,45
1945539,41
3107945,60
574854,58
691462,72
694672,64
338749,94
697692,32
689424,60
3108118,19
697543,32
695605,65
1866055,39
1935873,15
1866059,78
689509,144
1945482,11
696414,3
691324,75
1866261,109
574705,58
2667328,104
574933,58
692496,149
3107878,52
1865823,114
696487,19
3107910,144
693392,113
1865650,89
1865968,54
697641,32
693450,62
691489,14
698640,19
698052,23
693689,2
574742,58
694139,8
687764,31
574622,58
691870,29
697991,40
3107889,140
698366,9
1865083,102
698281,9
692708,14
694960,4
688986,128
695745,33
695431,119
574889,58
693258,113
699187,23
697925,49
691781,29
697082,36
692526,24
693743,2
690099,17
3108242,1
3108274,98
1947867,101
698669,83
689512,144
1947770,107
698383,9
694046,8
1946877,16
1864502,111
687369,104
694614,1
699148,23
697327,36
1945659,80
695598,87
698419,9
2863642,133
689713,146
1946459,25
1947525,143
692475,24
696384,3
683429,43
693171,44
1938045,115
697239,36
698565,23
1865473,50
697868,98
2668239,32
7904,45
692586,14
1865442,96
697258,36
695934,71
685999,59
690356,79
1865814,114
2675259,147
688230,124
695528,43
689413,60
1947783,46
1947727,141
693806,116
2732852,84
695714,33
689074,54
574666,58
697333,36
3107654,21
697674,32
1947569,133
574846,58
1945904,51
698486,95
1866100,16
696242,53
683629,43
388088,113
696393,3
690603,35
1865624,70
692729,14
698679,27
11881,36
690663,35
1865430,96
688773,68
1946706,66
691723,29
683761,43
1865725,128
687568,21
692948,94
688932,38
686323,43
696108,43
574840,58
1865164,139
388188,63
686764,74
1947190,16
691713,29
683679,43
697009,36
696151,13
1945715,91
3108277,45
1864948,28
698438,9
1946750,20
697527,32
698835,23
1865231,86
686853,74
688890,38
691655,113
1945746,142
1945249,79
699091,23
697611,32
696280,103
574915,58
696131,43
687542,21
1946170,68
692152,18
1865279,5
691923,29
689101,30
696364,3
688769,100
690461,35
1864618,59
692511,79
1946823,118
695322,4
3107698,51
695927,4
696396,3
1946691,12
2790333,60
686914,74
686029,59
692067,146
692515,24
3107715,146
697753,32
690587,35
698728,23
696239,3
693706,2
691832,29
689187,51
692969,113
574586,58
686992,74
692862,72
686456,29
692986,76
697431,6
691282,18
692927,113
697554,32
696970,119
688285,26
696768,45
695030,33
690610,35
689377,60
574947,58
574743,58
695750,33
690918,29
692015,29
1866114,14
689046,26
687233,43
696251,13
694010,8
3108071,27
696383,3
696222,3
689731,146
686971,74
693162,44
686839,74
691482,14
686461,105
574665,58
1947422,34
2667317,104
693547,113
683748,43
698297,9
699469,133
694973,4
1866215,17
698898,23
697113,36
691353,75
1865730,57
687356,104
694966,4
687231,43
692772,8
688387,92
1947732,141
692398,18
683631,43
697636,32
686845,74
683749,43
695527,43
698827,141
698030,23
1945882,61
697131,36
692140,18
2675301,147
2852474,8
1945968,44
690627,35
692525,24
697526,32
695949,119
692433,94
690877,29
697023,36
1945765,125
688281,26
687261,104
689091,54
1865173,139
692535,125
692935,113
689295,52
1866000,51
1945626,41
688792,124
698505,95
22979,39
692682,14
1947544,122
697537,32
693155,44
694743,106
692730,14
693313,76
689402,60
691532,14
1866064,16
686034,59
696197,3
688889,38
693186,44
1864498,111
3107971,76
1864580,15
692911,94
689374,60
3107664,31
24637,62
689576,144
1946460,25
388213,63
689483,79
698915,23
699156,23
1866253,125
1945254,79
692858,72
694110,8
695200,65
694202,1
695270,65
688282,26
694405,61
381823,74
691622,148
683635,43
697775,32
694199,1
686800,74
686335,43
693055,113
698920,23
698309,9
694679,64
691736,29
1865519,21
697207,36
698402,9
21163,30
693261,113
694800,87
696095,133
694971,4
697218,36
696455,43
691860,29
687169,43
694951,4
690842,29
691656,113
686806,74
694489,140
688877,38
697072,36
694403,33
690388,17
693018,76
1945964,44
698778,23
698504,95
694186,137
692281,18
694638,20
688953,38
698286,9
689588,144
689302,52
695199,65
1947555,69
696170,13
699042,23
688341,54
686865,74
694598,1
695622,65
698619,19
689083,30
697160,36
696260,7
693343,113
691279,18
694063,8
686761,74
697156,36
698989,46
690553,107
1945538,41
688964,38
1947755,6
697242,36
691679,76
689311,60
687024,104
696606,4
699190,23
3108062,7
1865825,114
1864963,28
696824,45
691714,29
1945791,61
1865295,68
1865750,136
574734,58
695941,119
687489,21
689265,79
688352,92
697892,45
694387,4
695614,65
688208,60
690712,35
698720,23
693160,44
686903,74
687411,43
693065,14
698156,6
697619,32
694590,1
689759,146
3108002,64
697441,32
698589,23
1865780,75
692426,18
695316,4
574870,58
689205,17
686666,0
3108108,127
697490,32
1865080,102
22185,76
696191,3
693028,76
697652,32
699173,23
689256,79
696156,53
1865952,100
694541,1
699120,23
2863142,2
692949,94
693768,76
697813,32
697124,36
686492,104
695943,119
695069,33
696780,45
695154,33
695784,33
689490,90
686792,74
697033,36
698257,135
10314,76
696388,3
1865625,66
693173,44
694262,8
1946881,78
1946597,37
691485,14
689467,60
1946115,50
691526,14
688388,92
694244,8
1866237,78
696875,45
696564,32
694155,1
696310,3
693884,1
696155,53
1945852,61
693524,62
686336,43
696993,19
696420,3
1946606,37
697481,32
692755,51
691823,29
692800,14
693788,140
695831,33
696939,45
688933,38
3107645,104
1946805,37
689571,144
698595,23
1946701,99
696438,45
574819,58
1947821,73
695793,33
689514,144
23346,62
1864639,59
1864660,59
694233,1
689309,60
693641,2
687367,104
1865957,131
691346,75
698596,23
691927,29
696149,13
1865990,82
2667372,104
695173,33
1946618,53
689945,108
574905,58
697174,36
693855,1
692029,18
692366,18
2859482,60
694595,1
1865712,78
694016,8
695508,27
698427,99
694690,8
696929,45
1946775,119
696794,45
695639,65
696994,19
689326,60
2849041,127
1937935,115
698423,9
696869,45
2892,98
690916,29
1945475,11
696181,3
696806,45
698363,9
686324,43
2714500,80
1946166,68
698316,9
1945457,11
698326,9
695821,33
686592,104
1864656,59
689282,79
693740,2
691856,29
692084,146
3107874,30
697040,36
686752,74
692780,132
698976,93
689781,146
698426,99
2732815,120
694896,87
698490,95
691379,65
1947391,34
1865150,139
695269,65
696046,43
697123,36
694125,8
1864627,59
688864,38
693108,44
1946136,112
693696,2
695759,33
1865584,31
2855214,12
693029,76
695743,33
1866005,131
1935872,15
1864758,59
3107678,38
689437,60
692625,14
688745,100
1862461,139
688916,38
695137,33
2787453,28
696720,81
1864961,28
694675,8
697498,32
1865138,77
1865412,68
691744,29
695692,33
697714,32
691477,0
1946595,37
695403,119
686842,74
1946092,10
690629,35
698060,23
692459,24
2785314,63
698586,23
689591,144
3108141,141
694976,4
691513,14
698025,23
693827,116
692348,18
695495,48
694127,8
3107849,70
696158,53
2864201,110
695805,33
1864687,59
695441,119
1946797,122
1864562,15
697677,32
683719,43
2857399,3
1945220,17
686413,104
3108135,99
695845,33
696305,3
698743,23
697120,36
696576,65
1862471,5
698117,23
697442,32
695119,33
692745,61
695825,33
688845,49
3108102,135
693557,44
1865208,77
687449,104
692866,72
1947704,56
695921,3
695638,65
698888,23
692360,41
699349,76
696052,43
683521,43
699415,76
690441,35
698166,6
574859,58
1947697,143
1864854,145
690082,52
698730,23
698999,23
1945613,41
690630,35
698673,83
699075,23
694911,87
1865204,77
688288,26
2732817,120
693566,73
689942,12
692085,146
689712,146
696069,132
698752,23
574956,58
697069,36
388333,83
264,60
2675277,147
686373,104
694601,1
693712,2
694485,140
1862464,77
687444,104
1865860,51
688886,38
696540,19
690040,120
690459,35
1865162,139
698550,23
574929,58
574613,58
693270,113
693619,2
695126,33
697946,49
683483,43
698395,9
694556,1
694061,8
1866075,16
689570,144
691547,14
3107656,21
689425,60
1948046,129
2674973,145
1865291,139
694073,8
1945481,11
687569,21
692417,18
692979,76
693027,76
1865122,22
1865174,139
696314,3
1865676,114
3107914,29
688377,92
698583,23
1946469,25
699302,76
688762,68
1946161,68
1865883,31
1945610,41
698145,76
1946231,65
1865660,18
695535,43
574828,58
688251,124
697772,32
695822,33
698108,83
1945540,41
691901,29
1946733,57
696508,19
699074,23
1946178,64
686882,74
687558,21
691410,98
1945750,90
695810,33
1945505,11
692995,76
694082,8
3107978,140
1945884,61
698818,99
1866239,109
699157,23
691589,148
54203,127
3107888,52
686624,104
693145,44
698473,95
687016,74
699051,23
696938,45
1865416,112
698566,23
694017,8
695898,3
43206,119
697262,36
690890,29
698585,23
1947832,73
695683,3
574951,58
689009,96
697149,36
688274,26
694654,20
696454,43
689004,128
338611,32
1945853,61
1865719,78
693593,2
686573,104
689073,54
697874,98
694018,8
574637,58
696597,4
1864545,111
697688,32
1945581,41
697154,36
694766,87
1865495,70
683466,28
689281,79
696180,3
697283,36
686922,74
690075,52
697744,32
695145,33
3107754,44
696860,45
699443,65
3108225,84
697325,36
248449,63
3108015,87
1946246,91
693130,44
694972,4
692011,29
690507,35
692632,14
1947718,141
1865632,128
1938052,115
695583,87
1864747,126
686931,74
697567,32
689252,79
1946758,20
689537,127
697638,32
691618,148
694228,1
693075,14
3108023,4
696302,3
693103,44
695426,119
698198,6
699130,23
691700,29
692031,18
694464,140
689428,60
1946705,66
690428,35
698783,23
696926,45
695974,115
1947273,93
683498,43
1946716,66
696833,45
687191,43
696176,13
692349,18
695606,65
689595,144
695041,33
694994,33
698948,23
695025,33
1945565,41
697669,32
1938017,37
695169,33
698268,9
26341,120
698635,19
1946832,130
687567,21
1946227,65
2849043,99
1865570,104
689199,17
689730,146
683722,43
1865985,82
1866167,53
689760,146
695136,33
698018,23
1947806,98
694968,4
1947844,98
689395,60
1947220,39
693444,70
698791,42
697731,32
696801,45
1945916,123
697699,32
695174,33
697752,32
1946836,130
3108286,49
1948054,23
696382,3
1946144,70
683756,43
692344,18
689372,60
683493,43
3108084,36
10768,19
3107844,96
697324,36
690574,35
686596,104
694970,4
3108247,33
698612,19
1945608,41
694421,65
1864827,126
3107966,62
692615,14
695325,3
1945935,58
388316,119
691452,31
686934,74
3108078,19
1864899,85
696710,45
691294,18
687538,21
696479,19
1864582,15
1865559,70
698830,23
1947713,56
1947857,88
692137,18
699439,65
692297,18
1865247,86
686014,59
88451,108
1945497,11
1865934,100
697746,32
692284,18
691825,29
688823,112
2787456,28
693078,14
2859486,4
694004,8
696924,45
694593,1
1865856,17
1864650,59
699374,76
689456,60
1947396,34
696458,43
1945278,90
696512,19
696033,43
1865139,139
691747,29
695185,65
692153,18
695510,133
695443,119
693396,113
1945469,11
696546,19
697630,32
698317,9
3107990,63
2666125,92
689703,0
574925,58
693395,113
695364,119
2852470,8
695419,119
693982,1
692943,94
695280,65
696823,45
683741,43
696244,13
692413,18
690640,35
1947866,101
686326,43
1946615,53
694791,87
1864959,28
1945461,11
689249,79
686495,105
693667,2
683494,43
686333,43
3107969,62
574752,58
697829,32
694544,1
698946,23
696747,27
692902,48
694878,1
1865097,126
1864649,59
1946243,91
695217,87
2732811,44
696997,19
693615,2
698949,12
694399,125
1865596,121
696270,7
2852478,34
1946271,115
692915,113
1947543,122
1945357,11
574732,58
693651,2
686788,74
696373,3
1865254,86
693880,1
693941,20
1865078,145
3108131,69
698055,23
690566,60
11936,6
692331,18
574769,58
691740,29
686459,24
2748,62
1945476,11
1946196,123
697012,36
696777,45
1945468,11
694838,1
691830,29
689354,60
689318,60
695883,33
1864554,126
693175,44
1945272,90
697597,32
691887,29
692683,14
1947853,45
1945281,89
3107726,65
686048,59
1865170,139
687144,123
696562,32
691869,29
1865862,51
699110,23
683677,43
3107834,60
695628,65
691419,118
1947400,34
692278,18
692878,2
574869,58
3107956,76
699069,23
689054,26
692852,72
23524,52
3107855,96
695913,4
694504,84
574574,58
3107831,74
699101,23
698446,127
695755,33
697034,36
691503,14
693077,14
687181,43
1946729,78
1865029,104
1945711,91
1865129,139
293558,137
574773,58
683637,43
691304,18
697628,32
687182,43
1865040,28
1945873,61
696686,13
574730,58
1945445,146
686019,59
698603,19
696735,27
1945723,91
686619,104
692741,14
696278,103
691586,148
693196,44
574995,58
689692,0
687382,43
1945477,11
693501,62
689022,38
691855,29
1865506,128
574815,58
691804,29
1945256,90
691342,75
1947575,103
1865098,126
695607,65
697070,36
686819,74
3108239,1
2666128,105
694523,63
695723,33
695916,65
1946623,53
696516,19
1947499,83
686817,74
691792,29
697693,32
2714505,91
686622,104
1947715,99
688982,70
695282,65
1947809,73
699416,76
696928,45
693506,62
697055,36
696537,19
689039,26
1947824,73
689310,60
2842904,24
696966,119
694563,1
574823,58
1866149,24
694331,1
695777,33
688824,112
695252,87
689358,60
698934,23
688991,70
698738,23
692095,146
696080,132
1946256,71
699211,23
686923,74
695321,4
695520,132
698407,9
697517,32
696879,45
698124,115
1864616,22
2667303,104
695002,33
695248,87
691729,29
1945734,3
686768,74
694511,116
683464,43
697294,36
687510,104
1866154,47
691612,148
698049,23
696395,3
698621,19
691778,29
693446,62
692670,14
694108,8
3108142,141
698063,23
694832,1
696930,45
696297,3
574602,58
1945878,61
695959,119
691935,29
695862,33
690076,52
695618,65
574619,58
691670,148
697528,32
572845,54
699388,76
3107642,104
698763,23
697924,97
692652,61
696486,19
388059,29
1946458,25
1947871,49
1945950,44
1947428,34
683746,43
691495,14
697859,134
696246,13
683757,43
693616,2
3108183,94
694358,1
1946476,25
1864621,59
574672,58
696286,3
697571,32
694141,8
694782,87
683450,43
695020,33
695146,33
688860,38
694981,4
3107680,54
1865784,121
695599,87
1866023,131
691488,14
686945,74
2665858,21
1866142,17
695587,87
1864724,59
699212,23
683668,43
2787460,28
693228,44
688245,124
698201,6
388087,113
691515,14
695631,65
1947529,122
691716,29
696722,45
693708,2
388301,47
698559,23
691533,14
690379,0
694833,1
692444,91
2842922,61
688835,96
2667142,33
1947576,143
689585,144
693168,44
2666130,105
381822,74
1945942,44
691378,65
697831,32
1864609,22
686319,43
2675268,147
690529,107
3107959,76
686718,21
1938039,115
692980,76
698122,115
692166,18
695559,65
689560,144
688356,92
694831,1
1945841,61
694961,4
698500,95
695820,33
15000,119
690087,52
695073,33
574654,58
1865214,86
687363,104
694626,63
686927,74
688750,100
574731,58
698449,67
691886,29
2665859,21
2842919,61
693865,1
693967,1
691946,29
691537,14
1864726,126
683691,43
1865509,96
694024,8
696919,45
690635,35
699323,76
686062,59
686929,74
690059,51
694208,1
699368,76
1865777,75
2719284,99
686674,0
696805,45
693994,8
692136,18
574805,58
695912,4
691709,29
690532,107
1945411,35
691276,18
697601,32
3108066,81
692640,14
257512,124
697598,32
691440,58
692410,18
69714,4
694516,55
694183,1
1946624,53
1946649,53
388273,81
694444,76
696421,3
683479,43
686588,104
686528,105
1947395,34
697141,36
695547,132
696320,3
687366,104
692691,14
698808,99
688376,92
691722,29
687213,43
686887,74
688988,128
697577,32
3108022,4
694689,8
1945239,125
692283,18
698187,6
698296,9
388346,87
689323,60
693822,116
696489,19
2675269,147
694123,8
695261,4
1945688,80
690878,29
692528,24
697561,32
697896,45
693675,2
695255,87
690660,35
24899,76
683475,102
388322,83
2863141,2
696079,132
688263,26
697612,32
692118,146
3108270,6
696228,3
688753,100
691997,29
694352,1
696362,3
1169074,44
3108172,18
698887,23
692749,51
695044,33
696287,3
3107833,74
1865698,114
699082,23
686035,59
698581,23
689590,144
1864981,117
574948,58
687368,104
688759,100
687202,43
692068,146
691814,29
1945971,44
696769,45
693457,62
574824,58
697784,32
693692,2
696326,3
690559,60
3107634,110
697264,36
28522,12
688317,54
698632,19
2668401,104
3108075,119
573650,1
1948061,129
683675,43
689482,60
693760,2
1945866,61
2719265,39
1945222,17
692162,18
688837,96
698735,23
388089,113
693897,1
695864,33
699197,23
1945834,61
698259,9
697076,36
691649,113
1945830,61
695911,4
695979,109
574910,58
697211,36
3107652,104
1945679,147
689933,57
3108294,49
695830,33
694604,1
693475,39
1947553,69
692587,14
699370,76
698812,99
696350,13
574618,58
699376,76
1945976,44
689246,79
697487,32
696953,27
695494,48
689344,60
697583,32
692993,76
694774,87
696732,27
695361,119
697796,32
687412,43
691797,29
694566,1
688202,60
1865715,78
2863588,110
683488,43
693558,39
696519,19
689014,96
1945640,41
1865731,128
691479,0
694628,137
1866052,17
698810,99
691878,29
692353,18
688394,92
693753,2
694921,87
699057,23
697417,93
695423,119
691606,148
1945236,125
699061,23
1946472,25
686867,74
691951,29
2787468,28
698607,19
1864730,126
693863,1
686765,74
1946879,16
698781,23
1947486,34
1946100,50
695087,33
698095,23
1866257,78
691449,51
1945952,54
698885,23
696250,7
692049,18
3107650,104
1947462,34
1864906,85
697761,32
1947750,32
3107977,140
574939,58
698718,23
698184,6
1948037,40
1865248,70
698817,99
3107954,113
692783,132
696404,3
696273,7
1945778,125
690861,29
388195,63
1946398,115
3107742,51
691952,29
1945794,125
692711,14
693904,1
699366,76
691732,29
689304,52
687030,104
692643,14
687403,43
698939,23
696784,45
688786,124
697594,32
686832,74
696360,3
691920,29
692220,146
574719,58
695181,33
694902,87
697107,36
694859,1
689071,54
1864880,85
683469,104
694884,1
1947545,122
698354,9
1865159,139
697130,36
697666,32
1946158,68
388102,48
1864729,126
691555,14
1947774,93
1865188,139
695976,115
695963,119
696478,19
1947557,130
683694,43
1946390,115
683486,43
699338,76
1947875,97
694900,87
693454,62
695105,33
693219,44
691546,14
686036,59
694377,4
1945815,61
574605,58
694083,8
699048,23
1864655,59
689312,60
2732807,58
3108299,40
693409,108
687513,104
574902,58
694329,1
1938016,37
12233,76
683731,43
690035,120
2675298,147
1866062,78
689224,17
24496,105
695577,87
686031,59
690693,35
686024,59
1946145,112
697726,32
1866014,131
698336,9
688952,38
690865,29
1946415,109
688942,38
1946193,123
697193,36
692913,113
3107618,99
691624,113
698634,19
693963,1
697095,36
697488,32
3108149,107
3107988,63
693273,113
1946385,115
690901,29
690899,29
695666,76
686496,105
693385,113
1938284,71
696909,45
692041,18
696367,3
691423,118
1865085,102
691890,29
574808,58
1865839,114
574862,58
688856,38
695162,33
699386,76
574797,58
693779,134
698944,23
1865253,110
691309,24
696078,132
689963,31
686641,144
697579,32
691334,75
696449,43
692820,14
695365,119
695880,33
686801,74
1865702,21
688222,121
692594,14
1946388,115
687437,104
697658,32
693996,8
697168,36
697568,32
698750,23
698587,23
26534,62
1945856,61
692827,14
1864491,111
3107934,53
686719,21
698022,141
698925,23
1948005,88
301857,144
574987,58
686044,59
695429,119
695741,33
686629,104
689479,60
3108304,23
690440,35
695884,33
696211,3
693848,1
3107679,54
697016,36
1945910,51
695304,4
687167,43
695815,33
1947851,23
690706,35
2787470,85
696791,45
574978,58
692910,94
574926,58
3108092,93
687012,74
688243,124
1946800,53
694380,4
1866022,14
1865922,54
698876,23
691530,14
691615,148
1947738,45
1865013,104
693216,44
699321,76
690378,0
696266,7
1947772,93
1866246,78
693831,116
694027,8
698154,6
1947709,13
691693,24
574565,58
686935,74
698782,23
694851,1
694351,1
686501,105
693647,2
691929,29
1865892,121
2667296,104
574585,58
574625,58
690515,35
689580,144
696545,19
3108082,36
688962,38
690844,29
1945733,89
693666,2
693007,84
698091,23
574962,58
686803,74
3107941,48
694984,4
694795,87
686499,105
697994,40
1945691,80
2856958,43
1865914,54
698044,23
696160,53
1947416,34
686783,74
693671,2
694287,8
693746,2
693568,2
1864829,126
1864556,15
696261,7
1865299,114
687362,104
574562,58
693351,113
683700,43
698466,95
690647,35
692047,18
574966,58
698110,23
3107983,55
696070,132
1947768,93
696407,3
2787461,28
689097,54
1945832,61
695946,119
3108127,27
698021,141
694057,8
1945727,3
697940,49
697163,36
1864807,126
3108162,108
690872,29
692628,14
1865906,82
698564,23
1865418,112
1945920,2
12263,31
695409,119
686621,104
687401,43
693248,113
688848,38
1945818,61
692303,18
695765,33
690908,29
693047,136
3107722,41
698430,9
1945619,41
692452,24
691788,29
695040,33
691902,29
697206,36
3108223,134
697051,36
1945748,142
693397,113
694238,8
3107604,19
687199,43
698721,23
572851,54
2787455,28
683482,43
692032,18
574997,58
693856,1
698100,23
1946416,109
1947682,103
686769,74
692944,94
1945686,80
1865505,99
695323,3
692612,14
1864590,111
3108240,1
698130,76
695740,33
696979,83
2852481,28
689421,60
683525,43
697827,32
698077,23
683634,43
686006,59
2675264,147
686669,0
686729,21
696403,3
695285,65
693440,70
698368,9
698530,23
698921,23
692170,18
698834,23
3108297,88
687404,43
691332,75
1865636,70
690579,35
1947523,143
693189,44
692119,146
3107797,43
1947564,69
686862,74
689719,146
1862491,139
1938014,37
690092,52
694332,1
698209,6
693726,2
686879,74
688987,128
3107918,24
574636,58
695812,33
1947554,69
1862463,77
687209,43
1866205,51
694251,8
574832,58
683528,43
690847,29
699411,76
1866248,109
696931,45
690645,35
574804,58
692030,18
693244,44
693654,2
1946817,37
698549,23
1946474,25
690651,35
683430,43
696093,133
683484,43
696323,3
692709,14
1945622,41
699188,23
1865182,139
1945657,80
686338,43
692743,14
1864908,85
695744,33
692424,18
574864,58
690721,35
1864797,59
697834,32
1945580,41
691866,29
691745,29
693518,62
1945807,61
689303,52
690612,35
574745,58
695856,33
695746,33
698170,6
2732853,84
697655,32
686905,74
440181,76
699412,76
1947739,45
693943,8
1947579,103
695377,119
694237,8
689422,60
3107935,72
3108258,13
693348,113
695973,115
696828,45
697079,36
1865575,21
695128,33
694694,8
695445,119
688900,38
695871,33
698321,9
697574,32
690430,35
1947820,73
699308,76
691793,29
694955,4
698342,9
694001,8
694153,1
1945602,41
698903,23
696091,133
2675266,147
693233,44
686342,43
3073190,13
683489,43
689783,146
696447,43
1938034,101
691720,29
2863520,113
689345,60
692277,18
686926,74
1947219,39
693356,113
690891,29
691795,29
693854,1
697639,32
691731,29
257496,124
1945387,142
692676,14
692647,14
54205,55
692582,14
1945459,11
695944,119
694734,106
691602,148
693091,14
574927,58
692934,113
1865844,114
690347,79
3108226,84
696868,45
1945500,11
686724,21
697220,36
686965,74
1945449,11
691302,18
574981,58
686599,104
695920,3
691471,48
3107821,105
693979,1
3108107,9
689293,52
691746,29
692871,2
688364,92
691556,14
699096,23
692425,18
689263,79
691458,123
697768,32
692975,76
695652,3
690047,120
686856,74
1945684,80
1865205,123
688328,54
695120,33
1865230,123
697921,97
3108146,46
698102,23
1946617,53
388125,44
699309,76
697822,32
1864617,59
574790,58
696738,27
3107744,51
691325,75
693060,14
697190,36
698966,108
686956,74
1945911,51
698905,23
698853,23
692978,76
1946242,91
388317,119
689485,79
694173,1
698866,23
1945850,61
688995,128
689676,12
1947443,33
686786,74
3108123,83
1945630,41
689191,51
693352,113
694991,33
3107851,128
696301,3
690581,35
698020,23
1946220,61
698103,23
696703,81
688937,38
696886,45
691592,148
690858,29
691264,18
696607,4
694847,1
688276,26
1946642,53
1862455,139
691337,75
688874,38
1865177,77
1945586,41
688239,124
689387,60
698842,23
695857,33
692982,76
696207,3
2667366,104
692315,18
698370,9
694050,8
690789,144
1866017,131
1865494,70
694184,1
696008,43
1865421,112
692411,18
692693,14
696347,13
695797,33
1945493,11
1945636,41
698701,143
695617,65
691889,29
696159,53
388330,83
697909,97
1946163,68
697135,36
686505,105
3107972,76
694007,8
695992,43
3107845,50
693205,44
1946810,37
1945234,17
698910,23
1946151,70
687353,104
1865795,131
697157,36
3108186,94
683507,43
692677,14
686829,74
697479,32
1945259,90
2863643,133
690512,35
1864737,126
688224,60
2790193,82
697203,36
692296,18
2667170,28
696711,45
1864699,59
689582,144
695665,76
1947245,47
687165,43
693960,1
690037,120
699465,93
43005,134
686709,74
1866006,131
697672,32
3107703,17
692523,24
697443,32
1946634,53
1947997,88
688214,60
44210,19
691579,148
690322,140
693099,14
1864962,28
574907,58
697802,32
688374,92
697476,32
1946707,66
1947577,103
696425,3
1945616,41
2675311,147
3107670,124
696580,65
694545,1
1946444,118
693785,134
1945754,142
1865051,28
698900,23
693625,2
690675,35
688205,60
574699,58
694883,1
691867,29
692295,18
690570,60
687033,104
1946267,115
692819,14
697159,36
688284,26
1946815,37
693886,116
697255,36
697147,36
687257,104
687457,104
696217,3
698195,6
690425,35
1945953,54
1864937,85
694685,8
691956,29
1946387,115
695501,27
686863,74
692320,18
690525,107
1864572,15
697202,36
686818,74
688787,124
699337,76
1864670,59
2855377,83
3108138,141
1865935,100
698745,23
692809,14
3107794,3
3108261,13
694892,87
696355,3
1938040,115
694977,4
692088,146
574653,58
698397,9
698269,9
1865720,66
697501,32
686334,43
697229,36
696282,3
689943,12
693468,62
692843,14
699014,23
1945963,44
691542,14
689562,144
697176,36
44227,19
687254,43
698844,23
697259,36
698570,23
695756,33
1945564,41
696820,45
692588,14
691937,29
3107687,54
695338,76
694787,87
697751,32
686653,0
686408,104
3107976,140
692450,24
686021,59
1865486,70
696897,45
693673,2
691784,29
574674,58
1865114,59
696154,13
689420,60
698353,9
1865146,139
691573,148
696812,45
689075,54
696538,19
694258,8
3107931,118
1866251,109
2852486,28
1947202,39
695932,48
691313,24
1945875,61
697499,32
695565,65
689697,0
1864696,59
687464,104
697307,36
688297,54
691834,29
1866216,17
699405,76
692110,146
3107946,113
692238,18
692791,24
694047,8
689218,17
696811,45
690450,35
2732845,46
574802,58
692775,8
1947838,39
1945509,11
696318,3
687122,120
1865306,112
1865243,86
689744,146
690797,29
1864527,59
693961,1
1947754,6
2714521,147
689453,60
691421,118
574611,58
697008,36
695188,65
1947684,103
689268,79
691372,24
690720,35
689666,12
1129,76
3107740,8
686651,0
691603,148
694534,1
693305,76
694543,1
694264,8
1938046,115
687034,104
1947856,88
698374,9
696857,45
692312,18
698272,9
693885,116
691702,47
1945401,89
695774,33
692026,18
694842,1
1864945,85
695515,133
690910,29
692884,148
1865782,75
696534,19
1946257,71
692591,14
692974,76
574668,58
698592,23
696311,3
3107709,90
695952,119
689407,60
1865438,96
697445,32
3108025,87
2667313,104
689375,60
1865643,146
694874,1
1864595,77
693646,2
686895,74
1865241,86
693829,116
694835,1
1946182,70
693578,2
440183,76
2666138,92
690122,52
692638,14
687204,43
691711,29
697676,32
692387,18
574788,58
695761,33
694162,1
686671,0
697186,36
693957,1
693249,113
692224,18
574935,58
692050,18
692369,18
697281,36
683286,145
2667351,104
1945217,17
1865264,86
695555,65
1946818,7
693239,44
3108300,40
693976,1
693017,76
694537,1
698017,141
692350,18
694828,1
1945896,51
696830,45
692076,146
692300,18
686352,43
693798,140
574580,58
697399,67
694089,8
694680,64
687248,43
1865621,70
689417,60
574609,58
692605,14
696522,19
1947465,34
3108040,48
1945909,51
692977,76
699041,23
686524,105
695848,33
689361,60
686953,74
1946244,91
696590,4
2675291,147
3107830,74
1865465,50
689939,12
696132,43
697295,36
2667137,142
3108150,107
692418,18
20159,29
5094,76
697440,32
697020,36
686365,104
1865927,75
1947720,1
1865909,54
1946104,50
686609,144
686986,74
1865463,50
693607,2
697468,32
695910,4
693292,113
689484,79
694897,87
693846,1
698926,23
696010,43
1864518,59
696840,45
692613,14
696068,132
691523,14
698868,23
695554,65
692161,18
694059,8
695630,65
1865651,89
3107879,52
699062,23
698967,93
1866252,16
1864769,59
694243,8
697109,36
1945589,41
689735,146
420306,53
689198,17
3108125,83
1864538,59
1945573,41
692556,125
687415,43
257497,124
686902,74
692748,51
696137,132
3107994,20
1945639,41
692406,18
698253,135
692608,14
692392,18
690632,35
690516,35
693510,62
2842912,61
695675,3
1865209,120
1946155,68
690656,35
388300,47
691291,18
695620,65
574686,58
1948056,129
3108173,18
691862,29
691333,75
689536,127
695307,4
695001,33
1864907,85
574917,58
1865683,114
1865789,75
692243,18
692987,76
693237,44
695079,33
1865491,70
694079,8
689698,0
699132,23
697817,32
3108315,76
687392,43
692034,18
689468,60
388214,63
695275,65
693118,44
1947382,20
690859,29
3107713,35
692795,14
686920,74
1945611,41
696254,13
1866433,109
1865765,89
3107883,52
1946661,132
689362,60
692618,14
1865193,139
690596,35
689736,146
696596,4
3108067,81
694056,8
692134,18
693140,44
689604,108
686848,74
695416,119
694710,20
1866073,16
689392,60
697507,32
688758,100
687385,43
699394,76
694839,1
1945473,11
697774,32
574678,58
690724,35
692172,18
3107706,17
689104,92
1865818,114
301852,144
694051,8
696787,45
693812,116
1947710,56
696476,19
574977,58
1946417,43
692781,51
693814,116
699166,23
3108074,83
691285,18
690624,35
1945812,61
690717,35
688969,38
696515,19
1946848,27
2864196,110
692983,76
695083,33
3108201,33
692321,18
693850,1
1947767,149
694513,116
698644,83
695250,87
698671,83
692719,14
1864529,59
687235,43
690785,144
693617,2
697000,19
3108035,4
3108024,87
691428,37
686730,21
688998,128
1945257,90
698857,23
694372,4
3107786,3
696094,133
697596,32
1945755,90
691261,18
697911,97
698992,46
689342,60
2675278,147
696259,7
690513,35
694156,1
686349,43
1864566,43
574844,58
699165,23
1945563,41
697869,98
696225,3
12234,116
689007,96
1938049,115
694309,1
696755,45
278,63
689530,144
2842591,113
1945946,44
691578,148
699365,76
694366,74
692712,14
694850,1
694145,8
689106,92
1947757,45
693799,32
2675280,147
690110,52
690602,35
696291,3
574584,58
697573,32
697984,88
689463,60
696549,19
1945784,61
2667354,104
687197,43
3107868,30
690136,52
1947435,33
689742,146
697544,32
686916,74
686900,74
54201,55
692087,146
693443,70
3108054,132
1865042,145
574683,58
697709,32
693705,2
697871,98
691671,148
1945660,80
692377,18
690055,120
697613,32
1864757,59
3107872,52
694959,4
2675302,147
694704,64
695721,33
2863275,122
696014,43
2667172,28
689432,60
688250,124
2842925,142
696368,3
3108055,132
695597,87
694797,87
698995,23
1946134,44
699303,76
2667138,142
695956,119
1865439,96
1865787,75
692761,51
690582,35
1865090,102
691775,29
574842,58
697401,9
698099,23
695603,87
574953,58
689937,108
695053,33
691269,18
694823,1
691921,29
695672,3
690565,60
698305,9
1945699,80
1945922,2
696202,3
687436,104
698340,9
690914,29
689776,146
696024,119
2848334,99
687214,43
694126,8
1865000,28
693796,84
692951,94
689767,146
699152,23
1865033,28
689171,82
574733,58
694615,1
689749,146
690794,29
3108166,47
574714,58
695580,87
698019,23
1946157,70
694585,1
687554,21
1948050,129
695575,87
1865629,70
1945714,35
694062,8
1947388,34
697032,36
295000,40
1866058,78
3107818,24
2668009,104
689408,60
691340,75
1865941,100
698349,9
688927,38
690453,35
687439,104
686009,59
693765,76
1935871,15
1946876,78
1947748,45
692864,72
693711,2
1947397,34
691991,29
694276,8
694119,8
693747,2
691733,29
690791,99
1865884,31
695775,33
1865222,86
1865489,70
687775,31
696084,132
687361,104
697245,36
683433,43
691273,18
696948,27
695881,33
692446,24
693931,58
693147,44
574754,58
690032,120
1865635,57
1945560,41
690701,35
1866034,31
692017,29
698482,95
695718,33
686412,104
696378,3
692347,18
3107876,120
1945673,80
691516,14
696770,45
692226,18
1865461,12
695051,33
13464,29
692602,14
3108276,98
692386,18
696889,45
692967,113
692376,18
688801,124
689426,60
695014,33
692773,8
574930,58
688979,70
688371,92
697687,32
3107950,76
697730,32
3107875,120
1947841,98
694688,8
693360,108
692412,18
1865933,75
697291,36
691338,75
693197,44
692115,146
696762,45
692473,24
688949,38
688959,38
697248,36
687553,21
2842921,61
697041,36
574641,58
688948,38
688875,38
689769,146
699031,23
697004,36
1864551,111
696106,13
687752,31
1946254,71
692474,24
695758,33
574872,58
694521,116
698373,9
692665,14
689520,144
1947859,97
693513,62
698604,19
696164,53
1865915,54
692135,18
693115,44
2732841,83
696839,45
697695,32
688776,68
693005,84
689406,60
1865717,78
574812,58
1947468,34
694817,87
691979,29
691858,29
698276,9
1945453,11
697064,36
692863,72
695358,119
697126,36
388091,113
1865197,77
689253,79
2842581,30
689275,79
698991,46
1945275,90
3107798,43
3108057,53
695138,33
694361,140
3107930,118
683490,43
690544,107
694031,8
686789,74
696480,19
1945490,11
696730,27
1946753,20
691999,29
696066,132
1866077,78
3108217,39
694768,87
695589,87
694384,4
694135,8
691632,113
698413,9
692421,18
697654,32
692441,94
1946278,115
687540,21
697136,36
691577,148
699011,23
1946249,91
3107853,96
3107801,3
695170,33
9296,99
1947827,73
695873,33
698594,23
690372,17
693031,47
698526,23
693232,44
696700,81
696185,3
3107731,125
692848,72
2666137,4
574831,58
693110,44
686612,144
693763,2
12478,19
695588,87
1947185,78
692160,18
697755,32
24636,76
1864970,28
686732,21
692622,14
693441,70
1864838,102
3107691,82
692457,24
697144,36
695593,87
697825,32
692825,14
696293,3
698847,23
697700,32
692237,18
683699,43
1945246,79
3107999,20
574979,58
697222,36
693136,44
687511,104
690818,29
1945756,125
696245,13
699372,76
1947448,34
691510,14
699448,65
694360,140
690867,29
2714513,147
1946091,10
689035,96
688247,124
3108099,135
574839,58
686937,74
690030,120
1947993,88
697184,36
693045,136
692689,14
12224,81
1947266,1
686954,74
1865806,114
293560,137
693899,1
697572,32
692150,18
697318,36
697273,36
691569,148
683470,102
9799,36
1866097,109
687777,82
699143,23
1865871,31
692144,18
694296,1
694100,8
698356,9
694996,33
689565,144
695290,65
687008,74
1865849,114
698907,23
16133,39
695258,87
1945558,41
692285,18
1866211,17
3108263,45
697631,32
695957,119
696144,13
689212,17
694637,20
691268,18
692289,18
693507,62
292655,74
692637,14
697125,36
1947730,141
697096,36
694235,1
2842590,113
697952,49
696918,45
1946263,71
388193,63
1865020,28
698753,23
697648,32
1947743,12
1866169,53
1945456,11
689334,60
686820,74
3107985,116
699116,23
690021,120
688366,92
692156,18
695058,33
689707,99
691748,29
3108168,18
688870,38
3108093,93
683660,43
1865049,28
689363,60
695585,87
574682,58
694295,1
696904,45
692361,41
693975,1
693260,113
698845,23
695315,4
1866174,72
698645,83
689389,60
697912,97
695709,33
694028,8
1866085,16
574920,58
696943,45
697087,36
693969,1
695676,3
1946097,10
688211,60
26672,52
693769,76
694066,8
698391,9
694692,8
686785,74
686051,59
698254,135
695115,33
691580,148
692257,18
689070,54
694922,87
693019,76
692455,24
696463,43
690912,29
1946628,53
689033,38
699147,23
1865917,54
2863705,63
697117,36
692338,18
3107859,26
683455,43
1947389,34
698796,143
689435,60
688372,92
1946162,68
695168,33
683458,43
1946280,115
690424,35
694810,87
692391,18
695902,4
699093,23
695867,33
574809,58
694043,8
693539,113
692620,14
1945280,89
1865301,68
695579,87
694246,8
695538,43
698329,9
1864853,145
574990,58
688327,54
683526,43
2675297,147
692114,146
694379,4
694109,8
686983,74
696048,43
698129,76
699378,76
698409,9
689771,146
695835,33
698912,23
3108177,18
691847,29
574673,58
692823,14
697097,36
691737,29
3108019,87
699382,76
687359,104
1945535,11
690332,52
697409,63
696693,13
688940,38
697777,32
5350,51
3107922,24
1865764,18
1864738,126
694698,8
690979,146
695427,119
690822,29
1945857,61
694266,8
2666141,133
2732832,60
689094,54
697494,32
1945849,61
1946273,115
689214,17
691977,29
691587,148
1946089,10
694741,106
1947735,45
696832,45
2714497,132
1864513,111
694808,87
695092,33
1865268,5
574662,58
1947828,73
694277,8
574722,58
691508,14
694367,74
1945804,125
1865287,139
2842913,61
693069,14
1946124,44
698382,9
692531,24
696947,27
698573,23
3108287,97
1945903,51
694559,1
693169,44
3108264,32
1946610,53
690072,17
690909,29
1866019,14
693298,33
695731,33
22489,140
688747,100
693287,113
698220,6
689211,17
696940,45
698519,23
697890,45
694988,33
690824,29
695249,87
1945603,41
1946672,53
691846,29
1865579,5
693242,44
688827,112
691633,113
1947831,73
388299,47
694462,140
699141,23
1948038,40
694589,1
698330,9
693676,2
695176,33
693508,62
696536,19
695516,133
1947573,103
692644,14
697873,98
694887,1
693541,113
695955,119
3107778,65
1865186,77
689029,38
1946826,130
683477,43
697183,36
696192,3
1866210,17
690104,17
3108117,141
696214,3
686975,74
338753,32
696464,19
695711,33
3107773,125
696208,3
699037,23
695690,33
698475,95
697794,32
683758,43
688931,38
1945666,80
1946152,44
696767,45
694273,8
1945893,51
1945485,11
696862,45
688782,124
690018,120
694453,76
1945553,41
2714514,80
338610,32
692592,14
689210,17
697204,36
686930,74
691845,29
694105,8
691726,29
1945250,79
691466,72
694979,4
3107965,113
696218,3
690716,35
1935869,59
689197,17
691527,14
686877,74
690833,29
687465,104
1946404,115
694164,1
697986,40
692104,146
1865109,22
1945631,41
697477,32
697177,36
696895,45
696984,19
694813,87
1946230,65
694740,106
1865187,139
694834,1
691756,29
696563,32
574975,58
691598,148
686888,74
689675,12
690448,35
693006,84
3107905,0
1946646,53
698854,23
1866131,54
693390,113
697862,73
697146,36
690779,0
695279,65
1864749,126
693113,44
1948026,40
697729,32
698048,23
695183,65
686775,74
697927,49
694750,106
696808,45
1946690,108
692035,18
693025,47
699196,23
696182,3
689160,82
687547,21
1864605,22
1946843,7
697569,32
574713,58
1946168,68
697716,32
3108238,1
689058,26
1865100,126
694856,1
698725,23
688249,124
1864626,59
1865433,96
697450,32
574867,58
698749,23
695187,65
699312,76
1945779,125
683515,43
2667022,104
689092,54
692427,18
3108169,18
694432,65
699342,76
1946619,37
3107648,104
574577,58
690463,35
693883,1
692650,61
693981,1
692497,149
1865678,114
695542,43
697116,36
1947835,73
3108059,7
2732842,83
692354,18
686366,104
1865920,38
1865834,114
688223,121
1865864,51
692414,18
694269,8
699194,23
1946276,115
1864651,59
696543,19
690591,35
1945793,61
3108156,12
698924,23
3108207,84
698221,6
696129,43
697690,32
699098,23
695958,119
693732,2
1864493,111
1946740,64
686493,105
1945587,41
695568,65
1947527,122
686483,104
696339,3
1945663,80
574643,58
697511,32
698381,9
574827,58
691328,75
699124,23
696054,43
694695,8
693255,113
696365,3
687509,104
693847,1
686827,74
689715,146
693697,2
695413,119
690073,17
692100,146
695735,33
691641,113
696173,13
3107862,26
696230,3
695819,33
694990,33
1864593,22
686376,104
696224,3
2852468,8
687380,43
697432,34
686322,43
687178,43
695704,33
693929,123
692254,18
697606,32
691570,148
695346,3
1865423,112
693659,2
686772,74
690084,52
691983,29
688347,54
3108120,83
1946483,37
698047,23
690921,29
697742,32
3107850,128
697230,36
697302,36
688267,26
699467,93
693176,44
692861,72
697771,32
692715,14
1948030,40
1865928,38
696133,43
574638,58
698007,40
683726,43
694825,1
689116,82
1947452,34
698299,9
1947818,73
693498,62
694418,65
696968,119
688242,124
694820,1
695289,65
1947872,49
699090,23
695503,27
697266,36
696905,45
699333,76
697764,32
1947747,45
698489,95
1864727,126
693229,44
1864512,111
1865148,139
687409,43
694815,87
694072,8
697216,36
1945655,80
693717,2
697947,49
2667169,28
687561,21
1945421,146
691492,14
686707,74
691660,113
1947199,39
1938002,102
1948027,40
1945868,61
694608,1
690811,29
1865646,117
696361,3
1864736,126
388215,63
699169,23
692601,14
1866054,17
691819,29
697140,36
689772,146
1946438,37
694259,8
691672,148
693682,2
689105,92
1946544,108
696331,3
691835,29
693144,44
688869,38
574850,58
574901,58
697181,36
1866242,109
696760,45
698525,23
698649,83
696445,43
693345,113
574922,58
686910,74
698734,23
698359,9
693295,113
686866,74
692735,14
693179,44
692521,24
691960,29
689734,146
689121,82
690904,29
3108085,67
686008,59
1865598,121
696443,43
693648,2
690325,52
3108000,20
698061,23
574845,58
1948064,23
688237,124
697119,36
1864983,117
1945918,17
697212,36
693590,2
1945399,89
697309,36
686465,104
691676,148
697198,36
695158,33
694402,33
693462,62
696571,65
697581,32
694349,1
698563,23
696086,132
696105,13
696047,43
697900,45
698805,99
690572,60
693995,8
440186,76
686874,74
699341,76
1946434,109
690102,17
1946437,37
698086,23
691286,18
1866070,78
695763,33
1947505,13
1945504,11
692874,148
688846,49
692718,14
2675270,147
693594,2
683438,43
1947437,33
1946086,124
1865786,121
686917,74
691484,14
690876,29
1865948,75
1947402,34
338624,32
575000,58
1864878,85
698119,23
688863,38
1946401,115
574639,58
7948,87
689028,38
694661,68
691593,148
688329,54
694989,33
24497,26
693473,62
8412,36
696090,133
686898,74
3107800,43
574684,58
23347,62
1864917,85
3107820,105
697790,32
695063,33
3108170,18
689364,60
696715,122
694840,1
1864501,111
1945464,11
1865443,21
694915,87
3107688,54
691734,29
692299,18
1864836,126
692056,18
697718,32
687440,104
1947539,122
698385,9
3108244,1
693463,62
22565,93
689357,60
1947848,88
693183,44
698167,6
695795,33
1945439,146
698134,76
1865302,68
3108137,99
3108100,135
691481,14
1865612,70
1864800,59
694211,1
440190,76
696829,45
687501,104
683437,43
693406,113
698502,95
694580,1
692899,148
698414,9
1866219,17
695697,33
696000,43
692642,14
574972,58
695319,4
686406,105
1865189,139
694552,1
697624,32
694723,1
691630,113
696965,119
691840,29
3107842,112
1865633,57
696422,3
687244,43
690885,29
699109,23
1946585,37
1865732,57
693755,2
1947481,34
697225,36
692793,14
1946138,96
698440,88
695513,133
1946400,115
688779,100
683696,43
693235,44
338632,32
699092,23
1947568,42
686950,74
696509,19
695951,119
696424,3
696168,53
1865812,114
698726,23
694076,8
1864599,22
694600,1
687461,104
695372,119
1947501,33
698770,23
2787448,28
697288,36
696854,45
692339,18
3108303,23
1946734,78
689158,82
1945970,50
688917,38
691930,29
686423,105
699403,76
686517,105
689321,60
689581,144
693149,44
690027,120
3108112,67
692851,72
574691,58
574885,58
692037,18
3108248,33
691780,29
697916,97
699117,23
698599,19
690817,29
698978,46
1864722,59
688788,124
691544,14
698319,9
693974,1
693721,2
574876,58
687556,21
1947460,34
692734,14
1945940,44
692873,148
694547,1
692385,18
699364,76
688868,38
697788,32
1938036,115
693154,44
691539,14
1946749,20
695057,33
694995,33
1864888,85
698520,23
698874,23
2667168,28
693984,1
692532,24
692351,18
699047,23
2714518,147
686038,59
694430,65
3108116,141
1865217,86
698058,23
686667,0
690621,35
688818,112
696022,119
697954,49
697391,67
697506,32
687570,21
697891,45
695977,115
686660,0
692112,146
26539,12
694578,1
693546,113
1946441,37
574589,58
686880,74
699434,110
1946223,125
699142,23
689279,79
692792,14
690369,17
688866,38
1865923,38
694392,4
690462,35
1865293,21
3107927,109
690636,35
1947546,122
688929,38
697050,36
574741,58
686967,74
1864525,59
697820,32
1866025,14
691280,18
2852472,8
693738,2
2852654,24
694882,1
1865835,114
690444,35
689677,12
692573,14
695440,119
1938013,37
1864611,22
690907,29
695995,43
690666,35
693966,1
1865154,139
3108210,84
689390,60
687759,31
692636,14
2859487,4
1866229,24
687163,43
692627,14
686824,74
1947184,78
695595,87
696838,45
1947278,93
696465,19
1865662,89
692816,14
688301,54
695008,33
693838,1
2852484,28
695917,3
697153,36
2787445,133
692947,94
693157,44
693057,113
696946,45
696766,45
686835,74
698831,23
574983,58
693278,113
699003,23
696574,65
696344,13
3108043,119
686960,74
1866057,78
3107793,115
690536,107
692738,14
1946601,37
695923,3
683745,43
698819,99
1946821,7
1946635,53
338704,3
689533,107
695807,33
1865419,112
695186,65
694771,87
1865677,114
686726,21
695332,3
1945972,50
695337,76
697406,63
698278,9
694554,1
691697,29
693810,116
692294,18
687563,21
1945266,90
698584,23
697435,32
698997,23
698158,6
693633,2
699331,76
686809,74
698561,23
694744,106
1945701,80
695233,87
690013,120
695572,65
698579,23
1947420,34
689732,146
691521,14
694728,106
696232,3
574946,58
3108129,27
692363,41
692806,14
692501,149
693105,44
686993,74
1946450,25
691347,75
699401,76
695068,33
699193,23
696174,13
3108265,45
683462,43
574721,58
698672,83
1946180,64
693281,113
692747,51
1945508,11
574974,58
574702,58
689700,0
697205,36
693628,2
696178,13
1865166,139
694023,8
3108128,27
698740,23
1947819,73
1864573,15
697610,32
686027,59
3107894,52
1865212,77
689728,146
687132,120
694320,1
1945424,146
691648,113
695967,119
11913,108
695095,33
689679,12
697530,32
696021,119
693716,2
692731,14
698615,19
1945787,61
696037,43
698174,6
686485,104
1945809,61
3108221,134
690437,35
692672,14
683671,43
695567,65
686464,104
1864890,85
693771,76
691321,24
2675279,147
3107997,20
686576,104
690537,107
1945489,11
692839,14
574753,58
1865470,50
1865009,104
697063,36
388090,113
1946465,25
689371,60
687575,144
2675289,147
697287,36
692415,18
697313,36
693857,1
688336,54
691265,18
698480,95
699192,23
694587,1
3107920,24
1865211,120
690319,52
697489,32
695383,119
686664,0
690619,35
697315,36
698376,9
683283,145
689559,144
2852477,8
696328,3
695823,33
694133,8
694461,140
698667,83
699140,23
690665,35
3107864,116
1865959,131
683663,43
694745,106
696960,119
692726,14
1946218,8
697823,32
692316,18
686722,21
690683,35
694875,1
693143,44
1865690,114
1864587,15
690546,107
697982,9
2675306,147
1946883,78
694058,8
1947742,45
696530,19
1865626,66
690658,35
695143,33
696316,3
688311,26
691608,148
691954,29
686602,29
690368,17
695163,33
3107947,113
1947187,78
693662,2
698889,23
690634,35
686891,74
692314,18
691576,148
694829,1
574778,58
257545,124
691964,29
686907,74
693185,44
694223,1
698290,9
694310,1
3107993,128
698360,9
695344,3
3108231,1
691666,113
1865709,78
696357,3
699442,65
2859510,2
1947497,83
687018,74
695155,33
694480,140
690098,17
1865244,86
692713,14
696748,27
692083,146
2714515,80
1945531,147
696152,13
3108284,97
698334,9
697723,32
688303,54
691540,14
694532,1
697228,36
692705,14
693310,76
691427,118
692332,18
697993,40
690561,60
695214,87
687758,31
690557,0
3107901,60
698766,23
696200,3
694827,1
692282,18
1945738,3
1946737,20
690783,144
697675,32
691905,29
692958,84
690128,52
696195,3
1865437,96
691705,47
697745,32
1865807,114
1866236,78
692725,14
698441,88
694209,1
691568,148
695837,33
696788,45
696937,45
574779,58
687004,74
696227,3
574894,58
696882,45
693022,47
3107919,24
696102,13
1945803,125
699350,76
697343,36
686723,21
696880,45
1947834,73
686883,74
688383,92
687396,43
3107816,105
1947201,39
694736,106
693928,20
694880,1
698492,95
690622,35
693830,116
692626,14
694160,137
694065,8
692389,18
1865158,139
3107942,48
694467,140
574881,58
2724429,42
687571,21
698076,23
689423,60
695996,43
1865649,89
698922,23
1947782,46
1865763,89
382050,107
3107866,30
694844,1
695668,76
3107765,8
693158,44
695612,65
687017,74
698608,19
3107751,2
574671,58
698000,40
2714499,147
693128,44
3107909,144
696883,45
692397,18
696162,53
574680,58
1945245,79
696689,37
694097,8
698613,19
686362,104
698318,9
697465,32
694086,8
697736,32
689069,54
696044,43
574821,58
440189,76
695800,33
697565,32
693650,2
695314,4
382055,107
3108313,76
1864756,126
693632,2
686482,104
696507,19
1945736,89
1947430,34
3107666,100
690518,35
694422,65
698171,6
691278,18
688895,38
690549,107
1945808,61
697472,32
1866238,109
694853,1
693576,2
690787,144
689036,96
1864789,59
695360,119
692687,14
690562,60
697484,32
694252,8
574914,58
689204,17
1945483,11
1865790,38
697254,36
388200,63
1865137,139
693820,116
696685,13
688384,92
688392,92
1945671,80
1865989,82
693131,44
1865910,54
1864759,59
691476,0
698009,141
1864927,85
686043,59
1865500,70
686705,74
694475,140
697336,36
686474,105
691708,29
697694,32
695551,65
691944,29
694090,8
1945702,80
3107697,51
686999,74
693715,2
695891,33
696088,131
691591,148
1947845,98
2732861,84
696845,45
1865196,77
683478,43
693046,136
695893,3
696461,43
1865628,57
2674976,84
696743,27
698863,23
692838,14
688871,38
697529,32
697563,32
694755,106
1865011,104
683639,43
3043055,13
695309,4
698161,6
1865128,139
694087,8
1945488,11
697586,32
683535,102
689040,26
687183,5
1864707,59
686646,104
688901,38
2714520,147
689264,79
3107746,148
574616,58
686316,110
699441,65
1946260,71
696272,7
686777,74
1947412,34
1865755,136
698343,9
696456,43
1948025,40
686851,74
690631,35
574726,58
695089,33
6230,36
696744,27
26231,76
1865133,139
1946773,113
691928,29
698056,23
1945936,58
690542,107
699359,76
687760,31
697039,36
686018,59
698339,9
3108229,1
696941,45
697217,36
689226,17
692882,148
695942,119
686697,74
689163,82
698112,23
699144,23
1945700,80
683676,43
695530,43
696111,43
688231,124
1946266,115
694931,4
690903,29
694019,8
3108044,119
692405,18
696333,3
688386,92
690646,35
1945542,41
692329,18
388309,141
690835,29
687186,43
699471,133
689685,12
694030,8
690346,79
388192,63
1945233,125
698042,23
2852483,28
12624,140
692402,18
686938,74
696891,45
691849,29
1945628,41
26000,62
690452,35
694335,1
686533,105
698083,23
1865199,77
687170,43
698400,9
574583,58
693800,84
1865970,54
3073203,53
695556,65
698822,99
1865742,136
699310,76
1864778,59
388315,119
695046,33
1946143,44
694954,4
1946586,118
692458,24
1865077,145
693555,113
697524,32
1945541,41
2732851,84
388217,63
698390,9
693384,113
699137,23
694758,1
2732808,58
1946201,123
697234,36
1946845,81
687230,43
3107890,52
695368,119
689690,0
3107693,82
1865153,139
1864543,59
688362,92
1945828,61
3108211,84
698675,83
697427,93
2714524,28
699387,76
698456,67
690056,120
694150,1
686657,0
696353,13
697866,135
692575,14
697461,32
1938285,101
697338,36
697593,32
687200,43
691662,113
695930,4
698786,69
338627,32
1946668,53
683512,43
693990,8
683739,43
693275,113
690125,52
696290,3
699168,23
690541,107
697564,32
694348,1
1865887,110
338612,32
1945886,61
690586,35
691961,29
1864624,59
697221,36
693073,14
698929,23
1946203,123
698963,141
3108206,94
690511,35
574770,58
698059,23
3107932,118
683736,43
693184,44
686696,74
698013,129
691687,127
691257,18
693939,58
690088,52
388321,83
694719,63
1865667,89
1946850,81
695844,33
698695,122
690639,35
696203,3
3107712,35
686604,144
698469,95
1862458,139
694622,137
1947717,99
698488,95
2732858,108
1947511,13
1945223,17
1866233,29
688855,38
697535,32
695646,65
693059,113
686995,74
699020,23
698277,9
3108249,33
2714496,132
694927,87
697246,36
691787,29
1947812,73
3107750,2
1864780,59
1865030,28
690819,29
694668,20
694307,1
687166,43
1945799,125
574696,58
698116,23
2667140,142
692403,18
696795,45
690884,29
1947706,56
696601,4
574606,58
693956,1
574783,58
692841,14
697099,36
696210,3
694102,8
693894,1
689383,60
695144,33
3107805,43
1864601,22
698981,46
693786,140
691572,148
693882,1
1865583,31
686571,104
692014,29
691913,29
695500,27
693040,108
1947498,83
693467,62
698923,23
698218,6
574761,58
689178,92
689384,60
1865692,114
1945800,125
699351,76
1945862,61
694786,87
694920,87
573936,98
696796,45
695925,3
691785,29
2814338,52
686410,104
696853,45
694625,63
696494,19
699080,23
691281,18
697030,36
692989,76
1865713,78
1947434,34
697238,36
2863589,110
699410,76
691490,14
696081,132
690503,35
1947476,34
697071,36
698719,23
695246,87
1865084,102
689057,26
689328,60
683709,43
1864648,59
692071,146
697649,32
689333,60
683289,145
686060,59
690380,0
699155,23
690100,17
1947558,69
699343,76
698038,23
683737,43
688213,60
686350,43
691517,14
1862460,139
693901,1
689460,60
697702,32
3107764,8
698105,83
694304,1
698774,23
697434,32
574627,58
686010,59
3108119,19
694055,8
293557,137
689382,60
696598,4
695066,33
5062,135
303849,116
1947808,73
698626,19
1945860,61
695808,33
695563,65
1945251,125
697780,32
3107936,132
1945786,125
698850,23
690841,29
693016,76
693304,76
692567,131
689077,54
686613,144
698771,23
690548,107
1864596,22
3107958,76
1864597,77
1865721,66
697985,88
688915,38
691625,60
693808,116
698811,99
689667,12
1946165,68
689441,60
3107929,98
2852653,24
699038,23
3107970,76
693093,14
1945499,11
694586,1
1947533,122
691487,14
697001,19
695724,33
697643,32
694161,137
1865171,139
698346,9
1865192,139
1865688,114
683685,43
694967,4
692702,14
3107674,38
2674974,145
693521,62
574955,58
1865292,5
697735,32
683715,77
683499,43
698759,23
691368,24
683649,43
1865792,75
686422,104
692097,146
692630,14
1945584,41
697703,32
696526,19
698274,9
697998,67
3107808,43
692690,14
694526,63
1946609,37
1946087,124
693866,1
574744,58
698082,23
690460,35
3108068,27
251960,54
692286,18
1945511,146
699306,76
687208,43
689047,26
695080,33
691796,29
694286,8
693269,113
697068,36
686807,74
692639,14
1864879,85
692090,146
1865847,114
699213,23
1945624,41
16213,20
695878,33
1946703,136
693592,2
691942,29
1945262,90
696757,45
1947520,122
698179,6
689087,30
1865817,114
692583,14
689189,51
1865606,75
694904,87
1864654,22
689208,17
699010,23
574799,58
1947549,122
1947696,143
1946392,115
694924,87
686418,104
1865942,100
2714522,68
692578,14
686802,74
690711,35
440193,76
696312,3
1947571,103
690714,35
3108271,6
696850,45
694015,8
257539,124
696589,4
3107813,43
695762,33
693201,44
686519,105
691290,18
1945633,41
696257,13
695378,119
699345,76
1947282,20
1947244,134
688302,54
690725,35
1866235,109
687534,104
687179,43
574604,58
693240,44
683471,102
691594,148
693209,44
697705,32
694265,8
689086,30
690359,79
1946468,25
693687,2
690124,52
1945356,80
697474,32
694806,87
694078,8
1945495,11
3108086,36
574767,58
686913,74
692762,51
1948058,129
693472,62
694756,106
698190,6
1865466,50
574772,58
1945874,61
694555,1
388206,63
698350,9
693034,47
696704,81
693861,1
687155,43
2667234,104
692044,18
694455,76
1865694,114
690427,35
693230,44
1946122,44
699049,23
690384,0
688323,26
696707,81
1945731,3
686359,43
1938283,101
690688,35
692298,18
695742,33
689273,79
694693,8
688207,60
694764,106
691634,113
698824,99
574829,58
698971,75
2790360,135
692229,18
698510,95
697948,49
574645,58
691534,14
689545,141
691771,29
694398,125
697502,32
2787462,28
693604,2
698578,23
694294,1
1865996,51
687358,104
688825,112
3108192,75
574958,58
689439,60
2667346,104
698404,9
696865,45
1864684,59
694142,8
689243,79
2667997,104
691344,75
696804,45
695241,87
689586,144
698194,6
1945814,61
688368,92
692929,113
692018,29
574848,58
689280,79
695272,65
698444,127
694143,8
692887,148
3108272,134
693214,44
686912,74
692493,149
1945407,91
694394,4
699393,76
689568,144
698917,23
691483,14
692803,14
3107689,54
1946875,16
1864631,59
694997,33
574768,58
1864776,59
1866010,131
388244,149
689544,12
695766,33
381826,74
3107787,65
698666,83
1866068,78
696713,122
691599,148
1865125,59
688391,92
698534,23
2863601,61
1865149,139
691465,72
1947690,103
693902,1
696881,45
1865743,136
695953,119
688260,38
692812,14
692010,29
1946622,53
687121,120
1865088,102
690805,144
695553,65
1864816,126
686757,74
690057,120
2714498,147
686339,43
2732836,137
1865611,70
1865210,92
692853,72
696283,3
691505,14
574603,58
697570,32
694022,8
698388,9
696446,43
3107782,3
3107825,144
693751,2
690519,35
2786156,19
691955,29
695035,33
574740,58
696740,27
688981,70
695363,119
688844,50
1946113,50
690888,29
693286,113
693445,70
688246,124
690974,146
691293,18
3108005,64
694860,1
691908,29
257506,124
3107992,63
693816,116
687422,104
690112,52
692576,14
698262,9
1865344,68
694165,1
697763,32
1945226,17
1947810,73
693119,44
3108237,1
687445,104
3107675,38
698310,9
689365,60
699018,23
1946085,124
697651,32
699206,23
1946440,37
693049,44
698420,9
696481,19
686314,110
388242,149
697990,40
1865746,136
695872,33
688872,38
697062,36
689162,82
691698,29
687535,104
689722,146
695696,33
695267,65
1864808,126
690101,17
697277,36
697682,32
689464,60
686463,104
1947874,97
1946778,48
692340,18
692234,18
693728,2
683428,43
697943,49
3108292,49
697053,36
699034,23
338628,32
689331,79
695444,119
693497,62
688794,124
693178,44
695127,33
1945585,41
698487,95
695858,33
3107624,145
1865963,54
693254,113
3108153,12
1866429,115
695642,65
1938021,3
693744,2
1945747,142
1945667,147
696408,3
689431,60
693166,44
693596,2
1865223,86
687428,104
687462,104
1865219,86
695846,33
687520,104
698706,23
1947472,34
697029,36
686758,74
1946712,66
698308,9
1946248,91
692016,29
698862,23
692080,146
3108280,45
691434,133
1947521,122
690137,52
694077,8
1865870,77
697444,32
1947401,34
694603,1
690449,35
1945720,3
696863,45
694116,8
698417,9
696934,45
689966,52
699103,23
686042,59
1865944,75
693582,2
689755,146
686030,59
3107814,43
696498,19
1865905,82
1866230,29
1947731,45
692485,3
1946116,50
691973,29
688203,60
691351,75
691949,29
692684,14
699444,65
3107860,26
1946645,53
1865141,139
694213,1
699356,76
2849050,10
696708,45
1945274,90
696107,43
692120,146
698464,95
698832,23
697915,97
689599,108
2861233,99
689385,60
695789,33
692760,51
695139,33
692932,113
691512,14
1865869,31
3107768,8
698689,27
686948,74
694518,55
697559,32
1947683,143
698392,9
1947482,34
1945805,125
696171,13
694393,4
691755,29
696397,3
691345,75
698248,135
1946275,115
1947208,39
691550,14
3108218,39
1946834,130
698146,76
692231,18
1946239,91
683666,43
694120,8
688217,60
683720,43
688300,54
694280,8
695604,65
693460,62
3107708,79
1865272,5
1865237,68
1945450,11
687491,21
440185,76
3107758,112
694284,8
698855,23
694336,1
688744,123
574710,58
693296,113
697384,36
696240,81
699204,23
693564,76
690506,35
1945594,41
695929,4
689716,146
1945739,3
686984,74
686841,74
3107817,29
692082,146
24764,128
687757,31
3107863,116
686714,21
697889,45
1945447,11
3108266,32
696684,53
692126,18
683656,43
694934,4
695773,33
689018,96
696500,19
694658,20
689301,52
695421,119
691992,29
1865446,96
695787,33
694227,1
698071,23
695218,65
3107684,54
1864608,22
1865846,114
1946714,66
698591,23
1864788,59
3108301,23
686670,0
696418,3
692396,18
698777,23
689751,146
1865468,50
1865183,139
689276,79
686409,104
691766,29
697540,32
688841,124
690607,35
692609,14
1937931,103
695442,119
695175,33
1946620,53
694170,1
3108111,127
696166,53
3108312,76
3108224,134
697734,32
388327,83
293556,137
686610,144
694998,33
692371,18
691331,75
1865830,5
574871,58
1864750,59
683449,43
1865945,100
683648,43
683476,43
698337,9
1948059,129
574847,58
690446,35
692064,146
695713,33
698580,23
692062,146
687000,74
1946696,99
692606,14
1945664,80
692837,14
692142,18
692233,18
574644,58
695803,33
2732819,120
690597,35
698150,6
687192,43
690718,35
257521,124
688892,38
695550,65
2852471,8
2732862,84
1866098,16
1865930,38
574874,58
1945609,41
686033,59
697999,40
686755,74
686320,43
3107991,63
691959,29
692373,18
695828,33
1945507,11
694383,4
686741,74
695206,87
686497,105
3107704,17
694701,8
694674,8
26841,62
699361,76
691359,24
695938,119
693299,76
690700,35
1864689,59
1945665,147
686315,110
574781,58
696233,3
688924,38
699077,23
693677,2
1937944,71
687559,21
696855,45
698005,95
686959,74
1865483,70
1865727,57
690832,29
1865686,114
690348,79
2732857,108
1865747,136
2675310,147
689602,12
686849,74
687503,104
693374,113
683441,43
698153,6
698620,19
693577,2
692901,48
692765,51
695860,33
1946728,66
694494,140
698955,141
698652,83
686605,144
697115,36
695125,33
3108139,141
693371,113
698880,23
1947760,6
1865039,28
698468,95
697189,36
691461,72
688287,26
693749,2
693086,14
1945923,17
693824,116
691877,29
695032,33
1945651,147
1948055,129
693626,2
697323,36
687206,43
690070,17
693700,2
696110,43
695242,87
698295,9
697247,36
1945836,61
693608,2
691843,29
3107640,104
689669,12
690531,107
3107671,124
2842920,61
303853,116
693519,62
694579,1
694301,1
693218,44
696190,3
689167,82
688879,38
574934,58
3107761,123
697747,32
689206,17
692154,18
3107734,61
695621,65
1945224,17
691564,148
691600,148
691712,29
695357,119
698840,23
689300,52
690648,35
691371,24
698228,6
1866162,16
697311,36
3108073,119
694605,1
690029,120
694599,1
1945801,61
692008,29
689773,146
688289,54
696334,3
1864632,59
686357,43
388306,134
3108011,63
693694,2
574986,58
686894,74
1946229,65
695573,65
388250,45
694344,1
692019,29
690501,35
688902,38
694177,1
1865601,82
691791,29
574803,58
1946844,7
690806,144
687394,43
1946204,123
686480,104
1865564,57
1947519,133
696025,119
693208,44
695007,33
574661,58
683492,43
689170,82
697271,36
694420,65
690788,144
690971,146
686884,74
3107796,3
686475,105
696866,45
696234,3
698633,19
689433,60
683461,43
686946,74
697105,36
574873,58
691316,24
692345,18
698839,23
1947729,45
3108302,23
1864588,15
689774,146
683680,43
3108130,143
3107788,3
1945588,41
696773,45
1865665,21
694739,106
686491,104
694606,1
1947868,101
2668166,113
694735,106
574614,58
1864489,111
697575,32
692399,18
1947548,122
692900,148
3107774,65
1864643,59
692822,14
1946221,61
689598,108
690020,120
698682,27
1938009,86
691543,14
698807,99
697645,32
695924,3
686608,144
1945547,41
695964,119
692164,18
690130,52
1945269,90
689475,60
691596,148
694726,63
3107827,144
696902,45
693983,1
688275,26
695960,119
686351,43
1946096,10
697811,32
689258,79
1946718,66
689053,26
697810,32
693109,44
1865249,86
692961,84
696040,43
692769,58
691266,18
689119,82
693811,116
1946238,91
1945243,79
1865560,66
696376,3
690328,52
1945279,105
691798,29
695415,119
690913,29
2668024,104
698264,9
1947784,46
3107900,0
694075,8
694790,87
689270,79
1945429,146
1947234,134
3107911,29
689019,96
1864806,126
697164,36
698204,6
3107892,52
691575,148
1945487,11
697165,36
694000,8
691275,18
689183,30
574932,58
695736,33
696551,19
1864576,86
691562,148
695201,65
693565,73
1946205,17
698602,19
2870657,77
574642,58
693500,62
699026,23
1946852,27
694798,87
1865859,51
697783,32
1947186,78
692641,14
696988,19
1945265,90
698881,23
696831,45
690091,52
698797,143
695806,33
686815,74
688938,38
574615,58
698700,143
3108314,76
1863211,110
691978,29
695768,33
691329,75
688292,54
690508,35
1865618,66
2732812,8
695167,33
1865493,70
3108250,133
687219,43
698320,9
690320,140
1945843,61
2859504,100
690041,120
686830,74
693993,8
696342,122
689343,60
698503,95
697235,36
694807,87
688321,54
574706,58
683695,43
690527,107
695006,33
691447,72
692865,72
1945833,61
1865919,38
687029,104
691989,29
686871,74
695609,65
698094,23
689351,60
698769,23
689693,0
2675288,147
2732813,74
689729,146
693458,62
687236,43
695738,33
1865889,31
693148,44
689777,146
692225,18
694982,4
694288,8
697863,135
689448,60
695660,3
687177,43
689221,17
1946722,66
692456,24
698798,143
693872,1
688807,124
1945443,146
1946461,25
689752,146
698756,23
698678,27
1865745,136
697057,36
697824,32
1866249,16
696547,19
1948060,23
1945823,61
696012,43
2849051,10
692572,14
694492,140
695262,4
688269,54
2854662,127
697713,32
697428,93
691980,29
1865345,68
693742,2
695284,65
696295,3
3108114,95
574626,58
692774,8
1945494,11
2787466,28
698746,23
1945965,44
2674972,145
693868,1
1947807,134
694939,4
1864818,126
692326,18
1946608,37
688316,54
698658,83
683716,77
692828,14
686949,74
693114,44
695152,33
697901,45
697599,32
689338,60
691803,29
695811,33
698809,99
697408,63
697546,32
694993,33
3107837,120
694011,8
1865434,96
696163,53
1946219,61
689522,144
694318,1
692125,18
693878,1
690069,120
1864638,59
693678,2
699012,23
3107647,104
698312,9
695047,33
1945359,91
697326,36
1946446,37
1866258,37
693986,1
696745,27
697670,32
1865414,112
696049,43
1946452,25
1866208,17
699158,23
1948002,88
1948011,88
574612,58
689299,52
692434,94
1946111,50
1945534,11
695847,33
696319,3
698508,95
3043076,13
686861,74
691557,14
691365,24
694770,87
690016,120
388203,63
691584,148
693790,134
4779,76
693354,113
1947414,34
688340,54
687429,104
690605,35
693439,62
695685,33
1945601,41
690643,35
697520,32
688326,54
686876,74
692976,76
690373,17
1864956,28
1938043,115
1946131,44
689244,79
690851,29
690502,35
698159,6
698836,23
574911,58
696416,3
695091,33
692001,29
689271,79
1935875,85
687750,110
686812,74
696043,43
695549,65
3108296,88
699060,23
694323,1
698636,19
697828,32
690337,52
686317,43
1865637,21
2732843,81
686754,74
1945555,41
694012,8
683692,43
697973,88
690850,29
699208,23
1947503,83
683473,102
698462,95
696011,43
692251,18
574971,58
1947276,93
689236,17
1865837,114
1946265,115
694508,140
694805,87
1947688,103
686005,59
690556,0
695814,33
686026,59
696964,119
697701,32
686645,104
686623,104
690438,35
689255,79
691424,118
697933,49
696053,43
686911,74
690652,35
692706,14
696575,65
1947541,122
692445,91
695879,33
693268,113
695339,76
1948009,88
683442,43
1865232,123
574888,58
692815,14
696790,45
687473,43
2675271,147
692753,51
1864578,15
1865674,92
693008,84
694448,148
692990,76
697452,32
691910,29
693079,14
3108144,149
695504,33
689717,146
696688,13
3107856,96
690105,17
693586,2
694406,61
697833,32
686525,105
693629,2
1947235,73
1864511,59
693266,113
1946126,70
686878,74
696873,45
1945961,44
696496,19
692703,14
691528,14
692942,113
1945503,11
692883,148
687541,21
691750,29
695207,87
696343,122
2852473,8
1946175,68
696572,65
698799,143
687205,43
693231,44
696495,19
693620,2
698223,34
689166,82
686063,59
1865107,126
694493,140
697038,36
692109,146
1865003,104
694328,1
699425,76
691967,29
693221,44
1865723,128
1946636,53
694231,1
692722,14
694569,1
574738,58
699210,23
694151,1
695705,33
699340,76
693834,1
3107781,3
696335,3
697400,67
683514,43
2732847,12
1947508,133
1947469,34
1946794,132
693991,8
1946812,53
698928,23
698287,9
1864623,59
694855,1
1946639,53
683481,43
688369,92
3108058,53
692938,113
1865207,77
683513,43
694773,87
688313,26
1946613,37
696817,45
692829,14
690545,107
691749,29
696739,27
574748,58
688881,38
698225,34
698567,23
699328,76
1946443,37
683281,145
693733,2
694729,106
695212,87
694929,4
695317,4
698325,9
1866099,79
692252,18
692789,51
1947223,39
692327,18
686784,74
686738,60
692509,90
697858,134
3107809,43
2675284,147
695342,76
689765,146
689451,60
2859924,102
574891,58
699447,65
696071,132
694802,87
692060,146
691919,29
689175,92
1865993,149
1864739,126
695909,4
2842923,61
1864622,59
686889,74
695529,43
697590,32
690873,29
698765,23
699126,23
697385,36
3107646,104
689388,60
574598,58
696215,3
1946258,71
688382,92
698193,6
694919,87
694845,1
1946751,20
690780,0
697083,36
3108317,76
1947210,47
693605,2
574737,58
686616,144
3107898,60
1866220,17
693104,44
688883,38
689747,146
690451,35
691800,29
693011,84
2666127,105
690697,35
699013,23
574647,58
688294,54
695643,65
1865462,50
1864634,59
695049,33
696705,81
698788,69
687259,104
1948049,129
695130,33
690514,35
687137,68
695434,119
694396,4
3107737,51
686368,104
698472,95
689064,38
690895,29
1946588,37
1865885,82
688360,92
699086,23
698901,23
1946127,44
691721,29
690119,52
693243,44
689583,144
690321,140
693935,20
1938011,37
686523,105
1945402,91
699097,23
1865658,18
697433,34
694612,1
699440,65
695333,3
694499,84
694275,8
693035,76
698582,23
691783,29
698070,23
301854,144
3108179,18
1865130,139
574717,58
1946108,50
695072,33
1947485,34
697284,36
693815,116
698175,6
689220,17
689740,146
683728,43
1865459,50
695919,65
574650,58
689161,82
693448,62
1865808,114
690028,120
697732,32
699325,76
687749,110
696332,3
574817,58
687430,104
696765,45
688375,92
1947737,45
697011,36
686805,74
1945282,89
690331,52
2666122,133
699146,23
1865304,21
698062,23
696901,45
692027,18
693905,1
697077,36
683646,43
1864837,102
697296,36
2714519,147
3107980,116
3107760,2
695954,119
697330,36
3108004,64
1945958,44
691879,29
1946709,66
574949,58
697151,36
388124,44
1865561,70
692619,14
691938,29
696020,119
698638,19
686509,105
687006,74
689254,79
697075,36
1865496,70
690126,52
1946445,37
686513,105
1945726,91
690782,107
696474,19
687184,43
1945892,51
693314,76
22406,52
694094,8
695496,48
695776,33
1947459,34
692811,14
686826,74
686823,74
693907,63
690589,35
691299,18
338751,32
693526,62
686963,74
697664,32
697031,36
693870,1
691463,72
694985,33
696945,45
699179,23
1946795,132
691667,113
693459,62
3108064,122
689440,60
697173,36
1945425,146
699145,23
697231,36
1864490,111
692890,148
574564,58
1945390,89
689965,52
382053,107
693736,2
696249,7
686331,43
1947464,34
1866432,43
686637,144
373568,19
694999,33
1865425,112
699205,23
687519,43
691950,29
697407,63
693843,1
1865175,139
3107628,28
695231,87
693862,1
689386,60
697766,32
699432,110
683654,43
574651,58
1945397,89
3107981,116
686716,21
689085,30
692227,18
694302,1
689261,79
686896,74
574984,58
1866166,53
697712,32
689277,79
697865,135
690600,35
1945600,41
696031,43
689539,127
687747,110
1865863,51
574640,58
1946403,115
686321,43
694836,1
1947565,13
699472,133
1865213,86
694376,4
691277,18
696917,45
691688,127
697010,36
692597,14
2732839,132
1946732,57
686358,43
686936,74
1945261,90
690588,35
693669,2
2852632,31
1946658,53
3108008,137
683647,43
698630,19
699129,23
1865820,114
2732804,125
695106,33
699172,23
2860057,75
696595,4
1938037,115
697689,32
686344,43
687271,104
3107823,105
1864928,85
690375,60
692077,146
693064,14
688219,60
695326,3
3107953,113
690127,52
388082,113
698362,9
686028,59
1864830,126
696077,132
698601,19
1946245,91
388241,149
692559,125
1865656,89
694305,1
1866076,16
692956,84
1945418,146
1945870,61
693853,1
688990,128
1938004,126
695826,33
691620,148
689346,60
699043,23
693504,62
693223,44
689336,60
1948013,88
1864535,111
1947188,16
695671,3
689738,146
1945654,80
698050,23
574866,58
692024,29
699385,76
692981,76
1947534,122
692813,14
689056,26
3107804,43
1945647,147
697635,32
257504,124
1865829,30
691934,29
1866065,16
686054,59
1946629,53
698332,9
692603,14
1865653,89
686581,104
1865644,146
1865184,139
691719,29
692009,29
691665,113
574669,58
696985,19
699348,76
574835,58
697966,83
1864532,59
691818,29
694101,8
692959,84
2787463,28
574965,58
692510,79
695794,33
688337,54
697467,32
698016,141
695004,33
1947213,39
695204,65
691339,75
696406,3
1864669,59
694020,8
697759,32
690034,120
686915,74
694804,87
690585,35
696877,45
1945842,61
698935,23
687162,43
574695,58
686625,104
3107815,105
1945724,91
696252,13
692646,14
15630,37
698298,9
574988,58
686348,43
690038,120
1864786,59
695404,119
3108027,87
1947687,103
697926,49
697719,32
1866081,109
693585,2
693860,1
698282,9
574957,58
3107964,113
694843,1
698436,9
6655,83
691582,148
696742,27
696825,45
689563,144
1945703,80
1945693,80
694488,140
695247,87
697809,32
697073,36
574858,58
3108282,88
683211,59
1865258,86
2814348,9
692221,146
698197,6
697516,32
1947756,6
696852,45
687383,43
699202,23
1945790,61
692464,91
689207,17
692860,72
699073,23
1946147,44
1865408,68
695720,33
1864955,28
3107662,31
698151,6
1945764,125
699353,76
1945612,41
694121,8
698270,9
699175,23
1865206,77
698416,9
688244,124
1946405,115
1866132,54
696910,45
2667321,104
694487,140
1947506,133
1946478,25
1864516,111
694573,1
698096,23
692098,146
698213,6
695276,65
692491,149
697223,36
1866084,16
695178,33
1946807,53
690668,35
686580,104
1945858,61
1946093,10
1947778,149
694311,1
3108045,119
1946650,132
697727,32
1947537,122
2667171,28
693317,76
692804,123
696517,19
691601,148
687748,110
3107763,58
687500,104
694005,8
574887,58
689930,57
697240,36
2842917,61
693630,2
1946849,81
691763,29
574648,58
698139,76
694748,106
686041,59
1864925,85
691661,113
694956,4
3108081,19
693290,113
695640,65
388126,44
697110,36
693638,2
691635,48
694732,106
693100,44
693215,44
3108063,81
693962,1
697425,93
698115,23
696315,3
696532,19
690326,52
1947228,39
693319,76
1945975,44
693612,2
1865580,5
686535,105
696837,45
3107777,65
698177,6
1864709,59
691583,148
574599,58
693224,44
698877,23
1946262,115
696690,37
695356,119
698846,23
683693,43
694067,8
1945232,125
693684,2
1947724,45
686980,74
694410,33
1946789,53
1864533,59
693718,2
1946695,99
683735,43
697521,32
696746,27
695842,33
697015,36
690327,52
693567,2
689373,60
1947556,13
696751,27
697644,32
3108209,84
696921,45
698702,143
1947563,13
697722,32
688920,38
1946692,12
1864586,15
1945668,80
697169,36
3107886,52
1864570,43
694093,8
1947685,143
1865998,31
697762,32
690371,17
698120,23
698303,9
693540,113
1948045,88
2714510,147
690001,30
695899,4
697412,63
683452,43
1865283,139
382042,141
1864510,111
694699,8
691323,75
3108291,49
689714,146
692131,18
697733,32
1945889,51
692333,18
694524,63
698611,19
687488,21
693081,14
697604,32
693781,140
698951,141
694465,140
686961,74
696288,3
689955,92
3108309,23
3108234,1
694500,84
1864581,15
689209,17
698149,34
698913,23
693908,63
690715,35
686470,104
3107904,144
3107880,52
698861,23
1947404,34
691965,29
688363,92
689572,144
1948017,88
692308,18
686939,74
693238,44
695539,43
691669,148
692022,29
694014,8
1946780,119
696157,53
698087,23
692517,125
3108097,34
687414,43
695548,65
3107629,102
693679,2
1946272,115
1945743,65
692678,14
687194,43
694048,8
697637,32
1947855,88
686928,74
696778,45
683502,43
694607,1
696834,45
697814,32
690550,107
693054,113
1865811,114
1946790,132
694536,1
690374,17
1947390,34
694128,8
698996,23
694930,4
20970,6
2732854,84
686003,59
698722,23
693795,140
692923,113
696858,45
696944,45
686978,74
697937,49
692078,146
698523,23
1945905,51
698172,6
683747,43
3108232,1
691683,108
692513,24
695564,65
695635,65
695999,43
699105,23
690048,120
699163,23
3107719,146
694297,1
689088,30
683460,43
689758,146
1945694,80
683440,43
2732834,113
691631,113
693845,1
686736,21
694411,105
693386,113
694903,87
3108194,14
1947551,69
1946631,53
689005,128
3108219,73
693917,123
1947408,34
695271,65
694717,63
693572,2
1864924,85
1947429,33
1865220,86
693151,44
696027,119
686515,105
1865754,12
695561,65
686007,59
689780,146
1864936,85
687015,74
690897,29
692545,24
693551,113
1864548,59
1947467,34
1864487,15
1866092,78
1865563,57
692723,14
574681,58
695331,3
1864973,117
697196,36
699089,23
1946828,130
1865093,5
1946270,115
293561,137
686951,74
1946727,138
687560,21
1946653,53
692436,94
696518,19
2855376,83
3108203,94
3107826,0
695292,4
697464,32
686642,144
699201,23
338705,3
3108253,131
695922,3
1946611,53
686589,104
3107784,3
692020,29
1945548,41
697139,36
1945455,11
691735,29
696553,19
574941,58
694174,1
1947752,45
695098,33
695124,33
690920,29
694913,87
1864686,59
698787,69
697684,32
698574,23
689409,60
1947728,45
1865147,77
1865654,89
694837,1
689356,60
1947686,103
698306,9
693672,2
696380,3
686745,74
697826,32
1865762,18
695417,119
692040,18
696220,3
574959,58
694212,1
687527,104
686472,105
695647,65
690499,35
688283,26
693665,2
697708,32
1938051,115
686751,74
695790,33
1947441,33
692756,51
696514,19
689510,144
695727,33
686825,74
1946591,37
1946402,115
696055,43
686633,104
2714495,132
574793,58
1866020,14
697659,32
1947814,73
388332,83
697100,36
698741,23
696148,13
688349,54
1935876,102
683670,43
1947836,73
574679,58
698437,9
696974,119
693514,62
692590,14
1945406,91
697918,49
293553,137
698911,23
692116,146
692546,24
3108163,108
696899,45
2732840,135
693622,2
1946802,37
689415,60
698899,23
699207,23
1864947,28
2855220,12
698497,95
698744,23
690539,107
1946654,53
693936,20
694146,8
1865511,96
689696,0
1865052,28
687426,104
698545,23
1945735,3
1864710,59
692059,146
574590,58
693066,14
697945,49
698355,9
691988,29
686652,0
1945855,61
695313,4
1945396,89
694691,8
3107848,128
388326,83
686506,105
1865736,136
692336,18
697178,36
686833,74
3108319,58
574634,58
694752,106
2852482,28
692133,18
695306,4
686032,59
1864725,126
687551,21
694926,87
694992,33
689528,144
440194,76
698138,76
1865221,86
2857467,119
695968,119
687566,21
698163,6
688909,38
687406,43
692155,18
686813,74
699085,23
696682,53
693713,2
690547,107
574938,58
1865796,54
687379,104
1864799,59
695493,48
1866126,44
1937927,115
2787467,28
3108070,27
1865931,75
697058,36
693170,44
1864918,85
690025,120
694727,106
696017,119
693545,113
1945782,61
694657,20
697078,36
693509,62
693101,44
687228,43
3107644,104
686712,74
683672,43
696379,3
696188,3
698663,23
574886,58
683744,43
698371,9
690052,120
698207,6
696130,43
690820,29
690662,35
697260,36
695937,119
693858,1
691563,148
689584,144
694315,1
698495,95
697142,36
1947475,34
1865413,70
696271,7
697582,32
3108268,32
693649,2
694909,87
2666126,92
1865002,104
694498,84
1864503,111
1864740,59
695085,33
698927,23
1947271,93
691897,29
698457,67
1866193,1
692430,94
1866048,84
694343,1
686814,74
3108307,23
1864723,126
699191,23
687229,43
698768,23
694454,76
693525,62
691963,29
693121,44
691588,148
692933,113
698106,83
694957,8
1866011,131
698202,6
3108143,108
696196,3
1945524,147
1945773,125
690563,60
1947723,45
1938020,3
20229,116
698324,9
1865484,70
692739,14
693153,44
696327,3
690045,120
686850,74
696026,119
2830245,51
690922,29
696034,43
698092,23
697463,32
697436,32
694291,8
686329,43
1864685,59
696727,27
1947457,34
1948040,40
687106,21
696015,119
690335,52
574756,58
694886,1
699324,76
693783,134
1946251,147
692553,125
698481,95
699470,133
697882,98
1946612,53
696450,43
698393,9
1864600,22
2667144,58
1947694,143
692631,14
692419,18
691536,14
697497,32
3107987,63
1865729,128
2863690,32
3107769,8
683687,43
699036,23
1945621,41
695038,33
696065,131
1864544,59
695177,33
689481,60
1864614,22
689294,52
691962,29
696798,45
1865076,28
693471,62
1945728,91
1865121,22
696533,19
690505,35
1866071,78
695541,43
3107700,51
694400,125
686901,74
1865448,96
2859489,4
1947817,73
1865504,70
694826,1
696466,19
686933,74
695584,87
690442,35
1864982,117
694517,55
696887,45
1947450,34
689741,146
1866430,115
693538,113
696082,132
3108014,106
689200,17
3107638,104
690837,29
687761,31
1947699,103
693376,113
1865282,139
689532,144
697233,36
694769,87
691861,29
3108215,108
1946747,20
696219,3
692985,76
698471,95
695367,119
693062,14
687009,74
693211,44
691820,29
698345,9
1938015,37
691597,148
698990,46
696136,132
3107785,3
1946644,53
1947418,34
2675294,147
694754,106
2859501,100
697832,32
693624,2
699032,23
696586,4
692674,14
693182,44
695411,119
695026,33
694098,8
698623,19
695147,33
691859,29
686947,74
693825,116
695294,4
691486,14
690014,120
698560,23
693315,76
697587,32
683474,102
698968,93
698015,19
686673,0
15206,43
692836,14
695266,65
697282,36
695253,87
689327,60
691522,14
1946112,50
1865053,145
689317,60
696497,19
574913,58
574892,58
698024,23
694240,8
692814,14
683657,43
2714502,147
694219,1
696056,43
693674,2
696566,65
1864603,22
574689,58
692569,14
698004,67
692101,146
696117,43
692242,18
697773,32
3108311,23
1945634,41
693802,116
2732806,58
693756,2
697776,32
694486,140
1865798,75
693889,1
698625,19
1947761,6
1946467,25
691308,24
686455,29
1938007,86
687268,104
693122,44
688966,38
692926,113
1864641,59
257494,124
696216,3
1864887,85
1864777,59
695373,119
1865926,75
694712,63
1945887,61
1945974,50
694469,140
688894,38
687388,43
692921,113
572856,54
694357,1
686570,104
687389,43
698883,23
695890,33
691939,29
696900,45
693076,14
695747,33
690896,29
1866119,133
1937928,37
692799,14
693272,113
693082,14
694747,106
688908,38
1945653,80
1946724,138
694025,8
695238,87
695725,33
1945484,11
689090,54
695786,33
2854870,83
1946589,37
699177,23
686328,43
692680,14
696267,7
698642,83
3108182,94
1945554,41
695896,3
692548,24
691437,53
698066,23
696063,133
574952,58
695914,3
691369,24
1947580,103
683708,43
2787465,28
697548,32
1945867,61
693137,44
687270,104
1865245,86
3107962,113
687176,43
697424,93
1865675,114
692931,113
691581,148
690023,120
2859490,4
688318,54
697297,36
1866231,29
1947229,39
388325,83
692368,18
691917,29
697589,32
694445,76
693826,116
690617,35
3107770,74
3107907,144
1948010,88
696019,119
1947279,93
697314,36
694074,8
691446,72
694821,1
3107858,26
1947776,149
698476,95
694449,76
1865672,114
1947719,141
689027,128
1947759,6
697974,88
3108254,133
694118,8
687267,104
687754,31
1865939,38
1866072,16
1865800,75
698216,6
697691,32
1864657,59
1865151,139
1865901,149
690848,29
697268,36
698304,9
690383,0
697006,36
698576,23
688358,92
1865457,50
1947691,103
2714527,28
1945847,61
694801,87
1866232,29
1865907,54
699009,23
2732859,84
697398,36
683755,43
694772,87
698754,23
690892,29
1865492,70
687243,43
698478,95
2863698,26
690011,120
1945844,61
686058,59
1115,29
698994,23
1946418,109
692256,18
2667002,104
692593,14
3107694,82
695239,87
692124,18
694068,8
696958,119
698516,19
574635,58
574751,58
1865431,96
1947421,34
687003,74
699384,76
693881,1
1865289,139
694085,8
697390,67
1865176,139
1864897,85
691317,24
574853,58
2864197,110
1945235,125
1947751,45
696099,3
693955,1
574610,58
698552,23
696734,27
696325,3
697320,36
694697,8
695010,33
388223,63
698369,9
688393,92
1864541,59
696337,3
3108252,133
574759,58
689182,30
3108104,9
697397,36
697236,36
688970,38
692033,18
1945410,35
694312,1
689296,52
694570,1
689940,12
693977,1
694112,8
2667325,104
574826,58
689242,79
574582,58
691837,29
1865866,51
698546,23
697483,32
692898,148
698328,9
1946241,91
691621,148
689041,26
1865256,86
1947415,34
694175,1
574810,58
694629,128
693550,113
1865815,5
1945661,147
692616,14
692379,18
697182,36
697668,32
686052,59
1865233,86
697249,36
692288,18
695688,33
692070,146
693709,2
696103,13
695566,65
687013,74
1947192,39
689764,146
694364,140
699127,23
574796,58
1946191,68
691448,72
699463,128
686791,74
694092,8
698551,23
1865298,5
697504,32
2668187,47
1865979,54
1945825,125
694206,1
697515,32
1866104,109
698454,67
1864688,59
696029,43
694483,140
388194,63
693187,44
691904,29
3107762,58
1865120,22
1945924,2
696391,3
694248,8
693819,116
692328,18
699136,23
697661,32
691431,133
1865689,114
3108028,4
695673,3
696771,45
1865707,78
698314,9
698458,67
1935870,59
698293,9
696706,81
695695,33
698761,23
699404,76
698960,141
699397,76
691362,24
692337,18
3107633,77
691782,29
574687,58
697770,32
698405,9
688754,100
693739,2
1865132,139
693469,62
696793,45
1865113,59
688919,38
696726,81
698826,141
694431,65
698953,141
694322,1
699371,76
1866089,78
1864606,22
696412,3
574950,58
2668014,104
688771,68
1865266,110
696602,4
1946142,44
1945516,147
1865478,50
699095,23
694575,1
690024,120
688299,54
697447,32
3108076,4
696499,19
695650,65
574877,58
690002,30
2782172,118
574898,58
696528,19
388307,141
695150,33
689600,108
690694,35
697460,32
683686,43
689172,82
1945242,79
697121,36
1947233,73
3108110,67
689247,79
690324,52
698547,23
1938026,71
692293,18
695244,87
699180,23
692847,72
1947987,97
695594,87
1065333,138
692128,18
1945707,80
689316,60
695586,87
1864766,59
698311,9
697101,36
1947863,101
1945906,51
691931,29
691442,58
1946153,44
388218,63
1947538,122
1946599,37
1946088,124
695093,33
1865432,96
693515,62
1864520,111
693264,113
698377,9
692323,18
1865140,139
574708,58
1865634,70
697292,36
1946101,10
694901,87
694117,8
697622,32
696781,45
695781,33
697138,36
697878,98
694515,55
691475,0
338613,32
698724,23
686584,104
692906,33
693804,116
693560,39
2668027,104
694983,4
696604,4
689267,79
693849,1
693930,123
694725,1
1946282,115
696978,83
1865135,139
694848,1
1865450,96
1947458,34
1945221,17
574749,58
686943,74
688266,26
695928,4
691590,148
696802,45
574739,58
696775,45
694292,1
692245,18
1865092,102
698443,127
690977,146
574568,58
693520,62
698775,23
3107903,60
696810,45
697090,36
388199,63
698284,9
690533,107
686516,105
1865874,77
574784,58
3108241,1
1865962,54
683762,43
574900,58
686857,74
697392,67
697478,32
689678,12
698255,135
698088,23
693291,113
2861235,99
693227,44
689181,30
689201,17
697081,36
693274,113
694341,1
3108197,14
698263,9
693959,1
694429,65
1945549,41
693542,113
697054,36
1945851,61
698828,141
693072,14
692867,72
697816,32
698554,23
3107891,52
3108251,133
1864991,117
689025,128
689505,146
693698,2
1946745,20
694374,4
1865343,112
2667219,104
692675,14
697893,45
691315,24
1946169,64
686767,74
695680,3
697885,98
1865200,77
1947510,27
689225,17
690135,52
695782,33
1946259,71
686932,74
691604,148
3107635,110
1946484,118
683448,43
687020,104
691663,113
699000,23
1865286,5
698222,6
3107996,20
1866007,131
693745,2
3108147,46
696702,81
2675281,147
694207,1
698023,23
689701,0
698851,23
695308,4
688888,38
1864666,59
3108151,127
690012,120
691754,29
697043,36
1865744,136
574904,58
1865290,139
697620,32
698916,23
697215,36
698285,9
2787452,28
1865075,145
692763,51
697047,36
693842,1
691725,29
683732,43
2674977,84
388185,63
693978,1
689478,60
697161,36
1947203,39
696061,48
686717,21
2667344,104
697800,32
3107780,65
694317,1
1865157,77
696588,4
3107974,140
693253,113
693479,62
1865565,57
696431,3
698908,23
2863532,113
688850,38
695966,119
691659,113
3108283,97
694369,4
697812,32
689775,146
695385,119
3107928,98
698217,6
691812,29
687010,74
1864820,126
1865043,28
686504,105
1946798,122
689452,60
696426,3
689748,146
1865987,82
574776,58
683485,43
1946884,78
1864633,59
698008,40
694519,55
690689,35
695263,4
691926,29
694656,20
3108136,99
338625,32
696067,132
3107643,21
699418,76
2858387,137
338630,32
3107829,74
3108080,19
697903,88
687198,43
695903,4
1865661,89
696874,45
689414,60
697536,32
690456,35
692479,24
696392,3
3108174,18
697213,36
698152,6
689096,54
694229,1
686700,74
686502,105
3108256,13
693257,113
695971,119
1946660,53
1948048,129
696085,132
1866173,72
3107727,142
688971,38
1865697,21
698045,23
683729,43
3107711,35
694326,1
698118,23
689173,82
381824,74
695229,87
694036,8
686526,105
1865426,112
698779,23
693636,2
3107623,145
695451,109
1865822,114
693222,44
696698,81
1946464,25
688241,124
696265,7
2714523,68
689061,38
698873,23
1947470,34
698351,9
697389,67
690067,120
3107835,60
19833,81
689535,127
1947869,101
686672,0
696405,3
692524,24
693353,113
697341,36
695818,33
1864604,22
1945283,89
1865937,38
697836,32
695926,3
1865126,22
690795,29
698698,143
690093,52
696051,43
3108205,94
2852467,28
2864193,110
3107738,51
693937,58
1945926,148
2859492,4
2675275,147
1945810,61
696194,3
686017,59
686411,104
1865242,68
699377,76
698135,76
689241,79
3108148,107
695113,33
688876,38
691478,0
1865168,139
692798,14
696369,3
693234,44
388190,63
1865950,124
693610,2
689743,146
573651,1
696264,7
696193,3
689405,60
689932,57
692925,113
1945955,44
693852,1
692246,18
683532,43
689720,146
2675260,147
693926,20
3107620,45
697632,32
23476,108
696470,19
688997,128
697678,32
686597,104
699181,23
689708,99
388058,43
1865240,68
694799,87
692758,51
683701,43
690816,29
1865346,68
693714,2
690696,35
388224,63
1864549,59
1864488,15
688811,124
690083,52
692801,14
1864568,43
689037,26
689118,82
699149,23
686325,43
1947852,45
574608,58
698080,23
688385,92
696570,65
689367,60
3107660,31
693817,116
1946825,130
696189,3
689381,60
697227,36
1864591,22
1864647,59
698410,9
698931,23
1865280,112
695202,65
2667230,104
696592,4
695681,3
1946543,12
698411,9
687196,43
692066,146
692435,29
696440,43
1864935,85
691833,29
695939,119
3108308,23
691821,29
694812,87
687007,74
693621,2
1945771,125
691574,148
695674,3
688278,26
696569,65
695534,43
696603,4
572847,54
694873,1
574775,58
1866163,125
1946648,109
694371,4
3107899,60
692107,146
697944,49
697019,36
687134,92
3108193,75
574945,58
1865172,77
697021,36
692442,46
1864564,43
698418,9
692561,109
388320,83
691548,14
1945578,147
1946655,53
686710,74
574646,58
697513,32
1946829,130
692432,94
697808,32
3107916,29
697321,36
697835,32
696262,7
699362,76
687171,43
698003,67
690578,35
1946779,48
690039,120
1864546,59
1946480,118
688240,124
1946448,37
1866074,16
692173,18
688346,54
696503,19
3108178,18
1945758,125
691817,29
687237,43
690036,120
690945,66
1865960,54
697539,32
687512,104
3107984,55
694236,8
683724,43
686793,74
689257,79
687136,92
694684,8
691270,18
697059,36
574822,58
1947403,34
690509,35
693398,113
1938048,115
683516,43
1947206,39
686816,74
687164,43
3107939,72
697098,36
699059,23
692318,18
1945722,91
692091,146
690616,35
696473,19
688950,38
697534,32
699420,76
695689,33
1866103,16
696599,4
692384,18
690552,107
692460,24
690713,35
388205,63
694648,128
696749,27
388183,135
697192,36
697334,36
1865573,21
1945709,80
1865726,57
697129,36
1946731,78
692039,18
2667246,104
696753,27
698597,19
694872,1
683659,43
574800,58
1864779,59
574890,58
686510,105
691695,29
1946222,61
699108,23
697875,98
338614,32
694631,128
691898,29
1865456,96
695310,4
1865716,78
695655,3
1947191,16
697981,9
696527,19
698655,83
687234,43
695045,33
697737,32
697415,137
686490,104
699118,23
688261,38
6260,29
694557,1
695706,33
686050,59
690344,79
693670,2
698467,95
698731,23
388085,113
686919,74
43011,84
1865805,114
694617,1
699437,65
574899,58
689674,12
696568,65
692534,125
695216,87
692833,14
695274,65
686390,43
695663,76
699462,128
694861,1
697237,36
25247,26
691827,29
1865454,50
697980,9
1946250,91
2859500,4
698111,23
696728,27
694893,87
695517,133
691499,14
687549,21
1945718,91
696381,3
696089,131
695228,87
691349,75
3107767,8
693735,2
686662,0
1946192,123
574675,58
1864536,59
686694,74
690058,51
698539,23
1866015,131
691435,14
689455,60
695651,3
1945467,11
694381,4
691320,24
698327,9
697036,36
686025,59
689558,0
3107893,52
1945398,89
695897,3
1865916,54
1866148,24
686661,0
1865558,66
696491,19
1948028,40
690129,52
1945840,61
697627,32
691305,18
698364,9
3108167,18
689259,79
696415,3
695965,119
1864559,65
696898,45
2852475,8
1865503,12
698699,143
694952,4
381827,74
1946174,68
1864625,59
693933,58
1865235,86
695082,33
695691,33
1865971,33
694452,76
690915,29
688913,38
3107752,148
695386,119
687756,31
694470,140
689239,17
696949,27
695081,33
692489,149
3108236,1
2844393,10
574976,58
691502,14
688975,70
696697,81
687187,43
692108,146
689319,60
694041,8
683284,145
1945436,146
696504,19
683444,43
1946605,37
698867,23
690869,29
695074,33
696304,3
691430,33
1865119,59
3108012,63
1865832,5
2787454,28
694450,76
693088,14
1865270,139
696057,48
691828,29
1947232,39
699392,76
695699,33
695505,27
2732805,58
690573,35
1864700,59
1864889,85
1947707,56
693888,1
692408,18
2732848,18
694433,33
687189,43
692736,14
686004,59
2732810,51
1945900,51
1865447,96
2667141,142
3107960,76
695868,33
1864746,126
574851,58
1947698,56
695388,119
1865163,139
689750,146
3107951,113
1945598,41
688934,38
694272,8
690670,35
699063,23
697459,32
686976,74
693970,1
694321,1
690834,29
689596,144
697232,36
695824,33
690840,29
1946742,64
1864607,22
1865684,114
1945776,125
1945869,61
693400,113
683658,43
696701,81
3107682,54
574750,58
692909,94
692159,18
686997,74
686774,74
683447,43
695005,33
3107775,65
3108103,9
693297,113
1865975,148
695062,33
694415,125
1865191,139
686016,59
696427,3
695103,33
697608,32
1946117,44
694854,1
693453,62
1866050,32
691875,29
688232,124
694070,8
690778,0
1865647,89
574843,58
1947278,93
698785,69
695839,33
696903,45
1947209,108
2666142,133
697910,97
1946179,68
690349,79
695801,33
690704,35
1945510,146
2787446,133
699396,76
691810,29
688757,100
1864989,117
574896,58
693116,44
689010,96
1945983,124
689739,146
1947453,34
1945403,91
1945795,125
688958,38
688899,38
1864507,111
697531,32
698890,23
696113,43
693311,76
696285,3
690900,29
1945444,146
3108267,32
1948014,88
686720,21
1865435,96
3107963,113
695502,27
683641,43
1938030,71
694473,140
692945,94
694525,63
1946782,119
695693,33
692596,14
697949,49
1865195,77
698051,23
1946630,53
3107696,51
2842914,61
2854663,127
698572,23
699128,23
697929,49
696100,65
1946587,37
686695,74
687400,43
574811,58
693050,78
694742,106
1862456,139
574814,58
695889,33
1946135,2
687502,104
1866244,109
687443,104
699313,76
689192,51
1865229,86
688295,54
691853,29
690860,29
1948007,88
686760,74
687772,31
698685,27
1938035,115
574897,58
1948042,40
1947518,133
1945859,61
1948023,40
694395,4
1945658,80
574789,58
1945692,80
24907,109
683480,43
1947512,13
699138,23
691571,148
1945409,35
1948036,40
691863,29
689704,0
693210,44
694157,1
697743,32
696187,3
690814,29
574818,58
696600,4
689477,60
689960,92
690879,29
699104,23
686852,74
696452,43
691425,118
693349,113
388095,113
43006,134
692028,18
693891,1
1865740,136
695817,33
692751,51
691552,14
1865263,12
687397,43
2674975,145
697085,36
692292,18
1947552,69
1947816,73
688992,70
689931,57
695165,33
694561,1
694026,8
689325,60
689335,60
694564,1
695983,3
698394,9
693129,44
698737,23
1865911,54
44211,19
699027,23
689488,90
1946787,48
695031,33
3107676,38
1865449,96
689476,60
693573,2
697724,32
574991,58
691895,29
1945517,147
695499,48
1865600,54
689360,60
693191,44
691948,29
696709,45
692946,94
699326,76
698037,23
2732825,70
692106,146
693938,58
1865753,12
699005,23
692611,14
15274,29
686711,74
1947532,122
1864530,59
694681,64
695940,119
2857132,9
691529,14
699409,76
698214,6
688238,124
686725,21
699422,76
696399,3
388141,51
695519,132
687250,43
698144,76
696756,45
699160,23
686013,59
697615,32
691422,118
694008,8
697547,32
692249,18
695997,43
689967,52
690880,29
3108310,23
689457,60
691966,29
388197,63
2666144,26
1947509,133
698079,23
688234,124
691779,29
1945766,125
1865610,99
1947700,103
693588,2
693150,44
689682,12
1945412,146
692388,18
686607,144
1865521,21
1945268,90
574715,58
1945478,11
691993,29
2667173,28
1945697,80
694088,8
689710,146
693758,2
696075,132
2863533,113
1946806,53
695531,43
696042,43
695379,119
1946736,20
683644,43
3108158,99
696248,13
695376,119
1945695,80
690849,29
693724,2
689548,141
695854,33
697106,36
694426,65
1864539,59
688229,124
692054,18
693787,140
691678,76
690601,35
686356,43
1947405,34
688765,68
688960,38
696973,119
683664,43
689442,60
689515,144
1947708,99
698792,42
686046,59
690106,17
689393,60
699400,76
1864571,15
694539,1
1947992,88
692132,18
693199,44
1863213,77
696279,103
699004,23
1946710,66
3107748,148
693134,44
690385,0
698872,23
691454,72
694479,140
689578,144
698648,83
43207,119
697462,32
695179,33
388216,63
699314,76
698942,23
695172,33
698064,23
2675285,147
687211,43
696018,119
698252,135
3107967,62
26653,76
693381,113
1945414,146
699153,23
1946110,50
2675293,147
699358,76
1865497,70
692928,113
686770,74
697657,32
23646,96
2859483,4
694210,1
687763,31
3107716,146
690862,29
690054,120
688799,124
687031,104
699176,23
1947207,39
689245,79
695259,4
693627,2
1946442,37
1945545,41
694696,8
693203,44
698784,23
1945915,31
698849,23
686372,104
691617,148
697680,32
687562,21
686897,74
692463,91
686990,74
388140,51
699016,23
574630,58
698511,95
686858,74
3108041,48
381839,127
697028,36
696150,13
697880,98
692508,90
692937,113
692888,148
695055,33
692699,14
695596,87
574712,58
698541,23
692914,113
695850,33
686585,104
699058,23
690598,35
698027,23
689944,12
1945551,41
686614,144
690613,35
2842918,61
699002,23
574758,58
686846,74
688233,124
696759,45
686844,74
691689,127
692165,18
693159,44
693844,1
695193,65
1864960,28
694255,8
1864635,59
1945218,17
697092,36
697686,32
698226,34
698352,9
686790,74
574575,58
3108222,134
690864,29
698536,23
694965,4
3107699,51
694928,87
688819,112
691842,29
697088,36
1946726,138
693681,2
697026,36
696550,19
1865115,59
695425,119
692589,14
693126,44
2675274,147
698902,23
689416,60
692516,125
687419,43
2842906,34
695623,65
687552,21
692341,18
689577,144
696032,43
686481,104
1865932,38
1946643,53
3107857,128
1865407,21
683529,43
695390,119
696885,45
1864770,59
689529,144
2732865,13
698895,23
686611,144
688365,92
1946700,99
698279,9
574852,58
695975,115
683638,43
1864851,85
692375,18
686706,74
2859496,4
686873,74
697496,32
693213,44
3107882,52
1946853,27
697884,98
1945391,89
696587,4
690042,120
686655,0
694300,1
690871,29
686494,105
686330,43
697386,36
1865918,38
1945258,90
693474,62
1946801,53
1937932,103
693549,113
690845,29
1866255,16
3107846,70
696400,3
697633,32
696908,45
693737,2
1947386,34
698686,27
257495,124
690973,146
692692,14
1945705,80
687410,43
698865,23
3107739,58
696321,3
693141,44
695656,3
1865623,66
696140,13
694871,1
3107627,145
692431,94
696605,4
698509,95
691283,18
574573,58
687487,21
695895,3
1945474,11
696927,45
698804,143
690033,120
698300,9
689564,144
694298,1
699468,133
698477,95
694071,8
692754,51
683530,43
683753,43
698206,6
698624,19
1946813,37
697086,36
1863212,110
690131,52
1947854,88
698265,9
697798,32
1864552,126
686015,59
692500,149
688265,26
1947864,101
687240,43
694042,8
694203,1
1865288,139
695349,119
1945225,17
697267,36
690843,29
693639,2
698034,23
696936,45
698032,23
3107854,96
695719,33
694943,4
697426,93
693383,113
699316,76
689706,12
693554,113
691647,113
3107747,2
695029,33
693470,62
1946146,112
574806,58
686591,104
1947502,83
1947424,34
697928,49
1866164,109
692896,148
695613,65
2666994,112
689030,38
1946667,132
694191,116
1946730,78
695061,33
689370,60
695633,65
1947399,34
693041,2
693777,134
688331,54
381825,74
683665,43
692145,18
692149,18
1945629,41
1946255,71
691626,60
694114,8
3107986,63
699320,76
686779,74
695611,65
1865540,104
1866144,17
696199,3
1945431,35
3107677,44
3108260,103
3107924,24
698693,81
692966,113
574786,58
1945228,17
697904,88
1946173,68
1945817,125
691432,133
689754,146
690723,35
688774,68
1865657,89
693761,2
1945848,61
698168,6
698143,76
692325,18
1947272,93
698178,6
694249,8
694583,1
697576,32
1945871,61
697791,32
687490,21
699065,23
687161,43
3108145,46
693644,2
694293,1
1946470,25
693980,1
690445,35
1947870,101
1938047,115
692717,14
1946847,81
695362,119
694958,4
699070,23
694081,8
1865608,99
697792,32
3108293,49
690825,29
3108288,97
689285,52
686458,24
699214,23
695935,119
697542,32
698884,23
1865964,54
696585,4
695075,33
693206,44
2732837,55
693265,113
693481,39
694724,1
695226,87
13478,7
693512,62
686479,104
1865424,112
1865087,102
1865576,21
690139,52
693529,2
691259,18
692701,14
695345,3
698507,95
690792,29
698972,75
693146,44
689689,0
688373,92
692570,14
689511,144
693595,2
3107759,2
694355,1
691914,29
686834,74
698002,40
695118,33
689179,31
691876,29
691652,113
692138,18
1946725,138
695036,33
690898,29
1865831,5
574841,58
697861,73
1866096,79
698386,9
694314,1
697132,36
694253,8
695435,119
693499,62
697103,36
2864194,110
694187,137
1945479,146
698026,23
691535,14
697996,127
691692,18
1865261,68
694308,1
574762,58
699311,76
689399,60
688355,92
691741,29
693821,116
697671,32
691880,29
695305,4
698984,46
696045,43
695888,33
574587,58
697807,32
691322,24
1865238,86
15609,30
698041,23
1866087,78
696349,13
3107871,92
697387,36
694582,1
689444,60
697941,49
697646,32
1947811,73
691998,29
691549,14
692697,14
695343,4
3469,29
1948012,88
1865593,121
686692,74
693172,44
693879,1
694588,1
1945957,44
690815,29
691831,29
698641,83
1947507,133
694472,140
694533,1
574970,58
693164,44
697491,32
698680,27
686617,144
1866147,24
1866240,109
695636,65
3108026,87
3108006,20
1947439,33
1947513,13
698028,23
683652,43
1947712,56
1946626,53
691806,29
1947455,34
694282,8
690504,35
1946132,44
690786,144
694824,1
1945597,41
1946154,96
695876,33
686847,74
699084,23
1865995,31
697647,32
388328,83
692147,18
1945623,41
694793,87
694784,87
696475,19
688763,68
3107631,77
697767,32
686340,43
691826,29
3107877,52
694338,1
692856,72
1866016,131
689349,60
695102,33
683506,43
698893,23
382043,141
688312,26
698412,9
695287,65
693307,76
1945687,80
692409,18
694682,64
694416,125
693217,44
690080,52
691857,29
1865574,21
691986,29
698710,23
3108161,12
694858,1
688271,54
690017,120
1947689,103
694124,8
1946393,115
696912,45
1945798,125
691473,48
3108289,49
694963,4
698957,141
696013,43
692086,146
698762,23
698714,23
574863,58
1945802,61
694428,65
2675287,147
696143,13
688220,121
689355,60
695514,133
1864690,59
697170,36
689694,0
1947431,34
1945954,2
692785,72
689401,60
574766,58
693405,113
1864550,111
1946721,66
1947204,39
697024,36
1947231,39
692437,94
698742,23
1865767,107
699317,76
698870,23
690812,29
1945962,44
691932,29
686354,43
693584,2
1945386,89
2786157,19
686759,74
3107755,2
1945912,51
692052,18
382052,107
43009,84
694964,4
1862469,5
683454,43
574724,58
3108126,27
1865748,136
697819,32
693807,116
689016,96
697781,32
697158,36
696578,65
1945559,41
696116,43
693898,1
1947205,39
696848,45
689999,30
1947769,149
691871,29
691770,29
690905,29
1864560,15
1865571,21
1864640,59
2790338,60
696390,3
690823,29
698090,23
692390,18
688853,38
693867,1
686064,59
689525,144
694794,87
689093,54
697650,32
696922,45
574834,58
691271,18
694876,1
696184,3
697503,32
696172,13
1947535,122
697679,32
697162,36
1946664,132
1864877,145
698289,9
692673,14
699184,23
693387,113
683463,43
696989,19
687774,31
2814333,52
698930,23
1946457,25
693581,2
574701,58
1947193,39
692381,18
683465,28
699334,76
699357,76
694368,4
687398,43
388182,135
694584,1
694035,8
691868,29
694106,8
695428,119
691289,18
696409,3
692423,18
694700,8
696923,45
691751,29
699327,76
693818,116
698919,23
692394,18
692228,18
695256,87
686810,74
574572,58
698531,23
574677,58
699170,23
689746,146
695039,33
692720,14
698875,23
694535,1
691496,14
694609,1
699088,23
692002,29
695796,33
2859493,4
1864615,22
691968,29
688315,26
3898,9
697642,32
687355,104
691319,24
690799,66
695543,43
2675263,147
3108017,87
1946831,130
694527,63
2732809,51
691497,14
574875,58
1947570,42
696269,7
1865228,123
1946195,123
693092,14
691990,29
688843,124
698208,6
692784,72
690071,120
689465,60
1865116,59
1865568,26
694731,106
694111,8
697510,32
686797,74
692127,18
692096,146
683496,43
690659,35
574632,58
688319,54
688897,38
687357,104
693163,44
1864500,111
696351,13
698739,23
694497,84
699381,76
6817,29
694975,4
694925,87
3108034,76
699094,23
697290,36
692891,148
695056,33
43012,108
689286,52
690554,107
696292,3
695767,33
3108039,4
699017,23
697448,32
694052,8
696453,43
1865638,28
698833,23
1947995,88
686728,21
696430,3
698459,67
1865246,68
689398,60
692869,72
690687,35
698347,9
691341,75
695111,33
574576,58
690458,35
1945981,124
692668,14
695420,119
692484,149
692875,2
1864534,59
688264,26
692075,146
690580,35
697342,36
687195,43
1864934,85
694138,8
697754,32
683706,43
257500,124
1864584,65
693571,2
696579,65
1866209,51
693052,44
695991,43
688380,92
699035,23
691616,148
697122,36
696782,45
698747,23
697454,32
687258,104
1864898,85
694217,1
694765,87
699199,23
688390,92
1947440,34
693968,1
693056,113
697923,97
691457,72
697580,32
694796,87
1946226,65
697458,32
1935874,15
693752,2
687247,43
693896,1
698147,76
698896,23
1946118,44
2667034,104
699007,23
1945717,91
1947432,34
686795,74
1945774,125
699066,23
692255,18
2666139,92
1865427,96
699389,76
688270,54
694596,1
1945759,125
689547,141
683698,43
690886,29
689100,30
695591,87
698176,6
694316,1
3108202,94
697244,36
1945405,91
690650,35
1946103,50
689368,60
1945650,147
694779,87
1866168,53
689782,146
3108181,107
692322,18
695194,65
1945890,51
698780,23
3108134,99
1945237,125
574591,58
683683,43
696779,45
686508,105
1948031,40
574660,58
688379,92
693124,44
695769,33
696417,3
2675308,147
1947763,75
692244,18
1864768,59
1947471,34
43212,119
695772,33
691774,29
2675261,147
2667148,130
2857401,3
3108257,13
691470,48
1865852,114
694104,8
695405,119
694391,4
694278,8
690722,35
694339,1
696758,45
293563,137
691891,29
692404,18
692307,18
3107626,28
688989,128
692834,14
689072,54
698575,23
687260,104
1945846,61
690357,79
1945579,41
691799,29
697538,32
694891,1
693725,2
693559,39
574658,58
699209,23
3108196,14
690074,52
1864909,85
690726,35
257502,124
697805,32
698705,23
693094,14
1945567,41
1945885,61
696933,45
693893,1
693177,44
696737,27
698616,19
691500,14
695634,65
693958,1
1865112,59
687028,104
1865508,96
691802,29
1865566,57
695410,119
688880,38
692757,51
694283,8
696198,3
698358,9
1945674,80
686343,43
693161,44
3108159,57
688343,54
692950,94
692728,14
694549,1
694715,63
1865827,5
694942,4
695557,65
699123,23
22354,76
1865441,96
574919,58
698450,67
3107776,65
695195,65
688939,38
683705,43
698838,23
690594,35
694830,1
1945229,17
690370,17
688258,44
686466,104
692558,125
3108191,149
694013,8
693020,76
686318,43
697917,49
695780,33
689419,60
689352,60
2863684,101
693277,113
688905,38
388212,63
698182,6
3107812,43
696906,45
692111,146
3108321,93
2675262,147
3108228,84
1865739,136
3107923,24
689445,60
2714511,147
574570,58
1947427,34
698479,95
689469,60
574579,58
698428,9
686859,74
697017,36
694711,20
695669,3
695067,33
699068,23
1946106,50
691657,113
695071,33
1945263,90
696493,19
695414,119
699015,23
1866102,109
692732,14
696724,45
694334,1
691915,29
3107847,128
1948004,88
689379,60
693070,14
698389,9
696236,3
689461,60
1948015,88
683712,43
694205,1
572852,54
689471,60
1866138,31
695511,133
696718,81
2863676,93
698653,83
699052,23
691757,29
691501,14
574728,58
1945943,44
1946456,25
693190,44
697301,36
690567,60
691933,29
697074,36
691498,14
694256,8
692842,14
695813,33
1865453,50
1947236,134
388187,63
1865019,28
699182,23
688761,68
1864990,117
691433,133
691995,29
1947702,56
688891,38
1947566,13
686854,74
3107720,146
2732864,84
687416,43
699131,23
695906,4
1865194,139
690836,29
697219,36
692671,14
683667,43
1938029,71
1945231,125
1865271,126
697519,32
699139,23
693437,113
693562,76
691504,14
574664,58
686909,74
697505,32
689169,82
694775,87
697905,88
694490,140
1865480,50
2787457,28
689052,26
691553,14
1864886,85
692527,24
686693,74
1945627,41
1864706,59
696783,45
696299,3
2714503,80
1947446,34
3107884,52
1946830,130
699402,76
690641,35
692666,14
2667330,104
1947758,45
693895,1
695581,87
695616,65
686056,59
691758,29
2864200,110
687143,100
693998,8
692908,14
686536,105
688906,38
696161,53
686345,43
683754,43
688840,50
699167,23
695799,33
1946698,136
686603,144
697143,36
693823,116
1947741,45
694412,105
688350,54
3108281,45
697617,32
687364,104
699433,110
690919,29
696914,45
699305,76
696284,3
693553,113
1864620,59
686507,105
694451,76
3107819,105
695166,33
688861,38
695422,119
686981,74
691350,75
696444,43
1866029,131
690855,29
699203,23
3107824,144
689556,12
691953,29
2714509,147
692667,14
697556,32
692940,113
698708,23
683727,43
692239,18
692334,18
1946878,16
1864509,59
693805,116
2732860,84
693021,47
695625,65
257503,124
1946759,20
2675299,147
691759,29
1865487,70
698036,23
3108320,128
699100,23
698936,23
689961,92
683655,43
694623,63
694936,4
1864492,111
689691,0
574801,58
1938001,102
693864,1
1946665,132
686355,43
692317,18
690068,120
689329,79
683279,145
1946827,130
1864926,85
1862490,139
695412,119
686615,144
3108285,49
1945385,89
1946149,70
690046,120
691376,24
1945252,79
692651,61
692707,14
696386,3
694908,87
697056,36
693030,76
1945732,3
698590,23
694080,8
1865409,21
574816,58
1946439,37
1946447,37
694767,87
698114,23
699335,76
692724,14
697883,98
697303,36
683682,43
692571,14
2855207,12
2859495,4
689737,146
1946840,122
1945819,61
1945512,11
688210,60
699008,23
697416,137
698646,83
698540,23
693090,14
689120,82
699347,76
697545,32
1945973,44
693971,1
574569,58
691651,113
689260,79
683697,43
694204,1
693642,2
694962,4
686011,59
693194,44
1865645,117
692139,18
696237,3
694783,87
688324,26
257544,124
695254,87
574994,58
694347,1
695109,33
693152,44
692157,18
3107828,74
691493,14
694250,8
696548,19
1866024,14
694222,1
3108124,83
694760,33
440184,76
690336,52
698605,19
1946627,53
695571,65
692079,146
697383,36
695615,65
698703,143
1947578,66
688252,124
2666133,105
696482,19
1947409,34
1864708,59
687222,43
1866218,17
694558,1
689048,26
1945496,11
1947542,122
695853,33
693544,113
689043,26
693399,113
698160,6
689670,12
693067,14
1866004,84
2732820,120
1866066,16
1947230,39
3108013,106
694040,8
692750,51
692343,18
697269,36
688212,60
686656,0
1945932,54
692584,14
687435,104
695424,119
3107686,54
1865152,139
686708,74
692364,18
694551,1
696165,53
696036,43
693599,2
691881,29
2675296,147
1865273,5
691909,29
696843,45
301849,144
695993,43
695320,4
694169,1
695288,65
693707,2
695265,4
388329,83
697049,36
1865031,104
695017,33
1866113,14
699375,76
1945546,41
2724433,42
388279,106
697804,32
690982,35
3107783,3
692818,14
694179,1
2848335,13
1945404,91
697274,36
695407,119
690339,52
1945901,51
698528,23
1864496,111
388344,140
689017,96
694937,4
690522,35
683510,43
697778,32
689107,92
2675283,147
695687,33
1865296,5
16188,29
698470,95
697252,36
694413,105
692607,14
693478,112
697137,36
694353,1
687529,104
694895,87
698755,23
697888,45
695894,3
697913,97
698266,9
696276,103
698338,9
692490,149
2668019,104
698825,141
1947996,88
696322,3
690435,35
689665,12
699150,23
683451,43
574777,58
695122,33
686471,105
691673,148
688935,38
688259,44
3107811,43
697629,32
696741,27
688273,26
686691,0
695245,87
687417,43
696849,45
696147,13
698841,23
1945462,11
693664,2
1865510,96
689410,60
691560,148
574694,58
693688,2
692074,146
692400,18
687201,43
694261,8
1946659,53
698294,9
15291,76
683704,43
695783,33
698856,23
699119,23
1862489,5
2665860,21
692710,14
691426,118
1946130,44
3108088,135
693523,62
692877,2
699040,23
1864980,117
692258,18
1945902,51
692487,3
257529,124
694613,1
