file,unita,indirizzo,data_emissione,classe,epglnren,epglren,co2,superficie,vettore,serv_risc,serv_acs,serv_raf,serv_vent,serv_illu,serv_trasp,destinazione_uso_cod,oggetto_attestato_cod,tipologia_edilizia_cod,piano,codice_catastale,sezione,foglio,particella,subA,subDA,subalterno,anno_costruzione,lat,lon,coordinate_str,comune,zona_climatica,intervento_desc,intervento_classe_target,intervento_payback,qualita_invernale,qualita_estiva,fonti_rinnovabili,imp_risc_anno,imp_risc_desc,imp_risc_tipo,imp_risc_epnren,imp_acs_anno,imp_acs_desc,imp_acs_tipo,imp_acs_epnren,imp_raf_anno,imp_raf_desc,imp_raf_tipo,imp_raf_epnren,consumo_kwh_tot,tipologia_edilizia_str
2019_102341_0009.xml,1,"Corso Sicilia, 40 - 10133 (TO)",2019-03-14,B,111.08,184.3,25.49,12964.75,Biomasse solide,True,True,False,False,True,True,1,0,9,,L219,,1405,5,1,1,,1980,45.0407,7.6813,"45.0407, 7.6813",Torino,E,				Coibentazione sottotetti,B,6.89,Triste,Triste,No,1996,Caldaia a cippato,Caldaia a cippato,60.93,1996,Caldaia a cippato,Caldaia a cippato,25.76,,,,,4155088.13,App. Condominio
2019_106141_0019.xml,1,"Via Paolo della Cella, 3 - 10148 Torino",2019-04-04,E,285.9,7.69,58.33,5727.34,Gas naturale,True,True,True,False,True,True,1,0,9,4,L219,,1078,338,1,1,,1980,45.1049,7.6809,"45.1049, 7.6809",Torino,E,Sostituzione serramenti,D,21.88,Triste,Triste,No,2017,,Caldaia a condensazione,257.71,1998,,Boiler elettrico,0.33,2014,,Pompa di calore,0.83,1479205.8399999999,App. Condominio
2020_100235_0001.xml,1,Via Luigi Galvani 7,2020-02-25,D,243.18,7.78,74.57,5054.94,Teleriscaldamento,True,True,False,False,True,False,1,1,9,,L219,,1176,172,1,1,,1880,45.0809,7.6607,"45.0809, 7.6607",Torino,E,"Per gli interventi di efficientamento energetico dell'involucro edlizio, è possibile accedere agli incentivi statali previsti dal Conto Termico 2.0",D,37.0,Triste,Triste,No,2013,,Teleriscaldamento,212.05,2003,,Boiler elettrico,0.28,,,,,1211911.0,App. Condominio
2020_102099_0155.xml,1,CORSO AGNELLI 105,2020-12-31,F,175.55,11.31,36.79,39.0,Teleriscaldamento,False,False,False,False,False,False,0,1,3,2,L219,=,1425,80,1,1,,1920,45.035815,7.6441370,"45.035815, 7.6441370",Torino,E,isolamento perimetrale,E,10.0,Triste,Triste,No,2016,,Teleriscaldamento,128.64,2005,,31,46.91,,,,,4283.0,Ed. Plurifam.
2020_102099_0166.xml,1,VIA BUSCALIONI 17,2020-12-31,F,269.06,2.97,54.25,49.8,Gas naturale,False,False,False,False,False,False,0,1,2,0,L219,=,1212,97,1,1,,1932,45.077291,7.7006340,"45.077291, 7.7006340",Torino,E,isolamento perimetrale,E,10.0,Triste,Triste,No,2016,,Caldaia a condensazione,236.48,2000,,Caldaia standard,32.58,,,,,14568.96,N/D
2021_102099_0005.xml,1,VIA DE CANAL 37,2020-12-31,G,360.05,0.87,72.14,75.7,Teleriscaldamento,False,False,False,False,False,False,0,1,3,0,L219,=,1426,357,1,1,,1968,45.034019,7.6411970,"45.034019, 7.6411970",Torino,E,isolamento perimetrale,F,10.0,Triste,Triste,No,1998,,Teleriscaldamento,333.32,2005,,Caldaia standard,26.73,,,,,18910.239999999998,Ed. Plurifam.
2021_106141_0054.xml,1,"Via Nichelino,7 - 10135 Torino",2021-12-30,D,222.25,9.86,73.06,7100.29,Teleriscaldamento,True,True,False,False,True,False,1,0,9,,L219,,1461,45,1,1,,1964,45.0235,7.6386,"45.0235, 7.6386",Torino,E,Coibentazione solaio confinante verso ambiente non climatizzato,C,11.1,Triste,Triste,No,1997,,Teleriscaldamento,181.33,2010,,Boiler elettrico,0.37,,,,,1649590.0,App. Condominio
2021_106467_0058.xml,1,VIA BOTTICELLI 150,2021-11-29,F,229.5,2.8,46.32,58.0,Gas naturale,False,False,False,False,False,False,0,1,6,0,L219,,1133,11,1,1,,1950,45.1167,7.7167,"45.1167, 7.7167",TORINO,E,				Sostituzione componenti finestrati,F,14.0,Triste,Triste,No,2016,,Caldaia a condensazione,207.16,2010,,Caldaia standard,22.34,,,,,13004.815799999998,N/D
2021_113373_0002.xml,1,Sansovino 98/46,2019-10-23,G,404.93,22.68,82.09,36.71,Teleriscaldamento,False,False,False,False,False,False,0,1,3,1,L219,,1073,7,1,1,,1960,45.05779,7.68041,"45.05779, 7.68041",Torino,E,Data sopralluogo: 02/02/2021,G,23.0,Triste,Triste,No,1983,,Teleriscaldamento,310.82,2020,,Riscaldamento elettrico,94.11,,,,,12637.48,Ed. Plurifam.
2022_102099_0001.xml,1,CORSO FERRARA 50 A,2020-12-31,G,343.75,78.4,80.43,182.8,Energia elettrica da rete,False,False,False,False,False,False,0,1,2,0,L219,,1065,26,1,1,,1969,45.108918,7.6247180,"45.108918, 7.6247180",Torino,E,ISOLAMENTO PERIMETRALE,F,10.0,Triste,Triste,No,2015,,Teleriscaldamento,323.7,2006,,Caldaia standard,20.05,,,,,34260.26,N/D
2022_102099_0003.xml,1,CORSO FERRARA 50 B,2020-12-31,G,409.31,98.66,96.56,70.0,Energia elettrica da rete,False,False,False,False,False,False,0,1,2,0,L219,,1065,24,1,1,,1969,45.108918,7.6247180,"45.108918, 7.6247180",Torino,E,ISOLAMENTO PERIMETRALE,F,10.0,Triste,Triste,No,2015,,Teleriscaldamento,361.35,2006,,31,47.96,,,,,14693.0,N/D
2022_102099_0007.xml,1,CORSO FERRARA 50 C,2020-12-31,G,456.41,103.31,106.67,57.4,Energia elettrica da rete,False,False,False,False,False,False,0,1,2,0,L219,,1065,25,1,1,,1969,45.108918,7.6247180,"45.108918, 7.6247180",Torino,E,ISOLAMENTO PERIMETRALE,F,10.0,Triste,Triste,No,2015,,Teleriscaldamento,424.06,2006,,Caldaia standard,32.35,,,,,14396.26,N/D
2022_103915_0001.xml,1,Via Santhià 76,2022-01-17,F,424.21,7.3,85.93,3520.54,Gas naturale,True,True,False,False,True,True,1,0,3,0,L219,,1146,12,1,1,,1966,45.0944,7.6994,"45.0944, 7.6994",Torino,E,				Isolamento solai verso sottotetto,E,3.0,Triste,Triste,No,2007,,Caldaia standard,401.36,1990,,Boiler elettrico,1.5,,,,,1375505.02,Ed. Plurifam.
2019_102902_0017.xml,10,Salita Michelangelo Garove 24,2019-09-12,C,320.17,76.94,145.14,128.0,Energia elettrica da rete,True,True,True,True,True,False,1,1,6,2,L219,,1153,130,10,10,,2002,45.1167,7.7167,"45.1167, 7.7167",Torino,E,4Relampingfalse3.3C274.06C274.06,C,3.3,Triste,Basita/o,No,2002,UNICAL TRISTAR 1650,Caldaia standard,4.17,2002,Generatore a energia elettrica_2,Boiler elettrico,0.0,2002,TRANE RTHC E3,Pompa di calore,0.54,21080.22,N/D
2019_109523_0024.xml,10,Corso Taranto 159/1,2019-10-05,E,357.33,0.43,70.39,52.05,Gas naturale,False,False,False,False,False,False,0,1,3,4,L219,,1133,14,10,10,,1965,45.0957393930059,7.71331183998109,"45.0957393930059, 7.71331183998109",Torino,E,0parete esterna08D322.630solaio05D271.93C238.1,D,8.0,Triste,Triste,No,2016,,Caldaia a condensazione,303.71,1998,,Scalda-acqua a gas,53.62,,,,,18586.288800000002,Ed. Plurifam.
2020_102099_0137.xml,10,c.so Lecce 64,2020-10-26,F,108.78,22.02,22.84,58.54,Energia elettrica da rete,False,False,False,False,False,False,0,1,3,4,L219,,1173,331,10,10,,1980,0.000000,0.000000,"0.000000, 0.000000",Torino,E,Data del sopralluogo: 13,E,21.0,Triste,Basita/o,No,2000,Caldaia a condensazione,Caldaia a condensazione,17.44,2000,Boiler elettrico,Boiler elettrico,91.34,,,,,3765.8199999999997,Ed. Plurifam.
2020_113184_0017.xml,10,via Guala 95_97 viaSidoli34_36_TO,2020-12-03,E,142.78,0.49,45.16,75.1,Teleriscaldamento,True,True,False,False,False,False,0,1,3,4,L219,,1441,88,10,10,,1993,45.0250,7.6444,"45.0250, 7.6444",Torino,E,isolamento parete esterna,D,2.98,Triste,Triste,No,1997,,Teleriscaldamento,123.31,1997,,Teleriscaldamento,19.47,,,,,11264.0,Ed. Plurifam.
2020_212489_0024.xml,10,via bonfante 6,2020-07-07,F,208.5,0.0,41.7,68.48,Teleriscaldamento,False,False,False,False,False,False,0,1,6,2,L219,,1391,23,10,10,,1971,45.0667,7.6667,"45.0667, 7.6667",TORINO,E,				installazione caldaia a condensazione,E,8.0,Triste,Triste,No,2016,,Teleriscaldamento,156.33,2010,,Boiler elettrico,52.17,,,,,10716.2152,N/D
2020_212533_0064.xml,10,Viale dei Mughetti 29bis,2020-03-02,D,78.53,0.0,29.4,46.97,Teleriscaldamento,True,True,False,False,False,False,0,1,2,1,L219,0,1069,150,10,10,,1965,45.1039417,7.6264605,"45.1039417, 7.6264605",TORINO,E,0Coibentazione pareti freddefalse1B57.48B57.48,B,1.0,Triste,Triste,No,2000,PRINCIPALE,Teleriscaldamento,47.91,2000,ACS,Scalda-acqua a gas,30.62,,,,,5040.3,N/D
2020_212533_0271.xml,10,Via Andrea Sansovino 92,2020-11-17,F,157.21,0.0,69.84,38.19,Teleriscaldamento,True,True,False,False,False,False,0,1,7,0,L219,0,1073,6,10,10,,1958,45.102293,7.6420417,"45.102293, 7.6420417",TORINO,E,0soletta freddafalse1E129.88E129.88,E,1.0,Triste,Triste,No,2005,PRINCIPALE,Teleriscaldamento,132.0,2000,acs gas,Scalda-acqua a gas,25.21,,,,,9017.18,N/D
2021_102099_0013.xml,10,CORSO ORBASSANO 455,2021-12-31,F,256.38,1.78,51.54,79.3,Gas naturale,False,False,False,False,False,False,0,1,3,0,L219,=,1436,4,10,10,,1920,45.030674,7.6108720,"45.030674, 7.6108720",Torino,E,isolamento perimetrale,D,10.0,Triste,Basita/o,No,2017,,Caldaia a condensazione,216.74,1995,,Caldaia standard,39.64,,,,,22308.16,Ed. Plurifam.
2021_106141_0034.xml,10,via buscalioni 17,2021-12-27,F,141.08,10.55,29.79,66.64,Gas naturale,True,True,False,False,False,False,0,1,3,2,L219,,1212,97,10,10,,1940,45.0767,7.7010,"45.0767, 7.7010",Torino,E,Sostituzione serramenti,E,22.55,Triste,Triste,No,2016,,Caldaia a condensazione,101.55,2015,Caldaia elettrica,Caldaia elettrica,39.53,,,,,7667.74,Ed. Plurifam.
2021_113184_0067.xml,10,via Fratelli Garrone 61/76A-F,2021-11-11,F,123.55,2.57,23.98,72.38,Teleriscaldamento,True,True,False,False,False,False,0,1,3,4,L219,,1488,78,10,10,,1966,45.0109,7.6506,"45.0109, 7.6506",Torino,E,coibentazione cassonetto,F,0.64,Triste,Triste,No,1996,,Teleriscaldamento,67.15,2019,,Caldaia standard,56.4,,,,,9251.98,Ed. Plurifam.
2021_200542_0127.xml,10,Via Pergolesi Giambattista 91,2021-11-16,E,112.32,0.18,21.09,70.88,Gas naturale,True,True,False,False,False,False,0,1,3,4,L219,0,1132,88,10,10,,1955,45.0661111111111,7.68222222222222,"45.0661111111111, 7.68222222222222",TORINO,E,Isolamento strutture opache verticali,C,19.0,Triste,Triste,No,2013,,Caldaia a condensazione,86.25,2015,,Scalda-acqua a gas,26.07,,,,,7948.179999999999,Ed. Plurifam.
2021_202727_0041.xml,10,via Sandro Botticelli 150,2021-07-27,E,175.96,1.98,35.49,69.5,Gas naturale,False,False,False,False,False,False,0,1,3,4,L219,,1133,11,10,10,,1967,45.0667,7.6667,"45.0667, 7.6667",TORINO,E,				Sostituzione componenti finestrati,D,12.0,Triste,Triste,No,2016,,Caldaia a condensazione,154.99,2020,,Caldaia standard,20.97,,,,,11971.427200000002,Ed. Plurifam.
2021_208722_0084.xml,10,Via Pergolesi 105/A,2021-05-27,G,332.23,0.0,66.45,72.54,Teleriscaldamento,True,True,False,False,False,False,0,1,6,4,L219,,1132,91,10,10,,1968,45.059209,7.566207,"45.059209, 7.566207",TORINO,E,0Coibentazione elementi opachifalse5D124.641Intervento su infissifalse9G275.86A170.48,D,5.0,Triste,Triste,No,2013,,Teleriscaldamento,305.35,2000,,Scalda-acqua a gas,26.88,,,,,16725.18,N/D
2022_212275_0003.xml,10,Via Filadelfia 237/8,2022-02-02,F,148.5,0.0,29.7,90.85,Teleriscaldamento,True,True,False,False,False,False,0,1,7,1,L219,,1387,35,10,10,,1965,45.045307,7.632629,"45.045307, 7.632629",TORINO,E,1Intervento su infissifalse26D79.62D79.62,D,26.0,Triste,Triste,No,1996,Nuovo Teleriscaldamento ...,Teleriscaldamento,120.85,1996,Nuovo Teleriscaldamento ...,Teleriscaldamento,27.65,,,,,8994.0,N/D
2019_102351_0119.xml,100,Via Cuneo 35/B,2019-06-25,D,150.99,1.01,30.35,45.35,Gas naturale,True,True,False,False,False,False,0,1,3,1,L219,,1183,220,100,100,,2004,45.0872,7.6830,"45.0872, 7.6830",Torino,E,coibentazione involucro opaco,C,13.34,Triste,Basita/o,No,2006,,Caldaia standard,120.2,2006,,Caldaia standard,30.79,,,,,6439.719999999999,Ed. Plurifam.
2019_206515_0005.xml,100,via scarsellini 12,2019-03-20,E,99.4,0.0,16.97,48.02,Teleriscaldamento,True,True,False,False,False,False,0,1,3,3,L219,-,1428,85,100,100,,1952,45.0353873,7.6303626,"45.0353873, 7.6303626",TORINO,E,1Sostituzione serramentifalse4D86.41D86.41,D,4.0,Triste,Triste,No,2005,,Teleriscaldamento,68.12,2000,,Scalda-acqua a gas,31.28,,,,,6725.94,Ed. Plurifam.
2020_201276_0004.xml,100,strada del portone 35,2020-05-15,E,134.46,3.78,25.76,46.87,Gas naturale,True,True,False,False,False,False,0,1,6,10,L219,u,1432,161,100,100,,2009,45.0661111111111,7.68222222222222,"45.0661111111111, 7.68222222222222",TORINO,E,0insufliaggio intercapedine pareti perimetrali con fiocchi di cellulosa e o similifalse25D100.83D100.83,D,25.0,Triste,Triste,No,2009,PRINCIPALE,Caldaia standard,97.88,2009,PRINCIPALE,Caldaia standard,36.58,,,,,5953.34,N/D
2020_312661_0007.xml,100,Corso Mortara 36,2020-02-17,D,139.97,1.13,24.8,60.81,Teleriscaldamento,True,True,False,False,False,False,0,1,6,5,L219,,1125,438,100,100,,2005,45.0912,7.6723,"45.0912, 7.6723",Torino,E,Coibentazione cassonetti,D,6.23,Triste,Sorridente,No,2005,,Teleriscaldamento,116.52,2005,,Teleriscaldamento,23.45,,,,,7497.0,N/D
2021_101746_0030.xml,100,CORSO ORBASSANO 378,2021-11-16,G,215.48,0.0,41.91,60.0,Gas naturale,True,True,False,False,False,False,0,1,9,8,L219,,1429,98,100,100,,1960,45.0338,7.6206,"45.0338, 7.6206",Torino,E,				INSUFFLAGGIO PARETI PERIMETRALI,F,8.0,Triste,Triste,No,2016,,Caldaia a condensazione,182.84,2000,,Caldaia standard,32.64,,,,,11562.5,App. Condominio
2022_313821_0058.xml,100,Via Bioglio 30,2022-04-08,D,152.22,1.05,30.6,77.92,Gas naturale,True,True,False,False,False,False,0,1,9,5,L219,,1186,167,100,100,,1999,45.0869,7.6965,"45.0869, 7.6965",Torino,E,REALIZZAZIONE DI CAPPOTTO ESTERNO,D,10.46,Triste,Triste,No,2019,,Caldaia a condensazione,125.29,2019,,Caldaia a condensazione,26.93,,,,,11147.76,App. Condominio
2022_203473_0042.xml,1003,VIA TREVISO 1,2022-10-17,D,248.55,1.33,49.91,38.18,Gas naturale,False,False,False,False,False,False,0,1,6,2,L219,N.D.,1153,132,1003,1003,,2002,45.071285,7.637938,"45.071285, 7.637938",Torino,E,La Legge di Bilancio 2020 (Legge n. 160/2019,C,7.0,Triste,Sorridente,No,1990,Caldaia a condensazione,Caldaia a condensazione,218.67,2002,Teleriscaldamento,Teleriscaldamento,29.88,,,,,9019.8,N/D
2021_202612_0280.xml,1006,VIA TREVISO 52,2021-12-13,D,84.6,1.59,16.09,52.1,Gas naturale,True,True,False,False,False,False,0,1,0,4,L219,/,1153,132,1006,1006,,2004,45.0661111111111,7.68222222222222,"45.0661111111111, 7.68222222222222",TORINO,E,sostituzione serramenti con altri a taglio termico,D,10.0,Triste,Triste,No,2021,,Caldaia standard,42.82,2021,,Caldaia standard,41.78,,,,,4251.4,N/D
2019_213164_0006.xml,1008,via Treviso 52,1899-12-30,C,54.95,0.75,10.41,46.04,Gas naturale,True,True,False,False,False,False,0,1,5,4,L219,-,1153,132,1008,1008,,2004,45.0872222222222,7.66694444444444,"45.0872222222222, 7.66694444444444",TORINO,E,1Sostituzione infissi.false18C46.37C46.37,C,18.0,Triste,Basita/o,No,2004,Generatore centralizzato,Generatore centralizzato,23.23,2004,ACS centralizzata,Caldaia standard,31.72,,,,,2469.54,N/D
2019_207434_0062.xml,101,Via Severino Casana 26,2019-12-17,F,163.28,0.0,20.24,72.07,Teleriscaldamento,True,True,False,False,False,False,0,1,7,5,L219,,1439,94,101,101,,1972,45.027,7.6436,"45.027, 7.6436",Torino,E,0Intervento sulle strutture opachetrue11.8E132.771Intervento sui serramentifalse16.6D120.29D91.61,E,11.8,Triste,Triste,No,1997,Teleriscaldamento_1,Teleriscaldamento,131.95,2015,Teleriscaldamento,Teleriscaldamento,31.33,,,,,7845.0,N/D
2021_113184_0071.xml,101,via Fratelli Garrone 61/76A-F,2021-11-11,F,266.25,6.17,50.92,54.6,Teleriscaldamento,True,True,False,False,False,False,0,1,3,0,L219,,1488,78,101,101,,1966,45.0109,7.6506,"45.0109, 7.6506",Torino,E,coibentazione solaio cantina,E,4.29,Triste,Sorridente,No,1996,,Teleriscaldamento,196.83,2013,,Caldaia standard,69.42,,,,,15600.66,Ed. Plurifam.
2022_312661_0036.xml,101,Via Vittime di Bologna 5,2022-04-22,D,84.88,8.03,17.09,45.97,Gas naturale,True,True,False,False,False,False,0,1,3,2,L219,,1089,306,101,101,,1985,45.1011,7.7292,"45.1011, 7.7292",Torino,E,realizzazione cappotto,C,7.99,Triste,Triste,Sì,2007,,Caldaia a condensazione,63.94,2007,,Caldaia a condensazione,20.94,,,,,3986.3999999999996,Ed. Plurifam.
2020_102099_0005.xml,102,Via Pianezza snc,2020-11-02,F,182.09,1.58,59.94,51.68,Teleriscaldamento,False,False,False,False,False,False,0,1,3,2,L219,,1121,41,102,102,,1960,45.095528,7.645157,"45.095528, 7.645157",TORINO,E,Insufflaggio pareti esterne,E,5.0,Triste,Triste,No,2015,Teleriscaldamento,Teleriscaldamento,154.19,2000,Scalda-acqua autonomo istantaneo a gas,Scalda-acqua a gas,27.9,,,,,8881.3,Ed. Plurifam.
2020_106928_0037.xml,102,via mazzini 44,2020-09-28,B,98.97,12.95,20.84,84.89,Gas naturale,False,False,False,False,False,False,0,1,5,1,L219,,1306,192,102,102,,1910,45.0613230552693,7.68843513128281,"45.0613230552693, 7.68843513128281",Torino,E,Data sopralluogo: 17/09/2020,A1,17.0,Triste,Basita/o,No,2020,,Caldaia a condensazione,24.68,2020,,Caldaia a condensazione,22.49,2020,,Pompa di calore,51.8,6187.057999999999,N/D
2020_208487_0001.xml,102,Via Scarsellini 12,2020-01-20,E,125.03,0.0,17.52,46.22,Teleriscaldamento,True,True,False,False,False,False,0,1,3,4,L219,,1428,85,102,102,,1952,45.1167,7.7167,"45.1167, 7.7167",Torino,E,0Intervento sulle strutture opachetrue7.8A151.74A151.74,A1,7.8,Triste,Basita/o,No,1988,Teleriscaldamento,Teleriscaldamento,98.51,2010,RINNAI Infinity 11,Caldaia standard,26.52,,,,,4267.5599999999995,Ed. Plurifam.
2020_209934_0017.xml,102,VIA ASSAROTTI 16,2020-07-24,B,764.76,33.64,157.96,100.0,Gas naturale,False,False,False,False,False,False,1,1,3,0,L219,,1220,212,102,102,,1913,45.0667,7.6667,"45.0667, 7.6667",TORINO,E,				Sostituzione componenti finestrati,B,17.0,Basita/o,Basita/o,No,2015,,Caldaia a condensazione,664.42,,,,54.48,2018,,Pompa di calore,0.0,69786.03099999999,Ed. Plurifam.
2020_312661_0028.xml,102,Via Vittime di Bologna 5,2020-03-25,E,84.99,0.62,17.09,44.66,Gas naturale,True,True,False,False,False,False,0,1,3,2,L219,,1089,306,102,102,,1985,45.1017,7.7290,"45.1017, 7.7290",Torino,E,realizzazione cappotto,D,8.09,Triste,Triste,No,2007,,Caldaia a condensazione,60.23,2007,,Caldaia a condensazione,24.76,,,,,3567.8199999999997,Ed. Plurifam.
2021_205335_0001.xml,102,VIA CASANA 30/a,2021-02-17,G,654.95,0.21,131.02,77.89,Teleriscaldamento,False,False,False,False,False,False,0,1,6,5,L219,,1439,94,102,102,,1977,45.1167,7.7167,"45.1167, 7.7167",TORINO,E,				Isolamento strutture opache verticali verso l'esterno,G,20.0,Triste,Triste,No,2015,,Teleriscaldamento,391.18,2015,,Teleriscaldamento,263.77,,,,,33999.17,N/D
2021_113184_0072.xml,103,via Fratelli Garrone 61/76A-F,2021-11-11,F,133.3,3.03,25.89,54.6,Teleriscaldamento,True,True,False,False,False,False,0,1,3,1,L219,,1488,78,103,103,,1966,45.0109,7.6506,"45.0109, 7.6506",Torino,E,sostituzione del generatore per acqua calda sanitaria,F,12.25,Triste,Triste,No,1996,,Teleriscaldamento,74.22,2013,,Caldaia standard,59.08,,,,,7516.96,Ed. Plurifam.
2020_312661_0009.xml,104,Corso Mortara 36,2020-02-17,D,119.99,0.93,21.25,45.85,Teleriscaldamento,True,True,False,False,False,False,0,1,6,6,L219,,1125,438,104,104,,2005,45.0912,7.6723,"45.0912, 7.6723",Torino,E,Coibentazione cassonetti,D,6.23,Triste,Basita/o,No,2005,,Teleriscaldamento,95.81,2005,,Teleriscaldamento,24.18,,,,,4849.0,N/D
2021_107973_0280.xml,104,Via Somalia 104,2021-07-19,D,73.05,0.0,14.61,62.17,Gas naturale,True,True,False,False,False,False,0,1,3,2,L219,,1489,587,104,104,,2005,45.009014,7.655433,"45.009014, 7.655433",Torino,E,0Inserimento isolamento su involucro opacofalse20.1C62.58C62.58,C,20.1,Triste,Basita/o,No,2016,Generatore a gas o combustibile fossile,Caldaia standard,48.71,2016,Generatore a gas o combustibile fossile,Caldaia standard,24.34,,,,,4552.5199999999995,Ed. Plurifam.
2022_107973_0009.xml,104,Corso Lione 54,2022-01-14,E,125.97,0.0,25.19,47.31,Teleriscaldamento,True,False,False,False,False,False,0,1,3,6,L219,,1298,281,104,104,,1984,45.057244,7.653877,"45.057244, 7.653877",Torino,E,0Inserimento isolamento su involucro opacofalse19.6D94.51D94.51,D,19.6,Triste,Basita/o,No,2009,Teleriscaldamento,Teleriscaldamento,90.1,,,,35.87,,,,,4541.74,Ed. Plurifam.
2021_214131_0028.xml,1041,VIA DAUBREE 10,2021-09-27,C,60.52,0.0,12.1,34.02,Teleriscaldamento,False,False,False,False,False,False,0,1,6,4,L219,,1153,131,1041,1041,,2006,45.0667,7.6667,"45.0667, 7.6667",TORINO,E,				Sostituzione componenti finestrati,A1,20.0,Triste,Triste,No,2013,,Teleriscaldamento,37.29,2013,,Teleriscaldamento,23.23,,,,,1372.44,N/D
2022_100760_0003.xml,1043,"Via Doubrè, 10",2022-03-28,D,154.42,3.67,52.41,97.73,Teleriscaldamento,True,True,False,False,False,False,0,1,0,3,L219,,1153,131,1043,1043,,2009,45.116667,7.716667,"45.116667, 7.716667",Torino,E,La sostituzione degli INFISSI rientra attualmente nelle detrazioni fiscali,D,82.5,Triste,Triste,No,2009,Teleriscaldamento,Teleriscaldamento,136.76,2022,Teleriscaldamento,Teleriscaldamento,17.66,,,,,17073.0,N/D
2021_112419_0019.xml,1056,Vio Orvieto 41,2021-12-29,E,210.49,0.49,36.99,88.63,Teleriscaldamento,True,True,False,False,False,False,0,1,3,0,L219,,52,6,1056,1056,,2005,45.0944,7.6710,"45.0944, 7.6710",Torino,E,miglioramento coibentazione mediante insuflaggio,D,12.06,Triste,Triste,No,2005,,Teleriscaldamento,189.68,2005,,Teleriscaldamento,20.81,,,,,16602.0,Ed. Plurifam.
2021_112419_0020.xml,1059,Vio Orvieto 41,2021-12-29,E,162.21,0.36,28.5,75.14,Teleriscaldamento,True,True,False,False,False,False,0,1,3,2,L219,,52,6,1059,1059,,2005,45.0944,7.6710,"45.0944, 7.6710",Torino,E,miglioramento coibentazione mediante insuflaggio,D,12.06,Triste,Basita/o,No,2005,,Teleriscaldamento,140.36,2005,,Teleriscaldamento,21.85,,,,,10850.0,Ed. Plurifam.
2020_312661_0011.xml,106,Corso Mortara 36,2020-02-17,D,137.0,1.11,24.28,72.66,Teleriscaldamento,True,True,False,False,False,False,0,1,6,7,L219,,1125,438,106,106,,2005,45.0912,7.6723,"45.0912, 7.6723",Torino,E,Coibentazione cassonetti,D,6.23,Triste,Sorridente,No,2005,,Teleriscaldamento,114.93,2005,,Teleriscaldamento,22.07,,,,,8767.0,N/D
2019_102351_0104.xml,1064,Vio Orvieto 41,2019-06-17,E,150.28,0.35,30.11,50.86,Teleriscaldamento,True,True,False,False,False,False,0,1,9,4,L219,,52,6,1064,1064,,2006,45.0944,7.6710,"45.0944, 7.6710",Torino,E,insuflaggio,D,12.52,Triste,Basita/o,No,2005,,Teleriscaldamento,116.66,2005,,Teleriscaldamento,33.62,,,,,5084.0,App. Condominio
2019_102351_0103.xml,1067,Vio Orvieto 41,2019-06-17,F,201.45,0.51,40.37,41.03,Teleriscaldamento,True,True,False,False,False,False,0,1,9,6,L219,,52,6,1067,1067,,2006,45.0944,7.6710,"45.0944, 7.6710",Torino,E,insuflaggio,E,12.52,Triste,Basita/o,No,2005,,Teleriscaldamento,171.16,2006,,Teleriscaldamento,30.29,,,,,5497.0,App. Condominio
2020_312661_0010.xml,107,Corso Mortara 36,2020-02-17,D,128.77,1.04,22.81,72.85,Teleriscaldamento,True,True,False,False,False,False,0,1,6,7,L219,,1125,438,107,107,,2005,45.0912,7.6723,"45.0912, 7.6723",Torino,E,Coibentazione cassonetti,D,6.23,Triste,Sorridente,No,2005,,Teleriscaldamento,106.72,2005,,Teleriscaldamento,22.05,,,,,8264.0,N/D
2019_102351_0102.xml,1080,Vio Orvieto 39,2019-06-17,F,177.41,0.43,35.55,41.63,Teleriscaldamento,True,True,False,False,False,False,0,1,9,8,L219,,52,6,1080,1080,,2006,45.0943,7.6702,"45.0943, 7.6702",Torino,E,insuflaggio,E,12.52,Triste,Basita/o,No,2005,,Teleriscaldamento,146.83,2005,,Teleriscaldamento,30.58,,,,,4913.0,App. Condominio
2019_312661_0213.xml,1089,Via Orvieto 1,2019-11-28,E,125.77,0.27,22.1,78.92,Teleriscaldamento,True,True,False,False,False,False,0,1,3,3,L219,,52,6,1089,1089,,2005,45.0931,7.6695,"45.0931, 7.6695",Torino,E,miglioramento coibentazione mediante insuflaggio,D,12.06,Triste,Triste,No,2006,,Teleriscaldamento,104.28,2006,,Teleriscaldamento,21.49,,,,,8837.0,Ed. Plurifam.
2018_101746_0046.xml,109,CORSO ORBASSANO 380,2019-02-14,G,189.52,0.0,36.79,79.0,Gas naturale,True,True,False,False,False,False,0,1,9,3,L219,,1429,98,109,109,,1960,45.0338,7.6206,"45.0338, 7.6206",Torino,E,				INSUFFLAGGIO PARETI PERIMETRALI,F,8.0,Triste,Triste,No,2016,,Caldaia a condensazione,159.71,2000,,Caldaia standard,29.81,,,,,13474.22,App. Condominio
2020_102099_0083.xml,109,Via Pianezza snc,2020-05-10,F,182.09,1.58,59.94,51.68,Teleriscaldamento,False,False,False,False,False,False,0,1,3,1,L219,,1121,41,109,109,,1980,45.095528,7.645157,"45.095528, 7.645157",TORINO,E,Insufflaggio pareti esterne,E,5.0,Triste,Triste,No,2015,Teleriscaldamento,Teleriscaldamento,154.19,2000,Scalda-acqua autonomo istantaneo a gas,Scalda-acqua a gas,27.9,,,,,8881.3,Ed. Plurifam.
2021_209689_0155.xml,1090,Via Treviso 58,2021-04-10,D,83.81,0.26,15.75,55.79,Gas naturale,True,True,False,False,False,False,0,1,6,2,L219,0,1153,132,1090,1090,,2004,45.0660541,7.6822731,"45.0660541, 7.6822731",TORINO,E,sostituzione del generatore di calore con uno a condensazione,C,1.0,Triste,Triste,No,2004,PRINCIPALE,Caldaia standard,45.59,2004,Impianto 1...,Caldaia standard,38.22,,,,,4652.099999999999,N/D
2019_102351_0101.xml,1092,Vio Orvieto 37,2019-06-17,F,165.81,0.41,33.22,36.44,Teleriscaldamento,True,True,False,False,False,False,0,1,9,4,L219,,52,6,1092,1092,,2006,45.0941,7.6702,"45.0941, 7.6702",Torino,E,insuflaggio,E,12.52,Triste,Basita/o,No,2005,,Teleriscaldamento,138.02,2005,,Teleriscaldamento,27.79,,,,,4019.0,App. Condominio
2022_114801_0039.xml,1093,Via Treviso 58,2022-10-27,D,102.09,0.01,20.42,85.0,Gas naturale,True,True,False,False,False,False,0,1,3,3,L219,,1153,132,1093,1093,,2005,45.1167,7.7167,"45.1167, 7.7167",Torino,E,Si consiglia di svolgere un'analisi energetica accurata in modo da quantificare gli interventi migliorativi da effettuare,B,4.0,Triste,Triste,No,2021,VIESSMANN VITOCROSSAL,Caldaia standard,79.85,2021,VIESSMANN VITOCROSSAL,Caldaia standard,22.24,,,,,8689.56,Ed. Plurifam.
2019_312661_0214.xml,1096,Via Orvieto 1,2019-11-28,E,183.16,0.41,32.19,65.74,Teleriscaldamento,True,True,False,False,False,False,0,1,3,6,L219,,52,6,1096,1096,,2005,45.0931,7.6695,"45.0931, 7.6695",Torino,E,miglioramento coibentazione mediante insuflaggio,E,12.06,Triste,Triste,No,2006,,Teleriscaldamento,160.36,2006,,Teleriscaldamento,22.8,,,,,10718.0,Ed. Plurifam.
2021_209689_0156.xml,1098,Via Treviso 58,2021-04-10,D,85.64,0.26,16.1,55.79,Gas naturale,True,True,False,False,False,False,0,1,6,4,L219,0,1153,132,1098,1098,,2004,45.0660541,7.6822731,"45.0660541, 7.6822731",TORINO,E,sostituzione del generatore di calore con uno a condensazione,C,1.0,Triste,Triste,No,2004,PRINCIPALE,Caldaia standard,46.83,2004,Impianto 1...,Caldaia standard,38.81,,,,,4752.5,N/D
2019_102902_0018.xml,11,Salita Michelangelo Garove 24,2019-09-12,C,319.41,76.74,145.14,87.67,Energia elettrica da rete,True,True,True,True,True,False,1,1,6,2,L219,,1153,130,11,11,,2002,45.1167,7.7167,"45.1167, 7.7167",Torino,E,4Relampingfalse4.8C273.3C273.3,C,4.8,Triste,Basita/o,No,2002,UNICAL TRISTAR 1650,Caldaia standard,4.25,2002,Generatore a energia elettrica_3,Boiler elettrico,0.0,2002,TRANE RTHC E3,Pompa di calore,0.58,14404.46,N/D
2019_103654_0009.xml,11,Via Borgo Ticino 15,2019-09-16,D,151.59,11.49,31.05,96.54,Gas naturale,False,False,False,False,False,False,0,1,3,3,L219,,1080,176,11,11,,1997,45.105894287135,7.6953875509262,"45.105894287135, 7.6953875509262",Torino,E,0Involucro opaco del fabbricato08D137.45D137.45,D,8.0,Triste,Basita/o,No,2016,,Caldaia standard,104.54,2013,,Boiler elettrico,47.05,,,,,12410.749199999998,Ed. Plurifam.
2019_312661_0192.xml,11,Via Mddalene 10,2019-07-11,G,293.18,14.52,60.8,50.44,Gas naturale,True,True,False,False,False,False,0,1,3,2,L219,,1145,74,11,11,,1970,45.0906,7.7074,"45.0906, 7.7074",Torino,E,Installazione valvole termostatiche,G,5.46,Triste,Triste,No,2003,,Caldaia a condensazione,234.71,2019,,Boiler elettrico,58.47,,,,,12750.439999999999,Ed. Plurifam.
2020_100384_0020.xml,11,Corso Taranto 159/3,2020-06-25,F,276.63,0.28,55.17,52.82,Gas naturale,True,True,False,False,False,False,0,1,3,0,L219,,1133,14,11,11,,1960,45.116667,7.716667,"45.116667, 7.716667",Torino,E,Gli interventi raccomandati per il miglioramento della prestazione energetica consentono di beneficiare delle detrazioni fiscali previste dalla normativa vigente,E,13.5,Triste,Triste,No,2013,CENTRALIZZATO,Caldaia a condensazione,247.52,2010,AUTONOMO,Scalda-acqua a gas,29.11,,,,,14604.039999999999,Ed. Plurifam.
2020_100600_0015.xml,11,VIA ROMA 101,2020-10-19,B,304.2,231.97,71.76,486.0,Energia elettrica da rete,False,False,False,False,False,False,1,1,9,0,L219,,1282,7,11,11,,1933,45.0667,7.6667,"45.0667, 7.6667",TORINO,E,				SOSTITUZIONE COMPONENTI FINESTRATI,B,11.0,Triste,Triste,No,2019,,Pompa di calore,102.74,2000,,Boiler elettrico,2.52,2019,,Pompa di calore,7.33,85297.68,App. Condominio
2020_102099_0099.xml,11,VIA BORGO TICINO 15,2020-08-18,E,118.45,10.97,25.32,102.8,Gas naturale,False,False,False,False,False,False,0,1,3,3,L219,=,1080,176,11,11,,1985,45.106046,7.6952690,"45.106046, 7.6952690",Torino,E,isolamento perimetrale,C,10.0,Triste,Triste,No,2016,,Caldaia a condensazione,75.53,2015,,31,42.92,,,,,10757.539999999999,Ed. Plurifam.
2020_212533_0063.xml,11,Viale dei Mughetti 29bis,2020-03-02,E,145.08,0.0,62.45,58.31,Teleriscaldamento,True,True,False,False,False,False,0,1,2,2,L219,0,1069,150,11,11,,1965,45.1039417,7.6264605,"45.1039417, 7.6264605",TORINO,E,0Coibentazione pareti freddefalse1D129.43D129.43,D,1.0,Triste,Triste,No,2000,PRINCIPALE,Teleriscaldamento,115.32,2000,ACS,Scalda-acqua a gas,29.76,,,,,12478.5,N/D
2021_103021_0012.xml,11,via po 2,2021-02-09,F,188.38,0.81,37.8,30.62,Gas naturale,True,True,False,False,False,False,0,1,5,1,L219,,1280,24,11,11,,1900,45.0697,7.6874,"45.0697, 7.6874",Torino,E,				sostituzione serramenti,E,10.0,Triste,Basita/o,No,2006,,Caldaia standard,165.56,2006,,Caldaia standard,22.82,,,,,5450.42,N/D
2022_102099_0014.xml,11,VIA XX SETTEMBRE 57,2022-11-04,F,205.67,13.52,43.15,49.9,Gas naturale,False,False,False,False,False,False,0,1,3,1,L219,=,1245,277,11,11,,1900,45.070213,7.6822150,"45.070213, 7.6822150",Torino,E,isolamento perimetrale,D,10.0,Triste,Basita/o,No,2021,,Caldaia a condensazione,151.44,2019,,31,54.23,,,,,9764.72,Ed. Plurifam.
2022_102992_0034.xml,11,corso Vercelli 388,2022-11-15,E,97.14,13.43,21.43,69.5,Gas naturale,True,True,False,False,False,False,0,1,3,3,L219,,1049,45,11,11,,1962,45.1169,7.7053,"45.1169, 7.7053",Torino,E,				insufflaggio cassavuota,D,14.0,Basita/o,Triste,No,2005,,Caldaia standard,43.24,2015,,Boiler elettrico,53.9,,,,,4728.4400000000005,Ed. Plurifam.
2022_104941_0021.xml,11,via Piossasco 14,2022-09-26,G,439.18,1.02,85.09,25.08,Gas naturale,True,True,False,False,False,False,0,1,6,4,L219,,1151,236,11,11,,1929,45.116667,7.716667,"45.116667, 7.716667",Torino,E,0Fabbricato,F,6.3,Triste,Basita/o,No,2002,GENERATORE AUTONOMO,Caldaia standard,409.07,2002,GENERATORE AUTONOMO,Caldaia standard,30.11,,,,,10978.06,N/D
2022_113184_0130.xml,11,via Fratelli Garrone 67_(36_37_38_39),2022-12-10,D,134.45,3.54,25.94,54.35,Teleriscaldamento,True,True,False,False,False,False,0,1,3,5,L219,,1488,75,11,11,,1966,45.0120,7.6507,"45.0120, 7.6507",Torino,E,installazione fotovoltaico,D,4.94,Triste,Basita/o,No,1996,,Teleriscaldamento,89.68,2005,,Caldaia standard,44.77,,,,,7681.46,Ed. Plurifam.
2022_113184_0136.xml,11,Via Artom 55,2022-10-24,F,217.92,4.31,42.27,54.72,Teleriscaldamento,True,True,False,False,False,False,0,1,3,5,L219,,1488,14,11,11,,1966,45.0131,7.6493,"45.0131, 7.6493",Torino,E,installazione solare fotovoltaico,F,4.31,Triste,Triste,No,1996,,Teleriscaldamento,119.04,2020,,Caldaia standard,98.88,,,,,12355.36,Ed. Plurifam.
2022_207895_0029.xml,11,VIA TOLLEGNO 38,2022-08-29,G,181.02,1.02,34.09,74.43,Gas naturale,True,True,False,False,False,False,0,1,0,5,L219,/,1186,167,11,11,,1997,45.0661111111111,7.68222222222222,"45.0661111111111, 7.68222222222222",TORINO,E,isolamento alle strutture,F,10.0,Triste,Triste,No,2022,,Caldaia a condensazione,150.45,2022,,Caldaia a condensazione,30.57,,,,,13342.439999999999,N/D
2022_208567_0031.xml,11,Via Sansovino 90,2022-02-24,G,132.53,12.75,28.15,41.49,Teleriscaldamento,True,True,False,False,False,False,0,1,0,1,L219,/,1073,13,11,11,,1954,45.0661111111111,7.68222222222222,"45.0661111111111, 7.68222222222222",TORINO,E,isolamento alle strutture,F,6.0,Triste,Triste,No,1983,,Teleriscaldamento,79.64,2015,,Boiler elettrico,52.89,,,,,3328.0,N/D
2020_312661_0132.xml,110,Via Vittime di Bologna 5,2021-03-22,E,149.59,9.39,30.11,45.11,Gas naturale,True,True,False,False,False,False,0,1,3,4,L219,,1089,306,110,110,,1985,45.1019,7.7289,"45.1019, 7.7289",Torino,E,realizzazione cappotto,E,7.92,Triste,Triste,Sì,2007,,Caldaia a condensazione,131.13,2007,,Caldaia a condensazione,18.46,,,,,6680.62,Ed. Plurifam.
2021_312661_0051.xml,1103,Vio Orvieto 35-37-39-41,2021-10-22,E,162.84,0.35,28.61,73.98,Teleriscaldamento,True,True,False,False,False,False,0,1,3,3,L219,,52,6,1103,1103,,2005,45.0928,7.6694,"45.0928, 7.6694",Torino,E,Coibentazione mediante insuflaggio,D,11.94,Triste,Triste,No,2005,,Teleriscaldamento,140.88,2005,,Teleriscaldamento,21.96,,,,,10725.0,Ed. Plurifam.
2019_209689_0012.xml,1104,Via Treviso 58,2019-01-28,D,119.34,0.36,22.43,84.83,Gas naturale,True,True,False,False,False,False,0,1,6,6,L219,0,1153,132,1104,1104,,2004,45.0660541,7.6822731,"45.0660541, 7.6822731",TORINO,E,2sostituzione del generatore di calore con uno a condensazionefalse1C76.92C76.92,C,1.0,Triste,Triste,No,2004,PRINCIPALE,Caldaia standard,95.1,2004,Impianto 1...,Caldaia standard,24.24,,,,,10074.58,N/D
2020_101746_0025.xml,111,CORSO ORBASSANO 380,2020-07-16,F,119.17,0.0,23.3,82.0,Gas naturale,True,True,False,False,False,False,0,1,9,3,L219,,1429,98,111,111,,1960,45.0338,7.6206,"45.0338, 7.6206",Torino,E,				INSUFFLAGGIO PARETI PERIMETRALI,E,8.0,Triste,Triste,No,2016,,Caldaia a condensazione,89.69,2000,,Caldaia standard,29.48,,,,,8601.02,App. Condominio
2020_102351_0009.xml,111,"Via Pietracqua 29, Torino",2020-03-02,G,296.95,1.97,59.68,56.99,Gas naturale,True,True,False,False,False,False,0,1,3,0,L219,,1144,14,111,111,,1959,45.0925,7.7073,"45.0925, 7.7073",Torino,E,coibentazione pavimento vs interrato,E,3.82,Triste,Triste,No,2018,,Caldaia standard,273.36,2018,,Caldaia standard,23.59,,,,,15914.38,Ed. Plurifam.
2022_113184_0064.xml,111,via Sant'Agostino 25 Torino,2022-06-19,F,172.33,1.17,34.64,75.38,Gas naturale,True,True,False,False,False,False,0,1,5,3,L219,,1217,183,111,111,,1900,45.0761,7.6808,"45.0761, 7.6808",Torino,E,coibentazione pareti,E,4.83,Triste,Basita/o,No,2021,,Caldaia standard,139.0,2021,,Caldaia standard,33.33,,,,,12215.4,N/D
2022_213632_0094.xml,111,Via Macerata 4,2022-03-11,E,121.9,12.22,26.2,75.0,Gas naturale,True,True,False,False,False,False,0,1,3,2,L219,,1180,59,111,111,,1949,45.082182,7.669359,"45.082182, 7.669359",TORINO,E,0Isolamento superfici perimetrali disperdentitrue10C67.33C67.33,C,10.0,Triste,Basita/o,No,2011,Caldaia centralizzata a condensazione,Caldaia a condensazione,71.19,2010,Scaldabagno elettrico,Boiler elettrico,50.71,,,,,7297.719999999999,Ed. Plurifam.
2020_102286_0044.xml,1110,via Treviso 56,2020-10-13,E,220.51,42.06,45.94,118.19,Gas naturale,True,True,True,False,False,False,0,1,7,7,L219,u,1153,132,1110,1110,,2005,45.0661111111111,7.68222222222222,"45.0661111111111, 7.68222222222222",TORINO,E,0Integrazione coibentazione solaio di coperturafalse52E215.59E215.59,E,52.0,Triste,Triste,No,2004,PRINCIPALE,Caldaia a condensazione,138.18,2004,PRINCIPALE,Caldaia a condensazione,24.31,2004,Impianto 1...,Pompa di calore,58.02,18451.12,N/D
2021_209507_0117.xml,1113,CORSO UMBRIA 54,2021-11-30,D,148.62,0.0,29.72,106.0,Teleriscaldamento,False,False,False,False,False,False,0,0,0,2,L219,,1153,132,1113,1113,,2005,45.0667,7.6667,"45.0667, 7.6667",TORINO,E,				ULTERIORE ISOLAMENTO INVOLUCRO EDILIZIO,C,10.0,Triste,Sorridente,No,2010,,31,138.71,2010,,31,9.91,,,,,10502.71,N/D
2020_207949_0186.xml,112,VIA NIZZA 15,2020-10-14,D,89.93,3.81,17.41,28.0,Gas naturale,True,True,False,False,False,False,0,1,3,0,L219,-,1304,71,112,112,,1900,45.0661111111111,7.68222222222222,"45.0661111111111, 7.68222222222222",TORINO,E,0coibentazione pareti verticali verso ambienti non riscaldatifalse25B62.69B62.69,B,25.0,Triste,Basita/o,No,2020,PRINCIPALE,Caldaia standard,42.48,2020,PRINCIPALE,Caldaia standard,47.45,,,,,2304.46,Ed. Plurifam.
2021_113184_0073.xml,112,via Fratelli Garrone 61/76A-F,2021-11-11,F,146.06,15.04,29.91,75.59,Teleriscaldamento,True,True,False,False,False,False,0,1,3,5,L219,,1488,78,112,112,,1966,45.0109,7.6506,"45.0109, 7.6506",Torino,E,coibentazione cassonetto,F,0.64,Triste,Basita/o,No,1996,,Teleriscaldamento,93.6,2020,,Boiler elettrico,52.46,,,,,10000.0,Ed. Plurifam.
2019_212894_0010.xml,114,Via Aosta 29,2019-03-21,F,171.77,14.34,36.49,46.5,Gas naturale,True,True,False,False,False,False,0,1,6,3,L219,,1184,10,114,114,,1960,45.084384,7.690932,"45.084384, 7.690932",TORINO,E,1Intervento su infissifalse10E136.83E136.83,E,10.0,Triste,Basita/o,No,2012,Caldaia a condensazione,Caldaia standard,115.22,2000,Boiler elettrico,Boiler elettrico,56.55,,,,,6647.44,N/D
2022_209689_0164.xml,1144,Corso Umbria 48,2022-12-22,D,73.82,7.16,13.87,55.4,Gas naturale,True,True,False,False,False,False,0,1,6,4,L219,0,1153,132,1144,1144,,2005,45.0661111111111,7.68222222222222,"45.0661111111111, 7.68222222222222",TORINO,E,isolamento pareti esterne,B,1.0,Triste,Triste,No,2021,PRINCIPALE,Caldaia standard,42.36,2021,Impianto 1...,Caldaia standard,31.46,,,,,4071.58,N/D
2022_104562_0035.xml,1153,"Via Verolengo, 17-19/A, 10149 Torino TO",2022-07-12,C,615.74,50.92,130.73,5148.69,Teleriscaldamento,True,True,True,True,True,False,1,0,9,0,L219,,52,6,1153,1153,,2005,45.0951,7.6705,"45.0951, 7.6705",Torino,E,Si consiglia la coibentazione della pavimentazione tramite poliuretano a spruzzo dal lato dell'autorimessa,B,15.68,Triste,Basita/o,No,2005,,Teleriscaldamento,401.39,2005,,Teleriscaldamento,4.07,2005,,Pompa di calore,20.86,1946137.0,App. Condominio
2022_313821_0059.xml,117,Via Bioglio 32,2022-04-08,E,181.19,1.17,36.41,72.23,Gas naturale,True,True,False,False,False,False,0,1,9,4,L219,,1186,167,117,117,,1999,45.0869,7.6965,"45.0869, 7.6965",Torino,E,REALIZZAZIONE DI CAPPOTTO ESTERNO,D,10.46,Triste,Triste,No,2019,,Caldaia a condensazione,153.56,2019,,Caldaia a condensazione,27.63,,,,,12306.8,App. Condominio
2022_113184_0161.xml,118,via Fratelli Garrone 63/30_31_32_33_34_35,2022-12-19,D,116.94,3.08,22.47,75.59,Teleriscaldamento,True,True,False,False,False,False,0,1,3,8,L219,,1488,76,118,118,,1966,45.0119,7.6513,"45.0119, 7.6513",Torino,E,coibentazione parete esterna,D,15.55,Triste,Basita/o,Sì,1996,,Teleriscaldamento,80.12,2017,,Caldaia standard,36.82,,,,,9396.48,Ed. Plurifam.
2021_100150_0018.xml,1180,via verolengo 29/7,2021-09-06,C,147.0,12.54,7.97,73.6,Gas naturale,True,True,True,False,False,False,0,1,6,6,L219,,52,6,1180,1180,,2005,45.094554,7.669,"45.094554, 7.669",TORINO,E,0Intervento su componenti opachifalse1C145.61C145.61,C,1.0,Basita/o,Basita/o,No,2005,scambiatore,Teleriscaldamento,35.11,2005,scambiatore,Teleriscaldamento,59.88,2010,split,Pompa di calore,52.01,2942.24,N/D
2019_102351_0120.xml,119,Via Cuneo 33/B,2019-06-25,D,155.82,1.04,31.32,45.45,Gas naturale,True,True,False,False,False,False,0,1,3,1,L219,,1183,220,119,119,,2004,45.0872,7.6832,"45.0872, 7.6832",Torino,E,coibentazione involucro opaco,C,13.34,Triste,Basita/o,No,2006,,Caldaia standard,125.0,2006,,Caldaia standard,30.82,,,,,6661.4,Ed. Plurifam.
2020_311274_0025.xml,119,corso giambon,2020-05-18,D,79.24,0.01,22.38,99.73,Teleriscaldamento,False,False,False,False,False,False,0,1,6,8,L219,-,1423,236,119,119,,1970,45.031085,7.6528340,"45.031085, 7.6528340",Torino,E,Sostituzione serramenti,B,8.0,Triste,Triste,No,1992,,Teleriscaldamento,55.66,2020,,Caldaia standard,23.58,,,,,8495.16,N/D
2019_110151_0009.xml,12,Via Monte Pasubio 21/a,2019-01-15,D,137.26,0.9,43.27,95.06,Teleriscaldamento,True,True,False,False,False,False,0,1,9,0,L219,,1439,94,12,12,,1971,45.0267,7.6428,"45.0267, 7.6428",Torino,E,				Coibentazione delle pareti perimetrali mediante insufflaggio di lana di vetro in fiocchi,C,9.0,Triste,Triste,No,1997,,Teleriscaldamento,101.42,2015,,Teleriscaldamento,35.84,,,,,13614.0,App. Condominio
2019_112348_0035.xml,12,STRADA MONGRENO 79,2019-10-23,E,142.92,0.0,28.58,105.8,Gas naturale,False,False,False,False,False,False,0,1,0,1,L219,,1204,98,12,12,,1989,45.0667,7.6667,"45.0667, 7.6667",TORINO,E,				COINBENTAZIONE INVOLUCRO OPACO,D,8.0,Triste,Sorridente,No,2012,,Caldaia standard,124.33,2012,,Caldaia standard,18.59,,,,,15147.566,N/D
2019_206362_0212.xml,12,via Monte Cengio 29,2019-10-29,D,114.25,1.41,22.64,38.33,Gas naturale,False,False,False,False,False,False,0,1,3,4,L219,,1464,146,12,12,,1961,45.019150311025,7.62246786775627,"45.019150311025, 7.62246786775627",Torino,E,0COIB059C81.18C81.18,C,59.0,Triste,Triste,No,2017,,Caldaia a condensazione,62.17,2012,,Scalda-acqua a gas,52.08,,,,,4276.9986,Ed. Plurifam.
2019_312661_0212.xml,12,Via Maddalene 2,2019-11-19,F,254.84,2.61,51.36,66.93,Gas naturale,True,True,False,False,False,False,0,1,6,4,L219,,1145,42,12,12,,1966,45.0904,7.7060,"45.0904, 7.7060",Torino,E,installazione valvole termostatiche,F,9.73,Triste,Triste,No,2006,,Caldaia a condensazione,216.28,2006,,Caldaia standard,38.56,,,,,15928.099999999999,N/D
2020_102099_0030.xml,12,Via Pianezza snc,2020-09-25,G,427.35,59.17,66.46,47.93,Teleriscaldamento,False,False,False,False,False,False,0,1,3,0,L219,,1121,41,12,12,,1950,45.095375,7.645750,"45.095375, 7.645750",TORINO,E,Insufflaggio pareti esterne,G,5.0,Triste,Triste,No,2015,Teleriscaldamento,Teleriscaldamento,189.9,2000,Boiler elettrico,Boiler elettrico,237.45,,,,,14337.0,Ed. Plurifam.
2020_102099_0033.xml,12,Via Pianezza snc,2020-09-25,G,427.35,59.17,66.46,47.93,Teleriscaldamento,False,False,False,False,False,False,0,1,3,0,L219,,1121,41,12,12,,1980,45.095375,7.645750,"45.095375, 7.645750",TORINO,E,Insufflaggio pareti esterne,G,5.0,Triste,Triste,No,2015,Teleriscaldamento,Teleriscaldamento,189.9,2000,Boiler elettrico,Boiler elettrico,237.45,,,,,14337.0,Ed. Plurifam.
2020_102099_0096.xml,12,VIA BORGO TICINO 15,2020-08-18,F,189.48,2.55,38.28,49.5,Gas naturale,False,False,False,False,False,False,0,1,3,4,L219,=,1080,176,12,12,,1985,45.106046,7.6952690,"45.106046, 7.6952690",Torino,E,isolamento perimetrale,D,10.0,Triste,Triste,No,2016,,Caldaia a condensazione,154.96,2015,,Caldaia standard,34.52,,,,,10139.42,Ed. Plurifam.
2020_102099_0169.xml,12,VIA BUSCALIONI 17,2020-12-31,F,304.1,14.8,63.02,49.8,Gas naturale,False,False,False,False,False,False,0,1,2,2,L219,=,1212,97,12,12,,1932,45.077291,7.7006340,"45.077291, 7.7006340",Torino,E,isolamento perimetrale,E,10.0,Triste,Triste,No,2016,,Caldaia a condensazione,249.92,2000,,31,54.18,,,,,15046.64,N/D
2020_202727_0006.xml,12,Via Parenzo 90,2020-06-02,G,230.18,0.0,46.04,42.0,Teleriscaldamento,False,False,False,False,False,False,0,1,3,3,L219,,1073,16,12,12,,1953,45.0667,7.6667,"45.0667, 7.6667",TORINO,E,				Sostituzione componenti finestrati,F,20.0,Triste,Triste,No,2005,,Teleriscaldamento,203.3,2015,,Caldaia standard,26.88,,,,,6823.164400000001,Ed. Plurifam.
2020_312661_0119.xml,12,Via Ternengo 48,2020-09-17,F,181.3,1.72,36.52,70.6,Gas naturale,True,True,False,False,False,False,0,1,3,2,L219,,1186,151,12,12,,1991,45.0872,7.6964,"45.0872, 7.6964",Torino,E,Installazione valvole termostatiche,F,6.45,Triste,Triste,No,2001,,Caldaia standard,133.32,2001,,Caldaia standard,47.98,,,,,11968.32,Ed. Plurifam.
2021_101963_0008.xml,12,Via Bernardo de Canal 25,2021-10-11,E,162.83,13.12,34.55,52.6,Teleriscaldamento,False,False,False,False,False,False,0,1,7,5,L219,,1426,358,12,12,,1965,45.1167,7.7167,"45.1167, 7.7167",TORINO,E,				Sostituzione generatore per ACS,D,4.0,Triste,Basita/o,No,1998,,Teleriscaldamento,109.54,2015,,Boiler elettrico,53.29,,,,,5272.8,N/D
2021_102099_0007.xml,12,VIA DE CANAL 37,2020-12-31,F,166.83,0.87,33.5,75.7,Teleriscaldamento,False,False,False,False,False,False,0,1,3,5,L219,=,1426,357,12,12,,1968,45.034019,7.6411970,"45.034019, 7.6411970",Torino,E,isolamento perimetrale,D,10.0,Triste,Triste,No,1998,,Teleriscaldamento,140.1,2005,,Caldaia standard,26.73,,,,,9158.24,Ed. Plurifam.
2021_102099_0014.xml,12,CORSO ORBASSANO 455,2021-12-31,G,350.54,16.39,72.55,25.0,Gas naturale,False,False,False,False,False,False,0,1,3,1,L219,=,1436,4,12,12,,1920,45.030674,7.6108720,"45.030674, 7.6108720",Torino,E,isolamento perimetrale,D,10.0,Triste,Basita/o,No,2017,,Caldaia a condensazione,290.24,2010,,31,60.3,,,,,8744.48,Ed. Plurifam.
2021_106141_0044.xml,12,Corso Duca 50,2021-12-30,E,311.91,16.74,101.48,1441.62,Teleriscaldamento,True,True,False,False,True,True,1,0,9,,L219,,1300,170,12,9,,1892,45.0586,7.6595,"45.0586, 7.6595",Torino,E,Cappotto,D,22.71,Triste,Basita/o,No,2006,,Teleriscaldamento,244.7,2010,,Boiler elettrico,28.94,,,,,458737.0,App. Condominio
2021_202078_0165.xml,12,VIA BORRIANA 8,2021-07-23,F,139.05,0.54,27.89,60.86,Gas naturale,False,False,False,False,False,False,0,1,3,1,L219,,1188,6,12,12,,1930,45.0667,7.6667,"45.0667, 7.6667",TORINO,E,				Isolamento strutture opache verticali verso l'esterno,E,17.0,Triste,Triste,No,2010,,Caldaia standard,117.1,2017,,Caldaia standard,21.95,,,,,8411.3062,Ed. Plurifam.
2022_100222_0037.xml,12,Strada Del Portone 23,2022-01-04,D,135.23,1.78,26.81,45.02,Gas naturale,False,False,False,False,False,False,0,1,2,3,L219,,1432,138,12,12,,2009,45.0327631063726,7.61284888511663,"45.0327631063726, 7.61284888511663",Torino,E,Data sopralluogo: 04/11/2021,D,79.0,Triste,Basita/o,No,2009,,Caldaia a condensazione,105.1,2009,,Caldaia a condensazione,30.13,,,,,5937.2480000000005,N/D
2022_101241_0002.xml,12,Via Leinì 111,2022-10-02,F,264.75,0.0,52.95,160.22,Gas naturale,True,True,False,False,False,False,0,1,3,2,L219,,1129,689,12,12,,1950,45.1167,7.7167,"45.1167, 7.7167",Torino,E,0Fabbricato,E,19.5,Triste,Triste,No,2015,IMMERGAS 24  KW,Caldaia standard,245.59,2015,IMMERGAS 24  KW,Caldaia standard,19.16,,,,,42493.5,Ed. Plurifam.
2022_105263_0071.xml,12,VIA ANDREA SANSOVINO 98,2022-07-07,F,211.59,0.0,42.32,35.23,Teleriscaldamento,False,False,False,False,False,False,0,1,7,1,L219,,1073,7,12,12,,1961,45.1167,7.7167,"45.1167, 7.7167",TORINO,E,				Sostituzione componenti finestrati,F,13.0,Triste,Triste,No,2016,,Teleriscaldamento,187.05,2000,,Scalda-acqua a gas,24.54,,,,,8443.782799999999,N/D
2022_113949_0082.xml,12,STRADA DEL PORTONE 35,2022-12-20,D,121.49,1.3,24.49,50.0,Gas naturale,False,False,False,False,False,False,0,1,3,2,L219,,1432,158,12,12,,2009,45.0667,7.6667,"45.0667, 7.6667",TORINO,E,				Sostituzione sistema di regolazione del riscaldamento,D,6.0,Triste,Basita/o,No,2019,,Caldaia a condensazione,53.56,2019,,Caldaia a condensazione,67.93,,,,,5953.288799999999,Ed. Plurifam.
2022_200193_0071.xml,12,via montesei busi 28,2022-01-05,D,136.36,0.0,27.27,58.2,Gas naturale,True,True,False,False,False,False,0,1,2,2,L219,,1464,208,12,12,,1970,45.1167,7.7167,"45.1167, 7.7167",Torino,E,0Intervento sulle strutture opachefalse9.7C94.681Intervento sui serramentifalse41.3D128C85.43,C,9.7,Triste,Basita/o,No,2020,PARADIGMA ITALIA MODULA III 115,Caldaia standard,108.44,2018,VAILLANT ATMOMAG,Scalda-acqua a gas,27.92,,,,,7952.0,N/D
2020_102099_0084.xml,120,Via Pianezza snc,2020-05-10,G,351.5,58.34,52.14,47.84,Energia elettrica da rete,False,False,False,False,False,False,0,1,3,0,L219,,1121,41,120,120,,1980,45.095602,7.644955,"45.095602, 7.644955",TORINO,E,Insufflaggio pareti esterne,G,5.0,Triste,Triste,No,2015,Teleriscaldamento,Teleriscaldamento,114.29,2000,Boiler elettrico,Boiler elettrico,237.21,,,,,10924.0,Ed. Plurifam.
2021_210948_0117.xml,120,VIA TEMPIA 3,2016-06-29,G,208.58,1.18,41.18,73.22,Gas naturale,False,False,False,False,False,False,0,1,6,2,L219,,1043,73,120,120,,1970,45.1177279827837,7.70802976686479,"45.1177279827837, 7.70802976686479",Torino,E,Data sopralluogo: 13/10/2021,G,3.0,Triste,Triste,No,2015,,Caldaia standard,184.58,2015,,Caldaia standard,24.0,,,,,15124.345199999998,N/D
2020_101746_0026.xml,121,CORSO ORBASSANO 380,2020-07-16,G,197.55,0.0,38.32,79.0,Gas naturale,True,True,False,False,False,False,0,1,9,7,L219,,1429,98,121,121,,1960,45.0338,7.6206,"45.0338, 7.6206",Torino,E,				INSUFFLAGGIO PARETI PERIMETRALI,F,8.0,Triste,Triste,No,2016,,Caldaia a condensazione,167.74,2000,,Caldaia standard,29.81,,,,,14060.74,App. Condominio
2021_101009_0009.xml,121,Via Filadelfia 237/8,2021-05-31,F,321.35,11.85,62.0,254.24,Teleriscaldamento,True,False,False,False,True,False,1,1,3,0,L219,-,1387,35,121,121,,1967,45.0661111111111,7.68222222222222,"45.0661111111111, 7.68222222222222",TORINO,E,Isolamento interno a cappotto,E,1.0,Triste,Triste,No,1996,Teleriscaldamento,Teleriscaldamento,272.17,,,,,,,,,87061.0,Ed. Plurifam.
2022_312661_0037.xml,121,Via Vittime di Bologna,2022-04-26,F,170.94,7.98,34.29,46.1,Gas naturale,True,True,False,False,False,False,0,1,3,0,L219,,1089,306,121,121,,1985,45.1023,7.7288,"45.1023, 7.7288",Torino,E,realizzazione cappotto,E,7.64,Triste,Triste,Sì,2005,,Caldaia a condensazione,150.01,2005,,Caldaia a condensazione,20.93,,,,,7779.48,Ed. Plurifam.
2022_312661_0038.xml,121,Via Vittime di Bologna,2022-04-26,E,89.12,7.79,17.9,45.85,Gas naturale,True,True,False,False,False,False,0,1,3,0,L219,,1089,306,121,121,,1985,45.1023,7.7288,"45.1023, 7.7288",Torino,E,realizzazione cappotto,D,7.64,Triste,Triste,Sì,2005,,Caldaia a condensazione,68.25,2005,,Caldaia a condensazione,20.87,,,,,4183.08,Ed. Plurifam.
2020_203473_0019.xml,122,VIA AOSTA 1,2020-10-21,E,257.43,4.06,12.59,73.97,Gas naturale,False,False,False,False,False,False,0,1,3,4,L219,N.D.,1184,5,122,122,,1933,45.139730,7.7541572,"45.139730, 7.7541572",Torino,E,La Legge di Bilancio 2018 (Legge 205/2017) ha prorogato al 31 dicembre 2018 le Detrazioni Fiscali del 65%,A4,5.0,Triste,Sorridente,No,2018,Generatore Standard,Caldaia a condensazione,223.97,2018,Generatore Standard,Caldaia a condensazione,33.46,,,,,15798.5,Ed. Plurifam.
2020_209934_0018.xml,122,VIA ASSAROTTI 16,2020-07-29,B,214.84,17.88,54.86,912.6,Gas naturale,False,False,False,False,False,False,1,1,3,0,L219,,1220,212,122,122,,1963,45.0667,7.6667,"45.0667, 7.6667",TORINO,E,				Isolamento strutture opache verticali verso zone non riscaldate,B,8.0,Basita/o,Sorridente,No,2009,,Caldaia a condensazione,133.26,2009,,Caldaia a condensazione,13.32,2010,,Pompa di calore,21.82,181612.72379999998,Ed. Plurifam.
2021_101550_0003.xml,122,via Valprato 50,2021-03-24,A2,30.43,2.43,6.06,74.54,Gas naturale,True,True,False,False,False,False,0,1,6,4,L219,0,1127,343,122,122,,2005,45.0661111111111,7.68222222222222,"45.0661111111111, 7.68222222222222",TORINO,E,sostituzione caldaia,A3,10.0,Triste,Basita/o,No,2005,PRINCIPALE,Caldaia standard,12.58,2005,PRINCIPALE,Caldaia standard,17.85,,,,,1905.82,N/D
2019_208568_0033.xml,123,via aosta 29,2019-05-28,E,130.74,0.11,26.16,45.81,Gas naturale,True,True,False,False,False,False,0,1,0,1,L219,,1184,10,123,123,,1965,45.1167,7.7167,"45.1167, 7.7167",Torino,E,0Fabbricato,D,5.0,Triste,Basita/o,No,2012,PARADIGMA ITALIA ECO GAS 610,Caldaia standard,105.72,1965,VAILANT armo mag plus - IT 11-4/0 E H,Caldaia standard,25.02,,,,,5993.88,N/D
2021_209689_0125.xml,123,Via Paolo Sarpi 132,2021-07-22,D,66.24,0.0,13.64,40.27,Teleriscaldamento,True,True,False,False,False,False,0,1,6,2,L219,-,1426,395,123,123,,2014,45.0308246,7.64215,"45.0308246, 7.64215",TORINO,E,infissi,C,8.0,Triste,Triste,No,2013,PRINCIPALE,Teleriscaldamento,23.23,2014,Impianto 1...,Teleriscaldamento,43.01,,,,,1778.0,N/D
2022_113184_0115.xml,123,via Scarsellini 12,2022-10-10,F,221.23,18.37,68.83,45.86,Teleriscaldamento,True,True,False,False,False,False,0,1,3,2,L219,,1428,85,123,123,,1949,45.0360,7.6298,"45.0360, 7.6298",Torino,E,coibentazione parete esterna,E,5.98,Triste,Basita/o,No,1988,,Teleriscaldamento,163.02,2015,,Boiler elettrico,58.21,,,,,9765.0,Ed. Plurifam.
2022_208400_0010.xml,123,Via Pietracqua Luigi 21,2022-02-02,F,270.68,4.44,54.8,65.77,Gas naturale,False,False,False,False,False,False,0,1,6,4,L219,,1144,14,123,123,,1964,45.1167,7.7167,"45.1167, 7.7167",TORINO,E,				Isolamento ultimo solaio,E,10.0,Triste,Basita/o,No,2009,,Caldaia standard,232.69,2009,,Caldaia standard,30.97,2020,,Pompa di calore,7.02,17240.876,N/D
2022_200542_0056.xml,1236,Corso Umbria 48,2022-03-17,D,116.4,0.66,21.92,58.26,Gas naturale,True,True,True,False,False,False,0,1,3,1,L219,0,1153,132,1236,1236,,2004,45.0661111111111,7.68222222222222,"45.0661111111111, 7.68222222222222",TORINO,E,Isolamento strutture opache verticali,A1,21.0,Triste,Triste,No,2021,,Caldaia a condensazione,91.33,2021,,Caldaia a condensazione,24.34,2015,,Pompa di calore,0.73,6710.98,Ed. Plurifam.
2019_200542_0084.xml,124,Via Filadelfia 237,2019-03-07,F,123.62,0.0,25.45,83.19,Teleriscaldamento,True,True,False,False,False,False,0,1,3,2,L219,0,1387,35,124,124,,1965,45.0661111111111,7.68222222222222,"45.0661111111111, 7.68222222222222",TORINO,E,1Installazione serramenti a basso emissivofalse16F111.630Isolamento strutture opache verticalifalse4D68.11D57.61,F,16.0,Triste,Triste,No,2005,,Teleriscaldamento,92.64,2005,,Teleriscaldamento,30.98,,,,,6856.0,Ed. Plurifam.
2020_102099_0088.xml,124,Corso Lombardia 121,2020-08-10,G,149.07,16.69,25.46,86.2,Teleriscaldamento,False,False,False,False,False,False,0,1,3,2,L219,,1121,41,124,124,,1980,45.095602,7.644955,"45.095602, 7.644955",TORINO,E,Data del sopralluogo: 1,E,5.0,Triste,Triste,No,2000,Teleriscaldamento,Teleriscaldamento,79.83,2000,Boiler elettrico,Boiler elettrico,69.24,,,,,9615.0,Ed. Plurifam.
2020_102099_0107.xml,124,Corso Lombardia 121,2020-12-10,F,120.12,0.79,28.18,86.2,Teleriscaldamento,False,False,False,False,False,False,0,1,3,2,L219,,1121,41,124,124,,1980,45.095602,7.644955,"45.095602, 7.644955",TORINO,E,Data del sopralluogo: 1,D,5.0,Triste,Triste,No,2000,Teleriscaldamento,Teleriscaldamento,94.31,2000,Caldaia standard,Caldaia standard,25.81,,,,,9836.24,Ed. Plurifam.
2020_102099_0111.xml,124,Corso Lombardia 121,2020-10-16,F,112.74,16.16,18.73,96.95,Teleriscaldamento,False,False,False,False,False,False,0,1,3,2,L219,,1121,41,124,124,,1980,45.095602,7.644955,"45.095602, 7.644955",TORINO,E,Data del sopralluogo: 1,F,5.0,Triste,Triste,No,2000,Teleriscaldamento,Teleriscaldamento,45.69,2000,Boiler elettrico,Boiler elettrico,67.05,,,,,7553.0,Ed. Plurifam.
2020_102099_0116.xml,124,Corso Lombardia 121,2020-10-18,E,84.8,0.71,21.49,96.95,Teleriscaldamento,False,False,False,False,False,False,0,1,3,2,L219,,1121,41,124,124,,1980,45.095602,7.644955,"45.095602, 7.644955",TORINO,E,Data del sopralluogo: 1,D,5.0,Triste,Triste,No,2000,Teleriscaldamento,Teleriscaldamento,60.44,2000,Caldaia standard,Caldaia standard,24.36,,,,,7804.46,Ed. Plurifam.
2020_102099_0127.xml,124,Corso Lombardia 121,2020-10-21,F,129.74,16.98,21.79,81.24,Teleriscaldamento,False,False,False,False,False,False,0,1,3,2,L219,,1121,41,124,124,,1980,45.095602,7.644955,"45.095602, 7.644955",TORINO,E,Data del sopralluogo: 1,F,5.0,Triste,Triste,No,2000,Teleriscaldamento,Teleriscaldamento,59.29,2000,Boiler elettrico,Boiler elettrico,70.45,,,,,7522.0,Ed. Plurifam.
2020_102099_0178.xml,124,Corso Lombardia 123,2020-11-24,E,87.15,0.0,16.34,62.5,Teleriscaldamento,False,False,False,False,False,False,0,1,3,5,L219,,1121,41,124,124,,1980,45.095602,7.644955,"45.095602, 7.644955",TORINO,E,Data del sopralluogo: 1,D,5.0,Triste,Triste,No,2000,Teleriscaldamento,Teleriscaldamento,53.37,,,,33.78,,,,,3177.0,Ed. Plurifam.
2021_214142_0037.xml,124,VIA AOSTA 31,2021-04-20,F,122.97,1.39,23.26,48.05,Gas naturale,True,True,False,False,False,False,0,1,3,2,L219,-,1184,5,124,124,,1950,45.0661111111111,7.68222222222222,"45.0661111111111, 7.68222222222222",TORINO,E,SOSTITUZIONE SERRAMENTI ESTERNI,D,10.0,Triste,Basita/o,No,2012,PRINCIPALE,Caldaia a condensazione,64.92,2000,ACS autonomo,Caldaia standard,58.05,,,,,5778.98,Ed. Plurifam.
2020_102099_0146.xml,125,c.so Lecce 64,2020-03-11,F,138.59,19.77,28.18,80.81,Gas naturale,False,False,False,False,False,False,0,1,3,2,L219,,1173,331,125,125,,1980,45.080700,7.647600,"45.080700, 7.647600",Torino,E,Data del sopralluogo: 13,F,21.0,Triste,Basita/o,No,2000,Caldaia a condensazione,Caldaia a condensazione,56.56,2000,Boiler elettrico,Boiler elettrico,82.03,,,,,7982.34,Ed. Plurifam.
2022_206052_0351.xml,125,Via Avellino 25/C,2022-11-14,B,56.43,0.04,10.59,54.6,Gas naturale,True,True,False,False,False,False,0,1,3,2,L219,0,1177,474,125,125,,2011,45.0661111111111,7.68222222222222,"45.0661111111111, 7.68222222222222",TORINO,E,Installazione fon ti rinnovabili,B,10.0,Triste,Basita/o,No,2010,PRINCIPALE,Caldaia a condensazione,32.85,2010,PRINCIPALE,Caldaia a condensazione,23.58,,,,,3085.3999999999996,Ed. Plurifam.
2019_102945_0131.xml,126,Via Cernaia 28,2019-11-11,F,224.7,0.95,45.08,217.59,Gas naturale,True,True,False,False,False,False,0,1,3,6,L219,,1220,212,126,126,,1950,45.0723,7.6726,"45.0723, 7.6726",Torino,E,				Coibentazione pareti esterne,D,2.72,Triste,Triste,No,2015,,Caldaia a condensazione,206.94,2002,,Caldaia standard,17.76,,,,,46183.88,Ed. Plurifam.
2020_200288_0025.xml,126,Via Coni Zugna 21,2020-09-22,E,151.59,0.0,30.32,56.0,Gas naturale,True,True,False,False,False,False,0,1,3,2,L219,,1464,208,126,126,,1970,45.017644,7.621304,"45.017644, 7.621304",TORINO,E,0Intervento su componenti opachifalse9D115.40D115.40,D,9.0,Triste,Triste,No,2012,Caldaia Condensazione,Caldaia a condensazione,128.04,2012,Caldaia Condensazione,Caldaia a condensazione,23.55,,,,,8508.64,Ed. Plurifam.
2021_209727_0006.xml,126,Via Valprato 46,2021-09-03,B,47.64,0.11,9.23,75.04,Gas naturale,True,True,False,False,False,False,0,1,6,4,L219,,1127,343,126,126,,2006,45.092691,7.685238,"45.092691, 7.685238",Torino,E,0Fabbricato,A1,47.8,Basita/o,Sorridente,No,2006,Riello autonomo,Caldaia standard,21.19,2006,Riello autonomo,Caldaia standard,26.45,,,,,3564.58,N/D
2021_214142_0094.xml,126,VIA AOSTA 31,2021-08-28,F,122.04,1.54,23.11,43.16,Gas naturale,True,True,False,False,False,False,0,1,3,2,L219,-,1184,5,126,126,,1950,45.0661111111111,7.68222222222222,"45.0661111111111, 7.68222222222222",TORINO,E,SOSTITUZIONE SERRAMENTI ESTERNI,E,10.0,Triste,Basita/o,No,2012,PRINCIPALE,Caldaia a condensazione,62.02,2000,ACS autonomo,Caldaia standard,60.02,,,,,5140.82,Ed. Plurifam.
2022_313821_0060.xml,127,Via Bioglio 36,2022-04-08,E,181.99,1.22,36.58,42.99,Gas naturale,True,True,False,False,False,False,0,1,9,1,L219,,1186,167,127,127,,1999,45.0869,7.6965,"45.0869, 7.6965",Torino,E,REALIZZAZIONE DI CAPPOTTO ESTERNO,D,10.46,Triste,Basita/o,No,2019,,Caldaia a condensazione,152.19,2019,,Caldaia a condensazione,29.8,,,,,7357.259999999999,App. Condominio
2020_312661_0013.xml,128,Corso Mortara 36,2020-02-17,E,133.82,1.07,23.71,59.85,Teleriscaldamento,True,True,False,False,False,False,0,1,6,11,L219,,1125,438,128,128,,2005,45.0912,7.6723,"45.0912, 7.6723",Torino,E,Coibentazione cassonetti,E,6.23,Triste,Basita/o,No,2005,,Teleriscaldamento,110.24,2005,,Teleriscaldamento,23.58,,,,,7056.0,N/D
2022_113175_0016.xml,128,VIA SOMALIA 104,2022-06-13,D,79.34,0.88,15.01,76.01,Gas naturale,True,True,False,False,False,False,0,1,7,4,L219,.,1489,587,128,128,,2005,45.0089921,7.6554394,"45.0089921, 7.6554394",TORINO,E,SOSTITUZIONE GENERATORE A CONDENSAZIONE,C,7.0,Triste,Triste,No,2004,IMMERGAS NIKE Star 24 kW,Caldaia standard,37.17,2004,IMMERGAS NIKE Star 24 kW,Caldaia standard,42.17,,,,,5908.2,N/D
2020_312661_0012.xml,129,Corso Mortara 36,2020-02-17,D,121.08,0.94,21.44,45.85,Teleriscaldamento,True,True,False,False,False,False,0,1,6,11,L219,,1125,438,129,129,,2005,45.0912,7.6723,"45.0912, 7.6723",Torino,E,Coibentazione cassonetti,D,6.23,Triste,Basita/o,No,2005,,Teleriscaldamento,96.9,2005,,Teleriscaldamento,24.18,,,,,4893.0,N/D
2019_101075_0011.xml,13,via Sobrero 19,2019-11-07,F,148.09,12.04,31.41,59.3,Gas naturale,False,False,False,False,False,False,0,1,3,6,L219,,1178,197,13,13,,1938,45.0667,7.6667,"45.0667, 7.6667",TORINO,E,				Isolamento strutture opache verticali verso l'esterno,F,10.0,Triste,Triste,No,1988,,31,113.78,2010,,31,34.31,,,,,7349.6628,Ed. Plurifam.
2019_102351_0134.xml,13,Corso Vercelli 483-1,2019-07-22,C,108.47,247.23,26.42,85.93,Biomasse solide,True,True,False,False,False,False,0,1,3,0,L219,,1043,39,13,13,,1925,45.1203,7.7090,"45.1203, 7.7090",Torino,E,Sostituzione del generatore ACS,A1,1.81,Triste,Basita/o,No,2018,,Teleriscaldamento,59.79,2017,,Boiler elettrico,48.68,,,,,27476.05,Ed. Plurifam.
2020_102099_0095.xml,13,VIA BORGO TICINO 15,2020-08-18,F,187.9,1.81,37.85,102.8,Gas naturale,False,False,False,False,False,False,0,1,3,4,L219,=,1080,176,13,13,,1985,45.106046,7.6952690,"45.106046, 7.6952690",Torino,E,isolamento perimetrale,E,10.0,Triste,Triste,No,2016,,Caldaia a condensazione,167.11,2010,,Caldaia standard,20.79,,,,,21071.2,Ed. Plurifam.
2020_102099_0176.xml,13,VIA BUSCALIONI 21,2020-12-31,F,282.11,3.03,56.87,49.8,Gas naturale,False,False,False,False,False,False,0,1,2,0,L219,=,1212,97,13,13,,1932,45.077291,7.7006340,"45.077291, 7.7006340",Torino,E,isolamento perimetrale,E,10.0,Triste,Triste,No,2016,,Caldaia a condensazione,249.53,2000,,Caldaia standard,32.58,,,,,15280.699999999999,N/D
2020_209689_0058.xml,13,Via Tartini 31,2020-03-19,F,173.55,0.0,35.19,68.2,Teleriscaldamento,True,True,False,False,False,False,0,1,6,6,L219,0,1131,72,13,13,,1967,45.0964749,7.7057215,"45.0964749, 7.7057215",TORINO,E,0isolamento pareti esternefalse1F169.97F169.97,F,1.0,Triste,Triste,No,2013,PRINCIPALE,Teleriscaldamento,144.35,2001,Impianto 1...,Scalda-acqua a gas,29.2,,,,,8559.94,N/D
2020_212629_1059.xml,13,VIA BORRIANA 8,2020-09-22,G,295.27,13.12,61.01,68.0,Gas naturale,True,True,False,False,False,False,0,1,0,1,L219,,1188,6,13,13,,1930,45.116667,7.716667,"45.116667, 7.716667",Torino,E,2Impianto climatizzazione,G,1.1,Triste,Basita/o,No,2005,Generatore a gas o combustibile fossile,Caldaia standard,240.99,2010,Generatore a energia elettrica,Boiler elettrico,54.28,,,,,18299.0,N/D
2021_102099_0015.xml,13,CORSO ORBASSANO 455,2021-12-31,G,350.54,16.39,72.55,25.0,Gas naturale,False,False,False,False,False,False,0,1,3,1,L219,=,1436,4,13,13,,1920,45.030674,7.6108720,"45.030674, 7.6108720",Torino,E,isolamento perimetrale,D,10.0,Triste,Basita/o,No,2017,,Caldaia a condensazione,290.24,2010,,31,60.3,,,,,8744.48,Ed. Plurifam.
2021_204501_0021.xml,13,CORSO TARANTO 155,2021-05-27,F,147.51,1.41,30.01,79.0,Gas naturale,False,False,False,False,False,False,0,1,0,1,L219,,1133,15,13,13,,1960,45.0667,7.6667,"45.0667, 7.6667",TORINO,E,				Sostituzione componenti finestrati,D,10.0,Triste,Triste,No,2016,,Caldaia a condensazione,127.9,2008,,Scalda-acqua a gas,19.61,,,,,11540.460799999997,N/D
2021_207203_0036.xml,13,VIA DE CANAL BERNARDO 25,2021-09-20,D,87.49,92.93,22.06,75.35,Teleriscaldamento,False,False,False,False,False,False,0,0,6,6,L219,,1426,358,13,13,,1965,45.034000007077,7.64150122453689,"45.034000007077, 7.64150122453689",Torino,E,Data sopralluogo: 17/09/2021,C,10.0,Triste,Triste,No,1998,,Teleriscaldamento,61.95,2000,,Scalda-acqua a gas,25.54,,,,,13598.2436,N/D
2021_212489_0028.xml,13,VIA VALEGGIO 23,2021-04-23,E,117.45,0.0,23.49,74.53,Teleriscaldamento,False,False,False,False,False,False,0,1,3,2,L219,,1301,135,13,13,,1938,45.1167,7.7167,"45.1167, 7.7167",TORINO,E,				SOSTITUZIONE SERRAMENTI ESTERNI,E,7.0,Triste,Triste,No,2009,,Teleriscaldamento,71.9,2010,,Scalda-acqua a gas,45.55,,,,,6973.151599999999,Ed. Plurifam.
2021_313821_0136.xml,13,Via Gallina 3/14,2022-03-23,E,140.61,1.02,28.27,60.81,Teleriscaldamento,True,True,False,False,False,False,0,1,3,1,L219,,1145,2,13,13,,1930,45.0917,7.7093,"45.0917, 7.7093",Torino,E,coibentazione involucro opaco,D,3.7,Triste,Basita/o,No,2015,,Teleriscaldamento,104.34,2015,,Teleriscaldamento,36.27,,,,,5661.0,Ed. Plurifam.
2021_313821_0146.xml,13,Via Gallina 3/19,2022-03-23,E,126.54,0.99,25.46,63.98,Teleriscaldamento,True,True,False,False,False,False,0,1,3,2,L219,,1145,1,13,13,,1930,45.0917,7.7093,"45.0917, 7.7093",Torino,E,coibentazione involucro opaco,D,3.7,Triste,Basita/o,No,2015,,Teleriscaldamento,90.92,2015,,Teleriscaldamento,35.62,,,,,5357.0,Ed. Plurifam.
2022_205195_0109.xml,13,STRADA MONGRENO 79,2017-01-10,F,120.12,0.91,22.65,77.8,Gas naturale,True,True,False,False,False,False,0,1,6,1,L219,U,1204,98,13,13,,1990,45.0661111111111,7.68222222222222,"45.0661111111111, 7.68222222222222",TORINO,E,SOSTITUZIONE INFISSI A TAGLIO TERMICO,D,11.0,Triste,Triste,No,2005,PRINCIPALE,Caldaia standard,79.54,2005,PRINCIPALE,Caldaia standard,40.58,,,,,9215.279999999999,N/D
2022_313821_0080.xml,130,"Via Bioglio 36, 10154, Torino",2022-11-21,D,148.99,1.05,29.96,91.33,Gas naturale,True,True,False,False,False,False,0,1,9,3,L219,,1186,167,130,130,,1999,45.0869,7.6965,"45.0869, 7.6965",Torino,E,REALIZZAZIONE DI CAPPOTTO ESTERNO,D,7.8,Triste,Triste,No,2019,,Caldaia a condensazione,125.29,2019,,Caldaia a condensazione,23.7,,,,,12788.039999999999,App. Condominio
2019_102351_0121.xml,131,Via Cuneo 33/A,2019-06-25,D,149.97,1.01,30.14,45.31,Gas naturale,True,True,False,False,False,False,0,1,3,2,L219,,1183,220,131,131,,2004,45.0872,7.6832,"45.0872, 7.6832",Torino,E,coibentazione involucro opaco,C,13.33,Triste,Basita/o,No,2006,,Caldaia standard,119.2,2006,,Caldaia standard,30.77,,,,,6389.0199999999995,Ed. Plurifam.
2020_312661_0014.xml,131,Corso Mortara 36,2020-02-17,D,135.43,1.1,24.0,72.66,Teleriscaldamento,True,True,False,False,False,False,0,1,6,12,L219,,1125,438,131,131,,2005,45.0912,7.6723,"45.0912, 7.6723",Torino,E,Coibentazione cassonetti,D,6.23,Triste,Basita/o,No,2005,,Teleriscaldamento,113.36,2005,,Teleriscaldamento,22.07,,,,,8667.0,N/D
2020_102099_0039.xml,132,Via Pianezza snc,2020-09-25,G,255.91,50.98,35.74,75.01,Energia elettrica da rete,False,False,False,False,False,False,0,1,3,2,L219,,1121,41,132,132,,1980,45.095375,7.645750,"45.095375, 7.645750",TORINO,E,Insufflaggio pareti esterne,G,5.0,Triste,Triste,No,2015,Teleriscaldamento,Teleriscaldamento,46.37,2000,Boiler elettrico,Boiler elettrico,209.54,,,,,11308.0,Ed. Plurifam.
2020_102099_0177.xml,132,Via Pianezza snc,2020-11-24,G,426.32,69.36,58.3,52.77,Energia elettrica da rete,False,False,False,False,False,False,0,1,3,2,L219,,1121,41,132,132,,1980,45.095375,7.645750,"45.095375, 7.645750",TORINO,E,Data del sopralluogo: 1,G,5.0,Triste,Triste,No,2015,Teleriscaldamento,Teleriscaldamento,144.71,2000,Boiler elettrico,Boiler elettrico,281.61,,,,,14751.0,Ed. Plurifam.
2020_312661_0015.xml,132,Corso Mortara 36,2020-02-17,D,126.86,1.02,22.48,72.85,Teleriscaldamento,True,True,False,False,False,False,0,1,6,12,L219,,1125,438,132,132,,2005,45.0912,7.6723,"45.0912, 7.6723",Torino,E,Coibentazione cassonetti,D,6.23,Triste,Sorridente,No,2005,,Teleriscaldamento,104.81,2005,,Teleriscaldamento,22.05,,,,,8142.0,N/D
2019_101255_0005.xml,134,VIA STEFANO TEMPIA 9,2019-10-27,D,132.97,2.26,26.93,95.0,Gas naturale,True,True,False,False,False,False,0,1,0,7,L219,,1043,74,134,134,,1983,45.1167,7.7167,"45.1167, 7.7167",Torino,E,0Intervento sulle strutture opachefalse18D115.021Intervento sui serramentifalse22.3D108.66C90.38,D,18.0,Triste,Basita/o,No,2007,BIASI M90-24CM/C,Caldaia standard,111.43,2007,BIASI M90-24CM/C,Caldaia standard,21.54,,,,,12216.019999999999,N/D
2020_111814_0004.xml,134,VIASOMALIA 102,2020-01-22,D,80.89,0.95,16.32,76.23,Gas naturale,True,True,False,False,False,False,0,1,3,4,L219,,1489,587,134,134,,1980,45.009019,7.655489,"45.009019, 7.655489",TORINO,E,"0Pareti verso esterno (Interno)true26D79.802Rimozione dell'impianto/i NIKE STRIKE e installazione dei seguenti nuovi impianti: Condizionatori/Split, Scaldacquafalse26A236.00A235.63",D,26.0,Basita/o,Basita/o,No,2011,NIKE STRIKE,Caldaia a condensazione,36.38,2011,NIKE STRIKE,Caldaia a condensazione,44.51,,,,,6028.54,Ed. Plurifam.
2019_108388_0006.xml,136,Cernaia 28,2019-10-15,G,99.58,1.59,20.15,239.56,Gas naturale,False,False,False,False,False,False,1,1,0,0,L219,,1220,212,136,136,,1865,45.0667,7.6667,"45.0667, 7.6667",TORINO,E,				Sostituzione componenti finestrati,G,10.0,Triste,Triste,No,2015,,Caldaia a condensazione,92.98,2000,,Boiler elettrico,6.6,,,,,23125.198999999997,N/D
2022_313821_0061.xml,136,Via Pacini 2,2022-04-08,E,205.3,1.31,41.25,42.97,Gas naturale,True,True,False,False,False,False,0,1,9,1,L219,,1186,167,136,136,,1999,45.0869,7.6965,"45.0869, 7.6965",Torino,E,REALIZZAZIONE DI CAPPOTTO ESTERNO,D,10.46,Triste,Triste,No,2019,,Caldaia a condensazione,175.51,2019,,Caldaia a condensazione,29.79,,,,,8299.619999999999,App. Condominio
2019_102351_0122.xml,137,Via Cuneo 31,2019-06-25,D,190.78,1.21,38.34,34.12,Gas naturale,True,True,False,False,False,False,0,1,3,1,L219,,1183,220,137,137,,2004,45.0873,7.6835,"45.0873, 7.6835",Torino,E,coibentazione involucro opaco,C,13.33,Triste,Basita/o,No,2006,,Caldaia standard,164.42,2006,,Caldaia standard,26.36,,,,,6121.58,Ed. Plurifam.
2020_312661_0017.xml,137,Corso Mortara 36,2020-02-17,D,129.04,1.04,22.86,72.85,Teleriscaldamento,True,True,False,False,False,False,0,1,6,13,L219,,1125,438,137,137,,2005,45.0912,7.6723,"45.0912, 7.6723",Torino,E,Coibentazione cassonetti,D,6.23,Triste,Sorridente,No,2005,,Teleriscaldamento,106.99,2005,,Teleriscaldamento,22.05,,,,,8281.0,N/D
2022_208487_0060.xml,137,Via Cravero 20,2022-07-19,E,153.93,12.86,34.21,117.39,Gas naturale,True,True,True,False,False,False,0,1,3,4,L219,,1144,3,137,137,,1965,45.116667,7.716667,"45.116667, 7.716667",Torino,E,0Intervento sulle strutture opachetrue7.9D120.011Intervento sui serramentifalse10.4D117.02B82.62,D,7.9,Triste,Triste,No,1994,VIESSMANN PD 150,Caldaia standard,100.59,2010,Generatore a energia elettrica_1,Boiler elettrico,46.62,2010,HAIER,Pompa di calore,6.72,15039.599999999999,Ed. Plurifam.
2019_102351_0123.xml,139,Via Cuneo 31,2019-06-25,D,147.41,0.97,29.63,34.64,Gas naturale,True,True,False,False,False,False,0,1,3,1,L219,,1183,220,139,139,,2004,45.0873,7.6835,"45.0873, 7.6835",Torino,E,coibentazione involucro opaco,C,13.33,Triste,Basita/o,No,2006,,Caldaia standard,121.45,2006,,Caldaia standard,25.96,,,,,4802.44,Ed. Plurifam.
2022_108905_0008.xml,139,VIA AOSTA,2022-03-10,D,71.5,11.52,15.28,92.17,Energia elettrica da rete,False,False,False,False,False,False,0,1,7,1,L219,,1184,10,139,139,,1960,45.0844888065908,7.69072691846024,"45.0844888065908, 7.69072691846024",Torino,E,Data sopralluogo: 29/09/2022,A1,5.0,Triste,Triste,No,2012,,Caldaia a condensazione,23.8,2005,,Boiler elettrico,47.7,,,,,4447.481,N/D
2019_200297_0161.xml,14,CORSO CINCINNATO 17,2019-02-07,E,166.32,0.0,72.58,42.21,Teleriscaldamento,False,False,False,False,False,False,0,1,3,3,L219,,1073,20,14,14,,1973,45.0667,7.6667,"45.0667, 7.6667",TORINO,E,				Sostituzione infissi a basso emissivo,D,6.0,Triste,Triste,No,2005,,Teleriscaldamento,142.35,2002,,Caldaia standard,23.97,,,,,10550.953,Ed. Plurifam.
2020_102099_0138.xml,14,c.so Lecce 64,2020-10-29,F,197.96,23.05,39.97,49.88,Gas naturale,False,False,False,False,False,False,0,1,3,0,L219,,1173,331,14,14,,1980,0.000000,0.000000,"0.000000, 0.000000",Torino,E,Data del sopralluogo: 13,F,21.0,Triste,Basita/o,No,2000,Caldaia a condensazione,Caldaia a condensazione,102.32,2000,Boiler elettrico,Boiler elettrico,95.64,,,,,7555.16,Ed. Plurifam.
2020_102099_0184.xml,14,VIA BUSCALIONI 21,2020-12-31,F,235.08,14.4,49.16,50.6,Gas naturale,False,False,False,False,False,False,0,1,2,0,L219,=,1212,97,14,14,,1932,45.077291,7.7006340,"45.077291, 7.7006340",Torino,E,isolamento perimetrale,E,10.0,Triste,Basita/o,No,2016,,Caldaia a condensazione,181.06,2000,,31,54.02,,,,,11440.3,N/D
2020_104581_0006.xml,14,corso Allamano 60/A,2021-07-19,E,117.75,0.87,23.68,96.55,Gas naturale,True,True,False,False,False,False,0,1,3,1,L219,,1389,156,14,14,,1982,45.0510,7.0240,"45.0510, 7.0240",TORINO,E,Sul sito http://acs.enea.it/ sono indicate le detrazioni fiscali per il risparmio energetico del patrimonio edilizio esistente attualmente vigenti,D,11.25,Triste,Triste,No,2021,,Caldaia a condensazione,93.71,2016,,Scalda-acqua a gas,24.04,,,,,10674.64,Ed. Plurifam.
2020_205199_0173.xml,14,via pirano 15,2020-07-08,F,266.34,8.98,117.88,37.96,Teleriscaldamento,False,False,False,False,False,False,0,1,0,0,L219,,1073,17,14,14,,1955,45.0667,7.6667,"45.0667, 7.6667",TORINO,E,				Sostituzione componenti finestrati,F,17.0,Triste,Triste,No,2000,,Teleriscaldamento,229.09,2010,,Boiler elettrico,37.25,,,,,14528.570000000002,N/D
2020_206052_0379.xml,14,Via De CanalBernardo 25,2020-11-19,B,112.12,6.85,27.68,51.24,Teleriscaldamento,True,True,True,False,False,False,0,1,3,6,L219,0,1426,358,14,14,,1968,45.0661111111111,7.68222222222222,"45.0661111111111, 7.68222222222222",TORINO,E,0Miglioramento isolamentofalse8A186.03A186.03,A1,8.0,Triste,Basita/o,No,2017,PRINCIPALE,Teleriscaldamento,53.25,2012,ACS autonomo,Scalda-acqua a gas,30.5,2013,Impianto 4...,Pompa di calore,28.37,4905.58,Ed. Plurifam.
2021_102099_0016.xml,14,CORSO ORBASSANO 455,2021-12-31,F,240.32,13.57,50.09,55.4,Gas naturale,False,False,False,False,False,False,0,1,3,1,L219,=,1436,4,14,14,,1920,45.030674,7.6108720,"45.030674, 7.6108720",Torino,E,isolamento perimetrale,F,10.0,Triste,Basita/o,No,2017,,Caldaia a condensazione,188.2,1998,,31,52.12,,,,,12971.359999999999,Ed. Plurifam.
2021_113121_0012.xml,14,Via Pergolesi 105/A,2021-09-24,F,253.64,0.16,86.1,90.0,Teleriscaldamento,True,True,False,False,False,False,0,1,3,,L219,,1132,91,14,14,,1970,45.0957,7.7083,"45.0957, 7.7083",Torino,E,Coibentazione solaio confinante verso sottotetto non riscaldato (pannello polistirene cond= 0.028 W/mK sp. 100 mm),E,4.03,Triste,Triste,No,2014,,Teleriscaldamento,231.14,2010,,Caldaia standard,22.5,,,,,26372.72,Ed. Plurifam.
2021_203223_0025.xml,14,VIA SANDRO BOTTICELLI 168,2021-04-13,E,111.68,12.45,22.73,53.1,Gas naturale,True,True,False,False,False,False,0,1,7,1,L219,-,1133,18,14,14,,1960,45.0661111111111,7.68222222222222,"45.0661111111111, 7.68222222222222",TORINO,E,Isolamento muratura perimetrale,D,16.0,Triste,Triste,No,2011,PRINCIPALE,Caldaia a condensazione,60.55,1000,Impianto 1...,Boiler elettrico,51.13,,,,,7018.82,N/D
2022_104558_0002.xml,14,PAOLO VERONESE 41,2022-09-30,D,114.82,2.35,23.31,72.0,Gas naturale,False,False,False,False,False,False,0,1,3,3,L219,,1080,217,14,14,,2003,45,7,"45, 7",Torino,E,SOSTITUZIONE  SERRAMENTI   CON QUALITA'  PRESTAZIONALI  SUPERIORI  DAL PUNTO  DI  VISTA  DELL'EFFICIENZA  ENERGETICA,D,33.14,Triste,Basita/o,No,2003,Caldaia standard,Caldaia standard,78.08,2003,Caldaia standard,Caldaia standard,36.74,,,,,7934.28,Ed. Plurifam.
2022_107997_0036.xml,14,VIA ANCINA 32,2022-03-22,E,123.32,1.24,24.85,86.74,Gas naturale,True,True,False,False,False,False,0,1,3,1,L219,-,1133,39,14,14,,1960,45.094377,7.711165,"45.094377, 7.711165",TORINO,E,0Pareti verso esterno (Esterno)true15C77.76C77.76,C,15.0,Triste,Triste,No,2019,BALTUR SMILE ENERGY MK 160,Caldaia a condensazione,98.81,2008,ACS,Scalda-acqua a gas,24.51,,,,,10496.019999999999,Ed. Plurifam.
2022_210284_0024.xml,14,corso corsica 15,2022-05-04,E,228.71,2.1,63.97,92.95,Teleriscaldamento,True,True,True,False,False,False,0,1,6,9,L219,/,1423,236,14,14,,1968,45.0661111111111,7.68222222222222,"45.0661111111111, 7.68222222222222",TORINO,E,Isolamento solaio superiore,C,1.0,Triste,Basita/o,No,1998,PRINCIPALE,Teleriscaldamento,194.98,2015,ACS autonomo,Scalda-acqua a gas,25.0,2015,Impianto 4...,Pompa di calore,8.73,20003.96,N/D
2020_312661_0016.xml,140,Corso Mortara 36,2020-02-17,D,140.6,1.14,24.91,60.81,Teleriscaldamento,True,True,False,False,False,False,0,1,6,13,L219,,1125,438,140,140,,2005,45.0912,7.6723,"45.0912, 7.6723",Torino,E,Coibentazione cassonetti,D,6.23,Triste,Sorridente,No,2005,,Teleriscaldamento,117.15,2005,,Teleriscaldamento,23.45,,,,,7531.0,N/D
2019_213953_0001.xml,143,Via Aosta 29/C,2019-01-22,D,88.03,0.08,17.62,50.0,Gas naturale,True,True,False,False,False,False,0,1,6,2,L219,,1184,10,143,143,,1970,45.08438,7.690932,"45.08438, 7.690932",Torino,E,false0.01A40A40,A4,0.01,Triste,Sorridente,No,2012,PARADIGMA ITALIA GAS 310 ECO 9 ELEMENTI,Caldaia standard,61.34,2015,VAILLANT TURBO MAG,Caldaia standard,26.69,,,,,4401.48,N/D
2020_312661_0018.xml,144,Corso Mortara 36,2020-02-17,D,120.8,0.94,21.4,45.85,Teleriscaldamento,True,True,False,False,False,False,0,1,6,14,L219,,1125,438,144,144,,2005,45.0912,7.6723,"45.0912, 7.6723",Torino,E,Coibentazione cassonetti,D,6.23,Triste,Basita/o,No,2005,,Teleriscaldamento,96.62,2005,,Teleriscaldamento,24.18,,,,,4882.0,N/D
2021_311274_0212.xml,144,via castelg,2021-10-24,E,111.41,0.84,21.08,61.19,Teleriscaldamento,False,False,False,False,False,False,0,1,9,2,L219,-,1387,35,144,144,,1973,45.04542,7.6319500,"45.04542, 7.6319500",Torino,E,Sostituzione serramenti,C,6.0,Triste,Triste,No,1996,,Teleriscaldamento,89.64,2019,,Teleriscaldamento,21.77,,,,,7806.0,App. Condominio
2020_312661_0021.xml,146,Corso Mortara 36,2020-02-17,D,133.06,1.08,23.58,72.66,Teleriscaldamento,True,True,False,False,False,False,0,1,6,15,L219,,1125,438,146,146,,2005,45.0912,7.6723,"45.0912, 7.6723",Torino,E,Coibentazione cassonetti,D,6.23,Triste,Basita/o,No,2005,,Teleriscaldamento,110.99,2005,,Teleriscaldamento,22.07,,,,,8516.0,N/D
2021_207949_0313.xml,146,via avrllino 23,2021-09-12,D,78.74,12.39,16.54,71.0,Gas naturale,True,True,False,False,False,False,0,1,3,3,L219,-,1177,474,146,146,,2015,45.0661111111111,7.68222222222222,"45.0661111111111, 7.68222222222222",TORINO,E,fonti alternative,C,25.0,Triste,Basita/o,No,2010,PRINCIPALE,Caldaia standard,55.43,2010,PRINCIPALE,Caldaia standard,23.31,,,,,3820.24,Ed. Plurifam.
2019_102351_0124.xml,147,Via Cuneo 31,2019-06-25,D,148.8,0.98,29.91,34.64,Gas naturale,True,True,False,False,False,False,0,1,3,3,L219,,1183,220,147,147,,2004,45.0872,7.6879,"45.0872, 7.6879",Torino,E,coibentazione involucro opaco,C,13.33,Triste,Basita/o,No,2006,,Caldaia standard,122.84,2006,,Caldaia standard,25.96,,,,,4843.2,Ed. Plurifam.
2019_206362_0143.xml,147,Via Castelgomberto 75,2019-07-25,F,146.05,219.07,40.16,61.64,Teleriscaldamento,False,False,False,False,False,False,0,1,3,3,L219,,1387,35,147,147,,1971,45.0459530503741,7.63186926838531,"45.0459530503741, 7.63186926838531",Torino,E,1sostituzione delle chiusure trasparenti025E125.84E125.84,E,25.0,Triste,Triste,No,2005,,Teleriscaldamento,124.49,2015,,Scalda-acqua a gas,21.56,,,,,21463.155,Ed. Plurifam.
2020_312661_0019.xml,147,Corso Mortara 36,2020-02-17,E,192.24,1.65,34.09,72.85,Teleriscaldamento,True,True,False,False,False,False,0,1,6,15,L219,,1125,438,147,147,,2005,45.0912,7.6723,"45.0912, 7.6723",Torino,E,Coibentazione cassonetti,E,6.23,Triste,Basita/o,No,2005,,Teleriscaldamento,170.19,2005,,Teleriscaldamento,22.05,,,,,12325.0,N/D
2020_312661_0020.xml,149,Corso Mortara 36,2020-02-17,D,116.84,0.9,20.69,45.85,Teleriscaldamento,True,True,False,False,False,False,0,1,6,15,L219,,1125,438,149,149,,2005,45.0912,7.6723,"45.0912, 7.6723",Torino,E,Coibentazione cassonetti,D,6.23,Triste,Basita/o,No,2005,,Teleriscaldamento,92.66,2005,,Teleriscaldamento,24.18,,,,,4722.0,N/D
2022_214587_0011.xml,149,ttt 3,2022-11-02,F,122.33,2.09,24.78,86.73,Gas naturale,False,False,False,False,False,False,0,1,6,12,L219,,1043,73,149,149,,1986,45.1167,7.7167,"45.1167, 7.7167",TORINO,E,				Isolamento strutture opache verticali verso l'esterno,E,12.0,Triste,Triste,No,2015,,Caldaia standard,90.7,2015,,Caldaia standard,31.63,,,,,10260.333,N/D
2019_103654_0006.xml,15,Via Borgo Ticino 17,2019-05-13,D,351.97,1.5,69.45,56.96,Gas naturale,False,False,False,False,False,False,0,1,3,0,L219,,1080,176,15,15,,1997,45.1060738901804,7.69548410177232,"45.1060738901804, 7.69548410177232",Torino,E,0Involucro opaco del fabbricato08D309.45D309.45,D,8.0,Triste,Basita/o,No,2016,,Caldaia standard,307.3,1997,,Caldaia standard,44.67,,,,,19911.989400000002,Ed. Plurifam.
2019_113118_0047.xml,15,via Parenzo 90,2019-10-31,E,151.44,0.37,58.58,44.96,Teleriscaldamento,True,True,False,False,False,False,0,1,9,1,L219,,1073,16,15,15,,1955,45.066111,7.682222,"45.066111, 7.682222",TORINO,E,1Sostituzione serramentifalse26D132.30D132.30,D,26.0,Triste,Triste,No,1983,Sottocentrale di teleriscaldamento,Teleriscaldamento,102.36,1000,Scaldacqua a metano,Scalda-acqua a gas,49.08,,,,,9495.68,App. Condominio
2019_207150_0014.xml,15,Via Pergolesi Gianbattista 93,2019-08-04,F,288.0,0.0,37.97,50.9,Teleriscaldamento,True,True,False,False,False,False,0,1,3,1,L219,,1132,89,15,15,,1960,45.0960,7.7075,"45.0960, 7.7075",Torino,E,0Intervento sulle strutture opachefalse5.6F236.11Intervento sui serramentifalse6.9F232.39E179.93,F,5.6,Triste,Sorridente,No,2014,Teleriscaldamento,Teleriscaldamento,255.33,2011,VAILANT,Scalda-acqua a gas,32.67,,,,,15349.92,Ed. Plurifam.
2020_102099_0139.xml,15,c.so Lecce 64,2020-10-29,F,138.59,19.77,28.18,80.81,Gas naturale,False,False,False,False,False,False,0,1,3,1,L219,,1173,331,15,15,,1980,0.000000,0.000000,"0.000000, 0.000000",Torino,E,Data del sopralluogo: 13,F,21.0,Triste,Basita/o,No,2000,Caldaia a condensazione,Caldaia a condensazione,56.56,2000,Boiler elettrico,Boiler elettrico,82.03,,,,,7982.34,Ed. Plurifam.
2020_102099_0165.xml,15,VIA BUSCALIONI 15,2020-12-31,F,197.25,2.48,39.82,49.8,Gas naturale,False,False,False,False,False,False,0,1,2,1,L219,=,1212,90,15,15,,1932,45.077291,7.7006340,"45.077291, 7.7006340",Torino,E,isolamento perimetrale,C,10.0,Triste,Triste,No,2016,,Caldaia a condensazione,164.64,2000,,Caldaia standard,32.61,,,,,10639.359999999999,N/D
2020_112764_0030.xml,15,Via Borriana 8,2020-06-17,F,128.59,0.29,24.16,57.42,Gas naturale,True,True,False,False,False,False,0,1,3,2,L219,,1188,6,15,15,,1950,45.0875368,7.705185,"45.0875368, 7.705185",TORINO,E,				Sostituzione impianto per l'acqua calda sanitaria con caldaia a condensazione,E,9.0,Triste,Basita/o,No,2010,Centralizzato,Caldaia a condensazione,100.53,2010,Scaldaacqua,Scalda-acqua a gas,28.06,,,,,7360.78,Ed. Plurifam.
2021_101746_0033.xml,15,CORSO ORBASSANO 370,2021-11-18,G,193.71,0.0,37.67,66.0,Gas naturale,True,True,False,False,False,False,0,1,9,1,L219,,1429,98,15,15,,1960,45.0338,7.6206,"45.0338, 7.6206",Torino,E,				INSUFFLAGGIO PARETI PERIMETRALI,F,8.0,Triste,Triste,No,2016,,Caldaia a condensazione,162.15,2000,,Caldaia standard,31.56,,,,,11439.16,App. Condominio
2022_113184_0120.xml,15,via Scarsellini 12,2022-10-10,F,168.9,3.77,46.81,47.66,Teleriscaldamento,True,True,False,False,False,False,0,1,3,1,L219,,1428,85,15,15,,1949,45.0358,7.6305,"45.0358, 7.6305",Torino,E,coibentazione parete esterna,E,4.83,Triste,Triste,No,1988,,Teleriscaldamento,92.97,2021,,Caldaia standard,75.93,,,,,8308.68,Ed. Plurifam.
2022_212533_0055.xml,15,CORSO TARANTO 159,2022-03-17,E,102.27,0.21,19.21,68.97,Gas naturale,True,True,False,False,False,False,0,1,7,2,L219,0,1133,17,15,15,,1970,45.0661111111111,7.68222222222222,"45.0661111111111, 7.68222222222222",TORINO,E,coibentazione pareti fredde,C,3.0,Triste,Triste,No,2016,PRINCIPALE,Caldaia a condensazione,75.97,2010,acs,Scalda-acqua a gas,26.3,,,,,7038.7,N/D
2020_312661_0022.xml,151,Corso Mortara 36,2020-02-17,E,152.79,1.27,27.08,72.4,Teleriscaldamento,True,True,False,False,False,False,0,1,6,16,L219,,1125,438,151,151,,2005,45.0912,7.6723,"45.0912, 7.6723",Torino,E,Coibentazione cassonetti,E,6.23,Triste,Basita/o,No,2005,,Teleriscaldamento,130.7,2005,,Teleriscaldamento,22.09,,,,,9740.0,N/D
2022_312661_0039.xml,151,Via Vittime di Bologna,2022-04-26,E,91.0,7.82,18.28,46.1,Gas naturale,True,True,False,False,False,False,0,1,3,1,L219,,1089,306,151,151,,1985,45.1023,7.7288,"45.1023, 7.7288",Torino,E,realizzazione cappotto,D,7.64,Triste,Triste,Sì,2005,,Caldaia a condensazione,70.07,2005,,Caldaia a condensazione,20.93,,,,,4284.48,Ed. Plurifam.
2020_200471_0005.xml,153,VIA CASTELGOMBERTO 75,2020-03-16,E,204.36,0.0,44.04,59.0,Teleriscaldamento,False,False,False,False,False,False,0,1,0,5,L219,,1387,35,153,153,,1970,45.0667,7.6667,"45.0667, 7.6667",TORINO,E,				SOSTITUZIONE SERRAMENTI,E,1.0,Triste,Basita/o,No,2005,,Teleriscaldamento,172.64,2015,,Teleriscaldamento,31.72,,,,,8661.7,N/D
2020_207709_0035.xml,154,via avellino 25,2020-07-23,B,61.41,0.0,12.28,102.39,Gas naturale,True,True,False,False,False,False,0,1,6,4,L219,,1177,474,154,154,,2011,45.08602,7.663304,"45.08602, 7.663304",TORINO,E,0false1A40A40,A4,1.0,Basita/o,Basita/o,No,2010,Generatore Fossile,Caldaia a condensazione,42.07,2010,Generatore Fossile,Caldaia a condensazione,19.34,,,,,6301.96,N/D
2022_313821_0062.xml,154,Via Pacini 4,2022-04-08,E,146.88,1.02,29.53,78.62,Gas naturale,True,True,False,False,False,False,0,1,9,2,L219,,1186,167,154,154,,1999,45.0869,7.6965,"45.0869, 7.6965",Torino,E,REALIZZAZIONE DI CAPPOTTO ESTERNO,D,10.46,Triste,Basita/o,No,2019,,Caldaia a condensazione,120.03,2019,,Caldaia a condensazione,26.85,,,,,10846.56,App. Condominio
2021_206362_0001.xml,155,Via Valprato 46,2021-01-20,D,74.62,0.98,14.79,71.8,Gas naturale,False,False,False,False,False,False,0,1,6,9,L219,,1127,343,155,155,,2006,45.0928036192268,7.68502737665177,"45.0928036192268, 7.68502737665177",Torino,E,Data sopralluogo: 20/01/2021,C,10.0,Triste,Triste,No,2006,,Caldaia standard,50.08,2006,,Caldaia standard,24.54,,,,,5224.834,N/D
2022_204777_0053.xml,155,Via Castelgomberto 75,2022-09-24,E,225.71,8.12,46.35,122.82,Teleriscaldamento,True,True,True,False,False,False,0,1,6,1,L219,,1387,35,155,155,,1970,45.045363,7.63219,"45.045363, 7.63219",TORINO,E,1Intervento su infissifalse26E191.76E191.76,E,26.0,Triste,Triste,No,1996,Teleriscaldamento,Teleriscaldamento,164.53,2019,Teleriscaldamento,Teleriscaldamento,27.48,1000,Split a parete,Pompa di calore,33.7,17845.0,N/D
2022_312661_0040.xml,155,Via Vittime di Bologna,2022-04-26,E,126.48,7.86,25.39,45.82,Gas naturale,True,True,False,False,False,False,0,1,3,2,L219,,1089,306,155,155,,1985,45.1023,7.7288,"45.1023, 7.7288",Torino,E,realizzazione cappotto,D,7.64,Triste,Triste,Sì,2005,,Caldaia a condensazione,105.62,2005,,Caldaia a condensazione,20.86,,,,,5799.36,Ed. Plurifam.
2022_312661_0041.xml,156,Via Vittime di Bologna,2022-04-26,E,90.76,7.82,18.23,46.1,Gas naturale,True,True,False,False,False,False,0,1,3,2,L219,,1089,306,156,156,,1985,45.1023,7.7288,"45.1023, 7.7288",Torino,E,realizzazione cappotto,D,7.64,Triste,Triste,Sì,2005,,Caldaia a condensazione,69.83,2005,,Caldaia a condensazione,20.93,,,,,4274.54,Ed. Plurifam.
2022_313821_0063.xml,156,Via Pacini 4,2022-04-08,E,149.52,1.08,30.06,42.21,Gas naturale,True,True,False,False,False,False,0,1,9,2,L219,,1186,167,156,156,,1999,45.0869,7.6965,"45.0869, 7.6965",Torino,E,REALIZZAZIONE DI CAPPOTTO ESTERNO,D,10.46,Triste,Triste,No,2019,,Caldaia a condensazione,120.0,2019,,Caldaia a condensazione,29.52,,,,,5931.78,App. Condominio
2020_312661_0105.xml,157,bossoli 99,2020-07-17,D,218.78,5.4,67.62,56.93,Teleriscaldamento,True,True,False,False,False,False,0,1,3,0,L219,,1442,74,157,157,,2006,45.0277,7.6546,"45.0277, 7.6546",Torino,E,Coibentazione cassonetti,D,2.36,Triste,Triste,No,2006,,Teleriscaldamento,190.67,2006,,Teleriscaldamento,28.11,,,,,12484.0,Ed. Plurifam.
2021_203057_0044.xml,157,via carlo poma 11,2021-09-14,D,97.67,0.0,19.53,50.0,Teleriscaldamento,False,False,False,False,False,False,0,1,5,1,L219,,1428,95,157,157,,1952,45.0667,7.6667,"45.0667, 7.6667",TORINO,E,				Sostituzione componenti finestrati,C,20.0,Triste,Triste,No,2019,,Teleriscaldamento,74.0,2010,,Caldaia standard,23.67,,,,,3652.4826,N/D
2022_312661_0042.xml,158,Via Vittime di Bologna,2022-04-26,E,90.91,7.81,18.26,46.09,Gas naturale,True,True,False,False,False,False,0,1,3,2,L219,,1089,306,158,158,,1985,45.1023,7.7288,"45.1023, 7.7288",Torino,E,realizzazione cappotto,D,7.64,Triste,Triste,Sì,2005,,Caldaia a condensazione,69.98,2005,,Caldaia a condensazione,20.93,,,,,4274.54,Ed. Plurifam.
2022_313821_0064.xml,158,Via Pacini 4,2022-04-08,E,170.4,1.12,34.25,75.79,Gas naturale,True,True,False,False,False,False,0,1,9,3,L219,,1186,167,158,158,,1999,45.0869,7.6965,"45.0869, 7.6965",Torino,E,REALIZZAZIONE DI CAPPOTTO ESTERNO,D,10.46,Triste,Triste,No,2019,,Caldaia a condensazione,143.22,2019,,Caldaia a condensazione,27.18,,,,,12148.76,App. Condominio
2022_313821_0074.xml,159,"Via Bossoli 99, Torino",2022-09-29,D,80.05,4.74,15.59,75.34,Teleriscaldamento,True,True,False,False,False,False,0,1,3,1,L219,,1442,74,159,159,,2005,45.0277,7.6549,"45.0277, 7.6549",Torino,E,sostituzione generatore di calore con pompa di calore e caldaia a condensazione,B,12.54,Triste,Basita/o,No,2005,,Teleriscaldamento,46.14,2005,,Teleriscaldamento,33.91,,,,,6212.0,Ed. Plurifam.
2019_101408_0036.xml,16,VIA DEL CARMINE 4,2020-01-22,C,38.85,0.0,7.29,136.99,Gas naturale,False,False,False,False,False,False,0,1,3,2,L219,4,1219,70,16,16,,1730,45.075000,7.673000,"45.075000, 7.673000",TORINO,E,Realizzazione di cappotto interno,A2,16.0,Triste,Basita/o,No,2007,Caldaia a condensazione,Caldaia a condensazione,17.89,2015,Caldaia standard,Caldaia standard,20.96,,,,,5327.84,Ed. Plurifam.
2019_102351_0135.xml,16,Corso Vercelli 483-1,2019-07-22,B,70.61,109.48,17.0,110.41,Biomasse solide,True,True,False,False,False,False,0,1,3,2,L219,,1043,39,16,16,,1925,45.1203,7.7090,"45.1203, 7.7090",Torino,E,Sostituzione del generatore ACS,A2,1.81,Triste,Basita/o,No,2018,,Teleriscaldamento,25.01,2018,,Boiler elettrico,45.6,,,,,16194.699999999999,Ed. Plurifam.
2019_207709_0013.xml,16,SANSOVINO 92,2019-02-20,F,236.79,11.67,49.1,36.67,Teleriscaldamento,True,True,False,False,False,False,0,1,6,3,L219,,1073,6,16,16,,1961,45.102293,7.642042,"45.102293, 7.642042",TORINO,E,0Intervento su componenti opachifalse3F210.58F210.58,F,3.0,Triste,Basita/o,No,1983,Scambiatore teleriscaldamento,Teleriscaldamento,188.38,1998,Scaldacqua elettrico ad accumulo,Boiler elettrico,48.41,,,,,5515.0,N/D
2019_212533_0211.xml,16,Corso Taranto 159,2019-07-22,F,124.91,0.22,23.46,56.69,Gas naturale,True,True,False,False,False,False,0,1,2,2,L219,0,1133,17,16,16,,1970,45.0956743,7.7133245,"45.0956743, 7.7133245",TORINO,E,1sostituzione infissifalse8C66.95C66.95,C,8.0,Triste,Triste,No,2016,PRINCIPALE,Caldaia a condensazione,94.83,2019,ACS,Scalda-acqua a gas,30.08,,,,,7073.46,N/D
2019_212606_0001.xml,16,Via Tunisi 1,2019-07-16,D,128.59,0.0,17.98,73.52,Teleriscaldamento,True,True,False,False,False,False,0,1,6,7,L219,,1380,3,16,16,,1965,45.1167,7.7167,"45.1167, 7.7167",Torino,E,1Sostituzione serramentifalse18.9D108.42D108.42,D,18.9,Triste,Sorridente,No,1998,Teleriscaldamento,Teleriscaldamento,101.83,2000,Generatore a gas o combustibile fossile,Scalda-acqua a gas,26.76,,,,,6959.12,N/D
2020_102099_0100.xml,16,VIA BORGO TICINO 17,2020-10-10,E,100.25,1.44,20.27,82.3,Gas naturale,False,False,False,False,False,False,0,1,3,1,L219,=,1080,176,16,16,,1985,45.106046,7.6952690,"45.106046, 7.6952690",Torino,E,isolamento perimetrale,D,10.0,Triste,Triste,No,2016,,Caldaia a condensazione,73.28,2000,,Caldaia standard,26.97,,,,,8898.8,Ed. Plurifam.
2020_202078_0183.xml,16,VIA PIETRACQUA LUIGI 19,2020-07-29,F,149.01,0.1,27.96,62.31,Gas naturale,True,True,False,False,False,False,0,1,6,1,L219,.,1144,15,16,16,,1959,45.0661111111111,7.68222222222222,"45.0661111111111, 7.68222222222222",TORINO,E,0Coibentazione muratura perimetraletrue10E114.99E114.99,E,10.0,Triste,Triste,No,2015,PRINCIPALE,Caldaia standard,120.69,2003,acs,Scalda-acqua a gas,28.32,,,,,9287.02,N/D
2020_212533_0068.xml,16,Viale dei Mughetti 29bis,2020-03-02,C,73.29,0.0,27.07,58.31,Teleriscaldamento,True,True,False,False,False,False,0,1,2,1,L219,0,1069,150,16,16,,1965,45.1039417,7.6264605,"45.1039417, 7.6264605",TORINO,E,0Coibentazione pareti freddefalse1B57.56B57.56,B,1.0,Triste,Triste,No,2000,PRINCIPALE,Teleriscaldamento,43.53,2000,ACS,Scalda-acqua a gas,29.76,,,,,5797.5,N/D
2020_212533_0092.xml,16,Via Pirano 15,2020-12-03,D,76.51,0.0,29.24,39.99,Teleriscaldamento,True,True,False,False,False,False,0,1,5,1,L219,0,1073,17,16,16,,2020,45.1019233,7.645119,"45.1019233, 7.645119",TORINO,E,0coibentazione solai freddifalse5C58.26C58.26,C,5.0,Triste,Triste,No,2005,PRINCIPALE,Teleriscaldamento,48.72,2010,ACS,Scalda-acqua a gas,27.79,,,,,4225.28,N/D
2021_205329_0058.xml,16,Via Borriana 8,2021-06-18,E,130.97,0.0,26.19,58.0,Gas naturale,True,True,False,False,False,False,0,1,9,3,L219,,1188,6,16,16,,1920,45.066111,7.682222,"45.066111, 7.682222",TORINO,E,1Intervento su impianti di climatizzazione invernalefalse1D83.77D83.77,D,1.0,Triste,Basita/o,No,2010,Caldaia centralizzata,Caldaia a condensazione,103.01,2010,Scaldacqua a gas,Caldaia standard,27.96,,,,,7614.04,App. Condominio
2021_205329_0061.xml,16,Via Borriana 8,2021-07-13,D,83.9,0.0,16.78,58.0,Gas naturale,True,True,False,False,False,False,0,1,9,3,L219,,1188,6,16,16,,1920,45.066111,7.682222,"45.066111, 7.682222",TORINO,E,0Intervento su componenti opachifalse26B59.37B59.37,B,26.0,Triste,Basita/o,No,2010,Caldaia centralizzata,Caldaia a condensazione,55.94,2010,Scaldacqua a gas,Caldaia standard,27.96,,,,,4870.599999999999,App. Condominio
2021_313821_0081.xml,16,"Corso Vercelli 483/6, 10156, Torino",2021-05-10,B,103.81,226.25,25.24,81.9,Biomasse solide,True,True,False,False,False,False,0,1,2,0,L219,,1043,18,16,16,,1925,45.1195,7.7094,"45.1195, 7.7094",Torino,E,sostituzione generatore ACS,A1,4.45,Triste,Basita/o,No,2018,,Teleriscaldamento,54.44,2017,,Boiler elettrico,49.37,,,,,24046.989999999998,N/D
2022_114601_0033.xml,16,via Francesco Rismondo 34/D,2022-08-31,F,172.23,5.84,33.14,311.0,Gas naturale,False,False,False,False,False,False,1,1,3,-1,L219,,1489,150,16,16,,1964,45.012702761328,7.6541536147499,"45.012702761328, 7.6541536147499",Torino,E,Data sopralluogo: 30/08/2022,E,6.0,Triste,Basita/o,No,,,,147.99,,,,,,,,,49971.199,Ed. Plurifam.
2022_106512_0002.xml,161,VIA GIORDANO BRUNO 52,2022-06-29,D,50.13,5.17,13.2,393.62,Teleriscaldamento,True,True,False,False,False,False,0,1,6,7,L219,-,1380,18,161,161,,1962,45.0661111111111,7.68222222222222,"45.0661111111111, 7.68222222222222",TORINO,E,CAPPOTTO TERMICO,C,2.0,Basita/o,Basita/o,No,2012,PRINCIPALE,Teleriscaldamento,28.66,2002,ACS autonomo,Boiler elettrico,21.47,,,,,15076.0,N/D
2011_101508_0149.xml,162,Via livorno 45,2020-06-19,D,503.62,73.96,105.07,573.19,Gas naturale,False,False,False,False,False,False,1,1,6,0,L219,,1153,130,162,162,,2002,45.086973,7.669217,"45.086973, 7.669217",Torino,E,Ren2 nuovi infissi U =1.5 W/m2 k e fattore solare 0.3,C,12.0,Triste,Triste,No,2002,Caldaia standard,Caldaia standard,207.49,2000,Boiler elettrico,Boiler elettrico,5.4,2002,HP elettrica acqua-acqua,Pompa di calore,179.46,203193.91999999998,N/D
2020_102351_0033.xml,162,Corso Mortara 36,2020-02-17,D,141.55,1.14,25.08,45.59,Teleriscaldamento,True,True,False,False,False,False,0,1,6,19,L219,,1125,438,162,162,,2005,45.0912,7.6723,"45.0912, 7.6723",Torino,E,Coibentazione cassonetti,D,6.23,Triste,Basita/o,No,2005,,Teleriscaldamento,117.45,2005,,Teleriscaldamento,24.1,,,,,5685.0,N/D
2019_205065_0005.xml,163,via castelgomberto 75,2019-02-18,E,75.26,0.0,14.38,88.0,Teleriscaldamento,False,False,False,False,False,False,0,1,0,3,L219,,1387,35,163,163,,1970,45.0667,7.6667,"45.0667, 7.6667",TORINO,E,				Sostituzione componenti finestrati,D,12.0,Triste,Triste,No,1996,,Teleriscaldamento,58.96,1996,,Teleriscaldamento,16.3,,,,,10545.76,N/D
2020_102351_0032.xml,163,Corso Mortara 36,2020-02-17,D,141.36,1.14,25.05,60.81,Teleriscaldamento,True,True,False,False,False,False,0,1,6,19,L219,,1125,438,163,163,,2005,45.0912,7.6723,"45.0912, 7.6723",Torino,E,Coibentazione cassonetti,D,6.23,Triste,Basita/o,No,2005,,Teleriscaldamento,117.91,2005,,Teleriscaldamento,23.45,,,,,7571.0,N/D
2022_209730_0002.xml,163,Via Giordano Bruno 52 52,2022-09-30,F,212.48,0.14,42.52,52.14,Teleriscaldamento,True,True,False,False,False,False,0,1,6,1,L219,,1380,18,163,163,,1970,45.043217,7.662933,"45.043217, 7.662933",TORINO,E,0Pareti verso esterno (Interno)false26E164.04E164.04,E,26.0,Triste,Triste,No,2008,Teleriscaldamento,Teleriscaldamento,183.35,1000,Scaldacqua,Scalda-acqua a gas,29.13,,,,,7888.82,N/D
2022_312661_0043.xml,163,Via Vittime di Bologna,2022-04-26,E,90.48,7.81,18.18,46.09,Gas naturale,True,True,False,False,False,False,0,1,3,3,L219,,1089,306,163,163,,1985,45.1023,7.7288,"45.1023, 7.7288",Torino,E,realizzazione cappotto,D,7.64,Triste,Triste,Sì,2005,,Caldaia a condensazione,69.55,2005,,Caldaia a condensazione,20.93,,,,,4264.6,Ed. Plurifam.
2020_102351_0035.xml,164,Corso Mortara 36,2020-02-17,E,194.99,1.66,34.57,55.85,Teleriscaldamento,True,True,False,False,False,False,0,1,6,20,L219,,1125,438,164,164,,2005,45.0912,7.6723,"45.0912, 7.6723",Torino,E,Coibentazione cassonetti,E,6.23,Triste,Basita/o,No,2005,,Teleriscaldamento,170.79,2005,,Teleriscaldamento,24.2,,,,,9586.0,N/D
2022_205558_0011.xml,164,via canal bernardo 43,2022-08-03,E,143.98,0.05,28.8,77.0,Teleriscaldamento,True,True,False,False,False,False,0,1,0,6,L219,,1426,357,164,164,,1970,45.1167,7.7167,"45.1167, 7.7167",Torino,E,0Intervento sulle strutture opachefalse10.7B69.111Intervento sui serramentifalse24E129.86A157.13,B,10.7,Triste,Triste,No,1998,Teleriscaldamento_1,Teleriscaldamento,121.68,1990,junkers,Caldaia standard,22.3,,,,,7954.74,N/D
2020_102351_0034.xml,165,Corso Mortara 36,2020-02-17,E,205.42,1.77,36.42,60.81,Teleriscaldamento,True,True,False,False,False,False,0,1,6,20,L219,,1125,438,165,165,,2005,45.0912,7.6723,"45.0912, 7.6723",Torino,E,Coibentazione cassonetti,E,6.23,Triste,Basita/o,No,2005,,Teleriscaldamento,181.97,2005,,Teleriscaldamento,23.45,,,,,10994.0,N/D
2022_206052_0364.xml,165,Via Avellino 25/A,2022-11-18,A1,52.96,4.32,10.55,121.6,Gas naturale,True,True,True,False,False,False,0,1,3,5,L219,0,1177,474,165,165,,2011,45.0661111111111,7.68222222222222,"45.0661111111111, 7.68222222222222",TORINO,E,Installazione fon ti rinnovabili,A1,9.0,Triste,Sorridente,No,2010,PRINCIPALE,Caldaia a condensazione,16.63,2010,PRINCIPALE,Caldaia a condensazione,18.51,2022,Impianto 4...,Pompa di calore,17.82,5390.2,Ed. Plurifam.
2022_312661_0084.xml,165,Via Vittime di Bologna,2022-08-06,F,205.31,8.02,41.18,45.82,Gas naturale,True,True,False,False,False,False,0,1,3,4,L219,,1089,306,165,165,,1985,45.1023,7.7288,"45.1023, 7.7288",Torino,E,coibentazione pt e ultimo solaio,E,8.09,Triste,Triste,Sì,2005,,Caldaia a condensazione,184.45,2005,,Caldaia a condensazione,20.86,,,,,9223.779999999999,Ed. Plurifam.
2022_113184_0098.xml,166,via Scarsellini 12,2022-05-09,G,237.0,18.67,74.22,46.49,Teleriscaldamento,True,True,False,False,False,False,0,1,3,1,L219,,1428,85,166,166,,1949,45.0359,7.6301,"45.0359, 7.6301",Torino,E,coibentazione parete esterna,F,6.04,Triste,Triste,No,1988,,Teleriscaldamento,178.36,2022,,Boiler elettrico,58.64,,,,,10738.0,Ed. Plurifam.
2022_113184_0116.xml,167,via Scarsellini 12,2022-10-10,F,182.35,17.0,55.85,43.76,Teleriscaldamento,True,True,False,False,False,False,0,1,3,2,L219,,1428,85,167,167,,1949,45.0360,7.6301,"45.0360, 7.6301",Torino,E,coibentazione parete esterna,F,5.98,Triste,Triste,No,1988,,Teleriscaldamento,125.67,2018,,Boiler elettrico,56.68,,,,,7448.0,Ed. Plurifam.
2019_106512_0010.xml,168,VIA CERNAIA 30,2019-08-04,D,112.41,0.38,21.13,140.47,Gas naturale,True,True,False,False,False,False,0,1,5,4,L219,-,1220,212,168,168,,1864,45.0661111111111,7.68222222222222,"45.0661111111111, 7.68222222222222",TORINO,E,0CAPPOTTO TERMICOfalse12B73.621SERRAMENTI B.E.false999D110.712NUOVO GENERATOREfalse3A334.69A419.82,B,12.0,Triste,Basita/o,No,2015,PRINCIPALE,Caldaia a condensazione,92.98,2015,PRINCIPALE,Caldaia a condensazione,19.43,,,,,15710.859999999999,N/D
2022_312661_0044.xml,168,Via Vittime di Bologna,2022-04-26,F,167.49,7.97,33.6,46.09,Gas naturale,True,True,False,False,False,False,0,1,3,4,L219,,1089,306,168,168,,1985,45.1023,7.7288,"45.1023, 7.7288",Torino,E,realizzazione cappotto,E,7.64,Triste,Triste,Sì,2005,,Caldaia a condensazione,146.56,2005,,Caldaia a condensazione,20.93,,,,,7630.379999999999,Ed. Plurifam.
2022_313821_0065.xml,168,Via Pacini 6,2022-04-08,E,185.59,1.19,37.3,71.86,Gas naturale,True,True,False,False,False,False,0,1,9,1,L219,,1186,167,168,168,,1999,45.0869,7.6965,"45.0869, 7.6965",Torino,E,REALIZZAZIONE DI CAPPOTTO ESTERNO,D,10.46,Triste,Basita/o,No,2019,,Caldaia a condensazione,157.91,2019,,Caldaia a condensazione,27.68,,,,,12547.359999999999,App. Condominio
2021_210120_0043.xml,169,Via Giordano Bruno 54,2021-02-04,E,149.86,14.37,32.11,48.0,Teleriscaldamento,True,True,False,False,False,False,0,1,3,1,L219,,1380,18,169,169,,1960,45.116667,7.716667,"45.116667, 7.716667",Torino,E,0Fabbricato,D,6.1,Triste,Basita/o,No,2008,Teleriscaldamento,Teleriscaldamento,90.24,1960,Generatore a energia elettrica,Boiler elettrico,59.62,,,,,4356.0,Ed. Plurifam.
2019_203325_0016.xml,17,VIA TARTINI 28,2019-07-16,F,246.2,1.35,49.44,51.44,Gas naturale,False,False,False,False,False,False,0,1,0,1,L219,,1132,86,17,17,,1965,45.0667,7.6667,"45.0667, 7.6667",TORINO,E,				cappotto esterno,E,10.0,Triste,Triste,No,1990,,31,218.79,1990,,31,27.41,,,,,12545.7544,N/D
2019_204038_0049.xml,17,"Corso Vercelli, N°388 - TORINO",2019-09-18,F,230.9,2.06,46.49,68.68,Gas naturale,True,True,True,False,False,False,0,1,4,6,L219,,1049,45,17,17,,1970,0,0,"0, 0",Torino,E,				Realizzazione coibentazione soletta verso il sottotetto,E,9.0,Triste,Basita/o,No,2005,,Caldaia standard,178.67,2010,,Scalda-acqua a gas,46.83,2014,Split inverter,Split inverter,5.4,14843.22,N/D
2019_209689_0230.xml,17,Via Lodi 9,2019-12-16,F,138.72,11.98,27.73,37.62,Gas naturale,True,True,False,False,False,False,0,1,6,5,L219,-,1184,10,17,17,,1960,45.0843897,7.6900618,"45.0843897, 7.6900618",TORINO,E,1infissifalse9E114.87E114.87,E,9.0,Triste,Basita/o,No,2012,PRINCIPALE,Caldaia a condensazione,89.33,2010,Impianto 1...,Boiler elettrico,49.39,,,,,4309.78,N/D
2020_101746_0030.xml,17,CORSO ORBASSANO 370,2020-11-18,G,194.9,0.0,37.84,76.0,Gas naturale,True,True,False,False,False,False,0,1,9,2,L219,,1429,98,17,17,,1960,45.0338,7.6206,"45.0338, 7.6206",Torino,E,				INSUFFLAGGIO PARETI PERIMETRALI,F,8.0,Triste,Triste,No,2016,,Caldaia a condensazione,165.02,2000,,Caldaia standard,29.88,,,,,13322.119999999999,App. Condominio
2020_102099_0101.xml,17,VIA BORGO TICINO 17,2020-08-18,F,177.44,13.18,37.45,60.7,Gas naturale,False,False,False,False,False,False,0,1,3,1,L219,=,1080,176,17,17,,1985,45.106046,7.6952690,"45.106046, 7.6952690",Torino,E,isolamento perimetrale,D,10.0,Triste,Triste,No,2016,,Caldaia a condensazione,127.06,2000,,31,50.38,,,,,10002.9,Ed. Plurifam.
2020_102099_0164.xml,17,VIA BUSCALIONI 15,2020-12-31,F,230.4,2.17,46.4,68.5,Gas naturale,False,False,False,False,False,False,0,1,2,2,L219,=,1212,90,17,17,,1932,45.077291,7.7006340,"45.077291, 7.7006340",Torino,E,isolamento perimetrale,E,10.0,Triste,Triste,No,2016,,Caldaia a condensazione,202.45,2000,,Caldaia standard,27.95,,,,,17215.0,N/D
2020_102351_0120.xml,17,via moncrivello 3,2020-11-30,F,238.82,2.44,48.13,57.09,Gas naturale,True,True,False,False,False,False,0,1,5,0,L219,,1145,79,17,17,,1980,45.0895,7.7080,"45.0895, 7.7080",Torino,E,istallazione di valvole termostatiche,F,4.1,Triste,Basita/o,No,2017,,Caldaia standard,204.28,2010,,Caldaia standard,34.54,,,,,12731.939999999999,N/D
2021_102099_0008.xml,17,VIA DE CANAL 39,2020-12-31,E,132.11,0.91,26.56,72.1,Teleriscaldamento,False,False,False,False,False,False,0,1,3,1,L219,=,1426,357,17,17,,1968,45.034019,7.6411970,"45.034019, 7.6411970",Torino,E,isolamento perimetrale,D,10.0,Triste,Triste,No,1998,,Teleriscaldamento,104.81,2005,,Caldaia standard,27.3,,,,,7066.6,Ed. Plurifam.
2021_102099_0025.xml,17,Corso Lombardia 123,2021-05-28,G,182.79,15.53,32.2,114.08,Teleriscaldamento,False,False,False,False,False,False,0,1,3,0,L219,,1111,87,17,17,,1980,45.095299,7.645926,"45.095299, 7.645926",TORINO,E,Data del sopralluogo: 1,F,5.0,Triste,Triste,No,2000,Teleriscaldamento,Teleriscaldamento,118.37,2000,Boiler elettrico,Boiler elettrico,64.42,,,,,16629.0,Ed. Plurifam.
2021_113184_0121.xml,17,Via Guala 95_97_TO,2022-03-25,E,173.7,4.69,32.59,72.31,Teleriscaldamento,True,True,False,False,False,False,0,1,3,1,L219,,1441,88,17,17,,1993,45.0250,7.6444,"45.0250, 7.6444",Torino,E,sostituzione serramenti,D,13.36,Triste,Triste,No,1997,,Teleriscaldamento,155.24,1997,,Teleriscaldamento,18.46,,,,,14092.0,Ed. Plurifam.
2021_212629_1631.xml,17,VIA PARENZO 90/18,2021-11-26,G,300.37,13.02,62.01,69.0,Teleriscaldamento,True,True,False,False,False,False,0,1,0,2,L219,,1073,16,17,17,,1950,45.1167,7.7167,"45.1167, 7.7167",Torino,E,0Fabbricato,G,3.5,Triste,Basita/o,No,2009,Teleriscaldamento,Teleriscaldamento,246.35,2011,Generatore a energia elettrica,Boiler elettrico,54.02,,,,,13243.0,N/D
2021_213632_0039.xml,17,Via Sobrero Ascanio 19,2021-07-12,F,276.65,12.83,57.24,64.7,Gas naturale,True,True,False,False,False,False,0,1,3,0,L219,,1178,197,17,17,,1954,45.081075,7.665482,"45.081075, 7.665482",TORINO,E,0Isolamento superfici perimetrali disperdentitrue8E210.41E210.41,E,8.0,Triste,Triste,No,1998,Caldaia centralizzata,Caldaia standard,223.4,2010,Boiler elettrico,Boiler elettrico,53.25,,,,,16249.58,Ed. Plurifam.
2022_113184_0131.xml,17,via Fratelli Garrone 67_(36_37_38_39),2022-12-10,F,212.54,4.18,41.25,55.38,Teleriscaldamento,True,True,False,False,False,False,0,1,3,1,L219,,1488,75,17,17,,1966,45.0120,7.6506,"45.0120, 7.6506",Torino,E,installazione fotovoltaico,F,4.94,Triste,Basita/o,No,1996,,Teleriscaldamento,114.64,2005,,Caldaia standard,97.9,,,,,12180.3,Ed. Plurifam.
2022_205101_0006.xml,17,corso allamano 60,2022-02-17,D,68.38,0.09,13.69,70.77,Gas naturale,False,False,False,False,False,False,0,1,6,1,L219,,1389,156,17,17,,1981,45.0667,7.6667,"45.0667, 7.6667",TORINO,E,				SOSTITUZIONE SERRAMENTI,C,5.0,Triste,Basita/o,No,2021,,Caldaia a condensazione,41.31,2020,,Scalda-acqua a gas,27.07,,,,,4834.322399999999,N/D
2022_205282_0039.xml,17,Via Borriana 7,2022-04-10,G,249.46,13.19,51.86,59.9,Gas naturale,True,True,False,False,False,False,0,1,7,3,L219,,1188,10,17,17,,1930,45.087432,7.705001,"45.087432, 7.705001",TORINO,E,Il sottoscritto reputa opportuno intervenire isolando la muratura perimetrale tramite cappotto esterno e sostituzione infissi esterni oltre alla coibentazione soletta confinante con il locale sottotetto condominiale,D,13.0,Triste,Triste,No,2010,Caldaia RIELLO ALU 450 PRO POWER,Caldaia a condensazione,194.73,2010,Boiler,Boiler elettrico,54.73,,,,,13370.439999999999,N/D
2022_313821_0071.xml,17,Via Tartini 33,2022-09-26,F,270.28,0.99,54.2,68.9,Teleriscaldamento,True,True,False,False,False,False,0,1,3,1,L219,,1131,72,17,17,,1968,45.0965,7.7057,"45.0965, 7.7057",Torino,E,sostituzioni serramenti,E,22.7,Triste,Triste,No,2013,,Teleriscaldamento,235.47,2005,,Caldaia standard,34.81,,,,,12981.7,Ed. Plurifam.
2020_107454_0060.xml,171,Via Stefano Tempia 9,2020-10-30,F,120.84,1.08,22.82,81.0,Gas naturale,True,True,False,False,False,False,0,0,6,19,L219,0,1043,74,171,171,,1978,45.0661111111111,7.68222222222222,"45.0661111111111, 7.68222222222222",TORINO,E,1sostituzione di tutti i serramentifalse13A130.69A130.69,A1,13.0,Triste,Basita/o,No,2012,PRINCIPALE,Caldaia a condensazione,95.19,2012,PRINCIPALE,Caldaia a condensazione,25.65,,,,,9629.0,N/D
2021_202612_0253.xml,171,VIA VEROLENGO 29,2021-11-15,D,70.49,0.0,14.51,30.24,Teleriscaldamento,True,True,False,False,False,False,0,1,0,1,L219,/,52,6,171,171,,2006,45.0661111111111,7.68222222222222,"45.0661111111111, 7.68222222222222",TORINO,E,isolamento alle strutture,D,10.0,Triste,Triste,No,2005,,Teleriscaldamento,30.94,2005,,Teleriscaldamento,39.55,,,,,1421.0,N/D
2022_206052_0057.xml,171,Via Giordano Bruno 54,2022-02-16,D,77.47,0.01,19.56,52.08,Teleriscaldamento,True,True,False,False,False,False,0,1,3,5,L219,0,1380,13,171,171,,1957,45.0661111111111,7.68222222222222,"45.0661111111111, 7.68222222222222",TORINO,E,Miglioramento isolamento,B,9.0,Triste,Basita/o,No,2008,PRINCIPALE,Teleriscaldamento,47.17,2020,ACS autonomo,Scalda-acqua a gas,30.3,,,,,3921.46,Ed. Plurifam.
2022_207949_0116.xml,172,VIA PARENZO 80,2022-05-04,E,112.86,188.21,66.07,77.2,Teleriscaldamento,True,True,False,False,False,False,0,1,3,2,L219,-,1073,18,172,172,,1940,45.0661111111111,7.68222222222222,"45.0661111111111, 7.68222222222222",TORINO,E,COIBENTAZIONE PARETI VERTICALI,D,26.0,Triste,Basita/o,No,2015,PRINCIPALE,Teleriscaldamento,84.81,2015,ACS autonomo,Scalda-acqua a gas,28.05,,,,,16941.18,Ed. Plurifam.
2019_102616_0039.xml,173,CORSO AGNELLI GIOVANNI 156/24,2019-12-20,G,153.77,12.8,32.52,65.24,Teleriscaldamento,True,True,False,False,False,False,0,1,3,1,L219,-,1426,262,173,173,,1960,45.031625,7.6403879,"45.031625, 7.6403879",TORINO,E,0COIBENTAZIONE MURIfalse1E99.95E99.95,E,1.0,Triste,Triste,No,2010,TELERISCALDAMENTO,Teleriscaldamento,100.67,2010,BOILER,Boiler elettrico,53.1,,,,,6155.0,Ed. Plurifam.
2020_210603_0018.xml,173,de bernardi 2,2020-11-03,G,259.02,6.56,114.08,41.6,Teleriscaldamento,False,False,False,False,False,False,0,1,3,2,L219,,1427,81,173,173,,1955,45.0667,7.6667,"45.0667, 7.6667",TORINO,E,				Sostituzione componenti finestrati,G,20.0,Triste,Triste,No,1998,,Teleriscaldamento,238.67,2000,,Boiler elettrico,20.35,,,,,15509.28,Ed. Plurifam.
2021_108905_0009.xml,174,Via Stefano Tempia 3/A,2021-03-17,F,170.24,1.31,33.65,76.7,Gas naturale,False,False,False,False,False,False,0,1,6,20,L219,,1043,73,174,174,,1980,45.1177758285907,7.70807477016388,"45.1177758285907, 7.70807477016388",Torino,E,Data sopralluogo: 03/03/2021,F,7.0,Triste,Basita/o,No,2016,,Caldaia a condensazione,137.4,2016,,Caldaia a condensazione,32.84,,,,,12876.566,N/D
2022_313821_0066.xml,174,Via Pacini 6,2022-04-08,E,174.32,1.14,35.03,71.71,Gas naturale,True,True,False,False,False,False,0,1,9,3,L219,,1186,167,174,174,,1999,45.0869,7.6965,"45.0869, 7.6965",Torino,E,REALIZZAZIONE DI CAPPOTTO ESTERNO,D,10.41,Triste,Basita/o,No,2019,,Caldaia a condensazione,146.62,2019,,Caldaia a condensazione,27.7,,,,,11754.099999999999,App. Condominio
2022_206550_0042.xml,176,Corso Eusebio Giambone 59,2022-10-29,D,107.73,0.62,21.27,106.17,Teleriscaldamento,False,False,False,False,False,False,0,1,6,2,L219,,1423,236,176,176,,1986,45.030993083396,7.65323049570082,"45.030993083396, 7.65323049570082",Torino,E,Data sopralluogo: 21/10/2022,C,8.0,Triste,Triste,No,1998,,Teleriscaldamento,71.06,2010,,Caldaia standard,36.67,,,,,10951.9578,N/D
2022_211941_0055.xml,176,Via Giordano Bruno 54,2022-07-15,F,346.27,0.0,69.25,63.18,Teleriscaldamento,False,False,False,False,False,False,0,1,6,3,L219,,1380,18,176,176,,1953,45.1167,7.7167,"45.1167, 7.7167",TORINO,E,				Isolamento strutture opache verticali verso l'esterno,F,10.0,Triste,Basita/o,No,2008,,Teleriscaldamento,324.61,2000,,Scalda-acqua a gas,21.66,,,,,15043.3854,N/D
2019_108092_0042.xml,177,VIA VEROLENGO 29,2019-11-02,D,106.33,2.47,20.84,76.67,Teleriscaldamento,True,True,False,False,False,False,0,1,0,3,L219,,52,6,177,177,,2005,45.094843,7.669644,"45.094843, 7.669644",TORINO,E,0RIQUALIFICAZIONE ENERGETICA INVOLUCRO OPACOtrue20D94.20D94.20,D,20.0,Triste,Basita/o,No,2005,,Teleriscaldamento,50.66,2005,,Teleriscaldamento,55.67,,,,,12171.0,N/D
2021_313821_0163.xml,177,Via Romolo Gessi 4,2022-03-29,F,181.18,15.48,36.35,38.1,Teleriscaldamento,True,True,False,False,False,False,0,1,3,3,L219,,1345,333,177,177,,1950,45.0505,7.6533,"45.0505, 7.6533",Torino,E,sostituzione generatore ACS,E,6.19,Triste,Basita/o,No,1999,,Teleriscaldamento,131.32,2007,,Boiler elettrico,49.86,,,,,6597.0,Ed. Plurifam.
2019_107973_0022.xml,179,Corso Galimberti 59,2019-02-20,F,145.27,0.0,21.47,84.8,Teleriscaldamento,True,True,False,False,False,False,0,1,0,3,L219,,1423,236,179,179,,1972,45.031023,7.653154,"45.031023, 7.653154",Torino,E,0Isolamento superfici disperdentifalse7.5C67.02C67.02,C,7.5,Triste,Basita/o,No,2008,Teleriscaldamento,Teleriscaldamento,99.8,2010,Generatore a gas o combustibile fossile,Scalda-acqua a gas,45.47,,,,,9508.66,N/D
2018_200213_0023.xml,18,CRAVERO 14,2019-09-01,E,285.86,22.77,60.56,101.0,Gas naturale,False,False,False,False,False,False,1,1,0,4,L219,,1144,3,18,18,,1967,45.0667,7.6667,"45.0667, 7.6667",TORINO,E,				Sostituzione componenti finestrati,D,18.0,Triste,Basita/o,No,1994,,Caldaia standard,250.94,2000,,Boiler elettrico,34.92,,,,,24258.8148,N/D
2019_200542_0179.xml,18,Via Giovenale Ancina 22,2019-12-12,F,162.58,0.38,30.54,71.87,Gas naturale,True,True,False,False,False,False,0,1,3,3,L219,0,1133,42,18,18,,1955,45.0661111111111,7.68222222222222,"45.0661111111111, 7.68222222222222",TORINO,E,0Isolamento strutture opache verticalifalse15D101.361Installazione serramenti a basso emissivofalse34E135.68C75.05,D,15.0,Triste,Triste,No,2014,,Caldaia a condensazione,135.62,2000,,Scalda-acqua a gas,26.96,,,,,11647.039999999999,Ed. Plurifam.
2019_201917_0007.xml,18,VIA PARENZO 90,2019-02-20,G,430.54,4.35,86.76,35.32,Teleriscaldamento,False,False,False,False,False,False,0,1,0,0,L219,,1073,18,18,18,,1960,45.0667,7.6667,"45.0667, 7.6667",TORINO,E,				Sostituzione componenti finestrati,G,15.0,Triste,Triste,No,2005,,Teleriscaldamento,412.51,2000,,Boiler elettrico,18.03,,,,,10039.9,N/D
2019_204783_0006.xml,18,VIA BOLOGNA 139,2019-05-08,D,232.88,0.7,46.68,58.88,Gas naturale,True,True,False,False,False,False,0,1,3,3,L219,,1188,11,18,18,,1950,45.0870,7.7051,"45.0870, 7.7051",Torino,E,Coibentazione solaio sottotetto,B,4.29,Triste,Triste,No,2010,,Caldaia standard,205.08,2019,Rendimento noto stagionale,Rendimento noto stagionale,27.8,,,,,12989.119999999999,Ed. Plurifam.
2019_208347_0441.xml,18,VIA AOSTA 31/B,2019-06-20,E,111.82,0.28,21.01,48.04,Gas naturale,True,True,False,False,False,False,0,1,6,2,L219,0,1184,5,18,18,,1952,45.0661111111111,7.68222222222222,"45.0661111111111, 7.68222222222222",TORINO,E,0ISOLAMENTO MURI PERIMETRALItrue6D74.94D74.94,D,6.0,Triste,Triste,No,2012,PRINCIPALE,Caldaia standard,78.63,2012,Impianto 1...,Scalda-acqua a gas,33.19,,,,,5356.84,N/D
2019_212533_0322.xml,18,VIALE DEI MUGHETTI 29 BIS,2019-11-28,F,205.94,0.0,93.1,59.04,Teleriscaldamento,True,True,False,False,False,False,0,1,3,2,L219,0,1069,150,18,18,,1965,45.10253,7.62775,"45.10253, 7.62775",TORINO,E,0coibentazione solai freddifalse1E129.75E129.75,E,1.0,Triste,Triste,No,2010,PRINCIPALE,Teleriscaldamento,178.17,2010,acs gas,Scalda-acqua a gas,27.77,,,,,18445.1,Ed. Plurifam.
2020_101217_0010.xml,18,Via Fossata 70/2,2020-02-25,G,141.4,4.58,27.17,57.86,Gas naturale,True,True,False,False,False,False,0,1,3,2,L219,-,1128,423,18,18,,1954,45.0661111111111,7.68222222222222,"45.0661111111111, 7.68222222222222",TORINO,E,0Coibentazione pareti esternefalse17G150.771Sostituzione serramenti esternifalse16G163.95F122.62,G,17.0,Triste,Triste,No,2010,CENTRALE TERMICA,Caldaia standard,113.39,2012,ACS Sub.18,Scalda-acqua a gas,28.01,,,,,7661.16,Ed. Plurifam.
2020_102099_0032.xml,18,Via Pianezza snc,2020-09-25,G,427.35,59.17,66.46,47.93,Teleriscaldamento,False,False,False,False,False,False,0,1,3,0,L219,,1121,41,18,18,,1980,45.095375,7.645750,"45.095375, 7.645750",TORINO,E,Insufflaggio pareti esterne,G,5.0,Triste,Triste,No,2015,Teleriscaldamento,Teleriscaldamento,189.9,2000,Boiler elettrico,Boiler elettrico,237.45,,,,,14337.0,Ed. Plurifam.
2020_102099_0102.xml,18,VIA BORGO TICINO 17,2020-10-10,E,99.14,1.47,20.05,82.3,Gas naturale,False,False,False,False,False,False,0,1,3,2,L219,=,1080,176,18,18,,1985,45.106046,7.6952690,"45.106046, 7.6952690",Torino,E,isolamento perimetrale,D,10.0,Triste,Triste,No,2016,,Caldaia a condensazione,73.28,2015,,Caldaia standard,25.86,,,,,8794.46,Ed. Plurifam.
2021_102750_0003.xml,18,VIA MONTE PASUBIO 21,2021-03-24,G,347.42,0.0,43.07,36.54,Teleriscaldamento,True,True,False,False,False,False,0,1,3,0,L219,,1439,94,18,18,,1970,45.1167,7.7167,"45.1167, 7.7167",Torino,E,0Intervento sulle strutture opachetrue7.1F185.391Intervento sui serramentifalse14G313.38E152.68,F,7.1,Triste,Basita/o,No,1997,Teleriscaldamento_1,Teleriscaldamento,313.64,2015,Teleriscaldamento,Teleriscaldamento,33.78,,,,,8463.0,Ed. Plurifam.
2021_103686_0016.xml,18,vi parenzo 95/59,2021-01-06,G,278.21,0.0,56.79,40.16,Teleriscaldamento,True,True,False,False,False,False,0,1,1,4,L219,-,1073,15,18,18,,2021,45.1021219,7.6441005,"45.1021219, 7.6441005",TORINO,E,coibentazione pareti perimetrali,F,1.0,Triste,Triste,No,1983,PRINCIPALE,Teleriscaldamento,252.08,2020,boiler a gas,Scalda-acqua a gas,26.13,,,,,7802.639999999999,Ed. Isolato
2021_105273_0001.xml,18,VIA PINELLI 22,2021-08-04,F,167.67,13.84,35.6,90.48,Teleriscaldamento,True,True,False,False,False,False,0,1,3,1,L219,,1178,144,18,18,,1934,45.080632,7.66781,"45.080632, 7.66781",TORINO,E,"Serramenti datati si consiglia la sostituzione, attualmente possibilità detrazione fiscale 50%",G,1.0,Triste,Triste,No,2012,TELERISCALDAMENTO,Teleriscaldamento,110.25,1990,Scaldacqua,Boiler elettrico,57.42,,,,,9315.0,Ed. Plurifam.
2021_203998_0004.xml,18,VIA PIOSSASCO 14,2021-05-13,F,177.69,1.09,35.7,66.27,Gas naturale,True,True,False,False,False,False,0,1,3,1,L219,,1151,236,18,18,,1930,45.0873,7.6801,"45.0873, 7.6801",Torino,E,				Sostituzione del generatore di calore ad uso combinato mediante caldaia a condensazione,E,10.0,Triste,Basita/o,No,2018,,Caldaia standard,152.77,2018,,Caldaia standard,24.92,,,,,11078.06,Ed. Plurifam.
2022_201227_0040.xml,18,Via Andrea Sansovino 90/29,2022-07-07,D,113.85,0.0,22.77,39.78,,False,False,False,False,False,False,0,1,6,0,L219,,1073,13,18,18,,1950,45.1167,7.7167,"45.1167, 7.7167",TORINO,E,				Isolamento strutture opache verticali verso l'esterno,D,19.0,Triste,Basita/o,No,1983,,Teleriscaldamento,93.1,2000,,Boiler elettrico,20.75,,,,,,N/D
2022_208572_0015.xml,18,VIA BORRIANA 9,2022-10-23,F,149.08,0.54,28.03,57.54,Gas naturale,True,True,False,False,False,False,0,1,6,0,L219,.,1188,10,18,18,,1930,45.0661111111111,7.68222222222222,"45.0661111111111, 7.68222222222222",TORINO,E,Coibentazione muratura perimetrale,F,10.0,Triste,Triste,No,2010,PRINCIPALE,Caldaia a condensazione,119.95,2015,acs,Scalda-acqua a gas,29.13,,,,,8534.88,N/D
2022_209689_0102.xml,18,Via Pasquale Galluppi 12,2022-04-07,E,121.89,0.05,24.55,47.07,Teleriscaldamento,True,True,False,False,False,False,0,1,6,2,L219,-,1380,11,18,18,,1949,45.0442229,7.6614425,"45.0442229, 7.6614425",TORINO,E,infissi,E,4.0,Triste,Triste,No,1998,PRINCIPALE,Teleriscaldamento,91.9,2015,Impianto 1...,Scalda-acqua a gas,29.99,,,,,4290.54,N/D
2022_313821_0048.xml,18,Via Bioglio 16,2022-04-08,D,160.05,1.11,32.18,40.68,Gas naturale,True,True,False,False,False,False,0,1,9,0,L219,,1186,167,18,18,,1999,45.0869,7.6965,"45.0869, 7.6965",Torino,E,REALIZZAZIONE DI CAPPOTTO ESTERNO,D,10.46,Triste,Triste,No,2019,,Caldaia a condensazione,131.11,2019,,Caldaia a condensazione,28.94,,,,,6119.639999999999,App. Condominio
2019_103997_0007.xml,180,via Pianfei 6,2020-05-10,G,358.73,0.5,70.67,43.14,Gas naturale,False,False,False,False,False,False,0,1,3,4,L219,,1179,105,180,180,,1920,45.0850537244556,7.66667594725611,"45.0850537244556, 7.66667594725611",Torino,E,0Involucro opaco del fabbricato,E,5.0,Triste,Basita/o,No,2008,,Caldaia a condensazione,330.37,2019,,Scalda-acqua a gas,28.36,,,,,15458.8222,Ed. Plurifam.
2019_206052_0211.xml,180,Via Roma 101,2019-06-26,B,56.22,1.18,10.71,250.35,Gas naturale,True,True,True,False,False,False,0,1,3,2,L219,0,1282,7,180,180,,1910,45.0661111111111,7.68222222222222,"45.0661111111111, 7.68222222222222",TORINO,E,5Installazione fonti rinnovabilifalse2A139.01A139.01,A1,2.0,Triste,Sorridente,No,2014,PRINCIPALE,PRINCIPALE,22.15,2019,ACS autonomo,Scalda-acqua a gas,29.22,2018,Impianto 4...,Pompa di calore,4.85,13502.3,Ed. Plurifam.
2020_209934_0037.xml,180,VIA CERNAIA 26,2020-07-12,B,573.68,82.09,155.54,169.0,Energia elettrica da rete,False,False,False,False,False,False,1,1,3,0,L219,,1220,212,180,180,,1843,45.0667,7.6667,"45.0667, 7.6667",TORINO,E,				Sostituzione componenti finestrati,B,13.0,Sorridente,Sorridente,No,2015,,Caldaia a condensazione,265.0,2015,,Caldaia a condensazione,28.65,,,,,79477.5798,Ed. Plurifam.
2022_113184_0117.xml,180,via Scarsellini 12,2022-10-10,G,305.68,20.68,97.35,46.29,Teleriscaldamento,True,True,False,False,False,False,0,1,3,4,L219,,1428,85,180,180,,1949,45.0361,7.6301,"45.0361, 7.6301",Torino,E,coibentazione solaio sottotetto,F,8.02,Triste,Triste,No,1988,,Teleriscaldamento,247.17,2018,,Boiler elettrico,58.51,,,,,14239.0,Ed. Plurifam.
2022_208347_0409.xml,180,VIA VEROLEGNO 29,2021-09-04,D,65.92,0.2,12.39,77.07,Gas naturale,True,True,False,False,False,False,0,1,6,4,L219,0,52,6,180,180,,2005,45.0661111111111,7.68222222222222,"45.0661111111111, 7.68222222222222",TORINO,E,"Sostituzione vetri, con doppi vetri basso",C,6.0,Triste,Triste,No,2005,PRINCIPALE,Caldaia standard,43.03,2005,PRINCIPALE,Caldaia standard,22.89,,,,,5047.759999999999,N/D
2021_204102_0006.xml,182,Corso Eusebio Giambone 59,2021-04-23,G,252.05,0.0,10.29,81.04,Teleriscaldamento,False,False,False,False,False,False,0,1,3,5,L219,,1423,236,182,182,,1970,45.0667,7.6667,"45.0667, 7.6667",TORINO,E,				Sostituzione generatore per ACS,G,10.0,Basita/o,Basita/o,No,2005,,Teleriscaldamento,227.08,2010,,Caldaia standard,24.97,,,,,23475.362399999998,Ed. Plurifam.
2022_113184_0135.xml,183,Via Artom 55,2022-10-24,F,203.45,3.9,39.57,53.96,Teleriscaldamento,True,True,False,False,False,False,0,1,3,3,L219,,1488,14,183,183,,1966,45.0131,7.6495,"45.0131, 7.6495",Torino,E,installazione solare fotovoltaico,F,4.31,Triste,Basita/o,No,1996,,Teleriscaldamento,103.4,2021,,Caldaia standard,100.05,,,,,11296.42,Ed. Plurifam.
2022_313821_0075.xml,183,"Via Bossoli 97, Torino",2022-10-25,D,84.5,4.94,16.44,69.64,Teleriscaldamento,True,True,False,False,False,False,0,1,9,3,L219,,1442,74,183,183,,2005,45.0276,7.6547,"45.0276, 7.6547",Torino,E,coibentazione a cappotto,D,34.45,Triste,Basita/o,No,2005,,Teleriscaldamento,50.33,2005,,Teleriscaldamento,34.17,,,,,6076.0,App. Condominio
2022_101746_0026.xml,185,CORSO ORBASSANO 370,2022-05-05,G,177.28,0.0,34.39,89.0,Gas naturale,True,True,False,False,False,False,0,1,9,7,L219,,1429,98,185,185,,1960,45.0338,7.6206,"45.0338, 7.6206",Torino,E,				INSUFFLAGGIO PARETI PERIMETRALI,F,8.0,Triste,Triste,No,2016,,Caldaia a condensazione,148.77,2000,,Caldaia standard,28.51,,,,,14217.84,App. Condominio
2022_201246_0015.xml,185,Via Ancina 5,2022-03-12,E,115.16,13.12,23.48,67.37,Gas naturale,True,True,False,False,False,False,0,1,3,7,L219,/,1144,3,185,185,,1970,45.0930204,7.7096885,"45.0930204, 7.7096885",TORINO,E,isolamento murature esterne,D,10.0,Triste,Triste,No,1994,PRINCIPALE,Caldaia standard,62.64,1994,acs autonomo,Boiler elettrico,52.52,,,,,5975.28,Ed. Plurifam.
2021_209689_0213.xml,187,Via Andrea Sansovino 90,2021-12-13,F,151.54,0.04,30.33,39.16,Teleriscaldamento,True,True,False,False,False,False,0,1,6,0,L219,-,1073,13,187,187,,1958,45.1022029,7.6418936,"45.1022029, 7.6418936",TORINO,E,INFISSI,F,2.0,Triste,Triste,No,2006,PRINCIPALE,Teleriscaldamento,104.05,2006,Impianto 1...,Scalda-acqua a gas,47.49,,,,,4578.78,N/D
2022_313821_0073.xml,187,"Via Bossoli 97, Torino",2022-09-29,C,90.58,5.26,17.61,59.55,Teleriscaldamento,True,True,False,False,False,False,0,1,3,4,L219,,1442,74,187,187,,2005,45.0276,7.6547,"45.0276, 7.6547",Torino,E,sostituzione generatore di calore con pompa di calore e caldaia a condensazione,A1,12.54,Triste,Basita/o,No,2005,,Teleriscaldamento,53.86,2005,,Teleriscaldamento,36.72,,,,,5575.0,Ed. Plurifam.
2022_113184_0099.xml,188,via Scarsellini 12,2022-05-09,F,216.36,5.24,64.71,45.95,Teleriscaldamento,True,True,False,False,False,False,0,1,3,2,L219,,1428,85,188,188,,1949,45.0357,7.6296,"45.0357, 7.6296",Torino,E,coibentazione parete esterna,E,6.04,Triste,Triste,No,1988,,Teleriscaldamento,153.27,2015,,Caldaia standard,63.09,,,,,10578.82,Ed. Plurifam.
2018_108348_0026.xml,189,CORSO GIAMBONE 59,2019-07-01,F,144.17,0.0,28.83,107.0,Teleriscaldamento,False,False,False,False,False,False,0,1,0,9,L219,,1423,236,189,189,,1975,45.0667,7.6667,"45.0667, 7.6667",TORINO,E,				SOSTITUZIONE SERRAMENTI,D,5.0,Triste,Triste,No,2005,,Teleriscaldamento,102.98,2005,,Caldaia standard,41.19,,,,,11760.780999999999,N/D
2022_100222_0090.xml,189,via Giovenale Ancina 5B,2022-05-08,E,106.69,12.18,22.28,85.95,Gas naturale,False,False,False,False,False,False,0,1,3,2,L219,,1144,3,189,189,,1970,45.0932310169421,7.70957393617629,"45.0932310169421, 7.70957393617629",Torino,E,Data sopralluogo: 08/08/2022,D,9.0,Triste,Triste,No,1994,,Caldaia standard,56.26,2003,,Boiler elettrico,50.43,,,,,7063.7862000000005,Ed. Plurifam.
2022_101746_0013.xml,189,CORSO ORBASSANO 372,2022-06-04,F,171.93,0.0,33.54,60.0,Gas naturale,True,True,False,False,False,False,0,1,9,1,L219,,1429,98,189,189,,1960,45.0338,7.6206,"45.0338, 7.6206",Torino,E,				INSUFFLAGGIO PARETI PERIMETRALI,F,8.0,Triste,Triste,No,2016,,Caldaia a condensazione,139.6,2000,,Caldaia standard,32.33,,,,,9136.66,App. Condominio
2022_113184_0137.xml,189,Via Artom 55,2022-10-24,D,101.19,2.64,19.7,54.56,Teleriscaldamento,True,True,False,False,False,False,0,1,3,5,L219,,1488,14,189,189,,1966,45.0130,7.6494,"45.0130, 7.6494",Torino,E,installazione solare fotovoltaico,D,4.31,Triste,Basita/o,No,1996,,Teleriscaldamento,56.53,2013,,Caldaia standard,44.66,,,,,5671.46,Ed. Plurifam.
2019_102351_0136.xml,19,Corso Vercelli 483-1,2019-07-22,B,81.78,142.27,19.75,86.29,Biomasse solide,True,True,False,False,False,False,0,1,3,3,L219,,1043,39,19,19,,1925,45.1203,7.7090,"45.1203, 7.7090",Torino,E,sostituzione del generatore di calore,A2,1.81,Triste,Triste,No,2018,,Teleriscaldamento,33.15,2019,,Boiler elettrico,48.63,,,,,16251.38,Ed. Plurifam.
2019_102351_0146.xml,19,Corso Vercelli 483-12,2019-07-22,B,108.96,259.31,26.58,106.92,Biomasse solide,True,True,False,False,False,False,0,1,3,0,L219,,1043,8,19,19,,1925,45.1203,7.7090,"45.1203, 7.7090",Torino,E,sostituzione generatore per ACS,B,4.17,Triste,Basita/o,No,2018,,Teleriscaldamento,63.01,2019,,Boiler elettrico,45.95,,,,,35741.34,Ed. Plurifam.
2019_207622_0017.xml,19,corso taranto 159/3 159,2019-10-31,F,184.53,0.69,37.01,67.65,Gas naturale,False,False,False,False,False,False,0,1,3,4,L219,,1133,14,19,19,,1950,45.0667,7.6667,"45.0667, 7.6667",TORINO,E,				Sostituzione componenti finestrati,E,10.0,Triste,Basita/o,No,2013,,Caldaia a condensazione,157.11,2010,,Caldaia standard,27.42,,,,,12410.2518,Ed. Plurifam.
2019_312661_0150.xml,19,Corso Vercelli 491-16,2019-11-07,B,121.06,288.63,29.53,39.24,Biomasse solide,True,True,False,False,False,False,0,1,2,0,L219,,1043,7,19,19,,1925,45.1205,7.7099,"45.1205, 7.7099",Torino,E,Sotituzione del generatore ACS,A1,2.83,Triste,Basita/o,No,2008,,Teleriscaldamento,70.13,2010,,Boiler elettrico,50.93,,,,,14599.34,N/D
2020_102099_0103.xml,19,VIA BORGO TICINO 15,2020-08-18,F,158.43,2.09,32.0,60.7,Gas naturale,False,False,False,False,False,False,0,1,3,2,L219,=,1080,176,19,19,,1985,45.106046,7.6952690,"45.106046, 7.6952690",Torino,E,isolamento perimetrale,D,10.0,Triste,Triste,No,2016,,Caldaia a condensazione,127.06,2000,,31,31.37,,,,,10399.859999999999,Ed. Plurifam.
2020_102099_0179.xml,19,VIA BUSCALIONI 21,2020-12-31,F,156.52,13.99,33.39,50.6,Gas naturale,False,False,False,False,False,False,0,1,2,1,L219,=,1212,97,19,19,,1932,45.077291,7.7006340,"45.077291, 7.7006340",Torino,E,isolamento perimetrale,D,10.0,Triste,Basita/o,No,2016,,Caldaia a condensazione,102.5,2000,,31,54.02,,,,,7062.46,N/D
2020_103343_0001.xml,19,corso allamano 60,2020-07-01,G,333.4,0.0,66.68,106.0,Gas naturale,False,False,False,False,False,False,0,1,0,1,L219,,1389,156,19,19,,1974,45.0667,7.6667,"45.0667, 7.6667",TORINO,E,				SOSTITUIRE INFISSI,F,5.0,Triste,Basita/o,No,1992,,Caldaia standard,309.58,2000,,Scalda-acqua a gas,23.82,,,,,35402.9004,N/D
2021_102099_0002.xml,19,VIA CASTAGNEVIZZA 21,2020-12-31,D,98.09,8.78,20.92,41.0,Teleriscaldamento,False,False,False,False,False,False,0,1,3,21,L219,=,1396,25,19,19,,1952,45.043742,7.6463010,"45.043742, 7.6463010",Torino,E,isolamento perimetrale,D,10.0,Triste,Basita/o,No,2014,,Teleriscaldamento,61.68,2000,,31,36.41,,,,,2452.0,Ed. Plurifam.
2021_208347_0124.xml,19,STRADA DEL PORTONE 35/4,2021-02-22,D,80.2,0.24,15.08,39.28,Gas naturale,True,True,False,False,False,False,0,1,6,3,L219,0,1432,158,19,19,,2009,45.0661111111111,7.68222222222222,"45.0661111111111, 7.68222222222222",TORINO,E,"1Sostituzione infissi, con infissi aventi doppio vetro basso",C,5.0,Triste,Triste,No,2009,PRINCIPALE,Caldaia a condensazione,69.23,2009,PRINCIPALE,Caldaia a condensazione,10.97,,,,,3135.22,N/D
2021_212758_0006.xml,19,Via Filadelfia 237/8,2021-05-07,D,98.14,0.0,18.47,63.0,Teleriscaldamento,False,False,False,False,False,False,0,1,7,3,L219,,1387,35,19,19,,1969,45.1167,7.7167,"45.1167, 7.7167",TORINO,E,				Sostituzione componenti finestrati,C,15.0,Triste,Triste,No,2015,,Teleriscaldamento,71.38,2015,,Teleriscaldamento,26.76,,,,,7274.1,N/D
2021_313821_0072.xml,19,"Corso Vercelli 491/3, 10156, Torino",2021-09-09,A1,80.88,215.72,18.98,106.25,Biomasse solide,True,True,False,False,False,False,0,1,2,0,L219,,1043,41,19,19,,1925,45.1192,7.7107,"45.1192, 7.7107",Torino,E,sostituzione generatore ACS,A1,5.53,Triste,Basita/o,No,2018,,Teleriscaldamento,54.64,2010,,Caldaia standard,26.24,,,,,31158.14,N/D
2021_313821_0134.xml,19,Via Gallina 3,2022-03-23,E,139.64,1.02,28.08,43.52,Teleriscaldamento,True,True,False,False,False,False,0,1,3,,L219,,1145,6,19,19,,1930,45.0917,7.7093,"45.0917, 7.7093",Torino,E,coibentazione involucro opaco,E,3.7,Triste,Basita/o,No,2015,,Teleriscaldamento,103.34,2015,,Teleriscaldamento,36.3,,,,,4023.0,Ed. Plurifam.
2022_113184_0160.xml,19,Via Artom 55,2022-12-19,F,256.36,6.42,48.98,53.98,Teleriscaldamento,True,True,False,False,False,False,0,1,3,9,L219,,1488,14,19,19,,1966,45.0132,7.6494,"45.0132, 7.6494",Torino,E,coibentazione sottotetto,E,8.62,Triste,Triste,No,1996,,Teleriscaldamento,197.54,2013,,Caldaia standard,58.82,,,,,14887.2,Ed. Plurifam.
2022_206748_0039.xml,19,STRADA DEL PORTONE 29,2022-04-03,D,96.27,1.78,18.31,32.5,Gas naturale,True,True,False,False,False,False,0,1,6,6,L219,.,1432,137,19,19,,2010,45.0661111111111,7.68222222222222,"45.0661111111111, 7.68222222222222",TORINO,E,Installazione generatore a condensazione,D,10.0,Triste,Basita/o,No,2011,PRINCIPALE,Caldaia standard,27.15,2011,PRINCIPALE,Caldaia standard,69.12,,,,,3016.54,N/D
2022_212343_0025.xml,19,Corso Vercelli 388,2022-07-18,C,73.96,0.14,14.81,85.57,Gas naturale,False,False,False,False,False,False,0,1,2,2,L219,,1049,45,19,19,,1970,45.1167,7.7167,"45.1167, 7.7167",TORINO,E,				Isolamento strutture opache verticali verso l'esterno,B,10.0,Triste,Basita/o,No,2005,,Caldaia standard,49.38,2015,,Caldaia standard,24.58,,,,,6315.2155999999995,N/D
2022_312661_0132.xml,19,corso san maurizio 14,2022-10-18,G,394.79,14.21,81.07,62.36,Gas naturale,True,True,False,False,False,False,0,1,3,7,L219,,1248,219,19,19,,1966,45.0699,7.6940,"45.0699, 7.6940",Torino,E,Insuflaggio e coibentazione cassonetti,E,3.86,Triste,Triste,No,2006,,Caldaia a condensazione,340.85,2022,,Boiler elettrico,53.94,,,,,21834.579999999998,Ed. Plurifam.
2021_113184_0078.xml,190,Via Artom 55,2021-08-11,F,220.8,4.63,42.53,71.37,Teleriscaldamento,True,True,False,False,False,False,0,1,3,0,L219,,1488,14,190,190,,1966,45.0132,7.6493,"45.0132, 7.6493",Torino,E,coibentazione pavimento cantina,E,8.66,Triste,Basita/o,No,1996,,Teleriscaldamento,141.2,2013,,Caldaia standard,79.6,,,,,16617.8,Ed. Plurifam.
2020_101009_0002.xml,193,Via Filadelfia 237/8,2020-06-02,E,322.06,26.93,93.55,238.93,Teleriscaldamento,True,False,False,False,True,False,1,1,0,0,L219,-,1387,35,193,193,,1967,45.0661111111111,7.68222222222222,"45.0661111111111, 7.68222222222222",TORINO,E,1Infissi basso emissivifalse5D300.200isolamento tremico solaio di calpestiofalse9D310.19D260.88,D,5.0,Triste,Triste,No,1996,Teleriscaldamento,Teleriscaldamento,210.31,,,,,,,,,66864.0,N/D
2021_207228_0197.xml,194,VIA VEROLENGO 29/3,2021-09-23,B,119.91,9.44,32.45,39.0,Teleriscaldamento,True,True,True,False,False,False,0,2,3,2,L219,-,52,6,194,194,,2005,45.0661111111111,7.68222222222222,"45.0661111111111, 7.68222222222222",TORINO,E,sostituzione serramenti esterni,A1,5.0,Triste,Basita/o,No,2005,PRINCIPALE,Teleriscaldamento,58.78,2005,PRINCIPALE,Teleriscaldamento,21.96,2015,Impianto 4...,Pompa di calore,39.17,3782.0,Ed. Plurifam.
2019_206362_0065.xml,197,Via Gottardo 233,2019-03-26,E,129.43,11.76,26.71,103.67,Gas naturale,False,False,False,False,False,False,0,1,6,3,L219,,1144,3,197,197,,1962,45.0931997760298,7.70865674907382,"45.0931997760298, 7.70865674907382",Torino,E,0Coibentazione delle strutture opache verticali rivolte verso l'esterno035D109.88D109.88,D,35.0,Triste,Triste,No,2000,,Caldaia standard,82.19,2010,,Boiler elettrico,47.24,,,,,10968.618799999998,N/D
2022_113065_0009.xml,197,Via Scialoja 4,2022-12-13,A1,58.33,0.25,11.7,86.69,Gas naturale,True,True,False,False,False,False,0,1,6,2,L219,,1079,156,197,197,,1978,45.1075,7.6895,"45.1075, 7.6895",Torino,E,Fotovoltaico,A1,13.41,Basita/o,Sorridente,No,2022,,Caldaia a condensazione,38.26,2022,,Caldaia a condensazione,20.07,,,,,4777.44,N/D
2020_212533_0283.xml,198,Via Cernaia 30,2020-11-30,C,93.85,11.75,19.09,192.53,Gas naturale,True,True,True,True,False,False,0,1,3,5,L219,0,1220,212,198,198,,1870,45.0724836,7.6720022,"45.0724836, 7.6720022",TORINO,E,0coibentazione pareti freddefalse9B73.97B73.97,B,9.0,Triste,Sorridente,No,2015,PRINCIPALE,Caldaia a condensazione,53.41,2016,acs gas,Scalda-acqua a gas,20.69,2016,Climatizzazione,Pompa di calore,17.38,14049.84,Ed. Plurifam.
2022_113184_0118.xml,198,via Scarsellini 12,2022-10-10,G,309.57,20.81,98.65,46.49,Teleriscaldamento,True,True,False,False,False,False,0,1,3,4,L219,,1428,85,198,198,,1949,45.0357,7.6297,"45.0357, 7.6297",Torino,E,coibentazione solaio sottotetto,F,8.02,Triste,Triste,No,1988,,Teleriscaldamento,250.93,2012,,Boiler elettrico,58.64,,,,,14500.0,Ed. Plurifam.
2022_101746_0042.xml,199,CORSO ORBASSANO 380,2022-08-07,F,106.74,0.0,21.01,46.0,Gas naturale,True,True,False,False,False,False,0,1,9,3,L219,,1429,98,199,199,,1960,45.0338,7.6206,"45.0338, 7.6206",Torino,E,				INSUFFLAGGIO PARETI PERIMETRALI,E,8.0,Triste,Triste,No,2016,,Caldaia a condensazione,73.1,2000,,Caldaia standard,33.64,,,,,4234.5599999999995,App. Condominio
2019_102351_0263.xml,2,Via Maddalene 6,2020-01-15,F,278.03,2.32,55.95,64.37,Gas naturale,True,True,False,False,False,False,0,1,3,1,L219,,1145,43,2,2,,1970,45.0905,7.7067,"45.0905, 7.7067",Torino,E,Installazione valvole termostatiche,E,7.76,Triste,Basita/o,No,2006,,Caldaia a condensazione,247.31,2010,,Caldaia standard,30.72,,,,,16767.7,Ed. Plurifam.
2019_104581_0008.xml,2,viale dei Mughetti 29 bis,2020-03-13,G,350.24,14.69,13.53,55.14,Teleriscaldamento,True,True,False,False,False,False,0,1,9,0,L219,,1069,150,2,2,,1964,45.1036,7.6267,"45.1036, 7.6267",TORINO,E,Sul sito http://acs.enea.it/ sono indicate le detrazioni fiscali per il risparmio energetico del patrimonio edilizio esistente attualmente vigenti,G,2.0,Triste,Basita/o,No,2011,,Teleriscaldamento,291.13,2017,,Boiler elettrico,59.11,,,,,18605.0,App. Condominio
2019_106613_0005.xml,2,Via Porta Palatina 4,2019-04-14,D,362.37,14.86,74.69,167.64,Gas naturale,True,False,False,False,True,False,1,1,3,0,L219,,1245,142,2,2,,1918,45.07242,7.68295,"45.07242, 7.68295",TORINO,E,1Sostituzione serramenti esternifalse26D333.75D356.93,D,26.0,Triste,Triste,No,2016,Sylber Conica,Caldaia a condensazione,305.37,,,,,,,,,55797.2,Ed. Plurifam.
2019_203879_0001.xml,2,Via Cernaia 26,2029-01-17,G,152.05,0.03,28.52,32.0,Gas naturale,True,False,False,False,False,False,1,1,3,0,L219,u,1220,212,2,2,,1850,45.0661111111111,7.68222222222222,"45.0661111111111, 7.68222222222222",TORINO,E,1sostituzione serramentofalse26G97.85G97.85,G,26.0,Triste,Basita/o,No,2015,PRINCIPALE,PRINCIPALE,152.05,,,,,,,,,4872.599999999999,Ed. Plurifam.
2019_207895_0009.xml,2,VIA GIOVENALE ANCINA 32,2019-02-22,E,121.41,0.41,22.83,72.05,Gas naturale,True,True,False,False,False,False,0,1,6,0,L219,U,1133,39,2,2,,1953,45.0661111111111,7.68222222222222,"45.0661111111111, 7.68222222222222",TORINO,E,0ISOLAMENTO ALLE STRUTTUREfalse8D86.37D80.15,D,8.0,Triste,Basita/o,No,1993,PRINCIPALE,Caldaia standard,69.55,2000,ACS,Scalda-acqua a gas,51.86,,,,,8700.859999999999,N/D
2020_102099_0002.xml,2,Via Pianezza snc,2020-08-02,G,404.43,58.96,62.12,47.96,Teleriscaldamento,False,False,False,False,False,False,0,1,3,2,L219,,1121,41,2,2,,1980,45.095299,7.645926,"45.095299, 7.645926",TORINO,E,Insufflaggio pareti esterne,G,5.0,Triste,Triste,No,2015,Teleriscaldamento,Teleriscaldamento,166.9,2000,Boiler elettrico,Boiler elettrico,237.53,,,,,13318.0,Ed. Plurifam.
2020_102099_0141.xml,2,VIA LIVORNO 14,2020-12-31,F,278.66,1.41,55.94,82.3,Gas naturale,False,False,False,False,False,False,0,1,6,1,L219,=,1179,259,2,2,,1939,45.083954,7.6676950,"45.083954, 7.6676950",Torino,E,isolamento perimetrale,E,10.0,Triste,Basita/o,No,2016,,Caldaia standard,251.52,2005,,Caldaia standard,27.14,,,,,25275.92,N/D
2020_102099_0156.xml,2,CORSO AGNELLI 105,2020-12-31,F,217.77,1.69,43.81,37.3,Teleriscaldamento,False,False,False,False,False,False,0,1,3,0,L219,=,1425,80,2,2,,1920,45.035815,7.6441370,"45.035815, 7.6441370",Torino,E,isolamento perimetrale,E,10.0,Triste,Triste,No,2016,,Teleriscaldamento,161.29,2005,,Caldaia standard,56.48,,,,,6202.58,Ed. Plurifam.
2020_102099_0174.xml,2,VIA BUSCALIONI 17,2020-12-31,F,219.25,2.68,44.25,50.6,Gas naturale,False,False,False,False,False,False,0,1,2,0,L219,=,1212,97,2,2,,1932,45.077291,7.7006340,"45.077291, 7.7006340",Torino,E,isolamento perimetrale,E,10.0,Triste,Basita/o,No,2016,,Caldaia a condensazione,186.85,2000,,Caldaia standard,32.4,,,,,12027.14,N/D
2020_201485_0041.xml,2,Via Aosta 31,2020-07-22,F,238.23,0.87,46.99,46.5,Gas naturale,False,False,False,False,False,False,0,1,2,0,L219,,1184,5,2,2,,1952,45.0850465201681,7.69084965145113,"45.0850465201681, 7.69084965145113",Torino,E,4Sostituzione produttore ACS08F215.2F215.2,F,8.0,Triste,Basita/o,No,2012,,Caldaia a condensazione,187.53,2000,,Scalda-acqua a gas,50.7,,,,,11015.3194,N/D
2021_106141_0043.xml,2,Via San Marino n° 107 Torino,2021-12-30,D,241.1,17.24,76.32,3703.26,Teleriscaldamento,True,True,False,False,True,False,1,0,9,,L219,,1393,213,2,1,,1970,45.0397,7.6385,"45.0397, 7.6385",Torino,E,Coibentazione solaio confinante verso ambiente non climatizzato,C,5.64,Triste,Triste,No,1997,,Teleriscaldamento,171.86,2015,,Boiler elettrico,36.18,,,,,867760.0,App. Condominio
2021_106141_0048.xml,2,via Sidoli 10,2021-12-30,D,231.85,9.16,76.74,4217.07,Teleriscaldamento,True,True,True,False,True,True,1,0,9,,L219,,1440,53,2,2,,1981,45.0277,7.6458,"45.0277, 7.6458",Torino,E,Coibentazione della copertura,C,4.32,Triste,Triste,No,1998,,Teleriscaldamento,193.83,2010,,Boiler elettrico,0.77,2015,,Pompa di calore,0.26,1034888.0,App. Condominio
2021_106141_0050.xml,2,Via Fiochetto 29,2021-01-12,E,286.2,9.74,58.69,3125.18,Gas naturale,True,True,False,False,True,False,1,0,9,,L219,,1247,127,2,1,,1966,45.0759,7.6891,"45.0759, 7.6891",Torino,E,Cappotto,D,18.44,Triste,Triste,No,2016,,Caldaia a condensazione,253.66,2010,,Boiler elettrico,0.86,,,,,796365.58,App. Condominio
2021_106141_0051.xml,2,Via Montevideo 11,2021-12-30,D,179.61,6.39,59.78,9186.39,Teleriscaldamento,True,True,False,False,True,False,1,0,9,,L219,,1399,210,2,1,,1933,45.0367,7.6542,"45.0367, 7.6542",Torino,E,Coibentazione solaio confinante verso ambiente non climatizzato,D,8.82,Triste,Basita/o,No,1998,,Teleriscaldamento,154.34,2015,,Boiler elettrico,0.43,,,,,1763910.0,App. Condominio
2021_108783_0001.xml,2,Parco Agricolo Laghetti Falchera,2021-12-03,A4,28.36,42.48,6.69,67.94,Solare fotovoltaico,True,True,False,False,False,False,1,0,9,0,L219,,1016,39,2,2,,2021,0,0,"0, 0",Torino,E,				Schermatura solare lucernaio,A4,20.0,Sorridente,Basita/o,Sì,2021,,Pompa di calore,12.58,2021,,Boiler elettrico,15.78,,,,,2971.0,App. Condominio
2021_109163_0001.xml,2,Corso Regina Margherita SNC,2021-06-17,B,1616.58,320.47,518.26,407.99,Gas naturale,True,True,True,True,True,False,1,1,0,0,L219,,1113,86,2,2,,2001,45.116667,7.716667,"45.116667, 7.716667",Torino,E,Il libretto impianti è da aggiornare,A1,16.8,Triste,Triste,No,2021,GRUPPO FRIGORIFERO CLIVET WRA 564,Pompa di calore,557.66,2001,BIASI NTN-AR 90,Caldaia standard,326.55,2021,GRUPPO FRIGORIFERO CLIVET WRA 564,Pompa di calore,328.0,489488.38,N/D
2021_110019_0001.xml,2,Corso Vercelli 157,2021-01-12,B,192.09,5.92,38.44,3270.89,Gas naturale,False,False,False,False,False,False,1,2,7,0,L219,,1104,368,2,1,,1967,45.0985122477833,7.69271221593858,"45.0985122477833, 7.69271221593858",Torino,E,Data sopralluogo: 10/06/2021,B,11.0,Basita/o,Triste,No,2016,,Caldaia a condensazione,170.09,2010,,Boiler elettrico,2.9,,,,,590140.277,N/D
2021_110134_0024.xml,2,Via Carlo Alberto 1/I,2021-02-06,F,465.5,15.33,95.39,25.48,Gas naturale,True,True,True,False,True,False,1,1,3,0,L219,,1280,24,2,2,,1900,45.0697,7.6871,"45.0697, 7.6871",Torino,E,Sostituzione serramenti,F,9.14,Triste,Triste,No,2020,,Caldaia a condensazione,404.03,2020,,Boiler elettrico,6.52,2020,,Pompa di calore,43.24,10583.14,Ed. Plurifam.
2021_207228_0150.xml,2,via sandro botticelli 150,2021-03-07,G,197.29,1.13,37.16,70.0,Gas naturale,True,True,False,False,False,False,0,2,2,0,L219,-,1133,11,2,2,,1957,45.0661111111111,7.68222222222222,"45.0661111111111, 7.68222222222222",TORINO,E,SOSTITUZIONE SERRAMENTI ESTERNI,D,10.0,Triste,Basita/o,No,2016,PRINCIPALE,Caldaia a condensazione,151.66,2000,ACS autonomo,Caldaia standard,45.63,,,,,13675.46,N/D
2022_102099_0002.xml,2,CORSO FERRARA 50 A,2020-12-31,G,343.73,78.39,80.42,182.8,Energia elettrica da rete,False,False,False,False,False,False,0,1,2,0,L219,,1065,26,2,2,,1969,45.108918,7.6247180,"45.108918, 7.6247180",Torino,E,ISOLAMENTO PERIMETRALE,F,10.0,Triste,Triste,No,2015,,Teleriscaldamento,323.7,2006,,Caldaia standard,20.03,,,,,34264.2,N/D
2022_102099_0008.xml,2,CORSO FERRARA 50 C,2020-12-31,G,357.69,86.21,84.38,67.3,Energia elettrica da rete,False,False,False,False,False,False,0,1,2,0,L219,,1065,25,2,2,,1969,45.108918,7.6247180,"45.108918, 7.6247180",Torino,E,ISOLAMENTO PERIMETRALE,F,10.0,Triste,Triste,No,2015,,Teleriscaldamento,309.09,2006,,31,48.6,,,,,12345.0,N/D
2022_205199_0117.xml,2,via arcangelo corelli 37,2022-03-26,D,109.12,0.0,46.6,75.5,Teleriscaldamento,False,False,False,False,False,False,0,1,3,0,L219,,1132,85,2,2,,1965,45.1167,7.7167,"45.1167, 7.7167",TORINO,E,				Isolamento strutture opache verticali verso l'esterno,C,15.0,Triste,Triste,No,2013,,Teleriscaldamento,88.71,2015,,Scalda-acqua a gas,20.41,,,,,12243.1302,Ed. Plurifam.
2019_101781_0003.xml,20,VIA ANCINA,2019-04-11,E,159.21,0.52,31.92,1400.0,Gas naturale,True,True,False,False,False,False,0,0,3,,L219,,1133,39,20,1,,1960,45.0944,7.7112,"45.0944, 7.7112",Torino,E,				COIBENTAZIONE SOTTOTETTO,D,5.0,Triste,Triste,No,2019,,Caldaia a condensazione,143.98,2010,,Caldaia standard,15.23,,,,,210946.09999999998,Ed. Plurifam.
2019_102351_0142.xml,20,Corso Vercelli 491-13,2019-07-24,C,112.85,262.0,27.5,81.96,Biomasse solide,True,True,False,False,False,False,0,1,3,0,L219,,1043,10,20,20,,1925,45.1192,7.7107,"45.1192, 7.7107",Torino,E,sostituzione genratore per ACS,A1,2.56,Triste,Basita/o,No,2018,,Teleriscaldamento,63.49,2016,,Boiler elettrico,49.36,,,,,27732.95,Ed. Plurifam.
2019_312661_0146.xml,20,Corso Vercelli 483-12,2019-10-07,C,112.07,248.03,27.27,40.82,Biomasse solide,True,True,False,False,False,False,0,1,2,0,L219,,1043,8,20,20,,1925,45.1196,7.7093,"45.1196, 7.7093",Torino,E,Sostituzione generatore ACS,A1,4.33,Triste,Basita/o,No,2008,,Teleriscaldamento,59.74,2010,,Boiler elettrico,52.33,,,,,13121.57,N/D
2020_102099_0034.xml,20,Via Pianezza snc,2020-09-25,F,198.18,1.74,63.18,50.68,Teleriscaldamento,False,False,False,False,False,False,0,1,3,4,L219,,1121,41,20,20,,1980,45.095375,7.645750,"45.095375, 7.645750",TORINO,E,Insufflaggio pareti esterne,E,5.0,Triste,Triste,No,2015,Teleriscaldamento,Teleriscaldamento,170.07,2000,Scalda-acqua autonomo istantaneo a gas,Scalda-acqua a gas,28.11,,,,,9479.36,Ed. Plurifam.
2020_102099_0037.xml,20,Via Pianezza snc,2020-09-25,F,198.18,1.74,63.18,50.68,Teleriscaldamento,False,False,False,False,False,False,0,1,3,4,L219,,1121,41,20,20,,1950,45.095375,7.645750,"45.095375, 7.645750",TORINO,E,Insufflaggio pareti esterne,E,5.0,Triste,Triste,No,2015,Teleriscaldamento,Teleriscaldamento,170.07,2000,Scalda-acqua autonomo istantaneo a gas,Scalda-acqua a gas,28.11,,,,,9479.36,Ed. Plurifam.
2020_102099_0104.xml,20,VIA BORGO TICINO 17,2020-10-10,E,99.21,1.52,20.07,82.3,Gas naturale,False,False,False,False,False,False,0,1,3,3,L219,=,1080,176,20,20,,1985,45.106046,7.6952690,"45.106046, 7.6952690",Torino,E,isolamento perimetrale,D,10.0,Triste,Triste,No,2016,,Caldaia a condensazione,73.28,2015,,Caldaia standard,25.93,,,,,8793.52,Ed. Plurifam.
2020_102099_0180.xml,20,VIA BUSCALIONI 21,2020-12-31,F,269.25,2.96,54.29,49.8,Gas naturale,False,False,False,False,False,False,0,1,2,1,L219,=,1212,97,20,20,,1932,45.077291,7.7006340,"45.077291, 7.7006340",Torino,E,isolamento perimetrale,D,10.0,Triste,Triste,No,2016,,Caldaia a condensazione,236.67,2000,,Caldaia standard,32.58,,,,,14586.84,N/D
2020_104795_0010.xml,20,Strada del Portone 35,2020-09-21,E,135.33,0.0,26.16,84.1,Gas naturale,True,True,False,False,False,False,0,1,6,4,L219,,1432,158,20,20,,2008,45.041086,7.638369,"45.041086, 7.638369",TORINO,E,0Intervento su componenti opachifalse7B69.98B69.98,B,7.0,Triste,Triste,No,2008,Caldaia a gas,Caldaia standard,114.93,2008,Caldaia a gas,Caldaia standard,20.4,,,,,10834.6,N/D
2020_312661_0025.xml,20,Via Vittime di Bologna 5,2020-03-23,E,112.66,8.44,22.72,45.26,Gas naturale,True,True,False,False,False,False,0,1,3,3,L219,,1089,306,20,20,,1985,45.1009,7.7292,"45.1009, 7.7292",Torino,E,realizzazione cappotto,D,7.92,Triste,Triste,Sì,2003,,Caldaia a condensazione,95.41,2003,,Caldaia a condensazione,17.25,,,,,5078.04,Ed. Plurifam.
2021_207709_0014.xml,20,Via Giuria 24,2021-03-17,F,138.41,0.0,27.68,87.03,Gas naturale,True,True,False,False,False,False,0,1,6,1,L219,,1351,295,20,20,,2016,45.049946,7.679601,"45.049946, 7.679601",TORINO,E,1Intervento su infissifalse22D78.31D78.31,D,22.0,Triste,Triste,No,2011,Generatore Fossile,Caldaia standard,94.88,1000,Scaldacqua,Scalda-acqua a gas,43.53,,,,,12067.16,N/D
2021_208347_0091.xml,20,STRADA DEL PORTONE 23,2021-11-02,C,62.74,0.19,11.8,58.02,Gas naturale,True,True,False,False,False,False,0,1,6,6,L219,0,1432,138,20,20,,2009,45.0661111111111,7.68222222222222,"45.0661111111111, 7.68222222222222",TORINO,E,2INSTALLAZIONE FONTI RINNOVABILIfalse7B44.73B44.73,B,7.0,Triste,Triste,No,2009,PRINCIPALE,Caldaia standard,47.37,2009,PRINCIPALE,Caldaia standard,15.37,,,,,3616.3399999999997,N/D
2021_313821_0133.xml,20,Via Gallina 3/1,2022-03-23,E,136.16,1.0,27.38,62.79,Teleriscaldamento,True,True,False,False,False,False,0,1,3,1,L219,,1145,5,20,20,,1930,45.0917,7.7093,"45.0917, 7.7093",Torino,E,coibentazione involucro opaco,D,3.7,Triste,Basita/o,No,2015,,Teleriscaldamento,100.31,2015,,Teleriscaldamento,35.85,,,,,5660.0,Ed. Plurifam.
2022_206550_0005.xml,20,Via Arcangelo Corelli 39,2022-03-05,F,182.47,0.02,35.92,91.4,Teleriscaldamento,False,False,False,False,False,False,0,1,6,2,L219,,1132,85,20,20,,1970,45.0960430230533,7.70904830919267,"45.0960430230533, 7.70904830919267",Torino,E,Data sopralluogo: 15/02/2022,E,8.0,Triste,Triste,No,2013,,Teleriscaldamento,160.1,2013,,Caldaia standard,22.37,,,,,15980.8884,N/D
2022_212533_0182.xml,20,Via fossata 70,2022-09-30,E,108.02,0.32,20.3,42.5,Gas naturale,True,True,False,False,False,False,0,1,4,3,L219,0,1128,423,20,20,,1965,45.0967823,7.6877249,"45.0967823, 7.6877249",TORINO,E,coibentazione pareti fredde,D,9.0,Triste,Triste,No,2010,PRINCIPALE,Caldaia a condensazione,80.91,2010,ACS,Scalda-acqua a gas,27.11,,,,,4571.58,N/D
2022_211941_0006.xml,200,Corso Eusebio Giambone 63,2022-01-28,E,210.69,8.04,43.34,122.3,Teleriscaldamento,False,False,False,False,False,False,0,1,6,4,L219,,1423,236,200,200,,1968,45.0667,7.6667,"45.0667, 7.6667",TORINO,E,				Isolamento strutture opache verticali verso l'esterno,E,2.0,Triste,Triste,No,2015,,Teleriscaldamento,177.31,2000,,Boiler elettrico,33.38,,,,,28253.34,N/D
2019_102099_0005.xml,2019_102099_0005,,,,,,,,,False,False,False,False,False,False,,,,,,,,,,,,,,,,,,,,,,,,,,,,,,,,,,,,,N/D
2019_102099_0006.xml,2019_102099_0006,,,,,,,,,False,False,False,False,False,False,,,,,,,,,,,,,,,,,,,,,,,,,,,,,,,,,,,,,N/D
2019_102099_0007.xml,2019_102099_0007,,,,,,,,,False,False,False,False,False,False,,,,,,,,,,,,,,,,,,,,,,,,,,,,,,,,,,,,,N/D
2019_102099_0008.xml,2019_102099_0008,,,,,,,,,False,False,False,False,False,False,,,,,,,,,,,,,,,,,,,,,,,,,,,,,,,,,,,,,N/D
2019_102099_0009.xml,2019_102099_0009,,,,,,,,,False,False,False,False,False,False,,,,,,,,,,,,,,,,,,,,,,,,,,,,,,,,,,,,,N/D
2019_102099_0010.xml,2019_102099_0010,,,,,,,,,False,False,False,False,False,False,,,,,,,,,,,,,,,,,,,,,,,,,,,,,,,,,,,,,N/D
2019_102099_0011.xml,2019_102099_0011,,,,,,,,,False,False,False,False,False,False,,,,,,,,,,,,,,,,,,,,,,,,,,,,,,,,,,,,,N/D
2019_102099_0012.xml,2019_102099_0012,,,,,,,,,False,False,False,False,False,False,,,,,,,,,,,,,,,,,,,,,,,,,,,,,,,,,,,,,N/D
2019_105913_0021.xml,2019_105913_0021,"via Scialoja, 20",2019-09-12,G,206.82,1.11,41.53,70.52,Gas naturale,True,True,False,False,False,False,0,1,3,5,L219,,1079,157,,,,1974,45.1066,7.6909,"45.1066, 7.6909",Torino,E,Cambio infissi,F,27.13,Triste,Basita/o,No,2006,,Caldaia a condensazione,107.61,2007,,Caldaia a condensazione,99.21,,,,,13744.039999999999,Ed. Plurifam.
2019_213760_0042.xml,2019_213760_0042,"Via Bioglio 30, 32, 36 / Via G. Pacini 2, 4, 6 - 10154 Torino",2019-12-30,D,170.41,0.61,34.17,5668.0,Gas naturale,True,True,False,False,False,False,0,0,3,0,L219,,1186,167,,,,1997,45.0875,7.6978,"45.0875, 7.6978",Torino,E,				Coibentazione cassonetti,C,1.5,Triste,Basita/o,No,1198,,Caldaia standard,143.48,1998,,Caldaia standard,26.93,,,,,913603.5,Ed. Plurifam.
2019_213760_0043.xml,2019_213760_0043,"Via Bioglio 30, 32, 36 / Via G. Pacini 2, 4, 6 - 10154 Torino",2019-12-30,D,146.67,0.46,29.4,5668.0,Gas naturale,True,True,False,False,False,False,0,0,3,0,L219,,1186,167,,,,1997,45.0875,7.6978,"45.0875, 7.6978",Torino,E,				Coibentazione cassonetti,C,2.0,Triste,Basita/o,No,2019,,Caldaia a condensazione,123.64,2019,,Caldaia a condensazione,23.03,,,,,787053.38,Ed. Plurifam.
2019_213760_0044.xml,2019_213760_0044,"Via Bioglio 16, 18, 20, 24 - 10154 Torino",2019-12-19,D,170.02,0.73,34.11,3732.93,Gas naturale,True,True,False,False,False,False,0,0,3,0,L219,,1186,167,,,,1997,45.0870,7.6965,"45.0870, 7.6965",Torino,E,				Coibentazione cassonetti,C,2.0,Triste,Basita/o,No,1998,,Caldaia standard,140.52,1998,,Caldaia standard,29.5,,,,,599523.9,Ed. Plurifam.
2019_213760_0045.xml,2019_213760_0045,"via Bioglio 16, 18, 20, 24 - 10154 Torino",2019-12-19,D,147.43,0.32,29.53,3732.93,Gas naturale,True,True,False,False,False,False,0,0,3,0,L219,,1186,167,,,,1997,45.0870,7.6965,"45.0870, 7.6965",Torino,E,				Coibentazione cassonetti,C,2.0,Triste,Basita/o,No,2019,,Caldaia a condensazione,122.61,2019,,Caldaia a condensazione,24.82,,,,,521982.33999999997,Ed. Plurifam.
2019_312661_0138.xml,2019_312661_0138,Via Romolo Gessi 4,2019-02-07,E,127.61,12.43,36.3,35.52,Teleriscaldamento,True,True,False,False,False,False,0,1,3,,L219,,1345,333,,,,1950,45.0506,7.6533,"45.0506, 7.6533",Torino,E,sotituzione del generatore ACS,D,4.6,Triste,Basita/o,No,1999,,Teleriscaldamento,80.44,2007,,Boiler elettrico,47.17,,,,,3797.0,Ed. Plurifam.
2019_312661_0139.xml,2019_312661_0139,Via Romolo Gessi 4,2019-02-07,E,107.4,12.13,29.99,35.41,Teleriscaldamento,True,True,False,False,False,False,0,1,3,,L219,,1345,333,,,,1950,45.0506,7.6533,"45.0506, 7.6533",Torino,E,sotituzione del generatore ACS,D,4.6,Triste,Basita/o,No,1999,,Teleriscaldamento,60.36,2007,,Boiler elettrico,47.04,,,,,3052.0,Ed. Plurifam.
2019_312661_0140.xml,2019_312661_0140,Via Romolo Gessi 4,2019-02-07,E,129.85,12.46,37.01,35.52,Teleriscaldamento,True,True,False,False,False,False,0,1,3,,L219,,1345,333,,,,1950,45.0506,7.6533,"45.0506, 7.6533",Torino,E,sotituzione del generatore ACS,D,4.6,Triste,Basita/o,No,1999,,Teleriscaldamento,82.68,2007,,Boiler elettrico,47.17,,,,,3879.0,Ed. Plurifam.
2019_312661_0141.xml,2019_312661_0141,Via Romolo Gessi 4,2019-02-07,E,140.62,12.59,40.38,35.5,Teleriscaldamento,True,True,False,False,False,False,0,1,3,,L219,,1345,333,,,,1950,45.0506,7.6533,"45.0506, 7.6533",Torino,E,sotituzione del generatore ACS,D,4.6,Triste,Basita/o,No,1999,,Teleriscaldamento,93.48,2007,,Boiler elettrico,47.14,,,,,4271.0,Ed. Plurifam.
2019_312661_0142.xml,2019_312661_0142,Via Romolo Gessi 4,2019-02-07,E,129.74,12.46,36.97,35.52,Teleriscaldamento,True,True,False,False,False,False,0,1,3,,L219,,1345,333,,,,1950,45.0506,7.6533,"45.0506, 7.6533",Torino,E,sotituzione del generatore ACS,D,4.6,Triste,Basita/o,No,1999,,Teleriscaldamento,82.57,2007,,Boiler elettrico,47.17,,,,,3875.0,Ed. Plurifam.
2019_312661_0143.xml,2019_312661_0143,Via Romolo Gessi 4,2019-02-07,E,127.25,12.42,36.19,35.52,Teleriscaldamento,True,True,False,False,False,False,0,1,3,,L219,,1345,333,,,,1950,45.0506,7.6533,"45.0506, 7.6533",Torino,E,sotituzione del generatore ACS,D,4.6,Triste,Basita/o,No,1999,,Teleriscaldamento,80.08,2007,,Boiler elettrico,47.17,,,,,3785.0,Ed. Plurifam.
2021_104490_0005.xml,202,VIA GOTTARDO 233/A,2021-07-07,G,219.21,11.63,42.78,92.2,Gas naturale,True,True,False,False,False,False,0,1,3,5,L219,-,1144,3,202,202,,1977,45.0661111111111,7.68222222222222,"45.0661111111111, 7.68222222222222",TORINO,E,SOSTITUZIONE SERRAMENTI,F,59.0,Triste,Triste,No,1994,PRINCIPALE,Caldaia standard,171.25,2018,ACS autonomo,Boiler elettrico,47.96,,,,,18075.66,Ed. Plurifam.
2022_113065_0008.xml,202,Via Scialoja 4,2022-12-12,A1,42.08,0.15,8.44,69.17,Gas naturale,True,True,False,False,False,False,0,1,6,4,L219,,1079,156,202,202,,1978,45.1074,7.6896,"45.1074, 7.6896",Torino,E,Fotovoltaico,A1,6.16,Basita/o,Sorridente,No,2022,,Caldaia a condensazione,20.57,2022,,Caldaia a condensazione,21.51,,,,,2756.5,N/D
2020_102099_0001.xml,2020_102099_0001,,,,,,,,,False,False,False,False,False,False,,,,,,,,,,,,,,,,,,,,,,,,,,,,,,,,,,,,,N/D
2020_102099_0023.xml,2020_102099_0023,,,,,,,,,False,False,False,False,False,False,,,,,,,,,,,,,,,,,,,,,,,,,,,,,,,,,,,,,N/D
2022_103892_0002.xml,2022_103892_0002,VIA POSTUMIA 28,2022-02-02,G,518.92,17.3,106.36,933.54,Teleriscaldamento,True,True,False,False,True,False,1,0,8,0,L219,,1229,325,,,,1973,45.0684,7.6208,"45.0684, 7.6208",Torino,E,COIBENTAZIONE INVOLUCRO,E,72.0,Triste,Triste,No,1998,,Teleriscaldamento,447.15,2000,,Boiler elettrico,19.62,,,,,312646.0,N/D
2022_110019_0001.xml,2022_110019_0001,Via Beinasco 34,2021-12-27,C,247.12,16.34,50.36,939.92,Gas naturale,False,False,False,False,False,False,1,2,0,0,L219,,1151,430,,,,1972,45.0878461035261,7.67801548098551,"45.0878461035261, 7.67801548098551",Torino,E,Data sopralluogo: 10/06/2021,C,14.0,Basita/o,Triste,No,2015,,Caldaia a condensazione,193.23,2010,,Boiler elettrico,34.36,,,,,201525.8002,N/D
2022_312661_0011.xml,2022_312661_0011,Via Vittime di Bologna,2022-03-29,D,80.7,8.1,16.24,45.95,Gas naturale,True,True,False,False,False,False,0,1,3,1,L219,,1089,306,,,,1985,45.1017,7.7289,"45.1017, 7.7289",Torino,E,realizzazione cappotto,D,7.87,Triste,Triste,Sì,2007,,Caldaia a condensazione,60.42,2007,,Caldaia a condensazione,20.28,,,,,3818.4199999999996,Ed. Plurifam.
2022_312661_0012.xml,2022_312661_0012,Via Vittime di Bologna,2022-03-29,E,115.66,8.33,23.27,45.74,Gas naturale,True,True,False,False,False,False,0,1,3,1,L219,,1089,306,,,,1985,45.1017,7.7289,"45.1017, 7.7289",Torino,E,realizzazione cappotto,D,7.87,Triste,Triste,Sì,2007,,Caldaia a condensazione,95.43,2007,,Caldaia a condensazione,20.23,,,,,5299.599999999999,Ed. Plurifam.
2022_312661_0030.xml,2022_312661_0030,Via Vittime di Bologna 5,2022-04-21,D,86.49,8.25,17.44,46.1,Gas naturale,True,True,False,False,False,False,0,1,3,3,L219,,1089,306,,,,1985,45.1011,7.7292,"45.1011, 7.7292",Torino,E,realizzazione cappotto,C,8.03,Triste,Triste,Sì,2003,,Caldaia a condensazione,63.9,2003,,Caldaia a condensazione,22.59,,,,,4049.16,Ed. Plurifam.
2022_214142_0039.xml,203,VIA CAMINO 16,2022-03-30,G,127.52,12.26,25.68,39.0,Gas naturale,True,True,False,False,False,False,0,1,2,2,L219,-,1184,10,203,203,,1960,45.0661111111111,7.68222222222222,"45.0661111111111, 7.68222222222222",TORINO,E,Sostituzione serramenti esterni,E,10.0,Triste,Basita/o,No,2012,PRINCIPALE,Caldaia a condensazione,76.81,2000,ACS autonomo,Boiler elettrico,50.71,,,,,4009.94,N/D
2021_200466_0003.xml,204,VIA MONTE SEI BUSI 28,2021-05-24,E,173.49,2.78,32.93,46.36,Gas naturale,True,True,False,False,False,False,0,1,3,1,L219,U,1464,208,204,204,,1970,45.0661111111111,7.68222222222222,"45.0661111111111, 7.68222222222222",TORINO,E,Trasmittanza termica strutture trasparenti,D,5.0,Triste,Triste,No,2015,PRINCIPALE,Caldaia a condensazione,120.4,2015,PRINCIPALE,Caldaia a condensazione,53.09,,,,,7798.58,Ed. Plurifam.
2022_107973_0516.xml,204,VIA ROMA 101,2022-11-28,E,161.24,19.18,44.78,87.4,Gas naturale,True,True,True,False,False,False,0,1,3,2,L219,,1282,7,204,204,,1919,45.068772,7.683559,"45.068772, 7.683559",Torino,E,0Inserimento isolamento su involucro opacofalse13.9D133.89D133.89,D,13.9,Triste,Basita/o,No,2014,Generatore a gas YGNIS Varblok 200/200,Caldaia standard,81.72,2015,Generatore a energia elettrica,Boiler elettrico,36.34,2015,Macchina frigorifera a compressione di vapore SAMSUNG,Pompa di calore,43.18,10712.86,Ed. Plurifam.
2022_113184_0126.xml,205,"Via Artom, 81/13_14_15_16_17",2022-11-10,D,132.07,3.07,25.68,53.81,Teleriscaldamento,True,True,False,False,False,False,0,1,3,7,L219,,1488,77,205,205,,1966,45.0112,7.6498,"45.0112, 7.6498",Torino,E,installazione fotovoltaico,D,10.85,Triste,Basita/o,No,1996,,Teleriscaldamento,72.37,2005,,Caldaia standard,59.7,,,,,7319.02,Ed. Plurifam.
2018_200392_0118.xml,208,CORSO GIAMBONE,2019-02-21,A1,45.21,0.34,15.65,103.18,Teleriscaldamento,True,True,False,False,False,False,0,1,3,8,L219,,1423,236,208,208,,1975,45.0314,7.6506,"45.0314, 7.6506",Torino,E,Coibentazione dei cassonetti,A1,3.43,Basita/o,Triste,No,2005,,Teleriscaldamento,24.17,2018,,Caldaia standard,21.04,,,,,5944.94,Ed. Plurifam.
2020_209934_0034.xml,208,VIA ASSAROTTI 16,2020-07-12,B,920.23,86.47,196.93,60.0,Gas naturale,False,False,False,False,False,False,1,1,3,0,L219,,1220,212,208,208,,1913,45.0667,7.6667,"45.0667, 7.6667",TORINO,E,				Sostituzione componenti finestrati,B,18.0,Sorridente,Basita/o,No,2015,,Caldaia a condensazione,626.17,2006,,Boiler elettrico,111.58,2006,,Pompa di calore,0.0,44785.7118,Ed. Plurifam.
2022_212533_0218.xml,208,Via Giuseppe Camino 16,2022-07-11,F,164.75,13.45,32.83,59.06,Gas naturale,True,True,False,False,False,False,0,1,2,4,L219,0,1184,10,208,208,,1960,45.0848882,7.68996,"45.0848882, 7.68996",TORINO,E,coibentazione pareti fredde,E,7.0,Triste,Triste,No,2012,PRINCIPALE,Caldaia a condensazione,109.74,2000,ACS,Boiler elettrico,55.01,,,,,8141.0599999999995,N/D
2019_102351_0131.xml,21,Corso Vercelli 491-8,2019-10-07,C,120.64,286.08,29.42,39.5,Biomasse solide,True,True,False,False,False,False,0,1,2,0,L219,,1043,20,21,21,,1925,45.1192,7.7107,"45.1192, 7.7107",Torino,E,				sostituzione generatore per ACS,B,6.47,Triste,Basita/o,No,2018,,Teleriscaldamento,69.47,2018,,Boiler elettrico,51.17,,,,,14569.31,N/D
2019_102351_0137.xml,21,Corso Vercelli 491-11,2019-04-07,B,113.65,264.66,27.7,81.11,Biomasse solide,True,True,False,False,False,False,0,1,3,0,L219,,1043,14,21,21,,1925,45.1192,7.7107,"45.1192, 7.7107",Torino,E,Sostituzione del generatore ACS,A1,2.53,Triste,Basita/o,No,2018,,Teleriscaldamento,64.14,2017,,Boiler elettrico,49.51,,,,,27716.95,Ed. Plurifam.
2019_102351_0148.xml,21,Corso Vercelli 483-6,2019-05-07,A1,51.33,78.21,11.38,66.37,Biomasse solide,True,True,False,False,False,False,0,1,2,1,L219,,1043,18,21,21,,1925,45.1203,7.7090,"45.1203, 7.7090",Torino,E,sostituzione generatore per ACS,A1,2.81,Triste,Basita/o,No,2018,,Teleriscaldamento,19.62,2010,,Caldaia standard,31.71,,,,,8308.619999999999,N/D
2019_107568_0017.xml,21,Viale dei Mughetti 29bis,2020-01-26,G,341.26,13.83,48.73,58.1,Teleriscaldamento,True,True,False,False,False,False,0,1,3,1,L219,,1069,150,21,21,,1965,45.1167,7.7167,"45.1167, 7.7167",Torino,E,1sostituzione serramenti esternifalse5.8F243.72installazione valvole termostatichefalse6G313.41F216.08,F,5.8,Triste,Basita/o,No,2010,Teleriscaldamento_1,Teleriscaldamento,283.87,2000,idropi,Boiler elettrico,57.39,,,,,12705.0,Ed. Plurifam.
2019_203325_0015.xml,21,VIA DEL CARMINE 4,2019-12-07,E,200.94,0.57,40.27,59.78,Gas naturale,False,False,False,False,False,False,0,1,0,1,L219,,1219,70,21,21,,1800,45.0667,7.6667,"45.0667, 7.6667",TORINO,E,				SOSTITUZIONE SERRAMENTI,E,5.0,Triste,Triste,No,2013,,31,178.85,2013,,31,22.09,,,,,11964.873,N/D
2019_206463_0249.xml,21,via po 2,2019-10-12,E,87.67,1.63,17.78,86.02,Gas naturale,False,False,False,False,False,False,0,1,6,3,L219,,1280,24,21,21,,1900,45.0667,7.6667,"45.0667, 7.6667",TORINO,E,				Coibentazione pareti,D,10.0,Triste,Basita/o,No,2006,,Caldaia standard,63.13,2011,,Scalda-acqua a gas,24.54,,,,,7270.1784,N/D
2020_102099_0181.xml,21,VIA BUSCALIONI 21,2020-12-31,F,281.0,3.04,56.65,49.8,Gas naturale,False,False,False,False,False,False,0,1,2,2,L219,=,1212,97,21,21,,1932,45.077291,7.7006340,"45.077291, 7.7006340",Torino,E,isolamento perimetrale,E,10.0,Triste,Triste,No,2016,,Caldaia a condensazione,248.56,2000,,Caldaia standard,32.44,,,,,15222.06,N/D
2020_311040_0009.xml,21,via Pietro Giuria 24,2020-06-21,E,140.34,0.65,28.16,82.67,Gas naturale,True,True,False,False,False,False,0,1,6,2,L219,,1351,295,21,21,,1956,45.049946,7.679601,"45.049946, 7.679601",TORINO,E,0Intervento su componenti opachifalse26D126.79D126.79,D,26.0,Triste,Basita/o,No,2011,Caldaia a gas a condensazione,Caldaia a condensazione,108.06,2012,Scaldacqua istantaneo a camera stagna a gas naturale,Caldaia standard,32.28,,,,,11515.18,N/D
2021_102099_0003.xml,21,VIA BORGO TICINO 17,2020-08-18,F,177.44,13.18,37.45,60.7,Gas naturale,False,False,False,False,False,False,0,1,3,3,L219,=,1080,176,21,21,,1985,45.106046,7.6952690,"45.106046, 7.6952690",Torino,E,isolamento perimetrale,D,10.0,Triste,Triste,No,2016,,Caldaia a condensazione,127.06,2000,,31,50.38,,,,,10002.9,Ed. Plurifam.
2021_113184_0109.xml,21,via Porta Palatina 4 TO,2021-12-21,G,251.59,1.89,50.6,44.14,Gas naturale,True,True,False,False,False,False,0,1,5,2,L219,,1245,142,21,21,,1900,45.0725,7.6829,"45.0725, 7.6829",Torino,E,sostituzione caldaia condensazione,F,3.89,Triste,Basita/o,No,2002,,Caldaia standard,208.36,2002,,Caldaia standard,43.23,,,,,10425.14,N/D
2021_213790_0004.xml,21,VIA BOLOGNA 256,2021-08-03,F,156.08,16.52,33.68,47.84,Gas naturale,False,False,False,False,False,False,0,1,6,5,L219,,1144,107,21,21,,1956,45.1167,7.7167,"45.1167, 7.7167",TORINO,E,				sostituzione infissi,E,10.0,Triste,Triste,No,2002,,Caldaia standard,98.74,2021,,Boiler elettrico,57.34,,,,,5876.4018,N/D
2021_313821_0142.xml,21,Via Gallina 3/17,2022-03-23,G,422.23,1.17,84.62,45.86,Teleriscaldamento,True,True,False,False,False,False,0,1,3,0,L219,,1145,1,21,21,,1930,45.0917,7.7093,"45.0917, 7.7093",Torino,E,coibentazione involucro opaco,D,3.7,Triste,Triste,No,2015,,Teleriscaldamento,384.83,2015,,Teleriscaldamento,37.4,,,,,12875.0,Ed. Plurifam.
2022_113184_0063.xml,21,Via Monte di Pietà 23,2022-04-06,G,170.1,2.74,34.43,97.81,Gas naturale,True,True,False,False,False,False,0,1,5,2,L219,,1245,255,21,21,,1800,45.0715,7.6789,"45.0715, 7.6789",Torino,E,installazione pannelli solari fotovoltaici,G,7.7,Triste,Basita/o,No,2008,,Caldaia a condensazione,142.52,2008,,Caldaia a condensazione,27.58,,,,,15350.779999999999,N/D
2020_209934_0036.xml,210,VIA ASSAROTTI 16,2020-09-12,D,352.61,58.07,143.57,90.0,Energia elettrica da rete,False,False,False,False,False,False,1,1,3,1,L219,,1220,212,210,210,,1843,45.0667,7.6667,"45.0667, 7.6667",TORINO,E,				Sostituzione componenti finestrati,D,11.0,Triste,Triste,No,2015,,Caldaia a condensazione,161.65,2010,,Boiler elettrico,82.96,,,,,33789.9804,Ed. Plurifam.
2022_109071_0011.xml,210,VIA SCIALOJA ANTONIO E VITTORIO snc,2022-05-25,F,133.31,1.08,25.16,74.08,Gas naturale,True,True,False,False,False,False,0,1,6,4,L219,0,1079,156,210,210,,1975,45.0661111111111,7.68222222222222,"45.0661111111111, 7.68222222222222",TORINO,E,CAPPOTTO ESTERNO,E,5.0,Triste,Triste,No,2006,PRINCIPALE,Caldaia a condensazione,97.15,2006,Impianto 1...,Caldaia a condensazione,36.16,,,,,9733.279999999999,N/D
2020_209934_0035.xml,212,VIA ASSAROTTI 16,2020-09-12,D,447.32,78.96,197.82,60.0,Energia elettrica da rete,False,False,False,False,False,False,1,0,3,1,L219,,1220,212,212,212,,1843,45.0667,7.6667,"45.0667, 7.6667",TORINO,E,				Sostituzione componenti finestrati,D,12.0,Triste,Triste,No,2015,,Caldaia a condensazione,183.01,2010,,Boiler elettrico,108.16,,,,,29876.514600000002,Ed. Plurifam.
2022_113184_0100.xml,212,via Scarsellini 12,2022-05-09,F,180.91,4.29,52.72,48.3,Teleriscaldamento,True,True,False,False,False,False,0,1,3,2,L219,,1428,85,212,212,,1949,45.0353,7.6294,"45.0353, 7.6294",Torino,E,coibentazione parete esterna,E,6.04,Triste,Triste,No,1988,,Teleriscaldamento,117.98,2015,,Caldaia standard,62.93,,,,,9203.98,Ed. Plurifam.
2022_208347_0709.xml,212,VIA VEROLEGNO 29/1,2021-09-04,C,46.38,0.0,9.55,40.22,Teleriscaldamento,True,True,False,False,False,False,0,1,6,2,L219,0,52,6,212,212,,2005,45.0661111111111,7.68222222222222,"45.0661111111111, 7.68222222222222",TORINO,E,"Sostituzione vetri, con doppi vetri basso",B,7.0,Triste,Triste,No,2005,PRINCIPALE,Teleriscaldamento,21.47,2005,PRINCIPALE,Teleriscaldamento,24.91,,,,,1244.0,N/D
2020_100385_0003.xml,214,via camino 16,2020-05-02,F,349.02,11.8,69.56,35.37,Gas naturale,True,True,False,False,False,False,0,1,3,7,L219,,1184,10,214,214,,1965,45.1167,7.7167,"45.1167, 7.7167",Torino,E,0Intervento sulle strutture opachefalse11.9F282.841Intervento sui serramentifalse21.6F325.73E260.01,F,11.9,Triste,Basita/o,No,2012,PARADIGMA ITALIA GAS 610 ECO,Caldaia standard,300.29,2010,Generatore a energia elettrica_1,Boiler elettrico,48.73,,,,,11522.8,Ed. Plurifam.
2022_113184_0101.xml,214,via Scarsellini 12,2022-05-09,G,229.14,18.41,71.59,46.07,Teleriscaldamento,True,True,False,False,False,False,0,1,3,3,L219,,1428,85,214,214,,1949,45.0353,7.6295,"45.0353, 7.6295",Torino,E,coibentazione parete esterna,F,6.04,Triste,Triste,No,1988,,Teleriscaldamento,170.79,2010,,Boiler elettrico,58.35,,,,,10241.0,Ed. Plurifam.
2019_104238_0016.xml,216,VIA G. CAMINO 14,2019-08-10,F,156.93,12.38,31.21,39.39,Gas naturale,True,True,False,False,False,False,0,1,3,0,L219,.,1184,10,216,216,,1961,45.0661111111111,7.68222222222222,"45.0661111111111, 7.68222222222222",TORINO,E,1sostituzione infissifalse54F138.39F138.39,F,54.0,Triste,Triste,No,2012,PRINCIPALE,Caldaia a condensazione,105.85,2014,acs,Boiler elettrico,51.08,,,,,5202.86,Ed. Plurifam.
2020_204454_0069.xml,218,via stefano tempia 3,2020-06-17,E,71.97,0.91,13.63,85.0,Gas naturale,True,True,False,False,False,False,0,1,3,15,L219,u,1043,73,218,218,,1980,45.0661111111111,7.68222222222222,"45.0661111111111, 7.68222222222222",TORINO,E,0cappotto termico su pareti verticalitrue10D50.89D50.89,D,10.0,Triste,Basita/o,No,2019,PRINCIPALE,Caldaia a condensazione,46.31,2019,PRINCIPALE,Caldaia a condensazione,25.66,,,,,5969.96,Ed. Plurifam.
2021_208114_0005.xml,219,VIA LUIGI PALMA DI CESNOLA 57,2021-04-17,A2,85.15,0.0,17.03,58.88,Teleriscaldamento,False,False,False,False,False,False,0,1,3,5,L219,,1443,646,219,219,,2011,45.0667,7.6667,"45.0667, 7.6667",TORINO,E,				Sostituzione componenti finestrati,A2,20.0,Triste,Triste,No,2011,,Teleriscaldamento,39.35,2011,,Teleriscaldamento,45.8,,,,,3342.37,Ed. Plurifam.
2018_212336_0038.xml,22,via po 2,2019-01-21,B,37.54,0.18,7.07,455.0,Gas naturale,True,True,False,False,False,False,0,0,6,4,L219,0,1280,24,22,22,,2017,45.0661111111111,7.68222222222222,"45.0661111111111, 7.68222222222222",TORINO,E,2Sostituzione del generatore del coalore con tipologia a condensazionefalse18A129.62A129.62,A1,18.0,Basita/o,Basita/o,No,2015,PRINCIPALE,Caldaia standard,27.28,2015,PRINCIPALE,Caldaia standard,10.26,,,,,16946.78,N/D
2019_102351_0141.xml,22,Corso Vercelli 491-3,2019-07-24,A1,54.3,90.95,12.14,66.58,Biomasse solide,True,True,False,False,False,False,0,1,2,1,L219,,1043,41,22,22,,1925,45.1192,7.7107,"45.1192, 7.7107",Torino,E,sostituzione generatore per ACS,A1,2.79,Triste,Basita/o,No,2018,,Teleriscaldamento,22.85,2019,,Caldaia standard,31.45,,,,,9384.12,N/D
2019_102351_0143.xml,22,Corso Vercelli 491-13,2019-07-24,C,76.87,107.82,18.47,66.58,Biomasse solide,True,True,False,False,False,False,0,1,2,1,L219,,1043,10,22,22,,1925,45.1192,7.7107,"45.1192, 7.7107",Torino,E,sostituzione genratore per ACS,A1,2.56,Triste,Basita/o,No,2018,,Teleriscaldamento,24.14,2018,,Boiler elettrico,52.73,,,,,9724.98,N/D
2019_102351_0147.xml,22,Corso Vercelli 483-6,2019-07-22,C,86.26,148.84,20.83,40.02,Biomasse solide,True,True,False,False,False,False,0,1,3,1,L219,,1043,18,22,22,,1925,45.1203,7.7090,"45.1203, 7.7090",Torino,E,sostituzione generatore per ACS,A1,2.81,Triste,Basita/o,No,2018,,Teleriscaldamento,34.62,2018,,Boiler elettrico,51.64,,,,,7889.2,Ed. Plurifam.
2019_113184_0072.xml,22,Via Pergolesi 93,2019-02-05,G,245.66,12.64,51.02,76.8,Teleriscaldamento,True,True,False,False,False,False,0,1,3,3,L219,,1132,89,22,22,,1968,45.0957,7.7076,"45.0957, 7.7076",Torino,E,sostituzione serramenti,F,8.16,Triste,Triste,No,2014,,Teleriscaldamento,193.46,2019,,Boiler elettrico,52.2,,,,,11959.0,Ed. Plurifam.
2019_207949_0049.xml,22,VIA SOBRERO 19,2019-02-14,E,114.2,0.09,21.43,72.0,Gas naturale,True,True,False,False,False,False,0,1,6,2,L219,-,1178,197,22,22,,1954,45.0661111111111,7.68222222222222,"45.0661111111111, 7.68222222222222",TORINO,E,4SOSTITUZIONE GENERATORE ACSfalse8D91.90D91.90,D,8.0,Triste,Triste,No,1998,PRINCIPALE,Caldaia standard,87.23,2006,ACS autonomo,Scalda-acqua a gas,26.97,,,,,8224.439999999999,N/D
2019_212533_0290.xml,22,Via Tunisi 11,2019-10-31,D,79.29,0.0,29.79,46.59,Teleriscaldamento,True,True,False,False,False,False,0,1,2,2,L219,0,1380,5,22,22,,1950,45.043936,7.6602545,"45.043936, 7.6602545",TORINO,E,0coibentazione pareti freddefalse10B58.81B58.81,B,10.0,Triste,Triste,No,2005,PRINCIPALE,Teleriscaldamento,48.81,2010,ACS,Scalda-acqua a gas,30.48,,,,,5054.42,N/D
2019_212629_0743.xml,22,VIA DEL CARMINE 4,2019-07-06,G,285.64,0.22,57.16,113.0,Gas naturale,True,True,False,False,False,False,0,1,0,1,L219,,1219,70,22,22,,1800,45.1167,7.7167,"45.1167, 7.7167",Torino,E,0Fabbricato,F,15.0,Triste,Basita/o,No,2013,Generatore a gas o combustibile fossile,Caldaia a condensazione,262.93,2017,Generatore a gas o combustibile fossile,Scalda-acqua a gas,22.71,,,,,32279.48,N/D
2019_312661_0144.xml,22,Corso Vercelli 483,2019-10-07,C,84.17,137.8,20.3,40.92,Biomasse solide,True,True,False,False,False,False,0,1,2,1,L219,,1043,12,22,22,,1925,45.1196,7.7093,"45.1196, 7.7093",Torino,E,Sostituzione del generatore per ACS,C,4.31,Triste,Triste,No,2008,,Teleriscaldamento,31.76,2017,,Boiler elettrico,52.41,,,,,7512.57,N/D
2019_312661_0194.xml,22,Via Mddalene 10,2019-07-11,F,214.68,14.21,45.05,48.39,Gas naturale,True,True,False,False,False,False,0,1,3,3,L219,,1145,74,22,22,,1970,45.0904,7.7074,"45.0904, 7.7074",Torino,E,Installazione valvole termostatiche,F,5.46,Triste,Basita/o,No,2003,,Caldaia a condensazione,156.94,2019,,Boiler elettrico,57.74,,,,,8638.68,Ed. Plurifam.
2020_102099_0105.xml,22,VIA BORGO TICINO 17,2020-08-18,F,239.94,2.52,48.36,66.9,Gas naturale,False,False,False,False,False,False,0,1,3,4,L219,=,1080,176,22,22,,1985,45.106046,7.6952690,"45.106046, 7.6952690",Torino,E,isolamento perimetrale,E,10.0,Triste,Triste,No,2016,,Caldaia a condensazione,211.42,2010,,Caldaia standard,28.52,,,,,17474.68,Ed. Plurifam.
2020_102099_0182.xml,22,VIA BUSCALIONI 21,2020-12-31,E,191.33,2.01,38.57,76.0,Gas naturale,False,False,False,False,False,False,0,1,2,2,L219,=,1212,97,22,22,,1932,45.077291,7.7006340,"45.077291, 7.7006340",Torino,E,isolamento perimetrale,E,10.0,Triste,Basita/o,No,2016,,Caldaia a condensazione,164.73,2000,,Caldaia standard,26.6,,,,,15821.46,N/D
2020_104819_0008.xml,22,Via Parenzo 90,2020-05-09,G,195.93,0.0,38.57,37.2,Teleriscaldamento,False,False,False,False,False,False,0,1,3,2,L219,,1073,18,22,22,,1955,45.1012720415976,7.64423731779098,"45.1012720415976, 7.64423731779098",Torino,E,1Involucro trasparente del fabbricato011F151.82F151.82,F,11.0,Triste,Triste,No,1983,,Teleriscaldamento,152.09,1980,,Scalda-acqua a gas,43.84,,,,,7021.1696,Ed. Plurifam.
2020_206362_0109.xml,22,Strada Del Portone 29,2020-07-09,D,114.69,2.14,22.8,31.6,Gas naturale,False,False,False,False,False,False,0,1,6,7,L219,,1432,137,22,22,,2008,45.032572753437,7.61320930059433,"45.032572753437, 7.61320930059433",Torino,E,0Isolamento muratura esterna010C82.6C82.6,C,10.0,Triste,Triste,No,2010,,Caldaia standard,89.73,2010,,Caldaia standard,24.96,,,,,3492.9372,N/D
2020_212533_0062.xml,22,Viale dei Mughetti 29bis,2020-03-02,D,85.24,0.0,32.94,44.85,Teleriscaldamento,True,True,False,False,False,False,0,1,2,1,L219,0,1069,150,22,22,,1965,45.1039417,7.6264605,"45.1039417, 7.6264605",TORINO,E,0Coibentazione pareti freddefalse3C60.03C60.03,C,3.0,Triste,Triste,No,2000,PRINCIPALE,Teleriscaldamento,55.39,2000,ACS,Scalda-acqua a gas,29.85,,,,,5313.9,N/D
2021_313821_0071.xml,22,"Corso Vercelli 491/16, 10156, Torino",2021-09-09,B,113.04,254.73,27.52,39.86,Biomasse solide,True,True,False,False,False,False,0,1,2,0,L219,,1043,7,22,22,,1925,45.1205,7.7099,"45.1205, 7.7099",Torino,E,sostituzione generatore ACS,A1,5.03,Triste,Basita/o,No,2018,,Teleriscaldamento,61.55,2015,,Boiler elettrico,51.49,,,,,13141.28,N/D
2022_101746_0003.xml,22,CORSO ORBASSANO 370,2022-11-03,F,161.86,0.0,31.51,79.0,Gas naturale,True,True,False,False,False,False,0,1,9,3,L219,,1429,98,22,22,,1960,45.0338,7.6206,"45.0338, 7.6206",Torino,E,				INSUFFLAGGIO PARETI PERIMETRALI,E,8.0,Triste,Triste,No,2016,,Caldaia a condensazione,132.38,2000,,Caldaia standard,29.48,,,,,11408.58,App. Condominio
2022_203322_0002.xml,22,VIA LODI 11,2022-02-05,G,384.03,14.26,78.95,40.88,Gas naturale,True,True,False,False,False,False,0,1,3,1,L219,,1184,10,22,22,,1965,45.084517,7.690752,"45.084517, 7.690752",TORINO,E,1Intervento su infissifalse26G362.47G362.47,G,26.0,Triste,Triste,No,2012,PARADIGMA ECO GAS 610,Caldaia a condensazione,331.65,2022,ARISTON LYDOS PLUS 3201873,Boiler elettrico,52.38,,,,,14550.66,Ed. Plurifam.
2022_210633_0029.xml,22,CORSO LIONE 46,2017-01-10,F,341.09,62.45,72.57,51.0,Energia elettrica da rete,True,True,True,False,False,False,0,0,3,3,L219,0,1298,281,22,22,,1958,45.0661111111111,7.68222222222222,"45.0661111111111, 7.68222222222222",TORINO,E,SOSTITUZIONE SERRAMENTI,F,8.0,Triste,Triste,No,2009,PRINCIPALE,Teleriscaldamento,134.4,2015,ACS autonomo,Scalda-acqua a gas,29.41,2015,Impianto 4...,Pompa di calore,177.28,10707.939999999999,Ed. Plurifam.
2022_312661_0133.xml,22,corso san maurizio 14,2022-10-19,F,404.49,14.49,83.06,44.18,Gas naturale,True,True,False,False,False,False,0,1,3,8,L219,,1248,219,22,22,,1966,45.0699,7.6940,"45.0699, 7.6940",Torino,E,Insuflaggio e coibentazione cassonetti,E,3.86,Triste,Triste,No,2006,,Caldaia a condensazione,349.53,2022,,Boiler elettrico,54.96,,,,,15853.519999999999,Ed. Plurifam.
2022_313821_0049.xml,22,Via Bioglio 16,2022-04-08,E,175.74,1.21,35.33,53.76,Gas naturale,True,True,False,False,False,False,0,1,9,1,L219,,1186,167,22,22,,1999,45.0869,7.6965,"45.0869, 7.6965",Torino,E,REALIZZAZIONE DI CAPPOTTO ESTERNO,D,10.46,Triste,Triste,No,2019,,Caldaia a condensazione,144.79,2019,,Caldaia a condensazione,30.95,,,,,8875.26,App. Condominio
2022_208023_0001.xml,220,via Gottardo 233,2022-07-11,F,126.09,11.74,26.97,100.76,Gas naturale,True,True,False,False,False,False,0,1,3,1,L219,,1144,3,220,220,,1974,45.093037,7.708751,"45.093037, 7.708751",TORINO,E,"1Sostituzione infissi (Uw: 1,400) e applicazione di schermature (Tipo: Tessuti colorati",E,26.0,Triste,Triste,No,1000,caldaia a metano,Caldaia standard,79.45,2010,boiler,Boiler elettrico,46.64,,,,,10329.84,Ed. Plurifam.
2020_311040_0012.xml,221,via Giuseppe Camino 14,2020-07-29,E,148.9,10.87,31.4,43.4,Gas naturale,True,True,False,False,False,False,0,1,3,2,L219,,1184,10,221,221,,1960,45.084842,7.690414,"45.084842, 7.690414",TORINO,E,1Intervento su infissifalse9D105.86D105.86,D,9.0,Triste,Triste,No,2012,Caldaia a condensazione modulante ad alta efficienza,Caldaia a condensazione,104.92,2010,Scaldacqua elettrico ad accumulo,Boiler elettrico,43.98,,,,,5516.76,Ed. Plurifam.
2022_113184_0102.xml,221,via Scarsellini 12,2022-05-09,G,308.41,20.49,98.39,46.49,Teleriscaldamento,True,True,False,False,False,False,0,1,3,4,L219,,1428,85,221,221,,1949,45.0352,7.6295,"45.0352, 7.6295",Torino,E,coibentazione solaio sottotetto,F,6.15,Triste,Triste,No,1988,,Teleriscaldamento,249.77,2013,,Boiler elettrico,58.64,,,,,14477.0,Ed. Plurifam.
2020_200297_0200.xml,222,Via Tempia 3,2020-12-21,E,92.13,1.08,18.59,77.47,Gas naturale,False,False,False,False,False,False,0,1,6,16,L219,,1043,73,222,222,,1976,45.0667,7.6667,"45.0667, 7.6667",TORINO,E,				Isolamento involucro opaco,D,10.0,Triste,Triste,No,2018,,Caldaia a condensazione,52.11,2018,,Caldaia a condensazione,40.02,,,,,6981.226999999999,N/D
2018_102351_0349.xml,223,via pio VII 25,2019-01-23,C,192.91,22.82,53.52,65.28,Teleriscaldamento,True,True,False,False,True,False,1,1,3,0,L219,,1442,74,223,223,,2006,45.0286,7.6544,"45.0286, 7.6544",Torino,E,Coibentazione cassonetti,C,8.94,Basita/o,Basita/o,No,2006,,Teleriscaldamento,117.42,2006,,Teleriscaldamento,10.42,,,,,9954.0,Ed. Plurifam.
2022_211941_0007.xml,225,Corso Eusebio Giambone 63,2022-01-28,E,193.95,0.0,38.79,121.38,Teleriscaldamento,False,False,False,False,False,False,0,1,6,8,L219,,1423,236,225,225,,1968,45.0667,7.6667,"45.0667, 7.6667",TORINO,E,				Isolamento strutture opache verticali verso l'esterno,E,2.0,Triste,Triste,No,2015,,Teleriscaldamento,175.95,2000,,Scalda-acqua a gas,18.0,,,,,25387.818,N/D
2020_106432_0004.xml,226,VIA TREVISO 22,2020-02-03,B,332.17,90.8,64.51,254.95,Gas naturale,True,True,False,True,True,False,1,1,9,-1,L219,-,1153,130,226,226,,2002,45.0661111111111,7.68222222222222,"45.0661111111111, 7.68222222222222",TORINO,E,5INSTALLAZIONE IMPIANTO FOTOVOLTAICO DA 6 kWfalse12A1271.70A1271.70,A1,12.0,Triste,Basita/o,No,2002,PRINCIPALE,Caldaia a condensazione,276.24,2019,Impianto ACS,Pompa di calore,37.45,,,,,76862.54,App. Condominio
2022_202439_0008.xml,226,via cernaia 30,2022-05-20,A1,57.82,10.2,12.31,162.68,Energia elettrica da rete,True,True,False,False,False,False,0,1,3,2,L219,U,1220,212,226,226,,1860,45.0661111111111,7.68222222222222,"45.0661111111111, 7.68222222222222",TORINO,E,sostituzione generatore ACS,A3,1.0,Triste,Basita/o,No,2015,PRINCIPALE,Caldaia a condensazione,15.7,2015,ACS autonomo,Boiler elettrico,42.12,,,,,6057.76,Ed. Plurifam.
2021_113184_0085.xml,227,via Fratelli Garrone 63/30_31_32_33_34_35,2021-11-11,F,205.28,4.27,39.82,54.05,Teleriscaldamento,True,True,False,False,False,False,0,1,3,2,L219,,1488,76,227,227,,1966,45.0116,7.6509,"45.0116, 7.6509",Torino,E,coibentazione cassonetti,F,3.06,Triste,Sorridente,Sì,1996,,Teleriscaldamento,106.7,2020,,Caldaia standard,98.58,,,,,11532.42,Ed. Plurifam.
2020_103201_0020.xml,229,VIA MONTE PASUBIO 23,2020-06-30,G,184.72,0.0,38.03,101.32,Teleriscaldamento,True,True,False,False,False,False,0,1,3,2,L219,-,1439,94,229,229,,1976,45.0661111111111,7.68222222222222,"45.0661111111111, 7.68222222222222",TORINO,E,0cappotto internofalse1E90.681sostituzione infissifalse4G154.72D63.02,E,1.0,Triste,Triste,No,2019,PRINCIPALE,Teleriscaldamento,153.7,2019,Impianto 1...,Teleriscaldamento,31.02,,,,,12477.0,Ed. Plurifam.
2022_212560_0076.xml,229,Via Giuseppe Camino 14,2022-10-28,F,153.07,0.0,30.62,55.64,Gas naturale,False,False,False,False,False,False,0,1,3,5,L219,,1184,10,229,229,,1960,45.1464,8.1514,"45.1464, 8.1514",TORINO,E,				Sostituzione componenti finestrati,E,14.0,Triste,Triste,No,2012,,Caldaia a condensazione,123.29,2012,,Scalda-acqua a gas,29.78,,,,,8532.048999999999,Ed. Plurifam.
2019_102203_0057.xml,23,via valeggio 23,2019-04-23,F,164.41,0.0,32.88,168.18,Teleriscaldamento,True,True,False,False,False,False,0,1,3,4,L219,,1301,135,23,23,,1934,45.059012,7.668788,"45.059012, 7.668788",TORINO,E,0Intervento su componenti opachifalse9E120.35E120.35,E,9.0,Triste,Triste,No,2009,,Teleriscaldamento,139.68,2009,,Scalda-acqua a gas,24.73,,,,,19825.86,Ed. Plurifam.
2019_102351_0129.xml,23,Corso Vercelli 491-5,2019-12-07,A1,58.21,120.16,13.26,83.01,Biomasse solide,True,True,False,False,False,False,0,1,2,1,L219,,1043,37,23,23,,1925,45.1200,7.7102,"45.1200, 7.7102",Torino,E,coibentazione involucro opaco,A3,6.36,Triste,Triste,No,2018,,Teleriscaldamento,30.3,2010,,Caldaia standard,27.91,,,,,14499.69,N/D
2019_104581_0009.xml,23,viale dei Mughetti 29 bis,2020-03-19,G,368.67,0.51,6.16,54.72,Teleriscaldamento,True,True,False,False,False,False,0,1,9,,L219,,1069,150,23,23,,1964,45.1036,7.6267,"45.1036, 7.6267",TORINO,E,Sul sito http://acs.enea.it/ sono indicate le detrazioni fiscali per il risparmio energetico del patrimonio edilizio esistente attualmente vigenti,G,2.0,Triste,Basita/o,No,2011,,Teleriscaldamento,338.74,2015,,Scalda-acqua a gas,29.93,,,,,21112.58,App. Condominio
2019_312661_0215.xml,23,Via Venaria 36,2019-02-12,F,326.15,20.93,68.35,84.6,Gas naturale,True,True,False,False,True,False,1,1,9,0,L219,,1059,281,23,23,,2010,45.1081,7.6611,"45.1081, 7.6611",Torino,E,Sostituzione del generatore di calore,E,13.77,Triste,Triste,No,2010,,Caldaia standard,256.4,2010,,Boiler elettrico,6.52,,,,,23051.6,App. Condominio
2020_102099_0106.xml,23,VIA BORGO TICINO 17,2020-08-18,F,187.52,2.59,37.89,49.5,Gas naturale,False,False,False,False,False,False,0,1,3,4,L219,=,1080,176,23,23,,1985,45.106046,7.6952690,"45.106046, 7.6952690",Torino,E,isolamento perimetrale,D,10.0,Triste,Triste,No,2016,,Caldaia a condensazione,154.96,2015,,Caldaia standard,32.56,,,,,10024.14,Ed. Plurifam.
2020_113184_0014.xml,23,via Guala 95_97 viaSidoli34_36_TO,2020-12-03,E,118.33,0.41,37.43,72.84,Teleriscaldamento,True,True,False,False,False,False,0,1,3,4,L219,,1441,88,23,23,,1993,45.0250,7.6444,"45.0250, 7.6444",Torino,E,isolamento parete esterna,C,2.98,Triste,Triste,No,1997,,Teleriscaldamento,98.67,1997,,Teleriscaldamento,19.66,,,,,9053.0,Ed. Plurifam.
2021_112307_0003.xml,23,via Fossata 70,2021-06-28,G,343.37,13.14,66.28,41.0,Gas naturale,True,True,False,False,False,False,0,1,6,4,L219,-,1128,423,23,23,,1954,45.0966867,7.6868068,"45.0966867, 7.6868068",TORINO,E,Gli interventi migliorativi indicati possono godere delle vigenti agevolazioni fiscali,F,2.0,Triste,Triste,No,2010,PRINCIPALE,Caldaia a condensazione,290.89,2001,Styleboiler mod. VF 80 SE,Boiler elettrico,52.48,,,,,13015.359999999999,N/D
2021_115162_0004.xml,23,Via Pisacane 31-16,2021-12-23,A1,104.18,19.1,21.99,71.64,Gas naturale,False,False,False,False,False,False,0,1,2,3,L219,,1489,150,23,23,,1964,45.0127350273851,7.6541022499847,"45.0127350273851, 7.6541022499847",Torino,E,Data sopralluogo: 25/06/2021,A1,10.0,Basita/o,Basita/o,No,2010,,Caldaia a condensazione,21.15,2015,,Scalda-acqua a gas,26.96,2015,,Pompa di calore,55.54,5433.1384,N/D
2021_210200_0011.xml,23,CORSO TARANTO 157,2017-01-10,C,51.87,0.07,9.74,77.48,Gas naturale,True,True,False,False,False,False,0,1,5,1,L219,0,1133,15,23,23,,1950,45.0661111111111,7.68222222222222,"45.0661111111111, 7.68222222222222",TORINO,E,0COIBENTAZIONE PARETE PERIMETRALItrue6B40.98B40.98,B,6.0,Triste,Basita/o,No,2006,PRINCIPALE,Caldaia standard,26.5,2019,ACS autonomo,Scalda-acqua a gas,25.37,,,,,4016.8199999999997,N/D
2021_214176_0159.xml,23,VIA XX SETTEMBRE 57,2021-07-13,E,151.88,0.0,30.38,85.0,Gas naturale,True,True,False,False,False,False,0,1,3,2,L219,,1245,277,23,23,,1800,45.070345,7.682578,"45.070345, 7.682578",TORINO,E,0ISOLAMENTO STRUTTURE OPACHEtrue7B77.97B77.97,B,7.0,Triste,Basita/o,No,2006,Generatore Fossile,Caldaia standard,126.27,2008,Scaldacqua,Scalda-acqua a gas,25.61,,,,,12931.939999999999,Ed. Plurifam.
2021_313821_0076.xml,23,"Corso Vercelli 487/10, 10156, Torino",2021-05-10,C,77.59,111.67,18.65,67.67,Biomasse solide,True,True,False,False,False,False,0,1,2,1,L219,,1043,13,23,23,,1925,45.1199,7.7098,"45.1199, 7.7098",Torino,E,sostituzione generatore ACS,A1,5.19,Triste,Triste,No,2018,,Teleriscaldamento,25.15,2021,,Boiler elettrico,52.44,,,,,10207.31,N/D
2021_313821_0078.xml,23,"Corso Vercelli 487/15, 10156, Torino",2021-06-10,C,89.4,156.18,21.59,41.6,Biomasse solide,True,True,False,False,False,False,0,1,2,1,L219,,1043,6,23,23,,1925,45.1203,7.7095,"45.1203, 7.7095",Torino,E,sostituzione generatore ACS,A1,5.13,Triste,Triste,No,2018,,Teleriscaldamento,36.42,2018,,Boiler elettrico,52.98,,,,,8596.32,N/D
2021_313821_0143.xml,23,Via Gallina 3/17,2022-03-23,F,250.14,1.09,50.19,45.64,Teleriscaldamento,True,True,False,False,False,False,0,1,3,1,L219,,1145,1,23,23,,1930,45.0917,7.7093,"45.0917, 7.7093",Torino,E,coibentazione involucro opaco,E,3.7,Triste,Triste,No,2015,,Teleriscaldamento,212.84,2015,,Teleriscaldamento,37.3,,,,,7579.0,Ed. Plurifam.
2022_113181_0020.xml,23,Corso Vercelli 487-2,2022-09-13,F,413.97,16.39,81.93,103.86,Gas naturale,False,True,False,False,True,False,1,1,2,0,L219,,1043,40,23,23,,1925,45.1191,7.7102,"45.1191, 7.7102",Torino,E,Realizzazione cappotto interno,E,4.6,Triste,Basita/o,No,,,,345.98,2016,,Boiler elettrico,6.52,,,,,37844.42,N/D
2022_200193_0132.xml,23,VIA AOSTA 31,2022-06-30,F,285.57,4.96,62.43,48.79,Gas naturale,True,True,True,False,False,False,0,1,2,5,L219,,1184,5,23,23,,1952,45.1167,7.7167,"45.1167, 7.7167",Torino,E,0Intervento sulle strutture opachefalse9.7E202.981Intervento sui serramentifalse11.6F240.9E175.89,E,9.7,Triste,Triste,No,2012,BALTUR CONDECO270,Caldaia a condensazione,213.12,2017,VAILLANT,Scalda-acqua a gas,52.03,2015,"N,2 DELONGHI CLIMA",Pompa di calore,20.42,13466.82,N/D
2019_208739_0007.xml,231,VIA VEROLENGO 27,2019-06-03,C,54.18,1.09,10.32,30.49,Gas naturale,True,True,False,False,False,False,0,1,3,2,L219,/,52,6,231,231,,2006,45.0661111111111,7.68222222222222,"45.0661111111111, 7.68222222222222",TORINO,E,5INSERIMENTO FOTOVOLTAICO CONDOMINIALEtrue9C49.65C49.65,C,9.0,Triste,Basita/o,No,2006,PRINCIPALE,Caldaia a condensazione,27.24,2006,PRINCIPALE,Caldaia a condensazione,26.94,,,,,1591.82,Ed. Plurifam.
2022_113184_0119.xml,231,via Scarsellini 12,2022-10-10,G,240.98,18.92,75.5,46.07,Teleriscaldamento,True,True,False,False,False,False,0,1,3,2,L219,,1428,85,231,231,,1949,45.0353,7.6297,"45.0353, 7.6297",Torino,E,coibentazione parete esterna,F,5.98,Triste,Triste,No,1988,,Teleriscaldamento,182.63,2021,,Boiler elettrico,58.35,,,,,10828.0,Ed. Plurifam.
2019_209882_0066.xml,234,VIA GIUSEPPE CAMINO 14,2019-06-25,E,109.23,6.59,22.82,39.84,Gas naturale,False,False,False,False,False,False,0,1,3,6,L219,,1184,10,234,234,,1965,45.0667,7.6667,"45.0667, 7.6667",TORINO,E,				Sostituzione componenti finestrati,D,15.0,Triste,Triste,No,2012,,Caldaia a condensazione,89.45,2012,,Boiler elettrico,19.78,,,,,3827.1465999999996,Ed. Plurifam.
2021_209689_0114.xml,235,Via Valprato 43,2021-07-07,D,94.96,9.22,17.85,76.36,Gas naturale,True,True,False,False,False,False,0,1,6,6,L219,0,1150,316,235,235,,2006,45.0923613,7.6843183,"45.0923613, 7.6843183",TORINO,E,sostituzione serramenti,D,2.0,Triste,Triste,No,2006,PRINCIPALE,Caldaia standard,64.79,2006,PRINCIPALE,Caldaia standard,30.17,,,,,7223.679999999999,N/D
2019_102351_0128.xml,24,Corso Vercelli 483/14,2019-11-07,C,76.09,105.35,18.28,67.18,Biomasse solide,True,True,False,False,False,False,0,1,3,1,L219,,1043,5,24,24,,1925,45.1203,7.7090,"45.1203, 7.7090",Torino,E,Sostituzione del generatore per ACS,C,4.58,Triste,Triste,No,2018,,Teleriscaldamento,23.52,2019,,Boiler elettrico,52.57,,,,,9604.220000000001,Ed. Plurifam.
2019_102351_0138.xml,24,Corso Vercelli 491-11,2019-04-07,C,84.37,140.51,20.35,40.3,Biomasse solide,True,True,False,False,False,False,0,1,3,0,L219,,1043,14,24,24,,1925,45.1192,7.7107,"45.1192, 7.7107",Torino,E,Sostituzione del generatore ACS,A1,2.53,Triste,Triste,No,2018,,Teleriscaldamento,32.49,2017,,Boiler elettrico,51.88,,,,,7527.599999999999,Ed. Plurifam.
2019_109776_0001.xml,24,via casalis 54,2019-11-01,E,247.56,11.19,51.72,596.42,Teleriscaldamento,True,True,False,False,True,False,1,1,3,0,L219,-,1222,20,24,24,,1965,45.0752097,7.6584328,"45.0752097, 7.6584328",TORINO,E,0insufflaggio con argilla espansa inserita nell'intercapedine della muratura perimetralefalse1E184.17E184.17,E,1.0,Triste,Triste,No,2011,PRINCIPALE,Teleriscaldamento,201.12,1992,ACS,Boiler elettrico,26.23,,,,,94173.0,Ed. Plurifam.
2019_200193_0067.xml,24,via aosta 31,2019-05-17,G,308.02,0.36,61.66,49.67,Gas naturale,True,True,False,False,False,False,0,1,2,5,L219,,1184,5,24,24,,1952,45.1167,7.7167,"45.1167, 7.7167",Torino,E,0Intervento sulle strutture opachefalse5.5G255.011Intervento sui serramentifalse14.7G288.21F233.09,G,5.5,Triste,Triste,No,2012,BALTUR CONDECO 270,Caldaia a condensazione,277.34,2015,VAILANT ATMOMAG,Scalda-acqua a gas,30.68,,,,,15285.96,N/D
2019_312661_0198.xml,24,Via Maddalene 6,2019-08-11,F,217.35,1.89,43.75,68.53,Gas naturale,True,True,False,False,False,False,0,1,3,6,L219,,1145,43,24,24,,1970,45.0905,7.7067,"45.0905, 7.7067",Torino,E,Installazione valvole termostatiche,E,5.34,Triste,Basita/o,No,2006,,Caldaia a condensazione,179.32,2005,,Caldaia standard,38.03,,,,,13952.439999999999,Ed. Plurifam.
2020_102099_0183.xml,24,VIA BUSCALIONI 21,2020-12-31,F,269.27,2.97,54.3,49.8,Gas naturale,False,False,False,False,False,False,0,1,2,2,L219,=,1212,97,24,24,,1932,45.077291,7.7006340,"45.077291, 7.7006340",Torino,E,isolamento perimetrale,E,10.0,Triste,Triste,No,2016,,Caldaia a condensazione,236.67,2000,,Caldaia standard,32.6,,,,,14578.9,N/D
2020_102099_0197.xml,24,VIA FREJUS 133,2020-12-31,F,141.86,12.43,30.22,57.0,Teleriscaldamento,False,False,False,False,False,False,0,1,3,6,L219,=,1226,596,24,24,,1952,45.069758,7.6374730,"45.069758, 7.6374730",Torino,E,isolamento perimetrale,E,10.0,Triste,Triste,No,2014,,Teleriscaldamento,90.29,2000,,31,51.57,,,,,4938.0,Ed. Plurifam.
2020_212533_0061.xml,24,Viale dei Mughetti 29bis,2020-03-02,F,168.28,0.0,73.86,44.85,Teleriscaldamento,True,True,False,False,False,False,0,1,2,2,L219,0,1069,150,24,24,,1965,45.1039417,7.6264605,"45.1039417, 7.6264605",TORINO,E,0Coibentazione pareti freddefalse3E143.18E143.18,E,3.0,Triste,Triste,No,2000,PRINCIPALE,Teleriscaldamento,138.43,2000,ACS,Scalda-acqua a gas,29.85,,,,,11256.9,N/D
2021_106141_0029.xml,24,Corso Lombardia 121,2021-12-15,G,211.07,9.04,69.53,78.37,Teleriscaldamento,True,True,False,False,False,False,0,1,3,4,L219,,1111,87,24,24,,1960,45.0984,7.6485,"45.0984, 7.6485",Torino,E,Sostituzione serramenti,F,10.76,Triste,Triste,No,1991,,Teleriscaldamento,173.55,2010,Caldaia elettrica,Caldaia elettrica,37.52,,,,,17360.0,Ed. Plurifam.
2021_110874_0009.xml,24,Corso Vercelli 288,2021-07-13,F,225.1,1.88,42.48,50.4,Gas naturale,True,True,False,False,False,False,0,1,3,4,L219,U,1049,45,24,24,,1970,45.0661111111111,7.68222222222222,"45.0661111111111, 7.68222222222222",TORINO,E,CTMP,C,8.0,Triste,Basita/o,No,2005,PRINCIPALE,Caldaia a condensazione,166.91,2015,ACS autonomo,Caldaia standard,58.19,,,,,11175.76,Ed. Plurifam.
2021_201149_0041.xml,24,VIA TUNISI 11,2021-10-14,F,153.58,0.0,30.23,41.62,Teleriscaldamento,False,False,False,False,False,False,0,1,2,3,L219,,1380,5,24,24,,1950,45.0439744422831,7.6602312245369,"45.0439744422831, 7.6602312245369",Torino,E,Data sopralluogo: 13/10/2021,E,4.9,Triste,Triste,No,2005,,Teleriscaldamento,104.32,2011,,Scalda-acqua a gas,49.26,,,,,6188.4728,N/D
2021_205544_0106.xml,24,via giuria pietro 24 - torino,2021-10-31,A1,81.98,3.35,16.7,78.41,Gas naturale,True,True,True,False,False,False,0,1,3,3,L219,,1351,295,24,24,,1960,45.0499,7.6796,"45.0499, 7.6796",Torino,E,				installazione impianto vmc,A1,30.0,Triste,Triste,No,2011,centralizzato,centralizzato,43.94,2017,autonomo,autonomo,26.19,2017,autonomo,autonomo,11.85,5638.34,Ed. Plurifam.
2021_313821_0080.xml,24,"Corso Vercelli 491/13, 10156, Torino",2021-05-10,C,84.83,138.04,20.45,41.64,Biomasse solide,True,True,False,False,False,False,0,1,2,1,L219,,1043,10,24,24,,1925,45.1202,7.7101,"45.1202, 7.7101",Torino,E,sostituzione generatore ACS,A1,4.78,Triste,Triste,No,2018,,Teleriscaldamento,31.82,2019,,Boiler elettrico,53.01,,,,,7662.32,N/D
2022_114601_0032.xml,24,via Alessandro Fleming 19,2022-04-07,F,171.41,1.52,33.9,60.14,Gas naturale,False,False,False,False,False,False,0,1,3,6,L219,,1480,417,24,24,,2010,45.0163589677417,7.63539830919265,"45.0163589677417, 7.63539830919265",Torino,E,Data sopralluogo: 01/07/2022,E,10.0,Triste,Basita/o,No,2010,,Caldaia a condensazione,133.66,2010,,Caldaia a condensazione,37.75,,,,,10141.454399999999,Ed. Plurifam.
2022_313821_0069.xml,24,"Corso Vercelli 491/5, 10156, Torino",2022-05-08,C,71.65,115.98,16.0,41.68,Biomasse solide,True,True,False,False,False,False,0,1,2,2,L219,,1043,37,24,24,,1925,45.1203,7.7095,"45.1203, 7.7095",Torino,E,sostituzione generatore ACS,A1,4.73,Triste,Triste,No,2018,,Teleriscaldamento,29.08,2010,,Caldaia standard,42.57,,,,,7546.89,N/D
2020_208347_0068.xml,240,via Gaidano 22,2020-01-29,F,146.8,0.0,30.22,70.36,Teleriscaldamento,True,True,False,False,False,False,0,1,0,4,L219,/,1391,23,240,240,,1960,45.0661111111111,7.68222222222222,"45.0661111111111, 7.68222222222222",TORINO,E,0Isolamento muratura esternafalse3E90.38E90.38,E,3.0,Triste,Triste,No,2005,PRINCIPALE,Teleriscaldamento,114.38,2005,PRINCIPALE,Teleriscaldamento,32.42,,,,,6886.0,N/D
2021_208114_0007.xml,241,VIA LUIGI PALMA DI CESNOLA 57,2021-04-17,A2,85.15,0.0,17.03,58.88,Teleriscaldamento,False,False,False,False,False,False,0,1,3,6,L219,,1443,646,241,241,,2011,45.0667,7.6667,"45.0667, 7.6667",TORINO,E,				Sostituzione componenti finestrati,A2,20.0,Triste,Triste,No,2011,,Teleriscaldamento,39.35,2011,,Teleriscaldamento,45.8,,,,,3342.37,Ed. Plurifam.
2021_113365_0003.xml,243,Via Gaidano 22,2021-08-10,E,165.88,0.0,32.65,83.21,Teleriscaldamento,False,False,False,False,False,False,0,1,6,5,L219,,1391,23,243,243,,1960,45.0401,7.62614,"45.0401, 7.62614",Torino,E,Data sopralluogo: 28/08/2021,D,6.0,Triste,Triste,No,2005,,Teleriscaldamento,141.72,2005,,Teleriscaldamento,24.16,,,,,13145.47,N/D
2021_204783_0004.xml,244,Via Angelo Scarsellini 12,2021-01-10,E,100.38,0.0,20.08,45.18,Teleriscaldamento,True,True,False,False,False,False,0,1,3,4,L219,,1428,85,244,244,,1952,45.0354,7.6304,"45.0354, 7.6304",Torino,E,Coibentazione interna pareti esterne,D,18.43,Triste,Basita/o,No,2016,,Teleriscaldamento,75.09,2021,Rendimento noto stagionale,Rendimento noto stagionale,25.29,,,,,3345.46,Ed. Plurifam.
2021_208114_0008.xml,244,VIA LUIGI PALMA DI CESNOLA 57,2021-04-17,B,194.95,0.0,38.99,58.88,Teleriscaldamento,False,False,False,False,False,False,0,1,3,7,L219,,1443,646,244,244,,2011,45.0667,7.6667,"45.0667, 7.6667",TORINO,E,				Sostituzione componenti finestrati,B,20.0,Triste,Triste,No,2011,,Teleriscaldamento,152.54,2011,,Teleriscaldamento,42.41,,,,,7652.71,Ed. Plurifam.
2022_208114_0008.xml,244,VIA VALPRATO 43/8,2022-12-04,C,63.58,1.46,12.93,52.25,Gas naturale,False,False,False,False,False,False,0,1,6,2,L219,,1150,316,244,244,,2006,45.0667,7.6667,"45.0667, 7.6667",TORINO,E,				Sostituzione componenti finestrati,B,18.0,Triste,Basita/o,No,2006,,Caldaia standard,36.06,2006,,Caldaia standard,27.52,,,,,3173.2729999999997,N/D
2019_208347_0058.xml,246,VIA VALPRATO 43/8,2019-01-21,D,67.99,0.24,12.79,43.92,Gas naturale,True,True,False,False,False,False,0,1,6,2,L219,0,1150,316,246,246,,2002,45.0661111111111,7.68222222222222,"45.0661111111111, 7.68222222222222",TORINO,E,"1Sostituzione vetri, con doppi vetri basso",C,10.0,Triste,Triste,No,2002,PRINCIPALE,Caldaia standard,53.73,2002,PRINCIPALE,Caldaia standard,14.26,,,,,2975.18,N/D
2021_208114_0029.xml,247,VIA VALPRATO 43/8,2021-11-29,B,59.35,1.46,12.09,52.25,Gas naturale,False,False,False,False,False,False,0,1,6,3,L219,,1150,316,247,247,,2006,45.0667,7.6667,"45.0667, 7.6667",TORINO,E,				Sostituzione componenti finestrati,B,18.0,Triste,Basita/o,No,2021,,Caldaia a condensazione,32.94,2021,,Caldaia a condensazione,26.41,,,,,2952.5056,N/D
2019_311910_0086.xml,248,Via Valprato 43\8,2019-03-12,E,133.24,0.0,26.65,54.15,Gas naturale,True,True,False,False,False,False,0,1,9,3,L219,,1150,316,248,248,,2006,45.049356,7.62699,"45.049356, 7.62699",TORINO,E,0Intervento su componenti opachifalse8D91.65D91.65,D,8.0,Triste,Triste,No,2006,Autonomo,Caldaia standard,108.34,2006,Autonomo,Caldaia standard,24.9,,,,,7226.379999999999,App. Condominio
2019_210284_0036.xml,249,via paolo gaidano 21,2019-05-11,E,109.28,0.0,32.14,89.61,Teleriscaldamento,True,True,False,False,False,False,0,1,6,6,L219,/,1391,23,249,249,,1960,45.0661111111111,7.68222222222222,"45.0661111111111, 7.68222222222222",TORINO,E,0Isolamento pareti perimetralifalse2C75.09C75.09,C,2.0,Triste,Basita/o,No,2005,PRINCIPALE,Teleriscaldamento,86.13,2005,PRINCIPALE,Teleriscaldamento,23.15,,,,,9326.0,N/D
2020_113184_0190.xml,25,corso san maurizio 14_16_TO,2020-11-19,F,186.2,1.11,37.4,75.61,Gas naturale,True,True,False,False,False,False,0,1,3,2,L219,,1248,219,25,25,,1957,45.0713,7.6935,"45.0713, 7.6935",Torino,E,installazione valvole termostatiche,E,3.16,Triste,Triste,No,2006,,Caldaia a condensazione,140.34,2006,,Caldaia standard,45.86,,,,,13259.039999999999,Ed. Plurifam.
2020_206019_0016.xml,25,via Bernardo De Canal 27,2020-10-19,D,104.78,0.0,20.48,39.6,Teleriscaldamento,False,False,False,False,False,False,0,1,6,5,L219,,1426,358,25,25,,1961,45.0667,7.6667,"45.0667, 7.6667",TORINO,E,				Isolamento strutture opache verticali verso l'esterno,B,6.0,Triste,Triste,No,2015,,Teleriscaldamento,77.96,2018,,Scalda-acqua a gas,26.82,,,,,6017.3778,N/D
2021_113184_0062.xml,25,"Via Artom, 81/13_14_15_16_17",2021-09-11,F,145.64,3.53,28.15,54.93,Teleriscaldamento,True,True,False,False,False,False,0,1,3,2,L219,,1488,77,25,25,,1966,45.0112,7.6498,"45.0112, 7.6498",Torino,E,sostituzione generatore di calore per acqua calda sanitaria,E,9.16,Triste,Basita/o,No,1996,,Teleriscaldamento,91.53,2013,,Caldaia standard,54.11,,,,,8366.4,Ed. Plurifam.
2021_313821_0070.xml,25,"Corso Vercelli 487/15, 10156, Torino",2021-09-09,C,74.86,95.31,17.95,42.83,Biomasse solide,True,True,False,False,False,False,0,1,2,2,L219,,1043,6,25,25,,1925,45.1203,7.7095,"45.1203, 7.7095",Torino,E,sostituzione generatore ACS,A1,5.03,Triste,Triste,No,2018,,Teleriscaldamento,20.91,2019,,Boiler elettrico,53.95,,,,,5596.8099999999995,N/D
2021_313821_0073.xml,25,"Corso Vercelli 491/5, 10156, Torino",2021-09-09,C,77.16,109.96,18.54,67.67,Biomasse solide,True,True,False,False,False,False,0,1,2,2,L219,,1043,37,25,25,,1925,45.1205,7.7098,"45.1205, 7.7098",Torino,E,sostituzione generatore ACS,A1,4.79,Triste,Triste,No,2018,,Teleriscaldamento,24.72,2021,,Boiler elettrico,52.44,,,,,10062.539999999999,N/D
2022_205727_0009.xml,25,Via Vittorio Andreis 18/10 r,2022-04-20,E,381.04,40.39,119.74,274.5,Gas naturale,True,True,False,False,True,False,1,1,5,0,L219,,1215,136,25,25,,1867,45.116667,7.716667,"45.116667, 7.716667",Torino,E,sostituzione infissi esterni,D,14.2,Triste,Basita/o,No,2010,Generatore a gas o combustibile fossile,Caldaia standard,213.65,2010,Generatore a energia elettrica,Boiler elettrico,0.0,,,,,82280.76,N/D
2020_111396_0020.xml,252,CORSO EUSEBIO GIAMBONE 63,2021-06-29,G,238.95,0.0,47.04,46.98,Teleriscaldamento,False,False,False,False,False,False,0,1,3,0,L219,,1423,236,252,252,,1970,45.0312684081441,7.65345930059433,"45.0312684081441, 7.65345930059433",Torino,E,Data sopralluogo: 25/06/2021,F,10.0,Triste,Basita/o,No,2015,,Teleriscaldamento,207.98,2010,,Scalda-acqua a gas,30.97,,,,,10763.321,Ed. Plurifam.
2021_208114_0009.xml,256,VIA LUIGI PALMA DI CESNOLA 61,2021-04-17,A2,86.63,0.0,17.32,57.12,Teleriscaldamento,False,False,False,False,False,False,0,1,3,6,L219,,1443,646,256,256,,2011,45.0667,7.6667,"45.0667, 7.6667",TORINO,E,				Sostituzione componenti finestrati,A2,20.0,Triste,Basita/o,No,2011,,Teleriscaldamento,40.45,2011,,Teleriscaldamento,46.18,,,,,3298.56,Ed. Plurifam.
2021_208114_0010.xml,258,VIA LUIGI PALMA DI CESNOLA 61,2021-04-17,B,190.4,0.0,38.08,57.12,Teleriscaldamento,False,False,False,False,False,False,0,1,3,7,L219,,1443,646,258,258,,2011,45.0667,7.6667,"45.0667, 7.6667",TORINO,E,				Sostituzione componenti finestrati,B,20.0,Triste,Triste,No,2011,,Teleriscaldamento,147.2,2011,,Teleriscaldamento,43.2,,,,,7250.3,Ed. Plurifam.
2021_213745_0007.xml,259,Via Valprato 43/8,2021-01-19,C,100.64,12.61,19.96,70.41,Gas naturale,True,True,True,False,False,False,0,1,3,2,L219,-,1150,316,259,259,,2006,45.0922621,7.6843315,"45.0922621, 7.6843315",TORINO,E,Intervento migliorativo proposto soggetto a detrazioni fiscali nel rispetto della normativa nazionale vigente,B,20.0,Triste,Triste,No,2006,,Caldaia standard,49.58,2006,,Caldaia standard,30.97,2012,,Pompa di calore,20.09,6015.54,Ed. Plurifam.
2019_102351_0130.xml,26,Corso Vercelli 491-5,2019-12-07,C,80.02,116.31,19.24,42.62,Biomasse solide,True,True,False,False,False,False,0,1,3,2,L219,,1043,37,26,26,,1925,45.1192,7.7107,"45.1192, 7.7107",Torino,E,sostituzione genratore per ACS,C,5.17,Triste,Triste,No,2018,,Teleriscaldamento,26.23,2018,,Boiler elettrico,53.79,,,,,6690.93,Ed. Plurifam.
2019_200448_0059.xml,26,VIA CILEA FRANCESCO 4,2019-06-21,F,159.98,0.24,30.03,49.46,Gas naturale,True,True,False,False,False,False,0,1,2,5,L219,-,1131,70,26,26,,1965,45.0971885,7.7049569,"45.0971885, 7.7049569",TORINO,E,"Si evidenzia che, per il sopracitato intervento migliorativo raccomandato, possono essere utilizzate le detrazioni fiscali, nel rispetto della legge nazionale vigente",E,6.0,Triste,Triste,No,2006,PRINCIPALE,Caldaia a condensazione,107.59,1998,Impianto 1...,Scalda-acqua a gas,52.39,,,,,7907.419999999999,N/D
2019_206326_0014.xml,26,Corso regina Margherita 440,2019-06-17,E,761.52,857.26,225.98,65.0,Energia elettrica da rete,True,False,False,False,True,False,1,1,9,0,L219,,1113,86,26,26,,2002,45.1167,7.7167,"45.1167, 7.7167",Torino,E,0Intervento sulle strutture opachefalse9.2E662.631Intervento sui serramentifalse11.7D525.18C468.81,E,9.2,Triste,Triste,No,2002,pompa di calore,Pompa di calore,554.74,,,,,,,,,25384.0,App. Condominio
2019_206326_0015.xml,26,Corso regina Margherita 440,2019-06-17,E,652.51,691.81,200.26,65.0,Energia elettrica da rete,True,False,False,False,True,False,1,1,9,0,L219,,1113,86,26,26,,2002,45.1167,7.7167,"45.1167, 7.7167",Torino,E,0Intervento sulle strutture opachefalse7.6D581.091Intervento sui serramentifalse15D517.6D497.65,D,7.6,Triste,Triste,No,2002,pompa di calore,Pompa di calore,445.73,,,,,,,,,21750.0,App. Condominio
2019_212533_0320.xml,26,VIALE DEI MUGHETTI 29 BIS,2019-11-28,E,126.4,0.0,53.87,59.14,Teleriscaldamento,True,True,False,False,False,False,0,1,3,0,L219,0,1069,150,26,26,,1965,45.10253,7.62775,"45.10253, 7.62775",TORINO,E,1sostituzione infissifalse1E109.05E109.05,E,1.0,Triste,Triste,No,2010,PRINCIPALE,Teleriscaldamento,98.64,2000,acs gas,Scalda-acqua a gas,27.76,,,,,10958.1,Ed. Plurifam.
2019_213309_0045.xml,26,CORSO ALLAMANO 60/B,2019-10-21,E,170.4,1.08,34.24,83.8,Gas naturale,False,False,False,False,False,False,0,1,7,2,L219,,1389,156,26,26,,1981,45.0667,7.6667,"45.0667, 7.6667",TORINO,E,				Isolamento strutture opache verticali verso l'esterno,D,14.0,Triste,Basita/o,No,1992,,Caldaia standard,150.62,2005,,Scalda-acqua a gas,19.78,,,,,14120.8798,N/D
2019_312661_0149.xml,26,Corso Vercelli 491-16,2019-11-07,C,88.35,154.96,21.34,40.68,Biomasse solide,True,True,False,False,False,False,0,1,2,0,L219,,1043,7,26,26,,1925,45.1205,7.7099,"45.1205, 7.7099",Torino,E,Sotituzione del generatore ACS,A1,2.83,Triste,Triste,No,2008,,Teleriscaldamento,36.14,2010,,Boiler elettrico,52.21,,,,,8339.5,N/D
2020_205065_0003.xml,26,via bologna 147,2020-06-18,E,243.7,3.99,49.34,81.0,Gas naturale,False,False,False,False,False,False,0,1,0,3,L219,,1188,7,26,26,,1940,45.0667,7.6667,"45.0667, 7.6667",TORINO,E,				Sostituzione componenti finestrati,E,14.0,Triste,Triste,No,2010,,Caldaia standard,205.55,2014,,Caldaia standard,25.9,2015,,Pompa di calore,12.25,19117.8188,N/D
2021_113184_0091.xml,26,via Bellezia Gian Francesco 33 Torino,2021-11-23,G,329.36,2.28,66.21,29.83,Gas naturale,True,True,False,False,False,False,0,1,5,4,L219,,209,106,26,26,,1900,45.0757,7.6816,"45.0757, 7.6816",Torino,E,coibentazione sottotetto,F,4.98,Triste,Basita/o,No,2011,,Caldaia standard,272.26,2011,,Caldaia standard,57.1,,,,,9230.16,N/D
2021_313821_0077.xml,26,"Corso Vercelli 487/10, 10156, Torino",2021-05-10,B,58.89,98.23,13.14,67.67,Biomasse solide,True,True,False,False,False,False,0,1,2,2,L219,,1043,13,26,26,,1925,45.1199,7.7098,"45.1199, 7.7098",Torino,E,sostituzione generatore ACS,A1,5.19,Triste,Triste,No,2018,,Teleriscaldamento,24.72,2021,,Caldaia standard,34.17,,,,,10332.72,N/D
2021_313821_0082.xml,26,"Corso Vercelli 483/6, 10156, Torino",2021-05-10,B,83.32,147.84,20.14,85.47,Biomasse solide,True,True,False,False,False,False,0,1,2,3,L219,,1043,18,26,26,,1925,45.1203,7.7095,"45.1203, 7.7095",Torino,E,sostituzione generatore ACS,A2,4.45,Triste,Triste,No,2018,,Teleriscaldamento,34.56,2020,,Boiler elettrico,48.76,,,,,16695.04,N/D
2021_313821_0083.xml,26,"Corso Vercelli 487/2, 10156, Torino",2021-05-10,B,65.39,104.49,14.6,42.83,Biomasse solide,True,True,False,False,False,False,0,1,2,1,L219,,1043,40,26,26,,1925,45.1191,7.7102,"45.1191, 7.7102",Torino,E,sostituzione generatore ACS,A1,5.01,Triste,Triste,No,2018,,Teleriscaldamento,26.17,2020,,Caldaia standard,39.22,,,,,7008.11,N/D
2021_313821_0084.xml,26,"Corso Vercelli 491/8, 10156, Torino",2021-05-10,C,74.38,99.08,17.85,67.75,Biomasse solide,True,True,False,False,False,False,0,1,2,2,L219,,1043,20,26,26,,1925,45.1205,7.7098,"45.1205, 7.7098",Torino,E,sostituzione generatore ACS,A1,5.02,Triste,Triste,No,2018,,Teleriscaldamento,21.96,2021,,Boiler elettrico,52.42,,,,,9151.89,N/D
2021_313821_0144.xml,26,Via Gallina 3/17,2022-03-23,E,125.17,0.98,25.18,64.66,Teleriscaldamento,True,True,False,False,False,False,0,1,3,2,L219,,1145,1,26,26,,1930,45.0917,7.7093,"45.0917, 7.7093",Torino,E,coibentazione involucro opaco,D,3.7,Triste,Basita/o,No,2015,,Teleriscaldamento,89.68,2015,,Teleriscaldamento,35.49,,,,,5356.0,Ed. Plurifam.
2022_101416_0035.xml,26,"Via Taggia, n. 25",2022-09-15,C,127.52,13.27,27.49,1268.84,Gas naturale,True,True,True,True,True,False,1,0,3,,L219,,1422,182,26,26,,1916,45.0356,7.6568,"45.0356, 7.6568",Torino,E,				Coibentazione pareti,B,10.26,Triste,Sorridente,No,2021,,Caldaia a condensazione,73.69,2021,,Caldaia a condensazione,0.86,2018,,Pompa di calore,15.1,123376.76,Ed. Plurifam.
2022_109339_0014.xml,26,Via Bologna 141,2022-07-22,G,312.75,0.11,62.57,61.66,Gas naturale,True,True,False,False,False,False,0,1,3,3,L219,,1188,11,26,26,,1920,45.116667,7.716667,"45.116667, 7.716667",Torino,E,0Intervento sulle strutture opachefalse4.6C101.741Intervento sui serramentifalse11.2G287.28A175.27,C,4.6,Triste,Basita/o,No,2010,RIELLO ALU 450 PRO POWER,Caldaia standard,287.65,2000,VAILLANT GEYSERMAG,Caldaia standard,25.1,,,,,19308.539999999997,Ed. Plurifam.
2022_205727_0010.xml,26,Via Vittorio Andreis 18/10 r,2022-04-20,E,426.41,40.42,128.81,150.6,Gas naturale,True,True,False,False,True,False,1,1,5,0,L219,,1215,136,26,26,,1867,45.116667,7.716667,"45.116667, 7.716667",Torino,E,sostituzione infissi esterni,D,9.1,Triste,Basita/o,No,2010,Generatore a gas o combustibile fossile,Caldaia standard,259.02,2010,Generatore a energia elettrica,Boiler elettrico,0.0,,,,,51977.439999999995,N/D
2022_214663_0084.xml,26,Via Valeggio 23,2022-11-29,F,162.84,81.35,32.87,79.76,Teleriscaldamento,True,True,False,False,False,False,0,1,3,1,L219,-,1301,135,26,26,,1938,45.0588888888889,7.66861111111111,"45.0588888888889, 7.66861111111111",TORINO,E,Sostituzione serramenti esterni,E,10.0,Triste,Basita/o,No,2009,PRINCIPALE,Teleriscaldamento,120.81,2010,ACS autonomo,Caldaia standard,42.03,,,,,9652.34,Ed. Plurifam.
2020_212533_0270.xml,262,VIA ALBENGA 20,2020-09-11,C,57.8,0.0,20.96,84.58,Teleriscaldamento,True,True,False,False,False,False,0,1,6,4,L219,0,1423,236,262,262,,1986,45.0661111111111,7.68222222222222,"45.0661111111111, 7.68222222222222",TORINO,E,0coibentazione pareti freddefalse7A145.78A145.78,A1,7.0,Triste,Triste,No,2005,PRINCIPALE,Teleriscaldamento,33.11,2010,acs gas,Scalda-acqua a gas,24.69,,,,,6561.4,N/D
2020_110301_0002.xml,266,Via Luigi Palma di Cesnola 63,2020-01-29,B,33.69,630978.19,15.57,78.05,Teleriscaldamento,True,True,False,False,False,False,0,1,6,3,L219,-,1443,646,266,266,,2010,45.0661111111111,7.68222222222222,"45.0661111111111, 7.68222222222222",TORINO,E,0Realizzazione cappotto internofalse4A411.26A411.26,A4,4.0,Triste,Triste,Sì,2011,PRINCIPALE,Teleriscaldamento,33.69,2011,PRINCIPALE,Teleriscaldamento,0.0,,,,,4604.0,N/D
2020_200690_0018.xml,268,VIA VALPRATO 43/8,2020-02-24,C,77.7,0.0,15.54,70.0,Gas naturale,True,True,False,False,False,False,0,1,3,7,L219,,1150,316,268,268,,2006,45.1167,7.7167,"45.1167, 7.7167",Torino,E,0Intervento sulle strutture opachefalse13.7B63.141Intervento sui serramentifalse42C70.11B55.85,B,13.7,Triste,Triste,No,2006,ESEMPI Caldaia standard (***) 24 kW,Caldaia standard,54.35,2006,ESEMPI Caldaia standard (***) 24 kW,Caldaia standard,23.35,,,,,5447.12,Ed. Plurifam.
2020_105218_0089.xml,269,VIA CESCNOLA 63,2020-02-12,A2,33.74,52648.33,6.95,60.04,Solare termico,True,True,False,False,False,False,0,1,6,5,L219,U,1443,646,269,269,,2009,45.0215123,7.653109,"45.0215123, 7.653109",TORINO,E,0MIGLIORAMENTO ISOLAMENTO PARETI PERIMETRALI ESTERNEfalse5A230.00A230.00,A2,5.0,Triste,Triste,Sì,2011,ALFA LAVAL,Teleriscaldamento,0.0,2011,ALFA LAVAL,Teleriscaldamento,33.74,,,,,4268.0,N/D
2019_102351_0139.xml,27,Corso Vercelli 491-11,2019-07-22,C,79.29,130.97,19.12,83.76,Biomasse solide,True,True,False,False,False,False,0,1,3,2,L219,,1043,14,27,27,,1925,45.1192,7.7107,"45.1192, 7.7107",Torino,E,Sostituzione del generatore ACS,A1,2.53,Triste,Triste,No,2018,,Teleriscaldamento,30.24,2017,,Boiler elettrico,49.05,,,,,14600.57,Ed. Plurifam.
2019_107973_0039.xml,27,Corso Belgio 105,2019-02-26,F,256.84,0.03,51.37,40.3,Gas naturale,True,True,False,False,False,False,0,1,0,8,L219,,1253,29,27,27,,1955,45.074203,7.718270,"45.074203, 7.718270",Torino,E,0Isolamento superfici disperdentifalse5.7B82.85B82.85,B,5.7,Triste,Triste,No,2007,Generatore a gas o combustibile fossile,Caldaia standard,210.28,2018,Generatore a gas o combustibile fossile,Scalda-acqua a gas,46.56,,,,,10370.42,N/D
2019_110704_0063.xml,27,VIA TUNISI 11,2019-09-30,F,156.27,10.17,32.98,45.95,Teleriscaldamento,True,True,False,False,False,False,0,1,6,5,L219,0,1380,5,27,27,,1948,45.0661111111111,7.68222222222222,"45.0661111111111, 7.68222222222222",TORINO,E,"0Realizzazione di insufflaggio, nella cassavuota pareti perimetralitrue3E98.93E98.93",E,3.0,Triste,Triste,No,2005,PRINCIPALE,Teleriscaldamento,106.69,2000,Impianto 1...,Scalda-acqua a gas,49.58,,,,,4436.0,N/D
2019_208347_0548.xml,27,STRADA DEL PORTONE 35,2019-07-27,D,70.44,0.25,13.24,34.52,Gas naturale,True,True,False,False,False,False,0,1,6,5,L219,0,1432,161,27,27,,2010,45.0861111111111,7.57694444444444,"45.0861111111111, 7.57694444444444",TORINO,E,"1Sostituzione vetri, con doppi vetri basso",C,8.0,Triste,Triste,No,2010,PRINCIPALE,Caldaia standard,61.98,2010,PRINCIPALE,Caldaia standard,8.46,,,,,2413.54,N/D
2019_209110_0004.xml,27,Via Lodi 11,2019-08-05,F,238.22,0.01,44.67,60.18,Gas naturale,False,False,False,False,False,False,0,1,7,2,L219,,1184,10,27,27,,1980,45.084494,7.690813,"45.084494, 7.690813",TORINO,E,SOSTITUZIONE SERRAMENTI,E,6.0,Triste,Basita/o,No,2012,Caldaia standard,Caldaia standard,203.98,,,,34.24,,,,,14364.3,N/D
2019_312661_0207.xml,27,Via Maddalene 6,2019-11-18,F,308.05,15.24,63.88,48.02,Gas naturale,True,True,False,False,False,False,0,1,3,1,L219,,1145,43,27,27,,1970,45.0905,7.7067,"45.0905, 7.7067",Torino,E,Installazione valvole termostatiche,F,5.33,Triste,Basita/o,No,2006,,Caldaia a condensazione,250.54,2017,,Boiler elettrico,57.51,,,,,12749.439999999999,Ed. Plurifam.
2021_101975_0009.xml,27,via Pirano 15/65,2021-03-12,E,153.11,0.0,30.62,49.34,Teleriscaldamento,False,False,False,False,False,False,0,1,3,1,L219,,1073,17,27,27,,1970,45.0667,7.6667,"45.0667, 7.6667",TORINO,E,				Sostituzione serramenti esterni,D,3.0,Triste,Triste,No,2005,,Teleriscaldamento,129.59,2017,,Caldaia a condensazione,23.52,,,,,5425.013,Ed. Plurifam.
2021_112725_0001.xml,27,Via XX Settembre 57,2021-01-19,E,139.29,0.19,27.44,35.19,Gas naturale,False,False,False,False,False,False,0,1,3,4,L219,,1245,277,27,27,,1800,45.0703085096996,7.68250731779098,"45.0703085096996, 7.68250731779098",Torino,E,0cappotto interno09D110.14D110.14,D,9.0,Triste,Basita/o,No,2006,,Caldaia a condensazione,95.79,2000,,Scalda-acqua a gas,43.5,,,,,4896.5974,Ed. Plurifam.
2021_200471_0002.xml,27,VIA MONTE PASUBIO 21/B,2021-01-26,D,429.43,0.0,85.89,68.0,Teleriscaldamento,False,False,False,False,False,False,0,1,0,4,L219,,1439,94,27,27,,1970,45.0667,7.6667,"45.0667, 7.6667",TORINO,E,				SOSTITUZIONE SERRAMENTI,D,2.0,Triste,Triste,No,1997,,Teleriscaldamento,384.61,2015,,Teleriscaldamento,44.82,,,,,19467.34,N/D
2021_313821_0075.xml,27,"Corso Vercelli 483/12, 10156, Torino",2021-05-10,C,77.2,110.15,18.56,67.67,Biomasse solide,True,True,False,False,False,False,0,1,2,2,L219,,1043,8,27,27,,1925,45.1203,7.7095,"45.1203, 7.7095",Torino,E,sostituzione generatore ACS,A1,4.79,Triste,Triste,No,2018,,Teleriscaldamento,24.76,2012,,Boiler elettrico,52.44,,,,,10081.22,N/D
2021_313821_0145.xml,27,Via Gallina 3/17,2022-03-23,F,302.17,1.13,60.6,47.37,Teleriscaldamento,True,True,False,False,False,False,0,1,3,3,L219,,1145,1,27,27,,1930,45.0917,7.7093,"45.0917, 7.7093",Torino,E,coibentazione involucro opaco,E,3.7,Triste,Triste,No,2015,,Teleriscaldamento,264.12,2015,,Teleriscaldamento,38.05,,,,,9508.0,Ed. Plurifam.
2022_203223_0061.xml,27,via Sandro Botticelli 170,2022-05-07,E,133.73,0.25,25.11,53.62,Gas naturale,True,True,False,False,False,False,0,1,7,3,L219,-,1133,18,27,27,,1958,45.0661111111111,7.68222222222222,"45.0661111111111, 7.68222222222222",TORINO,E,Isolamento strutture verticali,C,11.0,Triste,Triste,No,2017,PRINCIPALE,Caldaia a condensazione,104.92,1000,Impianto 1...,Scalda-acqua a gas,28.81,,,,,7155.98,N/D
2022_203223_0062.xml,27,via Sandro Botticelli 170,2022-05-07,E,133.73,0.25,25.11,53.62,Gas naturale,True,True,False,False,False,False,0,1,7,3,L219,-,1133,18,27,27,,1958,45.0661111111111,7.68222222222222,"45.0661111111111, 7.68222222222222",TORINO,E,Isolamento strutture verticali,C,11.0,Triste,Triste,No,2017,PRINCIPALE,Caldaia a condensazione,104.92,1000,Impianto 1...,Scalda-acqua a gas,28.81,,,,,7155.98,N/D
2022_313821_0050.xml,27,Via Bioglio 16,2022-04-08,E,177.76,1.17,35.73,39.68,Gas naturale,True,True,False,False,False,False,0,1,9,2,L219,,1186,167,27,27,,1999,45.0869,7.6965,"45.0869, 7.6965",Torino,E,REALIZZAZIONE DI CAPPOTTO ESTERNO,D,10.46,Triste,Basita/o,No,2019,,Caldaia a condensazione,149.23,2019,,Caldaia a condensazione,28.53,,,,,6629.58,App. Condominio
2020_101827_0001.xml,271,VIA VALPRATO 43/8,2020-07-09,D,86.14,3.1,17.69,97.0,Gas naturale,False,False,False,False,False,False,0,1,3,8,L219,,1150,316,271,271,,2006,45.0667,7.6667,"45.0667, 7.6667",TORINO,E,				SOSTITUZIONE SERRAMENTI,C,15.0,Triste,Triste,No,2007,,Caldaia a condensazione,57.57,2007,,Caldaia a condensazione,28.57,,,,,7760.1802,Ed. Plurifam.
2021_102099_0011.xml,272,VIA CRAVERO 6,2021-12-31,G,221.08,10.92,45.84,96.2,Gas naturale,False,False,False,False,False,False,0,1,3,2,L219,=,1144,3,272,272,,1936,45.093243,7.7084250,"45.093243, 7.7084250",Torino,E,isolamento perimetrale,F,10.0,Triste,Triste,No,1994,,Caldaia standard,177.42,2005,,31,43.66,,,,,21082.239999999998,Ed. Plurifam.
2022_209689_0003.xml,273,Via Pietro Bonfante 2,2022-01-25,F,138.9,0.0,28.59,58.66,Teleriscaldamento,True,True,False,False,False,False,0,1,6,2,L219,-,1391,23,273,273,,1965,45.04043,7.6260822,"45.04043, 7.6260822",TORINO,E,infissi,E,4.0,Triste,Triste,No,2005,PRINCIPALE,Teleriscaldamento,104.84,2005,Impianto 1...,Teleriscaldamento,34.06,,,,,5431.0,N/D
2021_212247_0095.xml,277,VIA BONFANTE PIETRO 2,2021-10-19,E,113.86,2.71,38.64,58.44,Teleriscaldamento,True,True,False,False,False,False,0,1,3,3,L219,,1391,23,277,277,,1968,45.0404,7.6261,"45.0404, 7.6261",Torino,E,				Coibentazione dell'intercapedine d'aria mediante insufflaggio,D,5.0,Triste,Triste,No,2005,,Teleriscaldamento,95.08,2005,,Teleriscaldamento,18.78,,,,,7527.0,Ed. Plurifam.
2019_102351_0132.xml,28,Corso Vercelli 491-8,2019-12-07,B,93.87,176.05,22.72,40.9,Biomasse solide,True,True,False,False,False,False,0,1,2,3,L219,,1043,20,28,28,,1925,45.1192,7.7107,"45.1192, 7.7107",Torino,E,sostituzione generatore per ACS,A2,3.48,Triste,Triste,No,2018,,Teleriscaldamento,41.47,2016,,Boiler elettrico,52.4,,,,,9467.63,N/D
2019_108905_0068.xml,28,Strada Mongreno 79,2019-07-10,E,144.44,1.15,28.55,151.71,Gas naturale,False,False,False,False,False,False,0,1,5,4,L219,,1204,98,28,28,,1989,45.0765255364159,7.73893367774121,"45.0765255364159, 7.73893367774121",Torino,E,1Sostituzione infissi esistenti con nuovi infissi con telaio a taglio termico e vetro con rivestimento basso emissivo08E126.16E126.16,E,8.0,Triste,Triste,No,2015,,Caldaia a condensazione,111.47,2015,,Caldaia a condensazione,32.97,,,,,21598.312799999996,N/D
2019_312661_0199.xml,28,Via Maddalene 6,2019-08-11,F,213.48,2.2,43.02,48.39,Gas naturale,True,True,False,False,False,False,0,1,3,2,L219,,1145,43,28,28,,1970,45.0905,7.7067,"45.0905, 7.7067",Torino,E,Installazione valvole termostatiche,F,5.34,Triste,Basita/o,No,2006,,Caldaia a condensazione,167.03,2005,,Caldaia standard,46.45,,,,,9649.119999999999,Ed. Plurifam.
2020_100857_0020.xml,28,Via Pinelli 22 Torino,2020-04-11,G,166.1,0.2,33.25,60.32,Teleriscaldamento,True,True,False,False,False,False,0,1,3,14,L219,,1178,144,28,28,,2020,45.0806,7.6677,"45.0806, 7.6677",Torino,E,sostituzione infissi,F,9.0,Triste,Triste,No,2005,,Teleriscaldamento,138.59,1980,,Caldaia standard,27.51,,,,,7129.76,Ed. Plurifam.
2020_208347_0278.xml,28,STRADA DEL PORTONE 35,2020-04-06,C,141.94,7.77,27.93,65.53,Gas naturale,True,True,True,False,False,False,0,1,6,5,L219,0,1432,161,28,28,,2009,45.0661111111111,7.68222222222222,"45.0661111111111, 7.68222222222222",TORINO,E,"1Sostituzione vetri, con doppi vetri basso",B,10.0,Triste,Triste,No,2009,PRINCIPALE,Caldaia standard,84.62,2009,PRINCIPALE,Caldaia standard,23.74,2009,Impianto 1...,Pompa di calore,33.58,8100.78,N/D
2020_212533_0060.xml,28,Viale dei Mughetti 29bis,2020-03-02,C,73.35,0.0,27.11,58.31,Teleriscaldamento,True,True,False,False,False,False,0,1,2,1,L219,0,1069,150,28,28,,1965,45.1039417,7.6264605,"45.1039417, 7.6264605",TORINO,E,0Coibentazione pareti freddefalse5B57.60B57.60,B,5.0,Triste,Triste,No,2000,PRINCIPALE,Teleriscaldamento,43.59,2000,ACS,Scalda-acqua a gas,29.76,,,,,5803.5,N/D
2021_102099_0009.xml,28,VIA DE CANAL 39,2020-12-31,F,166.83,0.87,33.5,75.7,Teleriscaldamento,False,False,False,False,False,False,0,1,3,6,L219,=,1426,357,28,28,,1968,45.034019,7.6411970,"45.034019, 7.6411970",Torino,E,isolamento perimetrale,D,10.0,Triste,Triste,No,1998,,Teleriscaldamento,140.1,2005,,Caldaia standard,26.73,,,,,9158.24,Ed. Plurifam.
2021_113184_0080.xml,28,Via Fratelli Garrone 74_5_6_7_8,2021-04-11,E,122.66,2.83,23.73,72.15,Teleriscaldamento,True,True,False,False,False,False,0,1,3,3,L219,,1488,72,28,28,,1966,45.0128,7.6499,"45.0128, 7.6499",Torino,E,sostituzione del generatore di calore per acqua calda sanitaria,E,7.61,Triste,Triste,No,1996,,Teleriscaldamento,74.5,2015,,Caldaia standard,48.16,,,,,9232.52,Ed. Plurifam.
2021_208347_0187.xml,28,STRADA DEL PORTONE 35/4,2021-02-22,D,71.79,0.22,13.5,64.33,Gas naturale,True,True,False,False,False,False,0,1,6,5,L219,0,1432,158,28,28,,2009,45.0661111111111,7.68222222222222,"45.0661111111111, 7.68222222222222",TORINO,E,"Sostituzione infissi, con infissi aventi doppio vetro basso",C,12.0,Triste,Triste,No,2009,PRINCIPALE,Caldaia standard,55.95,2009,PRINCIPALE,Caldaia standard,15.84,,,,,4597.46,N/D
2021_311906_0071.xml,28,via Damiano Generale Luigi 5/6,2021-06-21,D,119.11,0.29,23.08,46.03,Gas naturale,True,True,False,False,False,False,0,1,6,3,L219,,1183,211,28,28,,2005,45.086812,7.684208,"45.086812, 7.684208",Torino,E,con la legge finanziaria sono stati prolungati gli incentivi in merito agli interventi di efficentamento energetico,D,37.0,Triste,Basita/o,No,2005,RADI NEW STORAGE 24 BI,Caldaia standard,93.29,2005,RADI NEW STORAGE 24 BI,Caldaia standard,25.82,,,,,5466.179999999999,N/D
2021_313821_0079.xml,28,"Corso Vercelli 487/15, 10156, Torino",2021-05-10,B,93.28,171.13,22.56,41.71,Biomasse solide,True,True,False,False,False,False,0,1,2,3,L219,,1043,6,28,28,,1925,45.1203,7.7095,"45.1203, 7.7095",Torino,E,sostituzione generatore ACS,A2,5.13,Triste,Triste,No,2018,,Teleriscaldamento,40.21,2021,,Boiler elettrico,53.07,,,,,9400.89,N/D
2021_313821_0096.xml,28,"Corso Vercelli 487/10, 10156, Torino",2021-10-13,C,84.21,135.63,20.3,41.64,Biomasse solide,True,True,False,False,False,False,0,1,2,2,L219,,1043,13,28,28,,1925,45.1199,7.7098,"45.1199, 7.7098",Torino,E,sostituzione generatore ACS,A1,5.19,Triste,Triste,No,2018,,Teleriscaldamento,31.2,2008,,Boiler elettrico,53.01,,,,,7536.23,N/D
2021_313821_0097.xml,28,"Corso Vercelli 491/5, 10156, Torino",2021-10-13,B,88.38,151.68,21.34,41.77,Biomasse solide,True,True,False,False,False,False,0,1,2,3,L219,,1043,37,28,28,,1925,45.1205,7.7098,"45.1205, 7.7098",Torino,E,sostituzione generatore ACS,A2,4.79,Triste,Triste,No,2018,,Teleriscaldamento,35.27,2021,,Boiler elettrico,53.11,,,,,8397.84,N/D
2022_203057_0016.xml,28,VIA ANDREIS 18,2022-03-16,D,148.3,2.32,30.01,105.0,Gas naturale,False,False,False,False,False,False,1,1,5,1,L219,,1215,136,28,28,,1900,45.0667,7.6667,"45.0667, 7.6667",TORINO,E,				Sostituzione componenti finestrati,C,11.0,Triste,Basita/o,No,2010,VIESSMANN Modello VITOCROSSAL200,Caldaia standard,125.27,2010,VIESSMANN Modello VITOCROSSAL200,Caldaia standard,23.03,,,,,15104.162,N/D
2022_207949_0115.xml,28,VIA PARENZO 80,2022-05-04,D,98.11,97.57,41.01,41.59,Teleriscaldamento,True,True,False,False,False,False,0,1,3,1,L219,-,1073,18,28,28,,1940,45.0661111111111,7.68222222222222,"45.0661111111111, 7.68222222222222",TORINO,E,COIBENTAZIONE PARETI VERTICALI,C,26.0,Triste,Basita/o,No,2015,PRINCIPALE,Teleriscaldamento,66.42,2015,ACS autonomo,Scalda-acqua a gas,31.69,,,,,5620.28,Ed. Plurifam.
2020_108242_0001.xml,286,Via Valprato 43 snc,2020-04-02,D,97.49,0.0,19.5,72.0,Gas naturale,True,True,True,False,False,False,0,1,3,2,L219,,1150,316,286,286,,2007,45.092755,7.684788,"45.092755, 7.684788",TORINO,E,0false1A40A40,A4,1.0,Triste,Basita/o,No,2006,Nuovo Generatore Fossile ...,Caldaia standard,70.89,2006,Nuovo Generatore Fossile ...,Caldaia standard,26.6,1000,Nuovo Generatore Fossile ...,Caldaia standard,0.0,7027.58,Ed. Plurifam.
2021_103511_0027.xml,288,via valprato 43,2021-05-07,D,84.61,0.82,17.0,55.32,Gas naturale,True,True,False,False,False,False,0,1,3,3,L219,,1150,316,288,288,,2006,45.0924,7.6842,"45.0924, 7.6842",Torino,E,				Installazione impianto di climatizzazione estivo,C,5.0,Triste,Triste,No,2006,,Caldaia standard,60.69,2006,,Caldaia standard,23.92,,,,,4371.2,Ed. Plurifam.
2021_205065_0012.xml,288,corso Traiano 135,2021-10-26,B,54.51,4.71,10.41,91.0,Teleriscaldamento,False,False,False,False,False,False,0,1,0,5,L219,,1443,646,288,288,,2011,45.1167,7.7167,"45.1167, 7.7167",TORINO,E,				Sostituzione componenti finestrati,A2,3.0,Triste,Triste,Sì,2011,,Teleriscaldamento,33.94,2011,,Teleriscaldamento,20.57,,,,,5771.72,N/D
2019_212053_0014.xml,289,Via Bonfante 2,2019-07-06,F,154.72,0.0,30.94,60.0,Teleriscaldamento,False,False,False,False,False,False,0,1,3,6,L219,,1391,23,289,289,,1960,45.0667,7.6667,"45.0667, 7.6667",TORINO,E,				Isolamento strutture opache verticali verso l'esterno,F,14.0,Triste,Triste,No,2018,,Teleriscaldamento,110.3,2013,,Teleriscaldamento,44.42,,,,,6188.66,Ed. Plurifam.
2019_101408_0029.xml,29,andreis 18,2019-10-23,G,384.74,17.31,80.04,315.45,Gas naturale,False,False,False,False,False,False,1,1,8,1,L219,,1215,136,29,29,,1940,45.080196,7.683041,"45.080196, 7.683041",TORINO,E,Sostituzione infissi,G,13.0,Triste,Basita/o,No,2010,Caldaia a condensazione,Caldaia a condensazione,322.6,2000,Boiler elettrico,Boiler elettrico,5.4,,,,,114435.18,N/D
2019_101746_0009.xml,29,CORSO ORBASSANO 370,2019-12-06,G,190.62,0.0,37.02,76.0,Gas naturale,True,True,False,False,False,False,0,1,9,6,L219,,1429,98,29,29,,1960,45.0338,7.6206,"45.0338, 7.6206",Torino,E,				INSUFFLAGGIO PARETI PERIMETRALI,F,8.0,Triste,Triste,No,2016,,Caldaia a condensazione,160.45,2000,,Caldaia standard,30.17,,,,,13015.92,App. Condominio
2019_102351_0133.xml,29,Corso Vercelli 491-8,2019-12-07,A1,64.09,101.48,14.3,42.33,Biomasse solide,True,True,False,False,False,False,0,1,2,3,L219,,1043,20,29,29,,1925,45.1200,7.7102,"45.1200, 7.7102",Torino,E,sostituzione generatore per ACS,A2,3.48,Triste,Triste,No,2018,,Teleriscaldamento,25.38,2018,,Caldaia standard,38.71,,,,,6743.19,N/D
2019_102351_0140.xml,29,Corso Vercelli 491-3,2019-07-24,B,83.9,136.09,20.23,67.15,Biomasse solide,True,True,False,False,False,False,0,1,3,3,L219,,1043,41,29,29,,1925,45.1192,7.7107,"45.1192, 7.7107",Torino,E,sostituzione generatore per ACS,A2,2.79,Triste,Triste,No,2018,,Teleriscaldamento,31.33,2018,,Boiler elettrico,52.57,,,,,12186.06,Ed. Plurifam.
2019_113184_0068.xml,29,Via Pergolesi 91,2019-02-05,G,399.18,14.23,81.96,54.93,Teleriscaldamento,True,True,False,False,False,False,0,1,3,0,L219,,1132,88,29,29,,1968,45.0960,7.7070,"45.0960, 7.7070",Torino,E,sostituzione serramenti,G,10.72,Triste,Triste,No,2013,,Teleriscaldamento,340.55,2015,,Boiler elettrico,58.63,,,,,14119.0,Ed. Plurifam.
2019_211937_0031.xml,29,VIA BONFANTE PIETRO 6,2019-11-03,F,109.93,11.67,28.84,87.53,Teleriscaldamento,True,True,False,False,False,False,0,1,6,5,L219,A,1391,23,29,29,,1971,45.0661111111111,7.68222222222222,"45.0661111111111, 7.68222222222222",TORINO,E,1SOSTITUZIONE SERRAMENTI VERSO ESTERNOfalse8E73.23E73.23,E,8.0,Triste,Basita/o,No,2016,PRINCIPALE,Teleriscaldamento,61.5,2010,ACS autonomo,Boiler elettrico,48.43,,,,,7300.0,N/D
2019_312661_0145.xml,29,Corso Vercelli 483,2019-10-07,C,83.41,134.45,20.11,41.03,Biomasse solide,True,True,False,False,False,False,0,1,2,2,L219,,1043,12,29,29,,1925,45.1196,7.7093,"45.1196, 7.7093",Torino,E,Sostituzione del generatore per ACS,C,4.31,Triste,Triste,No,2008,,Teleriscaldamento,30.91,2019,,Boiler elettrico,52.5,,,,,7358.79,N/D
2019_312661_0147.xml,29,Corso Vercelli 483-12,2019-10-07,B,89.22,157.72,21.56,40.9,Biomasse solide,True,True,False,False,False,False,0,1,2,0,L219,,1043,8,29,29,,1925,45.1196,7.7093,"45.1196, 7.7093",Torino,E,Sostituzione generatore ACS,A2,4.33,Triste,Triste,No,2008,,Teleriscaldamento,36.82,2010,,Boiler elettrico,52.4,,,,,8526.96,N/D
2021_313821_0169.xml,29,"Corso Vercelli 491/16, 10156, Torino",2022-03-05,B,80.23,141.52,18.04,41.6,Biomasse solide,True,True,False,False,False,False,0,1,2,2,L219,,1043,7,29,29,,1925,45.1205,7.7099,"45.1205, 7.7099",Torino,E,sostituzione generatore ACS,A1,6.76,Triste,Triste,No,2018,,Teleriscaldamento,35.57,2010,,Caldaia standard,44.66,,,,,8945.35,N/D
2022_109071_0010.xml,29,VIA BORRIANA 11,2022-05-05,F,159.49,4.01,30.48,81.51,Gas naturale,True,True,False,False,False,False,0,1,3,1,L219,0,1188,10,29,29,,1930,45.0661111111111,7.68222222222222,"45.0661111111111, 7.68222222222222",TORINO,E,CAPPOTTO,D,3.0,Triste,Basita/o,No,2015,PRINCIPALE,Caldaia a condensazione,134.53,2020,Impianto 1...,Scalda-acqua a gas,24.96,,,,,12354.619999999999,Ed. Plurifam.
2021_207744_0029.xml,290,Corso Traiano 135,2021-09-26,B,77.88,29.99,16.98,93.1,Teleriscaldamento,True,True,True,False,False,False,0,1,6,6,L219,,1443,646,290,290,,2011,45.0214,7.6532,"45.0214, 7.6532",Torino,E,false0.01A40A40,A4,0.01,Basita/o,Basita/o,Sì,2011,Teleriscaldamento,Teleriscaldamento,47.88,2011,Teleriscaldamento,Teleriscaldamento,0.0,2011,Haier u,Pompa di calore,30.0,6523.0,N/D
2022_107997_0017.xml,291,VIA BONFANTE 2,2022-01-31,F,168.33,0.63,33.76,65.68,Teleriscaldamento,True,True,False,False,False,False,0,1,6,7,L219,-,1391,23,291,291,,1960,45.066111,7.682222,"45.066111, 7.682222",TORINO,E,0Pareti verso esterno (Esterno)true23E139.09E139.09,E,23.0,Triste,Triste,No,2018,ALFALAVAL,Teleriscaldamento,131.74,2013,GEA,Teleriscaldamento,36.59,,,,,7344.0,N/D
2020_103137_0001.xml,294,Torino - via Livorno 49/C,2020-01-24,C,360.28,72.24,82.82,285.04,Energia elettrica da rete,True,True,True,False,True,False,1,1,9,0,L219,,1153,130,294,294,,2002,45.087,7.6691,"45.087, 7.6691",Torino,E,				MIGLIORAMENTO PRESTAZIONI SUPERFICI VETRATE,B,15.0,Triste,Triste,No,2002,,Caldaia standard,62.18,2002,,Boiler elettrico,6.52,2002,,Pompa di calore,184.1,60253.759999999995,App. Condominio
2019_202946_0005.xml,297,Via Antonello da Messina n° 2 / b,2020-06-30,B,505.41,92.19,114.81,1608.77,Energia elettrica da rete,True,True,True,True,True,False,1,1,9,0,L219,,1153,130,297,297,,2002,45.0875,7.6672,"45.0875, 7.6672",Torino,E,				MIGLIORIA EFFICIENZA SERRANMENTI,A1,22.88,Triste,Triste,No,2010,,Caldaia standard,229.38,2010,,Boiler elettrico,6.52,2002,,Pompa di calore,64.42,503907.94,App. Condominio
2019_113184_0067.xml,3,Via Pergolesi 91,2019-02-05,G,321.31,14.24,66.38,54.63,Teleriscaldamento,True,True,False,False,False,False,0,1,3,1,L219,,1132,88,3,3,,1968,45.0960,7.7070,"45.0960, 7.7070",Torino,E,sostituzione serramenti,G,10.72,Triste,Triste,No,2013,,Teleriscaldamento,262.56,2010,,Boiler elettrico,58.75,,,,,11205.0,Ed. Plurifam.
2019_206362_0016.xml,3,Corso Corsica 15,2019-01-29,D,94.0,76.92,22.51,92.44,Teleriscaldamento,False,False,False,False,False,False,0,1,6,1,L219,,1423,236,3,3,,1971,45.0315128726462,7.65169487102508,"45.0315128726462, 7.65169487102508",Torino,E,0Coibentazione delle strutture opache verticali rivolte verso l'esterno030D88.39D88.39,D,30.0,Triste,Triste,No,2018,,Teleriscaldamento,51.28,2015,,Scalda-acqua a gas,42.72,,,,,15806.3506,N/D
2019_212489_0030.xml,3,VIA TUNISI 1,2019-05-15,F,172.2,13.77,36.49,60.86,Gas naturale,False,False,False,False,False,False,0,0,0,1,L219,,1380,3,3,3,,1970,45.0667,7.6667,"45.0667, 7.6667",TORINO,E,				SOSTITUZIONE SERRAMENTI DI ULTIMA GENERAZIONE,F,7.0,Triste,Triste,No,2015,,Caldaia a condensazione,117.84,2015,,Boiler elettrico,54.36,,,,,8798.088,N/D
2020_102099_0004.xml,3,Via Pianezza snc,2020-08-02,G,327.86,54.69,48.56,62.74,Energia elettrica da rete,False,False,False,False,False,False,0,1,3,1,L219,,1121,41,3,3,,1960,45.095299,7.645926,"45.095299, 7.645926",TORINO,E,Insufflaggio pareti esterne,G,5.0,Triste,Triste,No,2015,Teleriscaldamento,Teleriscaldamento,105.44,2000,Boiler elettrico,Boiler elettrico,222.42,,,,,13334.0,Ed. Plurifam.
2020_102099_0123.xml,3,Corso Lombardia 121,2020-10-19,E,81.49,1.07,21.51,62.5,Teleriscaldamento,False,False,False,False,False,False,0,1,3,1,L219,,1121,41,3,3,,1980,45.095299,7.645926,"45.095299, 7.645926",TORINO,E,Data del sopralluogo: 1,D,5.0,Triste,Triste,No,2000,Teleriscaldamento,Teleriscaldamento,52.69,2000,Caldaia standard,Caldaia standard,28.8,,,,,4809.76,Ed. Plurifam.
2020_102099_0142.xml,3,VIA LIVORNO 14,2020-12-31,E,222.95,1.35,44.79,82.3,Gas naturale,False,False,False,False,False,False,0,1,6,2,L219,=,1179,259,3,3,,1939,45.083954,7.6676950,"45.083954, 7.6676950",Torino,E,isolamento perimetrale,E,10.0,Triste,Basita/o,No,2016,,Caldaia standard,195.81,2012,,Caldaia standard,27.14,,,,,20175.64,N/D
2020_102099_0149.xml,3,c.so Lecce 55,2020-03-11,F,168.45,22.35,34.35,54.18,Gas naturale,False,False,False,False,False,False,0,1,3,1,L219,,1173,331,3,3,,1980,0.000000,0.000000,"0.000000, 0.000000",Torino,E,Data del sopralluogo: 13,E,21.0,Triste,Basita/o,No,2000,Caldaia a condensazione,Caldaia a condensazione,75.71,2000,Boiler elettrico,Boiler elettrico,92.74,,,,,6682.219999999999,Ed. Plurifam.
2020_102099_0196.xml,3,VIA PIETRO GIURIA 22,2020-12-31,G,188.17,1.83,37.91,60.0,Gas naturale,False,False,False,False,False,False,0,1,3,0,L219,=,1351,295,3,3,,1965,45.050036,7.6795920,"45.050036, 7.6795920",Torino,E,isolamento perimetrale,E,10.0,Triste,Triste,No,2011,,Caldaia a condensazione,162.54,2008,,Caldaia standard,25.63,,,,,12311.099999999999,Ed. Plurifam.
2020_210180_0078.xml,3,VIA ORAZIO ANTINORI 3,2020-06-13,D,140.34,0.0,28.07,57.05,Gas naturale,True,True,False,False,False,False,0,1,3,1,L219,,1349,159,3,3,,1935,45.053494,7.666815,"45.053494, 7.666815",TORINO,E,1Sostituzione infissifalse26C111.25C111.25,C,26.0,Triste,Basita/o,No,2014,GENERATORE DI CALORE,Caldaia a condensazione,102.83,2014,SCALDACQUA,Caldaia standard,37.51,,,,,8021.58,Ed. Plurifam.
2020_212533_0066.xml,3,Viale dei Mughetti 29bis,2020-03-02,D,110.93,0.0,45.83,43.06,Teleriscaldamento,True,True,False,False,False,False,0,1,2,1,L219,0,1069,150,3,3,,1965,45.1039417,7.6264605,"45.1039417, 7.6264605",TORINO,E,0Coibentazione pareti freddefalse1C73.65C73.65,C,1.0,Triste,Triste,No,2000,PRINCIPALE,Teleriscaldamento,81.78,2000,ACS,Scalda-acqua a gas,29.15,,,,,6881.44,N/D
2020_212894_0088.xml,3,VIA PORTA PALATINA 4,2021-01-26,E,329.96,2.47,66.36,40.8,Gas naturale,True,True,False,False,False,False,1,1,6,0,L219,,1245,142,3,3,,1918,45.07242,7.68295,"45.07242, 7.68295",TORINO,E,"0Pareti verso esterno (Esterno), Pareti verso ambienti non climatizzati (Interno), Pavimenti verso ambienti non climatizzati (Estradosso)true15D226.31D226.31",D,15.0,Triste,Basita/o,No,2015,,Caldaia a condensazione,323.04,2015,,Caldaia a condensazione,6.92,,,,,13285.099999999999,N/D
2021_106141_0039.xml,3,Via Ancona n.2,2021-12-27,D,284.95,9.4,58.39,1393.91,Gas naturale,True,True,False,False,True,False,1,0,9,,L219,,1213,12,3,1,,1890,45.0789,7.6906,"45.0789, 7.6906",Torino,E,Realizzazione cappotto esterno,C,15.71,Triste,Triste,No,2016,,Caldaia a condensazione,241.39,2016,,Caldaia a condensazione,10.67,,,,,354377.24,App. Condominio
2021_106141_0040.xml,3,Via Tolmino 40,2021-12-28,D,287.58,8.86,96.38,4749.85,Teleriscaldamento,True,True,False,False,True,True,1,0,9,,L219,,1296,205,3,1,,1973,45.0573,7.6442,"45.0573, 7.6442",Torino,E,Cappotto,D,24.01,Triste,Triste,No,2006,,Teleriscaldamento,251.56,2021,,Boiler elettrico,0.86,,,,,1478186.0,App. Condominio
2021_106141_0049.xml,3,Corso Benedetto  Croce 17,2021-12-30,C,326.77,32.13,99.09,4698.09,Teleriscaldamento,True,True,True,False,True,True,1,0,9,,L219,,1458,28,3,2,,1968,45.0211,7.6468,"45.0211, 7.6468",Torino,E,Cappotto,C,22.47,Triste,Triste,No,2008,,Teleriscaldamento,193.78,2015,,Boiler elettrico,0.83,2015,,Pompa di calore,0.65,1380593.0,App. Condominio
2021_110202_0037.xml,3,VIA ANDREA SANSOVINO 90Bis,2021-12-21,G,160.48,11.55,43.75,34.0,Teleriscaldamento,True,True,False,False,False,False,0,1,3,1,L219,0,1073,6,3,3,,1960,45.0661111111111,7.68222222222222,"45.0661111111111, 7.68222222222222",TORINO,E,insuflaggio pareti,D,8.0,Triste,Sorridente,No,2016,PRINCIPALE,Teleriscaldamento,112.55,2015,ACS autonomo,Boiler elettrico,47.93,,,,,4481.0,Ed. Plurifam.
2021_213632_0031.xml,3,Via Sobrero Ascanio 19,2021-10-29,E,109.85,0.0,21.97,53.16,Gas naturale,True,True,False,False,False,False,0,1,3,1,L219,,1178,197,3,3,,1954,45.081075,7.665482,"45.081075, 7.665482",TORINO,E,0Isolamento superfici perimetrali disperdentitrue10C75.51C75.51,C,10.0,Triste,Triste,No,1998,Caldaia centralizzata,Caldaia standard,80.95,2010,Boiler a gas istantaneo,Scalda-acqua a gas,28.9,,,,,5854.66,Ed. Plurifam.
2022_100564_0003.xml,3,"Via Giovanni Roveda, 34, 10135 Torino TO",2022-09-28,A1,405.7,87.81,141.21,305.05,Teleriscaldamento,True,True,False,False,False,False,1,0,9,,L219,,1467,1,3,3,,2021,45.0210,7.6065,"45.0210, 7.6065",Torino,E,Isolamento copertura,A2,8.83,Basita/o,Triste,Sì,2008,,Teleriscaldamento,386.46,2008,,Teleriscaldamento,19.24,,,,,157156.0,App. Condominio
2022_100699_0023.xml,3,via Carmagnola 23,2022-09-13,A4,22.77,34.99,5.06,87.44,Solare fotovoltaico,False,False,False,False,False,False,0,1,0,0,L219,,1183,197,3,3,,1980,0.000000,0.000000,"0.000000, 0.000000",Torino,E,Data del sopralluogo: 10,A4,10.0,Sorridente,Sorridente,Sì,2000,HP elettrica aria-acqua,Pompa di calore,20.23,2000,HP elettrica aria-acqua,Pompa di calore,2.54,,,,,2335.0,N/D
2022_102099_0004.xml,3,CORSO FERRARA 50 B,2020-12-31,G,404.13,88.01,93.93,70.0,Energia elettrica da rete,False,False,False,False,False,False,0,1,2,0,L219,,1065,24,3,3,,1969,45.108918,7.6247180,"45.108918, 7.6247180",Torino,E,ISOLAMENTO PERIMETRALE,F,10.0,Triste,Triste,No,2015,,Teleriscaldamento,361.35,2006,,31,42.78,,,,,16148.64,N/D
2022_102099_0009.xml,3,CORSO FERRARA 50 B,2020-12-31,G,409.31,98.66,96.56,70.0,Energia elettrica da rete,False,False,False,False,False,False,0,1,2,0,L219,,1065,25,3,3,,1969,45.108918,7.6247180,"45.108918, 7.6247180",Torino,E,ISOLAMENTO PERIMETRALE,F,10.0,Triste,Triste,No,2015,,Teleriscaldamento,361.35,2006,,31,47.96,,,,,14693.0,N/D
2022_103892_0001.xml,3,VIA INVERNIZIO 21 -23 - TORINO,2022-02-02,G,611.48,17.91,124.96,933.75,Teleriscaldamento,True,True,False,False,True,False,1,0,7,,L219,,1443,237,3,2,,1973,45.0228,7.6551,"45.0228, 7.6551",Torino,E,COIBENTAZIONE INVOLUCRO,E,35.0,Triste,Triste,No,1998,,Teleriscaldamento,541.39,2000,,Boiler elettrico,19.19,,,,,369970.0,N/D
2022_111814_0003.xml,3,Corso Belgio 105,2022-01-28,F,122.21,13.92,26.52,48.41,Gas naturale,True,True,False,False,False,False,0,1,3,3,L219,,1253,29,3,3,,1960,45.074078,7.718121,"45.074078, 7.718121",TORINO,E,"0Pareti verso esterno (Interno), Pareti verso ambienti non climatizzati (Interno)true26E100.211Sostituzione infissi (Uw: 1,400) e applicazione di schermature (Tipo: Tende bianche",E,26.0,Triste,Triste,No,1000,Generatore Fossile,Caldaia standard,64.46,1000,Scaldacqua,Boiler elettrico,57.75,,,,,4555.16,Ed. Plurifam.
2022_312661_0106.xml,3,via Fratelli Garrone 63/30_31_32_33_34_35,2022-07-25,E,151.52,4.31,29.06,54.62,Teleriscaldamento,True,True,False,False,False,False,0,1,3,2,L219,,1488,76,3,3,,1966,45.0113,7.6512,"45.0113, 7.6512",Torino,E,installazione valvole termostatiche,D,7.83,Triste,Triste,Sì,2006,,Teleriscaldamento,106.74,2017,,Caldaia standard,44.78,,,,,8861.98,Ed. Plurifam.
2019_102351_0126.xml,30,Corso Vercelli 483/14,2019-11-07,B,93.55,175.34,22.64,40.73,Biomasse solide,True,True,False,False,False,False,0,1,3,3,L219,,1043,5,30,30,,1925,45.1203,7.7090,"45.1203, 7.7090",Torino,E,Sostituzione del generatore per ACS,B,4.58,Triste,Triste,No,2018,,Teleriscaldamento,41.3,2019,,Boiler elettrico,52.25,,,,,9389.58,Ed. Plurifam.
2019_111530_0003.xml,30,Via Pianezza 153,2019-01-15,G,275.88,14.11,55.79,50.06,Teleriscaldamento,False,False,False,False,False,False,0,1,7,9,L219,,1121,41,30,30,,1965,45.0954516919715,7.64551208003997,"45.0954516919715, 7.64551208003997",Torino,E,Migliorare trasmittanza involucro,D,7.0,Triste,Triste,No,2000,,Teleriscaldamento,217.35,2000,,Boiler elettrico,58.53,,,,,11864.699999999999,N/D
2019_207188_0037.xml,30,via pietro bonfante 6,2019-05-22,G,271.48,9.2,37.93,83.5,Teleriscaldamento,True,True,False,False,False,False,0,1,6,5,L219,,1391,23,30,30,,1970,45.1167,7.7167,"45.1167, 7.7167",Torino,E,0Intervento sulle strutture opachefalse6.4F209.291Sostituzione infissi con trasmittanza limite da normativafalse37.9F245.34E175.95,F,6.4,Triste,Triste,No,2016,Teleriscaldamento,Teleriscaldamento,233.31,2010,boiler elettrico,Boiler elettrico,38.17,,,,,14622.0,N/D
2019_212629_1022.xml,30,VIA SANSOVINO 90,2019-02-08,G,297.22,0.0,39.13,54.0,Teleriscaldamento,True,True,False,False,False,False,0,1,0,2,L219,,1073,13,30,30,,1960,45.1167,7.7167,"45.1167, 7.7167",Torino,E,2Impianto climatizzazione,G,4.7,Triste,Basita/o,No,2000,Teleriscaldamento,Teleriscaldamento,267.21,2005,Generatore a gas o combustibile fossile,Scalda-acqua a gas,30.01,,,,,11239.22,N/D
2019_312661_0200.xml,30,Via Maddalene 6,2019-08-11,F,214.55,2.31,43.25,44.57,Gas naturale,True,True,False,False,False,False,0,1,3,3,L219,,1145,43,30,30,,1970,45.0905,7.7067,"45.0905, 7.7067",Torino,E,Installazione valvole termostatiche,F,5.34,Triste,Basita/o,No,2006,,Caldaia a condensazione,167.53,2005,,Caldaia standard,47.02,,,,,8916.5,Ed. Plurifam.
2020_113184_0191.xml,30,corso san maurizio 14_16_TO,2020-11-19,F,265.89,1.34,53.38,63.71,Gas naturale,True,True,False,False,False,False,0,1,3,4,L219,,1248,219,30,30,,1957,45.0713,7.6935,"45.0713, 7.6935",Torino,E,installazione valvole termostatiche,F,3.16,Triste,Triste,No,2006,,Caldaia a condensazione,179.56,2019,,Caldaia standard,86.33,,,,,15976.66,Ed. Plurifam.
2020_312661_0089.xml,30,via Bioglio 16,2020-03-31,D,116.6,1.36,23.52,38.01,Gas naturale,True,True,False,False,False,False,0,1,3,3,L219,,1186,167,30,30,,1999,45.0870,7.6965,"45.0870, 7.6965",Torino,E,Coibentazione muri perimetrali mediante insuflaggio,D,13.63,Triste,Triste,No,2019,,Caldaia a condensazione,93.14,2019,,Caldaia a condensazione,23.46,,,,,4125.76,Ed. Plurifam.
2020_312661_0134.xml,30,Corso Vercelli 487-15,2021-03-23,G,246.87,12.89,51.29,65.5,Teleriscaldamento,True,True,False,False,False,False,0,1,9,3,L219,,1043,6,30,30,,1925,45.1204,7.7094,"45.1204, 7.7094",Torino,E,Sotituzione del generatore ACS,F,2.09,Triste,Triste,No,2018,,Teleriscaldamento,193.85,2021,,Boiler elettrico,53.02,,,,,10241.0,App. Condominio
2021_106141_0028.xml,30,Corso Lione 46,2021-11-16,E,115.76,9.07,36.19,77.62,Teleriscaldamento,True,True,False,False,False,False,0,1,9,5,L219,,1298,281,30,30,,1960,45.0576,7.6543,"45.0576, 7.6543",Torino,E,Sostituzione serramenti,D,33.02,Triste,Triste,No,2009,,Teleriscaldamento,78.13,2018,Caldaia elettrica,Caldaia elettrica,37.63,,,,,8566.0,App. Condominio
2021_113184_0075.xml,30,via Fratelli Garrone 63/30_31_32_33_34_35,2021-11-11,F,124.26,2.93,24.05,72.9,Teleriscaldamento,True,True,False,False,False,False,0,1,3,4,L219,,1488,76,30,30,,1966,45.0116,7.6509,"45.0116, 7.6509",Torino,E,coibentazione cassonetto,F,0.58,Triste,Basita/o,Sì,1996,,Teleriscaldamento,69.99,2015,,Caldaia standard,54.27,,,,,9470.34,Ed. Plurifam.
2021_208567_0156.xml,30,VIA IVREA 49,2021-12-11,E,306.02,44.38,63.76,66.89,Gas naturale,True,True,True,False,False,False,0,1,0,1,L219,/,1049,45,30,30,,1969,45.0661111111111,7.68222222222222,"45.0661111111111, 7.68222222222222",TORINO,E,isolamento alle strutture,E,10.0,Triste,Triste,No,2005,,Caldaia standard,97.06,2015,,Scalda-acqua a gas,26.58,2015,,Pompa di calore,182.38,14485.68,N/D
2021_213615_0306.xml,30,Corso Traiano 143,2021-04-11,C,65.91,50.63,13.44,72.49,Solare termico,False,False,False,False,False,False,0,1,3,3,L219,,1443,646,30,30,,2011,45.0212747279721,7.65336551156999,"45.0212747279721, 7.65336551156999",Torino,E,0Isolamento muratura esterna010B58.9B58.9,B,10.0,Triste,Triste,Sì,2011,,Teleriscaldamento,30.64,2011,,Teleriscaldamento,35.27,,,,,7324.23,Ed. Plurifam.
2022_200218_0012.xml,30,VIA CERVINO 46,2022-09-04,C,60.5,1.88,12.11,78.01,Gas naturale,False,False,False,False,False,False,0,1,6,8,L219,,1150,316,30,30,,2006,45.0918074083495,7.68348314847948,"45.0918074083495, 7.68348314847948",Torino,E,Data sopralluogo: 05/03/2022,B,7.0,Triste,Basita/o,No,2006,,Caldaia standard,34.13,2006,,Caldaia standard,26.37,,,,,4429.997399999999,N/D
2022_204038_0044.xml,30,"Via Monte Pasubio, N°21 - TORINO",2022-07-14,E,115.92,3.13,21.72,70.67,Teleriscaldamento,True,True,False,False,False,False,0,1,5,5,L219,,1439,94,30,30,,1965,45.0266,7.6429,"45.0266, 7.6429",Torino,E,				Sostituzione serramenti con nuovi a doppio vetro performanti,D,9.0,Triste,Triste,No,2019,,Teleriscaldamento,95.88,2019,,Teleriscaldamento,20.04,,,,,9192.0,N/D
2022_200297_0059.xml,306,Corso Traiano 137,2022-12-04,B,54.27,8.47,25.32,82.49,Teleriscaldamento,False,False,False,False,False,False,0,1,3,4,L219,,1443,646,306,306,,2011,45.1167,7.7167,"45.1167, 7.7167",TORINO,E,				Sostituzione infissi a basso emissivo,A1,10.0,Triste,Triste,Sì,2011,,Teleriscaldamento,36.41,2011,,Teleriscaldamento,17.86,,,,,7529.57,Ed. Plurifam.
2021_208347_0098.xml,307,VIA GAIDANO 18,2020-11-24,E,133.48,0.0,27.01,123.64,Teleriscaldamento,True,True,False,False,False,False,0,1,6,1,L219,0,1391,23,307,307,,1968,45.0661111111111,7.68222222222222,"45.0661111111111, 7.68222222222222",TORINO,E,0ISOLAMENTO MURI PERIMETRALItrue6C71.27C71.27,C,6.0,Triste,Triste,No,2016,PRINCIPALE,Teleriscaldamento,107.84,2000,Impianto 1...,Scalda-acqua a gas,25.64,,,,,12069.8,N/D
2020_208347_0704.xml,308,VIA GAIDANO 18,2020-11-24,F,125.18,0.0,25.28,107.66,Teleriscaldamento,True,True,False,False,False,False,0,1,6,1,L219,0,1391,23,308,308,,1968,45.0661111111111,7.68222222222222,"45.0661111111111, 7.68222222222222",TORINO,E,0ISOLAMENTO MURI PERIMETRALItrue1E93.10E93.10,E,1.0,Triste,Triste,No,2016,PRINCIPALE,Teleriscaldamento,98.71,2000,Impianto 1...,Scalda-acqua a gas,26.47,,,,,9937.779999999999,N/D
2019_205199_0065.xml,309,VIA REISS ROMOLI 81,2019-03-14,F,249.44,4.8,50.6,91.2,Gas naturale,False,False,False,False,False,False,0,1,0,1,L219,,1079,156,309,309,,1976,45.0667,7.6667,"45.0667, 7.6667",TORINO,E,				Sostituzione componenti finestrati,F,19.0,Triste,Triste,No,2006,,Caldaia standard,230.12,2006,,Caldaia standard,19.32,,,,,21901.020999999997,N/D
2021_203082_0009.xml,309,Via Albenga 22,2021-10-03,D,81.67,0.0,16.33,90.0,Teleriscaldamento,False,False,False,False,False,False,0,1,6,4,L219,,1423,236,309,309,,1970,45.0667,7.6667,"45.0667, 7.6667",TORINO,E,				Sostituzione generatore per ACS,D,15.0,Triste,Triste,No,1998,,Teleriscaldamento,62.28,1998,,Caldaia standard,19.39,,,,,5484.9295999999995,N/D
2019_102351_0127.xml,31,Corso Vercelli 483/14,2019-11-07,B,81.18,121.5,19.53,42.4,Biomasse solide,True,True,False,False,False,False,0,1,3,3,L219,,1043,5,31,31,,1925,45.1203,7.7090,"45.1203, 7.7090",Torino,E,Sostituzione del generatore per ACS,B,4.58,Triste,Triste,No,2018,,Teleriscaldamento,27.56,2019,,Boiler elettrico,53.62,,,,,6928.44,Ed. Plurifam.
2019_102351_0144.xml,31,Corso Vercelli 487-2,2019-07-24,C,80.15,125.55,19.31,39.78,Biomasse solide,True,True,False,False,False,False,0,1,3,2,L219,,1043,40,31,31,,1925,45.1191,7.7102,"45.1191, 7.7102",Torino,E,sostituzione generatore per ACS,C,1.53,Triste,Basita/o,No,2018,,Teleriscaldamento,28.73,2019,,Boiler elettrico,51.42,,,,,6680.68,Ed. Plurifam.
2019_207949_0018.xml,31,via paganini nicolo 42,2019-01-21,F,177.86,0.0,35.57,90.0,Gas naturale,True,True,False,False,False,False,0,1,6,2,L219,,1188,8,31,31,,1950,45.066111,7.682222,"45.066111, 7.682222",TORINO,E,1Intervento su infissifalse6E145.31E145.31,E,6.0,Triste,Triste,No,2010,Caldaia a condensazione,Caldaia a condensazione,155.81,2005,scaldacqua a gas,Caldaia standard,22.05,,,,,16033.22,N/D
2019_312661_0148.xml,31,Corso Vercelli 483-12,2019-10-07,B,85.26,154.52,20.61,83.76,Biomasse solide,True,True,False,False,False,False,0,1,2,0,L219,,1043,8,31,31,,1925,45.1196,7.7093,"45.1196, 7.7093",Torino,E,Sostituzione generatore ACS,A1,4.33,Triste,Triste,No,2008,,Teleriscaldamento,36.21,2010,,Boiler elettrico,49.05,,,,,17065.66,N/D
2019_312661_0152.xml,31,Corso Vercelli 491-16,2019-11-07,B,81.27,122.08,19.56,42.33,Biomasse solide,True,True,False,False,False,False,0,1,2,3,L219,,1043,7,31,31,,1925,45.1202,7.7101,"45.1202, 7.7101",Torino,E,Sotituzione del generatore ACS,A2,2.83,Triste,Triste,No,2008,,Teleriscaldamento,27.71,2010,,Boiler elettrico,53.56,,,,,6944.12,N/D
2020_113184_0012.xml,31,via Guala 95_97 viaSidoli34_36_TO,2020-12-03,E,127.01,0.44,40.17,72.96,Teleriscaldamento,True,True,False,False,False,False,0,1,3,2,L219,,1441,88,31,31,,1993,45.0250,7.6444,"45.0250, 7.6444",Torino,E,isolamento parete esterna,C,2.98,Triste,Triste,No,1997,,Teleriscaldamento,107.36,1997,,Teleriscaldamento,19.65,,,,,9733.0,Ed. Plurifam.
2020_212533_0058.xml,31,Viale dei Mughetti 29bis,2020-03-02,E,141.94,0.0,60.9,58.31,Teleriscaldamento,True,True,False,False,False,False,0,1,2,0,L219,0,1069,150,31,31,,1965,45.1039417,7.6264605,"45.1039417, 7.6264605",TORINO,E,0Coibentazione pareti freddefalse5D125.98D125.98,D,5.0,Triste,Triste,No,2000,PRINCIPALE,Teleriscaldamento,112.18,2000,ACS,Scalda-acqua a gas,29.76,,,,,12185.5,N/D
2022_207228_0073.xml,31,VIA BORRIANA 11,2022-02-04,D,147.11,4.82,28.28,88.0,Gas naturale,True,True,True,False,False,False,0,1,2,2,L219,-,1188,10,31,31,,1940,45.0661111111111,7.68222222222222,"45.0661111111111, 7.68222222222222",TORINO,E,Sostituzione serramenti esterni,C,10.0,Triste,Basita/o,No,2010,PRINCIPALE,Caldaia standard,90.65,2015,ACS autonomo,Caldaia standard,39.62,2021,Impianto 4...,Pompa di calore,16.84,12105.38,N/D
2022_312661_0131.xml,31,corso san maurizio 16,2022-10-19,F,199.63,12.74,41.82,75.28,Gas naturale,True,True,False,False,False,False,0,1,3,5,L219,,1248,219,31,31,,1966,45.0699,7.6940,"45.0699, 7.6940",Torino,E,Insuflaggio e coibentazione cassonetti,E,3.86,Triste,Triste,No,2006,,Caldaia a condensazione,148.98,2018,,Boiler elettrico,50.65,,,,,12566.46,Ed. Plurifam.
2022_313821_0041.xml,31,"Via Tartini 35, 10154, Torino",2022-10-06,E,225.12,1.29,45.22,50.52,Teleriscaldamento,True,True,False,False,False,False,0,1,3,1,L219,,1131,72,31,31,,1968,45.0968,7.7058,"45.0968, 7.7058",Torino,E,sostituzioni serramenti,E,22.82,Triste,Basita/o,No,2013,,Teleriscaldamento,182.99,2010,,Caldaia standard,42.13,,,,,8072.26,Ed. Plurifam.
2020_202533_0028.xml,311,VIA GAIDANO PAOLO 18,2020-12-16,E,156.07,10.53,32.78,121.3,,False,False,False,False,False,False,0,1,6,2,L219,,1391,23,311,311,,1967,45.0667,7.6667,"45.0667, 7.6667",TORINO,E,				COIBENTAZIONE PARETI PERIMETRALI RAGG. 75% VAL. LIMITE,D,10.0,Triste,Triste,No,2016,,Teleriscaldamento,117.17,2010,,Boiler elettrico,38.9,,,,,,N/D
2022_213632_0029.xml,312,Corso Traiano 137,2022-04-19,C,101.2,30.2,21.49,77.65,Teleriscaldamento,True,True,True,False,False,False,0,1,3,7,L219,,1443,646,312,312,,2011,45.021146,7.653417,"45.021146, 7.653417",TORINO,E,0Isolamento superfici perimetrali disperdentitrue26B84.93B84.93,B,26.0,Triste,Triste,Sì,2011,Teleriscaldamento,Teleriscaldamento,61.12,2011,Teleriscaldamento,Teleriscaldamento,29.23,2018,Pompa di calore,Pompa di calore,10.85,6512.0,Ed. Plurifam.
2019_209030_0021.xml,315,Via Gottardo 237,2019-12-15,G,369.39,11.97,70.99,89.45,Gas naturale,True,True,False,False,False,False,0,1,6,1,L219,/,1144,3,315,315,,1971,45.0929508,7.7089949,"45.0929508, 7.7089949",TORINO,E,1Sostituzione serramenti con altri a taglio termicofalse7G329.07G329.07,G,7.0,Triste,Triste,No,1992,PRINCIPALE,Caldaia standard,321.25,1990,Impianto 1...,Boiler elettrico,48.14,,,,,30926.079999999998,N/D
2021_207949_0126.xml,318,VIA CAMINO 18,2021-05-19,E,135.5,16.8,27.82,52.0,Gas naturale,True,True,False,False,False,False,0,1,3,3,L219,-,1184,10,318,318,,1965,45.0661111111111,7.68222222222222,"45.0661111111111, 7.68222222222222",TORINO,E,COIBENTAZIONE PARETI VERTICALI VERSO AMBIENTI NON RISCALDATI,D,25.0,Triste,Basita/o,No,2012,PRINCIPALE,Caldaia standard,102.38,2012,ACS autonomo,Scalda-acqua a gas,33.12,,,,,5287.299999999999,Ed. Plurifam.
2019_203322_0001.xml,32,Via Ivrea 49,2019-05-16,F,199.66,0.52,40.01,65.19,Gas naturale,True,True,False,False,False,False,0,1,6,2,L219,,1049,45,32,32,,1969,45.116899,7.70324,"45.116899, 7.70324",TORINO,E,"0Intervento su componenti opachi, coibentazione cassonettifalse15E181.10E181.10",E,15.0,Triste,Triste,No,2005,RIELLO GT 409,Caldaia standard,171.81,2015,VAILLANT MAG IT 11-4/0 E H,Caldaia standard,27.85,,,,,12975.119999999999,N/D
2019_207188_0012.xml,32,via bernardo de canal 41,2019-02-26,G,224.96,0.0,30.0,65.0,Teleriscaldamento,True,True,False,False,False,False,0,1,3,1,L219,,1426,357,32,32,,1971,45.045996,7.628812,"45.045996, 7.628812",Torino,E,0Intervento sulle strutture opachefalse9.4F165.071Intervento sui serramentifalse18.8G224.95F165.07,F,9.4,Triste,Basita/o,No,2005,Teleriscaldamento,Teleriscaldamento,197.13,2005,Generatore a gas,Scalda-acqua a gas,27.83,,,,,10351.08,Ed. Plurifam.
2019_312661_0151.xml,32,Corso Vercelli 491-16,2019-11-07,A1,80.08,146.16,19.37,108.56,Biomasse solide,True,True,False,False,False,False,0,1,2,3,L219,,1043,7,32,32,,1925,45.1204,7.7099,"45.1204, 7.7099",Torino,E,Sotituzione del generatore ACS,A2,2.83,Triste,Triste,No,2008,,Teleriscaldamento,34.29,2010,,Boiler elettrico,45.79,,,,,20908.75,N/D
2020_102351_0121.xml,32,via moncrivello 3,2020-11-30,F,167.73,14.2,35.66,56.88,Gas naturale,True,True,False,False,False,False,0,1,5,0,L219,,1145,79,32,32,,1980,45.0895,7.7080,"45.0895, 7.7080",Torino,E,istallazione di valvole termostatiche,F,4.1,Triste,Basita/o,No,2017,,Caldaia standard,111.94,2020,,Boiler elettrico,55.79,,,,,7612.42,N/D
2020_108905_0020.xml,32,Corso Corsica 17,2020-10-03,D,118.26,4.64,23.77,169.73,Teleriscaldamento,False,False,False,False,False,False,0,1,3,8,L219,,1423,236,32,32,,1970,45.0315182182057,7.65255689620976,"45.0315182182057, 7.65255689620976",Torino,E,1Sostituzione infissi esistenti con nuovi infissi con telaio a taglio termico e vetro con rivestimento basso emissivo07C95.97C95.97,C,7.0,Triste,Triste,No,2018,,Teleriscaldamento,77.19,2018,,Scalda-acqua a gas,21.84,2017,,Pompa di calore,19.23,17864.302799999998,Ed. Plurifam.
2020_113184_0013.xml,32,via Guala 95_97 viaSidoli34_36_TO,2020-12-03,E,116.6,0.4,36.88,72.79,Teleriscaldamento,True,True,False,False,False,False,0,1,3,3,L219,,1441,88,32,32,,1993,45.0250,7.6444,"45.0250, 7.6444",Torino,E,isolamento parete esterna,C,2.98,Triste,Triste,No,1997,,Teleriscaldamento,96.93,1997,,Teleriscaldamento,19.67,,,,,8915.0,Ed. Plurifam.
2020_113184_0192.xml,32,corso san maurizio 14_16_TO,2020-11-19,E,213.13,1.31,42.82,63.71,Gas naturale,True,True,False,False,False,False,0,1,3,5,L219,,1248,219,32,32,,1957,45.0713,7.6935,"45.0713, 7.6935",Torino,E,installazione valvole termostatiche,E,3.16,Triste,Triste,No,2006,,Caldaia a condensazione,161.06,2019,,Caldaia standard,52.07,,,,,12780.92,Ed. Plurifam.
2020_214142_0040.xml,32,VIA AOSTA 31,2020-07-22,F,128.2,0.09,24.05,48.74,Gas naturale,True,True,False,False,False,False,0,1,3,3,L219,-,1184,5,32,32,,1950,45.0661111111111,7.68222222222222,"45.0661111111111, 7.68222222222222",TORINO,E,1SOSTITUZIONE SERRAMENTI ESTERNIfalse10D87.06D87.06,D,10.0,Triste,Basita/o,No,2012,PRINCIPALE,Caldaia a condensazione,69.67,2000,ACS autonomo,Scalda-acqua a gas,58.53,,,,,6250.32,Ed. Plurifam.
2022_212629_1836.xml,32,VIA XX SETTEMBRE 57,2022-12-10,F,190.32,1.77,39.94,115.0,Gas naturale,True,True,True,False,False,False,0,1,0,3,L219,,1245,277,32,32,,1920,45.116667,7.716667,"45.116667, 7.716667",Torino,E,0Fabbricato,E,6.5,Triste,Basita/o,No,2005,Generatore a gas o combustibile fossile,Caldaia standard,164.18,2005,Generatore a gas o combustibile fossile,Caldaia standard,18.93,2007,Macchina frigorifera a compressione di vapore,Pompa di calore,7.21,21514.739999999998,N/D
2019_210613_0002.xml,323,VIA GOTTARDO 237,2019-09-02,E,178.97,4.54,36.47,124.46,Gas naturale,False,False,False,False,False,False,0,1,6,5,L219,,1144,3,323,323,,1975,45.0667,7.6667,"45.0667, 7.6667",TORINO,E,				Sostituzione componenti finestrati,D,9.0,Triste,Triste,No,1994,,Caldaia standard,161.29,1990,,Boiler elettrico,17.68,,,,,21167.4282,N/D
2019_113699_0002.xml,324,Via Treviso 12,2022-06-21,A2,124.79,10.87,26.57,592.12,Gas naturale,True,True,False,True,True,False,1,1,6,4,L219,,1153,130,324,324,,2002,45.0871,7.6690,"45.0871, 7.6690",Torino,E,				Impianto fotovoltaico (3500 kW),A3,5.0,Triste,Basita/o,No,2022,,Caldaia standard,82.11,2022,,Boiler elettrico,8.06,,,,,58633.68,N/D
2021_202636_0096.xml,324,CORSO TRAIANO 139/C,2021-07-27,C,82.25,0.0,26.11,57.11,Teleriscaldamento,True,True,False,False,False,False,0,1,0,3,L219,,1443,646,324,324,,2011,45.1167,7.7167,"45.1167, 7.7167",Torino,E,0Intervento sulle strutture opachefalse9.2A148.191Intervento sui serramentifalse34.8C75.27A244.32,A1,9.2,Triste,Basita/o,No,2011,Teleriscaldamento ALFA LAVAL ET600,Teleriscaldamento,61.22,2011,Teleriscaldamento ALFA LAVAL ET600,Teleriscaldamento,21.03,,,,,4971.0,N/D
2019_113024_0002.xml,326,Via Aosta 29,2019-02-05,G,85.13,5.13,16.7,159.17,Gas naturale,True,True,False,False,False,False,1,1,6,0,L219,/,1184,10,326,326,,1960,45.0843844,7.6909321,"45.0843844, 7.6909321",TORINO,E,1Sostituzione serramenti con altri a taglio termicofalse9G68.74G68.74,G,9.0,Triste,Basita/o,No,2012,PRINCIPALE,Caldaia a condensazione,64.65,2010,Impianto 1...,Boiler elettrico,20.48,,,,,11913.56,N/D
2020_213615_0064.xml,329,Via Lodi 9,2020-09-25,G,297.02,0.57,58.53,62.28,Gas naturale,False,False,False,False,False,False,0,1,3,5,L219,,1184,10,329,329,,1957,45.0842198647083,7.69017413988113,"45.0842198647083, 7.69017413988113",Torino,E,0Isolamento solaio piano010F173.2F173.2,F,10.0,Triste,Triste,No,2012,,Caldaia standard,269.84,2000,,Scalda-acqua a gas,27.18,,,,,18459.688799999996,Ed. Plurifam.
2019_203322_0002.xml,33,Via Ivrea 49,2019-05-16,F,307.72,12.43,63.4,49.52,Gas naturale,True,True,True,False,False,False,0,1,6,2,L219,,1049,45,33,33,,1969,45.116899,7.70324,"45.116899, 7.70324",TORINO,E,"0Intervento su componenti opachi, coibentazione cassonettifalse26E293.64E293.64",E,26.0,Triste,Triste,No,2005,RIELLO GT 409,Caldaia standard,228.39,2015,VAILLANT MAG IT 11-4/0 E H,Caldaia standard,30.63,2015,COMFEE' LARIUS 9UI / LARIUS 9UE,Pompa di calore,48.7,14013.32,N/D
2020_110202_0027.xml,33,VIA PARENZO 80,2020-01-12,G,418.83,12.31,119.5,37.5,Teleriscaldamento,True,True,False,False,False,False,0,1,5,3,L219,0,1073,18,33,33,,1960,45.0661111111111,7.68222222222222,"45.0661111111111, 7.68222222222222",TORINO,E,0Isolamento involucro opacofalse7F418.151Sostituzione serramnetifalse2F270.15E268.13,F,7.0,Triste,Basita/o,No,2015,PRINCIPALE,Teleriscaldamento,367.74,2015,ACS autonomo,Boiler elettrico,51.09,,,,,14116.0,N/D
2020_212533_0036.xml,33,Viale dei Mughetti 29bis,2020-03-02,C,73.35,0.0,27.11,58.31,Teleriscaldamento,True,True,False,False,False,False,0,1,2,1,L219,0,1069,150,33,33,,1965,45.1039417,7.6264605,"45.1039417, 7.6264605",TORINO,E,0Coibentazione pareti freddefalse5B57.60B57.60,B,5.0,Triste,Triste,No,2000,PRINCIPALE,Teleriscaldamento,43.59,2000,ACS,Scalda-acqua a gas,29.76,,,,,5803.5,N/D
2021_202896_0019.xml,33,VIA BONFANTE PIETRO 6,2021-05-25,D,138.04,0.55,26.18,87.7,Teleriscaldamento,False,False,False,False,False,False,0,1,6,6,L219,,1391,23,33,33,,1969,45.1167,7.7167,"45.1167, 7.7167",TORINO,E,				Sostituzione componenti finestrati,D,10.0,Triste,Basita/o,No,2018,,Teleriscaldamento,113.63,2016,,Scalda-acqua a gas,24.41,,,,,13629.906200000001,N/D
2022_312661_0009.xml,33,Via Mddalene 10,2022-03-25,F,286.52,1.72,57.56,47.95,Gas naturale,True,True,False,False,False,False,0,1,3,1,L219,,1145,74,33,33,,1970,45.0904,7.7074,"45.0904, 7.7074",Torino,E,Installazione valvole termostatiche,E,5.51,Triste,Basita/o,No,2003,,Caldaia a condensazione,237.45,2005,,Caldaia standard,49.07,,,,,12937.96,Ed. Plurifam.
2022_313821_0051.xml,33,Via Bioglio 16,2022-04-08,D,139.82,1.07,28.12,46.91,Gas naturale,True,True,False,False,False,False,0,1,9,4,L219,,1186,167,33,33,,1999,45.0869,7.6965,"45.0869, 7.6965",Torino,E,REALIZZAZIONE DI CAPPOTTO ESTERNO,D,10.46,Triste,Triste,No,2019,,Caldaia a condensazione,108.76,2019,,Caldaia a condensazione,31.06,,,,,6160.46,App. Condominio
2022_313821_0067.xml,33,"Via Tartini 31, 33, 35, 37 10154, Torino",2022-05-08,F,255.37,0.98,51.22,68.32,Teleriscaldamento,True,True,False,False,False,False,0,1,3,2,L219,,1131,72,33,33,,1968,45.0965,7.7057,"45.0965, 7.7057",Torino,E,sostituzioni serramenti,E,22.83,Triste,Triste,No,2013,,Teleriscaldamento,220.12,2010,,Caldaia standard,35.25,,,,,12201.64,Ed. Plurifam.
2019_102480_0001.xml,333,via treviso 24g,2019-01-23,C,137.84,55.49,30.62,240.0,Energia elettrica da rete,True,True,True,False,False,False,1,1,3,1,L219,0,1153,130,333,333,,2001,45.0661111111111,7.68222222222222,"45.0661111111111, 7.68222222222222",TORINO,E,2Modifica dell'impianto esistentefalse14B119.06B119.06,B,14.0,Triste,Triste,No,2005,Impianto 3...,Pompa di calore,92.07,2005,ACS autonomo,Boiler elettrico,6.83,2005,Impianto 4...,Pompa di calore,38.94,16964.0,Ed. Plurifam.
2019_111718_0042.xml,334,VIA LIVORNO SN,2019-03-12,C,221.98,44.58,48.08,83.81,Energia elettrica da rete,True,True,True,False,True,False,1,1,7,1,L219,0,1153,130,334,334,,2002,45.0661111111111,7.68222222222222,"45.0661111111111, 7.68222222222222",TORINO,E,0MIGLIORAMENTO COIBENTAZIONE TAMPONATURE ESTERNEfalse6C215.55C215.55,C,6.0,Triste,Basita/o,No,2002,PRINCIPALE,Caldaia standard,83.95,2002,Impianto 2...,Scalda-acqua a gas,3.66,2002,Impianto 1...,Pompa di calore,0.58,10255.08,N/D
2021_113118_0037.xml,334,via Camino 14,2021-07-27,F,160.18,11.86,33.8,84.03,Gas naturale,True,True,False,False,False,False,0,1,9,3,L219,,1184,10,334,334,,1960,45.066111,7.682222,"45.066111, 7.682222",TORINO,E,1Sostituzione dei serramentifalse26E126.30E126.30,E,26.0,Triste,Triste,No,2012,a metano,Caldaia a condensazione,111.18,2005,elettrico ad accumulo,Boiler elettrico,49.0,,,,,11464.6,App. Condominio
2021_203171_0003.xml,337,STEFANO TEMPIA 3,2021-12-09,C,61.68,0.82,12.23,92.07,Gas naturale,False,False,False,False,False,False,0,1,6,15,L219,,1043,73,337,337,,1983,45.1178718283453,7.70801903802873,"45.1178718283453, 7.70801903802873",Torino,E,0cappotto aggiuntivo09B52.7B52.7,B,9.0,Basita/o,Basita/o,No,2019,,Caldaia a condensazione,29.23,2019,,Caldaia a condensazione,32.45,,,,,5535.548,N/D
2019_102351_0145.xml,34,Corso Vercelli 487-2,2019-07-22,B,84.89,136.88,20.46,42.14,Biomasse solide,True,True,False,False,False,False,0,1,3,3,L219,,1043,40,34,34,,1925,45.1191,7.7102,"45.1191, 7.7102",Torino,E,sostituzione generatore per ACS,B,1.53,Triste,Triste,No,2018,,Teleriscaldamento,31.48,2018,,Boiler elettrico,53.41,,,,,7693.66,Ed. Plurifam.
2019_312661_0201.xml,34,Via Maddalene 6,2019-08-11,G,259.06,2.18,52.14,48.4,Gas naturale,True,True,False,False,False,False,0,1,3,5,L219,,1145,43,34,34,,1970,45.0905,7.7067,"45.0905, 7.7067",Torino,E,Installazione valvole termostatiche,F,5.34,Triste,Basita/o,No,2006,,Caldaia a condensazione,162.79,2005,,Caldaia standard,96.27,,,,,11754.4,Ed. Plurifam.
2020_102099_0041.xml,34,Via Pianezza snc,2020-09-26,G,263.74,51.11,37.2,74.78,Energia elettrica da rete,False,False,False,False,False,False,0,1,3,1,L219,,1121,41,34,34,,1980,45.095476,7.645642,"45.095476, 7.645642",TORINO,E,Insufflaggio pareti esterne,G,5.0,Triste,Triste,No,2015,Teleriscaldamento,Teleriscaldamento,53.99,2000,Boiler elettrico,Boiler elettrico,209.75,,,,,11813.0,Ed. Plurifam.
2020_212533_0059.xml,34,Viale dei Mughetti 29bis,2020-03-02,D,110.93,0.0,45.83,43.06,Teleriscaldamento,True,True,False,False,False,False,0,1,2,1,L219,0,1069,150,34,34,,1965,45.1039417,7.6264605,"45.1039417, 7.6264605",TORINO,E,0Coibentazione pareti freddefalse2C73.65C73.65,C,2.0,Triste,Triste,No,2000,PRINCIPALE,Teleriscaldamento,81.78,2000,ACS,Scalda-acqua a gas,29.15,,,,,6881.44,N/D
2020_312661_0107.xml,34,Via Bologna 265-267 Torino,2020-07-24,F,162.71,13.52,34.56,68.0,Gas naturale,True,True,False,False,False,False,0,1,3,6,L219,,1144,86,34,34,,1965,45.0931,7.7141,"45.0931, 7.7141",Torino,E,installazione valvole termostatiche,E,2.85,Triste,Triste,No,2002,,Caldaia standard,110.36,2020,,Boiler elettrico,52.35,,,,,8863.3,Ed. Plurifam.
2021_113184_0095.xml,34,via Sant'Agostino 26 Torino,2021-11-25,F,172.0,1.88,34.68,39.4,Gas naturale,True,True,False,False,False,False,0,1,5,,L219,,209,128,34,34,,1983,45.0756,7.6806,"45.0756, 7.6806",Torino,E,coibentazione pareti,E,5.84,Triste,Basita/o,No,2018,,Caldaia a condensazione,140.48,2018,,Caldaia a condensazione,31.52,,,,,6320.799999999999,N/D
2021_213914_0077.xml,34,CORSO TARANTO 157,2021-09-20,E,119.93,1.34,24.19,78.84,Gas naturale,False,False,False,False,False,False,0,1,3,3,L219,,1133,15,34,34,,1970,45.0667,7.6667,"45.0667, 7.6667",TORINO,E,				Isolamento strutture opache verticali verso l'esterno,D,17.0,Triste,Triste,No,2016,,Caldaia a condensazione,83.25,2010,,Caldaia standard,36.68,,,,,9258.3408,Ed. Plurifam.
2021_312661_0030.xml,34,Via Vittime di Bologna 7,2021-06-21,E,154.74,11.56,31.4,45.98,Gas naturale,True,True,False,False,False,False,0,1,3,0,L219,,1089,306,34,34,,1985,45.1012,7.7291,"45.1012, 7.7291",Torino,E,realizzazione cappotto,E,8.1,Triste,Triste,Sì,2003,,Caldaia a condensazione,129.39,2003,,Caldaia a condensazione,25.35,,,,,6912.44,Ed. Plurifam.
2022_206865_0002.xml,34,via Fossata 68,2022-04-05,F,189.97,1.18,35.79,41.0,Gas naturale,True,True,False,False,False,False,0,1,3,4,L219,NCEU,1128,423,34,34,,1960,45.0661111111111,7.68222222222222,"45.0661111111111, 7.68222222222222",TORINO,E,insufflaggio della muratura a cassa vuota,E,14.0,Triste,Triste,No,2010,PRINCIPALE,Caldaia a condensazione,163.45,2018,ACS autonomo,Scalda-acqua a gas,26.52,,,,,7707.099999999999,Ed. Plurifam.
2021_105783_0022.xml,341,Corso Traiano 141,2022-04-22,B,89.73,14.08,17.3,59.56,Teleriscaldamento,True,True,False,False,False,False,0,1,3,,L219,,1443,646,341,341,,2021,45.0210,7.6537,"45.0210, 7.6537",Torino,E,Sostituzione dei serramenti con tipologia a triplo vetro,B,99.0,Triste,Basita/o,Sì,2011,,Teleriscaldamento,76.36,2011,,Teleriscaldamento,13.37,,,,,6587.0,Ed. Plurifam.
2021_208347_0307.xml,343,VIA VEROLEGNO 29,2021-09-04,D,76.41,0.23,14.37,50.4,Gas naturale,True,True,False,False,False,False,0,1,6,4,L219,0,52,6,343,343,,2005,45.0661111111111,7.68222222222222,"45.0661111111111, 7.68222222222222",TORINO,E,ISOLAMENTO MURI PERIMETRALI,B,10.0,Triste,Triste,No,2005,PRINCIPALE,Caldaia standard,49.83,2005,PRINCIPALE,Caldaia standard,26.58,,,,,3826.08,N/D
2022_203082_0052.xml,347,Corso Corsica 15,2022-11-22,F,138.62,0.42,27.79,92.0,Gas naturale,True,True,False,False,False,False,0,1,3,3,L219,,1423,236,347,347,,1968,45.1167,7.7167,"45.1167, 7.7167",Torino,E,0Intervento sulle strutture opachefalse8.1E120.191Intervento sui serramentifalse6.9D85.63C68.05,E,8.1,Triste,Triste,No,1998,ALFA LAVAL M 10 M,Caldaia standard,114.15,1998,Ariston XK,Caldaia standard,24.47,,,,,12695.859999999999,Ed. Plurifam.
2019_104581_0010.xml,35,viale dei Mughetti 29 bis,2019-11-15,G,406.37,0.56,6.35,51.58,Teleriscaldamento,True,True,False,False,False,False,0,1,9,,L219,,1069,150,35,35,,1964,45.1032,7.6258,"45.1032, 7.6258",TORINO,E,Sul sito http://acs.enea.it/ sono indicate le detrazioni fiscali per il risparmio energetico del patrimonio edilizio esistente attualmente vigenti,G,2.0,Triste,Triste,No,2011,,Teleriscaldamento,375.74,2018,,Scalda-acqua a gas,30.63,,,,,21943.94,App. Condominio
2019_202533_0045.xml,35,VIA DE CANAL 29,2020-08-01,F,190.62,14.79,40.33,49.3,,False,False,False,False,False,False,0,1,0,3,L219,,1426,358,35,35,,1960,45.0667,7.6667,"45.0667, 7.6667",TORINO,E,"				COIBENTAZIONE PARETI PERIMETRALI (VANO SCALA, SOTTO",F,8.0,Triste,Triste,No,1998,,Teleriscaldamento,114.27,2005,,Caldaia standard,76.35,,,,,,N/D
2019_312661_0202.xml,35,Via Maddalene 6,2019-08-11,G,306.88,2.39,61.73,47.36,Gas naturale,True,True,False,False,False,False,0,1,3,5,L219,,1145,43,35,35,,1970,45.0905,7.7067,"45.0905, 7.7067",Torino,E,Installazione valvole termostatiche,G,5.34,Triste,Basita/o,No,2006,,Caldaia a condensazione,197.46,2005,,Caldaia standard,109.42,,,,,13640.119999999999,Ed. Plurifam.
2020_102099_0010.xml,35,Via Pianezza snc,2020-10-06,F,123.92,0.99,48.55,53.76,Teleriscaldamento,False,False,False,False,False,False,0,1,3,1,L219,,1121,41,35,35,,1980,45.095476,7.645642,"45.095476, 7.645642",TORINO,E,Insufflaggio pareti esterne,E,5.0,Triste,Triste,No,2015,Teleriscaldamento,Teleriscaldamento,96.46,2000,Scalda-acqua autonomo istantaneo a gas,Scalda-acqua a gas,27.46,,,,,6324.0599999999995,Ed. Plurifam.
2020_202078_0039.xml,35,CORSO BELGIO 105,2020-03-18,E,159.21,5.46,32.66,64.4,Gas naturale,False,False,False,False,False,False,0,1,6,5,L219,,1253,29,35,35,,1953,45.0667,7.6667,"45.0667, 7.6667",TORINO,E,				Isolamento strutture opache verticali verso l'esterno,D,14.0,Triste,Triste,No,2018,,Caldaia standard,138.72,2012,,Boiler elettrico,20.49,,,,,9557.961999999998,N/D
2021_101746_0026.xml,35,CORSO ORBASSANO 370,2021-09-27,G,285.59,0.0,55.17,73.0,Gas naturale,True,True,False,False,False,False,0,1,9,8,L219,,1429,98,35,35,,1960,45.0338,7.6206,"45.0338, 7.6206",Torino,E,				INSUFFLAGGIO PARETI PERIMETRALI E ISOLAMENTO SOTTOTETTO,F,8.0,Triste,Triste,No,2016,,Caldaia a condensazione,255.03,2000,,Caldaia standard,30.56,,,,,19023.04,App. Condominio
2021_106141_0031.xml,35,Corso Lombardia 123,2021-12-15,G,233.2,10.36,76.65,53.0,Teleriscaldamento,True,True,False,False,False,False,0,1,9,1,L219,,1111,87,35,35,,1960,45.0984,7.6485,"45.0984, 7.6485",Torino,E,Sostituzione serramenti,G,12.33,Triste,Triste,No,1991,,Teleriscaldamento,190.21,2015,Caldaia elettrica,Caldaia elettrica,42.99,,,,,12918.0,App. Condominio
2022_200542_0102.xml,35,Via Carmagnola 16,2022-12-05,D,63.83,4.13,12.56,43.81,Gas naturale,True,True,False,False,False,False,0,1,3,1,L219,0,1184,66,35,35,,1959,45.0661111111111,7.68222222222222,"45.0661111111111, 7.68222222222222",TORINO,E,Isolamento strutture opache verticali,A1,50.0,Triste,Triste,No,2009,,Caldaia standard,40.25,2009,,Caldaia standard,23.58,,,,,2432.64,Ed. Plurifam.
2022_200690_0022.xml,35,VIA ANDREA SANSOVINO 98,2022-01-03,F,159.33,14.37,26.43,48.0,Teleriscaldamento,True,True,False,False,False,False,0,1,3,1,L219,,1073,6,35,35,,1953,45.1167,7.7167,"45.1167, 7.7167",Torino,E,0Intervento sulle strutture opachefalse10.7D111.131Intervento sui serramentifalse27.9E136.12D90.09,D,10.7,Triste,Triste,No,1983,Teleriscaldamento_1,Teleriscaldamento,99.71,2000,Generatore a energia elettrica_1,Boiler elettrico,59.62,,,,,4659.0,Ed. Plurifam.
2022_203144_0005.xml,35,CORSO TARANTO 159,2022-03-14,G,222.02,12.84,46.32,67.88,Gas naturale,False,False,False,False,False,False,0,1,3,2,L219,,1133,17,35,35,,1970,45.1167,7.7167,"45.1167, 7.7167",TORINO,E,				SOSTITUZIONE INFISSI,G,10.0,Triste,Triste,No,2016,,Caldaia a condensazione,169.69,2011,,Boiler elettrico,52.33,,,,,13329.1066,Ed. Plurifam.
2022_107973_0121.xml,350,Via Verolengo 29/7,2022-03-25,D,149.53,10.81,41.57,55.5,Teleriscaldamento,True,True,True,False,False,False,0,1,6,5,L219,,52,6,350,350,,2005,45.094244,7.669632,"45.094244, 7.669632",Torino,E,1 Pellicolamento su involucro trasparente (serramenti verso SUD)false99.7D146.99D146.99,D,99.7,Triste,Sorridente,No,2005,Teleriscaldamento,Teleriscaldamento,69.37,2005,Teleriscaldamento,Teleriscaldamento,35.3,2018,DAIKIN - FTX25JV,Pompa di calore,44.86,5150.0,N/D
2019_102902_0019.xml,351,Salita Michelangelo Garove 24,2019-09-12,D,738.26,90.07,240.82,3419.0,Gas naturale,True,True,True,True,True,True,1,1,6,2,L219,,1153,130,351,351,,2002,45.1167,7.7167,"45.1167, 7.7167",Torino,E,4Relampingfalse6.2D715.22D715.22,D,6.2,Triste,Sorridente,No,2002,UNICAL TRISTAR 1650,Caldaia standard,371.52,2002,Generatore a energia elettrica_1,Boiler elettrico,0.0,2002,TRANE RTHC E3,Pompa di calore,28.25,1903942.96,N/D
2020_205199_0026.xml,351,VIA VEROLENGO 29,2020-01-24,D,95.48,8.59,36.91,92.63,Teleriscaldamento,False,False,False,False,False,False,0,1,0,5,L219,,52,6,351,351,,2006,45.0667,7.6667,"45.0667, 7.6667",TORINO,E,				Isolamento strutture opache verticali verso l'esterno,D,15.0,Sorridente,Triste,No,2005,,Teleriscaldamento,59.86,2010,,Boiler elettrico,35.62,,,,,10492.91,N/D
2020_113131_0014.xml,352,Corso Corsica 17,2020-12-15,F,183.32,22.32,39.99,82.91,Energia elettrica da rete,True,True,False,False,False,False,0,1,3,8,L219,,1423,236,352,352,,1968,45.031558,7.652491,"45.031558, 7.652491",TORINO,E,0Intervento su componenti opachi tramite insufflaggio nella camera d'ariafalse3E107.00E107.00,E,3.0,Basita/o,Triste,No,1000,TELERISCALDAMENTO,Teleriscaldamento,139.17,2020,BOILER A GAS PER ACS,Caldaia standard,44.15,,,,,10179.86,Ed. Plurifam.
2020_205199_0028.xml,352,VIA VEROLENGO 29,2020-01-24,E,89.45,9.32,33.3,70.3,Teleriscaldamento,False,False,False,False,False,False,0,1,0,5,L219,,52,6,352,352,,2006,45.0667,7.6667,"45.0667, 7.6667",TORINO,E,				Isolamento strutture opache verticali verso l'esterno,E,15.0,Sorridente,Triste,No,2005,,Teleriscaldamento,50.77,2010,,Boiler elettrico,38.68,,,,,7059.639999999999,N/D
2020_113131_0013.xml,353,Corso Corsica 15,2020-12-15,F,176.24,20.67,38.33,81.94,Gas naturale,True,True,False,False,False,False,0,1,3,8,L219,,1423,236,353,353,,1968,45.031718,7.65259,"45.031718, 7.65259",TORINO,E,0Intervento su componenti opachi tramite insufflaggio nelle camere d'aria delle pareti internefalse3D110.99D101.14,D,3.0,Basita/o,Triste,No,1000,TELERISCALDAMENTO,Teleriscaldamento,131.94,2020,BOILER A GAS,Caldaia standard,44.3,,,,,9764.04,Ed. Plurifam.
2021_212275_0042.xml,354,Via Verolengo 29/7,2021-07-06,A1,43.91,0.0,8.78,88.14,Teleriscaldamento,True,True,False,False,False,False,0,1,9,1,L219,,52,6,354,354,,2005,45.094372,7.669032,"45.094372, 7.669032",TORINO,E,1Intervento su infissifalse26A141.16A141.16,A1,26.0,Sorridente,Triste,No,2005,Nuovo Teleriscaldamento ...,Teleriscaldamento,16.02,2005,Nuovo Teleriscaldamento ...,Teleriscaldamento,27.89,,,,,2580.0,App. Condominio
2020_112764_0065.xml,356,Via Albenga 22,2020-03-09,F,130.61,11.39,37.88,105.86,Teleriscaldamento,True,True,False,False,False,False,0,1,3,2,L219,,1423,236,356,356,,1978,45.0661111111111,7.68222222222222,"45.0661111111111, 7.68222222222222",TORINO,E,				Sostituzione serramenti con serramenti ad alta efficienza energetica,D,10.0,Triste,Triste,No,1998,Teleriscaldamento,Teleriscaldamento,84.54,2010,Scaldabagno,Boiler elettrico,46.07,,,,,11951.0,Ed. Plurifam.
2019_104941_0001.xml,36,Corso Taranto 159,2019-01-23,E,149.26,0.23,28.9,51.52,Gas naturale,True,True,False,False,False,False,0,1,3,2,L219,,1133,14,36,36,,1960,45.0957,7.7133,"45.0957, 7.7133",Torino,E,1Fabbricato,D,18.2,Triste,Basita/o,No,2013,GENERATORE CENTRALIZZATO 1,Caldaia a condensazione,122.89,2000,GENERATORE AUTONOMO 1,Caldaia standard,26.37,,,,,7678.799999999999,Ed. Plurifam.
2019_312661_0196.xml,36,Via Mddalene 10,2019-07-11,E,174.12,1.19,35.0,65.84,Gas naturale,True,True,False,False,False,False,0,1,3,2,L219,,1145,74,36,36,,1970,45.0904,7.7074,"45.0904, 7.7074",Torino,E,Installazione valvole termostatiche,E,5.46,Triste,Basita/o,No,2003,,Caldaia a condensazione,135.18,2005,,Caldaia standard,38.94,,,,,10771.98,Ed. Plurifam.
2019_312661_0208.xml,36,Via Maddalene 6,2019-11-18,F,289.35,2.56,58.25,44.56,Gas naturale,True,True,False,False,False,False,0,1,3,6,L219,,1145,43,36,36,,1970,45.0905,7.7067,"45.0905, 7.7067",Torino,E,Installazione valvole termostatiche,F,5.33,Triste,Basita/o,No,2006,,Caldaia a condensazione,211.92,2017,,Caldaia standard,77.43,,,,,12070.599999999999,Ed. Plurifam.
2020_108048_0006.xml,36,Via Pietro Giuria 24,2020-08-11,D,65.03,0.29,12.24,82.05,Gas naturale,True,True,False,False,False,False,0,1,3,4,L219,-,1351,295,36,36,,1956,45.049946,7.6796009,"45.049946, 7.6796009",TORINO,E,0isolamento termico pareti perimetralifalse10A229.40A229.40,A2,10.0,Triste,Triste,No,2011,PRINCIPALE,Caldaia a condensazione,44.9,2018,ACS,Scalda-acqua a gas,20.13,,,,,5299.32,Ed. Plurifam.
2020_200213_0016.xml,36,Filadelfia 237,2021-07-09,C,95.51,0.0,17921.91,61.22,Teleriscaldamento,False,False,False,False,False,False,0,1,3,1,L219,,1387,35,36,36,,1970,45.1167,7.7167,"45.1167, 7.7167",TORINO,E,				Isolamento strutture opache orizzontali verso zone non riscaldate,C,20.0,Triste,Basita/o,No,1996,,Teleriscaldamento,71.14,1996,,Teleriscaldamento,24.37,,,,,6814.78,Ed. Plurifam.
2020_205199_0006.xml,36,VIA SANSOVINO 98,2020-01-14,E,115.38,0.0,49.22,44.85,Teleriscaldamento,False,False,False,False,False,False,0,1,0,1,L219,,1073,7,36,36,,1961,45.0667,7.6667,"45.0667, 7.6667",TORINO,E,				Isolamento strutture opache verticali verso l'esterno,D,16.0,Triste,Triste,No,2005,,Teleriscaldamento,94.67,2010,,Scalda-acqua a gas,20.71,,,,,7669.694,N/D
2021_106141_0027.xml,36,Via Paganini 38,2021-10-22,G,395.22,13.75,81.09,60.68,Gas naturale,True,True,False,False,False,False,0,1,3,4,L219,,1188,8,36,36,,1930,45.0873,7.7046,"45.0873, 7.7046",Torino,E,Sostituzione serramenti,G,12.11,Triste,Basita/o,No,2010,,Caldaia standard,340.75,2010,,Boiler elettrico,54.47,,,,,21317.039999999997,Ed. Plurifam.
2022_101746_0002.xml,36,CORSO ORBASSANO 370,2022-04-03,G,181.84,0.0,35.59,42.0,Gas naturale,True,True,False,False,False,False,0,1,9,8,L219,,1429,98,36,36,,1960,45.0338,7.6206,"45.0338, 7.6206",Torino,E,				INSUFFLAGGIO PARETI PERIMETRALI,F,8.0,Triste,Triste,No,2016,,Caldaia a condensazione,149.97,2000,,Caldaia standard,31.87,,,,,6699.58,App. Condominio
2022_110129_0003.xml,36,Corso Taranto 157,2022-11-07,E,255.62,0.72,51.23,99.0,Gas naturale,False,False,False,False,False,False,0,1,3,0,L219,,1133,15,36,36,,1960,45.095741,7.71325,"45.095741, 7.71325",Torino,E,				Isolamento pareti verticali,D,9.99,Triste,Sorridente,No,2016,Caldaia a condensazione,Caldaia a condensazione,229.56,2022,Caldaia standard,Caldaia standard,26.06,,,,,25201.8,Ed. Plurifam.
2022_113184_0091.xml,36,via Aosti 31,2022-07-27,F,271.38,14.79,56.48,48.51,Gas naturale,True,True,False,False,False,False,0,1,3,5,L219,,1184,5,36,36,,1950,45.0851,7.6909,"45.0851, 7.6909",Torino,E,coibentazione solaio sottotetto,E,6.16,Triste,Triste,No,2012,,Caldaia a condensazione,211.43,2015,,Boiler elettrico,59.95,,,,,11227.439999999999,Ed. Plurifam.
2022_208821_0045.xml,36,CORSO BELGIO 38,2022-04-03,G,255.63,2.04,48.23,27.9,Gas naturale,True,True,False,False,False,False,0,1,3,3,L219,-,1251,389,36,36,,1947,45.0661111111111,7.68222222222222,"45.0661111111111, 7.68222222222222",TORINO,E,"Si evidenzia che, per il sopracitato intervento migliorativo raccomandato, possono essere utilizzate le detrazioni fiscali, nel rispetto della legge nazionale vigente",F,4.0,Triste,Triste,No,2007,,Caldaia a condensazione,227.88,2007,,Scalda-acqua a gas,27.75,,,,,7029.299999999999,Ed. Plurifam.
2022_313821_0042.xml,36,"Via Tartini 31, 33, 35, 37 10154, Torino",2022-10-06,F,273.73,1.0,54.89,67.83,Teleriscaldamento,True,True,False,False,False,False,0,1,3,3,L219,,1131,72,36,36,,1968,45.0966,7.7102,"45.0966, 7.7102",Torino,E,sostituzioni serramenti,E,22.82,Triste,Triste,No,2013,,Teleriscaldamento,236.48,2010,,Caldaia standard,37.25,,,,,12987.92,Ed. Plurifam.
2022_209689_0145.xml,365,Corso Eusebio Giambone 51,2022-10-28,E,121.58,9.65,24.04,71.45,Gas naturale,True,True,False,False,False,False,0,1,6,1,L219,0,1423,236,365,365,,1962,45.0312048,7.6524275,"45.0312048, 7.6524275",TORINO,E,Isolamento pareti esterne,D,1.0,Triste,Triste,No,1992,PRINCIPALE,Teleriscaldamento,67.66,2020,Impianto 1...,Scalda-acqua a gas,53.92,,,,,7079.719999999999,N/D
2019_113118_0021.xml,37,via Parenzo 90,2019-05-23,E,202.79,0.32,84.12,39.14,Teleriscaldamento,True,True,False,False,False,False,0,1,9,0,L219,,1073,16,37,37,,1955,45.101796,7.644259,"45.101796, 7.644259",TORINO,E,1Sostituzione serramentifalse26D180.17D180.17,D,26.0,Triste,Triste,No,1983,Sottocentrale di teleriscaldamento,Teleriscaldamento,157.16,1000,Scaldacqua a metano,Scalda-acqua a gas,45.63,,,,,11559.2,App. Condominio
2020_201276_0001.xml,37,strada del portone 35,2020-05-15,E,111.82,3.78,21.51,46.87,Gas naturale,True,True,False,False,False,False,0,1,6,6,L219,u,1432,161,37,37,,2009,45.0661111111111,7.68222222222222,"45.0661111111111, 7.68222222222222",TORINO,E,0insufliaggio intercapedine pareti perimetrali con fiocchi di cellulosa e o similifalse18D79.11D79.11,D,18.0,Triste,Triste,No,2009,PRINCIPALE,Caldaia standard,74.74,2009,PRINCIPALE,Caldaia standard,37.08,,,,,4889.76,N/D
2020_206337_0003.xml,37,Corsica 19,2020-12-01,D,122.31,0.37,35.85,103.41,Teleriscaldamento,True,True,False,False,False,False,0,1,7,1,L219,,1423,236,37,37,,1985,45.0315,7.6524,"45.0315, 7.6524",Torino,E,"				Sostituzione serramenti esistenti con altri dotati di Uf < 1,0 W/mqk e Ug < 0,5 W/mqk",C,15.85,Triste,Basita/o,No,2014,,Teleriscaldamento,98.01,2014,Rendimento noto stagionale,Rendimento noto stagionale,24.3,,,,,13034.54,N/D
2022_113184_0138.xml,37,Via Artom 55,2022-10-24,E,156.57,16.78,32.21,54.56,Teleriscaldamento,True,True,False,False,False,False,0,1,3,8,L219,,1488,14,37,37,,1966,45.0131,7.6494,"45.0131, 7.6494",Torino,E,installazione solare fotovoltaico,E,4.31,Triste,Triste,No,1996,,Teleriscaldamento,97.79,2018,,Boiler elettrico,58.78,,,,,7635.0,Ed. Plurifam.
2022_213615_0228.xml,37,via parenzo 80,2022-06-14,F,148.79,14.18,30.78,38.98,Teleriscaldamento,False,False,False,False,False,False,0,1,3,1,L219,,1073,18,37,37,,1953,45.1012663575647,7.64395591667177,"45.1012663575647, 7.64395591667177",Torino,E,Data sopralluogo: 14/06/2022,E,10.0,Triste,Triste,No,2015,,Teleriscaldamento,89.97,2010,,Boiler elettrico,58.82,,,,,4515.85,Ed. Plurifam.
2022_312661_0125.xml,37,Via Vittime di Bologna 5,2022-09-27,E,159.38,8.45,32.05,46.21,Gas naturale,True,True,False,False,False,False,0,1,3,0,L219,,1089,306,37,37,,1985,45.1011,7.7292,"45.1011, 7.7292",Torino,E,realizzazione cappotto,E,8.02,Triste,Triste,Sì,2003,,Caldaia a condensazione,136.76,2003,,Caldaia a condensazione,22.62,,,,,7249.96,Ed. Plurifam.
2021_101550_0012.xml,371,corso giambone 51,2021-02-09,D,98.46,8.38,20.82,128.98,Teleriscaldamento,True,True,False,False,False,False,0,1,9,9,L219,0,1423,236,371,371,,1970,45.0661111111111,7.68222222222222,"45.0661111111111, 7.68222222222222",TORINO,E,cappotto,C,4.0,Triste,Triste,No,1992,PRINCIPALE,Teleriscaldamento,63.69,2020,boiler  1 autonomo,Boiler elettrico,34.77,,,,,7768.0,App. Condominio
2021_101550_0013.xml,372,corso giambone 51,2021-02-09,D,106.09,9.34,22.51,83.42,Teleriscaldamento,True,True,False,False,False,False,0,1,9,9,L219,0,1423,236,372,372,,1970,45.0661111111111,7.68222222222222,"45.0661111111111, 7.68222222222222",TORINO,E,cappotto,C,2.0,Triste,Triste,No,1992,PRINCIPALE,Teleriscaldamento,67.32,2020,boiler2,Boiler elettrico,38.77,,,,,5411.0,App. Condominio
2021_208114_0011.xml,373,CORSO TRAIANO 143,2021-04-17,B,190.52,0.0,38.1,57.12,Teleriscaldamento,False,False,False,False,False,False,0,1,3,9,L219,,1443,646,373,373,,2011,45.0667,7.6667,"45.0667, 7.6667",TORINO,E,				Sostituzione componenti finestrati,B,20.0,Triste,Triste,No,2011,,Teleriscaldamento,147.31,2011,,Teleriscaldamento,43.21,,,,,7255.05,Ed. Plurifam.
2021_208114_0012.xml,374,VIA LUIGI PALMA DI CESNOLA 63,2021-04-17,A2,359.68,0.0,71.94,114.36,Teleriscaldamento,False,False,False,False,False,False,1,1,3,0,L219,,1443,646,374,374,,2011,45.0667,7.6667,"45.0667, 7.6667",TORINO,E,				Sostituzione componenti finestrati,A2,20.0,Basita/o,Basita/o,No,2011,,Teleriscaldamento,321.16,2011,,Teleriscaldamento,38.52,,,,,27422.25,Ed. Plurifam.
2021_103137_0013.xml,377,via Treviso 26I,2021-07-18,C,407.91,0.8,81.7,760.6,Gas naturale,True,True,True,False,False,False,1,1,9,0,L219,,1153,130,377,377,,2002,45.0874,7.6677,"45.0874, 7.6677",Torino,E,				MIGLIORAMENTO PRESTAZIONI PARETI OPACHE,B,12.0,Triste,Basita/o,No,2002,,Caldaia standard,347.98,2002,,Caldaia standard,57.57,2002,,Pompa di calore,2.36,294375.83999999997,App. Condominio
2021_103137_0009.xml,378,via Treviso 26G,2021-03-19,D,333.16,4.53,67.31,303.03,Gas naturale,True,False,True,False,False,False,1,1,9,0,L219,,1153,130,378,378,,2002,45.0874,7.6677,"45.0874, 7.6677",Torino,E,				MIGLIORAMENTO PRESTAZIONI SUPERFICI VETRATE,B,13.0,Triste,Basita/o,No,2002,,Caldaia standard,320.77,,,,,2002,,Pompa di calore,12.39,93649.31999999999,App. Condominio
2021_212275_0079.xml,379,Via Verolengo 29/7,2021-08-10,B,67.69,0.0,13.54,64.63,Teleriscaldamento,True,True,False,False,False,False,0,1,9,11,L219,,52,6,379,379,,2005,45.094372,7.669032,"45.094372, 7.669032",TORINO,E,1Intervento su infissifalse26A156.60A156.60,A1,26.0,Sorridente,Basita/o,No,2005,Nuovo Teleriscaldamento ...,Teleriscaldamento,27.77,2005,Nuovo Teleriscaldamento ...,Teleriscaldamento,39.92,,,,,2917.0,App. Condominio
2019_207188_0028.xml,38,via poma carlo 11,2019-07-05,G,597.19,10.52,78.92,56.0,Teleriscaldamento,True,True,False,False,False,False,0,1,0,0,L219,,1428,95,38,38,,1952,45.1167,7.7167,"45.1167, 7.7167",Torino,E,0Intervento sulle strutture opachefalse6.5G541.351Intervento sui serramentifalse9.2G541.1G475.76,G,6.5,Triste,Triste,No,2005,Teleriscaldamento,Teleriscaldamento,553.55,2012,Generatore a energia elettrica,Boiler elettrico,43.64,,,,,21919.0,N/D
2021_103241_0026.xml,38,VIA PINELLI 33,2021-10-05,F,248.1,1.06,50.04,43.85,Gas naturale,False,False,False,False,False,False,0,1,3,0,L219,,1178,197,38,38,,1955,45.0667,7.6667,"45.0667, 7.6667",TORINO,E,				Isolamento strutture opache verticali confinanti con l'esterno,E,5.0,Triste,Basita/o,No,1998,,Caldaia standard,220.8,2010,,Scalda-acqua a gas,27.3,,,,,10863.339399999999,Ed. Plurifam.
2021_213683_0007.xml,38,CORSO CORSICA 19,2021-06-10,F,130.29,0.0,26.35,81.24,Teleriscaldamento,True,True,False,False,False,False,0,1,0,1,L219,00,1423,236,38,38,,1968,45.0314311,7.6524138,"45.0314311, 7.6524138",TORINO,E,SOSTITUZIONE INFISSI,E,3.0,Triste,Triste,No,2014,PRINCIPALE,Teleriscaldamento,104.33,2020,ACS GAS,Scalda-acqua a gas,25.96,,,,,7768.219999999999,N/D
2021_311910_0017.xml,38,Via Filadelfia 137/8,2021-08-03,F,152.88,0.0,30.58,63.1,Teleriscaldamento,True,True,False,False,False,False,0,1,6,1,L219,,1387,35,38,38,,1960,45.045307,7.632629,"45.045307, 7.632629",TORINO,E,1Intervento su infissifalse8E105.72E105.72,E,8.0,Triste,Triste,No,1996,Centralizzato,Teleriscaldamento,101.02,1996,Centralizzato,Teleriscaldamento,51.86,,,,,6431.0,N/D
2021_313821_0149.xml,38,Via Gallina 3/5,2022-03-23,E,132.93,1.02,26.74,58.89,Teleriscaldamento,True,True,False,False,False,False,0,1,3,2,L219,,1145,5,38,38,,1930,45.0917,7.7093,"45.0917, 7.7093",Torino,E,coibentazione involucro opaco,D,3.7,Triste,Basita/o,No,2015,,Teleriscaldamento,96.24,2015,,Teleriscaldamento,36.69,,,,,5181.0,Ed. Plurifam.
2021_108181_0001.xml,380,VIA GAIDANO PAOLO 18,2021-09-16,D,136.06,0.01,26.59,124.05,Teleriscaldamento,False,False,False,False,False,False,0,1,6,8,L219,,1391,23,380,380,,1969,45.0398724259275,7.62666387731552,"45.0398724259275, 7.62666387731552",Torino,E,Data sopralluogo: 16/09/2021,B,9.0,Triste,Basita/o,No,2016,,Teleriscaldamento,109.86,2019,,Caldaia standard,26.2,,,,,16233.5142,N/D
2022_208423_0087.xml,380,Corso Giambone Eusebio 55,2022-04-29,E,128.17,0.0,36.85,105.65,Teleriscaldamento,True,True,False,False,False,False,0,1,3,1,L219,,1423,236,380,380,,1970,45.116667,7.716667,"45.116667, 7.716667",Torino,E,0Intervento sulle strutture opachefalse21.2E118.181Intervento sui serramentifalse13.7D105.47D94.52,E,21.2,Triste,Sorridente,No,2020,Teleriscaldamento,Teleriscaldamento,85.28,2016,Caldaia Vaillant,Scalda-acqua a gas,42.89,,,,,14497.58,Ed. Plurifam.
2022_204623_0034.xml,383,via Reiss Romoli Guglielmo 81/11,2022-11-29,C,108.05,0.19,21.64,89.51,Gas naturale,True,True,False,False,False,False,0,1,3,8,L219,,1079,156,383,383,,1980,45.108174,7.688017,"45.108174, 7.688017",Torino,E,Nel complesso sono in corso opere di miglioramento energetico previste dal Super ecobonus 110%,B,5.3,Basita/o,Sorridente,No,2006,YGNIS TOTALTUBE D1163,Caldaia standard,87.28,2006,YGNIS Modulo Control 450,Caldaia a condensazione,20.77,,,,,9656.92,Ed. Plurifam.
2020_314373_0067.xml,384,Via Verolengo 29,2020-04-08,C,55.32,0.0,18.17,49.75,Teleriscaldamento,True,True,False,False,False,False,0,1,6,13,L219,,52,6,384,384,,2005,45.094843,7.669644,"45.094843, 7.669644",TORINO,E,				Intallazione di pompa di calore aria aria ad integrazione del riscaldamento,B,10.0,Triste,Triste,No,2005,Scambiatore per risc.,Teleriscaldamento,25.21,2005,ACS centralizzata,Teleriscaldamento,30.11,,,,,2927.0,N/D
2021_200281_0018.xml,384,VIA GOTTARDO 233/A,2021-12-05,F,172.62,0.07,32.38,81.64,Gas naturale,True,True,False,False,False,False,0,1,6,3,L219,-,1144,3,384,384,,1964,45.0661111111111,7.68222222222222,"45.0661111111111, 7.68222222222222",TORINO,E,"Si evidenzia che, per il sopracitato intervento migliorativo raccomandato, possono essere utilizzate le detrazioni fiscali, nel rispetto della legge nazionale vigente",D,6.0,Triste,Triste,No,1994,PRINCIPALE,Caldaia standard,146.7,2000,Impianto 1...,Scalda-acqua a gas,25.92,,,,,14105.92,N/D
2022_115340_0008.xml,384,Corso Corsica 17,2022-06-16,D,132.11,9.08,27.33,82.08,Teleriscaldamento,True,True,True,False,False,False,0,1,0,2,L219,-,1423,236,384,384,,1968,45.0661111111111,7.68222222222222,"45.0661111111111, 7.68222222222222",TORINO,E,Insufflaggio pareti esterne,C,6.0,Triste,Triste,No,2020,PRINCIPALE,Teleriscaldamento,91.94,2020,Impianto 1...,Scalda-acqua a gas,25.88,2020,Impianto 2...,Pompa di calore,14.29,7464.16,N/D
2022_213677_0018.xml,386,VIA CRAVERO GIOVANNI 6,2022-07-28,D,138.74,4.98,26.73,79.6,Gas naturale,True,True,True,False,False,False,0,1,6,6,L219,/,1144,3,386,386,,1971,45.0936955,7.7124033,"45.0936955, 7.7124033",TORINO,E,Isolamento muri perimetrali,C,9.0,Triste,Triste,No,1994,PRINCIPALE,Caldaia standard,73.51,2021,ACS autonomo,Scalda-acqua a gas,44.7,2022,Impianto 4...,Pompa di calore,20.53,10256.18,N/D
2019_101975_0006.xml,387,via Verolengo 29,2019-03-28,A1,53.66,0.0,25.72,49.6,Teleriscaldamento,False,False,False,False,False,False,0,1,3,14,L219,,52,6,387,387,,2005,45.0667,7.6667,"45.0667, 7.6667",TORINO,E,				Sostituzione serramenti esterni,A2,5.0,Basita/o,Basita/o,No,2005,,Teleriscaldamento,25.0,2005,,Teleriscaldamento,28.66,,,,,4251.79,Ed. Plurifam.
2021_203912_0063.xml,388,Via Gottardo 233,2021-06-09,G,411.18,54.52,90.36,92.15,Gas naturale,False,False,False,False,False,False,0,1,6,7,L219,,1144,3,388,388,,1977,45.1167,7.7167,"45.1167, 7.7167",TORINO,E,				Sostituzione componenti finestrati,G,25.0,Triste,Basita/o,No,1994,,Caldaia a condensazione,243.62,2000,,Caldaia standard,167.56,,,,,27764.080400000003,N/D
2022_106609_0012.xml,388,corso Corsica 19,2022-07-09,C,85.99,5.51,17.7,102.3,Teleriscaldamento,False,False,False,False,False,False,0,1,3,3,L219,,1423,236,388,388,,1970,45.1167,7.7167,"45.1167, 7.7167",TORINO,E,				Insufflaggio di materiale isolante nell'intercapedine delle pareti esterne,B,5.0,Triste,Triste,No,2020,,Teleriscaldamento,49.09,2018,,Scalda-acqua a gas,20.66,2006,,Pompa di calore,16.24,8629.8216,Ed. Plurifam.
2020_111718_0006.xml,389,VIA LIVORNO 51,2020-01-06,B,139.69,15.97,28.6,240.12,Gas naturale,True,True,True,False,True,False,1,1,7,0,L219,0,1153,130,389,389,,2003,45.0661111111111,7.68222222222222,"45.0661111111111, 7.68222222222222",TORINO,E,5MIGLIORAMENTO FONTE RINNOVABILE: FOTOVOLTAICOfalse18B136.76B136.76,B,18.0,Triste,Triste,No,2002,PRINCIPALE,Caldaia standard,86.63,2002,Impianto 2...,Scalda-acqua a gas,3.66,2002,Impianto 1...,Pompa di calore,1.43,21009.42,N/D
2021_212275_0080.xml,389,Via Verolengo 29/7,2021-08-10,B,82.12,0.0,16.42,116.42,Teleriscaldamento,True,True,False,False,False,False,0,1,9,15,L219,,52,6,389,389,,2005,45.094372,7.669032,"45.094372, 7.669032",TORINO,E,1Intervento su infissifalse26B75.13B75.13,B,26.0,Sorridente,Basita/o,No,2005,Nuovo Teleriscaldamento ...,Teleriscaldamento,51.82,2005,Nuovo Teleriscaldamento ...,Teleriscaldamento,30.3,,,,,6374.0,App. Condominio
2019_102945_0130.xml,39,Via Cernaia 28,2019-11-11,F,250.0,0.99,50.15,208.55,Gas naturale,True,True,False,False,False,False,0,1,5,5,L219,,1220,212,39,39,,1950,45.0723,7.6726,"45.0723, 7.6726",Torino,E,				Coibentazione pareti esterne,D,2.72,Triste,Triste,No,2015,,Caldaia a condensazione,214.94,1995,,Caldaia standard,35.06,,,,,49283.159999999996,N/D
2020_203013_0013.xml,39,VIA CILEA FRANCESCO 6,2020-08-04,E,128.18,0.61,25.99,50.47,Gas naturale,False,False,False,False,False,False,0,1,6,5,L219,,1131,70,39,39,,1960,45.0667,7.6667,"45.0667, 7.6667",TORINO,E,				Sostituzione componenti finestrati,D,11.0,Triste,Triste,No,2006,,Caldaia a condensazione,102.19,2010,,Scalda-acqua a gas,25.99,,,,,6483.5416,N/D
2021_200542_0014.xml,39,Via Tartini Giuseppe 30,2021-05-03,E,103.43,4.24,20.01,70.51,Gas naturale,True,True,False,False,False,False,0,1,3,5,L219,0,1132,86,39,39,,1960,45.0964964,7.7061982,"45.0964964, 7.7061982",TORINO,E,Isolamento strutture opache verticali,D,27.0,Triste,Triste,No,2021,,Caldaia a condensazione,78.28,2021,,Caldaia a condensazione,25.15,,,,,6699.4,Ed. Plurifam.
2021_208165_0002.xml,39,via po 2,2021-01-26,E,137.22,0.0,27.44,66.36,Gas naturale,False,False,False,False,False,False,0,1,6,4,L219,,1280,24,39,39,,1830,45.0667,7.6667,"45.0667, 7.6667",TORINO,E,				Sostituzione serramenti esterni zona cucina,E,16.0,Triste,Basita/o,No,2012,,Caldaia standard,115.93,2012,,Caldaia standard,21.29,,,,,9122.0374,N/D
2021_313821_0137.xml,39,Via Gallina 3/15,2022-03-23,G,339.88,1.08,68.14,41.78,Teleriscaldamento,True,True,False,False,False,False,0,1,3,0,L219,,1145,2,39,39,,1930,45.0917,7.7093,"45.0917, 7.7093",Torino,E,coibentazione involucro opaco,D,3.7,Triste,Basita/o,No,2015,,Teleriscaldamento,304.48,2015,,Teleriscaldamento,35.4,,,,,9438.0,Ed. Plurifam.
2022_101746_0034.xml,39,CORSO ORBASSANO 372,2022-06-06,G,182.12,0.0,35.36,80.0,Gas naturale,True,True,False,False,False,False,0,1,3,1,L219,,1429,98,39,39,,1960,45.0338,7.6206,"45.0338, 7.6206",Torino,E,				INSUFFLAGGIO PARETI PERIMETRALI,F,8.0,Triste,Triste,No,2016,,Caldaia a condensazione,152.71,2000,,Caldaia standard,29.41,,,,,13103.38,Ed. Plurifam.
2022_312661_0088.xml,39,Corso Mortare 44,2022-06-17,D,145.44,2.94,29.09,63.13,Teleriscaldamento,True,True,False,False,False,False,0,1,3,4,L219,,1125,441,39,39,,2005,45.0909,7.6712,"45.0909, 7.6712",Torino,E,Coibentazione Muri perimetrali mediante insuflaggio,C,10.74,Triste,Basita/o,No,2005,,Teleriscaldamento,107.06,2005,,Teleriscaldamento,38.38,,,,,8056.0,Ed. Plurifam.
2022_313821_0052.xml,39,Via Bioglio 18,2022-04-08,D,248.56,1.47,49.93,42.6,Gas naturale,True,True,False,False,False,False,0,1,9,0,L219,,1186,167,39,39,,1999,45.0869,7.6965,"45.0869, 7.6965",Torino,E,REALIZZAZIONE DI CAPPOTTO ESTERNO,D,10.46,Triste,Triste,No,2019,,Caldaia a condensazione,218.9,2019,,Caldaia a condensazione,29.66,,,,,9973.6,App. Condominio
2020_212275_0067.xml,393,Via Gaidano 18,2020-12-22,D,126.82,0.0,25.36,124.27,Teleriscaldamento,True,True,False,False,False,False,0,1,6,1,L219,,1391,23,393,393,,1980,45.039588,7.626336,"45.039588, 7.626336",TORINO,E,0Intervento su componenti opachifalse26B75.05B75.05,B,26.0,Triste,Triste,No,2016,Nuovo Teleriscaldamento ...,Teleriscaldamento,86.98,2015,Boiler VAILLANT,Scalda-acqua a gas,39.84,,,,,12166.06,N/D
2021_100824_0009.xml,399,via gaidano 18,2021-05-24,F,195.12,0.01,66.32,119.65,Teleriscaldamento,True,True,False,False,False,False,0,1,6,9,L219,.,1391,23,399,399,,1966,45.03946,7.62676,"45.03946, 7.62676",TORINO,E,sostituzione infissi con telai a taglio termico e vetri bassoemissivi,F,4.0,Triste,Triste,No,2016,PRINCIPALE,Teleriscaldamento,172.47,2010,Impianto 1...,Scalda-acqua a gas,22.65,,,,,26768.62,N/D
2019_106141_0184.xml,4,"Via Moretta n° 55, Torino (TO)",2019-03-09,C,162.91,8.63,69.35,4186.89,Teleriscaldamento,True,True,False,False,True,True,1,0,7,,L219,,1224,536,4,4,,1960,45.0694,7.6507,"45.0694, 7.6507",Torino,E,"Nessun titolo abilitativo, attestato redatto come previsto da Contratto di Servizio Energia",C,5.69,Triste,Triste,No,2017,,Teleriscaldamento,127.86,2000,,Boiler elettrico,0.47,,,,,926765.0,N/D
2019_202612_0121.xml,4,VIA BAGETTI PIETRO 35,2019-10-09,G,168.78,11.71,35.54,86.48,Teleriscaldamento,True,True,False,False,False,False,0,1,0,1,L219,0,1221,219,4,4,,1946,45.0661111111111,7.68222222222222,"45.0661111111111, 7.68222222222222",TORINO,E,1sostituzione serramenti con altri a taglio termicofalse7E101.62E101.62,E,7.0,Triste,Basita/o,No,2010,,Teleriscaldamento,120.18,2000,,Boiler elettrico,48.6,,,,,9083.0,N/D
2019_205207_0027.xml,4,Piazza Giacomini 24,2019-07-31,A2,82.82,10.75,18.77,4373.96,Teleriscaldamento,True,True,False,True,True,True,1,0,0,0,L219,,1402,171,4,4,,1965,45.0340,7.6698,"45.0340, 7.6698",Torino,E,Installazione pannelli solari termici per produzione A.C.S,A2,10.0,Basita/o,Basita/o,Sì,2019,,Teleriscaldamento,52.67,2019,,Teleriscaldamento,4.6,,,,,338696.0,N/D
2019_312661_0193.xml,4,Via Mddalene 10,2019-07-11,F,189.32,1.15,38.04,71.0,Gas naturale,True,True,False,False,False,False,0,1,3,2,L219,,1145,74,4,4,,1970,45.0904,7.7074,"45.0904, 7.7074",Torino,E,Installazione valvole termostatiche,F,5.46,Triste,Triste,No,2003,,Caldaia a condensazione,152.06,2019,,Caldaia standard,37.26,,,,,12657.64,Ed. Plurifam.
2019_312661_0210.xml,4,Via Maddalene 2,2019-11-19,G,269.69,14.39,56.08,66.9,Gas naturale,True,True,False,False,False,False,0,1,6,2,L219,,1145,42,4,4,,1966,45.0904,7.7060,"45.0904, 7.7060",Torino,E,installazione valvole termostatiche,F,9.73,Triste,Triste,No,2006,,Caldaia a condensazione,217.05,2019,,Boiler elettrico,52.64,,,,,15427.24,N/D
2020_101416_0019.xml,4,Via Abeti n. 13,2020-01-07,A1,119.03,28.69,28.08,216.93,Energia elettrica da rete,True,True,True,False,True,False,1,0,9,,L219,,1013,136,4,4,,1980,45.1308,7.7096,"45.1308, 7.7096",Torino,E,				Installazione impianto fotovoltaico,A4,12.0,Basita/o,Basita/o,No,2019,,Pompa di calore,65.56,2019,,Boiler elettrico,4.59,2019,,Pompa di calore,14.43,13243.0,App. Condominio
2020_102099_0007.xml,4,Via Pianezza snc,2020-03-17,F,165.7,1.42,56.24,46.45,Teleriscaldamento,False,False,False,False,False,False,0,1,3,1,L219,,1121,41,4,4,,1980,45.095299,7.645926,"45.095299, 7.645926",TORINO,E,Insufflaggio pareti esterne,E,5.0,Triste,Triste,No,2015,Teleriscaldamento,Teleriscaldamento,138.47,2000,Scalda-acqua autonomo istantaneo a gas,Scalda-acqua a gas,27.23,,,,,7268.38,Ed. Plurifam.
2020_102099_0026.xml,4,Corso Lombardia 121,2020-09-22,F,127.3,16.16,21.46,96.95,Teleriscaldamento,False,False,False,False,False,False,0,1,3,1,L219,,1121,41,4,4,,1980,45.095299,7.645926,"45.095299, 7.645926",TORINO,E,Data del sopralluogo: 1,F,5.0,Triste,Triste,No,2000,Teleriscaldamento,Teleriscaldamento,60.25,2000,Boiler elettrico,Boiler elettrico,67.05,,,,,8897.0,Ed. Plurifam.
2020_102099_0157.xml,4,CORSO AGNELLI 105,2020-12-31,F,184.31,1.61,37.1,39.0,Teleriscaldamento,False,False,False,False,False,False,0,1,3,3,L219,=,1425,80,4,4,,1920,45.035815,7.6441370,"45.035815, 7.6441370",Torino,E,isolamento perimetrale,E,10.0,Triste,Triste,No,2016,,Teleriscaldamento,128.64,2005,,Caldaia standard,55.67,,,,,5606.16,Ed. Plurifam.
2020_102099_0161.xml,4,VIA ANTINORI 3,2020-12-31,E,127.38,1.87,25.75,72.2,Gas naturale,False,False,False,False,False,False,0,1,3,1,L219,=,1349,159,4,4,,1932,45.053484,7.6668840,"45.053484, 7.6668840",Torino,E,isolamento perimetrale,D,10.0,Triste,Triste,No,2016,,Caldaia a condensazione,86.86,2005,,Caldaia standard,40.52,,,,,9907.92,Ed. Plurifam.
2020_102099_0167.xml,4,VIA BUSCALIONI 17,2020-12-31,F,269.25,2.96,54.29,49.8,Gas naturale,False,False,False,False,False,False,0,1,2,0,L219,=,1212,97,4,4,,1932,45.077291,7.7006340,"45.077291, 7.7006340",Torino,E,isolamento perimetrale,E,10.0,Triste,Triste,No,2016,,Caldaia a condensazione,236.67,2000,,Caldaia standard,32.58,,,,,14586.84,N/D
2020_113181_0033.xml,4,Via Morosini 1/C,2021-01-13,E,444.27,24.17,89.17,46.79,Gas naturale,False,False,False,False,True,False,1,1,3,0,L219,,1241,131,4,4,,1900,45.0677,7.6642,"45.0677, 7.6642",Torino,E,Realizzazione cappotto interno,D,5.94,Triste,Basita/o,No,,,,343.98,,,,,,,,,17733.48,Ed. Plurifam.
2020_113184_0016.xml,4,via Guala 95_97 viaSidoli34_36_TO,2020-12-03,E,210.89,0.71,66.71,75.1,Teleriscaldamento,True,True,False,False,False,False,0,1,3,1,L219,,1441,88,4,4,,1993,45.0250,7.6444,"45.0250, 7.6444",Torino,E,isolamento parete esterna,E,2.98,Triste,Triste,No,1997,,Teleriscaldamento,191.42,1997,,Teleriscaldamento,19.47,,,,,16639.0,Ed. Plurifam.
2020_212533_0067.xml,4,Viale dei Mughetti 29bis,2020-03-02,C,73.29,0.0,27.07,58.31,Teleriscaldamento,True,True,False,False,False,False,0,1,2,1,L219,0,1069,150,4,4,,1965,45.1039417,7.6264605,"45.1039417, 7.6264605",TORINO,E,0Coibentazione pareti freddefalse1B57.56B57.56,B,1.0,Triste,Triste,No,2000,PRINCIPALE,Teleriscaldamento,43.53,2000,ACS,Scalda-acqua a gas,29.76,,,,,5797.5,N/D
2021_100235_0004.xml,4,via Antonio Banfo 32,2017-05-04,E,331.23,6.18,67.17,3352.58,Gas naturale,True,True,False,False,True,True,1,1,9,0,L219,,1150,96,4,4,,1905,45.0917,7.6882,"45.0917, 7.6882",Torino,E,				Isolamento  copertura piana palestre e solaio su sottotetto NR,D,7.0,Triste,Triste,No,2016,,Caldaia a condensazione,307.04,2002,,Boiler elettrico,0.19,,,,,1019835.22,App. Condominio
2021_105263_0065.xml,4,via SANSOVINO 90,2021-09-07,F,260.22,0.0,52.04,49.22,Teleriscaldamento,False,False,False,False,False,False,0,1,3,1,L219,,1073,6,4,4,,1960,45.0667,7.6667,"45.0667, 7.6667",TORINO,E,				COIBENTAZIONE MURATURE PERIMETRALI,D,30.0,Triste,Triste,No,2005,,Teleriscaldamento,229.71,2000,,Caldaia standard,30.51,,,,,9041.7402,Ed. Plurifam.
2021_106141_0032.xml,4,via borgo ticino 15,2021-12-27,G,432.36,20.2,89.48,58.49,Gas naturale,True,True,False,False,False,False,0,1,3,1,L219,,1080,176,4,4,,1990,45.0984,7.6485,"45.0984, 7.6485",Torino,E,Sostituzione serramenti,G,16.44,Triste,Triste,No,2016,,Caldaia a condensazione,390.95,2015,Caldaia elettrica,Caldaia elettrica,41.41,,,,,21925.82,Ed. Plurifam.
2021_106141_0045.xml,4,Via Benedetto Croce n°26,2021-12-30,D,198.96,12.6,63.62,4789.74,Teleriscaldamento,True,True,False,False,True,True,1,0,9,,L219,,1459,49,4,3,,1964,45.0206,7.6444,"45.0206, 7.6444",Torino,E,Coibentazione solaio confinante verso ambiente non climatizzato,C,11.22,Triste,Triste,No,1997,,Teleriscaldamento,155.43,2015,,Boiler elettrico,0.88,,,,,947184.0,App. Condominio
2021_106141_0046.xml,4,"Via Braccini, 63 - Torino 10141",2021-12-29,D,327.39,16.7,106.59,1336.29,Teleriscaldamento,True,True,False,False,True,False,1,0,9,,L219,,1297,59,4,3,,1971,45.0603,7.6493,"45.0603, 7.6493",Torino,E,Sostituzione serramenti,C,10.37,Triste,Triste,No,2006,,Teleriscaldamento,273.2,2015,,Boiler elettrico,29.27,,,,,449456.0,App. Condominio
2021_200149_0018.xml,4,Via Valeggio 23,2021-09-17,F,126.78,13.09,26.33,60.98,Teleriscaldamento,False,False,False,False,False,False,0,1,6,1,L219,,1301,135,4,4,,1938,45.0590024284674,7.66898897916795,"45.0590024284674, 7.66898897916795",Torino,E,Data sopralluogo: 14/09/2021,E,12.0,Triste,Basita/o,No,2009,,Teleriscaldamento,72.46,2000,,Boiler elettrico,54.32,,,,,5907.1900000000005,N/D
2021_313821_0167.xml,4,Via Ghedini 19 24,2022-04-14,G,329.94,0.54,66.07,41.9,Teleriscaldamento,True,True,False,False,False,False,0,1,3,0,L219,,1145,39,4,4,,1930,45.0911,7.7098,"45.0911, 7.7098",Torino,E,coibentazione involucro opaco,D,4.26,Triste,Basita/o,No,2015,,Teleriscaldamento,295.78,2015,,Teleriscaldamento,34.16,,,,,9202.0,Ed. Plurifam.
2022_102099_0005.xml,4,CORSO FERRARA 50 B,2020-12-31,G,343.73,78.39,80.42,182.8,Energia elettrica da rete,False,False,False,False,False,False,0,1,2,1,L219,,1065,25,4,4,,1969,45.108918,7.6247180,"45.108918, 7.6247180",Torino,E,ISOLAMENTO PERIMETRALE,F,10.0,Triste,Triste,No,2015,,Teleriscaldamento,323.7,2006,,Caldaia standard,20.03,,,,,34264.2,N/D
2022_102099_0010.xml,4,CORSO FERRARA 50 C,2020-12-31,G,370.09,83.22,86.41,73.9,Energia elettrica da rete,False,False,False,False,False,False,0,1,2,1,L219,,1065,25,4,4,,1969,45.108918,7.6247180,"45.108918, 7.6247180",Torino,E,ISOLAMENTO PERIMETRALE,F,10.0,Triste,Triste,No,2015,,Teleriscaldamento,341.58,2006,,Caldaia standard,28.51,,,,,15133.64,N/D
2022_105263_0043.xml,4,VIA ANDREA SANSOVINO 98,2022-07-07,F,211.59,0.0,42.32,35.23,Teleriscaldamento,False,False,False,False,False,False,0,1,7,1,L219,,1073,7,4,4,,1961,45.1167,7.7167,"45.1167, 7.7167",TORINO,E,				Sostituzione componenti finestrati,F,13.0,Triste,Triste,No,2016,,Teleriscaldamento,187.05,2000,,Scalda-acqua a gas,24.54,,,,,8443.782799999999,N/D
2022_200681_0146.xml,4,VIA PERGOLESI 93/A,2022-09-11,G,255.31,0.0,69.0,55.0,Teleriscaldamento,True,True,False,False,False,False,0,1,3,1,L219,-,1132,89,4,4,,1968,45.0956306,7.7074942,"45.0956306, 7.7074942",TORINO,E,MIGLIORAMENTO TRASMITTANZA COMPONENTI OPACHE VERTICALI,F,5.0,Triste,Triste,No,2014,PRINCIPALE,Teleriscaldamento,198.24,2010,ACS autonomo,Scalda-acqua a gas,57.07,,,,,13526.04,Ed. Plurifam.
2022_312661_0108.xml,4,Via Fratelli Garrone 74_5_6_7_8,2022-07-27,F,193.3,3.73,37.36,75.56,Teleriscaldamento,True,True,False,False,False,False,0,1,3,1,L219,,1488,72,4,4,,1966,45.0131,7.6494,"45.0131, 7.6494",Torino,E,valvole termostatiche,F,9.46,Triste,Triste,No,2018,,Teleriscaldamento,112.31,2006,,Caldaia standard,80.99,,,,,15265.279999999999,Ed. Plurifam.
2019_110202_0008.xml,40,VIA  ANDREA SANSOVINO 90,2019-05-22,G,224.75,0.0,63.24,39.5,Teleriscaldamento,True,True,False,False,False,False,0,1,3,3,L219,0,1073,13,40,40,,1980,45.0661111111111,7.68222222222222,"45.0661111111111, 7.68222222222222",TORINO,E,0INSUFLAGGIO PARETIfalse3G215.001SOSTITUZIONE SERRAMENTIfalse2F192.00F195.65,G,3.0,Triste,Basita/o,No,2015,PRINCIPALE,Teleriscaldamento,197.94,2015,ACS autonomo,Scalda-acqua a gas,26.81,,,,,8509.58,Ed. Plurifam.
2019_201276_0007.xml,40,strada del portone 35,2018-03-10,E,114.49,3.06,21.91,57.78,Gas naturale,True,True,False,False,False,False,0,1,6,6,L219,u,1432,161,40,40,,2009,45.0661111111111,7.68222222222222,"45.0661111111111, 7.68222222222222",TORINO,E,0insufliaggio intercapedine pareti perimetrali con fiocchi di cellulosa e o similifalse31C60.66C60.66,C,31.0,Triste,Triste,No,2009,PRINCIPALE,Caldaia standard,80.15,2009,PRINCIPALE,Caldaia standard,34.34,,,,,6271.42,N/D
2020_205962_0005.xml,40,VIA BOBBIO 21,2020-02-22,E,189.55,1.02,38.06,160.06,Gas naturale,False,False,False,False,False,False,1,1,9,0,L219,,1298,76,40,40,,1950,45.0667,7.6667,"45.0667, 7.6667",TORINO,E,				Sostituzione componenti finestrati,E,10.0,Triste,Basita/o,No,2010,,31,169.99,2010,,31,18.08,2010,,31,1.48,30061.9394,App. Condominio
2021_106141_0022.xml,40,Via Sansovino 98/50,2021-05-10,G,367.6,9.58,74.95,41.65,Teleriscaldamento,True,True,False,False,False,False,0,1,9,2,L219,,1073,7,40,40,,1981,45.1020,7.6433,"45.1020, 7.6433",Torino,E,Sostituzione serramenti,G,47.58,Triste,Triste,No,1983,,Teleriscaldamento,327.84,2018,Caldaia elettrica,Caldaia elettrica,39.76,,,,,9952.0,App. Condominio
2021_113184_0077.xml,40,via Fratelli Garrone 67_(36_37_38_39),2021-04-11,F,186.82,16.34,37.6,72.96,Teleriscaldamento,True,True,False,False,False,False,0,1,3,9,L219,,1488,75,40,40,,1966,45.0121,7.6507,"45.0121, 7.6507",Torino,E,coibentazione sottotetto,E,11.3,Triste,Basita/o,No,1996,,Teleriscaldamento,133.77,2018,,Boiler elettrico,53.05,,,,,12948.0,Ed. Plurifam.
2021_202695_0029.xml,40,Via Andrea Sansovino 98,2021-05-13,F,177.91,106.49,5.01,40.45,Teleriscaldamento,True,True,False,False,False,False,0,1,4,3,L219,0,1073,6,40,40,,1953,45.1025263,7.6424763,"45.1025263, 7.6424763",TORINO,E,Posa cappotto termico,D,7.0,Triste,Basita/o,No,1983,teleriscaldamento,Teleriscaldamento,151.27,2007,Vaillant turbo MAG,Scalda-acqua a gas,26.64,,,,,8244.58,N/D
2021_208423_0113.xml,40,Strada Del Portone 31,2021-11-05,D,103.04,0.24,20.64,63.19,Gas naturale,True,True,False,False,False,False,0,1,7,3,L219,,1432,137,40,40,,2010,45.116667,7.716667,"45.116667, 7.716667",Torino,E,0Intervento sulle strutture opachefalse18.1C81.011Intervento sui serramentifalse69.4D96.76C74.79,C,18.1,Triste,Sorridente,No,2010,Caldaia standard,Caldaia standard,77.53,2010,Caldaia standard,Caldaia standard,25.51,,,,,6494.0,N/D
2021_313821_0138.xml,40,Via Gallina 3/15,2022-03-23,G,339.06,1.1,67.98,43.43,Teleriscaldamento,True,True,False,False,False,False,0,1,3,0,L219,,1145,2,40,40,,1930,45.0917,7.7093,"45.0917, 7.7093",Torino,E,coibentazione involucro opaco,D,3.7,Triste,Basita/o,No,2015,,Teleriscaldamento,302.81,2015,,Teleriscaldamento,36.25,,,,,9787.0,Ed. Plurifam.
2022_113184_0103.xml,40,via Scarsellini 12,2022-05-09,F,178.54,17.49,54.28,48.64,Teleriscaldamento,True,True,False,False,False,False,0,1,3,1,L219,,1428,85,40,40,,1949,45.0356,7.6304,"45.0356, 7.6304",Torino,E,coibentazione parete esterna,E,4.88,Triste,Triste,No,1988,,Teleriscaldamento,118.51,2019,,Boiler elettrico,60.03,,,,,7990.0,Ed. Plurifam.
2022_207949_0274.xml,40,VIA PINELLI 24,2022-04-10,D,81.95,82.23,30.96,102.0,Teleriscaldamento,True,True,False,False,False,False,0,1,3,2,L219,-,1178,144,40,40,,1934,45.0661111111111,7.68222222222222,"45.0661111111111, 7.68222222222222",TORINO,E,SOSTITUZIONE INFISSI,D,25.0,Triste,Basita/o,No,2018,PRINCIPALE,Teleriscaldamento,56.45,2015,ACS autonomo,Scalda-acqua a gas,25.5,,,,,11001.54,Ed. Plurifam.
2022_213594_0004.xml,40,VIA PIRANO 9/7,2022-03-02,G,159.13,10.26,33.35,41.67,Teleriscaldamento,True,True,False,False,False,False,0,1,7,3,L219,,1073,54,40,40,,1953,45.101481,7.645633,"45.101481, 7.645633",TORINO,E,1Intervento su infissifalse14E96.78E96.78,E,14.0,Triste,Basita/o,No,1983,CENTRALIZZATO,Teleriscaldamento,116.57,2014,AUTONOMO,Boiler elettrico,42.56,,,,,4148.0,N/D
2021_108076_0014.xml,405,Via Paolo Gaidano,2021-02-06,E,215.91,0.17,40.6,104.86,Teleriscaldamento,True,True,False,False,False,False,0,1,3,0,L219,,1391,23,405,405,,1970,45.0395,7.6261,"45.0395, 7.6261",Torino,E,				Insufflaggio pareti esterne,D,8.0,Triste,Triste,No,2016,,Teleriscaldamento,193.17,2015,,Caldaia standard,22.74,,,,,25837.32,Ed. Plurifam.
2019_203223_0012.xml,406,VIA VALPRATO 45,2019-02-14,D,91.36,0.45,17.2,71.96,Gas naturale,True,True,False,False,False,False,0,1,2,2,L219,U,1150,316,406,406,,2006,45.0661111111111,7.68222222222222,"45.0661111111111, 7.68222222222222",TORINO,E,2Installazione di generatore di calore e ACS ad alta prestazione energeticafalse14D83.56D83.56,D,14.0,Triste,Triste,No,2007,PRINCIPALE,Caldaia standard,66.81,2007,PRINCIPALE,Caldaia standard,24.55,,,,,6520.0599999999995,N/D
2021_313284_0003.xml,409,Via Valprato 45,2021-03-23,C,124.52,2.21,27.04,54.2,Gas naturale,True,True,True,False,False,False,0,1,6,3,L219,,1150,316,409,409,,2006,45.116667,7.716667,"45.116667, 7.716667",Torino,E,0Fabbricato,B,20.7,Triste,Sorridente,No,2006,FER Ferella Box F24,Caldaia standard,89.48,2006,FER Ferella Box F24,Caldaia standard,27.0,2006,SPLIT Raffrescamento,Pompa di calore,8.04,6517.2,N/D
2019_102329_0003.xml,41,via Sarpi 53,2019-10-05,G,542.94,14.15,108.37,46.76,Teleriscaldamento,False,False,False,False,False,False,0,1,3,0,L219,,1245,45,41,41,,1965,45.0367462876713,7.64624172023772,"45.0367462876713, 7.64624172023772",Torino,E,0Insufflaggio02G545.850Insufflaggio 203G540.41G535.73,G,2.0,Triste,Triste,No,1998,,Teleriscaldamento,484.25,2016,,Boiler elettrico,58.69,,,,,22972.62,Ed. Plurifam.
2019_202724_0018.xml,41,VIA SAN DOMENICO 16,2019-03-19,E,186.06,0.0,37.21,96.24,Gas naturale,True,True,False,False,False,False,0,1,6,3,L219,,1219,44,41,41,,1990,45.066111,45.066111,"45.066111, 45.066111",TORINO,E,1Intervento su infissifalse26D170.30D170.30,D,26.0,Triste,Sorridente,No,2010,CALDAIA,Caldaia a condensazione,167.54,2010,CALDAIA,Caldaia a condensazione,18.52,,,,,17941.7,N/D
2019_206019_0020.xml,41,corso Taranto 159,2019-12-07,F,205.07,1.99,41.58,68.0,Gas naturale,False,False,False,False,False,False,0,1,6,4,L219,,1133,17,41,41,,1970,45.0667,7.6667,"45.0667, 7.6667",TORINO,E,				Isolamento strutture opache verticali verso l'esterno,E,11.0,Triste,Triste,No,2016,,Caldaia a condensazione,177.68,2010,,Scalda-acqua a gas,27.39,,,,,13788.9314,N/D
2020_200193_0048.xml,41,VIA CILEA 6,2020-05-06,F,263.21,0.24,52.68,45.92,Gas naturale,True,True,False,False,False,False,0,1,2,6,L219,,1131,70,41,41,,1960,45.1167,7.7167,"45.1167, 7.7167",Torino,E,0Intervento sulle strutture opachefalse8.8F227.391Intervento sui serramentifalse20.5F241.59F210.9,F,8.8,Triste,Triste,No,2006,YGNIS VARINO GRANDE 350,Caldaia a condensazione,233.75,2015,VAILANT ATMOMAG 11,Scalda-acqua a gas,29.46,,,,,12081.22,N/D
2021_110486_0003.xml,41,VIA MONTE PASUBIO 23,2021-01-31,E,145.74,15.89,40.89,70.0,Teleriscaldamento,True,True,False,False,False,False,0,1,3,3,L219,,1439,94,41,41,,1970,45.0265,7.6410,"45.0265, 7.6410",Torino,E,				SOSTITUZIONE SERRAMENTI ESTERNI,C,5.0,Triste,Triste,No,2019,,Teleriscaldamento,126.89,2019,,Teleriscaldamento,18.85,,,,,8278.0,Ed. Plurifam.
2021_202612_0102.xml,41,VIA AVELLINO 22,2021-06-05,A1,41.16,0.0,8.47,62.01,Teleriscaldamento,True,True,False,False,False,False,0,1,0,2,L219,0,1177,1251,41,41,,2010,45.0661111111111,7.68222222222222,"45.0661111111111, 7.68222222222222",TORINO,E,isolamento alle strutture,A1,10.0,Basita/o,Basita/o,No,2010,,Teleriscaldamento,16.62,2010,,Teleriscaldamento,24.54,,,,,1701.0,N/D
2021_313821_0139.xml,41,Via Gallina 3/16,2022-03-23,G,339.19,1.1,68.0,43.39,Teleriscaldamento,True,True,False,False,False,False,0,1,3,0,L219,,1145,2,41,41,,1930,45.0917,7.7093,"45.0917, 7.7093",Torino,E,coibentazione involucro opaco,D,3.7,Triste,Basita/o,No,2015,,Teleriscaldamento,302.96,2015,,Teleriscaldamento,36.23,,,,,9782.0,Ed. Plurifam.
2022_204554_0017.xml,41,via sansovino 98,2022-03-31,F,181.44,0.0,100.7,38.89,Teleriscaldamento,False,False,False,False,False,False,0,1,4,4,L219,,1073,7,41,41,,1960,45.1167,7.7167,"45.1167, 7.7167",TORINO,E,				Sostituzione componenti finestrati,F,20.0,Triste,Triste,No,1983,,Teleriscaldamento,161.02,2000,,Scalda-acqua a gas,20.42,,,,,13319.538799999998,N/D
2022_211937_0029.xml,41,VIA PINELLI 24,2022-04-14,E,93.29,0.04,24.85,62.31,Teleriscaldamento,True,True,False,False,False,False,0,1,6,3,L219,A,1178,144,41,41,,1934,45.0661111111111,7.68222222222222,"45.0661111111111, 7.68222222222222",TORINO,E,SOSTITUZIONE SERRAMENTI VERSO ESTERNO,D,6.0,Triste,Basita/o,No,2018,PRINCIPALE,Teleriscaldamento,68.92,2015,ACS autonomo,Scalda-acqua a gas,24.37,,,,,5605.88,N/D
2022_213344_0003.xml,41,VIA PIRANO 9,2022-01-20,G,398.97,9.9,81.27,44.0,Teleriscaldamento,False,False,False,False,False,False,0,1,6,0,L219,,1073,54,41,41,,1955,45.1167,7.7167,"45.1167, 7.7167",TORINO,E,				SOSTITUZIONE SERRAMENTI,G,10.0,Triste,Triste,No,1983,,Teleriscaldamento,357.89,1998,,Boiler elettrico,41.08,,,,,11425.02,N/D
2020_100232_0014.xml,410,VIA VALPRATO 45,2020-04-07,E,113.45,1.14,21.44,69.37,Gas naturale,True,True,False,False,False,False,0,1,3,4,L219,u,1150,316,410,410,,2007,45.0927663,7.6838168,"45.0927663, 7.6838168",TORINO,E,0Incremento isolamento perimetralefalse32C67.17C67.17,C,32.0,Triste,Basita/o,No,2007,PRINCIPALE,Caldaia standard,87.43,2007,PRINCIPALE,Caldaia standard,26.02,,,,,7723.4,Ed. Plurifam.
2021_202185_0110.xml,415,via pietro bonfante 6,2021-12-16,F,233.11,0.19,30.54,83.15,Teleriscaldamento,True,True,False,False,False,False,0,1,7,4,L219,,1391,23,415,415,,1968,45.1167,7.7167,"45.1167, 7.7167",Torino,E,0Intervento sulle strutture opachetrue7.3D154.651Intervento sui serramentifalse46.8E220.23D141.81,D,7.3,Triste,Basita/o,No,2018,Teleriscaldamento_1,Teleriscaldamento,211.87,2010,ARISTON,Caldaia a condensazione,21.24,,,,,13476.74,N/D
2022_212629_1502.xml,419,VIA VALPRATO 45/A,2022-08-30,C,104.66,4.88,26.01,68.0,Gas naturale,True,True,True,False,False,False,0,1,0,8,L219,,1150,316,419,419,,2007,45.116667,7.716667,"45.116667, 7.716667",Torino,E,1Fabbricato,C,1.8,Triste,Sorridente,No,2004,Generatore a gas o combustibile fossile,Caldaia standard,61.17,2004,Generatore a gas o combustibile fossile,Caldaia standard,24.07,2017,Macchina frigorifera a compressione di vapore,Pompa di calore,19.42,6452.32,N/D
2019_200448_0060.xml,42,VIA ARCANGELO CORELLI 41,2019-06-21,G,264.21,1.85,78.29,51.63,Teleriscaldamento,True,True,False,False,False,False,0,1,3,6,L219,-,1132,85,42,42,,1965,45.0964146,7.7092233,"45.0964146, 7.7092233",TORINO,E,0COIBENTAZIONE ULTIMO SOLAIOtrue5F212.29F212.29,F,5.0,Triste,Triste,No,2013,PRINCIPALE,Teleriscaldamento,212.22,1997,Impianto 1...,Scalda-acqua a gas,51.99,,,,,14060.8,Ed. Plurifam.
2019_210180_0008.xml,42,VIA MILLIO 16,2019-02-13,D,75.23,1.57,15.28,869.69,Gas naturale,True,True,False,False,False,False,1,1,3,0,L219,,1298,76,42,42,,1998,45.057691,7.652209,"45.057691, 7.652209",TORINO,E,1Sostituzione infissifalse20D55.94D55.94,D,20.0,Triste,Basita/o,No,2014,GENERATORE 1,Caldaia a condensazione,68.71,2014,BOYLER,Boiler elettrico,6.52,,,,,62765.68,Ed. Plurifam.
2021_206695_0054.xml,42,strada del Portone 35,2021-06-23,D,79.1,0.94,14.97,36.73,Gas naturale,True,True,False,False,False,False,0,1,6,7,L219,0,1432,158,42,42,,2009,45.03337,7.6124,"45.03337, 7.6124",TORINO,E,Installazione  pompa di calore,C,8.0,Triste,Basita/o,No,2012,PRINCIPALE,Caldaia a condensazione,53.94,2012,PRINCIPALE,Caldaia a condensazione,25.16,,,,,2836.3199999999997,N/D
2021_212533_0006.xml,42,Corso Taranto 159,2020-12-16,E,102.52,0.23,19.26,68.16,Gas naturale,True,True,False,False,False,False,0,1,3,1,L219,0,1133,17,42,42,,1970,45.0956743,7.7133245,"45.0956743, 7.7133245",TORINO,E,0COIBENTAZIONI PARETI FREDDEWfalse5C68.22C68.22,C,5.0,Triste,Triste,No,2016,PRINCIPALE,Caldaia a condensazione,76.11,2010,acs gas,Scalda-acqua a gas,26.41,,,,,6971.12,Ed. Plurifam.
2022_101774_0023.xml,42,Via Pirano 9,2022-10-18,G,275.3,11.93,65.27,37.77,Teleriscaldamento,False,False,False,False,False,False,0,1,7,0,L219,,1073,54,42,42,,1953,45.1015335016805,7.64541346990584,"45.1015335016805, 7.64541346990584",Torino,E,Data sopralluogo: 06/10/2022,G,10.0,Triste,Triste,No,1983,,Teleriscaldamento,225.82,2010,,Boiler elettrico,49.48,,,,,10875.14,N/D
2022_107031_0009.xml,42,via sansovino 98/50,2022-04-23,F,156.55,0.0,31.31,49.56,Teleriscaldamento,True,True,False,False,False,False,0,1,9,3,L219,,1073,7,42,42,,1960,45.072945,7.708115,"45.072945, 7.708115",TORINO,E,0Intervento su pareti esterne false4D103.50D103.50,D,4.0,Triste,Basita/o,No,2005,,Teleriscaldamento,104.11,2004,,Scalda-acqua a gas,52.44,,,,,6044.28,App. Condominio
2022_107124_0002.xml,423,via pietro bonfante 6,2022-09-09,G,356.61,0.0,71.32,87.77,Teleriscaldamento,True,True,False,False,False,False,0,1,3,5,L219,,1391,23,423,423,,1970,45.040596,7.627092,"45.040596, 7.627092",Torino,E,0Intervento sulle strutture opachefalse4.1D140.97D140.97,D,4.1,Triste,Basita/o,No,2018,Teleriscaldamento_1,Teleriscaldamento,311.58,2015,Vaillant Turbo Mag Plus,Scalda-acqua a gas,45.03,,,,,22188.12,Ed. Plurifam.
2019_209281_0002.xml,43,VIA PARENZO,2019-02-15,F,309.5,10.75,63.5,47.71,Teleriscaldamento,True,True,False,False,False,False,0,1,6,3,L219,,1073,16,43,43,,1955,45.1020,7.6446,"45.1020, 7.6446",Torino,E,				SOSTITUZIONI SERRAMENTI,F,5.0,Triste,Triste,No,2011,,Teleriscaldamento,264.91,2011,Caldaia elettrica,Caldaia elettrica,44.59,,,,,9517.0,N/D
2019_211573_0004.xml,43,Corso Vercelli 388,2019-05-02,F,201.34,10.33,40.72,119.9,Gas naturale,False,False,False,False,False,False,0,1,3,5,L219,,1049,45,43,43,,1959,45.11686,7.70309,"45.11686, 7.70309",Torino,E,1Sostituzione delle chiusure trasparenti comprensive di infissi rivolte verso l'esterno05F171.71F171.71,F,5.0,Triste,Triste,No,2000,,Caldaia standard,160.0,2000,,Boiler elettrico,41.34,,,,,21670.6588,Ed. Plurifam.
2020_102099_0009.xml,43,Via Pianezza snc,2020-05-15,G,256.59,51.04,35.85,74.78,Energia elettrica da rete,False,False,False,False,False,False,0,1,3,5,L219,,1121,41,43,43,,1980,45.095476,7.645642,"45.095476, 7.645642",TORINO,E,Insufflaggio pareti esterne,G,5.0,Triste,Triste,No,2015,Teleriscaldamento,Teleriscaldamento,46.84,2000,Boiler elettrico,Boiler elettrico,209.75,,,,,11314.0,Ed. Plurifam.
2020_102099_0044.xml,43,Via Pianezza snc,2020-09-26,G,285.59,57.29,39.78,53.76,Energia elettrica da rete,False,False,False,False,False,False,0,1,3,5,L219,,1121,41,43,43,,1980,45.095476,7.645642,"45.095476, 7.645642",TORINO,E,Insufflaggio pareti esterne,G,5.0,Triste,Triste,No,2015,Teleriscaldamento,Teleriscaldamento,50.02,2000,Boiler elettrico,Boiler elettrico,235.57,,,,,9005.0,Ed. Plurifam.
2020_102099_0198.xml,43,VIA LUCENTO 110,2020-12-31,F,185.85,1.39,37.38,72.5,Gas naturale,False,False,False,False,False,False,0,1,3,1,L219,=,1076,289,43,43,,1967,45.103497,7.6605910,"45.103497, 7.6605910",Torino,E,isolamento perimetrale,E,10.0,Triste,Triste,No,2017,,Caldaia a condensazione,162.48,2019,,Caldaia a condensazione,23.37,,,,,14767.16,Ed. Plurifam.
2020_113184_0009.xml,43,via Guala 95_97 viaSidoli34_36_TO,2020-12-03,F,193.12,0.65,61.09,75.23,Teleriscaldamento,True,True,False,False,False,False,0,1,3,2,L219,,1441,88,43,43,,1993,45.0250,7.6444,"45.0250, 7.6444",Torino,E,isolamento parete esterna,E,2.98,Triste,Triste,No,1997,,Teleriscaldamento,173.66,1997,,Teleriscaldamento,19.46,,,,,15263.0,Ed. Plurifam.
2020_200542_0093.xml,43,Via Parma 51 snc,2020-07-07,E,123.38,2.35,23.47,137.57,Gas naturale,True,True,False,False,False,False,0,1,3,4,L219,0,1249,346,43,43,,1998,45.0661111111111,7.68222222222222,"45.0661111111111, 7.68222222222222",TORINO,E,0Isolamento strutture opache verticalifalse20D78.52D78.52,D,20.0,Triste,Triste,No,2019,,Caldaia a condensazione,103.34,2019,,Caldaia a condensazione,20.04,,,,,16352.439999999999,Ed. Plurifam.
2021_208347_0222.xml,43,STRADA DEL PORTONE 35/6,2021-02-22,D,61.86,0.19,11.63,40.07,Gas naturale,True,True,False,False,False,False,0,1,6,8,L219,0,1432,158,43,43,,2009,45.0661111111111,7.68222222222222,"45.0661111111111, 7.68222222222222",TORINO,E,"Sostituzione infissi, con infissi aventi doppio vetro basso",C,5.0,Triste,Triste,No,2008,PRINCIPALE,Caldaia standard,51.45,2008,PRINCIPALE,Caldaia standard,10.41,,,,,2464.24,N/D
2021_313821_0148.xml,43,Via Gallina 3,2022-03-23,F,237.13,1.01,47.58,40.61,Teleriscaldamento,True,True,False,False,False,False,0,1,3,2,L219,,1145,5,43,43,,1930,45.0917,7.7093,"45.0917, 7.7093",Torino,E,coibentazione involucro opaco,E,3.7,Triste,Sorridente,No,2015,,Teleriscaldamento,202.38,2015,,Teleriscaldamento,34.75,,,,,6394.0,Ed. Plurifam.
2022_105263_0057.xml,43,via Lucento 110,2022-07-26,G,239.93,0.0,47.99,60.49,Teleriscaldamento,False,False,False,False,False,False,0,1,3,1,L219,,1076,289,43,43,,1960,45.1167,7.7167,"45.1167, 7.7167",TORINO,E,				sostituzione componenti finestrati,E,40.0,Triste,Triste,No,2020,,Teleriscaldamento,211.36,2010,,Scalda-acqua a gas,28.57,,,,,10254.7598,Ed. Plurifam.
2022_113184_0012.xml,43,TORINO via Carmagnola 16,2022-03-29,D,64.07,0.0,12.2,45.36,Gas naturale,False,False,False,False,False,False,0,1,3,3,L219,,1184,66,43,43,,2008,45.0853,7.6874,"45.0853, 7.6874",Torino,E,coibentazione parete,C,12.16,Triste,Basita/o,No,,,,29.01,,,,35.06,,,,,2763.3199999999997,Ed. Plurifam.
2022_214073_0018.xml,43,Via San Domenico 16,2022-09-06,G,604.41,0.0,120.88,50.24,Gas naturale,True,True,False,False,False,False,0,1,2,1,L219,,1219,44,43,43,,1990,45.074958,7.679733,"45.074958, 7.679733",TORINO,E,2Rimozione dell'impianto/i Caldaia standard e installazione dei seguenti nuovi impianti: Caldaia a condensazionefalse8G548.53G548.53,G,8.0,Triste,Triste,No,2008,Caldaia standard,Caldaia standard,577.95,2008,Caldaia standard,Caldaia standard,26.46,,,,,30416.399999999998,N/D
2022_313751_0019.xml,43,VIA GENERALE LUIGI DAMIANO 5/6,2022-06-11,B,92.01,10.75,19.24,128.0,Gas naturale,False,False,False,False,False,False,0,1,2,5,L219,,1183,211,43,43,,2007,45.0868996295006,7.68420127658846,"45.0868996295006, 7.68420127658846",Torino,E,Data sopralluogo: 04/11/2022,B,10.0,Basita/o,Basita/o,No,2021,,Caldaia a condensazione,23.86,2021,,Caldaia a condensazione,26.09,2021,,Pompa di calore,42.06,9007.311399999999,N/D
2019_100212_0055.xml,430,Via VALPRATO 45,2019-07-23,C,70.39,0.5,13.27,57.55,Gas naturale,True,True,False,False,False,True,0,1,7,5,L219,0,1150,316,430,430,,2006,45.0661111111111,7.68222222222222,"45.0661111111111, 7.68222222222222",TORINO,E,2Applicazione valvole termostatiche su radiatorifalse12B62.53B62.53,B,12.0,Triste,Sorridente,No,2019,PRINCIPALE,Caldaia standard,44.26,2019,PRINCIPALE,Caldaia standard,25.02,,,,,3997.24,N/D
2020_108884_0004.xml,432,VIA VALPRATO 45,2020-12-21,C,160.38,10.67,33.66,73.13,Gas naturale,True,True,True,False,False,False,0,1,9,6,L219,,1150,316,432,432,,2006,45.0928,7.6838,"45.0928, 7.6838",Torino,E,Coibentazione cassonetti,C,3.0,Triste,Basita/o,No,2006,,Caldaia a condensazione,120.07,2006,,Caldaia a condensazione,21.07,2006,,Pompa di calore,19.24,9750.16,App. Condominio
2018_101746_0047.xml,44,CORSO ORBASSANO 372,2019-02-14,F,133.46,0.0,26.15,55.0,Gas naturale,True,True,False,False,False,False,0,1,9,3,L219,,1429,98,44,44,,1960,45.0338,7.6206,"45.0338, 7.6206",Torino,E,				INSUFFLAGGIO PARETI PERIMETRALI,E,8.0,Triste,Triste,No,2016,,Caldaia a condensazione,99.68,2000,,Caldaia standard,33.78,,,,,6417.32,App. Condominio
2019_106882_0018.xml,44,via Massena 11,2019-09-07,D,126.42,8.42,26.55,116.5,Gas naturale,False,False,False,False,False,False,0,1,3,4,L219,,1283,178,44,44,,1933,45.0667,7.6667,"45.0667, 7.6667",TORINO,E,				isolamento pareti perimetrali,C,9.0,Triste,Basita/o,No,2007,,31,92.68,2010,,31,33.74,,,,,12764.596000000001,Ed. Plurifam.
2019_107485_0022.xml,44,CORSO BELGIO 105,2019-09-25,G,279.77,0.23,52.5,24.21,Gas naturale,True,True,False,False,False,False,0,1,3,8,L219,0,1253,29,44,44,,1954,45.0741706,7.7182644,"45.0741706, 7.7182644",TORINO,E,"1Sostituzione serramenti con U<1,6 W/mqKfalse9G246.490Coibentazione soletta sottotettofalse7F175.89E144.60",G,9.0,Triste,Triste,No,2018,PRINCIPALE,PRINCIPALE,249.29,1954,Impianto ACS,Scalda-acqua a gas,30.48,,,,,6771.2,Ed. Plurifam.
2019_110874_0006.xml,44,VIA TUNISI 13,2019-03-13,G,393.08,5.96,108.3,72.07,Teleriscaldamento,True,True,True,False,False,False,0,1,3,5,L219,U,1380,5,44,44,,1950,45.0661111111111,7.68222222222222,"45.0661111111111, 7.68222222222222",TORINO,E,0CTMPfalse1G169.41G169.41,G,1.0,Triste,Triste,No,2005,PRINCIPALE,Teleriscaldamento,316.49,2005,ACS autonomo,Scalda-acqua a gas,54.72,2004,Impianto 4...,Pompa di calore,21.87,26384.379999999997,Ed. Plurifam.
2019_207949_0231.xml,44,PINELLI 33,2019-10-21,E,123.39,12.29,24.9,60.0,Gas naturale,True,True,False,False,False,False,0,1,3,3,L219,-,1178,197,44,44,,1963,45.0812226,7.6652188,"45.0812226, 7.6652188",TORINO,E,2SOSTITUZIONE GENERATORE ACSfalse6E107.53E107.53,E,6.0,Triste,Triste,No,2015,PRINCIPALE,Caldaia standard,72.75,2009,ACS autonomo,Boiler elettrico,50.64,,,,,5921.719999999999,Ed. Plurifam.
2020_101594_0043.xml,44,Via Sansovino n. 90/32,2020-11-07,F,323.4,0.99,64.83,62.64,Teleriscaldamento,True,True,False,False,False,False,0,1,3,1,L219,,1073,13,44,44,,1954,45.1040,7.6250,"45.1040, 7.6250",Torino,E,Isolamento pareti esterne con EPS,E,5.12,Triste,Triste,No,1990,,Teleriscaldamento,263.48,1995,,Caldaia standard,59.92,,,,,14463.9,Ed. Plurifam.
2020_110134_0024.xml,44,Via Po 2,2020-12-08,F,132.16,1.57,26.66,95.52,Gas naturale,True,True,False,False,False,False,1,1,5,1,L219,,1280,24,44,44,,1900,45.0698,7.6875,"45.0698, 7.6875",Torino,E,Sostituzione serramenti,E,14.53,Triste,Basita/o,No,1990,,Caldaia standard,125.64,1990,,Boiler elettrico,6.52,,,,,11750.0,N/D
2020_201276_0005.xml,44,strada del portone 35,2020-05-15,F,170.52,3.84,32.53,46.21,Gas naturale,True,True,False,False,False,False,0,1,6,8,L219,u,1432,161,44,44,,2009,45.0661111111111,7.68222222222222,"45.0661111111111, 7.68222222222222",TORINO,E,0insufliaggio intercapedine pareti perimetrali con fiocchi di cellulosa e o similifalse9D76.94D76.94,D,9.0,Triste,Triste,No,2009,PRINCIPALE,Caldaia standard,134.37,2009,PRINCIPALE,Caldaia standard,36.15,,,,,7533.799999999999,N/D
2022_101746_0033.xml,44,CORSO ORBASSANO 372,2022-06-06,F,133.46,0.0,26.15,55.0,Gas naturale,True,True,False,False,False,False,0,1,9,4,L219,,1429,98,44,44,,1960,45.0338,7.6206,"45.0338, 7.6206",Torino,E,				INSUFFLAGGIO PARETI PERIMETRALI,E,8.0,Triste,Triste,No,2016,,Caldaia a condensazione,99.68,2000,,Caldaia standard,33.78,,,,,6417.32,App. Condominio
2022_101746_0041.xml,44,CORSO ORBASSANO 372,2022-01-07,F,134.02,0.0,26.26,55.0,Gas naturale,True,True,False,False,False,False,0,1,9,6,L219,,1429,98,44,44,,1960,45.0338,7.6206,"45.0338, 7.6206",Torino,E,				INSUFFLAGGIO PARETI PERIMETRALI,E,8.0,Triste,Triste,No,2016,,Caldaia a condensazione,100.24,2000,,Caldaia standard,33.78,,,,,6439.2,App. Condominio
2022_113184_0123.xml,44,"Via Artom, 81/13_14_15_16_17",2022-11-10,D,105.16,2.35,20.45,73.18,Teleriscaldamento,True,True,False,False,False,False,0,1,3,1,L219,,1488,77,44,44,,1966,45.0111,7.6497,"45.0111, 7.6497",Torino,E,installazione fotovoltaico,D,10.85,Triste,Basita/o,No,1996,,Teleriscaldamento,56.92,2010,,Caldaia standard,48.24,,,,,7932.16,Ed. Plurifam.
2022_113184_0140.xml,44,Via Fratelli Garrone 74_5_6_7_8,2022-10-24,E,140.0,15.04,28.81,73.74,Teleriscaldamento,True,True,False,False,False,False,0,1,3,1,L219,,1488,72,44,44,,1966,45.0128,7.6500,"45.0128, 7.6500",Torino,E,installazione fotovoltaico,E,3.92,Triste,Basita/o,No,1996,,Teleriscaldamento,87.13,2018,,Boiler elettrico,52.87,,,,,9217.0,Ed. Plurifam.
2022_202078_0220.xml,44,Corso Taranto 159,2022-07-25,E,262.28,0.47,52.53,81.14,Gas naturale,False,False,False,False,False,False,0,1,7,3,L219,,1133,17,44,44,,1970,45.1167,7.7167,"45.1167, 7.7167",TORINO,E,				Isolamento strutture opache verticali verso l'esterno,E,3.0,Triste,Triste,No,2016,,Caldaia standard,242.31,2015,,Scalda-acqua a gas,19.97,,,,,21242.194799999997,N/D
2022_313821_0068.xml,44,"Via Tartini 31, 33, 35, 37 10154, Torino",2022-05-08,F,506.57,1.36,101.52,52.2,Teleriscaldamento,True,True,False,False,False,False,0,1,3,0,L219,,1131,72,44,44,,1968,45.0965,7.7057,"45.0965, 7.7057",Torino,E,sostituzioni serramenti,E,22.83,Triste,Triste,No,2013,,Teleriscaldamento,465.36,2010,,Caldaia standard,41.21,,,,,18129.08,Ed. Plurifam.
2019_113184_0073.xml,45,Via Pergolesi 93,2019-03-05,G,301.74,1.21,60.53,54.63,Teleriscaldamento,True,True,False,False,False,False,0,1,3,1,L219,,1132,89,45,45,,1968,45.0958,7.7075,"45.0958, 7.7075",Torino,E,sostituzione serramenti,F,8.16,Triste,Triste,No,2014,,Teleriscaldamento,265.06,2000,,Caldaia standard,36.68,,,,,11441.98,Ed. Plurifam.
2019_312661_0209.xml,45,Via Maddalene 6,2019-11-18,G,227.6,1.84,45.79,67.78,Gas naturale,True,True,False,False,False,False,0,1,3,4,L219,,1145,43,45,45,,1970,45.0905,7.7067,"45.0905, 7.7067",Torino,E,Installazione valvole termostatiche,F,5.33,Triste,Basita/o,No,2006,,Caldaia a condensazione,169.37,2019,,Caldaia standard,58.23,,,,,14460.32,Ed. Plurifam.
2020_113184_0010.xml,45,via Guala 95_97 viaSidoli34_36_TO,2020-12-03,F,192.81,0.65,60.99,75.23,Teleriscaldamento,True,True,False,False,False,False,0,1,3,3,L219,,1441,88,45,45,,1993,45.0250,7.6444,"45.0250, 7.6444",Torino,E,isolamento parete esterna,E,2.98,Triste,Triste,No,1997,,Teleriscaldamento,173.35,1997,,Teleriscaldamento,19.46,,,,,15238.0,Ed. Plurifam.
2021_113184_0106.xml,45,via Porta Palatina 13 TO,2021-12-21,F,135.53,1.27,27.3,62.9,Gas naturale,True,True,False,False,False,False,0,1,3,2,L219,,1245,51,45,45,,1900,45.0736,7.6834,"45.0736, 7.6834",Torino,E,coibentazione pareti,E,4.84,Triste,Basita/o,No,2018,,Caldaia a condensazione,105.58,2018,,Caldaia a condensazione,29.95,,,,,7972.9,Ed. Plurifam.
2021_200297_0062.xml,45,Via De Canal 31,2021-03-23,D,119.33,0.0,48.73,51.16,Teleriscaldamento,False,False,False,False,False,False,0,1,3,1,L219,,1426,358,45,45,,1970,45.1167,7.7167,"45.1167, 7.7167",TORINO,E,				Isolamento involucro opaco,C,10.0,Triste,Triste,No,2017,,Teleriscaldamento,90.01,2005,,Caldaia standard,29.32,,,,,8811.921,Ed. Plurifam.
2022_214708_0010.xml,45,Via Verolengo 17,2022-03-24,C,151.8,227.7,41.75,218.0,Teleriscaldamento,False,False,False,False,False,False,1,1,7,0,L219,,52,6,45,45,,2006,45.0947048305543,7.67020658300795,"45.0947048305543, 7.67020658300795",Torino,E,0Coibentazione delle strutture opache verticali rivolte verso l'esterno010B128.76B128.76,B,10.0,Triste,Triste,No,2017,,Teleriscaldamento,117.59,2017,,Teleriscaldamento,34.21,,,,,82732.14,N/D
2022_313821_0053.xml,45,Via Bioglio 18,2022-04-08,E,169.13,1.14,34.0,65.3,Gas naturale,True,True,False,False,False,False,0,1,9,3,L219,,1186,167,45,45,,1999,45.0869,7.6965,"45.0869, 7.6965",Torino,E,REALIZZAZIONE DI CAPPOTTO ESTERNO,D,10.46,Triste,Triste,No,2019,,Caldaia a condensazione,140.47,2019,,Caldaia a condensazione,28.66,,,,,10387.26,App. Condominio
2019_205190_0002.xml,46,Via Sansovino Andrea 98,2019-06-28,G,646.73,22.32,131.05,34.28,Teleriscaldamento,False,False,False,False,False,False,0,1,3,2,L219,,1073,6,46,46,,1973,45.0667,7.6667,"45.0667, 7.6667",TORINO,E,				INSTALLAZIONE VALVOLE TERMOSTATICHE,G,7.0,Triste,Triste,No,1983,,Teleriscaldamento,599.24,1985,,Boiler elettrico,47.49,,,,,14529.38,Ed. Plurifam.
2019_312661_0204.xml,46,Via Mddalene 10,2019-11-18,G,238.03,1.24,47.79,65.84,Gas naturale,True,True,False,False,False,False,0,1,3,7,L219,,1145,74,46,46,,1970,45.0904,7.7074,"45.0904, 7.7074",Torino,E,Installazione valvole termostatiche,F,5.44,Triste,Triste,No,2003,,Caldaia a condensazione,163.3,2019,,Caldaia standard,74.73,,,,,14774.859999999999,Ed. Plurifam.
2020_101746_0004.xml,46,CORSO ORBASSANO 372,2020-01-30,F,133.46,0.0,26.15,55.0,Gas naturale,True,True,False,False,False,False,0,1,9,5,L219,,1429,98,46,46,,1960,45.0338,7.6206,"45.0338, 7.6206",Torino,E,				INSUFFLAGGIO PARETI PERIMETRALI,E,8.0,Triste,Triste,No,2016,,Caldaia a condensazione,99.68,2000,,Caldaia standard,33.78,,,,,6417.32,App. Condominio
2020_211941_0003.xml,46,Corso Belgio 105,2020-01-20,E,215.84,0.64,43.26,70.93,Gas naturale,False,False,False,False,False,False,0,1,6,7,L219,,1253,29,46,46,,1953,45.0667,7.6667,"45.0667, 7.6667",TORINO,E,				Isolamento strutture opache verticali verso l'esterno,E,7.0,Triste,Triste,No,2018,,Caldaia a condensazione,195.01,2019,,Scalda-acqua a gas,20.83,,,,,15244.758199999998,N/D
2021_100825_0008.xml,46,corso Regina Margherita 440,2021-02-25,C,1097.05,28.36,244.2,120.69,Gas naturale,True,True,False,False,True,False,1,1,0,0,L219,,1113,86,46,46,,2005,45.1167,7.7167,"45.1167, 7.7167",Torino,E,0Intervento sulle strutture opachefalse5.7C952.271Intervento sui serramentifalse12.2C994.920Eliminazione dei ponti termicifalse10.4C1072.93B825.61,C,5.7,Basita/o,Basita/o,No,2014,ARGO CONDENSY 24SE,Caldaia a condensazione,881.0,2014,ARGO CONDENSY 24SE,Caldaia a condensazione,124.28,,,,,125697.22,N/D
2021_113184_0068.xml,46,via Fratelli Garrone 61/76A-F,2021-11-11,E,96.85,2.36,18.74,73.34,Teleriscaldamento,True,True,False,False,False,False,0,1,3,2,L219,,1488,78,46,46,,1966,45.0109,7.6506,"45.0109, 7.6506",Torino,E,coibentazione cassonetto,E,0.64,Triste,Triste,No,1996,,Teleriscaldamento,59.4,2018,,Caldaia standard,37.45,,,,,7411.66,Ed. Plurifam.
2021_113184_0108.xml,46,via Stampatori 10,2021-12-21,G,273.76,2.75,55.16,28.56,Gas naturale,True,True,False,False,False,False,0,1,5,1,L219,,1243,159,46,46,,1900,45.0724,7.6782,"45.0724, 7.6782",Torino,E,coibentazione pareti,G,8.64,Triste,Basita/o,No,2018,,Caldaia a condensazione,235.13,2018,,Caldaia a condensazione,38.63,,,,,7303.92,N/D
2021_208423_0092.xml,46,Via Massena Andrea 28,2021-04-21,F,440.59,2.53,88.49,89.57,Gas naturale,True,True,False,False,False,False,1,1,3,0,L219,,1302,15,46,46,,1862,45.116667,7.716667,"45.116667, 7.716667",Torino,E,0Intervento sulle strutture opachefalse5.9D281.381Intervento sui serramentifalse7.6F390.03D231.97,D,5.9,Triste,Triste,No,2020,Caldaia a condensazione,Caldaia a condensazione,440.59,2020,Caldaia a condensazione,Caldaia a condensazione,0.0,,,,,39070.079999999994,Ed. Plurifam.
2017_104581_0032.xml,47,"via Tunisi, 5",2018-01-29,G,422.64,14.28,123.0,57.28,Teleriscaldamento,True,True,False,False,False,False,0,1,9,7,L219,,1380,3,47,47,,1948,45.0443,7.6606,"45.0443, 7.6606",TORINO,E,Le detrazioni fiscali per il risparmio energetico del patrimonio edilizio esistente introdotte con la legge n. 296/06 sono prorogate per spese sostenute fino al 31/12/2019. Sul sito http://acs.enea.it/ si possono consultare gli opportuni approfondimenti,G,3.0,Triste,Triste,No,1998,,Teleriscaldamento,364.38,2005,,Boiler elettrico,58.26,,,,,22556.0,App. Condominio
2020_108793_0034.xml,47,Via Garibaldi 55,2021-02-23,F,169.1,8.58,32.94,162.13,Gas naturale,True,True,False,False,True,False,1,1,3,0,L219,.,1220,198,47,47,,1900,45.0661111111111,7.68222222222222,"45.0661111111111, 7.68222222222222",TORINO,E,sostituzione infissi,E,12.0,Triste,Triste,No,2004,PRINCIPALE,PRINCIPALE,135.06,2000,Impianto 1...,Boiler elettrico,6.52,,,,,24641.14,Ed. Plurifam.
2020_113184_0011.xml,47,via Guala 95_97 viaSidoli34_36_TO,2020-12-03,F,192.38,0.65,60.85,75.23,Teleriscaldamento,True,True,False,False,False,False,0,1,3,4,L219,,1441,88,47,47,,1993,45.0250,7.6444,"45.0250, 7.6444",Torino,E,isolamento parete esterna,E,2.98,Triste,Triste,No,1997,,Teleriscaldamento,172.92,1997,,Teleriscaldamento,19.46,,,,,15205.0,Ed. Plurifam.
2020_211937_0046.xml,47,VIA BERNARDO DE CANAL 31,2020-07-22,E,113.85,0.01,30.49,44.98,Teleriscaldamento,True,True,False,False,False,False,0,1,6,2,L219,A,1426,358,47,47,,1961,45.0661111111111,7.68222222222222,"45.0661111111111, 7.68222222222222",TORINO,E,0COIBENTAZIONE MURI PERIMETRALI VERSO ESTERNOtrue9D71.52D71.52,D,9.0,Triste,Triste,No,1998,PRINCIPALE,Teleriscaldamento,85.8,2016,ACS autonomo,Scalda-acqua a gas,28.05,,,,,4937.38,N/D
2020_312661_0138.xml,47,Strada Scarafiotti 44,2021-02-24,F,179.49,1.91,36.18,84.72,Gas naturale,True,True,False,False,False,False,0,1,3,2,L219,,1089,337,47,47,,1998,45.1031,7.7306,"45.1031, 7.7306",Torino,E,Sostituzione del generatore di calore con caldaia a condensazione,F,12.27,Triste,Basita/o,No,2000,,Caldaia standard,121.03,2008,,Caldaia standard,58.46,,,,,14190.42,Ed. Plurifam.
2021_106141_0030.xml,47,Via Pianezza 155,2021-12-15,G,267.39,10.21,88.67,55.03,Teleriscaldamento,True,True,False,False,False,False,0,1,9,7,L219,,1121,41,47,47,,1965,45.0956,7.6458,"45.0956, 7.6458",Torino,E,Sostituzione serramenti,G,11.35,Triste,Triste,No,2008,,Teleriscaldamento,225.02,2008,Caldaia elettrica,Caldaia elettrica,42.37,,,,,15628.0,App. Condominio
2021_110202_0021.xml,47,Via Andrea Sansovino 90,2021-07-09,F,207.75,0.04,57.81,42.0,Teleriscaldamento,True,True,False,False,False,False,0,1,3,3,L219,0,1073,13,47,47,,1960,45.0661111111111,7.68222222222222,"45.0661111111111, 7.68222222222222",TORINO,E,ISOLAMENTO A CAPPOTTO,F,10.0,Triste,Sorridente,No,2015,PRINCIPALE,Teleriscaldamento,176.85,2015,ACS autonomo,Scalda-acqua a gas,30.9,,,,,8369.2,Ed. Plurifam.
2022_111859_0032.xml,47,Via Po 2,2022-02-22,D,150.81,0.02,29.35,27.5,Gas naturale,True,True,False,False,False,False,0,1,3,2,L219,,1280,24,47,47,,1920,45.06998,7.687355,"45.06998, 7.687355",Torino,E,0Intervento sulle strutture opachefalse10.2C114.021Intervento sui serramentifalse18.4D119.95B84.8,C,10.2,Triste,Basita/o,No,2020,ELCO Modello THISION L PLUS,Caldaia a condensazione,122.66,2018,Junkers hidrocompact,Scalda-acqua a gas,28.15,,,,,4155.92,Ed. Plurifam.
2022_202185_0114.xml,47,CORSO LIONE 48,2022-12-19,E,120.75,0.09,24.16,77.5,Teleriscaldamento,True,True,False,False,False,False,0,1,3,6,L219,,1298,281,47,47,,1970,45.1167,7.7167,"45.1167, 7.7167",Torino,E,0Intervento sulle strutture opachetrue6.6C69.551Intervento sui serramentifalse36.6E110.86B59.42,C,6.6,Triste,Basita/o,No,2009,Teleriscaldamento_1,Teleriscaldamento,98.36,2010,CALDAIA A GAS,Caldaia standard,22.39,,,,,6805.68,Ed. Plurifam.
2022_208347_0657.xml,47,VIA AVELLINO 22,2022-12-07,B,47.06,0.0,9.69,78.55,Teleriscaldamento,True,True,False,False,False,False,0,1,6,3,L219,0,1177,1251,47,47,,2010,45.0661111111111,7.68222222222222,"45.0661111111111, 7.68222222222222",TORINO,E,Miglioramento della generazione del riscaldamento,A1,7.0,Triste,Basita/o,No,2010,PRINCIPALE,Teleriscaldamento,23.03,2010,Impianto 1...,Teleriscaldamento,24.03,,,,,2465.0,N/D
2019_101975_0008.xml,48,via Parenzo 90/17,2019-05-21,B,84.09,0.0,32.54,50.34,Teleriscaldamento,False,False,False,False,False,False,0,1,3,0,L219,,1073,16,48,48,,1970,45.0667,7.6667,"45.0667, 7.6667",TORINO,E,				Coibentazione soletta verso cantina,A1,2.0,Triste,Triste,No,2005,,Teleriscaldamento,56.32,2007,,Caldaia standard,27.77,,,,,5929.536,Ed. Plurifam.
2019_105263_0062.xml,48,via LODI 13,2019-09-25,G,230.72,13.27,48.12,33.77,Gas naturale,False,False,False,False,False,False,0,1,3,5,L219,,1184,10,48,48,,1960,45.0667,7.6667,"45.0667, 7.6667",TORINO,E,				Sostituzione componenti finestrati,E,14.0,Triste,Triste,No,2012,,Caldaia a condensazione,182.51,1960,,Boiler elettrico,48.21,,,,,6895.901399999999,Ed. Plurifam.
2019_107973_0334.xml,48,VIA FRANCESCO CILEA 8,2019-09-23,D,99.96,0.01,19.99,51.4,Gas naturale,True,True,False,False,False,False,0,1,3,2,L219,,1131,70,48,48,,1950,45.0972,7.7050,"45.0972, 7.7050",Torino,E,0Inserimento isolamento,C,11.6,Triste,Basita/o,No,2006,Generatore a gas o combustibile fossile,Caldaia standard,69.59,2010,Generatore a gas o combustibile fossile,Scalda-acqua a gas,30.37,,,,,5150.92,Ed. Plurifam.
2019_113184_0069.xml,48,Via Pergolesi 91,2019-02-05,G,328.49,14.24,67.82,54.63,Teleriscaldamento,True,True,False,False,False,False,0,1,3,2,L219,,1132,88,48,48,,1968,45.0960,7.7070,"45.0960, 7.7070",Torino,E,sostituzione serramenti,G,10.72,Triste,Triste,No,2013,,Teleriscaldamento,269.74,2015,,Boiler elettrico,58.75,,,,,11467.0,Ed. Plurifam.
2020_209579_0015.xml,48,via de canal 43,2020-03-02,F,180.74,1.68,36.4,74.0,Teleriscaldamento,False,False,False,False,False,False,0,1,6,2,L219,,1426,357,48,48,,1974,45.0667,7.6667,"45.0667, 7.6667",TORINO,E,				Sostituzione componenti finestrati,F,20.0,Triste,Triste,No,1998,,Teleriscaldamento,152.75,2010,,Caldaia a condensazione,27.99,,,,,9474.1894,N/D
2021_104401_0003.xml,48,Via Filadelfia 237 int 8,2021-03-27,G,269.05,0.0,53.81,61.26,Teleriscaldamento,True,True,False,False,False,False,0,1,3,4,L219,,1387,35,48,48,,1964,45.045307,7.632629,"45.045307, 7.632629",TORINO,E,0Isolamento interno pareti esternefalse7G209.731Sostituzione componenti finestratifalse7F172.74B51.99,G,7.0,Triste,Triste,No,2019,Teleriscaldamento,Teleriscaldamento,247.36,2019,Teleriscaldamento,Teleriscaldamento,21.69,,,,,10988.0,Ed. Plurifam.
2021_113184_0081.xml,48,Via Fratelli Garrone 74_5_6_7_8,2021-04-11,E,125.53,2.9,24.26,72.4,Teleriscaldamento,True,True,False,False,False,False,0,1,3,3,L219,,1488,72,48,48,,1966,45.0128,7.6500,"45.0128, 7.6500",Torino,E,coibentazione cassonetti,E,2.41,Triste,Basita/o,No,1996,,Teleriscaldamento,77.48,2019,,Caldaia standard,48.05,,,,,9505.46,Ed. Plurifam.
2022_113184_0124.xml,48,"Via Artom, 81/13_14_15_16_17",2022-11-10,F,155.53,2.9,30.26,73.41,Teleriscaldamento,True,True,False,False,False,False,0,1,3,3,L219,,1488,77,48,48,,1966,45.0113,7.6499,"45.0113, 7.6499",Torino,E,installazione fotovoltaico,F,10.85,Triste,Basita/o,No,1996,,Teleriscaldamento,77.69,2005,,Caldaia standard,77.84,,,,,11736.619999999999,Ed. Plurifam.
2022_202727_0011.xml,48,via Giordano Bruno 54,2022-04-19,E,125.19,4.74,25.74,39.5,Teleriscaldamento,False,False,False,False,False,False,0,1,3,6,L219,,1380,18,48,48,,1967,45.1167,7.7167,"45.1167, 7.7167",TORINO,E,				Sostituzione componenti finestrati,C,20.0,Triste,Triste,No,2011,,Teleriscaldamento,105.53,2010,,Riscaldamento elettrico,19.66,,,,,3177.2299999999996,Ed. Plurifam.
2022_312661_0085.xml,48,Corso Mortare 44,2022-06-17,C,113.7,2.56,22.78,74.68,Teleriscaldamento,True,True,False,False,False,False,0,1,3,1,L219,,1125,441,48,48,,2005,45.0909,7.6712,"45.0909, 7.6712",Torino,E,Coibentazione Muri perimetrali mediante insuflaggio,B,10.74,Triste,Basita/o,No,2005,,Teleriscaldamento,77.71,2005,,Teleriscaldamento,35.99,,,,,7419.0,Ed. Plurifam.
2019_113184_0070.xml,49,Via Pergolesi 91,2019-02-05,G,247.27,12.64,51.34,76.8,Teleriscaldamento,True,True,False,False,False,False,0,1,3,3,L219,,1132,88,49,49,,1968,45.0960,7.7070,"45.0960, 7.7070",Torino,E,sostituzione serramenti,G,10.72,Triste,Triste,No,2013,,Teleriscaldamento,195.07,2019,,Boiler elettrico,52.2,,,,,12041.0,Ed. Plurifam.
2020_102099_0047.xml,49,Via Pianezza snc,2020-09-28,F,123.07,0.98,48.39,53.76,Teleriscaldamento,False,False,False,False,False,False,0,1,3,8,L219,,1121,41,49,49,,1980,45.095476,7.645642,"45.095476, 7.645642",TORINO,E,Insufflaggio pareti esterne,E,5.0,Triste,Triste,No,2015,Teleriscaldamento,Teleriscaldamento,95.61,2000,Scalda-acqua autonomo istantaneo a gas,Scalda-acqua a gas,27.46,,,,,6281.0599999999995,Ed. Plurifam.
2020_312661_0121.xml,49,Via Aquila 28,2020-09-23,F,232.52,15.2,48.77,58.41,Gas naturale,True,True,False,False,False,False,0,1,5,4,L219,,1179,105,49,49,,1923,45.0854,7.6664,"45.0854, 7.6664",Torino,E,Sostituzione serramenti esterni,E,29.46,Triste,Basita/o,No,2008,,Caldaia a condensazione,177.28,2020,,Boiler elettrico,55.24,,,,,11313.119999999999,N/D
2021_208567_0141.xml,49,Via Giordano Bruno 54,2021-10-26,D,148.34,8.07,30.54,55.76,Teleriscaldamento,True,True,True,False,False,False,0,1,0,6,L219,/,1380,18,49,49,,1960,45.0661111111111,7.68222222222222,"45.0661111111111, 7.68222222222222",TORINO,E,Isolamento alle strutture,C,9.0,Triste,Triste,No,2008,,Teleriscaldamento,85.39,2015,,Scalda-acqua a gas,29.48,2015,,Pompa di calore,33.47,5781.04,N/D
2022_101746_0064.xml,49,CORSO ORBASSANO 372,2022-11-14,F,113.87,0.0,22.28,82.0,Gas naturale,True,True,False,False,False,False,0,1,3,6,L219,,1429,98,49,49,,1960,45.0338,7.6206,"45.0338, 7.6206",Torino,E,				INSUFFLAGGIO PARETI PERIMETRALI,E,8.0,Triste,Triste,No,2016,,Caldaia a condensazione,84.68,2000,,Caldaia standard,29.19,,,,,8199.36,Ed. Plurifam.
2022_102203_0093.xml,49,Via Monte Pasubio 23/C,2022-05-31,G,178.09,0.0,35.62,59.52,Teleriscaldamento,True,True,False,False,False,False,0,1,3,6,L219,,1439,94,49,49,,1970,45.026483,7.64315,"45.026483, 7.64315",TORINO,E,"0Pareti verso esterno (Esterno)true27G182.661Sostituzione infissi (Uw: 1,400) e applicazione di schermature (Tipo: Tessuti colorati",G,27.0,Triste,Triste,No,2015,,Teleriscaldamento,150.4,2015,,Scalda-acqua a gas,27.69,,,,,7618.04,Ed. Plurifam.
2022_103315_0002.xml,49,via Pietro Cossa 293/18,2022-11-02,E,116.99,5.23,24.18,73.62,Gas naturale,False,False,False,False,False,False,0,1,7,4,L219,,1133,65,49,49,,1990,45.1167,7.7167,"45.1167, 7.7167",TORINO,E,				Sostituzione generatore combinato,E,14.0,Triste,Triste,No,1990,,31,78.95,1990,,31,38.04,,,,,7847.5216,N/D
2022_105263_0059.xml,49,VIA ANDREA SANSOVINO 98,2022-07-07,F,215.08,0.0,43.02,35.23,Energia elettrica da rete,False,False,False,False,False,False,0,1,7,3,L219,,1073,7,49,49,,1961,45.1167,7.7167,"45.1167, 7.7167",TORINO,E,				Sostituzione componenti finestrati,F,3.0,Triste,Triste,No,2016,,Teleriscaldamento,190.54,2000,,Scalda-acqua a gas,24.54,,,,,12371.2528,N/D
2022_113184_0104.xml,49,via Scarsellini 12,2022-05-09,F,233.38,18.69,72.94,53.76,Teleriscaldamento,True,True,False,False,False,False,0,1,3,0,L219,,1428,85,49,49,,1949,45.0357,7.6304,"45.0357, 7.6304",Torino,E,coibentazione parete esterna,E,4.88,Triste,Triste,No,1988,,Teleriscaldamento,174.26,2015,,Boiler elettrico,59.12,,,,,12182.0,Ed. Plurifam.
2022_215398_0019.xml,49,VIA ANDREIS VITTORIO 18/18MM,2022-03-18,D,475.09,46.11,144.71,174.0,Gas naturale,True,True,False,False,True,False,1,1,0,0,L219,,1215,136,49,49,,2000,45.1167,7.7167,"45.1167, 7.7167",Torino,E,0Intervento sulle strutture opachefalse5C445.11Intervento sui serramentifalse18.7D453.64C423.68,C,5.0,Triste,Triste,No,2000,VIESSMANN VITOCROSSAL200,Caldaia standard,281.31,2000,VIESSMANN VITOCROSSAL200,Caldaia standard,2.7,,,,,66531.44,N/D
2019_102351_0089.xml,493,Vio Orvieto 1 scale 23-27-29-31,2019-11-06,D,112.91,0.2,22.61,30.96,Teleriscaldamento,True,True,False,False,False,False,0,1,9,2,L219,,52,6,493,493,,2006,45.0922,7.6696,"45.0922, 7.6696",Torino,E,insuflaggio,C,12.6,Triste,Basita/o,No,2005,,Teleriscaldamento,82.49,2005,,Teleriscaldamento,30.42,,,,,2326.0,App. Condominio
2019_106141_0208.xml,5,"Via Negri, 15 Torino",2019-05-09,C,184.1,7.77,80.37,2017.77,Teleriscaldamento,True,True,False,False,True,False,1,0,9,,L219,,1344,106,5,5,,1970,45.0514,7.6446,"45.0514, 7.6446",Torino,E,"Nessun titolo abilitativo, attestato redatto come previsto da Contratto di Servizio Energia",C,1.7,Triste,Triste,No,2016,,Teleriscaldamento,155.78,2000,,Boiler elettrico,1.29,,,,,522774.0,App. Condominio
2019_212533_0321.xml,5,VIALE DEI MUGHETTI 29 BIS,2019-11-28,F,246.05,12.88,106.89,42.15,Teleriscaldamento,True,True,False,False,False,False,0,1,3,2,L219,0,1069,150,5,5,,1965,45.10253,7.62775,"45.10253, 7.62775",TORINO,E,0COIBENTAZIONE SOLETTA FREDDAfalse1E175.90E175.90,E,1.0,Triste,Triste,No,2010,PRINCIPALE,Teleriscaldamento,192.63,2000,acs ele,Boiler elettrico,53.42,,,,,14126.0,Ed. Plurifam.
2019_212629_0404.xml,5,PIAZZA DELLA REPUBBLICA 26,2019-03-23,G,145.83,0.03,29.17,76.0,Gas naturale,True,True,False,False,False,False,1,1,0,0,L219,,1217,165,5,5,,1841,45.1167,7.7167,"45.1167, 7.7167",Torino,E,0Fabbricato,F,14.3,Triste,Triste,No,2000,Generatore a gas o combustibile fossile,Caldaia standard,137.37,2012,Generatore a gas o combustibile fossile,Scalda-acqua a gas,8.46,,,,,11098.039999999999,N/D
2019_312661_0211.xml,5,Via Maddalene 2,2019-11-19,F,201.28,1.96,40.55,90.08,Gas naturale,True,True,False,False,False,False,0,1,6,2,L219,,1145,42,5,5,,1966,45.0904,7.7060,"45.0904, 7.7060",Torino,E,installazione valvole termostatiche,F,9.73,Triste,Basita/o,No,2006,,Caldaia a condensazione,162.54,2006,,Caldaia standard,38.74,,,,,16944.98,N/D
2020_102099_0093.xml,5,VIA BORGO TICINO 15,2020-08-10,F,214.78,2.07,43.26,82.3,Gas naturale,False,False,False,False,False,False,0,1,3,0,L219,=,1080,176,5,5,,1985,45.106046,7.6952690,"45.106046, 7.6952690",Torino,E,isolamento perimetrale,E,10.0,Triste,Triste,No,2016,,Caldaia a condensazione,187.81,2010,,Caldaia a condensazione,26.97,,,,,19277.82,Ed. Plurifam.
2020_102099_0158.xml,5,CORSO AGNELLI 105,2020-12-31,F,185.1,1.25,37.2,51.0,Teleriscaldamento,False,False,False,False,False,False,0,1,3,3,L219,=,1425,80,5,5,,1920,45.035815,7.6441370,"45.035815, 7.6441370",Torino,E,isolamento perimetrale,E,10.0,Triste,Triste,No,2016,,Teleriscaldamento,134.04,2005,,Caldaia standard,51.06,,,,,7306.219999999999,Ed. Plurifam.
2020_102099_0168.xml,5,VIA BUSCALIONI 17,2020-12-31,F,226.15,14.4,47.37,49.8,Gas naturale,False,False,False,False,False,False,0,1,2,1,L219,=,1212,97,5,5,,1932,45.077291,7.7006340,"45.077291, 7.7006340",Torino,E,isolamento perimetrale,D,10.0,Triste,Triste,No,2016,,Caldaia a condensazione,171.97,2000,,31,54.18,,,,,10759.26,N/D
2020_113184_0015.xml,5,via Guala 95_97 viaSidoli34_36_TO,2020-12-03,E,199.21,0.67,63.01,74.49,Teleriscaldamento,True,True,False,False,False,False,0,1,3,1,L219,,1441,88,5,5,,1993,45.0250,7.6444,"45.0250, 7.6444",Torino,E,isolamento parete esterna,D,2.98,Triste,Triste,No,1997,,Teleriscaldamento,179.69,1997,,Teleriscaldamento,19.52,,,,,15590.0,Ed. Plurifam.
2020_210026_0001.xml,5,VIA TOLLEGNO 83,2020-05-02,F,220.77,5.02,44.2,900.0,Gas naturale,False,False,False,False,False,False,1,1,3,0,L219,,1188,51,5,5,,1970,45.0667,7.6667,"45.0667, 7.6667",TORINO,E,				Isolamento coperture esterne,E,5.0,Triste,Triste,Sì,2020,,Caldaia a condensazione,217.53,2020,,Caldaia a condensazione,3.24,,,,,202804.78479999996,Ed. Plurifam.
2020_210180_0178.xml,5,CORSO CINCINNATO 173,2020-12-21,F,105.79,0.0,21.16,40.05,Teleriscaldamento,True,True,False,False,False,False,0,1,3,1,L219,,1073,20,5,5,,1950,45.099564,7.643977,"45.099564, 7.643977",TORINO,E,1Sostituzione infissifalse26C48.69C48.69,C,26.0,Triste,Basita/o,No,2005,SCAMBIATORE DI CALORE,Teleriscaldamento,75.98,2015,CALDAIA ARISTON,Caldaia standard,29.81,,,,,3221.8,Ed. Plurifam.
2020_312661_0024.xml,5,Via Vittime di Bologna 5,2020-03-23,F,193.58,9.3,39.03,45.26,Gas naturale,True,True,False,False,False,False,0,1,3,0,L219,,1089,306,5,5,,1985,45.1009,7.7292,"45.1009, 7.7292",Torino,E,realizzazione cappotto,E,7.92,Triste,Triste,Sì,2003,,Caldaia a condensazione,176.33,2003,,Caldaia a condensazione,17.25,,,,,8499.88,Ed. Plurifam.
2021_100235_0003.xml,5,Via Ada Negri 21-23,2021-07-07,D,253.62,10.09,83.91,4574.4,Teleriscaldamento,True,True,False,True,True,True,1,0,9,0,L219,,1344,106,5,5,,1972,45.0519,7.6407,"45.0519, 7.6407",Torino,E,				Sostituzione serramenti esterni con nuovi serramenti con U < 1.30 W/mq°K,C,30.0,Triste,Triste,No,1999,,Teleriscaldamento,221.02,2008,Boiler elettrici ad accumulo,Boiler elettrici ad accumulo,0.51,,,,,1227124.0,App. Condominio
2021_101009_0015.xml,5,Via Filadelfia 237/2,2021-07-15,F,332.0,14.15,64.32,254.24,Teleriscaldamento,True,False,False,False,True,False,1,1,3,0,L219,-,1387,35,5,5,,1967,45.0661111111111,7.68222222222222,"45.0661111111111, 7.68222222222222",TORINO,E,Isolamento interno (intradosso) soletta piana di copertura,D,1.0,Triste,Triste,No,1996,Teleriscaldamento,Teleriscaldamento,273.29,,,,,,,,,88636.0,Ed. Plurifam.
2021_106141_0042.xml,5,Via Acciarini n°20,2021-12-30,D,180.79,7.46,59.7,5794.64,Teleriscaldamento,True,True,False,False,True,True,1,0,9,,L219,,1394,343,5,4,,1974,45.0409,7.6415,"45.0409, 7.6415",Torino,E,Coibentazione solaio confinante verso ambiente non climatizzato,D,11.06,Triste,Triste,No,1997,,Teleriscaldamento,150.14,2015,,Boiler elettrico,0.36,,,,,1104035.0,App. Condominio
2021_106141_0047.xml,5,Via Piacenza 16,2021-12-30,D,242.04,8.0,80.98,4639.22,Teleriscaldamento,True,True,False,False,True,False,1,0,9,,L219,,1458,28,5,4,,1968,45.0206,7.6444,"45.0206, 7.6444",Torino,E,Cappotto,C,22.47,Triste,Triste,No,2008,,Teleriscaldamento,209.13,2015,,Boiler elettrico,0.62,,,,,1208184.0,App. Condominio
2021_113184_0074.xml,5,via Fratelli Garrone 63/30_31_32_33_34_35,2021-11-11,E,136.24,3.9,26.18,54.58,Teleriscaldamento,True,True,False,False,False,False,0,1,3,2,L219,,1488,76,5,5,,1966,45.0116,7.6509,"45.0116, 7.6509",Torino,E,coibentazione cassonetto,E,0.58,Triste,Basita/o,Sì,1996,,Teleriscaldamento,92.9,2020,,Caldaia standard,43.34,,,,,7924.46,Ed. Plurifam.
2021_207546_0024.xml,5,VIA PIRANO 17,2021-11-23,F,227.02,0.0,45.4,58.0,Teleriscaldamento,False,False,False,False,False,False,0,1,3,1,L219,,1073,17,5,5,,1953,45.1167,7.7167,"45.1167, 7.7167",TORINO,E,				Adeguamento sistema regolazione calore,F,4.0,Triste,Triste,No,2006,,Teleriscaldamento,204.68,1995,,Scalda-acqua a gas,22.34,,,,,9212.4946,Ed. Plurifam.
2021_211473_0025.xml,5,VIA GIACINTO GALLINA 3/16,2021-10-28,F,252.15,0.0,50.43,23.63,Teleriscaldamento,True,True,False,False,False,False,0,2,5,2,L219,/,1145,2,5,5,,1940,45.0919,7.7087,"45.0919, 7.7087",Torino,E,SOSTITUZIONE SERRAMENTO,E,99.0,Triste,Triste,No,2015,,Teleriscaldamento,212.36,2015,,Teleriscaldamento,39.79,,,,,3972.0,N/D
2021_313821_0151.xml,5,Via Gallina 3/20,2022-03-23,E,130.84,0.97,26.31,67.96,Teleriscaldamento,True,True,False,False,False,False,0,1,3,2,L219,,1145,1,5,5,,1930,45.0917,7.7093,"45.0917, 7.7093",Torino,E,coibentazione involucro opaco,D,3.7,Triste,Basita/o,No,2015,,Teleriscaldamento,95.95,2015,,Teleriscaldamento,34.89,,,,,5886.0,Ed. Plurifam.
2022_101975_0007.xml,5,via Pirano 1,2022-04-11,C,985.86,0.0,197.17,34.1,Teleriscaldamento,False,False,False,False,False,False,0,1,3,2,L219,,1073,54,5,5,,1970,45.0667,7.6667,"45.0667, 7.6667",TORINO,E,				Sostituzione serramenti esterni,C,2.0,Triste,Basita/o,No,2005,,Teleriscaldamento,966.58,1980,,Scalda-acqua a gas,19.28,,,,,22632.1744,Ed. Plurifam.
2022_102099_0011.xml,5,CORSO FERRARA 50 C,2020-12-31,G,339.7,76.19,79.29,85.9,Energia elettrica da rete,False,False,False,False,False,False,0,1,2,1,L219,,1065,25,5,5,,1969,45.108918,7.6247180,"45.108918, 7.6247180",Torino,E,ISOLAMENTO PERIMETRALE,F,10.0,Triste,Triste,No,2015,,Teleriscaldamento,313.03,2006,,Caldaia standard,26.67,,,,,16181.380000000001,N/D
2022_200193_0105.xml,5,VIA AOSTA 31,2022-06-30,F,180.84,0.02,36.17,48.79,Gas naturale,True,True,False,False,False,False,0,1,2,2,L219,,1184,5,5,5,,1952,45.1167,7.7167,"45.1167, 7.7167",Torino,E,0Intervento sulle strutture opachefalse9.7D118.481Intervento sui serramentifalse7.7E144.37C81.86,D,9.7,Triste,Triste,No,2012,BALTUR CONDECO270,Caldaia a condensazione,128.81,2017,VAILLANT,Scalda-acqua a gas,52.03,,,,,8838.66,N/D
2022_202078_0276.xml,5,CORSO VERCELLI 388,2022-11-10,F,317.68,7.16,64.6,25.69,Gas naturale,False,False,False,False,False,False,0,1,6,0,L219,,1049,45,5,5,,1940,45.1167,7.7167,"45.1167, 7.7167",TORINO,E,				Isolamento strutture opache verticali verso l'esterno,E,10.0,Triste,Triste,No,2005,,Caldaia standard,293.31,2015,,Boiler elettrico,24.37,,,,,7802.584,N/D
2022_312661_0027.xml,5,Via Pisacane 31/16,2022-04-15,F,163.74,1.27,32.94,64.74,Gas naturale,True,True,False,False,False,False,0,1,9,1,L219,,1489,150,5,5,,1964,45.0127,7.6542,"45.0127, 7.6542",Torino,E,coibentazione mediante insuflaggio muri perimetrali,E,5.37,Triste,Triste,No,2010,,Caldaia a condensazione,120.7,2015,,Caldaia a condensazione,43.04,,,,,9947.019999999999,App. Condominio
2019_201276_0008.xml,50,strada del portone 35,2018-03-10,E,124.35,3.64,23.84,48.67,Gas naturale,True,True,False,False,False,False,0,1,6,6,L219,u,1432,161,50,50,,2009,45.0661111111111,7.68222222222222,"45.0661111111111, 7.68222222222222",TORINO,E,0insufliaggio intercapedine pareti perimetrali con fiocchi di cellulosa e o similifalse31C60.66C60.66,C,31.0,Triste,Triste,No,2009,PRINCIPALE,Caldaia standard,87.33,2009,PRINCIPALE,Caldaia standard,37.02,,,,,5704.84,N/D
2019_207949_0114.xml,50,VIA TARTINI GIUSEPPE 32,2019-09-05,D,87.22,1.77,16.61,81.0,Gas naturale,True,True,False,False,False,False,0,1,3,3,L219,-,1132,86,50,50,,2015,45.0661111111111,7.68222222222222,"45.0661111111111, 7.68222222222222",TORINO,E,2MIGLIORAMENTO SU CALDAIAfalse25C74.25C74.25,C,25.0,Triste,Basita/o,No,2000,PRINCIPALE,Caldaia standard,52.69,2000,PRINCIPALE,Caldaia standard,34.53,,,,,6785.88,Ed. Plurifam.
2020_102099_0027.xml,50,Corso Lombardia 121,2020-09-22,G,152.33,16.98,26.03,81.24,Teleriscaldamento,False,False,False,False,False,False,0,1,3,1,L219,,1111,87,50,50,,1980,45.095602,7.644955,"45.095602, 7.644955",TORINO,E,Data del sopralluogo: 1,F,5.0,Triste,Triste,No,2000,Teleriscaldamento,Teleriscaldamento,81.88,2000,Boiler elettrico,Boiler elettrico,70.45,,,,,9270.0,Ed. Plurifam.
2020_102099_0048.xml,50,Via Pianezza snc,2020-09-28,G,237.12,2.13,66.39,74.78,Teleriscaldamento,False,False,False,False,False,False,0,1,3,9,L219,,1121,41,50,50,,1980,45.095476,7.645642,"45.095476, 7.645642",TORINO,E,Insufflaggio pareti esterne,G,5.0,Triste,Triste,No,2015,Teleriscaldamento,Teleriscaldamento,208.43,2000,Scalda-acqua autonomo istantaneo a gas,Scalda-acqua a gas,28.69,,,,,16700.04,Ed. Plurifam.
2021_103145_0002.xml,50,Via Giordano Bruno 54,2021-08-02,D,123.54,0.04,38.63,52.35,Teleriscaldamento,True,True,False,False,False,False,0,1,7,7,L219,,1380,18,50,50,,1960,45.043201,7.663191,"45.043201, 7.663191",Torino,E,"Coibentazione delle strutture opache verso esterno mediante insufflaggio. Tempo di ritorno dell`investimento di circa 7 anni, ma esistenza di sgravi fiscali che ridurrebbero ulteriormente il tempo di ritorno",B,7.0,Triste,Basita/o,No,1960,Scambiatore - GEA WTT - GBS 004-90LLG1-LG2,Teleriscaldamento,94.3,2016,Saunier Duvall - OPALIA F 11 E - A/1,Scalda-acqua a gas,29.24,,,,,7278.82,N/D
2021_106141_0037.xml,50,Via Pirano 9/9,2021-12-27,G,476.16,56.09,140.01,50.04,Teleriscaldamento,True,True,False,False,False,False,0,1,9,1,L219,,1073,54,50,50,,1953,45.1016,7.6455,"45.1016, 7.6455",Torino,E,Sostituzione serramenti,G,12.96,Triste,Triste,No,2021,,Teleriscaldamento,432.16,2015,Caldaia elettrica,Caldaia elettrica,44.0,,,,,20169.0,App. Condominio
2021_208347_0383.xml,50,VIA PINELLI 22,2021-04-28,E,100.95,0.0,20.24,73.06,Teleriscaldamento,True,True,False,False,False,False,0,1,6,1,L219,0,1178,144,50,50,,1934,45.0661111111111,7.68222222222222,"45.0661111111111, 7.68222222222222",TORINO,E,ISOLAMENTO MURI PERIMETRALI,C,6.0,Triste,Triste,No,2012,PRINCIPALE,Teleriscaldamento,71.45,2019,Impianto 1...,Scalda-acqua a gas,29.5,,,,,5636.98,N/D
2021_214176_0187.xml,50,VIA PO 2,2021-09-17,D,113.12,0.0,22.62,54.72,Gas naturale,True,True,False,False,False,False,0,1,3,2,L219,,1280,24,50,50,,1900,45.069775,7.68753,"45.069775, 7.68753",TORINO,E,2SOSTITUZIONE IMPIANTO RISCALDAMENTOfalse9A156.52A156.52,A1,9.0,Triste,Basita/o,No,1990,Generatore Fossile,Caldaia standard,83.43,2000,Scaldacqua,Scalda-acqua a gas,29.69,,,,,6202.5599999999995,Ed. Plurifam.
2021_214176_0191.xml,50,VIA MASSENA ANDREA 28,2021-09-26,D,124.13,0.0,24.83,70.43,Gas naturale,True,True,False,False,False,False,0,1,0,0,L219,,1302,15,50,50,,1985,45.061315,7.672952,"45.061315, 7.672952",TORINO,E,1Sostituzione infissi false7B69.02B69.02,B,7.0,Triste,Basita/o,No,2010,Generatore Fossile,Caldaia standard,100.38,2010,Generatore Fossile,Caldaia standard,23.75,,,,,8757.14,N/D
2022_101746_0035.xml,50,CORSO ORBASSANO 372,2022-09-06,F,144.18,0.0,28.21,61.0,Gas naturale,True,True,False,False,False,False,0,1,9,7,L219,,1429,98,50,50,,1960,45.0338,7.6206,"45.0338, 7.6206",Torino,E,				INSUFFLAGGIO PARETI PERIMETRALI,E,8.0,Triste,Triste,No,2016,,Caldaia a condensazione,112.0,2000,,Caldaia standard,32.18,,,,,7724.94,App. Condominio
2022_213615_0502.xml,50,Via Sansovino Andrea 98,2022-12-12,G,210.32,0.0,41.4,43.45,Teleriscaldamento,False,False,False,False,False,False,0,1,7,3,L219,,1073,7,50,50,,1953,45.1021185603812,7.64325548968792,"45.1021185603812, 7.64325548968792",Torino,E,Data sopralluogo: 12/12/2022,E,10.0,Triste,Triste,No,1988,,Teleriscaldamento,161.53,2000,,Scalda-acqua a gas,48.79,,,,,8808.1604,N/D
2019_204454_0125.xml,5006,via carlo alberto 1,2019-10-22,F,139.81,0.73,26.32,22.0,Gas naturale,True,True,False,False,False,False,1,1,3,0,L219,u,1280,24,5006,5006,,1889,45.0661111111111,7.68222222222222,"45.0661111111111, 7.68222222222222",TORINO,E,0cappotto termico su pareti verticalitrue10E127.54E127.54,E,10.0,Triste,Basita/o,No,2019,PRINCIPALE,Caldaia a condensazione,106.65,2019,PRINCIPALE,Caldaia a condensazione,33.16,,,,,3045.8199999999997,Ed. Plurifam.
2021_113184_0093.xml,5006,via Santa Chiara 10 Torino,2021-11-24,E,160.32,1.37,32.27,62.9,Gas naturale,True,True,False,False,False,False,0,1,5,3,L219,,209,118,5006,5006,,1983,45.0753,7.6813,"45.0753, 7.6813",Torino,E,coibentazione sottotetto,D,7.9,Triste,Triste,No,2018,,Caldaia a condensazione,130.37,2018,,Caldaia a condensazione,29.95,,,,,9447.08,N/D
2021_210200_0081.xml,5014,VIA PARMA 50,2017-01-10,F,188.35,1.4,35.52,34.53,Gas naturale,True,True,False,False,False,False,0,1,7,2,L219,0,1249,80,5014,5014,,1910,45.0661111111111,7.68222222222222,"45.0661111111111, 7.68222222222222",TORINO,E,COIBENTAZIONI PARETI PERIMETRALI,E,5.0,Triste,Basita/o,No,2010,PRINCIPALE,Caldaia a condensazione,163.25,2010,PRINCIPALE,Caldaia a condensazione,25.1,,,,,6414.9,N/D
2021_212533_0214.xml,5018,VIA PO 2,2021-09-20,D,88.38,0.24,16.61,70.74,Gas naturale,True,True,False,False,False,False,0,1,7,2,L219,0,1280,24,5018,5018,,1900,45.0661111111111,7.68222222222222,"45.0661111111111, 7.68222222222222",TORINO,E,coibentazione pareti freddi,C,7.0,Triste,Triste,No,2020,PRINCIPALE,Caldaia a condensazione,62.29,2020,ACS,Scalda-acqua a gas,26.09,,,,,6228.62,N/D
2020_206748_0055.xml,5028,VIA XX SETTEMBRE 57,2020-07-20,G,256.44,0.0,48.09,103.61,Gas naturale,False,False,False,False,False,False,1,1,6,0,L219,.,1245,277,5028,5028,,1900,45.0661111111111,7.68222222222222,"45.0661111111111, 7.68222222222222",TORINO,E,0Coibentazione muratura perimetraletrue8F178.66F178.66,F,8.0,Triste,Sorridente,No,,,,252.35,,,,4.09,,,,,26619.32,N/D
2020_207949_0191.xml,5030,VIA XX SETTEMBRE 57,2020-10-20,D,95.48,13.96,19.91,90.5,Gas naturale,True,True,False,False,False,False,0,1,3,2,L219,-,1245,277,5030,5030,,1889,45.0661111111111,7.68222222222222,"45.0661111111111, 7.68222222222222",TORINO,E,0COIBENTAZIONE VERTICALE VERSO AMBIENTI NON RISCALDATIfalse25C68.52C68.52,C,25.0,Triste,Basita/o,No,2006,PRINCIPALE,Caldaia standard,44.78,2016,ACS autonomo,Boiler elettrico,50.7,,,,,6097.42,Ed. Plurifam.
2019_102351_0092.xml,504,Vio Orvieto 1 scale 23-27-29-31,2019-11-06,F,245.51,0.52,49.18,47.52,Teleriscaldamento,True,True,False,False,False,False,0,1,9,0,L219,,52,6,504,504,,2006,45.0922,7.6696,"45.0922, 7.6696",Torino,E,insuflaggio,E,12.6,Triste,Basita/o,No,2005,,Teleriscaldamento,212.45,2005,,Teleriscaldamento,33.06,,,,,7762.0,App. Condominio
2019_102351_0095.xml,505,Vio Orvieto 1 scale 23-27-29-31,2019-11-06,F,355.58,0.75,71.23,20.02,Teleriscaldamento,True,True,False,False,False,False,0,1,9,0,L219,,52,6,505,505,,2006,45.0922,7.6696,"45.0922, 7.6696",Torino,E,insuflaggio,E,12.6,Triste,Basita/o,No,2005,,Teleriscaldamento,308.54,2005,,Teleriscaldamento,47.04,,,,,4736.0,App. Condominio
2019_102351_0093.xml,509,Vio Orvieto 1 scale 23-27-29-31,2019-11-06,E,174.07,0.32,34.86,22.95,Teleriscaldamento,True,True,False,False,False,False,0,1,9,1,L219,,52,6,509,509,,2006,45.0922,7.6696,"45.0922, 7.6696",Torino,E,insuflaggio,E,12.6,Triste,Basita/o,No,2005,,Teleriscaldamento,133.03,2005,,Teleriscaldamento,41.04,,,,,2659.0,App. Condominio
2019_205048_0020.xml,51,VIA DE CANAL BERNARDO 43,2019-07-31,F,166.88,0.0,33.38,77.0,Teleriscaldamento,False,False,False,False,False,False,0,1,0,4,L219,,1426,357,51,51,,1974,45.0667,7.6667,"45.0667, 7.6667",TORINO,E,				Isolamento muri perimetrali tramite insuflaggio,D,8.0,Triste,Triste,No,1998,,Teleriscaldamento,140.53,2005,,Caldaia standard,26.35,,,,,9246.3006,N/D
2021_213615_0075.xml,51,Via Monte Pasubio 23,2021-03-15,F,189.89,276.6,49.84,35.57,Teleriscaldamento,False,False,False,False,False,False,0,1,3,7,L219,,1439,94,51,51,,1968,45.0265306704596,7.64316804662705,"45.0265306704596, 7.64316804662705",Torino,E,0Isolamento solaio della copertura 010E170.5E170.5,E,10.0,Triste,Sorridente,No,2005,,Pompa di calore,24.14,2019,,Teleriscaldamento,144.89,2005,,Pompa di calore,20.86,13704.99,Ed. Plurifam.
2021_311274_0294.xml,51,via pinel,2021-12-27,D,83.99,0.03,16.12,55.17,Teleriscaldamento,False,False,False,False,False,False,0,1,3,2,L219,-,1178,144,51,51,,1934,45.08063,7.6678100,"45.08063, 7.6678100",Torino,E,Sostituzione serramenti,C,11.0,Triste,Basita/o,No,2018,,Teleriscaldamento,55.53,2009,,Caldaia standard,28.46,,,,,5315.44,Ed. Plurifam.
2022_202066_0036.xml,51,VIA TARTINI  GIUSEPPE 37,2022-06-06,F,143.97,0.02,28.34,46.25,Teleriscaldamento,False,False,False,False,False,False,0,1,2,4,L219,,1131,72,51,51,,1965,45.0968250985083,7.70574892146112,"45.0968250985083, 7.70574892146112",Torino,E,Data sopralluogo: 27/05/2022,E,3.0,Triste,Triste,No,2013,,Teleriscaldamento,115.49,2010,,Caldaia standard,28.48,,,,,6403.945,N/D
2022_204509_0030.xml,51,VIA PIRANO 9,2022-04-19,G,221.68,4.61,45.02,38.0,Teleriscaldamento,False,False,False,False,False,False,0,1,7,1,L219,,1073,54,51,51,,1960,45.1167,7.7167,"45.1167, 7.7167",TORINO,E,				SOSTITUZIONE SERRAMENTI ESTERNI,F,9.0,Triste,Triste,No,2015,,Teleriscaldamento,202.56,2005,,Boiler elettrico,19.12,,,,,5504.05,N/D
2019_106467_0082.xml,52,via sansovino 98,2019-12-16,C,55.35,0.0,11.07,35.0,Energia elettrica da rete,False,False,False,False,False,False,0,1,6,1,L219,,1073,6,52,52,,1951,45.0667,7.6667,"45.0667, 7.6667",TORINO,E,				Sostituzione componenti finestrati,C,10.0,Triste,Triste,No,1983,,Teleriscaldamento,36.57,2007,,Scalda-acqua a gas,18.78,,,,,5738.2844,N/D
2020_205351_0021.xml,52,STRADA DEL PORTONE 31,2020-06-16,C,87.69,1.08,17.7,63.0,Gas naturale,False,False,False,False,False,False,0,1,6,9,L219,,1432,137,52,52,,2010,45.0667,7.6667,"45.0667, 7.6667",TORINO,E,				Sostituzione generatore per riscaldamento,C,9.0,Triste,Triste,No,2010,,Caldaia standard,62.96,2010,,Caldaia standard,24.73,,,,,5395.0815999999995,N/D
2021_101746_0032.xml,52,CORSO ORBASSANO 372,2021-11-18,G,215.48,0.0,41.91,60.0,Gas naturale,True,True,False,False,False,False,0,1,9,8,L219,,1429,98,52,52,,1960,45.0338,7.6206,"45.0338, 7.6206",Torino,E,				INSUFFLAGGIO PARETI PERIMETRALI,F,8.0,Triste,Triste,No,2016,,Caldaia a condensazione,182.84,2000,,Caldaia standard,32.64,,,,,11562.5,App. Condominio
2021_213683_0001.xml,52,via parenzo 80/25,2021-03-17,G,3411.59,0.0,702.33,36.95,Teleriscaldamento,True,True,False,False,False,False,0,1,3,1,L219,00,1073,18,52,52,,1960,45.101331,7.6437381,"45.101331, 7.6437381",TORINO,E,sostituzione finestre,G,5.0,Triste,Triste,No,1984,PRINCIPALE,Teleriscaldamento,207.19,2000,acs elet,Teleriscaldamento,3204.4,,,,,84042.0,Ed. Plurifam.
2022_214176_0203.xml,52,CORSO ALLAMANO GIUSEPPE CANONICO 60/B,2022-10-20,C,57.66,0.0,11.53,75.56,Gas naturale,True,True,False,False,False,False,0,1,2,5,L219,,1389,156,52,52,,1982,45.051787,7.6259,"45.051787, 7.6259",TORINO,E,0ISOLAMENTO STRUTTURE OPACHEtrue12A144.78A144.78,A1,12.0,Basita/o,Basita/o,No,2021,Generatore Fossile,Caldaia standard,33.34,2015,Generatore Fossile,Caldaia standard,24.32,,,,,4363.66,N/D
2022_312661_0086.xml,52,Corso Mortare 44,2022-06-17,C,106.36,2.49,21.33,74.68,Teleriscaldamento,True,True,False,False,False,False,0,1,3,3,L219,,1125,441,52,52,,2005,45.0909,7.6712,"45.0909, 7.6712",Torino,E,Coibentazione Muri perimetrali mediante insuflaggio,B,10.74,Basita/o,Basita/o,No,2005,,Teleriscaldamento,70.37,2005,,Teleriscaldamento,35.99,,,,,6927.0,Ed. Plurifam.
2019_102351_0094.xml,524,Vio Orvieto 1 scale 23-27-29-31,2019-11-06,E,177.99,0.33,35.65,22.95,Teleriscaldamento,True,True,False,False,False,False,0,1,9,2,L219,,52,6,524,524,,2006,45.0922,7.6696,"45.0922, 7.6696",Torino,E,insuflaggio,E,12.6,Triste,Basita/o,No,2005,,Teleriscaldamento,136.95,2005,,Teleriscaldamento,41.04,,,,,2718.0,App. Condominio
2016_104562_0020.xml,53,via Filedelfia 237,2021-10-27,D,94.16,0.64,18.93,57.77,Teleriscaldamento,True,True,False,False,False,False,0,1,9,5,L219,,1387,35,53,53,,1950,45.0461,7.6327,"45.0461, 7.6327",Torino,E,Si consiglia,A1,36.73,Triste,Basita/o,No,2014,,Teleriscaldamento,61.05,2021,,Teleriscaldamento,33.11,,,,,3602.0,App. Condominio
2021_101746_0031.xml,53,CORSO ORBASSANO 372,2021-11-16,G,221.56,0.0,42.95,72.0,Gas naturale,True,True,False,False,False,False,0,1,9,8,L219,,1429,98,53,53,,1960,45.0338,7.6206,"45.0338, 7.6206",Torino,E,				INSUFFLAGGIO PARETI PERIMETRALI,F,8.0,Triste,Triste,No,2016,,Caldaia a condensazione,190.87,2000,,Caldaia standard,30.69,,,,,14412.519999999999,App. Condominio
2021_113184_0086.xml,53,via Fratelli Garrone 63/30_31_32_33_34_35,2021-11-11,F,143.21,21.33,28.88,54.05,Teleriscaldamento,True,True,False,False,False,False,0,1,3,6,L219,,1488,76,53,53,,1966,45.0116,7.6509,"45.0116, 7.6509",Torino,E,coibentazione cassonetto,F,0.58,Triste,Triste,Sì,1996,,Teleriscaldamento,100.73,2020,,Boiler elettrico,42.48,,,,,7772.0,Ed. Plurifam.
2022_113184_0132.xml,53,via Fratelli Garrone 67_(36_37_38_39),2022-12-10,D,134.88,3.55,26.02,54.2,Teleriscaldamento,True,True,False,False,False,False,0,1,3,6,L219,,1488,75,53,53,,1966,45.0120,7.6507,"45.0120, 7.6507",Torino,E,installazione fotovoltaico,D,4.94,Triste,Basita/o,No,1996,,Teleriscaldamento,90.03,2018,,Caldaia standard,44.85,,,,,7678.52,Ed. Plurifam.
2022_208026_0066.xml,53,via parenzo 80,2022-09-09,F,122.17,0.0,33.33,34.99,Teleriscaldamento,True,True,False,False,False,False,0,1,6,1,L219,/,1073,18,53,53,,1953,45.0661111111111,7.68222222222222,"45.0661111111111, 7.68222222222222",TORINO,E,Sostituzione serramenti,C,2.0,Triste,Basita/o,No,2015,PRINCIPALE,Teleriscaldamento,97.72,2015,ACS autonomo,Scalda-acqua a gas,24.45,,,,,4111.84,N/D
2022_208141_0005.xml,53,VIA CILEA 8,2022-11-05,F,144.42,0.08,27.09,47.0,Gas naturale,True,True,False,False,False,False,0,1,3,5,L219,-,1131,70,53,53,,1970,45.0971885,7.7049569,"45.0971885, 7.7049569",TORINO,E,CAPPOTTO ESTERNO,C,18.0,Triste,Basita/o,No,2006,PRINCIPALE,Caldaia standard,115.69,2006,ACS autonomo,Scalda-acqua a gas,28.73,,,,,6788.08,Ed. Plurifam.
2022_213873_0045.xml,53,Via Monte Pasubio 23,2022-11-21,G,275.16,0.0,55.03,97.39,Teleriscaldamento,True,True,False,False,False,False,0,1,3,0,L219,,1439,94,53,53,,1970,45.026483,7.64315,"45.026483, 7.64315",TORINO,E,1Intervento su serramenti esternifalse16F236.37F236.37,F,16.0,Triste,Triste,No,2019,Teleriscaldamento,Teleriscaldamento,246.98,2019,Teleriscaldamento,Teleriscaldamento,28.18,,,,,17865.0,Ed. Plurifam.
2022_311274_0105.xml,53,corso all,2022-10-05,C,57.12,0.01,11.43,69.03,Gas naturale,False,False,False,False,False,False,0,1,2,5,L219,-,1389,156,53,53,,1982,45.05102,7.6238800,"45.05102, 7.6238800",Torino,E,Sostituzione serramenti,A1,11.0,Triste,Triste,No,2021,,Caldaia a condensazione,29.83,2015,,Caldaia standard,27.29,,,,,4394.48,N/D
2022_313821_0054.xml,53,Via Bioglio 20,2022-04-08,E,175.77,1.14,35.32,74.77,Gas naturale,True,True,False,False,False,False,0,1,9,1,L219,,1186,167,53,53,,1999,45.0869,7.6965,"45.0869, 7.6965",Torino,E,REALIZZAZIONE DI CAPPOTTO ESTERNO,D,10.46,Triste,Triste,No,2019,,Caldaia a condensazione,148.46,2019,,Caldaia a condensazione,27.31,,,,,12358.5,App. Condominio
2019_113184_0071.xml,54,Via Pergolesi 91,2019-02-05,G,304.83,1.22,61.15,54.28,Teleriscaldamento,True,True,False,False,False,False,0,1,3,5,L219,,1132,88,54,54,,1968,45.0960,7.7070,"45.0960, 7.7070",Torino,E,sostituzione serramenti,G,10.72,Triste,Triste,No,2013,,Teleriscaldamento,252.57,2019,,Caldaia standard,52.26,,,,,11723.18,Ed. Plurifam.
2020_102099_0053.xml,54,Via Pianezza snc,2020-09-29,G,364.41,58.31,54.62,53.23,Energia elettrica da rete,False,False,False,False,False,False,0,1,3,0,L219,,1121,41,54,54,,1980,45.095486,7.645436,"45.095486, 7.645436",TORINO,E,Insufflaggio pareti esterne,G,5.0,Triste,Triste,No,2015,Teleriscaldamento,Teleriscaldamento,127.92,2000,Boiler elettrico,Boiler elettrico,236.49,,,,,12813.0,Ed. Plurifam.
2021_208636_0003.xml,54,Via Giordano Bruno 54,2021-01-22,E,93.03,0.0,18.61,46.7,Teleriscaldamento,True,True,False,False,False,False,0,1,3,8,L219,,1380,18,54,54,,1957,45.043204,7.663126,"45.043204, 7.663126",TORINO,E,1Sostituzione serramenti esterni a bassa emissione termica false16D63.17D63.17,D,16.0,Triste,Basita/o,No,2008,,Teleriscaldamento,64.42,2007,,Caldaia standard,28.61,,,,,3346.8999999999996,Ed. Plurifam.
2022_200681_0031.xml,54,VIA AVELLINO 5,2022-02-28,G,312.76,0.62,58.74,53.0,Gas naturale,True,True,False,False,False,False,0,1,2,0,L219,U,1177,206,54,54,,1955,45.0844956,7.6622858,"45.0844956, 7.6622858",TORINO,E,MIGLIORAMENTO TRASMITTANZA COMPONENTI OPACHE VERTICALI,F,12.0,Triste,Basita/o,No,2008,PRINCIPALE,Caldaia standard,283.8,2020,ACS autonomo,Scalda-acqua a gas,28.96,,,,,16541.579999999998,N/D
2022_211272_0004.xml,54,VIA TARTINI 37,2022-04-20,F,165.67,13.34,32.98,48.0,Gas naturale,True,True,False,False,False,False,0,1,3,5,L219,11111,1131,72,54,54,,1965,45.0661111111111,7.68222222222222,"45.0661111111111, 7.68222222222222",TORINO,E,BISOGNA CAMBIARE GLI INFISSI DA VETRI SINGOLI A DOPPI VETRI CON TELAI IN PVC,E,10.0,Triste,Basita/o,No,2000,PRINCIPALE,Caldaia standard,111.89,2010,ACS autonomo,Boiler elettrico,53.78,,,,,6669.96,Ed. Plurifam.
2022_312661_0087.xml,54,Corso Mortare 44,2022-06-17,C,106.16,2.49,21.29,74.68,Teleriscaldamento,True,True,False,False,False,False,0,1,3,4,L219,,1125,441,54,54,,2005,45.0909,7.6712,"45.0909, 7.6712",Torino,E,Coibentazione Muri perimetrali mediante insuflaggio,B,10.74,Basita/o,Basita/o,No,2005,,Teleriscaldamento,70.17,2005,,Teleriscaldamento,35.99,,,,,6915.0,Ed. Plurifam.
2019_102351_0097.xml,540,Vio Orvieto 1 scale 23-27-29-31,2019-11-06,E,210.65,0.4,42.19,20.76,Teleriscaldamento,True,True,False,False,False,False,0,1,9,3,L219,,52,6,540,540,,2006,45.0922,7.6696,"45.0922, 7.6696",Torino,E,insuflaggio,E,12.6,Triste,Basita/o,No,2005,,Teleriscaldamento,165.28,2005,,Teleriscaldamento,45.37,,,,,2910.0,App. Condominio
2019_102351_0096.xml,542,Vio Orvieto 1 scale 23-27-29-31,2019-11-06,E,170.76,0.32,34.2,24.72,Teleriscaldamento,True,True,False,False,False,False,0,1,9,2,L219,,52,6,542,542,,2006,45.0922,7.6696,"45.0922, 7.6696",Torino,E,insuflaggio,E,12.6,Triste,Basita/o,No,2005,,Teleriscaldamento,132.66,2005,,Teleriscaldamento,38.1,,,,,2809.0,App. Condominio
2020_100824_0001.xml,55,via Parenzo 80,2020-01-31,G,172.13,11.5,51.26,34.15,Teleriscaldamento,True,True,False,False,False,False,0,1,2,2,L219,.,1073,18,55,55,,1955,45.101331,7.6437381,"45.101331, 7.6437381",TORINO,E,1sostituzione infissi con telai a taglio termico e vetri bassoemissivifalse4F143.50F143.50,F,4.0,Triste,Triste,No,1983,PRINCIPALE,Teleriscaldamento,124.42,1985,Impianto 1...,Boiler elettrico,47.71,,,,,5333.0,N/D
2020_102750_0029.xml,55,strada del portone 33,2020-04-11,D,431.94,51.44,141.36,73.33,Gas naturale,True,True,False,False,True,False,1,1,6,0,L219,,1432,137,55,55,,2010,45.1167,7.7167,"45.1167, 7.7167",Torino,E,0Eliminazione dei ponti termicifalse17.9C421.56C421.56,C,17.9,Triste,Basita/o,No,2011,BONGIOANNI,Caldaia standard,217.94,2011,BONGIOANNI,Caldaia standard,2.86,,,,,24078.1,N/D
2020_212533_0078.xml,55,Via Massena Andrea 11,2020-02-21,D,1069.84,106.67,215.94,22.8,Gas naturale,True,True,False,False,True,False,1,1,4,0,L219,0,1283,178,55,55,,1933,45.0624693,7.6739969,"45.0624693, 7.6739969",TORINO,E,0coibentazione pareti freddefalse6D973.20D973.20,D,6.0,Triste,Basita/o,No,2007,PRINCIPALE,Caldaia a condensazione,635.69,2000,ACS,Boiler elettrico,6.52,,,,,19498.54,N/D
2021_101682_0003.xml,55,VIA ROMA 101,2021-03-17,G,248.45,1.13,46.75,44.0,Gas naturale,True,True,False,False,False,False,0,1,3,0,L219,TO,1282,7,55,55,,1933,45.0644444444444,7.69277777777778,"45.0644444444444, 7.69277777777778",TORINO,E,Sostituzione serramenti,G,10.0,Triste,Triste,No,2014,PRINCIPALE,Caldaia a condensazione,219.62,2005,ACS autonomo,Scalda-acqua a gas,28.83,,,,,10850.14,Ed. Plurifam.
2021_113184_0087.xml,55,via Fratelli Garrone 63/30_31_32_33_34_35,2021-11-11,E,119.36,3.47,23.03,54.05,Teleriscaldamento,True,True,False,False,False,False,0,1,3,7,L219,,1488,76,55,55,,1966,45.0116,7.6509,"45.0116, 7.6509",Torino,E,coibentazione cassonetto,E,0.58,Triste,Triste,Sì,1996,,Teleriscaldamento,75.76,2013,,Caldaia standard,43.6,,,,,6814.52,Ed. Plurifam.
2022_113184_0125.xml,55,"Via Artom, 81/13_14_15_16_17",2022-11-10,F,181.57,3.35,35.42,55.88,Teleriscaldamento,True,True,False,False,False,False,0,1,3,7,L219,,1488,77,55,55,,1966,45.0113,7.6498,"45.0113, 7.6498",Torino,E,installazione fotovoltaico,F,10.85,Triste,Basita/o,No,1996,,Teleriscaldamento,84.4,2005,,Caldaia standard,97.17,,,,,10360.24,Ed. Plurifam.
2022_203057_0053.xml,55,VIA ANDREIS 18,2022-07-22,E,83.57,1.15,16.88,223.0,Gas naturale,False,False,False,False,False,False,1,1,5,0,L219,,1215,136,55,55,,1900,45.0667,7.6667,"45.0667, 7.6667",TORINO,E,				Sostituzione componenti finestrati,B,7.0,Triste,Basita/o,No,2010,VIESSMANN Modello VITOCROSSAL200,Caldaia standard,67.02,2010,VIESSMANN Modello VITOCROSSAL200,Caldaia standard,16.55,,,,,18147.4256,N/D
2022_213864_0052.xml,55,Via Giuseppe Tartini 32,2022-12-14,G,287.95,4.24,54.61,50.98,Gas naturale,True,True,False,False,False,False,0,1,2,6,L219,-,1132,86,55,55,,1968,45.096681,7.7062417,"45.096681, 7.7062417",TORINO,E,Intervento migliorativo proposto soggetto a detrazioni fiscali nel rispetto della normativa nazionale vigente,E,8.0,Triste,Triste,No,2013,,Caldaia a condensazione,256.01,2013,,Caldaia a condensazione,31.94,,,,,14265.66,N/D
2021_312661_0054.xml,550,Vio Orvieto 1 scale 23-27-29-31,2021-11-19,F,256.21,2.76,51.65,35.23,Teleriscaldamento,True,True,False,False,False,False,0,1,9,6,L219,,52,6,550,550,,2006,45.0922,7.6696,"45.0922, 7.6696",Torino,E,insuflaggio,F,11.74,Triste,Triste,No,2005,,Teleriscaldamento,229.19,2005,,Teleriscaldamento,27.02,,,,,5956.0,App. Condominio
2019_102351_0100.xml,558,Vio Orvieto 1 scale 23-27-29-31,2019-11-06,F,228.99,0.49,45.87,38.26,Teleriscaldamento,True,True,False,False,False,False,0,1,9,3,L219,,52,6,558,558,,2006,45.0922,7.6696,"45.0922, 7.6696",Torino,E,insuflaggio,E,12.6,Triste,Basita/o,No,2005,,Teleriscaldamento,200.09,2005,,Teleriscaldamento,28.9,,,,,5828.0,App. Condominio
2019_207188_0063.xml,56,via bernardo de canal 31,2019-10-23,G,262.54,0.0,34.88,55.2,Teleriscaldamento,True,True,False,False,False,False,0,1,3,6,L219,,1426,358,56,56,,1961,45.1167,7.7167,"45.1167, 7.7167",Torino,E,1sostituzione infissi con trasmittanza limite da normativafalse29.3G233.48G233.48,G,29.3,Triste,Triste,No,1998,Teleriscaldamento,Teleriscaldamento,231.85,2010,Generatore a gas,Scalda-acqua a gas,30.69,,,,,10231.74,Ed. Plurifam.
2020_101746_0031.xml,56,CORSO ORBASSANO 374,2020-11-18,F,121.93,0.0,23.83,85.0,Gas naturale,True,True,False,False,False,False,0,1,3,2,L219,,1429,98,56,56,,1960,45.0338,7.6206,"45.0338, 7.6206",Torino,E,				INSUFFLAGGIO PARETI PERIMETRALI,E,8.0,Triste,Triste,No,2016,,Caldaia a condensazione,93.04,2000,,Caldaia standard,28.89,,,,,9142.96,Ed. Plurifam.
2020_102992_0014.xml,56,via Bonfante 6,2020-05-23,F,210.58,0.26,42.16,97.25,Teleriscaldamento,True,True,False,False,False,False,0,1,6,10,L219,,1391,23,56,56,,1968,45.0408,7.6271,"45.0408, 7.6271",Torino,E,				sostituzione serramenti,E,36.01,Triste,Triste,No,2018,,Teleriscaldamento,183.63,2015,,Caldaia standard,26.95,,,,,14354.54,N/D
2020_201276_0002.xml,56,strada del portone 35,2020-05-15,F,193.62,3.83,36.86,46.21,Gas naturale,True,True,False,False,False,False,0,1,6,10,L219,u,1432,161,56,56,,2009,45.0661111111111,7.68222222222222,"45.0661111111111, 7.68222222222222",TORINO,E,0insufliaggio intercapedine pareti perimetrali con fiocchi di cellulosa e o similifalse9D96.35D96.35,D,9.0,Triste,Triste,No,2009,PRINCIPALE,Caldaia standard,157.64,2009,PRINCIPALE,Caldaia standard,35.98,,,,,8607.32,N/D
2020_212533_0079.xml,56,Via Assietta 13,2020-02-21,C,930.07,117.52,191.3,20.52,Gas naturale,True,True,False,False,True,False,1,1,4,0,L219,0,1283,178,56,56,,1933,45.0624693,7.6739969,"45.0624693, 7.6739969",TORINO,E,0coibentazione pareti freddefalse9C860.71C860.71,C,9.0,Triste,Triste,No,2007,PRINCIPALE,Caldaia a condensazione,448.4,2000,ACS,Boiler elettrico,6.52,,,,,14226.1,N/D
2020_212629_0489.xml,56,VIA DEL CARMINE 4,2020-04-30,G,211.03,0.53,42.29,43.0,Gas naturale,True,True,False,False,False,False,0,1,0,0,L219,,1219,70,56,56,,1885,45.1167,7.7167,"45.1167, 7.7167",Torino,E,1Fabbricato,G,2.9,Triste,Basita/o,No,2012,IMMERGAS 20,Caldaia standard,186.15,2012,IMMERGAS 20,Caldaia standard,24.88,,,,,9044.699999999999,N/D
2021_113184_0069.xml,56,via Fratelli Garrone 61/76A-F,2021-11-11,E,97.04,2.37,18.78,73.34,Teleriscaldamento,True,True,False,False,False,False,0,1,3,7,L219,,1488,78,56,56,,1966,45.0109,7.6506,"45.0109, 7.6506",Torino,E,coibentazione cassonetto,E,0.64,Triste,Triste,No,1996,,Teleriscaldamento,59.59,2013,,Caldaia standard,37.45,,,,,7427.66,Ed. Plurifam.
2021_113184_0096.xml,56,via Sant'Agostino 28 Torino,2021-11-25,G,318.27,2.35,64.0,33.58,Gas naturale,True,True,False,False,False,False,0,1,5,,L219,,209,128,56,56,,1983,45.0758,7.6808,"45.0758, 7.6808",Torino,E,coibentazione pareti,G,6.79,Triste,Triste,No,2021,,Caldaia a condensazione,262.31,2021,,Caldaia a condensazione,55.96,,,,,10038.42,N/D
2021_212629_0039.xml,56,VIA DEL CARMINE 4,2021-01-15,G,293.03,13.52,60.62,43.0,Gas naturale,False,True,False,False,False,False,0,1,0,0,L219,,1219,70,56,56,,1885,45.116667,7.716667,"45.116667, 7.716667",Torino,E,0Fabbricato,F,5.7,Triste,Basita/o,No,,,,236.95,2014,Generatore a energia elettrica,Boiler elettrico,56.08,,,,,11445.38,N/D
2022_113184_0065.xml,56,via Fratelli Garrone 67_(36_37_38_39),2022-06-19,E,122.13,2.82,23.62,72.97,Teleriscaldamento,True,True,False,False,False,False,0,1,3,7,L219,,1488,75,56,56,,1966,45.0119,7.6506,"45.0119, 7.6506",Torino,E,coibentazione parete esterna,E,12.08,Triste,Basita/o,No,1996,,Teleriscaldamento,74.32,2013,,Caldaia standard,47.81,,,,,9304.4,Ed. Plurifam.
2019_102351_0099.xml,560,Vio Orvieto 1 scale 23-27-29-31,2019-11-06,F,228.99,0.49,45.87,38.26,Teleriscaldamento,True,True,False,False,False,False,0,1,9,4,L219,,52,6,560,560,,2006,45.0922,7.6696,"45.0922, 7.6696",Torino,E,insuflaggio,E,12.6,Triste,Basita/o,No,2005,,Teleriscaldamento,200.09,2005,,Teleriscaldamento,28.9,,,,,5828.0,App. Condominio
2019_102351_0098.xml,563,Vio Orvieto 1 scale 23-27-29-31,2019-11-06,F,163.33,0.33,32.72,38.77,Teleriscaldamento,True,True,False,False,False,False,0,1,9,6,L219,,52,6,563,563,,2006,45.0922,7.6696,"45.0922, 7.6696",Torino,E,insuflaggio,E,12.6,Triste,Basita/o,No,2005,,Teleriscaldamento,134.15,2005,,Teleriscaldamento,29.18,,,,,4214.0,App. Condominio
2010_104562_0253.xml,57,via Filedelfia 237,2021-10-27,G,551.65,132.96,130.13,23.75,Energia elettrica da rete,True,True,False,False,False,False,0,1,9,6,L219,,1387,35,57,57,,1950,45.0461,7.6327,"45.0461, 7.6327",Torino,E,Si consiglia,E,5.78,Triste,Triste,No,2014,Caldaia elettrica,Caldaia elettrica,500.19,2021,Caldaia elettrica,Caldaia elettrica,51.46,,,,,6719.0,App. Condominio
2019_101975_0014.xml,57,via Sansovino 90/34,2020-05-02,B,82.71,0.0,32.8,39.98,Teleriscaldamento,False,False,False,False,False,False,0,1,3,0,L219,,1073,13,57,57,,1970,45.0667,7.6667,"45.0667, 7.6667",TORINO,E,				Coibentazione soletta verso cantina,A1,4.0,Triste,Triste,No,2005,,Teleriscaldamento,58.22,2017,,Caldaia standard,24.49,,,,,4699.1492,Ed. Plurifam.
2019_108092_0106.xml,57,VIA BONFANTE 6,2019-04-18,F,216.01,1.48,41.89,81.03,Teleriscaldamento,True,True,False,False,False,False,0,1,0,10,L219,,1391,23,57,57,,1970,45.04011,7.627542,"45.04011, 7.627542",TORINO,E,1INSTALLAZIONE INFISSI AD ELEVATA EFFICIENZA ENERGETICAfalse10E196.88E196.88,E,10.0,Triste,Basita/o,No,2016,,Teleriscaldamento,188.47,2016,,Scalda-acqua a gas,27.54,,,,,26181.46,N/D
2022_207949_0198.xml,57,VIA PINELLI 33,2022-06-29,E,111.78,22.72,24.23,36.0,Energia elettrica da rete,True,True,False,False,False,False,0,1,3,2,L219,-,1178,197,57,57,,1955,45.0661111111111,7.68222222222222,"45.0661111111111, 7.68222222222222",TORINO,E,COIBENTAZIONE ESTERNA,E,30.0,Triste,Basita/o,No,1998,PRINCIPALE,Caldaia standard,63.51,2015,ACS autonomo,Boiler elettrico,48.27,,,,,2367.22,Ed. Plurifam.
2022_207949_0235.xml,57,via de canal 33,2022-07-28,E,114.59,177.61,66.5,51.82,Teleriscaldamento,True,True,False,False,False,False,0,1,3,0,L219,-,1426,358,57,57,,1961,45.0661111111111,7.68222222222222,"45.0661111111111, 7.68222222222222",TORINO,E,sostituzione serramenti esterni,D,25.0,Triste,Triste,No,1998,PRINCIPALE,Teleriscaldamento,83.0,2018,ACS autonomo,Scalda-acqua a gas,31.59,,,,,11303.880000000001,Ed. Plurifam.
2022_312661_0010.xml,57,Via Vittime di Bologna 5,2022-03-28,F,153.17,9.03,30.89,44.72,Gas naturale,True,True,False,False,False,False,0,1,3,4,L219,,1089,306,57,57,,1985,45.1012,7.7291,"45.1012, 7.7291",Torino,E,realizzazione cappotto,E,8.23,Triste,Triste,Sì,2003,,Caldaia a condensazione,133.53,2003,,Caldaia a condensazione,19.64,,,,,6713.44,Ed. Plurifam.
2020_201276_0003.xml,58,strada del portone 35,2018-03-10,C,74.61,2.85,14.4,62.06,Gas naturale,True,True,False,False,False,False,0,1,6,10,L219,u,1432,161,58,58,,2009,45.0661111111111,7.68222222222222,"45.0661111111111, 7.68222222222222",TORINO,E,0insufliaggio intercapedine pareti perimetrali con fiocchi di cellulosa e o similifalse20B63.972installazione pannelli solari termicifalse47B61.00A153.54,B,20.0,Triste,Basita/o,No,2009,PRINCIPALE,Caldaia standard,40.32,2009,PRINCIPALE,Caldaia standard,34.29,,,,,4283.42,N/D
2020_212629_0919.xml,58,VIA PIRANO 9/10,2020-08-26,G,306.21,14.21,44.56,47.0,Teleriscaldamento,True,True,False,False,False,False,0,1,0,0,L219,,1073,54,58,58,,1950,45.1167,7.7167,"45.1167, 7.7167",Torino,E,0Fabbricato,G,3.3,Triste,Triste,No,2000,Teleriscaldamento,Teleriscaldamento,247.24,2005,Generatore a energia elettrica,Boiler elettrico,58.97,,,,,9168.0,N/D
2021_113184_0063.xml,58,"Via Artom, 81/13_14_15_16_17",2021-09-11,E,118.99,2.81,22.98,73.56,Teleriscaldamento,True,True,False,False,False,False,0,1,3,8,L219,,1488,77,58,58,,1966,45.0112,7.6498,"45.0112, 7.6498",Torino,E,sostituzione generatore di calore per acqua calda sanitaria,E,9.16,Triste,Basita/o,No,1996,,Teleriscaldamento,75.03,2013,,Caldaia standard,43.96,,,,,9167.9,Ed. Plurifam.
2022_208423_0073.xml,58,Corso Giambone Eusebio 51,2022-04-29,F,143.99,0.0,42.17,111.41,Teleriscaldamento,True,True,False,False,False,False,0,1,3,1,L219,,1423,236,58,58,,1970,45.116667,7.716667,"45.116667, 7.716667",Torino,E,0Intervento sulle strutture opachefalse19.8E133.91Intervento sui serramentifalse9.8E113.51E103.89,E,19.8,Triste,Basita/o,No,2020,Teleriscaldamento,Teleriscaldamento,101.65,2019,Caldaia Vaillant,Scalda-acqua a gas,42.34,,,,,17235.5,Ed. Plurifam.
2022_313821_0055.xml,58,Via Bioglio 20,2022-04-08,E,140.62,1.04,28.28,42.74,Gas naturale,True,True,False,False,False,False,0,1,9,3,L219,,1186,167,58,58,,1999,45.0869,7.6965,"45.0869, 7.6965",Torino,E,REALIZZAZIONE DI CAPPOTTO ESTERNO,D,10.46,Triste,Triste,No,2019,,Caldaia a condensazione,110.91,2019,,Caldaia a condensazione,29.71,,,,,5641.5199999999995,App. Condominio
2022_208722_0014.xml,581,CORso Umbria 66,2022-04-02,D,144.29,7.79,22.15,100.25,Teleriscaldamento,True,True,True,False,False,False,0,1,6,5,L219,,1153,131,581,581,,2007,45.088557,7.666458,"45.088557, 7.666458",TORINO,E,0Miglioramento coibentazione elementi opachifalse10C111.59C111.59,C,10.0,Triste,Triste,No,2013,,Teleriscaldamento,81.57,2013,,Teleriscaldamento,30.41,2007,,Pompa di calore,32.31,9145.0,N/D
2019_312661_0205.xml,59,Via Mddalene 10,2019-11-18,E,150.34,0.99,30.22,78.73,Gas naturale,True,True,False,False,False,False,0,1,3,4,L219,,1145,74,59,59,,1970,45.0904,7.7074,"45.0904, 7.7074",Torino,E,Installazione valvole termostatiche,E,5.31,Triste,Basita/o,No,2003,,Caldaia a condensazione,116.81,2006,,Caldaia standard,33.53,,,,,11130.82,Ed. Plurifam.
2020_102099_0054.xml,59,Via Pianezza snc,2020-09-29,F,125.93,1.04,46.05,76.13,Teleriscaldamento,False,False,False,False,False,False,0,1,3,2,L219,,1121,41,59,59,,1980,45.095486,7.645436,"45.095486, 7.645436",TORINO,E,Insufflaggio pareti esterne,E,5.0,Triste,Triste,No,2015,Teleriscaldamento,Teleriscaldamento,101.61,2000,Scalda-acqua autonomo istantaneo a gas,Scalda-acqua a gas,24.32,,,,,9081.78,Ed. Plurifam.
2022_101746_0014.xml,59,CORSO ORBASSANO 374,2022-08-04,F,112.38,0.0,22.02,77.0,Gas naturale,True,True,False,False,False,False,0,1,9,3,L219,,1429,98,59,59,,1960,45.0338,7.6206,"45.0338, 7.6206",Torino,E,				INSUFFLAGGIO PARETI PERIMETRALI,E,8.0,Triste,Triste,No,2016,,Caldaia a condensazione,82.66,2000,,Caldaia standard,29.72,,,,,7565.08,App. Condominio
2022_110134_0032.xml,59,Strada del portone 35,2022-03-07,D,129.51,0.0,25.9,44.37,Gas naturale,True,True,False,False,False,False,0,1,6,10,L219,,1432,158,59,59,,2009,45.0328,7.6123,"45.0328, 7.6123",Torino,E,Realizzazione cappotto esterno,C,19.29,Triste,Basita/o,No,2009,,Caldaia a condensazione,107.18,2009,,Caldaia a condensazione,22.33,,,,,5476.94,N/D
2022_206748_0123.xml,59,VIA DE CANAL BERNARDO 33,2022-07-16,E,144.26,0.1,29.14,49.04,Teleriscaldamento,True,True,False,False,False,False,0,1,6,1,L219,.,1426,358,59,59,,1965,45.0661111111111,7.68222222222222,"45.0661111111111, 7.68222222222222",TORINO,E,Coibentazione muratura perimetrale,E,10.0,Triste,Triste,No,1998,PRINCIPALE,Teleriscaldamento,113.77,2000,acs,Scalda-acqua a gas,30.49,,,,,5217.94,N/D
2019_101050_0005.xml,6,Strada Antica di Revigliasco 77,2019-05-10,C,529.04,18.27,115.59,232.66,GPL,True,True,False,False,True,False,1,0,0,0,L219,U,1369,70,6,5,,1776,45.0430082,7.7037153,"45.0430082, 7.7037153",TORINO,E,5Installazione di un Impianto Fotovoltaico come fonte di energia rinnovabile.false44C518.98C518.98,C,44.0,Basita/o,Basita/o,Sì,2017,PRINCIPALE,Caldaia a condensazione,500.38,2017,PRINCIPALE,Caldaia a condensazione,1.42,,,,,58170.786,N/D
2019_104581_0012.xml,6,via delle Primule 28/I,2020-09-11,G,350.46,12.87,11.87,79.99,Teleriscaldamento,True,True,False,False,False,False,0,1,9,,L219,,1069,151,6,6,,1963,45.1021,7.6259,"45.1021, 7.6259",TORINO,E,Sul sito http://acs.enea.it/ sono indicate le detrazioni fiscali per il risparmio energetico del patrimonio edilizio esistente attualmente vigenti,G,3.0,Triste,Triste,No,2011,,Teleriscaldamento,300.26,2020,,Boiler elettrico,50.2,,,,,27335.0,App. Condominio
2019_207610_0002.xml,6,VIA MONTE SEI BUSI 28,2019-04-11,D,89.07,0.0,17.81,66.7,Gas naturale,True,True,False,False,False,False,0,1,2,1,L219,,1464,208,6,6,,1971,45.017038,7.620992,"45.017038, 7.620992",TORINO,E,0Insuflaggio per isolamento pareti perimetralifalse26B55.06B55.06,B,26.0,Triste,Basita/o,No,2001,Caldaia Ici Wall 125,Caldaia standard,62.47,1000,Scaldabagno Devyl Sylber,Scalda-acqua a gas,26.6,,,,,5954.0599999999995,N/D
2019_208409_0016.xml,6,Via Andrea Sansovino 98,2019-04-04,G,288.57,8.51,58.98,35.51,Teleriscaldamento,False,False,False,False,False,False,0,1,0,2,L219,,1073,7,6,6,,1953,45.0667,7.6667,"45.0667, 7.6667",TORINO,E,				installazione serramenti basso emissivi di ultima generazione,G,8.0,Triste,Triste,No,2005,,Teleriscaldamento,253.24,2010,,Boiler elettrico,35.33,,,,,6638.4400000000005,N/D
2020_102099_0008.xml,6,Via Pianezza snc,2020-03-17,G,316.04,57.61,45.53,47.23,Energia elettrica da rete,False,False,False,False,False,False,0,1,3,2,L219,,1121,41,6,6,,1980,45.095299,7.645926,"45.095299, 7.645926",TORINO,E,Insufflaggio pareti esterne,G,5.0,Triste,Triste,No,2015,Teleriscaldamento,Teleriscaldamento,80.41,2000,Boiler elettrico,Boiler elettrico,235.63,,,,,9252.0,Ed. Plurifam.
2020_102099_0094.xml,6,VIA BORGO TICINO 15,2020-08-18,F,156.75,2.18,31.68,60.7,Gas naturale,False,False,False,False,False,False,0,1,3,1,L219,=,1080,176,6,6,,1985,45.106046,7.6952690,"45.106046, 7.6952690",Torino,E,isolamento perimetrale,D,10.0,Triste,Triste,No,2016,,Caldaia a condensazione,127.06,2015,,Caldaia standard,29.69,,,,,10270.699999999999,Ed. Plurifam.
2020_102099_0098.xml,6,VIA BORGO TICINO 15,2020-08-18,F,156.75,2.18,31.68,60.7,Gas naturale,False,False,False,False,False,False,0,1,3,3,L219,=,1080,176,6,6,,1985,45.106046,7.6952690,"45.106046, 7.6952690",Torino,E,isolamento perimetrale,D,10.0,Triste,Triste,No,2016,,Caldaia a condensazione,127.06,2015,,Caldaia standard,29.69,,,,,10270.699999999999,Ed. Plurifam.
2020_110202_0031.xml,6,Via Giordano Bruno 52,2021-01-14,G,367.07,14.46,103.64,51.8,Teleriscaldamento,True,True,False,False,False,False,0,1,3,2,L219,0,1380,18,6,6,,2017,45.0661111111111,7.68222222222222,"45.0661111111111, 7.68222222222222",TORINO,E,0ISOLAMENTO INVOLUCRO OPACOfalse5D264.79F264.79,D,5.0,Triste,Sorridente,No,2015,PRINCIPALE,Teleriscaldamento,307.08,2015,ACS autonomo,Boiler elettrico,59.99,,,,,16743.0,Ed. Plurifam.
2020_201627_0002.xml,6,Via Botticelli 166,2020-02-14,F,191.21,0.63,38.54,55.0,Gas naturale,False,False,False,False,False,False,0,1,3,2,L219,,1133,18,6,6,,1959,45.0667,7.6667,"45.0667, 7.6667",TORINO,E,				Sostituzione componenti finestrati,E,13.0,Triste,Triste,No,2011,,Caldaia a condensazione,171.11,2000,,Caldaia standard,20.1,,,,,10520.905799999999,Ed. Plurifam.
2021_102099_0079.xml,6,VIA VALEGGIO 23,2021-12-31,G,209.4,11.08,43.53,80.2,Teleriscaldamento,False,False,False,False,False,False,0,1,3,2,L219,=,1301,135,6,6,,1936,45.058908,7.6688390,"45.058908, 7.6688390",Torino,E,isolamento perimetrale,F,10.0,Triste,Basita/o,No,2009,,Teleriscaldamento,163.45,2015,,31,45.95,,,,,10629.0,Ed. Plurifam.
2021_212247_0101.xml,6,VIA ANDREA SANSOVINO 90,2021-10-29,F,137.45,2.62,42.86,40.2,Teleriscaldamento,True,True,False,False,False,False,0,1,3,2,L219,,1073,13,6,6,,1958,45.1022,7.6419,"45.1022, 7.6419",Torino,E,				Coibentazione dell'intercapedine d'aria mediante insufflaggio,E,5.0,Triste,Triste,No,1983,,Teleriscaldamento,110.29,1998,,Scalda-acqua a gas,27.16,,,,,6058.7,Ed. Plurifam.
2021_313821_0140.xml,6,Via Gallina 3/16,2022-03-23,F,330.6,1.09,66.28,42.77,Teleriscaldamento,True,True,False,False,False,False,0,1,3,3,L219,,1145,2,6,6,,1930,45.0917,7.7093,"45.0917, 7.7093",Torino,E,coibentazione involucro opaco,E,3.7,Triste,Sorridente,No,2015,,Teleriscaldamento,294.68,2015,,Teleriscaldamento,35.92,,,,,9397.0,Ed. Plurifam.
2022_102099_0006.xml,6,CORSO FERRARA 50 B,2020-12-31,G,390.62,88.01,91.23,70.0,Energia elettrica da rete,False,False,False,False,False,False,0,1,2,1,L219,,1065,24,6,6,,1969,45.108918,7.6247180,"45.108918, 7.6247180",Torino,E,ISOLAMENTO PERIMETRALE,F,10.0,Triste,Triste,No,2015,,Teleriscaldamento,361.35,2006,,31,29.27,,,,,15095.0,N/D
2022_102099_0012.xml,6,CORSO FERRARA 50 C,2020-12-31,G,390.62,88.01,91.23,70.0,Energia elettrica da rete,False,False,False,False,False,False,0,1,2,1,L219,,1065,25,6,6,,1969,45.108918,7.6247180,"45.108918, 7.6247180",Torino,E,ISOLAMENTO PERIMETRALE,F,10.0,Triste,Triste,No,2015,,Teleriscaldamento,361.35,2006,,31,29.27,,,,,15095.0,N/D
2022_104067_0016.xml,6,via Bardonecchia 34 Torino,2022-07-12,E,135.26,8.21,26.67,7452.21,Teleriscaldamento,True,True,False,False,True,False,1,0,9,,L219,,1225,966,6,1,,1983,45.0728,7.6449,"45.0728, 7.6449",Torino,E,Isolamento a cappotto,E,20.0,Triste,Basita/o,Sì,2007,,Teleriscaldamento,113.22,2007,,Teleriscaldamento,6.32,,,,,1070637.0,App. Condominio
2022_205199_0092.xml,6,via arcangelo corelli 37,2022-03-26,G,451.64,0.0,90.33,75.5,Teleriscaldamento,False,False,False,False,False,False,0,1,3,2,L219,,1132,85,6,6,,1965,45.1167,7.7167,"45.1167, 7.7167",TORINO,E,				Sostituzione componenti finestrati,G,20.0,Triste,Triste,No,2013,,Teleriscaldamento,431.23,2015,,Scalda-acqua a gas,20.41,,,,,23249.260199999997,Ed. Plurifam.
2018_200213_0024.xml,60,CRAVERO 14,2019-09-01,F,149.66,22.11,33.22,105.0,Gas naturale,False,False,False,False,False,False,0,1,0,4,L219,,1144,3,60,60,,1967,45.0667,7.6667,"45.0667, 7.6667",TORINO,E,				Sostituzione componenti finestrati,D,12.0,Triste,Basita/o,No,1994,,Caldaia standard,115.08,2000,,Boiler elettrico,34.58,,,,,11032.6482,N/D
2019_101746_0006.xml,60,CORSO ORBASSANO 374,2019-02-14,F,118.67,0.0,23.2,85.0,Gas naturale,True,True,False,False,False,False,0,1,3,5,L219,,1429,98,60,60,,1960,45.0338,7.6206,"45.0338, 7.6206",Torino,E,				INSUFFLAGGIO PARETI PERIMETRALI,E,8.0,Triste,Triste,No,2016,,Caldaia a condensazione,89.5,2000,,Caldaia standard,29.17,,,,,8879.52,Ed. Plurifam.
2019_103010_0038.xml,60,Corso Vercelli 19,2020-02-04,F,146.43,1.49,27.67,44.45,Gas naturale,True,True,False,False,False,False,0,1,5,1,L219,-,1183,41,60,60,,1947,45.0855302,7.6858676,"45.0855302, 7.6858676",TORINO,E,0Isolamento a cappotto esternofalse10E96.71E96.71,E,10.0,Triste,Basita/o,No,2004,PRINCIPALE,Caldaia standard,87.52,2004,PRINCIPALE,Caldaia standard,58.91,,,,,6383.32,N/D
2019_312661_0206.xml,60,Via Mddalene 10,2019-11-18,F,267.52,1.56,53.74,53.77,Gas naturale,True,True,False,False,False,False,0,1,3,4,L219,,1145,74,60,60,,1970,45.0904,7.7074,"45.0904, 7.7074",Torino,E,Installazione valvole termostatiche,F,5.31,Triste,Triste,No,2003,,Caldaia a condensazione,225.78,2006,,Caldaia standard,41.74,,,,,13547.3,Ed. Plurifam.
2021_110202_0022.xml,60,Via Andrea Sansovino 90,2021-08-09,F,161.79,12.95,43.71,63.0,Teleriscaldamento,True,True,False,False,False,False,0,1,3,1,L219,0,1073,13,60,60,,2017,45.0661111111111,7.68222222222222,"45.0661111111111, 7.68222222222222",TORINO,E,ISOLAMENTO PARETI ESTERNE,E,4.0,Triste,Sorridente,No,2015,PRINCIPALE,Teleriscaldamento,108.04,2015,ACS autonomo,Boiler elettrico,53.75,,,,,8218.0,Ed. Plurifam.
2021_202483_0023.xml,60,VIA SANSOVINO 90/BIS,2021-07-09,G,348.98,13.42,71.79,57.0,Teleriscaldamento,False,False,False,False,False,False,0,1,6,2,L219,,1073,6,60,60,,1955,45.1167,7.7167,"45.1167, 7.7167",TORINO,E,				Sostituzione componenti finestrati,G,2.0,Triste,Triste,No,1983,,Teleriscaldamento,293.29,2005,,Boiler elettrico,55.69,,,,,12772.68,N/D
2022_113184_0105.xml,60,via Scarsellini 12,2022-05-09,G,318.07,20.97,101.55,48.11,Teleriscaldamento,True,True,False,False,False,False,0,1,3,1,L219,,1428,85,60,60,,1949,45.0355,7.6304,"45.0355, 7.6304",Torino,E,coibentazione solaio pilotys,F,3.78,Triste,Triste,No,1988,,Teleriscaldamento,258.37,2019,,Boiler elettrico,59.7,,,,,15473.0,Ed. Plurifam.
2022_208347_0108.xml,60,STRADA DEL PORTONE 25,2021-11-02,C,50.08,0.15,9.42,65.61,Gas naturale,True,True,False,False,False,False,0,1,6,10,L219,0,1432,138,60,60,,2009,45.0661111111111,7.68222222222222,"45.0661111111111, 7.68222222222222",TORINO,E,INSTALLAZIONE FONTI RINNOVABILI,A1,7.0,Triste,Triste,No,2012,PRINCIPALE,Caldaia standard,35.93,2012,PRINCIPALE,Caldaia standard,14.15,,,,,3265.44,N/D
2022_209895_0034.xml,60,VIA DEL CARMINE 4,2022-06-12,E,128.62,1.4,24.32,57.6,Gas naturale,True,True,False,False,False,False,0,1,5,3,L219,0,1219,70,60,60,,1885,45.0756302,7.6759514,"45.0756302, 7.6759514",TORINO,E,sostituzione serramenti con tipologia doppia vetrocamera bassoemissiva,D,10.0,Triste,Basita/o,No,2022,PRINCIPALE,Caldaia a condensazione,98.41,2022,PRINCIPALE,Caldaia a condensazione,30.21,,,,,7259.219999999999,N/D
2019_312661_0203.xml,61,Via Maddalene 6,2019-08-11,G,303.37,2.13,60.99,67.67,Gas naturale,True,True,False,False,False,False,0,1,3,6,L219,,1145,43,61,61,,1970,45.0905,7.7067,"45.0905, 7.7067",Torino,E,Installazione valvole termostatiche,F,5.34,Triste,Basita/o,No,2006,,Caldaia a condensazione,221.18,2005,,Caldaia standard,82.19,,,,,19292.399999999998,Ed. Plurifam.
2020_113459_0003.xml,61,Strada del Portone 25,2020-07-31,G,186.61,1.86,35.26,35.83,Gas naturale,True,True,False,False,False,False,0,1,2,10,L219,0,1432,138,61,61,,2006,45.0661111111111,7.68222222222222,"45.0661111111111, 7.68222222222222",TORINO,E,2installazione pompe di calorefalse10D83.09D83.09,D,10.0,Triste,Triste,No,2006,PRINCIPALE,Caldaia standard,137.23,2006,PRINCIPALE,Caldaia standard,49.38,,,,,6562.24,N/D
2022_101975_0006.xml,61,via Sansovino 98,2022-09-28,E,184.73,0.0,36.95,53.07,Teleriscaldamento,False,False,False,False,False,False,0,1,3,3,L219,,1073,7,61,61,,1951,45.0667,7.6667,"45.0667, 7.6667",TORINO,E,				Sostituzione serramenti esterni,D,3.0,Triste,Triste,No,2005,,Teleriscaldamento,161.62,2017,,Caldaia standard,23.11,,,,,6947.0127999999995,Ed. Plurifam.
2022_312661_0031.xml,61,Via Vittime di Bologna 5,2022-04-22,F,194.6,8.63,39.12,46.1,Gas naturale,True,True,False,False,False,False,0,1,3,0,L219,,1089,306,61,61,,1985,45.1011,7.7292,"45.1011, 7.7292",Torino,E,realizzazione cappotto,E,7.99,Triste,Triste,Sì,2007,,Caldaia a condensazione,173.62,2007,,Caldaia a condensazione,20.98,,,,,8767.9,Ed. Plurifam.
2018_101746_0045.xml,62,CORSO ORBASSANO 374,2019-02-14,F,118.79,0.0,23.22,85.0,Gas naturale,True,True,False,False,False,False,0,1,3,5,L219,,1429,98,62,62,,1960,45.0338,7.6206,"45.0338, 7.6206",Torino,E,				INSUFFLAGGIO PARETI PERIMETRALI,E,8.0,Triste,Triste,No,2016,,Caldaia a condensazione,89.62,2000,,Caldaia standard,29.17,,,,,8889.46,Ed. Plurifam.
2019_105263_0065.xml,62,VIA AOSTA 31,2019-03-10,E,119.2,1.87,24.12,45.64,Gas naturale,False,False,False,False,False,False,0,1,3,4,L219,,1184,5,62,62,,1960,45.0667,7.6667,"45.0667, 7.6667",TORINO,E,				Isolamento strutture opache verticali verso zone non riscaldate,E,42.0,Triste,Triste,No,2012,,Caldaia a condensazione,89.87,2000,,Scalda-acqua a gas,29.33,,,,,5276.990999999999,Ed. Plurifam.
2019_113118_0040.xml,62,via Parenzo 80,2019-12-09,F,167.04,12.72,67.21,40.11,Teleriscaldamento,True,True,False,False,False,False,0,1,9,2,L219,,1073,18,62,62,,1955,45.100929,7.642662,"45.100929, 7.642662",TORINO,E,1Sostituzione serramentifalse26E141.14E141.14,E,26.0,Triste,Triste,No,1983,Sottocentrale di teleriscaldamento,Teleriscaldamento,115.32,1000,Boiler elettrico ad accumulo,Boiler elettrico,51.72,,,,,8407.0,App. Condominio
2020_113482_0001.xml,62,Via Cernaia 30,2020-12-18,F,123.23,10.83,26.26,142.84,Gas naturale,True,True,False,False,False,False,0,1,5,2,L219,,1220,212,62,62,,2020,45.116667,7.716667,"45.116667, 7.716667",Torino,E,0Intervento sulle strutture opachefalse7.3E101.531Intervento sui serramentifalse8.9D86.99C66.29,E,7.3,Triste,Basita/o,No,2020,Viessman Vitorond 200,Caldaia a condensazione,78.5,2020,Generatore a energia elettrica_1,Boiler elettrico,44.73,,,,,14493.38,N/D
2021_111787_0043.xml,62,strada del portone 33,2021-12-20,D,112.67,1.66,21.37,44.6,Gas naturale,True,True,False,False,False,False,0,1,3,3,L219,u,1432,137,62,62,,2010,45.0661111111111,7.68222222222222,"45.0661111111111, 7.68222222222222",TORINO,E,sostituzione serramenti,C,15.0,Triste,Triste,No,2010,PRINCIPALE,Caldaia a condensazione,80.32,2010,PRINCIPALE,Caldaia a condensazione,32.35,,,,,4878.5,Ed. Plurifam.
2019_108109_0009.xml,63,de 33,2019-02-28,G,224.19,1.03,97.95,48.45,Teleriscaldamento,False,False,False,False,False,False,0,1,3,4,L219,,1426,358,63,63,,1965,45.0667,7.6667,"45.0667, 7.6667",TORINO,E,				Sostituzione componenti finestrati,G,19.0,Triste,Triste,No,1998,,Teleriscaldamento,193.92,2000,,Caldaia standard,30.27,,,,,16254.062,Ed. Plurifam.
2020_113184_0026.xml,63,via Sidoli 34_36_TO,2020-12-03,F,250.2,0.81,79.15,74.89,Teleriscaldamento,True,True,False,False,False,False,0,1,3,6,L219,,1441,88,63,63,,1993,45.0248,7.6451,"45.0248, 7.6451",Torino,E,isolamento sottotetto,D,3.59,Triste,Triste,No,1997,,Teleriscaldamento,230.71,1997,,Teleriscaldamento,19.49,,,,,19690.0,Ed. Plurifam.
2021_107480_0008.xml,63,CORSO GIAMBONE EUSEBIO 51,2021-11-05,F,128.71,0.0,34.94,77.0,Teleriscaldamento,True,True,False,False,False,False,0,1,3,2,L219,TO,1423,236,63,63,,1968,45.0312048,7.6524275,"45.0312048, 7.6524275",TORINO,E,Sostituzione serramenti,E,15.0,Triste,Triste,No,2020,PRINCIPALE,Teleriscaldamento,101.35,2000,ACS autonomo,Scalda-acqua a gas,27.36,,,,,9539.279999999999,Ed. Plurifam.
2022_312661_0127.xml,634,"Vio Orvieto 5-7-9, Torino",2022-05-10,E,152.46,3.11,30.5,71.84,Teleriscaldamento,True,True,False,False,False,False,0,1,3,2,L219,,52,6,634,634,,2006,45.0914,7.6693,"45.0914, 7.6693",Torino,E,Coibentazione muri perimetrali mediante insuflaggio,D,10.96,Triste,Triste,No,2005,,Teleriscaldamento,130.71,2005,,Teleriscaldamento,21.75,,,,,9606.0,Ed. Plurifam.
2019_102351_0076.xml,635,"Vio Orvieto 5-7-9, Torino",2019-10-06,E,127.75,0.4,25.61,35.85,Teleriscaldamento,True,True,False,False,False,False,0,1,9,2,L219,,52,6,635,635,,2006,45.0922,7.6696,"45.0922, 7.6696",Torino,E,insuflaggio,D,11.88,Triste,Basita/o,No,2005,,Teleriscaldamento,100.26,2005,,Teleriscaldamento,27.49,,,,,3044.0,App. Condominio
2019_112696_0001.xml,64,Corso Allamano 60 TO,2019-07-01,E,130.86,0.53,26.25,93.92,Gas naturale,True,True,False,False,False,False,0,1,9,6,L219,,1389,156,64,64,,1980,45.0512,7.6240,"45.0512, 7.6240",Torino,E,				Sostituzione generatore di calore con caldaia a condensazione,D,8.45,Triste,Triste,No,1992,,Caldaia standard,106.88,2015,,Scalda-acqua a gas,23.98,,,,,11615.519999999999,App. Condominio
2019_312661_0195.xml,64,Via Mddalene 10,2019-07-11,F,222.31,1.24,44.65,67.97,Gas naturale,True,True,False,False,False,False,0,1,3,6,L219,,1145,74,64,64,,1970,45.0904,7.7074,"45.0904, 7.7074",Torino,E,Installazione valvole termostatiche,F,5.46,Triste,Triste,No,2003,,Caldaia a condensazione,184.09,2005,,Caldaia standard,38.22,,,,,14235.16,Ed. Plurifam.
2021_113184_0094.xml,64,via Bonelli 3 Torino,2021-11-25,G,245.33,1.33,49.26,50.16,Gas naturale,True,True,False,False,False,False,0,1,5,,L219,,209,128,64,64,,1983,45.0758,7.6812,"45.0758, 7.6812",Torino,E,sostituzione caldaia a condensazione,E,3.23,Triste,Triste,No,2002,,Caldaia standard,184.13,2002,,Caldaia standard,61.2,,,,,11602.82,N/D
2021_200542_0074.xml,64,Corso Belgio 101,2021-06-30,G,254.34,2.81,48.1,1011.74,Gas naturale,True,False,True,False,False,False,1,1,0,0,L219,0,1253,29,64,64,,1974,45.0661111111111,7.68222222222222,"45.0661111111111, 7.68222222222222",TORINO,E,Isolamento strutture opache verticali,G,12.0,Triste,Triste,No,2016,,Caldaia a condensazione,245.11,,,,,2016,,Pompa di calore,7.28,252001.41999999998,N/D
2021_211573_0060.xml,64,Via Sansovino 90/34,2021-11-12,G,383.58,0.0,75.51,57.71,Teleriscaldamento,False,False,False,False,False,False,0,1,3,3,L219,,1073,13,64,64,,1958,45.1016215732307,7.64214352091522,"45.1016215732307, 7.64214352091522",Torino,E,Data sopralluogo: 24/11/2021,G,5.0,Triste,Triste,No,2015,,Teleriscaldamento,356.66,2015,,Scalda-acqua a gas,26.92,,,,,21159.0964,Ed. Plurifam.
2022_101746_0065.xml,64,CORSO ORBASSANO 374,2022-11-14,F,118.67,0.0,23.2,85.0,Gas naturale,True,True,False,False,False,False,0,1,3,6,L219,,1429,98,64,64,,1960,45.0338,7.6206,"45.0338, 7.6206",Torino,E,				INSUFFLAGGIO PARETI PERIMETRALI,E,8.0,Triste,Triste,No,2016,,Caldaia a condensazione,89.5,2000,,Caldaia standard,29.17,,,,,8879.52,Ed. Plurifam.
2022_204038_0032.xml,64,"Corso Giambone, N°51 - TORINO",2022-06-13,E,91.55,2.01,17.48,112.16,Teleriscaldamento,True,True,False,False,False,False,0,1,7,3,L219,,1423,236,64,64,,1970,45.0312,7.6524,"45.0312, 7.6524",Torino,E,				Sostituzione serramenti con nuovi a doppio vetro,D,16.0,Triste,Triste,No,2020,,Teleriscaldamento,68.62,2020,,Scalda-acqua a gas,22.93,,,,,11029.24,N/D
2022_312661_0008.xml,641,"Vio Orvieto 5-7-9, Torino",2022-03-24,D,90.44,2.63,18.22,40.5,Teleriscaldamento,True,True,False,False,False,False,0,1,9,5,L219,,52,6,641,641,,2006,45.0913,7.6704,"45.0913, 7.6704",Torino,E,insuflaggio,C,12.44,Triste,Basita/o,No,2005,,Teleriscaldamento,68.41,2005,,Teleriscaldamento,22.03,,,,,3160.0,App. Condominio
2019_102351_0116.xml,644,"Vio Orvieto 1/5, Torino",2019-06-25,E,175.54,0.62,35.2,31.76,Teleriscaldamento,True,True,False,False,False,False,0,1,9,7,L219,,52,6,644,644,,2006,45.0912,7.6703,"45.0912, 7.6703",Torino,E,insuflaggio,D,12.15,Triste,Basita/o,No,2005,,Teleriscaldamento,145.86,2005,,Teleriscaldamento,29.68,,,,,3704.0,App. Condominio
2021_113184_0082.xml,65,Via Fratelli Garrone 74_5_6_7_8,2021-04-11,F,223.37,4.4,43.31,53.73,Teleriscaldamento,True,True,False,False,False,False,0,1,3,2,L219,,1488,72,65,65,,1966,45.0128,7.6499,"45.0128, 7.6499",Torino,E,sostituzione del generatore di calore per acqua calda sanitaria,E,7.61,Triste,Basita/o,No,1996,,Teleriscaldamento,122.96,2013,,Caldaia standard,100.41,,,,,12444.48,Ed. Plurifam.
2022_205141_0021.xml,65,corso Canonico Giuseppe Allamano 60,2022-01-09,D,97.19,5.93,20.32,101.0,Gas naturale,False,False,False,False,False,False,0,1,7,6,L219,,1389,156,65,65,,1981,45.1167,7.7167,"45.1167, 7.7167",TORINO,E,				Isolamento strutture opache verticali verso zone non riscaldate,D,17.0,Triste,Basita/o,No,1992,,Caldaia standard,69.59,2021,,Scalda-acqua a gas,27.6,,,,,8619.4606,N/D
2022_214142_0150.xml,65,VIA SARPI PAOLO 136,2022-10-14,B,140.45,1.48,40.87,50.03,Teleriscaldamento,True,True,True,False,False,False,0,1,3,6,L219,-,1426,395,65,65,,2014,45.0661111111111,7.68222222222222,"45.0661111111111, 7.68222222222222",TORINO,E,SOSTITUZIONE SERRAMENTI ESTERNI,A1,5.0,Triste,Basita/o,No,2013,PRINCIPALE,Teleriscaldamento,77.53,2013,PRINCIPALE,Teleriscaldamento,56.8,2013,Impianto 4...,Pompa di calore,6.12,6558.0,Ed. Plurifam.
2019_102351_0078.xml,659,"Vio Orvieto 1/7, Torino",2019-10-06,E,144.66,0.45,29.0,43.97,Teleriscaldamento,True,True,False,False,False,False,0,1,9,4,L219,,52,6,659,659,,2006,45.0912,7.6703,"45.0912, 7.6703",Torino,E,insuflaggio,D,11.88,Triste,Basita/o,No,2005,,Teleriscaldamento,112.96,2005,,Teleriscaldamento,31.7,,,,,4227.0,App. Condominio
2019_103201_0009.xml,66,corso allamano 60,2019-04-04,G,207.64,0.57,39.02,83.86,Gas naturale,True,True,False,False,False,False,0,1,0,6,L219,-,1389,156,66,66,,1974,45.0661111111111,7.68222222222222,"45.0661111111111, 7.68222222222222",TORINO,E,0cappotto internofalse4C54.96C54.96,C,4.0,Triste,Triste,No,1992,PRINCIPALE,Caldaia standard,182.81,1111,Impianto 1...,Scalda-acqua a gas,24.83,,,,,17347.899999999998,N/D
2020_312661_0139.xml,66,Via Vittime di Bologna 9,2021-06-04,E,104.35,9.31,21.01,45.26,Gas naturale,True,True,False,False,False,False,0,1,3,1,L219,,1089,306,66,66,,1985,45.1016,7.7290,"45.1016, 7.7290",Torino,E,realizzazione cappotto,C,7.92,Triste,Triste,Sì,2007,,Caldaia a condensazione,86.14,2007,,Caldaia a condensazione,18.21,,,,,4803.84,Ed. Plurifam.
2021_204554_0002.xml,66,via scarsellini 12,2021-03-16,F,128.45,9.76,13.32,42.96,Energia elettrica da rete,False,False,False,False,False,False,0,1,6,5,L219,,1428,85,66,66,,1950,45.0667,7.6667,"45.0667, 7.6667",TORINO,E,				Sostituzione generatore per ACS,E,10.0,Triste,Triste,No,2019,,Teleriscaldamento,87.96,2000,,Pompa di calore,40.49,,,,,1431.93,N/D
2019_102351_0077.xml,660,"Vio Orvieto 1/7, Torino",2019-10-06,E,130.96,0.41,26.25,40.17,Teleriscaldamento,True,True,False,False,False,False,0,1,9,4,L219,,52,6,660,660,,2006,42.7185,12.1107,"42.7185, 12.1107",Torino,E,insuflaggio,E,11.88,Triste,Basita/o,No,2005,,Teleriscaldamento,101.02,2005,,Teleriscaldamento,29.94,,,,,3497.0,App. Condominio
2021_312661_0029.xml,669,"Vio Orvieto 5-7-9, Torino",2021-06-18,E,138.92,4.42,25.45,38.25,Teleriscaldamento,True,True,False,False,False,False,0,1,3,7,L219,,52,6,669,669,,2006,45.0915,7.6693,"45.0915, 7.6693",Torino,E,insuflaggio,D,12.11,Triste,Basita/o,No,2005,,Teleriscaldamento,117.35,2005,,Teleriscaldamento,21.57,,,,,4482.0,Ed. Plurifam.
2020_110567_0017.xml,67,Via Pirano 9,2020-10-15,F,274.02,4.54,58.65,40.48,Teleriscaldamento,False,False,False,False,False,False,0,1,4,1,L219,,1073,54,67,67,,1953,45.0667,7.6667,"45.0667, 7.6667",TORINO,E,				Sostituzione generatore per ACS,F,9.0,Triste,Triste,No,1983,,Teleriscaldamento,242.85,2000,,Scalda-acqua a gas,31.17,,,,,7828.982,N/D
2021_101746_0013.xml,67,CORSO ORBASSANO,2018-03-22,F,108.5,0.0,21.27,77.0,Gas naturale,True,True,False,False,False,False,0,1,3,7,L219,,1429,98,67,67,,1960,45.0338,7.6206,"45.0338, 7.6206",Torino,E,				INSUFFLAGGIO PARETI PERIMETRALI,E,8.0,Triste,Basita/o,No,2016,,Caldaia standard,78.46,2016,,Caldaia standard,30.04,,,,,7293.639999999999,Ed. Plurifam.
2022_204038_0040.xml,67,"Via Filadelfia, N°237 - TORINO",2022-04-07,C,112.84,9.43,22.59,88.31,Teleriscaldamento,True,True,True,False,False,False,0,1,7,2,L219,,1387,35,67,67,,1970,45.0461,7.6327,"45.0461, 7.6327",Torino,E,				Realizzazione coibentazione parete verso sud,B,16.0,Triste,Triste,No,1996,,Teleriscaldamento,65.14,2019,,Teleriscaldamento,18.06,2020,,Pompa di calore,29.64,9577.0,N/D
2022_205199_0127.xml,67,via reiss romoli 75,2021-10-02,G,228.71,24.6,49.41,70.15,Gas naturale,False,False,False,False,False,False,0,1,3,5,L219,,1079,156,67,67,,1977,45.1167,7.7167,"45.1167, 7.7167",TORINO,E,				Sostituzione componenti finestrati,F,14.0,Triste,Triste,No,2006,,Caldaia standard,149.78,2006,,Caldaia standard,78.93,,,,,12573.0022,Ed. Plurifam.
2019_101746_0010.xml,68,CORSO ORBASSANO 374,2019-06-18,G,207.55,0.0,40.22,82.0,Gas naturale,True,True,False,False,False,False,0,1,3,8,L219,,1429,98,68,68,,1960,45.0338,7.6206,"45.0338, 7.6206",Torino,E,				INSUFFLAGGIO PARETI PERIMETRALI,F,8.0,Triste,Triste,No,2016,,Caldaia a condensazione,178.36,2000,,Caldaia standard,29.19,,,,,15394.82,Ed. Plurifam.
2021_113184_0070.xml,68,via Fratelli Garrone 61/76A-F,2021-11-11,E,96.19,2.34,18.61,75.54,Teleriscaldamento,True,True,False,False,False,False,0,1,3,3,L219,,1488,78,68,68,,1966,45.0109,7.6506,"45.0109, 7.6506",Torino,E,coibentazione cassonetto,E,0.64,Triste,Triste,No,1996,,Teleriscaldamento,59.35,2018,,Caldaia standard,36.84,,,,,7584.48,Ed. Plurifam.
2022_208347_0306.xml,68,CORSO ALLAMANO 60,2022-01-04,E,104.34,10.43,21.33,99.9,Gas naturale,True,True,False,False,False,False,0,1,6,7,L219,0,1389,156,68,68,,1982,45.0661111111111,7.68222222222222,"45.0661111111111, 7.68222222222222",TORINO,E,ISOLAMENTO MURI PERIMETRALI,D,6.0,Triste,Triste,No,2021,PRINCIPALE,Caldaia a condensazione,54.26,2000,Impianto 1...,Scalda-acqua a gas,50.08,,,,,7954.719999999999,N/D
2019_102351_0080.xml,680,"Vio Orvieto 1/9, Torino",2019-10-06,E,147.17,0.46,29.5,57.59,Teleriscaldamento,True,True,False,False,False,False,0,1,9,2,L219,,52,6,680,680,,2006,45.0913,7.6701,"45.0913, 7.6701",Torino,E,insuflaggio,E,11.88,Triste,Basita/o,No,2005,,Teleriscaldamento,115.05,2005,,Teleriscaldamento,32.12,,,,,5634.0,App. Condominio
2022_312661_0103.xml,681,"Vio Orvieto 5-7-9, Torino",2022-07-20,E,144.23,3.57,28.95,64.17,Teleriscaldamento,True,True,False,False,False,False,0,1,3,3,L219,,52,6,681,681,,2006,45.0914,7.6693,"45.0914, 7.6693",Torino,E,insuflaggio,D,11.01,Triste,Triste,No,2005,,Teleriscaldamento,121.64,2005,,Teleriscaldamento,22.59,,,,,8051.0,Ed. Plurifam.
2020_113184_0024.xml,69,via Sidoli 34_36_TO,2020-12-03,E,118.78,0.4,37.57,72.79,Teleriscaldamento,True,True,False,False,False,False,0,1,3,3,L219,,1441,88,69,69,,1993,45.0248,7.6451,"45.0248, 7.6451",Torino,E,isolamento parete esterna,C,2.98,Triste,Triste,No,1997,,Teleriscaldamento,99.11,1997,,Teleriscaldamento,19.67,,,,,9083.0,Ed. Plurifam.
2020_208487_0052.xml,69,Strada del Portone 33,2020-09-25,C,98.29,0.0,19.66,36.86,Gas naturale,True,True,False,False,False,False,0,1,2,5,L219,,1432,137,69,69,,2010,45.116667,7.716667,"45.116667, 7.716667",Torino,E,0Intervento sulle strutture opachetrue14.3A154.88A154.88,A1,14.3,Triste,Triste,No,2015,BONGIOANNI LINEA ISY,Caldaia standard,75.42,2015,BONGIOANNI LINEA ISY,Caldaia standard,22.87,,,,,3628.1,N/D
2022_101746_0044.xml,69,CORSO ORBASSANO 374,2022-08-17,G,207.26,0.0,40.21,76.0,Gas naturale,True,True,False,False,False,False,0,1,9,8,L219,,1429,98,69,69,,1960,45.0338,7.6206,"45.0338, 7.6206",Torino,E,				INSUFFLAGGIO PARETI PERIMETRALI,F,8.0,Triste,Triste,No,2016,,Caldaia a condensazione,177.42,2000,,Caldaia standard,29.84,,,,,14191.019999999999,App. Condominio
2022_312661_0032.xml,69,Via Vittime di Bologna 5,2022-04-22,D,84.1,8.0,16.93,45.85,Gas naturale,True,True,False,False,False,False,0,1,3,1,L219,,1089,306,69,69,,1985,45.1011,7.7292,"45.1011, 7.7292",Torino,E,realizzazione cappotto,C,7.99,Triste,Basita/o,Sì,2007,,Caldaia a condensazione,63.19,2007,,Caldaia a condensazione,20.91,,,,,3945.64,Ed. Plurifam.
2019_102351_0081.xml,691,"Vio Orvieto 1/9, Torino",2019-10-06,F,200.05,0.67,40.11,52.78,Teleriscaldamento,True,True,False,False,False,False,0,1,9,7,L219,,52,6,691,691,,2006,45.0913,7.6701,"45.0913, 7.6701",Torino,E,insuflaggio,E,11.88,Triste,Basita/o,No,2005,,Teleriscaldamento,166.84,2005,,Teleriscaldamento,33.21,,,,,7016.0,App. Condominio
2019_102351_0079.xml,692,"Vio Orvieto 1/9, Torino",2019-10-06,F,216.89,0.75,43.49,31.66,Teleriscaldamento,True,True,False,False,False,False,0,1,9,8,L219,,52,6,692,692,,2006,42.7185,12.1107,"42.7185, 12.1107",Torino,E,insuflaggio,E,11.88,Triste,Basita/o,No,2005,,Teleriscaldamento,187.12,2005,,Teleriscaldamento,29.77,,,,,4563.0,App. Condominio
2022_210180_0203.xml,693,VIA PIANEZZA 66,2022-03-11,B,92.17,6.67,19.43,74.55,Gas naturale,True,True,True,False,False,False,0,1,3,1,L219,,1150,316,693,693,,2006,45.08854,7.68363,"45.08854, 7.68363",TORINO,E,1Sostituzione infissifalse26A185.52A185.52,A1,26.0,Triste,Triste,No,2006,CLIMATIZZATORE N. 1,Pompa di calore,37.14,2006,GENERATORE DI CALORE,Caldaia standard,27.36,2006,CLIMATIZZATORE N. 1,Pompa di calore,27.67,5878.9,Ed. Plurifam.
2019_102341_0006.xml,7,Via Garibaldi 25,2019-02-28,D,157.01,10.66,32.99,5988.59,Gas naturale,True,True,False,False,True,True,1,2,9,,L219,,1245,156,7,7,,1900,45.0731,7.6794,"45.0731, 7.6794",Torino,E,				Sostituzione serramenti,D,35.03,Triste,Basita/o,No,2018,,Caldaia a condensazione,128.09,2014,,Boiler elettrico,6.52,,,,,778999.94,App. Condominio
2019_112837_0002.xml,7,VIA BOLOGNA 137,2019-01-17,F,172.89,0.59,34.66,61.0,Gas naturale,True,True,False,False,False,False,0,1,3,1,L219,,1188,11,7,7,,1900,45.086893,7.705,"45.086893, 7.705",TORINO,E,0Intervento su componenti opachifalse7E110.581Intervento su infissifalse23F152.09C77.20,E,7.0,Triste,Basita/o,No,2010,Generatore a combustione,Caldaia standard,136.17,1998,Scaldacqua,Scalda-acqua a gas,36.72,,,,,10493.119999999999,Ed. Plurifam.
2019_113118_0048.xml,7,via sansovino 90bis,2019-10-31,E,158.76,0.33,63.44,37.72,Teleriscaldamento,True,True,False,False,False,False,0,1,9,3,L219,,1073,6,7,7,,1958,45.066111,7.682222,"45.066111, 7.682222",TORINO,E,0Isolamento del solaio sottotettofalse15D127.10D127.10,D,15.0,Triste,Triste,No,1983,Sottocentrale di teleriscaldamento,Teleriscaldamento,114.35,2000,Scaldacqua a metano,Scalda-acqua a gas,44.41,,,,,8524.86,App. Condominio
2019_200542_0067.xml,7,Via Giovenale Ancina 50,2019-05-21,G,147.55,12.45,29.46,76.57,Gas naturale,True,True,False,False,False,False,0,1,3,3,L219,0,1133,12,7,7,,1960,45.0661111111111,7.68222222222222,"45.0661111111111, 7.68222222222222",TORINO,E,1Installazione serramenti a basso emissivofalse30F124.110Isolamento strutture opache verticalifalse20E104.25D82.56,F,30.0,Triste,Triste,No,2014,,Caldaia a condensazione,97.16,2015,,Boiler elettrico,50.39,,,,,9385.599999999999,Ed. Plurifam.
2019_212533_0285.xml,7,Viale dei Mughetti 29BIS,2019-10-28,D,102.5,0.0,41.43,57.75,Teleriscaldamento,True,True,False,False,False,False,0,1,4,0,L219,0,1069,150,7,7,,1965,45.1039214,7.6266908,"45.1039214, 7.6266908",TORINO,E,0coibentazione pareti freddefalse5C77.66C77.66,C,5.0,Triste,Triste,No,2000,PRINCIPALE,Teleriscaldamento,72.63,2010,ACS,Scalda-acqua a gas,29.87,,,,,8429.56,N/D
2020_102099_0028.xml,7,Via Pianezza snc,2020-09-25,G,270.19,2.5,74.82,62.55,Teleriscaldamento,False,False,False,False,False,False,0,1,3,3,L219,,1121,41,7,7,,1980,45.095299,7.645926,"45.095299, 7.645926",TORINO,E,Insufflaggio pareti esterne,G,5.0,Triste,Triste,No,2015,Teleriscaldamento,Teleriscaldamento,244.23,2000,Scalda-acqua autonomo istantaneo a gas,Scalda-acqua a gas,25.96,,,,,15894.16,Ed. Plurifam.
2020_102099_0091.xml,7,VIABORGO TICINO 15,2020-08-18,E,99.24,1.26,20.03,102.8,Gas naturale,False,False,False,False,False,False,0,1,3,1,L219,=,1080,176,7,7,,1985,45.106046,7.6952690,"45.106046, 7.6952690",Torino,E,isolamento perimetrale,C,10.0,Triste,Triste,No,2016,,Caldaia a condensazione,75.53,2010,,Caldaia a condensazione,23.71,,,,,11049.96,Ed. Plurifam.
2020_102099_0159.xml,7,CORSO AGNELLI 105,2020-12-31,F,185.1,1.25,37.2,51.0,Teleriscaldamento,False,False,False,False,False,False,0,1,3,1,L219,=,1425,80,7,7,,1920,45.035815,7.6441370,"45.035815, 7.6441370",Torino,E,isolamento perimetrale,E,10.0,Triste,Triste,No,2016,,Teleriscaldamento,134.04,2005,,Caldaia standard,51.06,,,,,7306.219999999999,Ed. Plurifam.
2020_102099_0162.xml,7,VIA ANTINORI 3,2020-12-31,E,135.42,2.13,27.4,59.3,Gas naturale,False,False,False,False,False,False,0,1,3,3,L219,=,1349,159,7,7,,1932,45.053484,7.6668840,"45.053484, 7.6668840",Torino,E,isolamento perimetrale,D,10.0,Triste,Triste,No,2016,,Caldaia a condensazione,89.38,2005,,Caldaia standard,46.04,,,,,8639.48,Ed. Plurifam.
2020_109395_0082.xml,7,VIA PAGANINI 36,2017-01-10,F,145.4,13.8,29.25,59.1,Gas naturale,True,True,False,False,False,False,0,1,7,2,L219,0,1188,8,7,7,,1945,45.1930555555556,8.1025,"45.1930555555556, 8.1025",TORINO,E,4SOSTITUZIONE BOILER ELETTRICOfalse4E106.90E106.90,E,4.0,Triste,Sorridente,No,2010,PRINCIPALE,Caldaia standard,88.37,2000,ACS autonomo,Boiler elettrico,57.03,,,,,6953.5,N/D
2021_102099_0006.xml,7,VIA DE CANAL 37,2020-12-31,F,199.02,0.89,39.94,73.9,Teleriscaldamento,False,False,False,False,False,False,0,1,3,3,L219,=,1426,357,7,7,,1968,45.034019,7.6411970,"45.034019, 7.6411970",Torino,E,isolamento perimetrale,C,10.0,Triste,Triste,No,1998,,Teleriscaldamento,172.01,2005,,Caldaia standard,27.01,,,,,10532.42,Ed. Plurifam.
2021_106141_0033.xml,7,Via Buscaglioni 17,2021-12-27,G,201.34,11.27,41.95,42.16,Gas naturale,True,True,False,False,False,False,0,1,9,1,L219,,1212,97,7,7,,1940,45.0766,7.7009,"45.0766, 7.7009",Torino,E,Sostituzione serramenti,F,20.74,Triste,Triste,No,2016,,Caldaia a condensazione,161.27,2016,Caldaia elettrica,Caldaia elettrica,40.07,,,,,7213.5599999999995,App. Condominio
2021_313821_0135.xml,7,Via Gallina 3/10,2022-03-23,F,297.05,1.11,59.57,45.2,Teleriscaldamento,True,True,False,False,False,False,0,1,3,3,L219,,1145,6,7,7,,1930,45.0917,7.7093,"45.0917, 7.7093",Torino,E,coibentazione involucro opaco,E,3.7,Triste,Sorridente,No,2015,,Teleriscaldamento,259.95,2015,,Teleriscaldamento,37.1,,,,,8919.0,Ed. Plurifam.
2021_313821_0141.xml,7,Via Gallina 3/16,2022-03-23,F,310.33,1.08,62.23,42.78,Teleriscaldamento,True,True,False,False,False,False,0,1,3,3,L219,,1145,2,7,7,,1930,45.0917,7.7093,"45.0917, 7.7093",Torino,E,coibentazione involucro opaco,E,3.7,Triste,Triste,No,2015,,Teleriscaldamento,274.41,2015,,Teleriscaldamento,35.92,,,,,8821.0,Ed. Plurifam.
2022_109289_0005.xml,7,"Piazza San Giovanni, 5",2022-04-27,A2,83.12,88.82,19.61,10894.48,Energia elettrica da rete,True,False,True,False,True,True,1,0,3,0,L219,,1246,18,7,4,,1960,45.0738,7.6843,"45.0738, 7.6843",Torino,E,Installazione Fotovoltaico,A2,14.7,Triste,Basita/o,No,2021,,Pompa di calore,23.97,,,,,2021,,Pompa di calore,9.61,464360.0,Ed. Plurifam.
2022_213941_0005.xml,7,"FRANCESCO CILEA, 2 2",2022-11-14,F,333.19,1.74,66.9,67.31,Gas naturale,False,False,False,False,False,False,0,1,6,3,L219,,1131,70,7,7,,1960,45.1167,7.7167,"45.1167, 7.7167",TORINO,E,				SOSTITUZIONE INFISSI,F,10.0,Triste,Triste,No,2006,,Caldaia a condensazione,280.71,2017,,Boiler elettrico,52.48,,,,,22229.310800000003,N/D
2020_113184_0025.xml,70,via Sidoli 34_36_TO,2020-12-03,E,130.53,0.44,41.29,72.96,Teleriscaldamento,True,True,False,False,False,False,0,1,3,4,L219,,1441,88,70,70,,1993,45.0248,7.6451,"45.0248, 7.6451",Torino,E,isolamento parete esterna,C,2.98,Triste,Triste,No,1997,,Teleriscaldamento,110.88,1997,,Teleriscaldamento,19.65,,,,,10006.0,Ed. Plurifam.
2021_113184_0079.xml,70,Via Artom 55,2021-08-11,F,133.53,3.24,25.69,75.01,Teleriscaldamento,True,True,False,False,False,False,0,1,3,4,L219,,1488,14,70,70,,1966,45.0131,7.6494,"45.0131, 7.6494",Torino,E,sostituzione del generatore di calore per acqua calda sanitaria,E,4.83,Triste,Basita/o,No,1996,,Teleriscaldamento,91.06,2013,,Caldaia standard,42.47,,,,,10596.14,Ed. Plurifam.
2022_113184_0121.xml,70,via Scarsellini 12,2022-10-10,E,222.52,18.78,69.09,48.51,Teleriscaldamento,True,True,False,False,False,False,0,1,3,0,L219,,1428,85,70,70,,1949,45.0351,7.6301,"45.0351, 7.6301",Torino,E,coibentazione soffitto cantina,D,10.0,Triste,Triste,No,1988,,Teleriscaldamento,162.57,2015,,Boiler elettrico,59.95,,,,,10349.0,Ed. Plurifam.
2022_113184_0127.xml,70,"Via Artom, 81/13_14_15_16_17",2022-11-10,F,154.05,2.85,29.99,72.65,Teleriscaldamento,True,True,False,False,False,False,0,1,3,4,L219,,1488,77,70,70,,1966,45.0112,7.6498,"45.0112, 7.6498",Torino,E,installazione fotovoltaico,F,10.85,Triste,Basita/o,No,1996,,Teleriscaldamento,75.56,2020,,Caldaia standard,78.49,,,,,11486.68,Ed. Plurifam.
2022_201205_0003.xml,70,via Pergolesi 105,2022-10-25,G,318.08,6.87,59.46,52.39,Teleriscaldamento,True,True,False,False,False,False,0,1,3,6,L219,urb,1132,91,70,70,,1960,45.0661111111111,7.68222222222222,"45.0661111111111, 7.68222222222222",TORINO,E,sostituzione serramenti,G,2.0,Triste,Triste,No,2012,PRINCIPALE,Teleriscaldamento,289.01,2012,Impianto 1...,Scalda-acqua a gas,29.07,,,,,18648.82,Ed. Plurifam.
2019_101746_0021.xml,71,CORSO ORBASSANO 376,2019-11-21,G,165.37,0.0,32.15,83.0,Gas naturale,True,True,False,False,False,False,0,1,9,1,L219,,1429,98,71,71,,1960,45.0338,7.6206,"45.0338, 7.6206",Torino,E,				INSUFFLAGGIO PARETI PERIMETRALI,F,8.0,Triste,Triste,No,2016,,Caldaia a condensazione,136.0,2000,,Caldaia standard,29.37,,,,,12288.359999999999,App. Condominio
2019_113118_0060.xml,71,via sansovino 98/56,2020-01-14,E,227.11,0.22,68.57,49.43,Teleriscaldamento,True,True,False,False,False,False,0,1,9,0,L219,,1073,7,71,71,,1950,45.100412,7.638672,"45.100412, 7.638672",TORINO,E,1sostituzione serramentifalse26E203.15E203.15,E,26.0,Triste,Triste,No,1983,Teleriscaldamento,Teleriscaldamento,197.65,1995,scaldacqua a metano,Scalda-acqua a gas,29.46,,,,,11776.18,App. Condominio
2020_200297_0017.xml,71,Via Sansovino 90/35,2020-11-02,E,177.0,0.0,72.26,53.42,Teleriscaldamento,False,False,False,False,False,False,0,1,3,3,L219,,1073,13,71,71,,1960,45.0667,7.6667,"45.0667, 7.6667",TORINO,E,				Isolamento solaio,D,7.0,Triste,Triste,No,1983,,Teleriscaldamento,131.82,2015,,Caldaia standard,45.18,,,,,13716.1866,Ed. Plurifam.
2019_102351_0117.xml,72,Largo Cigna 72,2019-06-25,D,164.63,1.07,33.08,37.23,Gas naturale,True,True,False,False,False,False,0,1,3,1,L219,,1183,220,72,72,,2004,45.0872,7.6879,"45.0872, 7.6879",Torino,E,coibentazione involucro opaco,C,13.34,Triste,Basita/o,No,2006,,Caldaia standard,137.59,2006,,Caldaia standard,27.04,,,,,5760.74,Ed. Plurifam.
2021_113184_0064.xml,72,"Via Artom, 81/13_14_15_16_17",2021-09-11,F,161.98,3.13,31.43,72.65,Teleriscaldamento,True,True,False,False,False,False,0,1,3,5,L219,,1488,77,72,72,,1966,45.0112,7.6498,"45.0112, 7.6498",Torino,E,sostituzione generatore di calore per acqua calda sanitaria,E,9.16,Triste,Basita/o,No,1996,,Teleriscaldamento,86.73,2013,,Caldaia standard,75.25,,,,,12173.06,Ed. Plurifam.
2021_212533_0147.xml,72,VIA PERGOLESI GIAMBATTISTA 105,2021-06-29,C,73.4,0.0,21.64,75.26,Teleriscaldamento,True,True,False,False,False,False,0,1,7,2,L219,0,1132,91,72,72,,1968,45.0953371,7.7082979,"45.0953371, 7.7082979",TORINO,E,coibentazione pareti fredde,C,4.0,Triste,Triste,No,2014,PRINCIPALE,Teleriscaldamento,46.83,2014,acs,Scalda-acqua a gas,26.57,,,,,6068.88,N/D
2022_113184_0141.xml,72,Via Fratelli Garrone 74_5_6_7_8,2022-10-24,D,123.01,3.11,23.66,72.74,Teleriscaldamento,True,True,False,False,False,False,0,1,3,5,L219,,1488,72,72,72,,1966,45.0128,7.6499,"45.0128, 7.6499",Torino,E,installazione fotovoltaico,D,3.92,Triste,Basita/o,No,1996,,Teleriscaldamento,85.39,2013,,Caldaia standard,37.62,,,,,9476.72,Ed. Plurifam.
2022_312661_0033.xml,72,Via Vittime di Bologna 5,2022-04-22,D,84.75,8.01,17.06,45.83,Gas naturale,True,True,False,False,False,False,0,1,3,2,L219,,1089,306,72,72,,1985,45.1011,7.7292,"45.1011, 7.7292",Torino,E,realizzazione cappotto,C,7.99,Triste,Triste,Sì,2007,,Caldaia a condensazione,63.84,2007,,Caldaia a condensazione,20.91,,,,,3964.52,Ed. Plurifam.
2022_313821_0056.xml,72,Via Bioglio 24,2022-04-08,E,177.87,1.22,35.75,54.08,Gas naturale,True,True,False,False,False,False,0,1,9,1,L219,,1186,167,72,72,,1999,45.0869,7.6965,"45.0869, 7.6965",Torino,E,REALIZZAZIONE DI CAPPOTTO ESTERNO,D,10.46,Triste,Basita/o,No,2019,,Caldaia a condensazione,147.0,2019,,Caldaia a condensazione,30.87,,,,,9046.24,App. Condominio
2021_103137_0007.xml,73,via Treviso 22,2021-03-19,D,234.35,15.54,49.19,176.54,Gas naturale,True,True,True,False,True,False,1,1,9,0,L219,,1153,130,73,73,,2002,45.0872,7.6689,"45.0872, 7.6689",Torino,E,				MIGLIORAMENTO PRESTAZIONI SUPERFICI VETRATE,B,15.0,Triste,Triste,No,2002,,Caldaia standard,173.32,2002,,Boiler elettrico,6.52,2002,,Pompa di calore,36.25,34395.619999999995,App. Condominio
2022_113184_0036.xml,73,Via Fratelli Garrone 74_5_6_7_8,2022-04-28,F,153.9,3.66,29.75,55.07,Teleriscaldamento,True,True,False,False,False,False,0,1,3,6,L219,,1488,72,73,73,,1966,45.0128,7.6499,"45.0128, 7.6499",Torino,E,coibentazione cassonetti,F,1.78,Triste,Triste,No,1996,,Teleriscaldamento,95.92,2005,,Caldaia standard,57.98,,,,,8859.14,Ed. Plurifam.
2019_211473_0006.xml,735,VIA DEFENDENTE DE FERRARI 6 1,2019-04-20,D,85.64,0.0,1.23,56.87,Teleriscaldamento,False,False,False,False,False,False,0,1,3,5,L219,N.D.,1153,131,735,735,,2007,45.087928,7.666727,"45.087928, 7.666727",Torino,E,"La Legge di Bilancio 2019 (Legge, 30/12/2018 nÂ° 145) ha prorogato al 31 dicembre 2019 le Detrazioni Fiscali del 65%",D,305.0,Triste,Basita/o,No,2013,TeleRiscaldamento,Teleriscaldamento,52.26,2007,TeleRiscaldamento,Teleriscaldamento,33.38,,,,,292.0,Ed. Plurifam.
2022_110134_0042.xml,736,Via Defendente ferrari 6,2022-09-18,C,65.63,0.29,12.97,43.66,Teleriscaldamento,True,True,False,False,False,False,0,1,9,5,L219,,1153,131,736,736,,2007,45.0882,7.6667,"45.0882, 7.6667",Torino,E,Cappotto,C,15.77,Triste,Basita/o,No,2013,,Teleriscaldamento,47.62,2013,,Teleriscaldamento,18.01,,,,,3305.0,App. Condominio
2021_101746_0027.xml,74,CORSO ORBASSANO 370,2021-09-27,F,123.08,0.0,24.14,63.0,Gas naturale,True,True,False,False,False,False,0,1,9,8,L219,,1429,98,74,74,,1960,45.0338,7.6206,"45.0338, 7.6206",Torino,E,				INSUFFLAGGIO PARETI PERIMETRALI,E,8.0,Triste,Triste,No,2016,,Caldaia a condensazione,91.01,2000,,Caldaia standard,32.07,,,,,6767.5199999999995,App. Condominio
2018_201437_0003.xml,740,VIA  DE FERRARI N.6,2019-01-14,D,175.32,0.04,22.28,89.11,Teleriscaldamento,True,True,False,False,False,False,0,1,3,7,L219,,1153,131,740,740,,2007,45.0871,7.6640,"45.0871, 7.6640",Torino,E,				SOSTITUZIONE VALVOLE  TERMOSTATICHE,D,3.0,Triste,Basita/o,No,2007,,Teleriscaldamento,161.24,2007,,Teleriscaldamento,14.08,,,,,16522.0,Ed. Plurifam.
2019_209322_0003.xml,745,Via Defendente 4,2019-12-09,E,137.16,0.0,27.43,56.14,Teleriscaldamento,True,True,False,False,False,False,0,1,6,1,L219,,1153,131,745,745,,2016,45.088079,7.66688,"45.088079, 7.66688",TORINO,E,1Intervento su infissifalse26E132.34E132.34,E,26.0,Triste,Basita/o,No,2013,Nuovo Teleriscaldamento ...,Teleriscaldamento,86.85,2007,Nuovo Scaldacqua ...,Scalda-acqua a gas,50.31,,,,,6082.9,N/D
2020_207949_0185.xml,747,VIA DEFENDENTE 4,2020-10-14,D,90.04,136.83,53.81,49.65,Teleriscaldamento,True,True,False,False,False,False,0,1,3,4,L219,-,1153,131,747,747,,2006,45.0661111111111,7.68222222222222,"45.0661111111111, 7.68222222222222",TORINO,E,0ISOLAMENTO PARETI ESTERNE VERSO AMBIENTI NON RISCALDATIfalse22C56.34C56.34,C,22.0,Triste,Triste,No,2013,PRINCIPALE,Teleriscaldamento,78.08,2013,PRINCIPALE,Teleriscaldamento,11.96,,,,,7849.0,Ed. Plurifam.
2020_213231_0006.xml,747,VIA DEFENDENTE DE FERRARI 4,2020-09-17,D,130.8,3.61,41.17,76.39,Teleriscaldamento,True,True,True,False,False,False,0,1,7,2,L219,-,1153,131,747,747,,2006,45.0661111111111,7.68222222222222,"45.0661111111111, 7.68222222222222",TORINO,E,0ISOLAMENTO PARETI ESTERNE CON ISUFFLAGGIOtrue8B81.24B81.24,B,8.0,Triste,Triste,No,2013,PRINCIPALE,Teleriscaldamento,80.76,2013,PRINCIPALE,Teleriscaldamento,35.08,2017,Impianto 1...,Pompa di calore,14.96,9949.0,N/D
2019_205195_0022.xml,749,VIA DE FERRARI DEFENDENTE 4,2017-01-10,D,79.19,0.0,23.29,71.78,Teleriscaldamento,True,True,False,False,False,False,0,2,3,5,L219,U,1153,131,749,749,,2007,45.0880789,7.6668796,"45.0880789, 7.6668796",TORINO,E,2INSTALLAZIONE TERMOVALVOLEfalse4D75.31D75.31,D,4.0,Triste,Triste,No,2007,PRINCIPALE,Teleriscaldamento,38.87,2007,PRINCIPALE,Teleriscaldamento,40.32,,,,,5414.0,Ed. Plurifam.
2022_113184_0139.xml,75,Via Artom 55,2022-10-24,E,154.1,16.74,31.75,54.32,Teleriscaldamento,True,True,False,False,False,False,0,1,3,7,L219,,1488,14,75,75,,1966,45.0130,7.6493,"45.0130, 7.6493",Torino,E,installazione solare fotovoltaico,E,4.31,Triste,Triste,No,1996,,Teleriscaldamento,95.22,2020,,Boiler elettrico,58.88,,,,,7448.0,Ed. Plurifam.
2021_206052_0159.xml,750,Via Defendente De Ferrari 4,2021-08-04,B,123.65,10.9,33.11,64.55,Teleriscaldamento,True,True,True,False,False,False,0,1,3,5,L219,0,1153,131,750,750,,2008,45.0661111111111,7.68222222222222,"45.0661111111111, 7.68222222222222",TORINO,E,Installazione fonti rinnovabili,A1,7.0,Triste,Basita/o,No,2013,PRINCIPALE,Teleriscaldamento,47.67,2013,PRINCIPALE,Teleriscaldamento,30.75,2017,Impianto 4...,Pompa di calore,45.23,6317.0,Ed. Plurifam.
2020_102099_0024.xml,76,Via Pianezza 159,2020-09-21,G,316.98,57.01,45.87,55.33,Energia elettrica da rete,False,False,False,False,False,False,0,1,3,0,L219,,1121,41,76,76,,1980,45.095510,7.645255,"45.095510, 7.645255",TORINO,E,Insufflaggio pareti esterne,G,5.0,Triste,Triste,No,2015,Teleriscaldamento,Teleriscaldamento,84.02,2000,Boiler elettrico,Boiler elettrico,232.96,,,,,10952.0,Ed. Plurifam.
2021_207949_0309.xml,76,VIA PIETRACQUA 21,2021-07-12,D,95.13,1.68,18.08,61.0,Gas naturale,True,True,False,False,False,False,0,1,3,2,L219,-,1144,14,76,76,,1960,45.0661111111111,7.68222222222222,"45.0661111111111, 7.68222222222222",TORINO,E,COIBENTAZIONE PARETI VERTICALI VERSO AMBIENTI NON RISCALDATI,C,25.0,Triste,Basita/o,No,2019,PRINCIPALE,Caldaia standard,64.29,2019,PRINCIPALE,Caldaia standard,30.84,,,,,5604.48,Ed. Plurifam.
2022_101746_0015.xml,76,corso orbassano 376,2022-08-04,F,130.77,0.0,25.64,58.0,Gas naturale,True,True,False,False,False,False,0,1,9,4,L219,,1429,98,76,76,,1960,45.0338,7.6206,"45.0338, 7.6206",Torino,E,				INSUFFLAGGIO PARETI PERIMETRALI,E,8.0,Triste,Triste,No,2016,,Caldaia a condensazione,97.71,2000,,Caldaia standard,33.06,,,,,6621.299999999999,App. Condominio
2020_201227_0055.xml,763,CORSO UMBRIA 62,2020-03-08,D,151.78,0.0,30.36,103.98,,False,False,False,False,False,False,0,1,4,5,L219,,1153,131,763,763,,2007,45.0667,7.6667,"45.0667, 7.6667",TORINO,E,				Isolamento strutture opache verticali verso l'esterno,D,24.0,Triste,Triste,No,2007,,Teleriscaldamento,142.67,2007,,Teleriscaldamento,9.11,,,,,,N/D
2022_212489_0024.xml,764,C.SO UMBRIA 62,2022-07-04,D,158.62,6.2,32.65,85.03,Teleriscaldamento,False,False,False,False,False,False,0,1,3,5,L219,,1153,131,764,764,,2007,45.1167,7.7167,"45.1167, 7.7167",TORINO,E,				INSTALLAZIONE CALDAIA AUTONOMA A CONDENSAZIONE,B,5.0,Triste,Triste,No,2007,,Teleriscaldamento,74.33,2007,,Teleriscaldamento,58.56,2010,,Pompa di calore,25.73,8655.64,Ed. Plurifam.
2022_209507_0070.xml,765,VIA ANTONELLO MESSINA 7,2022-05-07,E,220.62,17.19,46.68,91.0,Gas naturale,False,False,False,False,False,False,0,0,0,0,L219,,1153,132,765,765,,2004,45.0667,7.6667,"45.0667, 7.6667",TORINO,E,				ULTERIORE ISOLAMENTO INVOLUCRO EDILIZIO,D,10.0,Triste,Basita/o,No,2004,,31,161.51,2004,,31,59.11,,,,,16937.8428,N/D
2019_209693_0002.xml,77,VIA AOSTA 29/A,2019-01-23,C,64.73,0.0,12.95,56.0,Gas naturale,True,True,False,False,False,False,0,1,6,5,L219,,1184,10,77,77,,1978,45.066111,45.066111,"45.066111, 45.066111",TORINO,E,0Intervento su componenti opachifalse27E94.921Intervento su infissifalse1D91.65C62.69,E,27.0,Triste,Basita/o,No,1000,CALDAIA,Caldaia a condensazione,41.62,1000,CALDAIA,Caldaia a condensazione,23.11,,,,,3628.1,N/D
2020_102099_0063.xml,77,Via Pianezza snc,2020-09-30,G,316.73,57.48,45.7,54.09,Energia elettrica da rete,False,False,False,False,False,False,0,1,3,0,L219,,1121,41,77,77,,1980,45.095510,7.645255,"45.095510, 7.645255",TORINO,E,Insufflaggio pareti esterne,G,5.0,Triste,Triste,No,2015,Teleriscaldamento,Teleriscaldamento,81.72,2000,Boiler elettrico,Boiler elettrico,235.01,,,,,10647.0,Ed. Plurifam.
2020_113184_0020.xml,77,via Sidoli 34_36_TO,2020-12-03,E,196.15,0.64,62.05,73.47,Teleriscaldamento,True,True,False,False,False,False,0,1,3,1,L219,,1441,88,77,77,,1993,45.0248,7.6451,"45.0248, 7.6451",Torino,E,isolamento parete esterna,D,2.98,Triste,Triste,No,1997,,Teleriscaldamento,176.54,1997,,Teleriscaldamento,19.61,,,,,15143.0,Ed. Plurifam.
2020_312661_0026.xml,77,Via Vittime di Bologna 5,2020-03-25,E,84.96,0.63,17.09,43.71,Gas naturale,True,True,False,False,False,False,0,1,3,3,L219,,1089,306,77,77,,1985,45.1016,7.7289,"45.1016, 7.7289",Torino,E,realizzazione cappotto,D,8.09,Triste,Triste,No,2007,,Caldaia a condensazione,60.51,2007,,Caldaia a condensazione,24.45,,,,,3487.2999999999997,Ed. Plurifam.
2021_113184_0092.xml,77,via Santa Chiara 10 Torino,2021-11-24,E,108.1,1.66,21.87,41.03,Gas naturale,True,True,False,False,False,False,0,1,5,4,L219,,209,128,77,77,,1983,45.0753,7.6812,"45.0753, 7.6812",Torino,E,sostituzione serramenti,D,18.48,Triste,Triste,No,2017,,Caldaia a condensazione,75.52,2017,,Caldaia a condensazione,32.58,,,,,4101.12,N/D
2021_206052_0160.xml,779,Via Antonello Da Messina 5,2021-08-04,C,74.7,2.09,14.31,50.63,Gas naturale,True,True,False,False,False,False,0,1,3,7,L219,0,1153,132,779,779,,2004,45.0661111111111,7.68222222222222,"45.0661111111111, 7.68222222222222",TORINO,E,Installazione fonti rinnovabili,B,7.0,Triste,Basita/o,No,2004,PRINCIPALE,Caldaia a condensazione,47.93,2004,PRINCIPALE,Caldaia a condensazione,26.77,,,,,3574.7799999999997,Ed. Plurifam.
2019_200193_0006.xml,78,via aosta 29,2019-01-23,F,187.7,13.88,39.61,28.33,Gas naturale,True,True,False,False,False,False,0,1,2,4,L219,,1184,10,78,78,,1960,45.1167,7.7167,"45.1167, 7.7167",Torino,E,0Intervento sulle strutture opachefalse7.4E144.731Intervento sui serramentifalse16.5F169.64D129.46,E,7.4,Triste,Basita/o,No,2012,PARADIGMA ECO GAS 610,Caldaia standard,130.18,2010,Generatore a energia elettrica_1,Boiler elettrico,57.52,,,,,4524.74,N/D
2020_113184_0021.xml,78,via Sidoli 34_36_TO,2020-12-03,E,119.91,0.4,37.93,72.84,Teleriscaldamento,True,True,False,False,False,False,0,1,3,2,L219,,1441,88,78,78,,1993,45.0248,7.6451,"45.0248, 7.6451",Torino,E,isolamento parete esterna,C,2.98,Triste,Triste,No,1997,,Teleriscaldamento,100.25,1997,,Teleriscaldamento,19.66,,,,,9176.0,Ed. Plurifam.
2020_207949_0012.xml,78,Corso Canonico Giuseppe Allamano 60/B,2020-08-02,D,80.66,1.9,15.4,99.6,Gas naturale,True,True,False,False,False,False,0,1,2,8,L219,-,1389,156,78,78,,1980,45.0510265,7.6238838,"45.0510265, 7.6238838",TORINO,E,0Coibentazione muratura esterna tramite insuflaggio.false10C64.56C64.56,C,10.0,Triste,Triste,No,1992,PRINCIPALE,Caldaia standard,41.29,2015,ACS autonomo,Caldaia standard,39.37,,,,,7667.139999999999,N/D
2020_312661_0140.xml,78,"Largo Cigna 72, Via Cuneo 31-33-35",2021-08-04,E,124.91,0.96,25.13,42.0,Gas naturale,True,True,False,False,False,False,0,1,3,2,L219,,1183,220,78,78,,2004,45.0870,7.6822,"45.0870, 7.6822",Torino,E,Sostituzione del generatore di calore per Riscaldamento con caldaia a condensazione,D,5.68,Triste,Basita/o,No,2006,,Caldaia standard,93.28,2006,,Caldaia standard,31.63,,,,,4926.78,Ed. Plurifam.
2021_113184_0083.xml,78,Via Fratelli Garrone 74_5_6_7_8,2021-04-11,E,139.35,3.27,26.86,71.84,Teleriscaldamento,True,True,False,False,False,False,0,1,3,8,L219,,1488,72,78,78,,1966,45.0128,7.6499,"45.0128, 7.6499",Torino,E,sostituzione del generatore di calore per acqua calda sanitaria,E,7.61,Triste,Basita/o,No,1996,,Teleriscaldamento,91.05,2013,,Caldaia standard,48.3,,,,,10541.52,Ed. Plurifam.
2021_113184_0116.xml,78,Via Artom 55,2021-12-23,E,108.34,2.72,20.9,74.89,Teleriscaldamento,True,True,False,False,False,False,0,1,3,8,L219,,1488,14,78,78,,1966,45.0130,7.6494,"45.0130, 7.6494",Torino,E,coibentazione cassonetti,E,0.67,Triste,Basita/o,No,1996,,Teleriscaldamento,71.33,2013,,Caldaia standard,37.01,,,,,8526.54,Ed. Plurifam.
2021_205065_0003.xml,78,via monte pasubio 21/B,2021-05-20,E,120.34,0.0,22.44,100.42,Teleriscaldamento,False,False,False,False,False,False,0,1,0,6,L219,,1439,94,78,78,,1970,45.1167,7.7167,"45.1167, 7.7167",TORINO,E,				Sostituzione componenti finestrati,E,13.0,Triste,Triste,No,2019,,Teleriscaldamento,100.68,2019,,Teleriscaldamento,19.66,,,,,14084.41,N/D
2021_108752_0016.xml,79,VIA PIRANO 9,2022-11-02,E,171.48,0.11,34.31,38.0,Teleriscaldamento,True,True,False,False,False,False,0,1,3,1,L219,,1073,54,79,79,,1960,45.101523,7.645513,"45.101523, 7.645513",TORINO,E,1Intervento su infissifalse26E158.54E158.54,E,26.0,Basita/o,Basita/o,No,2016,TELERISCALDAMENTO,Teleriscaldamento,128.49,2016,TELERISCALDAMENTO,Teleriscaldamento,42.99,,,,,4342.0,Ed. Plurifam.
2020_205351_0034.xml,791,VIA DE FERRARI DEFENDENTE 7,2020-07-24,C,96.85,6.55,20.35,44.0,Gas naturale,False,False,False,False,False,False,0,1,6,3,L219,,1153,132,791,791,,2005,45.0667,7.6667,"45.0667, 7.6667",TORINO,E,				Sostituzione componenti finestrati,C,8.0,Triste,Triste,No,2005,,Caldaia a condensazione,58.08,2005,,Caldaia a condensazione,38.77,,,,,3684.5,N/D
2020_205351_0035.xml,792,VIA DE FERRARI DEFENDENTE 7,2020-07-24,B,63.76,4.07,13.36,57.0,Gas naturale,False,False,False,False,False,False,0,1,6,3,L219,,1153,132,792,792,,2005,45.0667,7.6667,"45.0667, 7.6667",TORINO,E,				Sostituzione componenti finestrati,B,8.0,Basita/o,Triste,No,2005,,Caldaia a condensazione,29.94,2005,,Caldaia a condensazione,33.82,,,,,3169.0640000000003,N/D
2020_205351_0036.xml,797,VIA DE FERRARI DEFENDENTE 7,2020-07-24,C,96.85,6.55,20.35,44.0,Gas naturale,False,False,False,False,False,False,0,1,6,4,L219,,1153,132,797,797,,2005,45.0667,7.6667,"45.0667, 7.6667",TORINO,E,				Sostituzione componenti finestrati,C,8.0,Triste,Triste,No,2005,,Caldaia a condensazione,58.08,2005,,Caldaia a condensazione,38.77,,,,,3684.5,N/D
2020_205351_0037.xml,798,VIA DE FERRARI DEFENDENTE 7,2020-07-24,B,63.76,4.07,13.36,57.0,Gas naturale,False,False,False,False,False,False,0,1,6,4,L219,,1153,132,798,798,,2005,45.0667,7.6667,"45.0667, 7.6667",TORINO,E,				Sostituzione componenti finestrati,B,8.0,Basita/o,Triste,No,2005,,Caldaia a condensazione,29.94,2005,,Caldaia a condensazione,33.82,,,,,3169.0640000000003,N/D
2019_103654_0005.xml,8,Via Borgo Ticino 15,2019-05-13,D,274.05,1.39,54.09,57.98,Gas naturale,False,False,False,False,False,False,0,1,3,2,L219,,1080,176,8,8,,1997,45.105894287135,7.6953875509262,"45.105894287135, 7.6953875509262",Torino,E,0Involucro opaco del fabbricato08D243.51D243.51,D,8.0,Basita/o,Basita/o,No,2016,,Caldaia standard,229.88,1997,,Caldaia standard,44.17,,,,,15755.756,Ed. Plurifam.
2019_208347_0754.xml,8,VIA BORRIANA 5,2019-11-14,F,136.97,0.32,25.74,73.25,Gas naturale,True,True,False,False,False,False,0,1,6,3,L219,0,1188,10,8,8,,1940,45.0661111111111,7.68222222222222,"45.0661111111111, 7.68222222222222",TORINO,E,0ISOLAMENTO MURI PERIMETRALItrue4D86.40D86.40,D,4.0,Triste,Triste,No,2010,PRINCIPALE,Caldaia a condensazione,107.49,2000,Impianto 1...,Scalda-acqua a gas,29.48,,,,,9989.06,N/D
2019_210200_0047.xml,8,VIA BOLOGNA 137,2017-01-10,F,146.19,0.24,27.45,80.61,Gas naturale,True,True,False,False,False,False,0,1,7,2,L219,0,1188,11,8,8,,1925,45.0661111111111,7.68222222222222,"45.0661111111111, 7.68222222222222",TORINO,E,0COIBENTAZIONI PARETI PERIMETRALItrue6B50.831SOSTITUZIONE SERRAMENTIfalse5D89.73A326.04,B,6.0,Triste,Basita/o,No,2010,PRINCIPALE,Caldaia a condensazione,120.16,2009,ACS autonomo,Scalda-acqua a gas,26.03,,,,,11770.199999999999,N/D
2019_312661_0197.xml,8,Via Maddalene 6,2019-08-11,G,244.18,1.88,49.12,64.45,Gas naturale,True,True,False,False,False,False,0,1,3,4,L219,,1145,43,8,8,,1970,45.0905,7.7067,"45.0905, 7.7067",Torino,E,Installazione valvole termostatiche,F,5.34,Triste,Basita/o,No,2006,,Caldaia a condensazione,167.4,2005,,Caldaia standard,76.78,,,,,14770.4,Ed. Plurifam.
2020_102099_0160.xml,8,CORSO AGNELLI 105,2020-12-31,F,184.31,1.61,37.1,39.0,Teleriscaldamento,False,False,False,False,False,False,0,1,3,1,L219,=,1425,80,8,8,,1920,45.035815,7.6441370,"45.035815, 7.6441370",Torino,E,isolamento perimetrale,E,10.0,Triste,Triste,No,2016,,Teleriscaldamento,128.64,2005,,Caldaia standard,55.67,,,,,5606.16,Ed. Plurifam.
2020_102099_0163.xml,8,VIA ANTINORI 3,2020-12-31,E,127.38,1.87,25.75,72.2,Gas naturale,False,False,False,False,False,False,0,1,3,3,L219,=,1349,159,8,8,,1932,45.053484,7.6668840,"45.053484, 7.6668840",Torino,E,isolamento perimetrale,D,10.0,Triste,Triste,No,2016,,Caldaia a condensazione,86.86,2005,,Caldaia standard,40.52,,,,,9907.92,Ed. Plurifam.
2020_102099_0170.xml,8,VIA BUSCALIONI 17,2020-12-31,F,216.6,14.35,45.46,49.8,Gas naturale,False,False,False,False,False,False,0,1,2,1,L219,=,1212,97,8,8,,1932,45.077291,7.7006340,"45.077291, 7.7006340",Torino,E,isolamento perimetrale,D,10.0,Triste,Triste,No,2016,,Caldaia a condensazione,162.42,2000,,31,54.18,,,,,10247.32,N/D
2020_104776_0021.xml,8,Strada delle Cacce 72,2020-07-17,D,110.03,2.14,22.32,84.77,Gas naturale,False,False,False,False,False,False,0,1,2,3,L219,,1480,149,8,8,,1977,45.0667,7.6667,"45.0667, 7.6667",TORINO,E,				Sostituzione componenti finestrati,D,15.0,Triste,Basita/o,No,2012,,Caldaia standard,84.16,2012,,Caldaia standard,25.87,,,,,8975.9856,N/D
2020_113184_0189.xml,8,corso san maurizio 14_16_TO,2020-11-19,F,227.08,13.71,47.46,57.95,Gas naturale,True,True,False,False,False,False,0,1,3,1,L219,,1248,219,8,8,,1957,45.0713,7.6935,"45.0713, 7.6935",Torino,E,installazione valvole termostatiche,F,3.16,Triste,Triste,No,2006,,Caldaia a condensazione,171.68,2020,,Boiler elettrico,55.4,,,,,11083.3,Ed. Plurifam.
2020_113535_0013.xml,8,Pirano 17,2020-04-08,E,108.71,1.16,21.52,54.96,Gas naturale,False,False,False,False,False,False,0,1,7,2,L219,,1073,17,8,8,,1965,45.1020616580969,7.64497320734023,"45.1020616580969, 7.64497320734023",Torino,E,0Coibentazione delle strutture opache verticali rivolte verso l'esterno010E108.710Coibentazione della copertura05E108.71D85,E,10.0,Triste,Triste,No,2000,,Teleriscaldamento,44.32,2000,,Caldaia standard,64.39,,,,,5735.016,N/D
2020_212533_0050.xml,8,Viale dei Mughetti 29bis,2020-03-02,E,173.51,13.7,70.16,46.97,Teleriscaldamento,True,True,False,False,False,False,0,1,2,0,L219,0,1069,150,8,8,,1965,45.1039417,7.6264605,"45.1039417, 7.6264605",TORINO,E,0Coibentazione pareti freddefalse4E151.90E151.90,E,4.0,Triste,Triste,No,2000,PRINCIPALE,Teleriscaldamento,116.65,2000,ACS,Boiler elettrico,56.86,,,,,10120.0,N/D
2020_213792_0002.xml,8,VIA LODI 9,2020-01-17,E,119.91,10.48,25.54,42.99,Gas naturale,True,True,False,False,False,False,0,1,7,2,L219,,1184,10,8,8,,1957,45.08439,7.690062,"45.08439, 7.690062",TORINO,E,1Sostituzione infissifalse26D93.96D93.96,D,26.0,Triste,Triste,No,2012,Caldaia centralizzata,Caldaia standard,76.65,1000,Nuovo Scaldacqua ...,Boiler elettrico,43.26,,,,,4249.139999999999,N/D
2021_106141_0041.xml,8,Via Cristoforo Colombo 36,2021-12-30,D,276.56,9.68,92.13,4904.38,Teleriscaldamento,True,True,False,False,True,True,1,0,9,,L219,,1301,349,8,6,,1902,45.0582,7.6610,"45.0582, 7.6610",Torino,E,Cappotto,C,24.12,Triste,Basita/o,No,2006,,Teleriscaldamento,237.53,2015,,Boiler elettrico,1.06,,,,,1452283.0,App. Condominio
2021_106141_0052.xml,8,"Corso Vercelli 15, Torino TO",2021-12-30,G,326.39,9.48,66.69,3838.53,Gas naturale,True,True,False,False,True,True,1,0,7,0,L219,,1183,194,8,7,,1996,45.0844,7.6857,"45.0844, 7.6857",Torino,E,Coibentazione della copertura,F,9.07,Triste,Triste,No,2016,,Caldaia a condensazione,289.43,2016,,Caldaia a condensazione,2.81,,,,,1126881.9,N/D
2021_107716_0016.xml,8,Via Bologna 256,2021-02-26,F,186.08,0.04,36.64,48.79,Gas naturale,False,False,False,False,False,False,0,1,3,1,L219,,1144,107,8,8,,1957,45.0926642656087,7.71444075826646,"45.0926642656087, 7.71444075826646",Torino,E,Data sopralluogo: 16/02/2021,E,8.0,Triste,Triste,No,2002,,Caldaia standard,155.76,2020,,Scalda-acqua a gas,30.32,,,,,9089.620599999998,Ed. Plurifam.
2021_113184_0066.xml,8,via Fratelli Garrone 61/76A-F,2021-11-11,F,131.82,14.84,27.28,72.38,Teleriscaldamento,True,True,False,False,False,False,0,1,3,3,L219,,1488,78,8,8,,1966,45.0109,7.6506,"45.0109, 7.6506",Torino,E,coibentazione cassonetto,F,0.64,Triste,Triste,No,1996,,Teleriscaldamento,78.63,2020,,Boiler elettrico,53.19,,,,,8382.0,Ed. Plurifam.
2021_311274_0053.xml,8,via gioven,2021-10-04,D,88.73,0.02,17.75,71.57,Gas naturale,False,False,False,False,False,False,0,1,2,3,L219,-,1133,39,8,8,,1952,45.09438,7.7111700,"45.09438, 7.7111700",Torino,E,Isolamento termico parete esterna,A1,8.0,Triste,Triste,No,2019,,Caldaia a condensazione,62.77,2005,,Caldaia standard,25.96,,,,,7080.28,N/D
2021_313821_0147.xml,8,Via Gallina 3,2022-03-23,F,328.29,1.08,65.82,42.5,Teleriscaldamento,True,True,False,False,False,False,0,1,3,,L219,,1145,1,8,8,,1930,45.0917,7.7093,"45.0917, 7.7093",Torino,E,coibentazione involucro opaco,E,3.7,Triste,Triste,No,2015,,Teleriscaldamento,292.51,2015,,Teleriscaldamento,35.78,,,,,9272.0,Ed. Plurifam.
2022_101323_0002.xml,8,C.so Belgio 38,2022-06-22,E,143.16,1.71,27.47,48.5,Gas naturale,True,True,False,False,False,False,0,0,3,1,L219,,1251,389,8,8,,1940,45.0420,7.4236,"45.0420, 7.4236",Torino,E,0ISOLAMENTO A CAPPOTTOtrue5.00B60.10,B,5.0,Triste,Triste,No,2010,,Caldaia a condensazione,115.09,2010,,Caldaia a condensazione,28.07,,,,,6686.834199999999,Ed. Plurifam.
2019_102351_0118.xml,80,Largo Cigna 72,2019-06-25,E,198.73,1.28,39.94,29.7,Gas naturale,True,True,False,False,False,False,0,1,3,2,L219,,1183,220,80,80,,2004,45.0872,7.6819,"45.0872, 7.6819",Torino,E,coibentazione involucro opaco,D,13.33,Triste,Basita/o,No,2006,,Caldaia standard,168.45,2006,,Caldaia standard,30.28,,,,,5548.0,Ed. Plurifam.
2020_113184_0023.xml,80,via Sidoli 34_36_TO,2020-12-03,E,119.66,0.4,37.85,72.84,Teleriscaldamento,True,True,False,False,False,False,0,1,3,3,L219,,1441,88,80,80,,1993,45.0248,7.6451,"45.0248, 7.6451",Torino,E,isolamento parete esterna,C,2.98,Triste,Triste,No,1997,,Teleriscaldamento,100.0,1997,,Teleriscaldamento,19.66,,,,,9157.0,Ed. Plurifam.
2020_202065_0026.xml,80,CORSO GIAMBONE EUSEBIO 51,2020-07-14,E,123.25,0.0,24.26,74.83,Teleriscaldamento,False,False,False,False,False,False,0,1,3,8,L219,,1423,236,80,80,,1970,45.0314020863289,7.65244058629989,"45.0314020863289, 7.65244058629989",Torino,E,1Sostituzione serramenti con altri ad alte prestazioni ed isolamento cassonetti015D92.25D92.25,D,15.0,Triste,Triste,No,1992,,Teleriscaldamento,96.69,2002,,Scalda-acqua a gas,26.56,,,,,8881.2926,Ed. Plurifam.
2021_113184_0084.xml,80,Via Fratelli Garrone 74_5_6_7_8,2021-04-11,F,227.29,5.59,43.34,72.59,Teleriscaldamento,True,True,False,False,False,False,0,1,3,9,L219,,1488,72,80,80,,1966,45.0128,7.6499,"45.0128, 7.6499",Torino,E,coibentazione sottotetto,D,5.57,Triste,Basita/o,No,1996,,Teleriscaldamento,179.32,2013,,Caldaia standard,47.97,,,,,17827.46,Ed. Plurifam.
2020_205351_0038.xml,803,VIA DE FERRARI DEFENDENTE 7,2020-07-24,C,96.85,6.55,20.35,44.0,Gas naturale,False,False,False,False,False,False,0,1,6,5,L219,,1153,132,803,803,,2005,45.0667,7.6667,"45.0667, 7.6667",TORINO,E,				Sostituzione componenti finestrati,C,8.0,Triste,Triste,No,2005,,Caldaia a condensazione,58.08,2005,,Caldaia a condensazione,38.77,,,,,3684.5,N/D
2019_102351_0082.xml,808,"Vio Orvieto1 scale 11, 13, 17, 19",2019-10-06,F,188.85,0.72,37.88,47.9,Teleriscaldamento,True,True,False,False,False,False,0,1,9,6,L219,,52,6,808,808,,2006,45.0964,7.6636,"45.0964, 7.6636",Torino,E,insuflaggio,E,11.96,Triste,Basita/o,No,2005,,Teleriscaldamento,155.66,2005,,Teleriscaldamento,33.19,,,,,6009.0,App. Condominio
2019_102351_0083.xml,809,"Vio Orvieto1 scale 11, 13, 17, 19",2019-10-06,E,140.36,0.49,28.15,47.91,Teleriscaldamento,True,True,False,False,False,False,0,1,9,6,L219,,52,6,809,809,,2006,45.0964,7.6636,"45.0964, 7.6636",Torino,E,insuflaggio,E,11.96,Triste,Basita/o,No,2005,,Teleriscaldamento,107.16,2005,,Teleriscaldamento,33.2,,,,,4468.0,App. Condominio
2019_212560_0077.xml,81,Via Aosta 31,2019-03-06,E,148.1,0.66,29.72,31.42,Gas naturale,False,False,False,False,False,False,0,1,0,2,L219,,1184,5,81,81,,1950,45.1475,8.1525,"45.1475, 8.1525",TORINO,E,				Isolamento strutture opache verticali verso l'esterno,D,16.0,Triste,Triste,No,2012,,31,121.67,2019,,31,26.43,,,,,4619.6996,N/D
2020_113184_0022.xml,81,via Sidoli 34_36_TO,2020-12-03,E,131.07,0.44,41.46,73.47,Teleriscaldamento,True,True,False,False,False,False,0,1,3,3,L219,,1441,88,81,81,,1993,45.0248,7.6451,"45.0248, 7.6451",Torino,E,isolamento parete esterna,C,2.98,Triste,Triste,No,1997,,Teleriscaldamento,111.46,1997,,Teleriscaldamento,19.61,,,,,10117.0,Ed. Plurifam.
2020_312661_0004.xml,81,Corso Mortara 36,2020-02-17,D,133.42,1.08,23.64,72.66,Teleriscaldamento,True,True,False,False,False,False,0,1,6,2,L219,,1125,438,81,81,,2005,45.0912,7.6723,"45.0912, 7.6723",Torino,E,Coibentazione cassonetti,D,6.23,Triste,Sorridente,No,2005,,Teleriscaldamento,111.35,2005,,Teleriscaldamento,22.07,,,,,8539.0,N/D
2021_101746_0035.xml,81,CORSO ORBASSANO 376,2021-01-12,F,121.71,0.0,23.68,83.0,Gas naturale,True,True,False,False,False,False,0,1,3,6,L219,,1429,98,81,81,,1960,45.0338,7.6206,"45.0338, 7.6206",Torino,E,				INSUFFLAGGIO PARETI PERIMETRALI,E,8.0,Triste,Triste,No,2016,,Caldaia a condensazione,92.62,2000,,Caldaia standard,29.09,,,,,9025.72,Ed. Plurifam.
2022_200220_0009.xml,81,Via Poma 11,2022-02-17,G,258.08,0.0,51.83,44.65,Teleriscaldamento,False,False,False,False,False,False,0,1,3,5,L219,,1428,95,81,81,,1952,45.1167,7.7167,"45.1167, 7.7167",TORINO,E,				Isolamento strutture opache orizzontali verso zone non riscaldate,E,3.0,Triste,Triste,No,2010,,Teleriscaldamento,236.22,2020,,Scalda-acqua a gas,21.86,,,,,8058.103800000001,Ed. Plurifam.
2019_200251_0018.xml,82,Via Aosta 29,2019-10-21,F,155.94,0.66,31.29,46.84,Gas naturale,False,False,False,False,False,False,0,1,3,5,L219,,1184,10,82,82,,1960,45.0667,7.6667,"45.0667, 7.6667",TORINO,E,				Isolamento involucro esterno,D,7.0,Triste,Triste,No,2012,,Caldaia a condensazione,127.31,2009,,Caldaia standard,28.63,,,,,7254.159199999999,Ed. Plurifam.
2019_213762_0002.xml,82,Via Roma 101,2019-03-26,G,806.63,97.68,171.7,49.98,Gas naturale,False,False,False,False,False,False,1,1,0,-1,L219,,1282,7,82,82,,1933,45.0667,7.6667,"45.0667, 7.6667",TORINO,E,				Isolamento strutture opache verticali verso zone non riscaldate,G,6.0,Triste,Triste,No,2014,,Caldaia a condensazione,785.76,2014,,Caldaia a condensazione,20.87,,,,,29437.5994,N/D
2020_312661_0027.xml,82,Via Vittime di Bologna 5,2020-03-25,F,162.0,1.19,32.58,43.71,Gas naturale,True,True,False,False,False,False,0,1,3,4,L219,,1089,306,82,82,,1985,45.1017,7.7290,"45.1017, 7.7290",Torino,E,realizzazione cappotto,E,8.09,Triste,Triste,No,2007,,Caldaia a condensazione,137.55,2007,,Caldaia a condensazione,24.45,,,,,6651.5199999999995,Ed. Plurifam.
2022_113184_0122.xml,82,via Scarsellini 12,2022-10-10,F,235.55,19.11,73.5,48.44,Teleriscaldamento,True,True,False,False,False,False,0,1,3,0,L219,,1428,85,82,82,,1949,45.0352,7.6302,"45.0352, 7.6302",Torino,E,coibentazione soffitto cantina,E,10.0,Triste,Triste,No,1988,,Teleriscaldamento,175.64,2016,,Boiler elettrico,59.91,,,,,11043.0,Ed. Plurifam.
2022_113184_0128.xml,82,"Via Artom, 81/13_14_15_16_17",2022-11-10,F,258.52,5.63,49.57,73.29,Teleriscaldamento,True,True,False,False,False,False,0,1,3,0,L219,,1488,77,82,82,,1966,45.0112,7.6497,"45.0112, 7.6497",Torino,E,isolamento solaio cantine,E,5.65,Triste,Basita/o,No,1996,,Teleriscaldamento,180.58,2005,,Caldaia standard,77.94,,,,,20197.62,Ed. Plurifam.
2022_312661_0126.xml,828,"Vio Orvieto1 scale 11, 13, 17, 19",2022-09-28,E,131.69,3.06,26.4,36.5,Teleriscaldamento,True,True,False,False,False,False,0,1,3,5,L219,,52,6,828,828,,2016,45.0919,7.6693,"45.0919, 7.6693",Torino,E,Coibentazione muri perimetrali mediante insuflaggio,D,10.33,Triste,Basita/o,No,2005,,Teleriscaldamento,111.29,2005,,Teleriscaldamento,20.4,,,,,4194.0,Ed. Plurifam.
2022_107973_0107.xml,83,Via Carlo Poma 11,2022-03-16,E,175.76,0.0,35.15,52.11,Teleriscaldamento,True,True,False,False,False,False,0,1,3,0,L219,,1428,95,83,83,,1952,45.034998,7.624776,"45.034998, 7.624776",Torino,E,0Inserimento isolamento su involucro opacofalse19D149.71D149.71,D,19.0,Triste,Basita/o,No,2019,Teleriscaldamento,Teleriscaldamento,146.63,2012,Generatore a gas o combustibile fossile,Scalda-acqua a gas,29.13,,,,,6614.82,Ed. Plurifam.
2022_214176_0235.xml,83,Via Antonio e Vittorio Scialoja 24,2022-11-29,D,133.11,3.46,27.14,92.7,Gas naturale,True,True,True,False,False,False,0,1,2,2,L219,,1079,157,83,83,,1975,45.106426,7.691626,"45.106426, 7.691626",TORINO,E,1Sostituzione infissifalse4B86.01B86.01,B,4.0,Triste,Basita/o,No,2006,Generatore Fossile,Caldaia standard,94.11,2006,Generatore Fossile,Caldaia standard,24.65,2021,Pompa di calore Aria-Aria,Pompa di calore,14.35,11705.46,N/D
2019_102351_0084.xml,831,"Vio Orvieto1 scale 11, 13, 17, 19",2019-10-06,E,151.88,0.54,30.46,27.46,Teleriscaldamento,True,True,False,False,False,False,0,1,9,6,L219,,52,6,831,831,,2006,45.0964,7.6636,"45.0964, 7.6636",Torino,E,insuflaggio,D,11.96,Triste,Basita/o,No,2005,,Teleriscaldamento,117.58,2005,,Teleriscaldamento,34.3,,,,,2771.0,App. Condominio
2022_113181_0027.xml,833,Vio Orvieto1 scale 13,2022-10-28,E,167.61,4.03,33.63,32.9,Teleriscaldamento,True,True,False,False,False,False,0,0,4,6,L219,,52,6,833,833,,2006,45.0922,7.6696,"45.0922, 7.6696",Torino,E,Coibentazione muri perimetrali mediante insuflaggio,E,10.33,Triste,Triste,No,2005,,Teleriscaldamento,146.66,2005,,Teleriscaldamento,20.95,,,,,4803.0,N/D
2022_206748_0111.xml,838,CORSO UMBRIA 64,2022-06-22,D,87.08,0.08,17.93,97.02,Teleriscaldamento,True,True,False,False,False,False,0,1,6,3,L219,.,1153,131,838,838,,2007,45.0661111111111,7.68222222222222,"45.0661111111111, 7.68222222222222",TORINO,E,Sostituzione infissi esterni,C,10.0,Triste,Basita/o,No,2013,PRINCIPALE,Teleriscaldamento,39.42,2013,PRINCIPALE,Teleriscaldamento,47.66,,,,,5628.0,N/D
2021_113184_0107.xml,84,via Gerdil 7 TO,2021-12-21,F,163.79,12.87,34.67,86.16,Gas naturale,True,True,False,False,False,False,0,1,5,1,L219,,1218,43,84,84,,1900,45.0797,7.6779,"45.0797, 7.6779",Torino,E,coibentazione pareti,F,4.67,Triste,Basita/o,No,2018,,Caldaia a condensazione,113.34,2018,,Boiler elettrico,50.45,,,,,11414.34,N/D
2022_105295_0002.xml,84,Via Angelo Scarsellini 12,2022-02-13,E,99.69,0.01,25.84,51.0,Teleriscaldamento,True,True,False,False,False,False,0,1,7,1,L219,U,1428,85,84,84,,1952,44.95058,7.51244,"44.95058, 7.51244",TORINO,E,Isolamento strutture opache verticali a contatto con ambienti non riscaldati,C,1.0,Triste,Basita/o,No,2005,PRINCIPALE,Teleriscaldamento,67.02,2008,ACS autonomo,Scalda-acqua a gas,32.67,,,,,4925.92,N/D
2022_312661_0023.xml,841,"Vio Orvieto1 scale 11, 13, 17, 19",2022-08-04,E,141.6,4.28,28.55,55.91,Teleriscaldamento,True,True,False,False,False,False,0,1,3,2,L219,,52,6,841,841,,2016,45.0920,7.6694,"45.0920, 7.6694",Torino,E,insuflaggio,D,10.49,Triste,Basita/o,No,2005,,Teleriscaldamento,117.85,2005,,Teleriscaldamento,23.75,,,,,6816.0,Ed. Plurifam.
2019_102351_0085.xml,847,"Vio Orvieto1 scale 11, 13, 17, 19",2019-10-06,E,170.1,0.64,34.12,42.57,Teleriscaldamento,True,True,False,False,False,False,0,1,9,4,L219,,52,6,847,847,,2006,45.0964,7.6636,"45.0964, 7.6636",Torino,E,insuflaggio,E,11.96,Triste,Basita/o,No,2005,,Teleriscaldamento,139.04,2005,,Teleriscaldamento,31.06,,,,,4810.0,App. Condominio
2021_113184_0088.xml,85,via Fratelli Garrone 63/30_31_32_33_34_35,2021-11-11,F,137.37,21.1,27.78,54.63,Teleriscaldamento,True,True,False,False,False,False,0,1,3,2,L219,,1488,76,85,85,,1966,45.0116,7.6509,"45.0116, 7.6509",Torino,E,coibentazione cassonetto,F,0.58,Triste,Triste,Sì,1996,,Teleriscaldamento,95.07,2019,,Boiler elettrico,42.3,,,,,7500.0,Ed. Plurifam.
2020_200297_0059.xml,86,Corso Palestro 15,2020-05-22,G,289.6,22.42,59.68,102.28,Gas naturale,False,False,False,False,False,False,0,1,3,5,L219,,1220,212,86,86,,1930,45.0667,7.6667,"45.0667, 7.6667",TORINO,E,				Isolamento involucro (solaio),E,8.0,Triste,Triste,No,2015,,Caldaia a condensazione,243.19,2005,,Boiler elettrico,46.41,,,,,27225.110399999994,Ed. Plurifam.
2019_102351_0086.xml,861,"Vio Orvieto1 scale 11, 13, 17, 19",2019-10-06,F,171.83,0.66,34.46,36.37,Teleriscaldamento,True,True,False,False,False,False,0,1,9,9,L219,,52,6,861,861,,2006,45.0964,7.6636,"45.0964, 7.6636",Torino,E,insuflaggio,E,11.96,Triste,Basita/o,No,2005,,Teleriscaldamento,144.04,2005,,Teleriscaldamento,27.79,,,,,4151.0,App. Condominio
2021_105137_0004.xml,87,Via Aosta 31,2021-03-27,D,115.03,13.78,25.06,42.0,Gas naturale,True,True,False,False,False,False,0,1,3,2,L219,,1184,5,87,87,,1940,45.116667,7.716667,"45.116667, 7.716667",Torino,E,0Fabbricato,D,39.6,Triste,Sorridente,No,2004,YGNIS,Caldaia standard,59.77,2021,Generatore a energia elettrica_1,Boiler elettrico,55.26,,,,,3667.2999999999997,Ed. Plurifam.
2020_312661_0006.xml,88,Corso Mortara 36,2020-02-17,D,135.49,1.09,24.01,59.85,Teleriscaldamento,True,True,False,False,False,False,0,1,6,3,L219,,1125,438,88,88,,2005,45.0912,7.6723,"45.0912, 7.6723",Torino,E,Coibentazione cassonetti,D,6.23,Triste,Basita/o,No,2005,,Teleriscaldamento,111.91,2005,,Teleriscaldamento,23.58,,,,,7144.0,N/D
2022_101975_0008.xml,88,via Sansovino 98,2022-12-14,E,143.96,10.32,30.33,53.4,Teleriscaldamento,False,False,False,False,False,False,0,1,3,2,L219,,1073,7,88,88,,1951,45.0667,7.6667,"45.0667, 7.6667",TORINO,E,				Sostituzione serramenti esterni,E,4.0,Triste,Triste,No,2005,,Teleriscaldamento,101.14,2017,,Boiler elettrico,42.82,,,,,4773.16,Ed. Plurifam.
2022_313821_0057.xml,88,Via Bioglio 30,2022-04-08,E,173.26,1.2,34.83,54.08,Gas naturale,True,True,False,False,False,False,0,1,9,1,L219,,1186,167,88,88,,1999,45.0869,7.6965,"45.0869, 7.6965",Torino,E,REALIZZAZIONE DI CAPPOTTO ESTERNO,D,10.46,Triste,Basita/o,No,2019,,Caldaia a condensazione,142.39,2019,,Caldaia a condensazione,30.87,,,,,8805.68,App. Condominio
2019_200542_0042.xml,89,Via Somalia 104/A,2019-04-04,D,82.15,3.83,15.95,77.55,Gas naturale,True,True,False,False,False,False,0,1,3,1,L219,0,1489,587,89,89,,2005,45.0661111111111,7.68222222222222,"45.0661111111111, 7.68222222222222",TORINO,E,0Isolamento strutture opache verticalifalse73C58.41C58.41,C,73.0,Triste,Basita/o,No,2011,,Caldaia a condensazione,57.44,2011,,Caldaia a condensazione,24.71,,,,,5779.92,Ed. Plurifam.
2022_104389_0008.xml,89,VIA FILADELFIA 237,2022-04-14,F,111.75,0.0,32.86,70.98,Teleriscaldamento,True,True,False,False,False,False,0,1,7,2,L219,-,1387,35,89,89,,1970,45.0661111111111,7.68222222222222,"45.0661111111111, 7.68222222222222",TORINO,E,Sostituzione serramenti esterni,D,2.0,Triste,Triste,No,2015,PRINCIPALE,Teleriscaldamento,87.61,2015,PRINCIPALE,Teleriscaldamento,24.14,,,,,7554.0,N/D
2022_210180_0059.xml,890,VIA VEROLENGO 29/9,2022-03-23,D,73.41,0.0,14.68,142.1,Teleriscaldamento,True,True,False,False,False,False,1,1,3,1,L219,,52,6,890,890,,1900,45.09439,7.66955,"45.09439, 7.66955",TORINO,E,1Sostituzione infissifalse26D62.55D62.55,D,26.0,Basita/o,Basita/o,No,2005,SCAMBIATORE DI CALORE,Teleriscaldamento,65.93,2005,SCAMBIATORE DI CALORE,Teleriscaldamento,7.48,,,,,6954.0,Ed. Plurifam.
2020_205351_0039.xml,893,VIA ANTONELLO DA MESSINA 15,2020-07-29,C,80.24,0.0,16.05,70.0,Teleriscaldamento,False,False,False,False,False,False,0,1,6,3,L219,,1153,131,893,893,,2005,45.0667,7.6667,"45.0667, 7.6667",TORINO,E,				Sostituzione componenti finestrati,C,8.0,Triste,Triste,No,2013,,Teleriscaldamento,57.39,2013,,Teleriscaldamento,22.85,,,,,3744.42,N/D
2019_100124_0036.xml,9,Via Monte Cengio 29,2019-06-27,G,213.29,0.53,41.33,63.78,Gas naturale,True,True,False,False,False,False,0,1,6,2,L219,,1464,146,9,9,,1961,45.1167,7.7167,"45.1167, 7.7167",Torino,E,1Sostituzione serramentifalse99.4G203.24G203.24,G,99.4,Triste,Basita/o,No,2017,Generatore a gas o combustibile fossile,Caldaia a condensazione,189.75,1990,Generatore a gas o combustibile fossile,Caldaia standard,23.54,,,,,13560.58,N/D
2019_102341_0004.xml,9,Via Bologna 153,2018-10-14,E,187.6,9.24,38.9,1107.24,Gas naturale,True,True,False,False,True,False,1,0,9,,L219,,1188,62,9,9,,1988,45.0875,7.7066,"45.0875, 7.7066",Torino,E,				Cappotto esterno,D,15.88,Triste,Triste,No,2018,,Caldaia a condensazione,161.85,2016,,Boiler elettrico,6.52,,,,,179156.08,App. Condominio
2019_103654_0004.xml,9,Via Borgo Ticino 15,2019-05-13,D,110.15,0.78,21.77,96.82,Gas naturale,False,False,False,False,False,False,0,1,3,2,L219,,1080,176,9,9,,1997,45.105894287135,7.6953875509262,"45.105894287135, 7.6953875509262",Torino,E,0Involucro opaco del fabbricato08D98.57D98.57,D,8.0,Triste,Basita/o,No,2016,,Caldaia standard,77.19,1997,,Caldaia standard,32.96,,,,,10531.7112,Ed. Plurifam.
2019_205199_0163.xml,9,VIA PARENZO 90,2019-07-13,E,115.27,0.0,48.41,49.05,Teleriscaldamento,False,False,False,False,False,False,0,1,0,2,L219,,1073,18,9,9,,1950,45.0667,7.6667,"45.0667, 7.6667",TORINO,E,				Isolamento strutture opache verticali verso l'esterno,D,12.0,Triste,Triste,No,1983,,Teleriscaldamento,91.82,2006,,Caldaia standard,23.45,,,,,8300.7848,N/D
2019_207450_0055.xml,9,VIA PIETRO GIURIA 22,2019-03-09,G,211.11,25.58,44.24,115.53,Gas naturale,False,False,False,False,False,False,0,1,8,2,L219,,1351,295,9,9,,1958,45.0500302408532,7.67958647976226,"45.0500302408532, 7.67958647976226",Torino,E,1Sostituzione infissi063F170.12F170.12,F,63.0,Triste,Triste,No,1000,,Riscaldamento elettrico,170.7,1000,,Scalda-acqua a gas,40.41,,,,,18436.9744,N/D
2020_102099_0175.xml,9,VIA BUSCALIONI 17,2020-12-31,F,304.8,14.81,63.17,49.8,Gas naturale,False,False,False,False,False,False,0,1,2,2,L219,=,1212,97,9,9,,1932,45.077291,7.7006340,"45.077291, 7.7006340",Torino,E,isolamento perimetrale,E,10.0,Triste,Triste,No,2016,,Caldaia a condensazione,250.62,2000,,31,54.18,,,,,15087.4,N/D
2020_203407_0015.xml,9,PIAZZA DON PAOLO ALBERA 9,2020-07-17,C,95.46,90.99,19.31,91.68,Gas naturale,True,True,False,False,False,False,0,1,0,3,L219,--,1217,42,9,9,,1900,45.0661111111111,7.68222222222222,"45.0661111111111, 7.68222222222222",TORINO,E,0ISOLAMENTO PARETI PERIMETRALIfalse18A245.27A245.27,A2,18.0,Triste,Basita/o,No,2019,PRINCIPALE,Caldaia a condensazione,75.01,2019,PRINCIPALE,Caldaia a condensazione,20.45,,,,,2642.72,N/D
2020_212533_0065.xml,9,Viale dei Mughetti 29bis,2020-03-02,C,73.35,0.0,27.11,58.31,Teleriscaldamento,True,True,False,False,False,False,0,1,2,1,L219,0,1069,150,9,9,,1965,45.1039417,7.6264605,"45.1039417, 7.6264605",TORINO,E,0Coibentazione pareti freddefalse1B57.60B57.60,B,1.0,Triste,Triste,No,2000,PRINCIPALE,Teleriscaldamento,43.59,2000,ACS,Scalda-acqua a gas,29.76,,,,,5803.5,N/D
2021_102099_0004.xml,9,VIA ANTINORI 3,2020-12-31,F,194.04,2.1,39.12,38.3,Gas naturale,False,False,False,False,False,False,0,1,3,4,L219,=,1349,159,9,9,,1932,45.053484,7.6668840,"45.053484, 7.6668840",Torino,E,isolamento perimetrale,E,10.0,Triste,Triste,No,2011,,Caldaia a condensazione,162.58,2011,,Caldaia standard,31.46,,,,,8083.24,Ed. Plurifam.
2021_102099_0012.xml,9,CORSO ORBASSANO 455,2021-12-31,G,310.61,1.95,62.41,79.3,Gas naturale,False,False,False,False,False,False,0,1,3,0,L219,=,1436,4,9,9,,1920,45.030674,7.6108720,"45.030674, 7.6108720",Torino,E,isolamento perimetrale,E,10.0,Triste,Basita/o,No,2017,,Caldaia a condensazione,271.08,2005,,Caldaia standard,39.53,,,,,27076.539999999997,Ed. Plurifam.
2021_102203_0196.xml,9,STRADA DEL PORTONE 35,2021-11-23,C,75.38,1.85,15.35,35.85,Gas naturale,True,True,False,False,False,False,0,1,6,1,L219,,1432,161,9,9,,2009,45.032754,7.612249,"45.032754, 7.612249",TORINO,E,2Rimozione dell'impianto/i caldaia a condensazione e installazione dei seguenti nuovi impianti: Generatore a pompa di calorefalse13A416.93A416.93,A4,13.0,Sorridente,Basita/o,No,2009,caldaia a condensazione,Caldaia a condensazione,32.67,2009,caldaia a condensazione,Caldaia a condensazione,42.71,,,,,2576.2999999999997,N/D
2021_106141_0053.xml,9,"Via Madama Cristina, 102 - 10126 Torino",2021-12-30,D,257.31,7.48,86.43,4735.59,Teleriscaldamento,True,True,False,False,True,True,1,0,9,,L219,,1352,249,9,9,,1887,45.0472,7.6754,"45.0472, 7.6754",Torino,E,Realizzazione cappotto interno,C,8.8,Triste,Triste,No,2016,,Teleriscaldamento,226.24,2010,,Boiler elettrico,0.35,,,,,1324131.0,App. Condominio
2021_200281_0041.xml,9,VIA BOTTICELLI 166,2021-07-23,G,224.66,0.5,42.2,53.52,Gas naturale,True,True,False,False,False,False,0,1,7,4,L219,-,1133,18,9,9,,1960,45.0660541,7.6822731,"45.0660541, 7.6822731",TORINO,E,"Si evidenzia che, per il sopracitato intervento migliorativo raccomandato, possono essere utilizzate le detrazioni fiscali, nel rispetto della legge nazionale vigente",E,6.0,Triste,Triste,No,2011,,Caldaia a condensazione,194.71,2019,,Scalda-acqua a gas,29.95,,,,,11985.0,N/D
2021_200471_0001.xml,9,VIA MONTE PASUBIO 21/A,2021-01-25,D,387.5,0.0,77.5,95.0,Teleriscaldamento,False,False,False,False,False,False,0,1,0,4,L219,,1439,94,9,9,,1970,45.0667,7.6667,"45.0667, 7.6667",TORINO,E,				SOSTITUZIONE SERRAMENTI,D,1.0,Triste,Triste,No,1997,,Teleriscaldamento,346.78,2015,,Teleriscaldamento,40.72,,,,,24542.1,N/D
2022_202695_0026.xml,9,via giordano bruno 52,2022-12-20,F,145.88,15.9,16583.21,53.29,Teleriscaldamento,True,True,False,False,False,False,0,1,6,3,L219,0,1380,18,9,9,,1957,45.0432646,7.6626492,"45.0432646, 7.6626492",TORINO,E,Posa cappotto facciate,D,13.0,Triste,Basita/o,No,2008,PRINCIPALE,Teleriscaldamento,88.67,2000,Impianto 1...,Boiler elettrico,57.21,,,,,6908.0,N/D
2021_101746_0029.xml,90,CORSO ORBASSANO 378,2021-11-16,F,123.08,0.0,24.14,63.0,Gas naturale,True,True,False,False,False,False,0,1,9,8,L219,,1429,98,90,90,,1960,45.0338,7.6206,"45.0338, 7.6206",Torino,E,				INSUFFLAGGIO PARETI PERIMETRALI,E,8.0,Triste,Triste,No,2016,,Caldaia a condensazione,91.01,2000,,Caldaia standard,32.07,,,,,6767.5199999999995,App. Condominio
2021_113184_0065.xml,90,"Via Artom, 81/13_14_15_16_17",2021-09-11,E,135.69,3.38,26.05,73.16,Teleriscaldamento,True,True,False,False,False,False,0,1,3,4,L219,,1488,77,90,90,,1966,45.0112,7.6498,"45.0112, 7.6498",Torino,E,sostituzione generatore di calore per acqua calda sanitaria,E,9.16,Triste,Basita/o,No,1996,,Teleriscaldamento,96.7,2013,,Caldaia standard,38.99,,,,,10558.06,Ed. Plurifam.
2020_205351_0040.xml,906,VIA ANTONELLO DA MESSINA 17,2020-07-29,C,81.34,0.0,16.27,70.0,Teleriscaldamento,False,False,False,False,False,False,0,1,6,3,L219,,1153,131,906,906,,2005,45.0667,7.6667,"45.0667, 7.6667",TORINO,E,				Sostituzione componenti finestrati,C,8.0,Triste,Triste,No,2013,,Teleriscaldamento,58.44,2013,,Teleriscaldamento,22.9,,,,,3795.82,N/D
2020_101425_0001.xml,907,Via Antonello da Messina 17,2021-11-02,C,100.26,0.0,19.74,45.58,Teleriscaldamento,False,False,False,False,False,False,0,1,2,3,L219,L219,1153,131,907,907,,2007,45.088387728339,7.66727796073733,"45.088387728339, 7.66727796073733",Torino,E,Data sopralluogo: 18/01/2021,C,10.0,Triste,Basita/o,No,2007,,Teleriscaldamento,69.85,2007,,Teleriscaldamento,30.41,,,,,4352.91,N/D
2020_113184_0018.xml,91,via Sidoli 34_36_TO,2020-12-03,F,192.76,0.63,60.98,74.88,Teleriscaldamento,True,True,False,False,False,False,0,1,3,2,L219,,1441,88,91,91,,1993,45.0248,7.6451,"45.0248, 7.6451",Torino,E,isolamento parete eterna,D,2.99,Triste,Triste,No,1997,,Teleriscaldamento,173.27,1997,,Teleriscaldamento,19.49,,,,,15167.0,Ed. Plurifam.
2021_208722_0119.xml,91,Corso Allamano 60,2021-07-22,G,364.86,11.43,74.67,94.66,Gas naturale,True,True,False,False,False,False,0,1,6,9,L219,,1389,156,91,91,,1981,45.051027,7.623884,"45.051027, 7.623884",TORINO,E,0Coibentazione elementi opachi vert./orizz.false2D134.191Sostituzione infissi esternifalse9G336.63C106.77,D,2.0,Triste,Triste,No,1992,,Caldaia standard,317.46,2000,,Boiler elettrico,47.4,,,,,32400.32,N/D
2022_312661_0034.xml,91,Via Vittime di Bologna 5,2022-04-22,E,159.98,8.43,32.17,45.97,Gas naturale,True,True,False,False,False,False,0,1,3,0,L219,,1089,306,91,91,,1985,45.1011,7.7292,"45.1011, 7.7292",Torino,E,realizzazione cappotto,E,7.99,Triste,Triste,Sì,2007,,Caldaia a condensazione,139.04,2007,,Caldaia a condensazione,20.94,,,,,7237.0199999999995,Ed. Plurifam.
2022_210046_0046.xml,910,VIA ANTONELLO DA MESSINA 17,2022-10-31,D,101.96,2.69,24.19,45.05,Teleriscaldamento,False,False,False,False,False,False,0,1,6,4,L219,,1153,131,910,910,,2008,45.1167,7.7167,"45.1167, 7.7167",TORINO,E,				Sostituzione componenti finestrati,D,37.0,Basita/o,Triste,No,2007,,Teleriscaldamento,42.87,2007,,Teleriscaldamento,59.09,,,,,5155.9,N/D
2020_102099_0069.xml,92,Via Pianezza snc,2020-01-10,G,283.15,57.32,39.3,53.6,Energia elettrica da rete,False,False,False,False,False,False,0,1,3,8,L219,,1121,41,92,92,,1980,45.095510,7.645255,"45.095510, 7.645255",TORINO,E,Insufflaggio pareti esterne,G,5.0,Triste,Triste,No,2015,Teleriscaldamento,Teleriscaldamento,47.31,2000,Boiler elettrico,Boiler elettrico,235.84,,,,,8850.0,Ed. Plurifam.
2020_312661_0141.xml,92,"Largo Cigna 72,",2021-08-04,E,140.72,1.08,28.3,39.49,Gas naturale,True,True,False,False,False,False,0,1,3,4,L219,,1183,220,92,92,,2004,45.0870,7.6822,"45.0870, 7.6822",Torino,E,Sostituzione del generatore di calore per Riscaldamento con caldaia a condensazione,D,5.68,Triste,Basita/o,No,2006,,Caldaia standard,110.2,2006,,Caldaia standard,30.52,,,,,5210.099999999999,Ed. Plurifam.
2022_101746_0045.xml,92,CORSO ORBASSANO 378,2022-08-17,F,133.44,0.0,26.15,59.0,Gas naturale,True,True,False,False,False,False,0,1,9,4,L219,,1429,98,92,92,,1960,45.0338,7.6206,"45.0338, 7.6206",Torino,E,				INSUFFLAGGIO PARETI PERIMETRALI,E,8.0,Triste,Triste,No,2016,,Caldaia a condensazione,100.91,2000,,Caldaia standard,32.53,,,,,6888.74,App. Condominio
2022_203998_0004.xml,92,STRADA DEL PORTONE 23,2022-02-17,E,176.06,0.6,35.3,43.82,Gas naturale,True,True,False,False,False,False,0,1,3,6,L219,,1432,138,92,92,,2007,45.0323,7.6138,"45.0323, 7.6138",Torino,E,				Sostituzione del generatore di calore ad uso combinato mediante caldaia a condensazione,D,10.0,Triste,Basita/o,No,2008,,Caldaia standard,150.67,2008,,Caldaia standard,25.39,,,,,7301.259999999999,Ed. Plurifam.
2022_207949_0191.xml,922,VIA DEFENDENTE 2,2022-06-16,D,72.54,120.89,42.75,112.0,Teleriscaldamento,True,True,False,False,False,False,0,1,3,2,L219,-,1153,131,922,922,,2006,45.0661111111111,7.68222222222222,"45.0661111111111, 7.68222222222222",TORINO,E,ISOLAMENTO PARETI ESTERNE CON INSUFFLAGGIO,C,30.0,Triste,Triste,No,2013,PRINCIPALE,Teleriscaldamento,50.15,2013,PRINCIPALE,Teleriscaldamento,22.39,,,,,14656.0,Ed. Plurifam.
2019_205408_0004.xml,927,VIA DEFENDENTE FERRARI 2 2,2019-03-29,C,65.7,0.0,13.14,95.0,Teleriscaldamento,False,False,False,False,False,False,0,1,6,5,L219,,1153,131,927,927,,2008,45.0667,7.6667,"45.0667, 7.6667",TORINO,E,				Sostituzione componenti finestrati,C,20.0,Basita/o,Basita/o,No,2013,,Teleriscaldamento,25.65,2013,,Teleriscaldamento,40.05,,,,,4161.37,N/D
2020_208722_0036.xml,93,Corso Allamano 60,2020-02-26,G,380.22,11.84,77.81,83.6,Gas naturale,True,True,False,False,False,False,0,1,6,9,L219,,1389,156,93,93,,1981,45.051027,7.623884,"45.051027, 7.623884",TORINO,E,0Coibentazione elementi opachi vert./orizz.false2D121.63D121.63,D,2.0,Triste,Triste,No,1992,,Caldaia standard,331.15,2000,,Boiler elettrico,49.07,,,,,29837.6,N/D
2021_113184_0089.xml,93,via Fratelli Garrone 63/30_31_32_33_34_35,2021-11-11,E,113.68,3.32,21.96,54.63,Teleriscaldamento,True,True,False,False,False,False,0,1,3,6,L219,,1488,76,93,93,,1966,45.0116,7.6509,"45.0116, 7.6509",Torino,E,coibentazione cassonetto,E,0.58,Triste,Triste,Sì,1996,,Teleriscaldamento,70.37,2013,,Caldaia standard,43.31,,,,,6541.46,Ed. Plurifam.
2019_113184_0280.xml,94,via Sidoli 34_36_TO,2020-12-03,E,128.06,0.43,40.51,74.54,Teleriscaldamento,True,True,False,False,False,False,0,1,3,4,L219,,1441,88,94,94,,1993,45.0248,7.6451,"45.0248, 7.6451",Torino,E,isolamento parete eterna,C,2.98,Triste,Triste,No,1997,,Teleriscaldamento,108.54,1997,,Teleriscaldamento,19.52,,,,,10028.0,Ed. Plurifam.
2019_311734_0005.xml,94,Via San Donato 48,2019-08-29,C,105.23,35.51,23.65,98.73,Gas naturale,True,True,True,False,False,False,0,1,0,2,L219,,1178,254,94,94,,1939,45.0807598,7.6635909,"45.0807598, 7.6635909",Torino,E,0Fabbricato,B,25.4,Triste,Sorridente,No,2014,Pompa di calore a compressione di vapore,Pompa di calore,75.56,2014,Energas damona 24a,Caldaia standard,21.33,2014,Macchina frigorifera a compressione di vapore,Pompa di calore,8.34,8775.34,N/D
2020_312661_0005.xml,94,Corso Mortara 36,2020-02-17,D,119.96,0.93,21.24,45.85,Teleriscaldamento,True,True,False,False,False,False,0,1,6,4,L219,,1125,438,94,94,,2005,45.0912,7.6723,"45.0912, 7.6723",Torino,E,Coibentazione cassonetti,D,6.23,Triste,Basita/o,No,2005,,Teleriscaldamento,95.78,2005,,Teleriscaldamento,24.18,,,,,4848.0,N/D
2021_213914_0108.xml,94,CORSO LIONE 54,2021-11-11,E,153.04,2.05,41.41,47.87,Teleriscaldamento,False,False,False,False,False,False,0,1,3,3,L219,,1298,281,94,94,,1984,45.1167,7.7167,"45.1167, 7.7167",TORINO,E,				Isolamento strutture opache verticali verso l'esterno,D,15.0,Triste,Triste,No,2009,,Caldaia a condensazione,113.49,2009,,Caldaia standard,39.55,,,,,7131.1826,Ed. Plurifam.
2021_312661_0039.xml,94,"Largo Cigna 72, Via Cuneo 31-33-35",2021-07-14,E,203.0,2.1,40.91,39.46,Gas naturale,True,True,False,False,False,False,0,1,3,5,L219,,1183,220,94,94,,2004,45.0872,7.6879,"45.0872, 7.6879",Torino,E,Sostituzione del generatore di calore per Riscaldamento con caldaia a condensazione,D,6.24,Triste,Basita/o,No,2006,,Caldaia standard,171.95,2006,,Caldaia standard,31.05,,,,,7481.9,Ed. Plurifam.
2022_113184_0129.xml,94,via Fratelli Garrone 61/76A-F,2022-12-10,E,87.94,2.14,17.06,75.56,Teleriscaldamento,True,True,False,False,False,False,0,1,3,6,L219,,1488,78,94,94,,1966,45.0109,7.6507,"45.0109, 7.6507",Torino,E,installazione fotovoltaico,E,6.63,Triste,Basita/o,No,1996,,Teleriscaldamento,51.11,2005,,Caldaia standard,36.83,,,,,6884.48,Ed. Plurifam.
2022_212533_0104.xml,94,ia Andrea Sansovino 98,2022-05-19,F,110.43,11.37,33.24,96.4,Teleriscaldamento,True,True,False,False,False,False,0,1,2,2,L219,0,1073,7,94,94,,1960,45.1025263,7.6424763,"45.1025263, 7.6424763",TORINO,E,coibentazione pareti fredde,E,4.0,Triste,Triste,No,1983,PRINCIPALE,Teleriscaldamento,63.25,2000,acs,Boiler elettrico,47.18,,,,,9438.0,N/D
2020_107973_0135.xml,95,VIA SOMALIA 100,2020-06-19,D,131.47,0.28,26.34,63.71,Gas naturale,True,True,False,False,False,False,0,1,3,1,L219,,1489,587,95,95,,2007,45.009043,7.655436,"45.009043, 7.655436",Torino,E,0Inserimento isolamento su involucro opacofalse19.1D118.18D118.18,D,19.1,Triste,Basita/o,No,2007,Generatore a gas o combustibile fossile,Caldaia standard,107.81,2007,Generatore a gas o combustibile fossile,Caldaia standard,23.66,,,,,8357.779999999999,Ed. Plurifam.
2020_207949_0030.xml,95,corso vercelli 19,2020-02-25,E,134.5,1.8,25.48,92.0,Gas naturale,True,True,False,False,False,False,0,1,3,1,L219,-,1183,41,95,95,,1930,45.0661111111111,7.68222222222222,"45.0661111111111, 7.68222222222222",TORINO,E,1SOSTITUZIONE SERRAMENTI ESTERNIfalse25D85.52D85.52,D,25.0,Triste,Basita/o,No,2000,PRINCIPALE,Caldaia standard,100.44,2000,PRINCIPALE,Caldaia standard,34.06,,,,,12061.32,Ed. Plurifam.
2021_101746_0006.xml,95,CORSO ORBASSANO 378,2021-03-16,F,106.42,0.0,20.85,82.0,Gas naturale,True,True,False,False,False,False,0,1,9,5,L219,,1429,98,95,95,,1960,45.0338,7.6206,"45.0338, 7.6206",Torino,E,				INSUFFLAGGIO PARETI PERIMETRALI,E,8.0,Triste,Triste,No,2016,,Caldaia a condensazione,76.94,2000,,Caldaia standard,29.48,,,,,7637.66,App. Condominio
2021_105537_0002.xml,955,"Via Daubree n.6,  10144 Torino",2021-01-26,B,124.02,0.5,23.37,51.47,Teleriscaldamento,True,True,False,False,False,False,0,1,5,2,L219,,1153,131,955,955,,2008,45.0887,7.6668,"45.0887, 7.6668",Torino,E,				Installazione impianto VMC con recupero di calore,A1,4.0,Triste,Sorridente,No,2013,,Teleriscaldamento,104.76,2013,,Teleriscaldamento,19.26,,,,,7370.0,N/D
2021_103241_0021.xml,96,VIA FILADELFIA 237/2,2021-04-20,F,222.37,2.36,29.28,88.77,Teleriscaldamento,False,False,False,False,False,False,0,1,3,3,L219,,1387,35,96,96,,1972,45.0667,7.6667,"45.0667, 7.6667",TORINO,E,				Sostituzione infissi con altri aventi vetrocamera b.e,E,20.0,Triste,Basita/o,No,1996,,Teleriscaldamento,192.28,2019,,Teleriscaldamento,30.09,,,,,20409.65,Ed. Plurifam.
2021_110134_0027.xml,96,Via Paolo Sarpi 134,2021-06-22,B,93.6,17.97,21.16,48.21,Energia elettrica da rete,True,True,True,False,False,False,0,1,3,5,L219,,1426,395,96,96,,2015,45.0307,7.6421,"45.0307, 7.6421",Torino,E,Installazione pannelli fotovoltaici,A1,7.66,Sorridente,Triste,No,2013,,Teleriscaldamento,0.03,2013,,Teleriscaldamento,19.02,2013,,Pompa di calore,74.55,2914.0,Ed. Plurifam.
2022_101746_0048.xml,96,CORSO ORBASSANO 378,2022-08-26,F,133.44,0.0,26.15,59.0,Gas naturale,True,True,False,False,False,False,0,1,9,6,L219,,1429,98,96,96,,1960,45.0338,7.6206,"45.0338, 7.6206",Torino,E,				INSUFFLAGGIO PARETI PERIMETRALI,E,8.0,Triste,Triste,No,2016,,Caldaia a condensazione,100.91,2000,,Caldaia standard,32.53,,,,,6888.74,App. Condominio
2022_312661_0035.xml,96,Via Vittime di Bologna 5,2022-04-22,D,85.12,8.03,17.14,45.97,Gas naturale,True,True,False,False,False,False,0,1,3,1,L219,,1089,306,96,96,,1985,45.1011,7.7292,"45.1011, 7.7292",Torino,E,realizzazione cappotto,C,7.99,Triste,Triste,Sì,2007,,Caldaia a condensazione,64.18,2007,,Caldaia a condensazione,20.94,,,,,3996.3399999999997,Ed. Plurifam.
2021_208026_0030.xml,960,corso umbria 58,2021-02-12,C,161.91,7.85,31.49,42.7,Gas naturale,True,True,True,False,False,False,0,1,6,6,L219,/,1153,132,960,960,,2002,45.0661111111111,7.68222222222222,"45.0661111111111, 7.68222222222222",TORINO,E,Sostituzione serramenti,A1,9.0,Triste,Basita/o,No,2021,PRINCIPALE,Caldaia standard,103.22,2021,PRINCIPALE,Caldaia standard,26.24,2015,Impianto 4...,Pompa di calore,32.45,6240.639999999999,N/D
2020_113184_0019.xml,97,via Sidoli 34_36_TO,2020-12-03,F,191.98,0.63,60.73,74.88,Teleriscaldamento,True,True,False,False,False,False,0,1,3,5,L219,,1441,88,97,97,,1993,45.0248,7.6451,"45.0248, 7.6451",Torino,E,isolamento parete esterna,D,2.98,Triste,Triste,No,1997,,Teleriscaldamento,172.49,1997,,Teleriscaldamento,19.49,,,,,15105.0,Ed. Plurifam.
2020_312661_0008.xml,97,Corso Mortara 36,2020-02-17,D,127.69,1.02,22.62,72.85,Teleriscaldamento,True,True,False,False,False,False,0,1,6,5,L219,,1125,438,97,97,,2005,45.0912,7.6723,"45.0912, 7.6723",Torino,E,Coibentazione cassonetti,D,6.23,Triste,Sorridente,No,2005,,Teleriscaldamento,105.64,2005,,Teleriscaldamento,22.05,,,,,8195.0,N/D
2021_209507_0097.xml,97,VIA FILADELFIA 237,2021-05-10,F,276.21,0.0,55.24,76.0,Teleriscaldamento,False,False,False,False,False,False,0,0,0,6,L219,,1387,35,97,97,,1967,45.0667,7.6667,"45.0667, 7.6667",TORINO,E,				ULTERIORE ISOLAMENTO INVOLUCRO EDILIZIO,E,10.0,Triste,Triste,No,1996,,31,265.3,1996,,31,10.91,,,,,13994.72,N/D
2019_208347_0104.xml,98,STRADA DEL PORTONE 35/12,2019-06-02,D,73.73,0.26,13.86,49.09,Gas naturale,True,True,False,False,False,False,0,1,6,2,L219,0,1432,161,98,98,,2009,45.0661111111111,7.68222222222222,"45.0661111111111, 7.68222222222222",TORINO,E,"1Sostituzione vetri, con doppi vetri basso",C,10.0,Triste,Triste,No,2011,PRINCIPALE,Caldaia standard,58.35,2011,PRINCIPALE,Caldaia standard,15.38,,,,,3595.46,N/D
2020_102099_0074.xml,98,Via Pianezza snc,2020-05-10,G,364.56,56.96,55.0,56.82,Teleriscaldamento,False,False,False,False,False,False,0,1,3,0,L219,,1121,41,98,98,,1980,45.095528,7.645157,"45.095528, 7.645157",TORINO,E,Insufflaggio pareti esterne,G,5.0,Triste,Triste,No,2015,Teleriscaldamento,Teleriscaldamento,133.94,2000,Boiler elettrico,Boiler elettrico,230.62,,,,,13827.0,Ed. Plurifam.
2020_201485_0089.xml,98,Via Pietracqua Luigi 21,2021-04-01,F,161.17,1.17,31.85,65.0,Gas naturale,False,False,False,False,False,False,0,1,3,3,L219,,1144,14,98,98,,1962,45.0920145616726,7.7076436736107,"45.0920145616726, 7.7076436736107",Torino,E,Data sopralluogo: 21/12/2020,D,10.0,Triste,Triste,No,2019,,Caldaia standard,137.37,2019,,Caldaia standard,23.8,,,,,10339.983,Ed. Plurifam.
2022_101746_0077.xml,98,CORSO ORBASSANO 378,2022-12-16,F,133.9,0.0,26.22,61.0,Gas naturale,True,True,False,False,False,False,0,1,9,7,L219,,1429,98,98,98,,1960,45.0338,7.6206,"45.0338, 7.6206",Torino,E,				INSUFFLAGGIO PARETI PERIMETRALI,E,8.0,Triste,Triste,No,2016,,Caldaia a condensazione,101.76,2000,,Caldaia standard,32.14,,,,,7153.24,App. Condominio
2022_112186_0003.xml,98,CORSO VERCELLI 19,2022-12-04,G,456.0,0.0,91.2,22.17,Gas naturale,False,False,False,False,False,False,0,1,6,1,L219,,1183,41,98,98,,1900,45.066111,7.682222,"45.066111, 7.682222",TORINO,E,"Fino al 31/12/22 sono previste agevolazioni fiscalI per interventi di riq. energetica su patrimonio edilizio, dal 50 e al 65% delle spese. Quelli",F,10.0,Triste,Triste,No,,,,409.8,,,,46.2,,,,,10128.859999999999,N/D
2021_212629_1263.xml,987,VIA ADOLPHE DAUBREE 8,2021-11-10,C,94.72,0.0,18.94,66.0,Gas naturale,True,True,False,False,False,False,0,1,0,1,L219,,1153,131,987,987,,2008,45.1167,7.7167,"45.1167, 7.7167",Torino,E,1Fabbricato,C,2.6,Basita/o,Sorridente,No,2016,ARCA MK 140,Caldaia standard,59.08,2011,Teleriscaldamento,Teleriscaldamento,35.64,,,,,5474.42,N/D
2021_113184_0076.xml,99,via Fratelli Garrone 63/30_31_32_33_34_35,2021-11-11,F,224.49,6.2,42.71,54.63,Teleriscaldamento,True,True,False,False,False,False,0,1,3,9,L219,,1488,76,99,99,,1966,45.0116,7.6509,"45.0116, 7.6509",Torino,E,isolamento sottotetto,E,5.96,Triste,Triste,Sì,1996,,Teleriscaldamento,181.18,2013,,Caldaia standard,43.31,,,,,13366.46,Ed. Plurifam.
2021_200542_0029.xml,99,Via Aosta 29,2021-03-26,G,321.01,13.25,62.1,42.53,Gas naturale,True,True,False,False,False,False,0,1,3,6,L219,0,1184,10,99,99,,1957,45.0661111111111,7.68222222222222,"45.0661111111111, 7.68222222222222",TORINO,E,Isolamento strutture opache verticali,G,24.0,Triste,Basita/o,No,2012,,Caldaia a condensazione,267.29,2005,,Boiler elettrico,53.72,,,,,12530.599999999999,Ed. Plurifam.
2022_215889_0007.xml,99,Via Somalia 100,2022-09-26,D,91.99,7.62,18.35,34.03,Gas naturale,True,True,False,False,False,False,0,1,3,1,L219,0,1489,587,99,99,,2006,45.0661111111111,7.68222222222222,"45.0661111111111, 7.68222222222222",TORINO,E,Isolamento strutture opache verticali,D,90.0,Triste,Basita/o,No,2019,,Caldaia a condensazione,58.98,2019,,Caldaia a condensazione,33.01,,,,,2609.58,Ed. Plurifam.
2019_204972_0010.xml,990,VIA DAUBREE 8,2019-12-11,C,60.61,0.0,12.12,57.06,Teleriscaldamento,True,True,False,False,False,False,0,1,3,3,L219,,1153,131,990,990,,2008,45.066111,45.066111,"45.066111, 45.066111",TORINO,E,2Intervento su impianti di climatizzazione invernaletrue26E208.183Intervento su impianti di climatizzazione estivafalse26C58.17C60.61,E,26.0,Triste,Triste,No,2013,Nuovo Teleriscaldamento ...,Teleriscaldamento,27.02,2013,Nuovo Teleriscaldamento ...,Teleriscaldamento,33.59,,,,,2306.0,Ed. Plurifam.
2022_100224_0039.xml,998,via Adolphe Daubrèe 8,2022-12-10,C,90.27,2.15,30.63,40.69,Teleriscaldamento,True,True,False,False,False,False,0,1,3,6,L219,,1153,131,998,998,,2005,45.116667,7.716667,"45.116667, 7.716667",Torino,E,0Intervento sulle strutture opachefalse20.5A158.691Intervento sui serramentifalse32.4B76.160Eliminazione dei ponti termicifalse19.5C82.88A239.01,A1,20.5,Triste,Basita/o,No,2013,Teleriscaldamento_1,Teleriscaldamento,71.84,2013,Teleriscaldamento_1,Teleriscaldamento,18.43,,,,,4155.0,Ed. Plurifam.
