id;codice_comune;foglio;particella;subalterno;superficie_di_riferimento_mq;natura_del_bene;indirizzo;numero_civico;latitudine;longitudine;tipologia_bene_immobile;epoca_costruzione;vincolo_culturale_paesaggistico;natura_giuridica_del_bene;utilizzo_del_bene;finalita;tipo_detenzione_a_terzi;canone_annuale;data_decorrenza;numero_immobili_per_catasto;id_list;meta_immobile;lista_file_ape;classe_energetica_ape;epglnren_ape;classe_target_ape;list_file_ape_filtered;coordinate_ds_coerenti;list_file_ape_validated;fonte_coordinate_usata;list_file_ape_validated_norm;plot_filename;id_left;zona_omi
3107623;L219;1013;136;;5444.0;FABBRICATO;Via degli Abeti;13;45.1312655;7.7090528;Edificio scolastico (es.: scuola di ogni ordine e grado, università, scuola di formazione);Dal 1981 al 1990;Nessuno;Patrimonio indisponibile;Utilizzato direttamente;Attività didattica;;;;3;[683279, 683280, 683281];True;['2020_101416_0019.xml'];A1;119.03;A4;['2020_101416_0019.xml'];True;['2020_101416_0019.xml'];originali;('2020_101416_0019.xml',);ape_summary_af6cfcc9132e.html;3107623;D22
3107636;L219;1043;10;;933.0;FABBRICATO;corso vercelli;491 13;45.1201654;7.7099907;Abitazione;Dal 1919 al 1945;Dichiarazione di interesse culturale;Demanio;Utilizzato direttamente;Altro;;;;13;[687257, 687258, 687259, 687260, 687261, 687267, 687268, 687269, 687270, 687271, 2667997, 2667999, 2668004];True;['2019_102351_0142.xml', '2019_102351_0143.xml', '2021_313821_0080.xml'];C;112.85;A1;['2019_102351_0142.xml', '2019_102351_0143.xml', '2021_313821_0080.xml'];False;['2021_313821_0080.xml'];originali;('2019_102351_0142.xml', '2019_102351_0143.xml', '2021_313821_0080.xml');ape_summary_30fbaefbb650.html;3107636;D22
3107637;L219;1043;12;;846.0;FABBRICATO;corso vercelli;483 9;45.119656;7.7092692;Abitazione;Dal 1919 al 1945;Dichiarazione di interesse culturale;Demanio;Utilizzato direttamente;Altro;;;;14;[687349, 687350, 687353, 687354, 687355, 687356, 687357, 687358, 687359, 687360, 687361, 687362, 687363, 2668401];True;['2019_312661_0144.xml', '2019_312661_0145.xml'];C;84.17;C;['2019_312661_0144.xml', '2019_312661_0145.xml'];True;['2019_312661_0144.xml', '2019_312661_0145.xml'];originali;('2019_312661_0144.xml', '2019_312661_0145.xml');ape_summary_a808b314c391.html;3107637;D22
3107638;L219;1043;13;;926.0;FABBRICATO;corso vercelli;487 10;45.1197849;7.7097167;Abitazione;Dal 1919 al 1945;Dichiarazione di interesse culturale;Demanio;Utilizzato direttamente;Altro;;;;13;[687364, 687365, 687366, 687367, 687368, 687369, 687372, 687375, 687376, 687379, 2667343, 2667344, 2667346];True;['2021_313821_0076.xml', '2021_313821_0077.xml', '2021_313821_0096.xml'];C;77.59;A1;['2021_313821_0076.xml', '2021_313821_0077.xml', '2021_313821_0096.xml'];True;['2021_313821_0076.xml', '2021_313821_0077.xml', '2021_313821_0096.xml'];originali;('2021_313821_0076.xml', '2021_313821_0077.xml', '2021_313821_0096.xml');ape_summary_cda046821f98.html;3107638;D22
3107639;L219;1043;14;;927.0;FABBRICATO;corso vercelli;491 11;45.1199126;7.7101329;Abitazione;Dal 1919 al 1945;Dichiarazione di interesse culturale;Demanio;Utilizzato direttamente;Altro;;;;13;[687422, 687423, 687426, 687427, 687428, 687429, 687430, 687435, 687436, 687437, 2667349, 2667351, 2667354];True;['2019_102351_0137.xml', '2019_102351_0138.xml', '2019_102351_0139.xml'];B;113.65;A1;['2019_102351_0137.xml', '2019_102351_0138.xml', '2019_102351_0139.xml'];True;['2019_102351_0137.xml', '2019_102351_0138.xml', '2019_102351_0139.xml'];originali;('2019_102351_0137.xml', '2019_102351_0138.xml', '2019_102351_0139.xml');ape_summary_53e5133b0ac7.html;3107639;D22
3107640;L219;1043;18;;924.0;FABBRICATO;corso vercelli;483 6;45.119419;7.7094427;Abitazione;Dal 1919 al 1945;Dichiarazione di interesse culturale;Demanio;Utilizzato direttamente;Altro;;;;13;[687439, 687440, 687443, 687444, 687445, 687446, 687449, 687450, 2667296, 2667297, 2667298, 2667303, 2667306];True;['2019_102351_0147.xml', '2019_102351_0148.xml', '2021_313821_0081.xml', '2021_313821_0082.xml'];C;86.26;A1;['2019_102351_0147.xml', '2019_102351_0148.xml', '2021_313821_0081.xml', '2021_313821_0082.xml'];True;['2021_313821_0081.xml', '2021_313821_0082.xml'];originali;('2019_102351_0147.xml', '2019_102351_0148.xml', '2021_313821_0081.xml', '2021_313821_0082.xml');ape_summary_e49e134657d1.html;3107640;D22
3107642;L219;1043;20;;922.0;FABBRICATO;corso vercelli;491 8;45.1196739;7.7103112;Abitazione;Dal 1919 al 1945;Dichiarazione di interesse culturale;Demanio;Utilizzato direttamente;Altro;;;;13;[686361, 686362, 686365, 686366, 686367, 686368, 686369, 686372, 686373, 686376, 2667325, 2667328, 2667330];True;['2019_102351_0131.xml', '2019_102351_0132.xml', '2019_102351_0133.xml', '2021_313821_0084.xml'];C;120.64;B;['2019_102351_0131.xml', '2019_102351_0132.xml', '2019_102351_0133.xml', '2021_313821_0084.xml'];True;['2019_102351_0131.xml', '2019_102351_0132.xml', '2019_102351_0133.xml'];originali;('2019_102351_0131.xml', '2019_102351_0132.xml', '2019_102351_0133.xml', '2021_313821_0084.xml');ape_summary_ca59db81887b.html;3107642;D22
3107645;L219;1043;37;;929.0;FABBRICATO;corso vercelli;491 5;45.1194406;7.7104328;Abitazione;Dal 1919 al 1945;Dichiarazione di interesse culturale;Demanio;Utilizzato direttamente;Altro;;;;13;[686408, 686409, 686410, 686411, 686412, 686413, 686414, 686418, 686419, 686422, 2667234, 2667238, 2667246];True;['2019_102351_0129.xml', '2019_102351_0130.xml', '2021_313821_0073.xml', '2021_313821_0097.xml', '2022_313821_0069.xml'];A1;58.21;A3;['2019_102351_0129.xml', '2019_102351_0130.xml', '2021_313821_0073.xml', '2021_313821_0097.xml', '2022_313821_0069.xml'];True;['2019_102351_0129.xml', '2019_102351_0130.xml'];originali;('2019_102351_0129.xml', '2019_102351_0130.xml', '2021_313821_0073.xml', '2021_313821_0097.xml', '2022_313821_0069.xml');ape_summary_44f54df48408.html;3107645;D22
3107647;L219;1043;40;;887.0;FABBRICATO;corso vercelli;487 2;45.1190395;7.7101843;Abitazione;Dal 1919 al 1945;Dichiarazione di interesse culturale;Demanio;Utilizzato direttamente;Altro;;;;14;[686477, 686478, 686479, 686480, 686481, 686482, 686483, 686484, 686485, 686490, 686491, 686492, 2667034, 2667037];True;['2019_102351_0144.xml', '2019_102351_0145.xml', '2021_313821_0083.xml', '2022_113181_0020.xml'];C;80.15;C;['2019_102351_0144.xml', '2019_102351_0145.xml', '2021_313821_0083.xml', '2022_113181_0020.xml'];True;['2019_102351_0144.xml', '2019_102351_0145.xml', '2021_313821_0083.xml', '2022_113181_0020.xml'];originali;('2019_102351_0144.xml', '2019_102351_0145.xml', '2021_313821_0083.xml', '2022_113181_0020.xml');ape_summary_5f759814c7c5.html;3107647;D22
3107648;L219;1043;41;;924.0;FABBRICATO;corso vercelli;491 3;45.1191776;7.7105979;Abitazione;Dal 1919 al 1945;Dichiarazione di interesse culturale;Demanio;Utilizzato direttamente;Altro;;;;13;[686570, 686571, 686572, 686573, 686574, 686575, 686576, 686580, 686581, 686584, 2667016, 2667022, 2667026];True;['2019_102351_0140.xml', '2019_102351_0141.xml', '2021_313821_0072.xml'];B;83.9;A2;['2019_102351_0140.xml', '2019_102351_0141.xml', '2021_313821_0072.xml'];True;['2019_102351_0140.xml', '2019_102351_0141.xml', '2021_313821_0072.xml'];originali;('2019_102351_0140.xml', '2019_102351_0141.xml', '2021_313821_0072.xml');ape_summary_5dc2f5535ae8.html;3107648;D22
3107649;L219;1043;5;;926.0;FABBRICATO;corso vercelli;483 14;45.1201632;7.7089964;Abitazione;Dal 1919 al 1945;Dichiarazione di interesse culturale;Demanio;Utilizzato direttamente;Altro;;;;15;[686585, 686586, 686587, 686588, 686589, 686590, 686591, 686592, 686593, 686596, 686597, 686598, 686599, 686600, 2668009];True;['2019_102351_0126.xml', '2019_102351_0127.xml', '2019_102351_0128.xml'];B;93.55;B;['2019_102351_0126.xml', '2019_102351_0127.xml', '2019_102351_0128.xml'];False;['2019_102351_0126.xml', '2019_102351_0127.xml', '2019_102351_0128.xml'];originali;('2019_102351_0126.xml', '2019_102351_0127.xml', '2019_102351_0128.xml');ape_summary_9bfab82a8f3c.html;3107649;D22
3107650;L219;1043;6;;929.0;FABBRICATO;corso vercelli;487 15;45.1202979;7.7094372;Abitazione;Dal 1919 al 1945;Dichiarazione di interesse culturale;Demanio;Utilizzato direttamente;Altro;;;;13;[686619, 686620, 686621, 686622, 686623, 686624, 686625, 686629, 686630, 686633, 2668014, 2668016, 2668019];True;['2020_312661_0134.xml', '2021_313821_0070.xml', '2021_313821_0078.xml', '2021_313821_0079.xml'];G;246.87;F;['2020_312661_0134.xml', '2021_313821_0070.xml', '2021_313821_0078.xml', '2021_313821_0079.xml'];False;['2020_312661_0134.xml', '2021_313821_0070.xml', '2021_313821_0078.xml', '2021_313821_0079.xml'];originali;('2020_312661_0134.xml', '2021_313821_0070.xml', '2021_313821_0078.xml', '2021_313821_0079.xml');ape_summary_54cd8a07a8dd.html;3107650;D22
3107652;L219;1043;7;;931.0;FABBRICATO;corso vercelli;491 16;45.1204147;7.7098685;Abitazione;Dal 1919 al 1945;Dichiarazione di interesse culturale;Demanio;Utilizzato direttamente;Altro;;;;14;[687520, 687521, 687526, 687527, 687528, 687529, 687530, 687531, 687532, 687533, 687534, 687535, 2668024, 2668027];True;['2019_312661_0149.xml', '2019_312661_0150.xml', '2019_312661_0151.xml', '2019_312661_0152.xml', '2021_313821_0071.xml', '2021_313821_0169.xml'];C;88.35;A1;['2019_312661_0149.xml', '2019_312661_0150.xml', '2019_312661_0151.xml', '2019_312661_0152.xml', '2021_313821_0071.xml', '2021_313821_0169.xml'];False;['2019_312661_0149.xml', '2019_312661_0150.xml', '2019_312661_0151.xml', '2019_312661_0152.xml', '2021_313821_0071.xml', '2021_313821_0169.xml'];originali;('2019_312661_0149.xml', '2019_312661_0150.xml', '2019_312661_0151.xml', '2019_312661_0152.xml', '2021_313821_0071.xml', '2021_313821_0169.xml');ape_summary_f559c995e69a.html;3107652;D22
3107653;L219;1043;73;;1902.0;FABBRICATO;Via Stefano Tempia;0;45.11743;7.7081348;Abitazione;Dal 1971 al 1980;Nessuno;Patrimonio indisponibile;Utilizzato direttamente;Altro;;;;20;[687537, 687538, 687539, 687540, 687541, 687542, 687543, 687544, 687545, 687546, 687547, 687548, 687550, 687551, 687552, 687553, 687554, 687555, 687556, 687557];True;['2020_200297_0200.xml', '2020_204454_0069.xml', '2021_108905_0009.xml', '2021_203171_0003.xml', '2021_210948_0117.xml', '2022_214587_0011.xml'];E;92.13;D;['2020_200297_0200.xml', '2020_204454_0069.xml', '2021_108905_0009.xml', '2021_203171_0003.xml', '2021_210948_0117.xml', '2022_214587_0011.xml'];;['2021_108905_0009.xml', '2021_203171_0003.xml', '2021_210948_0117.xml'];originali;('2020_200297_0200.xml', '2020_204454_0069.xml', '2021_108905_0009.xml', '2021_203171_0003.xml', '2021_210948_0117.xml', '2022_214587_0011.xml');ape_summary_41b9385628be.html;3107653;D22
3107655;L219;1043;8;;932.0;FABBRICATO;corso vercelli;483 12;45.119915;7.7091353;Abitazione;Dal 1919 al 1945;Dichiarazione di interesse culturale;Demanio;Utilizzato direttamente;Altro;;;;13;[687020, 687023, 687024, 687028, 687029, 687030, 687031, 687032, 687033, 687034, 2667366, 2667371, 2667372];True;['2019_102351_0146.xml', '2019_312661_0146.xml', '2019_312661_0147.xml', '2019_312661_0148.xml', '2021_313821_0075.xml'];B;108.96;B;['2019_102351_0146.xml', '2019_312661_0146.xml', '2019_312661_0147.xml', '2019_312661_0148.xml', '2021_313821_0075.xml'];False;['2019_102351_0146.xml', '2019_312661_0146.xml', '2019_312661_0147.xml', '2019_312661_0148.xml', '2021_313821_0075.xml'];originali;('2019_102351_0146.xml', '2019_312661_0146.xml', '2019_312661_0147.xml', '2019_312661_0148.xml', '2021_313821_0075.xml');ape_summary_ee3f4936237a.html;3107655;D22
3107656;L219;1049;45;;349.0;FABBRICATO;Via Ivrea;49 B;45.1168175;7.7052032;Locale commerciale, negozio;Dal 1981 al 1990;Nessuno;Patrimonio disponibile;Utilizzato direttamente;Attività commerciale e di ristorazione;;;;3;[2665858, 2665859, 2665860];True;['2019_203322_0001.xml', '2019_203322_0002.xml', '2019_204038_0049.xml', '2019_211573_0004.xml', '2021_110874_0009.xml', '2021_208567_0156.xml', '2022_102992_0034.xml', '2022_202078_0276.xml', '2022_212343_0025.xml'];F;199.66;E;['2019_203322_0001.xml', '2019_203322_0002.xml', '2019_204038_0049.xml', '2019_211573_0004.xml', '2021_110874_0009.xml', '2021_208567_0156.xml', '2022_102992_0034.xml', '2022_202078_0276.xml', '2022_212343_0025.xml'];True;['2022_102992_0034.xml'];originali;('2019_203322_0001.xml', '2019_203322_0002.xml', '2019_204038_0049.xml', '2019_211573_0004.xml', '2021_110874_0009.xml', '2021_208567_0156.xml', '2022_102992_0034.xml', '2022_202078_0276.xml', '2022_212343_0025.xml');ape_summary_223efdeb63ba.html;3107656;D22
3107661;L219;1059;281;;416.0;FABBRICATO;Via Venarìa;36;45.10818734;7.66114061;Abitazione;Dal 1919 al 1945;Nessuno;Patrimonio indisponibile;Utilizzato direttamente;Altro;;;;6;[687759, 687760, 687761, 687762, 687763, 687764];True;['2019_312661_0215.xml'];F;326.15;E;['2019_312661_0215.xml'];True;['2019_312661_0215.xml'];originali;('2019_312661_0215.xml',);ape_summary_d37f1c2d340d.html;3107661;D10
3107665;L219;1065;24;;541.0;FABBRICATO;CORSO FERRARA;50;45.1091131;7.624154;Abitazione;Dal 1961 al 1970;Nessuno;Patrimonio disponibile;Utilizzato direttamente;Altro;in locazione;5053.0;01/07/2022;6;[687143, 2859501, 2859503, 2859505, 2859507, 2859508];True;['2022_102099_0003.xml', '2022_102099_0004.xml', '2022_102099_0006.xml'];G;409.31;F;['2022_102099_0003.xml', '2022_102099_0004.xml', '2022_102099_0006.xml'];True;['2022_102099_0003.xml', '2022_102099_0004.xml', '2022_102099_0006.xml'];originali;('2022_102099_0003.xml', '2022_102099_0004.xml', '2022_102099_0006.xml');ape_summary_eb804f7fa70c.html;3107665;D23
3107666;L219;1065;25;;462.0;FABBRICATO;Corso Ferrara;50;45.1088208;7.6243678;Abitazione;Dal 1961 al 1970;Nessuno;Patrimonio disponibile;Utilizzato direttamente;Non Dichiarato;in locazione;839.0;01/02/2021;6;[688745, 688746, 688747, 688748, 688749, 688750];True;['2022_102099_0005.xml', '2022_102099_0007.xml', '2022_102099_0008.xml', '2022_102099_0009.xml', '2022_102099_0010.xml', '2022_102099_0011.xml', '2022_102099_0012.xml'];G;343.73;F;['2022_102099_0005.xml', '2022_102099_0007.xml', '2022_102099_0008.xml', '2022_102099_0009.xml', '2022_102099_0010.xml', '2022_102099_0011.xml', '2022_102099_0012.xml'];True;['2022_102099_0005.xml', '2022_102099_0007.xml', '2022_102099_0008.xml', '2022_102099_0009.xml', '2022_102099_0010.xml', '2022_102099_0011.xml', '2022_102099_0012.xml'];originali;('2022_102099_0005.xml', '2022_102099_0007.xml', '2022_102099_0008.xml', '2022_102099_0009.xml', '2022_102099_0010.xml', '2022_102099_0011.xml', '2022_102099_0012.xml');ape_summary_fc4fb084faf9.html;3107666;D23
3107667;L219;1065;26;;1147.0;FABBRICATO;Corso Ferrara;50;45.1089546;7.6249603;Abitazione;Dal 1961 al 1970;Nessuno;Patrimonio disponibile;Utilizzato direttamente;Altro;;;;7;[688753, 688754, 688755, 688756, 688757, 688758, 688759];True;['2022_102099_0001.xml', '2022_102099_0002.xml'];G;343.75;F;['2022_102099_0001.xml', '2022_102099_0002.xml'];True;['2022_102099_0001.xml', '2022_102099_0002.xml'];originali;('2022_102099_0001.xml', '2022_102099_0002.xml');ape_summary_8261da254604.html;3107667;D23
3107669;L219;1069;150;;821.0;FABBRICATO;Viale dei Mughetti;29;45.1035106;7.6262609;Abitazione;Dal 1946 al 1960;Nessuno;Patrimonio indisponibile;Utilizzato direttamente;Altro;;;;14;[688782, 688785, 688786, 688787, 688788, 688790, 688792, 688794, 688799, 688801, 688803, 688805, 688807, 688811];True;['2019_212533_0285.xml', '2019_212533_0320.xml', '2019_212533_0321.xml', '2019_212533_0322.xml', '2019_104581_0008.xml', '2019_104581_0009.xml', '2019_104581_0010.xml', '2019_107568_0017.xml', '2020_212533_0036.xml', '2020_212533_0050.xml', '2020_212533_0058.xml', '2020_212533_0059.xml', '2020_212533_0060.xml', '2020_212533_0061.xml', '2020_212533_0062.xml', '2020_212533_0063.xml', '2020_212533_0064.xml', '2020_212533_0065.xml', '2020_212533_0066.xml', '2020_212533_0067.xml', '2020_212533_0068.xml'];D;102.50;C;['2019_212533_0285.xml', '2019_212533_0320.xml', '2019_212533_0321.xml', '2019_212533_0322.xml', '2019_104581_0008.xml', '2019_104581_0009.xml', '2019_104581_0010.xml', '2019_107568_0017.xml', '2020_212533_0036.xml', '2020_212533_0050.xml', '2020_212533_0058.xml', '2020_212533_0059.xml', '2020_212533_0060.xml', '2020_212533_0061.xml', '2020_212533_0062.xml', '2020_212533_0063.xml', '2020_212533_0064.xml', '2020_212533_0065.xml', '2020_212533_0066.xml', '2020_212533_0067.xml', '2020_212533_0068.xml'];;['2019_212533_0285.xml', '2019_104581_0008.xml', '2019_104581_0009.xml', '2019_104581_0010.xml', '2020_212533_0036.xml', '2020_212533_0050.xml', '2020_212533_0058.xml', '2020_212533_0059.xml', '2020_212533_0060.xml', '2020_212533_0061.xml', '2020_212533_0062.xml', '2020_212533_0063.xml', '2020_212533_0064.xml', '2020_212533_0065.xml', '2020_212533_0066.xml', '2020_212533_0067.xml', '2020_212533_0068.xml'];originali;('2019_104581_0008.xml', '2019_104581_0009.xml', '2019_104581_0010.xml', '2019_107568_0017.xml', '2019_212533_0285.xml', '2019_212533_0320.xml', '2019_212533_0321.xml', '2019_212533_0322.xml', '2020_212533_0036.xml', '2020_212533_0050.xml', '2020_212533_0058.xml', '2020_212533_0059.xml', '2020_212533_0060.xml', '2020_212533_0061.xml', '2020_212533_0062.xml', '2020_212533_0063.xml', '2020_212533_0064.xml', '2020_212533_0065.xml', '2020_212533_0066.xml', '2020_212533_0067.xml', '2020_212533_0068.xml');ape_summary_9164e00aa7ff.html;3107669;D23
3107670;L219;1069;151;;1919.0;FABBRICATO;Via delle Primule;28;45.101346;7.6257195;Abitazione;Dal 1946 al 1960;Nessuno;Patrimonio indisponibile;Utilizzato direttamente;Altro;;;;20;[257494, 257495, 257496, 257497, 257498, 257499, 257500, 257501, 257502, 257503, 257504, 257505, 257506, 257512, 257521, 257529, 257539, 257543, 257544, 257545];True;['2019_104581_0012.xml'];G;350.46;G;['2019_104581_0012.xml'];True;['2019_104581_0012.xml'];originali;('2019_104581_0012.xml',);ape_summary_be68162049ed.html;3107670;D23
3107681;L219;1073;13;;700.0;FABBRICATO;via sansovino andrea;90 30;45.1016765;7.6424735;Abitazione;Dal 1946 al 1960;Nessuno;Patrimonio indisponibile;Utilizzato direttamente;Altro;;;;13;[688291, 688292, 688293, 688294, 688295, 688296, 688297, 688298, 688299, 688300, 688301, 688302, 688303];True;['2019_110202_0008.xml', '2019_212629_1022.xml', '2019_101975_0014.xml', '2020_101594_0043.xml', '2020_200297_0017.xml', '2021_110202_0021.xml', '2021_110202_0022.xml', '2021_209689_0213.xml', '2021_211573_0060.xml', '2021_212247_0101.xml', '2022_201227_0040.xml', '2022_208567_0031.xml'];G;224.75;G;['2019_110202_0008.xml', '2019_212629_1022.xml', '2019_101975_0014.xml', '2020_101594_0043.xml', '2020_200297_0017.xml', '2021_110202_0021.xml', '2021_110202_0022.xml', '2021_209689_0213.xml', '2021_211573_0060.xml', '2021_212247_0101.xml', '2022_201227_0040.xml', '2022_208567_0031.xml'];True;['2021_209689_0213.xml', '2021_211573_0060.xml', '2021_212247_0101.xml'];originali;('2019_101975_0014.xml', '2019_110202_0008.xml', '2019_212629_1022.xml', '2020_101594_0043.xml', '2020_200297_0017.xml', '2021_110202_0021.xml', '2021_110202_0022.xml', '2021_209689_0213.xml', '2021_211573_0060.xml', '2021_212247_0101.xml', '2022_201227_0040.xml', '2022_208567_0031.xml');ape_summary_00ba167d682c.html;3107681;D23
3107682;L219;1073;15;;112.0;FABBRICATO;Via Parenzo;95;45.1021485;7.6440672;Abitazione;Dal 1946 al 1960;Nessuno;Patrimonio indisponibile;Utilizzato direttamente;Altro;;;;2;[688316, 688317];True;['2021_103686_0016.xml'];G;278.21;F;['2021_103686_0016.xml'];True;['2021_103686_0016.xml'];originali;('2021_103686_0016.xml',);ape_summary_12ce7476a307.html;3107682;D23
3107683;L219;1073;16;;196.0;FABBRICATO;via parenzo;96 19;45.1018079;7.6443773;Abitazione;Dal 1946 al 1960;Nessuno;Patrimonio indisponibile;Utilizzato direttamente;Altro;;;;4;[688318, 688319, 688321, 688322];True;['2019_101975_0008.xml', '2019_113118_0021.xml', '2019_113118_0047.xml', '2019_209281_0002.xml', '2020_202727_0006.xml', '2021_212629_1631.xml'];B;84.09;A1;['2019_101975_0008.xml', '2019_113118_0021.xml', '2019_113118_0047.xml', '2019_209281_0002.xml', '2020_202727_0006.xml', '2021_212629_1631.xml'];True;['2019_113118_0021.xml', '2019_209281_0002.xml'];originali;('2019_101975_0008.xml', '2019_113118_0021.xml', '2019_113118_0047.xml', '2019_209281_0002.xml', '2020_202727_0006.xml', '2021_212629_1631.xml');ape_summary_af1e5f329877.html;3107683;D23
3107684;L219;1073;17;;223.0;FABBRICATO;via pirano;17 62;45.1018393;7.645051;Abitazione;Dal 1946 al 1960;Nessuno;Patrimonio indisponibile;Utilizzato direttamente;Altro;;;;3;[688325, 688326, 688327];True;['2020_113535_0013.xml', '2020_205199_0173.xml', '2020_205199_0201.xml', '2020_212533_0092.xml', '2021_101975_0009.xml', '2021_207546_0024.xml'];E;108.71;E;['2020_113535_0013.xml', '2020_205199_0173.xml', '2020_212533_0092.xml', '2021_101975_0009.xml', '2021_207546_0024.xml'];True;['2020_113535_0013.xml', '2020_212533_0092.xml'];originali;('2020_113535_0013.xml', '2020_205199_0173.xml', '2020_212533_0092.xml', '2021_101975_0009.xml', '2021_207546_0024.xml');ape_summary_189fd808c451.html;3107684;D23
3107685;L219;1073;18;;487.0;FABBRICATO;via parenzo;80 24;45.1012887;7.6441239;Abitazione;Dal 1946 al 1960;Nessuno;Patrimonio indisponibile;Utilizzato direttamente;Altro;;;;9;[689069, 689070, 689071, 689072, 689073, 689074, 689075, 689076, 689077];True;['2019_113118_0040.xml', '2019_201917_0007.xml', '2019_205199_0163.xml', '2020_100824_0001.xml', '2020_104819_0008.xml', '2020_110202_0027.xml', '2021_213683_0001.xml', '2022_207949_0115.xml', '2022_207949_0116.xml', '2022_208026_0066.xml', '2022_213615_0228.xml'];F;167.04;E;['2019_113118_0040.xml', '2019_201917_0007.xml', '2019_205199_0163.xml', '2020_100824_0001.xml', '2020_104819_0008.xml', '2020_110202_0027.xml', '2021_213683_0001.xml', '2022_207949_0115.xml', '2022_207949_0116.xml', '2022_208026_0066.xml', '2022_213615_0228.xml'];True;['2020_100824_0001.xml', '2020_104819_0008.xml', '2021_213683_0001.xml', '2022_213615_0228.xml'];originali;('2019_113118_0040.xml', '2019_201917_0007.xml', '2019_205199_0163.xml', '2020_100824_0001.xml', '2020_104819_0008.xml', '2020_110202_0027.xml', '2021_213683_0001.xml', '2022_207949_0115.xml', '2022_207949_0116.xml', '2022_208026_0066.xml', '2022_213615_0228.xml');ape_summary_e2b055a5f192.html;3107685;D23
3107688;L219;1073;54;;573.0;FABBRICATO;via pirano;9 8;45.1014813;7.6452793;Abitazione;Dal 1946 al 1960;Nessuno;Patrimonio indisponibile;Utilizzato direttamente;Altro;;;;11;[572845, 572846, 572847, 572848, 572849, 572850, 572851, 572852, 572853, 572854, 572856];True;['2020_110567_0017.xml', '2020_212629_0919.xml', '2021_106141_0037.xml', '2021_108752_0016.xml', '2022_101774_0023.xml', '2022_101975_0007.xml', '2022_204509_0030.xml', '2022_213344_0003.xml', '2022_213594_0004.xml'];F;274.02;F;['2020_110567_0017.xml', '2020_212629_0919.xml', '2021_106141_0037.xml', '2021_108752_0016.xml', '2022_101774_0023.xml', '2022_101975_0007.xml', '2022_204509_0030.xml', '2022_213344_0003.xml', '2022_213594_0004.xml'];True;['2021_106141_0037.xml', '2021_108752_0016.xml', '2022_101774_0023.xml', '2022_213594_0004.xml'];originali;('2020_110567_0017.xml', '2020_212629_0919.xml', '2021_106141_0037.xml', '2021_108752_0016.xml', '2022_101774_0023.xml', '2022_101975_0007.xml', '2022_204509_0030.xml', '2022_213344_0003.xml', '2022_213594_0004.xml');ape_summary_b3119e73a1ea.html;3107688;D23
3107689;L219;1073;6;;468.0;FABBRICATO;via sansovino andrea;98 44;45.1024963;7.6425016;Abitazione;Dal 1946 al 1960;Nessuno;Patrimonio indisponibile;Utilizzato direttamente;Altro;;;;9;[689090, 689091, 689092, 689093, 689094, 689095, 689096, 689097, 689098];True;['2019_106467_0082.xml', '2019_113118_0048.xml', '2019_205190_0002.xml', '2019_207709_0013.xml', '2020_212533_0271.xml', '2021_105263_0065.xml', '2021_110202_0037.xml', '2021_202483_0023.xml', '2021_202695_0029.xml', '2022_200690_0022.xml'];C;55.35;C;['2019_106467_0082.xml', '2019_113118_0048.xml', '2019_205190_0002.xml', '2019_207709_0013.xml', '2020_212533_0271.xml', '2021_105263_0065.xml', '2021_110202_0037.xml', '2021_202483_0023.xml', '2021_202695_0029.xml', '2022_200690_0022.xml'];True;['2019_207709_0013.xml', '2020_212533_0271.xml', '2021_202695_0029.xml'];originali;('2019_106467_0082.xml', '2019_113118_0048.xml', '2019_205190_0002.xml', '2019_207709_0013.xml', '2020_212533_0271.xml', '2021_105263_0065.xml', '2021_110202_0037.xml', '2021_202483_0023.xml', '2021_202695_0029.xml', '2022_200690_0022.xml');ape_summary_ee91937d73b3.html;3107689;D23
3107690;L219;1073;7;;662.0;FABBRICATO;via sansovino andrea;98 48;45.1022661;7.6431821;Abitazione;Dal 1946 al 1960;Nessuno;Patrimonio indisponibile;Utilizzato direttamente;Altro;;;;13;[688336, 688337, 688338, 688339, 688340, 688341, 688342, 688343, 688344, 688346, 688347, 688349, 688350];True;['2019_208409_0016.xml', '2019_113118_0060.xml', '2020_205199_0006.xml', '2021_106141_0022.xml', '2021_113373_0002.xml', '2022_101975_0006.xml', '2022_101975_0008.xml', '2022_105263_0043.xml', '2022_105263_0059.xml', '2022_105263_0071.xml', '2022_107031_0009.xml', '2022_204554_0017.xml', '2022_212533_0104.xml', '2022_213615_0502.xml'];G;288.57;G;['2019_208409_0016.xml', '2019_113118_0060.xml', '2020_205199_0006.xml', '2021_106141_0022.xml', '2021_113373_0002.xml', '2022_101975_0006.xml', '2022_101975_0008.xml', '2022_105263_0043.xml', '2022_105263_0059.xml', '2022_105263_0071.xml', '2022_107031_0009.xml', '2022_204554_0017.xml', '2022_212533_0104.xml', '2022_213615_0502.xml'];True;['2021_106141_0022.xml', '2022_212533_0104.xml', '2022_213615_0502.xml'];originali;('2019_113118_0060.xml', '2019_208409_0016.xml', '2020_205199_0006.xml', '2021_106141_0022.xml', '2021_113373_0002.xml', '2022_101975_0006.xml', '2022_101975_0008.xml', '2022_105263_0043.xml', '2022_105263_0059.xml', '2022_105263_0071.xml', '2022_107031_0009.xml', '2022_204554_0017.xml', '2022_212533_0104.xml', '2022_213615_0502.xml');ape_summary_2e2d8221b930.html;3107690;D23
3107701;L219;1079;156;;1357.0;FABBRICATO;via reiss romoli guglielmo;81;45.107576;7.6887712;Abitazione;Dal 1971 al 1980;Nessuno;Patrimonio indisponibile;Utilizzato direttamente;Altro;;;;16;[689197, 689198, 689203, 689204, 689205, 689206, 689207, 689208, 689212, 689213, 689214, 689215, 689216, 689217, 689218, 689219];True;['2019_205199_0065.xml', '2022_109071_0011.xml', '2022_113065_0008.xml', '2022_113065_0009.xml', '2022_204623_0034.xml', '2022_205199_0127.xml'];F;249.44;F;['2019_205199_0065.xml', '2022_109071_0011.xml', '2022_113065_0008.xml', '2022_113065_0009.xml', '2022_204623_0034.xml', '2022_205199_0127.xml'];True;['2022_113065_0008.xml', '2022_113065_0009.xml', '2022_204623_0034.xml'];originali;('2019_205199_0065.xml', '2022_109071_0011.xml', '2022_113065_0008.xml', '2022_113065_0009.xml', '2022_204623_0034.xml', '2022_205199_0127.xml');ape_summary_4fa37c194076.html;3107701;D22
3107702;L219;1079;157;;384.0;FABBRICATO;Via Antonio e Vittorio Scialoja;26;45.1062222;7.6910365;Abitazione;Dal 1971 al 1980;Nessuno;Patrimonio indisponibile;Utilizzato direttamente;Altro;;;;5;[689235, 689236, 689237, 689238, 689239];True;['2019_105913_0021.xml', '2022_214176_0235.xml'];G;206.82;F;['2019_105913_0021.xml', '2022_214176_0235.xml'];True;['2019_105913_0021.xml', '2022_214176_0235.xml'];originali;('2019_105913_0021.xml', '2022_214176_0235.xml');ape_summary_004a37836915.html;3107702;D22
3107705;L219;1080;176;;1737.0;FABBRICATO;via borgo ticino;17;45.1060535;7.6951578;Abitazione;Dal 1981 al 1990;Nessuno;Patrimonio disponibile;Utilizzato direttamente;Non Dichiarato;in locazione;611.0;01/07/2021;21;[689241, 689242, 689243, 689244, 689245, 689246, 689247, 689248, 689249, 689250, 689252, 689253, 689254, 689255, 689265, 689272, 689278, 689279, 689280, 689281, 689282];True;['2019_103654_0004.xml', '2019_103654_0005.xml', '2019_103654_0006.xml', '2019_103654_0009.xml', '2020_102099_0091.xml', '2020_102099_0093.xml', '2020_102099_0094.xml', '2020_102099_0095.xml', '2020_102099_0096.xml', '2020_102099_0097.xml', '2020_102099_0098.xml', '2020_102099_0099.xml', '2020_102099_0100.xml', '2020_102099_0101.xml', '2020_102099_0102.xml', '2020_102099_0103.xml', '2020_102099_0104.xml', '2020_102099_0105.xml', '2020_102099_0106.xml', '2021_102099_0003.xml', '2021_106141_0032.xml'];D;110.15;D;['2019_103654_0004.xml', '2019_103654_0005.xml', '2019_103654_0006.xml', '2019_103654_0009.xml', '2020_102099_0091.xml', '2020_102099_0093.xml', '2020_102099_0094.xml', '2020_102099_0095.xml', '2020_102099_0096.xml', '2020_102099_0098.xml', '2020_102099_0099.xml', '2020_102099_0100.xml', '2020_102099_0101.xml', '2020_102099_0102.xml', '2020_102099_0103.xml', '2020_102099_0104.xml', '2020_102099_0105.xml', '2020_102099_0106.xml', '2021_102099_0003.xml', '2021_106141_0032.xml'];True;['2019_103654_0004.xml', '2019_103654_0005.xml', '2019_103654_0006.xml', '2019_103654_0009.xml', '2020_102099_0091.xml', '2020_102099_0093.xml', '2020_102099_0094.xml', '2020_102099_0095.xml', '2020_102099_0096.xml', '2020_102099_0098.xml', '2020_102099_0099.xml', '2020_102099_0100.xml', '2020_102099_0101.xml', '2020_102099_0102.xml', '2020_102099_0103.xml', '2020_102099_0104.xml', '2020_102099_0105.xml', '2020_102099_0106.xml', '2021_102099_0003.xml'];originali;('2019_103654_0004.xml', '2019_103654_0005.xml', '2019_103654_0006.xml', '2019_103654_0009.xml', '2020_102099_0091.xml', '2020_102099_0093.xml', '2020_102099_0094.xml', '2020_102099_0095.xml', '2020_102099_0096.xml', '2020_102099_0098.xml', '2020_102099_0099.xml', '2020_102099_0100.xml', '2020_102099_0101.xml', '2020_102099_0102.xml', '2020_102099_0103.xml', '2020_102099_0104.xml', '2020_102099_0105.xml', '2020_102099_0106.xml', '2021_102099_0003.xml', '2021_106141_0032.xml');ape_summary_fabe2fe132b6.html;3107705;D21
3107713;L219;1089;306;;6979.0;FABBRICATO;via vittime di bologna;11;45.1018356;7.7289107;Abitazione;Dal 1971 al 1980;Nessuno;Patrimonio indisponibile;Utilizzato direttamente;Altro;;;;145;[690573, 690574, 690575, 690576, 690577, 690578, 690579, 690580, 690581, 690582, 690583, 690584, 690585, 690586, 690587, 690588, 690590, 690591, 690592, 690593, 690594, 690595, 690596, 690597, 690598, 690599, 690600, 690601, 690602, 690603, 690604, 690605, 690606, 690607, 690608, 690609, 690610, 690611, 690612, 690613, 690614, 690615, 690618, 690619, 690620, 690621, 690622, 690623, 690624, 690625, 690626, 690627, 690628, 690629, 690630, 690631, 690632, 690633, 690634, 690635, 690636, 690637, 690638, 690639, 690640, 690641, 690642, 690643, 690644, 690645, 690646, 690647, 690648, 690649, 690650, 690651, 690652, 690653, 690654, 690655, 690656, 690659, 690660, 690661, 690662, 690663, 690664, 690665, 690667, 690668, 690669, 690670, 690671, 690672, 690673, 690674, 690675, 690676, 690677, 690678, 690679, 690680, 690681, 690682, 690683, 690684, 690686, 690687, 690688, 690689, 690690, 690691, 690692, 690693, 690694, 690695, 690696, 690697, 690698, 690699, 690700, 690701, 690702, 690703, 690704, 690705, 690706, 690707, 690708, 690709, 690710, 690711, 690712, 690715, 690716, 690717, 690718, 690719, 690720, 690721, 690722, 690723, 690724, 690725, 690726];True;['2020_312661_0024.xml', '2020_312661_0025.xml', '2020_312661_0026.xml', '2020_312661_0027.xml', '2020_312661_0028.xml', '2020_312661_0132.xml', '2020_312661_0139.xml', '2021_312661_0030.xml', '2022_312661_0010.xml', '2022_312661_0011.xml', '2022_312661_0012.xml', '2022_312661_0030.xml', '2022_312661_0031.xml', '2022_312661_0032.xml', '2022_312661_0033.xml', '2022_312661_0034.xml', '2022_312661_0035.xml', '2022_312661_0036.xml', '2022_312661_0037.xml', '2022_312661_0038.xml', '2022_312661_0039.xml', '2022_312661_0040.xml', '2022_312661_0041.xml', '2022_312661_0042.xml', '2022_312661_0043.xml', '2022_312661_0044.xml', '2022_312661_0084.xml', '2022_312661_0125.xml'];F;193.58;E;['2020_312661_0024.xml', '2020_312661_0025.xml', '2020_312661_0026.xml', '2020_312661_0027.xml', '2020_312661_0028.xml', '2020_312661_0132.xml', '2020_312661_0139.xml', '2021_312661_0030.xml', '2022_312661_0010.xml', '2022_312661_0011.xml', '2022_312661_0012.xml', '2022_312661_0030.xml', '2022_312661_0031.xml', '2022_312661_0032.xml', '2022_312661_0033.xml', '2022_312661_0034.xml', '2022_312661_0035.xml', '2022_312661_0036.xml', '2022_312661_0037.xml', '2022_312661_0038.xml', '2022_312661_0039.xml', '2022_312661_0040.xml', '2022_312661_0041.xml', '2022_312661_0042.xml', '2022_312661_0043.xml', '2022_312661_0044.xml', '2022_312661_0084.xml', '2022_312661_0125.xml'];True;['2020_312661_0026.xml', '2020_312661_0027.xml', '2020_312661_0028.xml', '2020_312661_0132.xml', '2020_312661_0139.xml', '2021_312661_0030.xml', '2022_312661_0010.xml', '2022_312661_0011.xml', '2022_312661_0012.xml', '2022_312661_0030.xml', '2022_312661_0031.xml', '2022_312661_0032.xml', '2022_312661_0033.xml', '2022_312661_0034.xml', '2022_312661_0035.xml', '2022_312661_0036.xml', '2022_312661_0037.xml', '2022_312661_0038.xml', '2022_312661_0039.xml', '2022_312661_0040.xml', '2022_312661_0041.xml', '2022_312661_0042.xml', '2022_312661_0043.xml', '2022_312661_0044.xml', '2022_312661_0084.xml', '2022_312661_0125.xml'];originali;('2020_312661_0024.xml', '2020_312661_0025.xml', '2020_312661_0026.xml', '2020_312661_0027.xml', '2020_312661_0028.xml', '2020_312661_0132.xml', '2020_312661_0139.xml', '2021_312661_0030.xml', '2022_312661_0010.xml', '2022_312661_0011.xml', '2022_312661_0012.xml', '2022_312661_0030.xml', '2022_312661_0031.xml', '2022_312661_0032.xml', '2022_312661_0033.xml', '2022_312661_0034.xml', '2022_312661_0035.xml', '2022_312661_0036.xml', '2022_312661_0037.xml', '2022_312661_0038.xml', '2022_312661_0039.xml', '2022_312661_0040.xml', '2022_312661_0041.xml', '2022_312661_0042.xml', '2022_312661_0043.xml', '2022_312661_0044.xml', '2022_312661_0084.xml', '2022_312661_0125.xml');ape_summary_e41a82de1267.html;3107713;D15
3107718;L219;1089;337;;3244.0;FABBRICATO;strada scarafiotti;44;45.103231;7.7310744;Abitazione;Dal 1991 al 2000;Nessuno;Patrimonio indisponibile;Utilizzato direttamente;Altro;;;;37;[689743, 689744, 689745, 689746, 689747, 689748, 689749, 689750, 689751, 689752, 689753, 689754, 689755, 689756, 689757, 689758, 689759, 689761, 689762, 689763, 689764, 689765, 689766, 689767, 689768, 689769, 689770, 689772, 689773, 689774, 689775, 689776, 689777, 689778, 689779, 689780, 689781];True;['2020_312661_0138.xml'];F;179.49;F;['2020_312661_0138.xml'];True;['2020_312661_0138.xml'];originali;('2020_312661_0138.xml',);ape_summary_c5086c3d95d1.html;3107718;D15
3107733;L219;1104;368;;5143.0;FABBRICATO;corso vercelli;157;45.0989048;7.6924783;Abitazione;Dal 1961 al 1970;Nessuno;Patrimonio indisponibile;Utilizzato direttamente;Alloggio di servizio, foresterie;;;;2;[692558, 692559];True;['2021_110019_0001.xml'];B;192.09;B;['2021_110019_0001.xml'];True;['2021_110019_0001.xml'];originali;('2021_110019_0001.xml',);ape_summary_c477ff5b3b7c.html;3107733;D20
3107752;L219;1111;87;;5277.0;FABBRICATO;corso lombardia;123;45.09852565;7.64843227;Abitazione;Dal 1946 al 1960;Nessuno;Patrimonio indisponibile;Utilizzato direttamente;Non Dichiarato;in locazione;3366.0;01/10/2022;63;[691560, 691561, 691562, 691563, 691564, 691565, 691566, 691567, 691568, 691569, 691570, 691571, 691572, 691573, 691574, 691575, 691576, 691577, 691578, 691579, 691580, 691581, 691582, 691583, 691584, 691585, 691586, 691587, 691588, 691589, 691590, 691591, 691592, 691593, 691594, 691595, 691596, 691597, 691598, 691599, 691600, 691601, 691602, 691603, 691604, 691605, 691606, 691607, 691608, 691609, 691610, 691611, 691612, 691613, 691614, 691615, 691616, 691617, 691618, 691619, 691620, 691621, 691622];True;['2020_102099_0023.xml', '2020_102099_0027.xml', '2021_102099_0025.xml', '2021_106141_0029.xml', '2021_106141_0031.xml'];E;84.23;D;['2020_102099_0023.xml', '2020_102099_0027.xml', '2021_102099_0025.xml', '2021_106141_0029.xml', '2021_106141_0031.xml'];;['2021_106141_0029.xml', '2021_106141_0031.xml'];originali;('2020_102099_0023.xml', '2020_102099_0027.xml', '2021_102099_0025.xml', '2021_106141_0029.xml', '2021_106141_0031.xml');ape_summary_9ef71f22b99c.html;3107752;D23
3107760;L219;1121;41;;7099.0;FABBRICATO;via pianezza;155;45.0952613;7.645336;Abitazione;Dal 1946 al 1960;Nessuno;Patrimonio indisponibile;Utilizzato direttamente;Non Dichiarato;in locazione;508.0;01/12/2022;124;[693567, 693569, 693570, 693571, 693572, 693573, 693574, 693575, 693576, 693577, 693578, 693579, 693580, 693581, 693582, 693583, 693584, 693585, 693587, 693588, 693589, 693590, 693591, 693592, 693593, 693594, 693597, 693598, 693599, 693600, 693601, 693602, 693603, 693604, 693605, 693606, 693607, 693608, 693609, 693610, 693611, 693612, 693613, 693614, 693615, 693616, 693617, 693618, 693619, 693620, 693621, 693622, 693623, 693624, 693630, 693641, 693652, 693663, 693674, 693675, 693686, 693693, 693694, 693695, 693696, 693697, 693698, 693699, 693700, 693701, 693703, 693704, 693705, 693706, 693707, 693708, 693709, 693710, 693711, 693712, 693713, 693714, 693715, 693716, 693717, 693718, 693719, 693720, 693723, 693724, 693725, 693726, 693727, 693728, 693729, 693730, 693731, 693732, 693733, 693734, 693735, 693736, 693737, 693738, 693739, 693740, 693741, 693744, 693745, 693746, 693747, 693748, 693749, 693750, 693751, 693752, 693754, 693755, 693756, 693757, 693758, 693759, 693762, 693763];True;['2019_111530_0003.xml', '2020_102099_0001.xml', '2020_102099_0002.xml', '2020_102099_0003.xml', '2020_102099_0004.xml', '2020_102099_0005.xml', '2020_102099_0007.xml', '2020_102099_0008.xml', '2020_102099_0009.xml', '2020_102099_0010.xml', '2020_102099_0024.xml', '2020_102099_0026.xml', '2020_102099_0028.xml', '2020_102099_0029.xml', '2020_102099_0030.xml', '2020_102099_0031.xml', '2020_102099_0032.xml', '2020_102099_0033.xml', '2020_102099_0034.xml', '2020_102099_0035.xml', '2020_102099_0036.xml', '2020_102099_0037.xml', '2020_102099_0038.xml', '2020_102099_0039.xml', '2020_102099_0040.xml', '2020_102099_0041.xml', '2020_102099_0042.xml', '2020_102099_0043.xml', '2020_102099_0044.xml', '2020_102099_0045.xml', '2020_102099_0046.xml', '2020_102099_0047.xml', '2020_102099_0048.xml', '2020_102099_0049.xml', '2020_102099_0050.xml', '2020_102099_0051.xml', '2020_102099_0052.xml', '2020_102099_0053.xml', '2020_102099_0054.xml', '2020_102099_0055.xml', '2020_102099_0056.xml', '2020_102099_0057.xml', '2020_102099_0058.xml', '2020_102099_0059.xml', '2020_102099_0060.xml', '2020_102099_0061.xml', '2020_102099_0062.xml', '2020_102099_0063.xml', '2020_102099_0064.xml', '2020_102099_0065.xml', '2020_102099_0066.xml', '2020_102099_0067.xml', '2020_102099_0068.xml', '2020_102099_0069.xml', '2020_102099_0070.xml', '2020_102099_0071.xml', '2020_102099_0072.xml', '2020_102099_0073.xml', '2020_102099_0074.xml', '2020_102099_0075.xml', '2020_102099_0076.xml', '2020_102099_0077.xml', '2020_102099_0078.xml', '2020_102099_0079.xml', '2020_102099_0080.xml', '2020_102099_0081.xml', '2020_102099_0082.xml', '2020_102099_0083.xml', '2020_102099_0084.xml', '2020_102099_0085.xml', '2020_102099_0086.xml', '2020_102099_0087.xml', '2020_102099_0088.xml', '2020_102099_0089.xml', '2020_102099_0090.xml', '2020_102099_0092.xml', '2020_102099_0107.xml', '2020_102099_0108.xml', '2020_102099_0109.xml', '2020_102099_0110.xml', '2020_102099_0111.xml', '2020_102099_0112.xml', '2020_102099_0113.xml', '2020_102099_0114.xml', '2020_102099_0115.xml', '2020_102099_0116.xml', '2020_102099_0117.xml', '2020_102099_0119.xml', '2020_102099_0120.xml', '2020_102099_0121.xml', '2020_102099_0122.xml', '2020_102099_0123.xml', '2020_102099_0124.xml', '2020_102099_0125.xml', '2020_102099_0126.xml', '2020_102099_0127.xml', '2020_102099_0128.xml', '2020_102099_0129.xml', '2020_102099_0130.xml', '2020_102099_0131.xml', '2020_102099_0132.xml', '2020_102099_0133.xml', '2020_102099_0134.xml', '2020_102099_0135.xml', '2020_102099_0136.xml', '2020_102099_0177.xml', '2020_102099_0178.xml', '2021_106141_0030.xml'];G;275.88;D;['2019_111530_0003.xml', '2020_102099_0001.xml', '2020_102099_0002.xml', '2020_102099_0004.xml', '2020_102099_0005.xml', '2020_102099_0007.xml', '2020_102099_0008.xml', '2020_102099_0009.xml', '2020_102099_0010.xml', '2020_102099_0024.xml', '2020_102099_0026.xml', '2020_102099_0028.xml', '2020_102099_0030.xml', '2020_102099_0032.xml', '2020_102099_0033.xml', '2020_102099_0034.xml', '2020_102099_0037.xml', '2020_102099_0039.xml', '2020_102099_0041.xml', '2020_102099_0044.xml', '2020_102099_0047.xml', '2020_102099_0048.xml', '2020_102099_0053.xml', '2020_102099_0054.xml', '2020_102099_0063.xml', '2020_102099_0069.xml', '2020_102099_0074.xml', '2020_102099_0083.xml', '2020_102099_0084.xml', '2020_102099_0088.xml', '2020_102099_0107.xml', '2020_102099_0111.xml', '2020_102099_0116.xml', '2020_102099_0123.xml', '2020_102099_0127.xml', '2020_102099_0177.xml', '2020_102099_0178.xml', '2021_106141_0030.xml'];True;['2019_111530_0003.xml', '2020_102099_0002.xml', '2020_102099_0004.xml', '2020_102099_0005.xml', '2020_102099_0007.xml', '2020_102099_0008.xml', '2020_102099_0009.xml', '2020_102099_0010.xml', '2020_102099_0024.xml', '2020_102099_0026.xml', '2020_102099_0028.xml', '2020_102099_0030.xml', '2020_102099_0032.xml', '2020_102099_0033.xml', '2020_102099_0034.xml', '2020_102099_0037.xml', '2020_102099_0039.xml', '2020_102099_0041.xml', '2020_102099_0044.xml', '2020_102099_0047.xml', '2020_102099_0048.xml', '2020_102099_0053.xml', '2020_102099_0054.xml', '2020_102099_0063.xml', '2020_102099_0069.xml', '2020_102099_0074.xml', '2020_102099_0083.xml', '2020_102099_0084.xml', '2020_102099_0088.xml', '2020_102099_0107.xml', '2020_102099_0111.xml', '2020_102099_0116.xml', '2020_102099_0123.xml', '2020_102099_0127.xml', '2020_102099_0177.xml', '2020_102099_0178.xml', '2021_106141_0030.xml'];originali;('2019_111530_0003.xml', '2020_102099_0001.xml', '2020_102099_0002.xml', '2020_102099_0004.xml', '2020_102099_0005.xml', '2020_102099_0007.xml', '2020_102099_0008.xml', '2020_102099_0009.xml', '2020_102099_0010.xml', '2020_102099_0024.xml', '2020_102099_0026.xml', '2020_102099_0028.xml', '2020_102099_0030.xml', '2020_102099_0032.xml', '2020_102099_0033.xml', '2020_102099_0034.xml', '2020_102099_0037.xml', '2020_102099_0039.xml', '2020_102099_0041.xml', '2020_102099_0044.xml', '2020_102099_0047.xml', '2020_102099_0048.xml', '2020_102099_0053.xml', '2020_102099_0054.xml', '2020_102099_0063.xml', '2020_102099_0069.xml', '2020_102099_0074.xml', '2020_102099_0083.xml', '2020_102099_0084.xml', '2020_102099_0088.xml', '2020_102099_0107.xml', '2020_102099_0111.xml', '2020_102099_0116.xml', '2020_102099_0123.xml', '2020_102099_0127.xml', '2020_102099_0177.xml', '2020_102099_0178.xml', '2021_106141_0030.xml');ape_summary_d547a5414f2b.html;3107760;D23
3107767;L219;1125;438;;6899.0;FABBRICATO;corso mortara;36 7;45.0911933;7.6721811;Abitazione;Dal 2001 al 2010;Nessuno;Patrimonio indisponibile;Utilizzato direttamente;Altro;;;;89;[693990, 693991, 693992, 693993, 693994, 693995, 693996, 693997, 693998, 693999, 694001, 694002, 694003, 694004, 694005, 694006, 694007, 694008, 694009, 694010, 694012, 694013, 694014, 694015, 694016, 694017, 694018, 694019, 694020, 694021, 694023, 694024, 694025, 694026, 694027, 694028, 694029, 694030, 694031, 694032, 694034, 694035, 694036, 694037, 694038, 694039, 694040, 694041, 694042, 694043, 694045, 694046, 694047, 694048, 694049, 694050, 694051, 694052, 694053, 694054, 694056, 694057, 694058, 694059, 694060, 694061, 694124, 694125, 694126, 694128, 694129, 694130, 694131, 694132, 694133, 694134, 694135, 694136, 694137, 694139, 694140, 694141, 694142, 694143, 694144, 694145, 694146, 694147, 694148];True;['2020_102351_0032.xml', '2020_102351_0033.xml', '2020_102351_0034.xml', '2020_102351_0035.xml', '2020_312661_0004.xml', '2020_312661_0005.xml', '2020_312661_0006.xml', '2020_312661_0007.xml', '2020_312661_0008.xml', '2020_312661_0009.xml', '2020_312661_0010.xml', '2020_312661_0011.xml', '2020_312661_0012.xml', '2020_312661_0013.xml', '2020_312661_0014.xml', '2020_312661_0015.xml', '2020_312661_0016.xml', '2020_312661_0017.xml', '2020_312661_0018.xml', '2020_312661_0019.xml', '2020_312661_0020.xml', '2020_312661_0021.xml', '2020_312661_0022.xml'];D;141.36;D;['2020_102351_0032.xml', '2020_102351_0033.xml', '2020_102351_0034.xml', '2020_102351_0035.xml', '2020_312661_0004.xml', '2020_312661_0005.xml', '2020_312661_0006.xml', '2020_312661_0007.xml', '2020_312661_0008.xml', '2020_312661_0009.xml', '2020_312661_0010.xml', '2020_312661_0011.xml', '2020_312661_0012.xml', '2020_312661_0013.xml', '2020_312661_0014.xml', '2020_312661_0015.xml', '2020_312661_0016.xml', '2020_312661_0017.xml', '2020_312661_0018.xml', '2020_312661_0019.xml', '2020_312661_0020.xml', '2020_312661_0021.xml', '2020_312661_0022.xml'];True;['2020_102351_0032.xml', '2020_102351_0033.xml', '2020_102351_0034.xml', '2020_102351_0035.xml', '2020_312661_0004.xml', '2020_312661_0005.xml', '2020_312661_0006.xml', '2020_312661_0007.xml', '2020_312661_0008.xml', '2020_312661_0009.xml', '2020_312661_0010.xml', '2020_312661_0011.xml', '2020_312661_0012.xml', '2020_312661_0013.xml', '2020_312661_0014.xml', '2020_312661_0015.xml', '2020_312661_0016.xml', '2020_312661_0017.xml', '2020_312661_0018.xml', '2020_312661_0019.xml', '2020_312661_0020.xml', '2020_312661_0021.xml', '2020_312661_0022.xml'];originali;('2020_102351_0032.xml', '2020_102351_0033.xml', '2020_102351_0034.xml', '2020_102351_0035.xml', '2020_312661_0004.xml', '2020_312661_0005.xml', '2020_312661_0006.xml', '2020_312661_0007.xml', '2020_312661_0008.xml', '2020_312661_0009.xml', '2020_312661_0010.xml', '2020_312661_0011.xml', '2020_312661_0012.xml', '2020_312661_0013.xml', '2020_312661_0014.xml', '2020_312661_0015.xml', '2020_312661_0016.xml', '2020_312661_0017.xml', '2020_312661_0018.xml', '2020_312661_0019.xml', '2020_312661_0020.xml', '2020_312661_0021.xml', '2020_312661_0022.xml');ape_summary_1bd7a492088e.html;3107767;D9
3107768;L219;1125;441;;2390.0;FABBRICATO;Corso Mortara;0;45.0909338;7.6711827;Abitazione;Dal 2001 al 2010;Nessuno;Patrimonio indisponibile;Utilizzato direttamente;Altro;;;;29;[694258, 694259, 694260, 694261, 694262, 694263, 694264, 694265, 694266, 694267, 694268, 694269, 694270, 694271, 694272, 694273, 694274, 694275, 694276, 694278, 694279, 694280, 694281, 694282, 694283, 694284, 694285, 694286, 694287];True;['2022_312661_0085.xml', '2022_312661_0086.xml', '2022_312661_0087.xml', '2022_312661_0088.xml'];C;113.7;B;['2022_312661_0085.xml', '2022_312661_0086.xml', '2022_312661_0087.xml', '2022_312661_0088.xml'];True;['2022_312661_0085.xml', '2022_312661_0086.xml', '2022_312661_0087.xml', '2022_312661_0088.xml'];originali;('2022_312661_0085.xml', '2022_312661_0086.xml', '2022_312661_0087.xml', '2022_312661_0088.xml');ape_summary_ddbe16972d29.html;3107768;D9
3107770;L219;1127;343;;178.0;FABBRICATO;via valprato;50;45.0928718;7.6848823;Abitazione;Dal 2001 al 2010;Nessuno;Patrimonio indisponibile;Utilizzato direttamente;Altro;;;;2;[694366, 694367];True;['2021_101550_0003.xml', '2021_206362_0001.xml', '2021_209727_0006.xml'];A2;30.43;A3;['2021_101550_0003.xml', '2021_206362_0001.xml', '2021_209727_0006.xml'];True;['2021_206362_0001.xml', '2021_209727_0006.xml'];originali;('2021_101550_0003.xml', '2021_206362_0001.xml', '2021_209727_0006.xml');ape_summary_ca46962ec04b.html;3107770;D11
3107772;L219;1128;423;;298.0;FABBRICATO;Via Fossata;68;45.0965595;7.6868094;Abitazione;Dal 1946 al 1960;Nessuno;Patrimonio indisponibile;Utilizzato direttamente;Altro;;;;4;[694404, 694405, 694406, 694407];True;['2020_101217_0010.xml', '2021_112307_0003.xml', '2022_206865_0002.xml', '2022_212533_0182.xml'];G;141.40;G;['2020_101217_0010.xml', '2021_112307_0003.xml', '2022_206865_0002.xml', '2022_212533_0182.xml'];True;['2021_112307_0003.xml', '2022_212533_0182.xml'];originali;('2020_101217_0010.xml', '2021_112307_0003.xml', '2022_206865_0002.xml', '2022_212533_0182.xml');ape_summary_8bae3a6a199b.html;3107772;D11
3107774;L219;1131;70;;1247.0;FABBRICATO;Via Francesco Cilea;2;45.0969763;7.7049601;Abitazione;Dal 1961 al 1970;Nessuno;Patrimonio indisponibile;Utilizzato direttamente;Altro;;;;16;[694417, 694418, 694419, 694420, 694421, 694422, 694423, 694424, 694425, 694426, 694427, 694428, 694429, 694430, 694431, 694432];True;['2019_107973_0334.xml', '2019_200448_0059.xml', '2020_200193_0048.xml', '2020_203013_0013.xml', '2022_208141_0005.xml', '2022_213941_0005.xml'];D;99.96;C;['2019_107973_0334.xml', '2019_200448_0059.xml', '2020_200193_0048.xml', '2020_203013_0013.xml', '2022_208141_0005.xml', '2022_213941_0005.xml'];True;['2019_107973_0334.xml', '2019_200448_0059.xml', '2022_208141_0005.xml'];originali;('2019_107973_0334.xml', '2019_200448_0059.xml', '2020_200193_0048.xml', '2020_203013_0013.xml', '2022_208141_0005.xml', '2022_213941_0005.xml');ape_summary_1be1e34eeb71.html;3107774;D21
3107775;L219;1131;72;;1790.0;FABBRICATO;Via Giuseppe Tartini;35;45.0966828;7.7056668;Abitazione;Dal 1961 al 1970;Nessuno;Patrimonio indisponibile;Utilizzato direttamente;Altro;;;;24;[695182, 695183, 695184, 695185, 695186, 695187, 695188, 695189, 695190, 695191, 695192, 695193, 695194, 695195, 695196, 695197, 695198, 695199, 695200, 695201, 695202, 695203, 695204, 695205];True;['2020_209689_0058.xml', '2022_202066_0036.xml', '2022_211272_0004.xml', '2022_313821_0041.xml', '2022_313821_0042.xml', '2022_313821_0067.xml', '2022_313821_0068.xml', '2022_313821_0071.xml'];F;173.55;F;['2020_209689_0058.xml', '2022_202066_0036.xml', '2022_211272_0004.xml', '2022_313821_0041.xml', '2022_313821_0042.xml', '2022_313821_0067.xml', '2022_313821_0068.xml', '2022_313821_0071.xml'];True;['2020_209689_0058.xml', '2022_202066_0036.xml', '2022_313821_0041.xml', '2022_313821_0067.xml', '2022_313821_0068.xml', '2022_313821_0071.xml'];originali;('2020_209689_0058.xml', '2022_202066_0036.xml', '2022_211272_0004.xml', '2022_313821_0041.xml', '2022_313821_0042.xml', '2022_313821_0067.xml', '2022_313821_0068.xml', '2022_313821_0071.xml');ape_summary_95822683ade0.html;3107775;D21
3107776;L219;1132;85;;2160.0;FABBRICATO;Via Arcangelo Corelli;39;45.0960948;7.7088124;Abitazione;Dal 1961 al 1970;Nessuno;Patrimonio indisponibile;Utilizzato direttamente;Altro;;;;26;[695548, 695549, 695550, 695551, 695552, 695553, 695554, 695555, 695556, 695557, 695558, 695559, 695560, 695561, 695562, 695563, 695564, 695565, 695566, 695567, 695568, 695569, 695570, 695571, 695572, 695573];True;['2019_200448_0060.xml', '2022_205199_0092.xml', '2022_205199_0117.xml', '2022_206550_0005.xml'];G;264.21;F;['2019_200448_0060.xml', '2022_205199_0092.xml', '2022_205199_0117.xml', '2022_206550_0005.xml'];True;['2019_200448_0060.xml', '2022_206550_0005.xml'];originali;('2019_200448_0060.xml', '2022_205199_0092.xml', '2022_205199_0117.xml', '2022_206550_0005.xml');ape_summary_544f6cae2b62.html;3107776;D21
3107777;L219;1132;86;;856.0;FABBRICATO;Via Giuseppe Tartini;30;45.0964395;7.7062348;Abitazione;Dal 1961 al 1970;Nessuno;Patrimonio indisponibile;Utilizzato direttamente;Altro;;;;12;[699437, 699438, 699439, 699440, 699441, 699442, 699443, 699444, 699445, 699446, 699447, 699448];True;['2019_203325_0016.xml', '2019_207949_0114.xml', '2021_200542_0014.xml', '2022_213864_0052.xml'];F;246.20;E;['2019_203325_0016.xml', '2019_207949_0114.xml', '2021_200542_0014.xml', '2022_213864_0052.xml'];True;['2021_200542_0014.xml', '2022_213864_0052.xml'];originali;('2019_203325_0016.xml', '2019_207949_0114.xml', '2021_200542_0014.xml', '2022_213864_0052.xml');ape_summary_ef1853aa9c1d.html;3107777;D21
3107778;L219;1132;88;;3580.0;FABBRICATO;via pergolesi giambattista;91 C;45.0961636;7.7069216;Abitazione;Dal 1961 al 1970;Nessuno;Patrimonio indisponibile;Utilizzato direttamente;Altro;;;;47;[695604, 695605, 695606, 695607, 695608, 695609, 695610, 695611, 695612, 695613, 695614, 695615, 695616, 695617, 695618, 695619, 695620, 695621, 695622, 695623, 695624, 695625, 695626, 695627, 695628, 695629, 695630, 695631, 695632, 695633, 695634, 695635, 695636, 695637, 695638, 695639, 695640, 695641, 695642, 695643, 695644, 695645, 695646, 695647, 695648, 695649, 695650];True;['2019_113184_0067.xml', '2019_113184_0068.xml', '2019_113184_0069.xml', '2019_113184_0070.xml', '2019_113184_0071.xml', '2021_200542_0127.xml'];G;321.31;G;['2019_113184_0067.xml', '2019_113184_0068.xml', '2019_113184_0069.xml', '2019_113184_0070.xml', '2019_113184_0071.xml', '2021_200542_0127.xml'];True;['2019_113184_0067.xml', '2019_113184_0068.xml', '2019_113184_0069.xml', '2019_113184_0070.xml', '2019_113184_0071.xml'];originali;('2019_113184_0067.xml', '2019_113184_0068.xml', '2019_113184_0069.xml', '2019_113184_0070.xml', '2019_113184_0071.xml', '2021_200542_0127.xml');ape_summary_bc283ddaef9c.html;3107778;D21
3107779;L219;1132;89;;1873.0;FABBRICATO;via pergolesi giambattista;93 B;45.0959163;7.7075185;Abitazione;Dal 1961 al 1970;Nessuno;Patrimonio indisponibile;Utilizzato direttamente;Altro;;;;25;[695266, 695267, 695268, 695269, 695270, 695271, 695272, 695273, 695274, 695275, 695276, 695277, 695278, 695279, 695280, 695281, 695282, 695283, 695284, 695285, 695286, 695287, 695288, 695289, 695290];True;['2019_113184_0072.xml', '2019_113184_0073.xml', '2019_207150_0014.xml', '2022_200681_0146.xml'];G;245.66;F;['2019_113184_0072.xml', '2019_113184_0073.xml', '2019_207150_0014.xml', '2022_200681_0146.xml'];True;['2019_113184_0072.xml', '2019_113184_0073.xml', '2019_207150_0014.xml', '2022_200681_0146.xml'];originali;('2019_113184_0072.xml', '2019_113184_0073.xml', '2019_207150_0014.xml', '2022_200681_0146.xml');ape_summary_9a6e6b0528b5.html;3107779;D21
3107780;L219;1132;91;;1310.0;FABBRICATO;via pergolesi giambattista;105;45.0956071;7.7082216;Abitazione;Dal 1961 al 1970;Nessuno;Patrimonio indisponibile;Utilizzato direttamente;Altro;;;;17;[696566, 696567, 696568, 696569, 696570, 696571, 696572, 696573, 696574, 696575, 696576, 696577, 696578, 696579, 696580, 696581, 696584];True;['2021_113121_0012.xml', '2021_208722_0084.xml', '2021_212533_0147.xml', '2022_201205_0003.xml'];F;253.64;E;['2021_113121_0012.xml', '2021_208722_0084.xml', '2021_212533_0147.xml', '2022_201205_0003.xml'];True;['2021_113121_0012.xml', '2021_212533_0147.xml'];originali;('2021_113121_0012.xml', '2021_208722_0084.xml', '2021_212533_0147.xml', '2022_201205_0003.xml');ape_summary_6ab8fb9efe26.html;3107780;D21
3107783;L219;1133;14;;1198.0;FABBRICATO;corso taranto;159 5;45.0961005;7.7136586;Abitazione;Dal 1961 al 1970;Nessuno;Patrimonio indisponibile;Utilizzato direttamente;Altro;;;;16;[695669, 695670, 695671, 695672, 695673, 695674, 695675, 695676, 695677, 695678, 695679, 695680, 695681, 695682, 695683, 695684];True;['2019_104941_0001.xml', '2019_109523_0024.xml', '2019_207622_0017.xml', '2020_100384_0020.xml'];E;149.26;D;['2019_104941_0001.xml', '2019_109523_0024.xml', '2019_207622_0017.xml', '2020_100384_0020.xml'];True;['2019_104941_0001.xml', '2019_109523_0024.xml'];originali;('2019_104941_0001.xml', '2019_109523_0024.xml', '2019_207622_0017.xml', '2020_100384_0020.xml');ape_summary_23511925b2f1.html;3107783;D21
3107784;L219;1133;15;;640.0;FABBRICATO;Corso Taranto;153;45.0958274;7.7130146;Abitazione;Dal 1961 al 1970;Nessuno;Patrimonio indisponibile;Utilizzato direttamente;Altro;;;;7;[695323, 695324, 695325, 695326, 695327, 695328, 695329];True;['2021_204501_0021.xml', '2021_210200_0011.xml', '2021_213914_0077.xml', '2022_110129_0003.xml'];F;147.51;D;['2021_204501_0021.xml', '2021_210200_0011.xml', '2021_213914_0077.xml', '2022_110129_0003.xml'];True;['2022_110129_0003.xml'];originali;('2021_204501_0021.xml', '2021_210200_0011.xml', '2021_213914_0077.xml', '2022_110129_0003.xml');ape_summary_9feaa21d59bf.html;3107784;D21
3107785;L219;1133;17;;404.0;FABBRICATO;corso taranto;159 8;45.0959078;7.7139963;Abitazione;Dal 1961 al 1970;Nessuno;Patrimonio indisponibile;Utilizzato direttamente;Altro;;;;5;[695330, 695331, 695332, 695333, 695334];True;['2019_206019_0020.xml', '2019_212533_0211.xml', '2021_212533_0006.xml', '2022_202078_0220.xml', '2022_203144_0005.xml', '2022_212533_0055.xml'];F;205.07;E;['2019_206019_0020.xml', '2019_212533_0211.xml', '2021_212533_0006.xml', '2022_202078_0220.xml', '2022_203144_0005.xml', '2022_212533_0055.xml'];True;['2019_212533_0211.xml', '2021_212533_0006.xml'];originali;('2019_206019_0020.xml', '2019_212533_0211.xml', '2021_212533_0006.xml', '2022_202078_0220.xml', '2022_203144_0005.xml', '2022_212533_0055.xml');ape_summary_e32473ee3f3c.html;3107785;D21
3107790;L219;1133;39;;301.0;FABBRICATO;Via Giovenale Ancina;32;45.0949058;7.7120286;Abitazione;Dal 1946 al 1960;Nessuno;Patrimonio indisponibile;Utilizzato direttamente;Altro;;;;3;[695922, 695923, 695924];True;['2019_101781_0003.xml', '2019_207895_0009.xml', '2021_311274_0053.xml', '2022_107997_0036.xml'];E;159.21;D;['2019_101781_0003.xml', '2019_207895_0009.xml', '2021_311274_0053.xml', '2022_107997_0036.xml'];True;['2019_101781_0003.xml', '2021_311274_0053.xml', '2022_107997_0036.xml'];originali;('2019_101781_0003.xml', '2019_207895_0009.xml', '2021_311274_0053.xml', '2022_107997_0036.xml');ape_summary_765277d5a426.html;3107790;D21
3107796;L219;1144;107;;131.0;FABBRICATO;via bologna;256;45.09264936;7.7146091;Abitazione;Dal 1946 al 1960;Nessuno;Patrimonio indisponibile;Utilizzato direttamente;Altro;;;;2;[695986, 695987];True;['2021_107716_0016.xml', '2021_213790_0004.xml'];F;186.08;E;['2021_107716_0016.xml', '2021_213790_0004.xml'];True;['2021_107716_0016.xml'];originali;('2021_107716_0016.xml', '2021_213790_0004.xml');ape_summary_1714b3a8296c.html;3107796;D21
3107798;L219;1144;14;;2019.0;FABBRICATO;Via Luigi Pietracqua;21;45.09218083;7.70719684;Abitazione;Dal 1961 al 1970;Nessuno;Patrimonio indisponibile;Utilizzato direttamente;Altro;;;;29;[696028, 696029, 696030, 696031, 696032, 696033, 696034, 696035, 696036, 696037, 696038, 696039, 696040, 696041, 696042, 696043, 696044, 696045, 696046, 696047, 696048, 696049, 696050, 696051, 696052, 696053, 696054, 696055, 696056];True;['2020_102351_0009.xml', '2020_201485_0089.xml', '2021_207949_0309.xml', '2022_208400_0010.xml'];G;296.95;E;['2020_102351_0009.xml', '2020_201485_0089.xml', '2021_207949_0309.xml', '2022_208400_0010.xml'];True;['2020_102351_0009.xml', '2020_201485_0089.xml'];originali;('2020_102351_0009.xml', '2020_201485_0089.xml', '2021_207949_0309.xml', '2022_208400_0010.xml');ape_summary_5354d92f6e93.html;3107798;D20
3107800;L219;1144;3;;447.0;FABBRICATO;Via Giovanni Cravero;18;45.09311401;7.70892349;Abitazione;Dal 1971 al 1980;Nessuno;Patrimonio indisponibile;Utilizzato direttamente;Altro;in locazione;3301.0;01/11/2021;4;[696108, 696109, 696110, 696129];True;['2018_200213_0023.xml', '2018_200213_0024.xml', '2019_206362_0065.xml', '2019_209030_0021.xml', '2019_210613_0002.xml', '2021_102099_0011.xml', '2021_104490_0005.xml', '2021_200281_0018.xml', '2021_203912_0063.xml', '2022_100222_0090.xml', '2022_201246_0015.xml', '2022_208023_0001.xml', '2022_208487_0060.xml', '2022_213677_0018.xml'];E;285.86;D;['2018_200213_0023.xml', '2018_200213_0024.xml', '2019_206362_0065.xml', '2019_209030_0021.xml', '2019_210613_0002.xml', '2021_102099_0011.xml', '2021_104490_0005.xml', '2021_200281_0018.xml', '2021_203912_0063.xml', '2022_100222_0090.xml', '2022_201246_0015.xml', '2022_208023_0001.xml', '2022_208487_0060.xml', '2022_213677_0018.xml'];True;['2019_206362_0065.xml', '2019_209030_0021.xml', '2021_102099_0011.xml', '2022_100222_0090.xml', '2022_201246_0015.xml', '2022_208023_0001.xml'];originali;('2018_200213_0023.xml', '2018_200213_0024.xml', '2019_206362_0065.xml', '2019_209030_0021.xml', '2019_210613_0002.xml', '2021_102099_0011.xml', '2021_104490_0005.xml', '2021_200281_0018.xml', '2021_203912_0063.xml', '2022_100222_0090.xml', '2022_201246_0015.xml', '2022_208023_0001.xml', '2022_208487_0060.xml', '2022_213677_0018.xml');ape_summary_17494cf61278.html;3107800;D21
3107803;L219;1144;86;;6152.0;FABBRICATO;via bologna;267 1;45.09309477;7.71399276;Abitazione;Dal 1961 al 1970;Nessuno;Patrimonio indisponibile;Utilizzato direttamente;Altro;;;;80;[696355, 696356, 696357, 696358, 696359, 696360, 696361, 696362, 696363, 696364, 696365, 696366, 696367, 696368, 696369, 696370, 696371, 696372, 696373, 696374, 696375, 696376, 696377, 696378, 696379, 696380, 696381, 696382, 696383, 696384, 696385, 696386, 696387, 696388, 696389, 696390, 696391, 696392, 696393, 696394, 696395, 696396, 696397, 696398, 696399, 696400, 696401, 696402, 696403, 696404, 696405, 696406, 696407, 696408, 696409, 696410, 696411, 696412, 696413, 696414, 696415, 696416, 696417, 696418, 696419, 696420, 696421, 696422, 696423, 696424, 696425, 696426, 696427, 696428, 696429, 696430, 696431, 696432, 696433, 696434];True;['2020_312661_0107.xml'];F;162.71;E;['2020_312661_0107.xml'];True;['2020_312661_0107.xml'];originali;('2020_312661_0107.xml',);ape_summary_0f52949e6ede.html;3107803;D21
3107804;L219;1145;1;;1521.0;FABBRICATO;via gallina giacinto;3 17;45.0915272;7.7084461;Abitazione;Dal 1919 al 1945;Nessuno;Patrimonio indisponibile;Utilizzato direttamente;Altro;in locazione;2237.0;01/12/2005;24;[696440, 696441, 696442, 696443, 696444, 696445, 696446, 696447, 696448, 696449, 696450, 696451, 696452, 696453, 696454, 696455, 696456, 696457, 696458, 696459, 696460, 696461, 696462, 696463];True;['2021_313821_0142.xml', '2021_313821_0143.xml', '2021_313821_0144.xml', '2021_313821_0145.xml', '2021_313821_0146.xml', '2021_313821_0147.xml', '2021_313821_0151.xml'];G;422.23;D;['2021_313821_0142.xml', '2021_313821_0143.xml', '2021_313821_0144.xml', '2021_313821_0145.xml', '2021_313821_0146.xml', '2021_313821_0147.xml', '2021_313821_0151.xml'];True;['2021_313821_0142.xml', '2021_313821_0143.xml', '2021_313821_0144.xml', '2021_313821_0145.xml', '2021_313821_0146.xml', '2021_313821_0147.xml', '2021_313821_0151.xml'];originali;('2021_313821_0142.xml', '2021_313821_0143.xml', '2021_313821_0144.xml', '2021_313821_0145.xml', '2021_313821_0146.xml', '2021_313821_0147.xml', '2021_313821_0151.xml');ape_summary_146d8489e3e4.html;3107804;D20
3107805;L219;1145;2;;1818.0;FABBRICATO;via gallina giacinto;3 11;45.091958;7.7088881;Abitazione;Dal 1919 al 1945;Nessuno;Patrimonio indisponibile;Utilizzato direttamente;Altro;;;;37;[683428, 683429, 683430, 683431, 683432, 683433, 683434, 683435, 683436, 683437, 683438, 683439, 683440, 683441, 683442, 683443, 683444, 683445, 683446, 683447, 683448, 683449, 683450, 683451, 683452, 683453, 683454, 683455, 683456, 683457, 683458, 683459, 683460, 683461, 683462, 683463, 683464];True;['2021_211473_0025.xml', '2021_313821_0136.xml', '2021_313821_0137.xml', '2021_313821_0138.xml', '2021_313821_0139.xml', '2021_313821_0140.xml', '2021_313821_0141.xml'];F;252.15;E;['2021_211473_0025.xml', '2021_313821_0136.xml', '2021_313821_0137.xml', '2021_313821_0138.xml', '2021_313821_0139.xml', '2021_313821_0140.xml', '2021_313821_0141.xml'];True;['2021_211473_0025.xml', '2021_313821_0136.xml', '2021_313821_0137.xml', '2021_313821_0138.xml', '2021_313821_0139.xml', '2021_313821_0140.xml', '2021_313821_0141.xml'];originali;('2021_211473_0025.xml', '2021_313821_0136.xml', '2021_313821_0137.xml', '2021_313821_0138.xml', '2021_313821_0139.xml', '2021_313821_0140.xml', '2021_313821_0141.xml');ape_summary_b87249ed47c9.html;3107805;D20
3107806;L219;1145;39;;5589.0;FABBRICATO;via ghedini giorgio;21;45.0911078;7.709733;Abitazione;Dal 1919 al 1945;Nessuno;Patrimonio indisponibile;Utilizzato direttamente;Altro;;;;58;[15206, 683476, 683477, 683478, 683479, 683480, 683481, 683482, 683483, 683484, 683485, 683486, 683487, 683488, 683489, 683490, 683491, 683492, 683493, 683494, 683495, 683496, 683497, 683498, 683499, 683500, 683501, 683502, 683503, 683504, 683505, 683506, 683507, 683508, 683509, 683510, 683511, 683512, 683513, 683514, 683515, 683516, 683517, 683518, 683519, 683520, 683521, 683522, 683523, 683524, 683525, 683526, 683527, 683528, 683529, 683530, 683531, 683532];True;['2021_313821_0167.xml'];G;329.94;D;['2021_313821_0167.xml'];True;['2021_313821_0167.xml'];originali;('2021_313821_0167.xml',);ape_summary_9f06f2bb3427.html;3107806;D20
3107807;L219;1145;42;;2259.0;FABBRICATO;via maddalene;2;45.0904066;7.7059706;Abitazione;Dal 1961 al 1970;Nessuno;Patrimonio indisponibile;Utilizzato direttamente;Altro;;;;24;[683629, 683630, 683631, 683632, 683633, 683634, 683635, 683636, 683637, 683638, 683639, 683640, 683641, 683642, 683643, 683644, 683645, 683646, 683647, 683648, 683649, 683650, 683651, 683652];True;['2019_312661_0210.xml', '2019_312661_0211.xml', '2019_312661_0212.xml'];G;269.69;F;['2019_312661_0210.xml', '2019_312661_0211.xml', '2019_312661_0212.xml'];False;['2019_312661_0210.xml', '2019_312661_0211.xml', '2019_312661_0212.xml'];originali;('2019_312661_0210.xml', '2019_312661_0211.xml', '2019_312661_0212.xml');ape_summary_6be5d30ff467.html;3107807;D20
3107808;L219;1145;43;;4275.0;FABBRICATO;via maddalene;6;45.0904443;7.7065946;Abitazione;Dal 1961 al 1970;Nessuno;Patrimonio indisponibile;Utilizzato direttamente;Altro;;;;60;[683653, 683654, 683655, 683656, 683657, 683658, 683659, 683660, 683661, 683662, 683663, 683664, 683665, 683666, 683667, 683668, 683669, 683670, 683671, 683672, 683673, 683674, 683675, 683676, 683677, 683678, 683679, 683680, 683681, 683682, 683683, 683684, 683685, 683686, 683687, 683688, 683689, 683690, 683691, 683692, 683693, 683694, 683695, 683696, 683697, 683698, 683699, 683700, 683701, 683702, 683703, 683704, 683705, 683706, 683707, 683708, 683709, 683710, 683711, 683712];True;['2019_312661_0197.xml', '2019_312661_0198.xml', '2019_312661_0199.xml', '2019_312661_0200.xml', '2019_312661_0201.xml', '2019_312661_0202.xml', '2019_312661_0203.xml', '2019_312661_0207.xml', '2019_312661_0208.xml', '2019_312661_0209.xml', '2019_102351_0263.xml'];G;244.18;F;['2019_312661_0197.xml', '2019_312661_0198.xml', '2019_312661_0199.xml', '2019_312661_0200.xml', '2019_312661_0201.xml', '2019_312661_0202.xml', '2019_312661_0203.xml', '2019_312661_0207.xml', '2019_312661_0208.xml', '2019_312661_0209.xml', '2019_102351_0263.xml'];False;['2019_312661_0197.xml', '2019_312661_0198.xml', '2019_312661_0199.xml', '2019_312661_0200.xml', '2019_312661_0201.xml', '2019_312661_0202.xml', '2019_312661_0203.xml', '2019_312661_0207.xml', '2019_312661_0208.xml', '2019_312661_0209.xml', '2019_102351_0263.xml'];originali;('2019_102351_0263.xml', '2019_312661_0197.xml', '2019_312661_0198.xml', '2019_312661_0199.xml', '2019_312661_0200.xml', '2019_312661_0201.xml', '2019_312661_0202.xml', '2019_312661_0203.xml', '2019_312661_0207.xml', '2019_312661_0208.xml', '2019_312661_0209.xml');ape_summary_7a616df07832.html;3107808;D20
3107809;L219;1145;5;;2601.0;FABBRICATO;via gallina giacinto;3 3;45.091638;7.7092493;Abitazione;Dal 1919 al 1945;Nessuno;Patrimonio indisponibile;Utilizzato direttamente;Altro;;;;45;[683719, 683720, 683721, 683722, 683723, 683724, 683725, 683726, 683727, 683728, 683729, 683730, 683731, 683732, 683733, 683734, 683735, 683736, 683737, 683738, 683739, 683740, 683741, 683742, 683743, 683744, 683745, 683746, 683747, 683748, 683749, 683750, 683751, 683752, 683753, 683754, 683755, 683756, 683757, 683758, 683759, 683760, 683761, 683762, 683763];True;['2021_313821_0133.xml', '2021_313821_0148.xml', '2021_313821_0149.xml'];E;136.16;D;['2021_313821_0133.xml', '2021_313821_0148.xml', '2021_313821_0149.xml'];True;['2021_313821_0133.xml', '2021_313821_0148.xml', '2021_313821_0149.xml'];originali;('2021_313821_0133.xml', '2021_313821_0148.xml', '2021_313821_0149.xml');ape_summary_f7c4a6df7ab4.html;3107809;D20
3107810;L219;1145;6;;1532.0;FABBRICATO;via gallina giacinto;3 10;45.0920674;7.7096364;Abitazione;Dal 1919 al 1945;Nessuno;Patrimonio indisponibile;Utilizzato direttamente;Altro;;;;28;[687155, 687156, 687157, 687158, 687159, 687160, 687161, 687162, 687163, 687164, 687165, 687166, 687167, 687168, 687169, 687170, 687171, 687172, 687173, 687174, 687175, 687176, 687177, 687178, 687179, 687180, 687181, 687182];True;['2021_313821_0134.xml', '2021_313821_0135.xml'];E;139.64;E;['2021_313821_0134.xml', '2021_313821_0135.xml'];True;['2021_313821_0134.xml', '2021_313821_0135.xml'];originali;('2021_313821_0134.xml', '2021_313821_0135.xml');ape_summary_b4e3f7e2220e.html;3107810;D20
3107811;L219;1145;74;;5263.0;FABBRICATO;via maddalene;10;45.0903236;7.70741;Abitazione;Dal 1961 al 1970;Nessuno;Patrimonio indisponibile;Utilizzato direttamente;Altro;;;;72;[687184, 687185, 687186, 687187, 687188, 687189, 687190, 687191, 687192, 687193, 687194, 687195, 687196, 687197, 687198, 687199, 687200, 687201, 687202, 687203, 687204, 687205, 687206, 687207, 687208, 687209, 687210, 687211, 687212, 687213, 687214, 687215, 687216, 687217, 687218, 687219, 687220, 687221, 687222, 687223, 687224, 687225, 687226, 687227, 687228, 687229, 687230, 687231, 687232, 687233, 687234, 687235, 687236, 687237, 687238, 687239, 687240, 687241, 687242, 687243, 687244, 687245, 687246, 687247, 687248, 687249, 687250, 687251, 687252, 687253, 687254, 687255];True;['2019_312661_0192.xml', '2019_312661_0193.xml', '2019_312661_0194.xml', '2019_312661_0195.xml', '2019_312661_0196.xml', '2019_312661_0204.xml', '2019_312661_0205.xml', '2019_312661_0206.xml', '2022_312661_0009.xml'];G;293.18;G;['2019_312661_0192.xml', '2019_312661_0193.xml', '2019_312661_0194.xml', '2019_312661_0195.xml', '2019_312661_0196.xml', '2019_312661_0204.xml', '2019_312661_0205.xml', '2019_312661_0206.xml', '2022_312661_0009.xml'];False;['2019_312661_0192.xml', '2019_312661_0193.xml', '2019_312661_0194.xml', '2019_312661_0195.xml', '2019_312661_0196.xml', '2019_312661_0204.xml', '2019_312661_0205.xml', '2019_312661_0206.xml', '2022_312661_0009.xml'];originali;('2019_312661_0192.xml', '2019_312661_0193.xml', '2019_312661_0194.xml', '2019_312661_0195.xml', '2019_312661_0196.xml', '2019_312661_0204.xml', '2019_312661_0205.xml', '2019_312661_0206.xml', '2022_312661_0009.xml');ape_summary_54d67990de67.html;3107811;D20
3107814;L219;1145;79;;5479.68;FABBRICATO;via moncrivello;0;45.0895195;7.7076647;Abitazione;Dal 1971 al 1980;Nessuno;Patrimonio indisponibile;Utilizzato direttamente;Altro;;;;41;[686318, 686319, 686320, 686321, 686322, 686323, 686324, 686325, 686326, 686327, 686328, 686329, 686330, 686331, 686332, 686333, 686334, 686335, 686336, 686337, 686338, 686339, 686340, 686341, 686342, 686343, 686344, 686345, 686346, 686347, 686348, 686349, 686350, 686351, 686352, 686353, 686354, 686355, 686356, 686357, 686359];True;['2020_102351_0120.xml', '2020_102351_0121.xml'];F;238.82;F;['2020_102351_0120.xml', '2020_102351_0121.xml'];True;['2020_102351_0120.xml', '2020_102351_0121.xml'];originali;('2020_102351_0120.xml', '2020_102351_0121.xml');ape_summary_1166260f4e6e.html;3107814;D20
3107815;L219;1146;12;;4243.0;FABBRICATO;via santhia';76;45.09431626;7.69978934;Abitazione;Dal 1961 al 1970;Nessuno;Patrimonio indisponibile;Utilizzato direttamente;Alloggio di servizio, foresterie;;;;2;[686405, 686406];True;['2022_103915_0001.xml'];F;424.21;E;['2022_103915_0001.xml'];True;['2022_103915_0001.xml'];originali;('2022_103915_0001.xml',);ape_summary_293c0b1913c8.html;3107815;D20
3107828;L219;1150;316;;539.0;FABBRICATO;Via Cervino;43 8;45.0924488;7.6839553;Abitazione;Dal 2001 al 2010;Nessuno;Patrimonio indisponibile;Utilizzato direttamente;Altro;;;;6;[686695, 686696, 686697, 686698, 686699, 686700];True;['2019_100212_0055.xml', '2019_203223_0012.xml', '2019_208347_0058.xml', '2019_311910_0086.xml', '2020_100232_0014.xml', '2020_101827_0001.xml', '2020_108242_0001.xml', '2020_108884_0004.xml', '2020_200690_0018.xml', '2021_103511_0027.xml', '2021_208114_0029.xml', '2021_209689_0114.xml', '2021_213745_0007.xml', '2021_313284_0003.xml', '2022_200218_0012.xml', '2022_208114_0008.xml', '2022_210180_0203.xml', '2022_212629_1502.xml'];C;70.39;B;['2019_100212_0055.xml', '2019_203223_0012.xml', '2019_208347_0058.xml', '2019_311910_0086.xml', '2020_100232_0014.xml', '2020_101827_0001.xml', '2020_108242_0001.xml', '2020_108884_0004.xml', '2020_200690_0018.xml', '2021_103511_0027.xml', '2021_208114_0029.xml', '2021_209689_0114.xml', '2021_213745_0007.xml', '2021_313284_0003.xml', '2022_200218_0012.xml', '2022_208114_0008.xml', '2022_210180_0203.xml', '2022_212629_1502.xml'];False;['2020_100232_0014.xml', '2020_108242_0001.xml', '2020_108884_0004.xml', '2021_103511_0027.xml', '2021_209689_0114.xml', '2021_213745_0007.xml', '2022_200218_0012.xml'];originali;('2019_100212_0055.xml', '2019_203223_0012.xml', '2019_208347_0058.xml', '2019_311910_0086.xml', '2020_100232_0014.xml', '2020_101827_0001.xml', '2020_108242_0001.xml', '2020_108884_0004.xml', '2020_200690_0018.xml', '2021_103511_0027.xml', '2021_208114_0029.xml', '2021_209689_0114.xml', '2021_213745_0007.xml', '2021_313284_0003.xml', '2022_200218_0012.xml', '2022_208114_0008.xml', '2022_210180_0203.xml', '2022_212629_1502.xml');ape_summary_8171a9b8472f.html;3107828;D11
3107833;L219;1150;96;;6606.25;FABBRICATO;Via Antonio Banfo;32;45.091678;7.6874963;Abitazione;Prima del 1919;Dichiarazione di interesse culturale;Demanio;Utilizzato direttamente;Alloggio di servizio, foresterie;;;;2;[688200, 688201];True;['2021_100235_0004.xml'];E;331.23;D;['2021_100235_0004.xml'];True;['2021_100235_0004.xml'];originali;('2021_100235_0004.xml',);ape_summary_97969af3bba7.html;3107833;D20
3107834;L219;1151;236;;114.0;FABBRICATO;via piossasco;14;45.0873011;7.680145;Abitazione;Prima del 1919;Nessuno;Patrimonio indisponibile;Utilizzato direttamente;Altro;;;;2;[688204, 688205];True;['2021_203998_0004.xml', '2022_104941_0021.xml'];F;177.69;E;['2021_203998_0004.xml', '2022_104941_0021.xml'];True;['2021_203998_0004.xml'];originali;('2021_203998_0004.xml', '2022_104941_0021.xml');ape_summary_306ae3cd0a76.html;3107834;C19
3107836;L219;1151;430;;891.5;FABBRICATO;via beinasco;34;45.08802944;7.67843723;Abitazione;Dal 1971 al 1980;Nessuno;Patrimonio indisponibile;Utilizzato direttamente;Alloggio di servizio, foresterie;;;;2;[2859481, 2859482];True;['2022_110019_0001.xml'];C;247.12;C;['2022_110019_0001.xml'];True;['2022_110019_0001.xml'];originali;('2022_110019_0001.xml',);ape_summary_3a07e4df0bc2.html;3107836;C19
3107837;L219;1153;130;;63.0;FABBRICATO;LIVORNO (VIA);SNC;45.0879597;7.6684117;Area urbana;ND;Nessuno;Patrimonio indisponibile;Utilizzato direttamente;Altro;;;;3;[2732815, 2732816, 2732817];True;['2019_102480_0001.xml', '2019_102902_0017.xml', '2019_102902_0018.xml', '2019_102902_0019.xml', '2019_111718_0042.xml', '2011_101508_0149.xml', '2019_202946_0005.xml', '2020_103137_0001.xml', '2020_106432_0004.xml', '2020_111718_0006.xml', '2021_103137_0007.xml', '2021_103137_0009.xml', '2021_103137_0013.xml', '2019_113699_0002.xml'];C;137.84;B;['2019_102480_0001.xml', '2019_102902_0017.xml', '2019_102902_0018.xml', '2019_102902_0019.xml', '2019_111718_0042.xml', '2011_101508_0149.xml', '2019_202946_0005.xml', '2020_103137_0001.xml', '2020_106432_0004.xml', '2020_111718_0006.xml', '2021_103137_0007.xml', '2021_103137_0009.xml', '2021_103137_0013.xml', '2019_113699_0002.xml'];True;['2021_103137_0007.xml', '2021_103137_0009.xml', '2021_103137_0013.xml'];originali;('2011_101508_0149.xml', '2019_102480_0001.xml', '2019_102902_0017.xml', '2019_102902_0018.xml', '2019_102902_0019.xml', '2019_111718_0042.xml', '2019_113699_0002.xml', '2019_202946_0005.xml', '2020_103137_0001.xml', '2020_106432_0004.xml', '2020_111718_0006.xml', '2021_103137_0007.xml', '2021_103137_0009.xml', '2021_103137_0013.xml');ape_summary_fc47d07deb71.html;3107837;D9
3107838;L219;1153;131;;48.0;FABBRICATO;LIVORNO (VIA);SNC;45.0883774;7.666813;Area urbana;ND;Nessuno;Patrimonio indisponibile;Utilizzato direttamente;Altro;;;;2;[2732818, 2732819];True;['2018_201437_0003.xml', '2019_204972_0010.xml', '2019_205195_0022.xml', '2019_205408_0004.xml', '2019_209322_0003.xml', '2019_211473_0006.xml', '2020_201227_0055.xml', '2020_205351_0039.xml', '2020_205351_0040.xml', '2020_207949_0185.xml', '2020_213231_0006.xml', '2020_101425_0001.xml', '2021_105537_0002.xml', '2021_206052_0159.xml', '2021_212629_1263.xml', '2021_214131_0028.xml', '2022_100224_0039.xml', '2022_100760_0003.xml', '2022_110134_0042.xml', '2022_206748_0111.xml', '2022_207949_0191.xml', '2022_208722_0014.xml', '2022_210046_0046.xml', '2022_212489_0024.xml'];D;175.32;D;['2018_201437_0003.xml', '2019_204972_0010.xml', '2019_205195_0022.xml', '2019_205408_0004.xml', '2019_209322_0003.xml', '2019_211473_0006.xml', '2020_201227_0055.xml', '2020_205351_0039.xml', '2020_205351_0040.xml', '2020_207949_0185.xml', '2020_213231_0006.xml', '2020_101425_0001.xml', '2021_105537_0002.xml', '2021_206052_0159.xml', '2021_212629_1263.xml', '2021_214131_0028.xml', '2022_100224_0039.xml', '2022_100760_0003.xml', '2022_110134_0042.xml', '2022_206748_0111.xml', '2022_207949_0191.xml', '2022_208722_0014.xml', '2022_210046_0046.xml', '2022_212489_0024.xml'];False;['2019_205195_0022.xml', '2019_209322_0003.xml', '2019_211473_0006.xml', '2020_101425_0001.xml', '2021_105537_0002.xml', '2022_110134_0042.xml', '2022_208722_0014.xml'];originali;('2018_201437_0003.xml', '2019_204972_0010.xml', '2019_205195_0022.xml', '2019_205408_0004.xml', '2019_209322_0003.xml', '2019_211473_0006.xml', '2020_101425_0001.xml', '2020_201227_0055.xml', '2020_205351_0039.xml', '2020_205351_0040.xml', '2020_207949_0185.xml', '2020_213231_0006.xml', '2021_105537_0002.xml', '2021_206052_0159.xml', '2021_212629_1263.xml', '2021_214131_0028.xml', '2022_100224_0039.xml', '2022_100760_0003.xml', '2022_110134_0042.xml', '2022_206748_0111.xml', '2022_207949_0191.xml', '2022_208722_0014.xml', '2022_210046_0046.xml', '2022_212489_0024.xml');ape_summary_fc392bf2284e.html;3107838;D9
3107839;L219;1153;132;;288.0;FABBRICATO;LIVORNO (VIA);SNC;45.0875149;7.6666417;Area urbana;ND;Nessuno;Patrimonio indisponibile;Utilizzato direttamente;Altro;;;;2;[2732820, 2732821];True;['2019_209689_0012.xml', '2019_213164_0006.xml', '2020_102286_0044.xml', '2020_205351_0034.xml', '2020_205351_0035.xml', '2020_205351_0036.xml', '2020_205351_0037.xml', '2020_205351_0038.xml', '2021_202612_0280.xml', '2021_206052_0160.xml', '2021_208026_0030.xml', '2021_209507_0117.xml', '2021_209689_0155.xml', '2021_209689_0156.xml', '2022_114801_0039.xml', '2022_200542_0056.xml', '2022_203473_0042.xml', '2022_203473_0046.xml', '2022_209507_0070.xml', '2022_209689_0164.xml'];D;119.34;C;['2019_209689_0012.xml', '2019_213164_0006.xml', '2020_102286_0044.xml', '2020_205351_0034.xml', '2020_205351_0035.xml', '2020_205351_0036.xml', '2020_205351_0037.xml', '2020_205351_0038.xml', '2021_202612_0280.xml', '2021_206052_0160.xml', '2021_208026_0030.xml', '2021_209507_0117.xml', '2021_209689_0155.xml', '2021_209689_0156.xml', '2022_114801_0039.xml', '2022_200542_0056.xml', '2022_203473_0042.xml', '2022_209507_0070.xml', '2022_209689_0164.xml'];False;['2019_213164_0006.xml'];originali;('2019_209689_0012.xml', '2019_213164_0006.xml', '2020_102286_0044.xml', '2020_205351_0034.xml', '2020_205351_0035.xml', '2020_205351_0036.xml', '2020_205351_0037.xml', '2020_205351_0038.xml', '2021_202612_0280.xml', '2021_206052_0160.xml', '2021_208026_0030.xml', '2021_209507_0117.xml', '2021_209689_0155.xml', '2021_209689_0156.xml', '2022_114801_0039.xml', '2022_200542_0056.xml', '2022_203473_0042.xml', '2022_209507_0070.xml', '2022_209689_0164.xml');ape_summary_7f3b8b0ec2a9.html;3107839;D9
3107858;L219;1173;331;;1635.0;FABBRICATO;corso lecce;55;45.080698;7.6475243;Abitazione;Dal 1919 al 1945;Nessuno;Patrimonio disponibile;Utilizzato direttamente;Non Dichiarato;in locazione;4104.0;01/10/2021;24;[689037, 689038, 689039, 689040, 689041, 689042, 689043, 689044, 689045, 689046, 689047, 689048, 689049, 689050, 689051, 689052, 689053, 689054, 689055, 689056, 689057, 689058, 689059, 689060];True;['2020_102099_0137.xml', '2020_102099_0138.xml', '2020_102099_0139.xml', '2020_102099_0140.xml', '2020_102099_0146.xml', '2020_102099_0147.xml', '2020_102099_0148.xml', '2020_102099_0149.xml', '2020_102099_0150.xml', '2020_102099_0151.xml'];F;108.78;E;['2020_102099_0137.xml', '2020_102099_0138.xml', '2020_102099_0139.xml', '2020_102099_0146.xml', '2020_102099_0149.xml'];False;['2020_102099_0146.xml'];originali;('2020_102099_0137.xml', '2020_102099_0138.xml', '2020_102099_0139.xml', '2020_102099_0146.xml', '2020_102099_0149.xml');ape_summary_724e7ec0f232.html;3107858;C21
3107866;L219;1176;172;;11216.25;FABBRICATO;via galvani luigi;7;45.0811779;7.6598264;Edificio scolastico (es.: scuola di ogni ordine e grado, università, scuola di formazione);Prima del 1919;Dichiarazione di interesse culturale;Demanio;Utilizzato direttamente;Attività didattica;;;;2;[15609, 21163];True;['2020_100235_0001.xml'];D;243.18;D;['2020_100235_0001.xml'];False;['2020_100235_0001.xml'];originali;('2020_100235_0001.xml',);ape_summary_dc474d8897b8.html;3107866;C8
3107870;L219;1177;206;;2022.0;FABBRICATO;via avellino;3;45.0844946;7.6620029;Abitazione;Dal 1946 al 1960;Nessuno;Patrimonio indisponibile;Utilizzato direttamente;Altro;;;;40;[688354, 688355, 688356, 688357, 688358, 688359, 688360, 688361, 688362, 688363, 688364, 688365, 688366, 688367, 688368, 688369, 688370, 688371, 688372, 688373, 688374, 688375, 688376, 688377, 688378, 688379, 688380, 688381, 688382, 688383, 688384, 688385, 688386, 688387, 688388, 688390, 688391, 688392, 688393, 688394];True;['2022_200681_0031.xml'];G;312.76;F;['2022_200681_0031.xml'];True;['2022_200681_0031.xml'];originali;('2022_200681_0031.xml',);ape_summary_2ab503a57260.html;3107870;C8
3107871;L219;1177;474;;572.0;FABBRICATO;Via Avellino;25;45.0857529;7.6626989;Abitazione;Dal 1961 al 1970;Nessuno;Patrimonio indisponibile;Utilizzato direttamente;Altro;;;;7;[689955, 689956, 689957, 689958, 689959, 689960, 2666138];True;['2020_207709_0035.xml', '2021_207949_0313.xml', '2022_206052_0351.xml', '2022_206052_0364.xml'];B;61.41;A4;['2020_207709_0035.xml', '2021_207949_0313.xml', '2022_206052_0351.xml', '2022_206052_0364.xml'];True;['2020_207709_0035.xml'];originali;('2020_207709_0035.xml', '2021_207949_0313.xml', '2022_206052_0351.xml', '2022_206052_0364.xml');ape_summary_6a1ec77e677d.html;3107871;C8
3107872;L219;1178;144;;88.0;FABBRICATO;via pinelli pierdionigi;22;45.0806677;7.6675353;Locale commerciale, negozio;Dal 1946 al 1960;Nessuno;Patrimonio disponibile;Utilizzato direttamente;Attività commerciale e di ristorazione;;;;4;[689964, 689965, 689966, 689967];True;['2020_100857_0020.xml', '2021_105273_0001.xml', '2021_208347_0383.xml', '2021_311274_0294.xml', '2022_207949_0274.xml', '2022_211937_0029.xml'];G;166.1;F;['2020_100857_0020.xml', '2021_105273_0001.xml', '2021_208347_0383.xml', '2021_311274_0294.xml', '2022_207949_0274.xml', '2022_211937_0029.xml'];True;['2020_100857_0020.xml', '2021_105273_0001.xml', '2021_311274_0294.xml'];originali;('2020_100857_0020.xml', '2021_105273_0001.xml', '2021_208347_0383.xml', '2021_311274_0294.xml', '2022_207949_0274.xml', '2022_211937_0029.xml');ape_summary_3e30e4338c7d.html;3107872;C8
3107873;L219;1178;197;;152.0;FABBRICATO;via sobrero ascanio;19 A;45.0810418;7.6651916;Abitazione;Dal 1991 al 2000;Nessuno;Patrimonio indisponibile;Utilizzato direttamente;Altro;;;;2;[689182, 689183];True;['2019_101075_0011.xml', '2019_207949_0049.xml', '2019_207949_0231.xml', '2021_103241_0026.xml', '2021_213632_0031.xml', '2021_213632_0039.xml', '2022_207949_0198.xml'];F;148.09;F;['2019_101075_0011.xml', '2019_207949_0049.xml', '2019_207949_0231.xml', '2021_103241_0026.xml', '2021_213632_0031.xml', '2021_213632_0039.xml', '2022_207949_0198.xml'];True;['2019_207949_0231.xml', '2021_213632_0031.xml', '2021_213632_0039.xml'];originali;('2019_101075_0011.xml', '2019_207949_0049.xml', '2019_207949_0231.xml', '2021_103241_0026.xml', '2021_213632_0031.xml', '2021_213632_0039.xml', '2022_207949_0198.xml');ape_summary_5e60ef2694e3.html;3107873;C8
3107874;L219;1178;254;;470.0;FABBRICATO;Via Antonio Pacinotti;29;45.0810133;7.6637449;Fabbricato per attività produttiva (industriale, artigianale o agricola);Prima del 1919;Nessuno;Patrimonio indisponibile;Utilizzato direttamente;Altro;;;;9;[689994, 689995, 689996, 689997, 689998, 689999, 690000, 690001, 690002];True;['2019_311734_0005.xml'];C;105.23;B;['2019_311734_0005.xml'];True;['2019_311734_0005.xml'];originali;('2019_311734_0005.xml',);ape_summary_fcda768aa4fa.html;3107874;C8
3107875;L219;1179;105;;3433.0;FABBRICATO;Via Aquila;30;45.0853455;7.6665769;Abitazione;Dal 1919 al 1945;Nessuno;Patrimonio indisponibile;Utilizzato direttamente;Altro;;;;46;[690011, 690012, 690013, 690014, 690015, 690016, 690017, 690018, 690019, 690020, 690021, 690022, 690023, 690024, 690025, 690026, 690027, 690028, 690029, 690030, 690031, 690032, 690033, 690034, 690035, 690036, 690037, 690038, 690039, 690040, 690041, 690042, 690043, 690044, 690045, 690046, 690047, 690048, 690049, 690050, 690051, 690052, 690053, 690054, 690056, 690057];True;['2019_103997_0007.xml', '2020_312661_0121.xml'];G;358.73;E;['2019_103997_0007.xml', '2020_312661_0121.xml'];True;['2019_103997_0007.xml', '2020_312661_0121.xml'];originali;('2019_103997_0007.xml', '2020_312661_0121.xml');ape_summary_11cc013d4531.html;3107875;C8
3107876;L219;1179;259;;1337.25;FABBRICATO;Via Capua;7;45.0835992;7.6678697;Abitazione;Prima del 1919;Dichiarazione di interesse culturale;Demanio;Utilizzato direttamente;Non Dichiarato;in locazione;2848.0;01/04/2021;3;[9289, 690067, 690068];True;['2020_102099_0141.xml', '2020_102099_0142.xml'];F;278.66;E;['2020_102099_0141.xml', '2020_102099_0142.xml'];True;['2020_102099_0141.xml', '2020_102099_0142.xml'];originali;('2020_102099_0141.xml', '2020_102099_0142.xml');ape_summary_f56f3119f98f.html;3107876;C8
3107892;L219;1180;59;;109.0;FABBRICATO;via macerata;4;45.0819826;7.6693394;Abitazione;Dal 1946 al 1960;Nessuno;Patrimonio indisponibile;Utilizzato direttamente;Altro;;;;2;[689292, 689293];True;['2022_213632_0094.xml'];E;121.9;C;['2022_213632_0094.xml'];True;['2022_213632_0094.xml'];originali;('2022_213632_0094.xml',);ape_summary_35151a55757a.html;3107892;C8
3107895;L219;1183;194;;3187.0;FABBRICATO;corso vercelli;15;45.0846234;7.6855438;Magazzino e locali di deposito;Dal 1981 al 1990;Nessuno;Patrimonio indisponibile;Utilizzato direttamente;Attività amministrativa/uffici pubblici;;;;7;[690378, 690379, 690380, 690381, 690382, 690383, 690384];True;['2021_106141_0052.xml'];G;326.39;F;['2021_106141_0052.xml'];True;['2021_106141_0052.xml'];originali;('2021_106141_0052.xml',);ape_summary_f01a43874349.html;3107895;C19
3107897;L219;1183;211;;584.0;FABBRICATO;Via Generale Luigi Damiano;5;45.0869544;7.6840532;Abitazione;Dal 2001 al 2010;Nessuno;Patrimonio indisponibile;Utilizzato direttamente;Altro;;;;8;[689317, 689318, 689319, 689321, 689322, 689323, 689324, 689326];True;['2021_311906_0071.xml', '2022_313751_0019.xml'];D;119.11;D;['2021_311906_0071.xml', '2022_313751_0019.xml'];True;['2021_311906_0071.xml', '2022_313751_0019.xml'];originali;('2021_311906_0071.xml', '2022_313751_0019.xml');ape_summary_fdd27f8e95dd.html;3107897;C19
3107898;L219;1183;220;;5089.0;FABBRICATO;Via Cuneo;72;45.0871327;7.6831132;Abitazione;Dal 2001 al 2010;Nessuno;Patrimonio indisponibile;Utilizzato direttamente;Altro;;;;89;[689335, 689336, 689337, 689338, 689339, 689340, 689341, 689342, 689343, 689344, 689346, 689347, 689348, 689349, 689350, 689351, 689352, 689353, 689354, 689355, 689357, 689358, 689359, 689360, 689361, 689362, 689363, 689364, 689365, 689366, 689368, 689369, 689370, 689371, 689372, 689373, 689374, 689375, 689376, 689377, 689379, 689380, 689381, 689382, 689383, 689384, 689385, 689386, 689387, 689388, 689390, 689391, 689392, 689400, 689426, 689427, 689446, 689448, 689449, 689451, 689452, 689453, 689454, 689455, 689456, 689457, 689458, 689459, 689460, 689462, 689463, 689464, 689465, 689466, 689467, 689468, 689469, 689470, 689471, 689473, 689474, 689475, 689476, 689477, 689478, 689479, 689480, 689481, 689482];True;['2019_102351_0117.xml', '2019_102351_0118.xml', '2019_102351_0119.xml', '2019_102351_0120.xml', '2019_102351_0121.xml', '2019_102351_0122.xml', '2019_102351_0123.xml', '2019_102351_0124.xml', '2020_312661_0140.xml', '2020_312661_0141.xml', '2021_312661_0039.xml'];D;164.63;C;['2019_102351_0117.xml', '2019_102351_0118.xml', '2019_102351_0119.xml', '2019_102351_0120.xml', '2019_102351_0121.xml', '2019_102351_0122.xml', '2019_102351_0123.xml', '2019_102351_0124.xml', '2020_312661_0140.xml', '2020_312661_0141.xml', '2021_312661_0039.xml'];False;['2019_102351_0118.xml', '2019_102351_0119.xml', '2019_102351_0120.xml', '2019_102351_0121.xml', '2019_102351_0122.xml', '2019_102351_0123.xml', '2020_312661_0140.xml', '2020_312661_0141.xml'];originali;('2019_102351_0117.xml', '2019_102351_0118.xml', '2019_102351_0119.xml', '2019_102351_0120.xml', '2019_102351_0121.xml', '2019_102351_0122.xml', '2019_102351_0123.xml', '2019_102351_0124.xml', '2020_312661_0140.xml', '2020_312661_0141.xml', '2021_312661_0039.xml');ape_summary_26b21711d667.html;3107898;C19
3107900;L219;1183;41;;329.0;FABBRICATO;corso vercelli;19;45.0856734;7.6863277;Abitazione;Prima del 1919;Nessuno;Patrimonio indisponibile;Utilizzato direttamente;Altro;;;;2;[690556, 690557];True;['2019_103010_0038.xml', '2020_207949_0030.xml', '2022_112186_0003.xml'];F;146.43;E;['2019_103010_0038.xml', '2020_207949_0030.xml', '2022_112186_0003.xml'];True;['2019_103010_0038.xml'];originali;('2019_103010_0038.xml', '2020_207949_0030.xml', '2022_112186_0003.xml');ape_summary_b28509a2d1b1.html;3107900;C19
3107904;L219;1184;10;;559.0;FABBRICATO;Via Lodi;13;45.0844539;7.690713;Abitazione;Dal 1946 al 1960;Nessuno;Patrimonio indisponibile;Utilizzato direttamente;Altro;;;;8;[301849, 301851, 301852, 301853, 301854, 301855, 301856, 301857];True;['2019_104238_0016.xml', '2019_105263_0062.xml', '2019_113024_0002.xml', '2019_200193_0006.xml', '2019_200251_0018.xml', '2019_208568_0033.xml', '2019_209110_0004.xml', '2019_209689_0230.xml', '2019_209693_0002.xml', '2019_209882_0066.xml', '2019_212894_0010.xml', '2019_213953_0001.xml', '2020_100385_0003.xml', '2020_213615_0064.xml', '2020_213792_0002.xml', '2020_311040_0012.xml', '2021_113118_0037.xml', '2021_200542_0029.xml', '2021_207949_0126.xml', '2022_108905_0008.xml', '2022_203322_0002.xml', '2022_212533_0218.xml', '2022_212560_0076.xml', '2022_214142_0039.xml'];F;156.93;F;['2019_104238_0016.xml', '2019_105263_0062.xml', '2019_113024_0002.xml', '2019_200193_0006.xml', '2019_200251_0018.xml', '2019_208568_0033.xml', '2019_209110_0004.xml', '2019_209689_0230.xml', '2019_209693_0002.xml', '2019_209882_0066.xml', '2019_212894_0010.xml', '2019_213953_0001.xml', '2020_100385_0003.xml', '2020_213615_0064.xml', '2020_213792_0002.xml', '2020_311040_0012.xml', '2021_113118_0037.xml', '2021_200542_0029.xml', '2021_207949_0126.xml', '2022_108905_0008.xml', '2022_203322_0002.xml', '2022_212533_0218.xml', '2022_212560_0076.xml', '2022_214142_0039.xml'];True;['2019_113024_0002.xml', '2019_209110_0004.xml', '2019_209689_0230.xml', '2019_212894_0010.xml', '2019_213953_0001.xml', '2020_213615_0064.xml', '2020_213792_0002.xml', '2020_311040_0012.xml', '2022_108905_0008.xml', '2022_203322_0002.xml', '2022_212533_0218.xml'];originali;('2019_104238_0016.xml', '2019_105263_0062.xml', '2019_113024_0002.xml', '2019_200193_0006.xml', '2019_200251_0018.xml', '2019_208568_0033.xml', '2019_209110_0004.xml', '2019_209689_0230.xml', '2019_209693_0002.xml', '2019_209882_0066.xml', '2019_212894_0010.xml', '2019_213953_0001.xml', '2020_100385_0003.xml', '2020_213615_0064.xml', '2020_213792_0002.xml', '2020_311040_0012.xml', '2021_113118_0037.xml', '2021_200542_0029.xml', '2021_207949_0126.xml', '2022_108905_0008.xml', '2022_203322_0002.xml', '2022_212533_0218.xml', '2022_212560_0076.xml', '2022_214142_0039.xml');ape_summary_6ef0e173d785.html;3107904;C19
3107907;L219;1184;5;;1940.0;FABBRICATO;Via Aosta;31;45.0852193;7.6912085;Abitazione;Dal 1946 al 1960;Nessuno;Patrimonio indisponibile;Utilizzato direttamente;Altro;;;;37;[689559, 689560, 689561, 689563, 689564, 689565, 689566, 689567, 689568, 689569, 689570, 689571, 689572, 689573, 689574, 689575, 689576, 689577, 689578, 689579, 689580, 689581, 689582, 689583, 689584, 689585, 689586, 689587, 689588, 689589, 689590, 689591, 689592, 689593, 689594, 689595, 689596];True;['2019_105263_0065.xml', '2019_200193_0067.xml', '2019_208347_0441.xml', '2019_212560_0077.xml', '2020_201485_0041.xml', '2020_203473_0019.xml', '2020_214142_0040.xml', '2021_105137_0004.xml', '2021_214142_0037.xml', '2021_214142_0094.xml', '2022_113184_0091.xml', '2022_200193_0105.xml', '2022_200193_0132.xml'];E;119.20;E;['2019_105263_0065.xml', '2019_200193_0067.xml', '2019_208347_0441.xml', '2019_212560_0077.xml', '2020_201485_0041.xml', '2020_203473_0019.xml', '2020_214142_0040.xml', '2021_105137_0004.xml', '2021_214142_0037.xml', '2021_214142_0094.xml', '2022_113184_0091.xml', '2022_200193_0105.xml', '2022_200193_0132.xml'];True;['2020_201485_0041.xml', '2022_113184_0091.xml'];originali;('2019_105263_0065.xml', '2019_200193_0067.xml', '2019_208347_0441.xml', '2019_212560_0077.xml', '2020_201485_0041.xml', '2020_203473_0019.xml', '2020_214142_0040.xml', '2021_105137_0004.xml', '2021_214142_0037.xml', '2021_214142_0094.xml', '2022_113184_0091.xml', '2022_200193_0105.xml', '2022_200193_0132.xml');ape_summary_9bc63117491d.html;3107907;C19
3107908;L219;1184;66;;1183.0;FABBRICATO;Via Carmagnola;16;45.0854207;7.6874908;Abitazione;Dal 2001 al 2010;Nessuno;Patrimonio indisponibile;Utilizzato direttamente;Altro;;;;18;[689688, 689689, 689690, 689691, 689692, 689693, 689694, 689695, 689696, 689697, 689698, 689699, 689700, 689701, 689702, 689703, 689704, 689705];True;['2022_113184_0012.xml', '2022_200542_0102.xml'];D;64.07;C;['2022_113184_0012.xml', '2022_200542_0102.xml'];True;['2022_113184_0012.xml'];originali;('2022_113184_0012.xml', '2022_200542_0102.xml');ape_summary_c5177d3dc18c.html;3107908;C19
3107914;L219;1186;151;;4554.0;FABBRICATO;Via Ternengo;48;45.08753959;7.69666841;Abitazione;Dal 1991 al 2000;Nessuno;Patrimonio indisponibile;Utilizzato direttamente;Altro;;;;54;[690811, 690822, 690830, 690831, 690832, 690833, 690834, 690835, 690836, 690837, 690838, 690839, 690840, 690841, 690842, 690843, 690844, 690845, 690846, 690847, 690848, 690849, 690850, 690851, 690852, 690853, 690854, 690855, 690856, 690857, 690858, 690859, 690860, 690861, 690862, 690863, 690864, 690865, 690866, 690867, 690869, 690870, 690871, 690872, 690873, 690874, 690875, 690876, 690877, 690878, 690880, 690881, 690882, 690912];True;['2020_312661_0119.xml'];F;181.3;F;['2020_312661_0119.xml'];True;['2020_312661_0119.xml'];originali;('2020_312661_0119.xml',);ape_summary_f6eba60760f3.html;3107914;D20
3107916;L219;1186;167;;11647.0;FABBRICATO;Via Bioglio;16;45.0872881;7.6974772;Abitazione;Prima del 1919;Nessuno;Patrimonio indisponibile;Utilizzato direttamente;Altro;;;;161;[1115, 1116, 3469, 4204, 6260, 6817, 10804, 13464, 15274, 16187, 16188, 20159, 691708, 691709, 691710, 691711, 691712, 691713, 691714, 691715, 691716, 691717, 691718, 691719, 691720, 691721, 691722, 691723, 691724, 691725, 691726, 691727, 691728, 691729, 691730, 691731, 691732, 691733, 691734, 691735, 691736, 691737, 691738, 691739, 691740, 691741, 691742, 691743, 691744, 691745, 691746, 691747, 691748, 691749, 691750, 691751, 691753, 691754, 691755, 691756, 691757, 691758, 691759, 691760, 691761, 691762, 691763, 691764, 691765, 691766, 691767, 691768, 691769, 691770, 691771, 691772, 691773, 691774, 691775, 691776, 691777, 691778, 691779, 691780, 691781, 691782, 691784, 691795, 691806, 691817, 691828, 691839, 691850, 691861, 691872, 691883, 691894, 691905, 691916, 691927, 691938, 691949, 691960, 691967, 691968, 691969, 691970, 691971, 691972, 691973, 691974, 691975, 691976, 691977, 691978, 691979, 691980, 691981, 691982, 691983, 691984, 691985, 691986, 691987, 691988, 691989, 691990, 691991, 691992, 691993, 691994, 691995, 691996, 691997, 691998, 691999, 692000, 692001, 692002, 692003, 692004, 692005, 692006, 692007, 692008, 692009, 692010, 692011, 692012, 692013, 692014, 692015, 692016, 692017, 692018, 692019, 692020, 692021, 692022, 692023, 692024];True;['2019_213760_0042.xml', '2019_213760_0043.xml', '2019_213760_0044.xml', '2019_213760_0045.xml', '2020_312661_0089.xml', '2022_207895_0029.xml', '2022_313821_0048.xml', '2022_313821_0049.xml', '2022_313821_0050.xml', '2022_313821_0051.xml', '2022_313821_0052.xml', '2022_313821_0053.xml', '2022_313821_0054.xml', '2022_313821_0055.xml', '2022_313821_0056.xml', '2022_313821_0057.xml', '2022_313821_0058.xml', '2022_313821_0059.xml', '2022_313821_0060.xml', '2022_313821_0061.xml', '2022_313821_0062.xml', '2022_313821_0063.xml', '2022_313821_0064.xml', '2022_313821_0065.xml', '2022_313821_0066.xml', '2022_313821_0080.xml'];D;170.41;C;['2019_213760_0042.xml', '2019_213760_0043.xml', '2019_213760_0044.xml', '2019_213760_0045.xml', '2020_312661_0089.xml', '2022_207895_0029.xml', '2022_313821_0048.xml', '2022_313821_0049.xml', '2022_313821_0050.xml', '2022_313821_0051.xml', '2022_313821_0052.xml', '2022_313821_0053.xml', '2022_313821_0054.xml', '2022_313821_0055.xml', '2022_313821_0056.xml', '2022_313821_0057.xml', '2022_313821_0058.xml', '2022_313821_0059.xml', '2022_313821_0060.xml', '2022_313821_0061.xml', '2022_313821_0062.xml', '2022_313821_0063.xml', '2022_313821_0064.xml', '2022_313821_0065.xml', '2022_313821_0066.xml', '2022_313821_0080.xml'];True;['2019_213760_0042.xml', '2019_213760_0043.xml', '2019_213760_0044.xml', '2019_213760_0045.xml', '2020_312661_0089.xml', '2022_313821_0048.xml', '2022_313821_0049.xml', '2022_313821_0050.xml', '2022_313821_0051.xml', '2022_313821_0052.xml', '2022_313821_0053.xml', '2022_313821_0054.xml', '2022_313821_0055.xml', '2022_313821_0056.xml', '2022_313821_0057.xml', '2022_313821_0058.xml', '2022_313821_0059.xml', '2022_313821_0060.xml', '2022_313821_0061.xml', '2022_313821_0062.xml', '2022_313821_0063.xml', '2022_313821_0064.xml', '2022_313821_0065.xml', '2022_313821_0066.xml', '2022_313821_0080.xml'];originali;('2019_213760_0042.xml', '2019_213760_0043.xml', '2019_213760_0044.xml', '2019_213760_0045.xml', '2020_312661_0089.xml', '2022_207895_0029.xml', '2022_313821_0048.xml', '2022_313821_0049.xml', '2022_313821_0050.xml', '2022_313821_0051.xml', '2022_313821_0052.xml', '2022_313821_0053.xml', '2022_313821_0054.xml', '2022_313821_0055.xml', '2022_313821_0056.xml', '2022_313821_0057.xml', '2022_313821_0058.xml', '2022_313821_0059.xml', '2022_313821_0060.xml', '2022_313821_0061.xml', '2022_313821_0062.xml', '2022_313821_0063.xml', '2022_313821_0064.xml', '2022_313821_0065.xml', '2022_313821_0066.xml', '2022_313821_0080.xml');ape_summary_154fea0d3f33.html;3107916;D20
3107917;L219;1188;10;;1021.0;FABBRICATO;Via Borriana;11;45.0874199;7.7049243;Abitazione;Dal 1919 al 1945;Nessuno;Patrimonio indisponibile;Utilizzato direttamente;Altro;;;;15;[692446, 692447, 692448, 692449, 692450, 692451, 692452, 692453, 692454, 692455, 692456, 692457, 692458, 692459, 692460];True;['2019_208347_0754.xml', '2022_109071_0010.xml', '2022_205282_0039.xml', '2022_207228_0073.xml', '2022_208572_0015.xml'];F;136.97;D;['2019_208347_0754.xml', '2022_109071_0010.xml', '2022_205282_0039.xml', '2022_207228_0073.xml', '2022_208572_0015.xml'];True;['2022_205282_0039.xml'];originali;('2019_208347_0754.xml', '2022_109071_0010.xml', '2022_205282_0039.xml', '2022_207228_0073.xml', '2022_208572_0015.xml');ape_summary_0c78dd8966f3.html;3107917;D20
3107918;L219;1188;11;;598.0;FABBRICATO;Via Bologna;139;45.0870608;7.7049867;Abitazione;Dal 1919 al 1945;Nessuno;Patrimonio indisponibile;Utilizzato direttamente;Altro;;;;9;[692472, 692473, 692474, 692475, 692476, 692477, 692478, 692479, 692480];True;['2019_112837_0002.xml', '2019_204783_0006.xml', '2019_210200_0047.xml', '2022_109339_0014.xml'];F;172.89;E;['2019_112837_0002.xml', '2019_204783_0006.xml', '2019_210200_0047.xml', '2022_109339_0014.xml'];True;['2019_112837_0002.xml', '2019_204783_0006.xml'];originali;('2019_112837_0002.xml', '2019_204783_0006.xml', '2019_210200_0047.xml', '2022_109339_0014.xml');ape_summary_3900cb453e41.html;3107918;D20
3107923;L219;1188;6;;1118.0;FABBRICATO;Via Borriana;6;45.0875386;7.705208;Abitazione;Dal 1919 al 1945;Nessuno;Patrimonio indisponibile;Utilizzato direttamente;Altro;;;;15;[691363, 691364, 691365, 691366, 691367, 691368, 691369, 691370, 691371, 691372, 691373, 691374, 691375, 691376, 691377];True;['2020_112764_0030.xml', '2020_212629_1059.xml', '2021_202078_0165.xml', '2021_205329_0058.xml', '2021_205329_0061.xml'];F;128.59;E;['2020_112764_0030.xml', '2020_212629_1059.xml', '2021_202078_0165.xml', '2021_205329_0058.xml', '2021_205329_0061.xml'];True;['2020_112764_0030.xml'];originali;('2020_112764_0030.xml', '2020_212629_1059.xml', '2021_202078_0165.xml', '2021_205329_0058.xml', '2021_205329_0061.xml');ape_summary_ba4ee025ff49.html;3107923;D20
3107924;L219;1188;62;;1397.75;FABBRICATO;via bologna;153;45.088011;7.7062151;Edificio scolastico (es.: scuola di ogni ordine e grado, università, scuola di formazione);Dal 1971 al 1980;Nessuno;Patrimonio indisponibile;Utilizzato direttamente;Attività amministrativa/uffici pubblici;;;;3;[692512, 692513, 692515];True;['2019_102341_0004.xml'];E;187.6;D;['2019_102341_0004.xml'];True;['2019_102341_0004.xml'];originali;('2019_102341_0004.xml',);ape_summary_91edde7d722f.html;3107924;D20
3107926;L219;1188;8;;593.0;FABBRICATO;Via Niccolò Paganini;40;45.0872988;7.7046685;Abitazione;Dal 1919 al 1945;Nessuno;Patrimonio indisponibile;Utilizzato direttamente;Altro;;;;8;[692543, 692545, 692546, 692547, 692548, 692549, 692550, 692551];True;['2019_207949_0018.xml', '2020_109395_0082.xml', '2021_106141_0027.xml'];F;177.86;E;['2019_207949_0018.xml', '2020_109395_0082.xml', '2021_106141_0027.xml'];True;['2021_106141_0027.xml'];originali;('2019_207949_0018.xml', '2020_109395_0082.xml', '2021_106141_0027.xml');ape_summary_d4355fd63fc9.html;3107926;D20
3107930;L219;1204;98;;266.0;FABBRICATO;Strada Comunale di Mongreno;79;45.076558;7.7394235;Abitazione;Dal 1991 al 2000;Nessuno;Patrimonio disponibile;Utilizzato direttamente;Altro;;;;2;[691420, 691421];True;['2019_108905_0068.xml', '2019_112348_0035.xml', '2022_205195_0109.xml'];E;144.44;E;['2019_108905_0068.xml', '2019_112348_0035.xml', '2022_205195_0109.xml'];True;['2019_108905_0068.xml'];originali;('2019_108905_0068.xml', '2019_112348_0035.xml', '2022_205195_0109.xml');ape_summary_35e0167909bb.html;3107930;E2
3107939;L219;1212;90;;809.4;FABBRICATO;Via Carlo Michele Buscalioni;15;45.0774956;7.700681;Abitazione;Dal 1919 al 1945;Nessuno;Patrimonio indisponibile;;Non Dichiarato;in concessione a titolo oneroso;18745.0;01/01/2022;6;[691461, 691462, 691463, 691464, 691465, 691466];True;['2020_102099_0164.xml', '2020_102099_0165.xml'];F;230.4;E;['2020_102099_0164.xml', '2020_102099_0165.xml'];True;['2020_102099_0164.xml', '2020_102099_0165.xml'];originali;('2020_102099_0164.xml', '2020_102099_0165.xml');ape_summary_b2e6d331326f.html;3107939;C18
3107940;L219;1212;97;;1638.0;FABBRICATO;Via Buscalioni Carlo Michele;17;45.0769615;7.7010203;Abitazione;Dal 1919 al 1945;Nessuno;Patrimonio indisponibile;Utilizzato direttamente;Non Dichiarato;in locazione;843.0;01/01/2022;24;[692846, 692847, 692848, 692849, 692850, 692851, 692852, 692853, 692854, 692855, 692856, 692857, 692858, 692859, 692860, 692861, 692862, 692863, 692864, 692865, 692866, 692867, 692868, 692869];True;['2020_102099_0166.xml', '2020_102099_0167.xml', '2020_102099_0168.xml', '2020_102099_0169.xml', '2020_102099_0170.xml', '2020_102099_0174.xml', '2020_102099_0175.xml', '2020_102099_0176.xml', '2020_102099_0179.xml', '2020_102099_0180.xml', '2020_102099_0181.xml', '2020_102099_0182.xml', '2020_102099_0183.xml', '2020_102099_0184.xml', '2021_106141_0033.xml', '2021_106141_0034.xml'];F;269.06;E;['2020_102099_0166.xml', '2020_102099_0167.xml', '2020_102099_0168.xml', '2020_102099_0169.xml', '2020_102099_0170.xml', '2020_102099_0174.xml', '2020_102099_0175.xml', '2020_102099_0176.xml', '2020_102099_0179.xml', '2020_102099_0180.xml', '2020_102099_0181.xml', '2020_102099_0182.xml', '2020_102099_0183.xml', '2020_102099_0184.xml', '2021_106141_0033.xml', '2021_106141_0034.xml'];True;['2020_102099_0166.xml', '2020_102099_0167.xml', '2020_102099_0168.xml', '2020_102099_0169.xml', '2020_102099_0170.xml', '2020_102099_0174.xml', '2020_102099_0175.xml', '2020_102099_0176.xml', '2020_102099_0179.xml', '2020_102099_0180.xml', '2020_102099_0181.xml', '2020_102099_0182.xml', '2020_102099_0183.xml', '2020_102099_0184.xml', '2021_106141_0033.xml', '2021_106141_0034.xml'];originali;('2020_102099_0166.xml', '2020_102099_0167.xml', '2020_102099_0168.xml', '2020_102099_0169.xml', '2020_102099_0170.xml', '2020_102099_0174.xml', '2020_102099_0175.xml', '2020_102099_0176.xml', '2020_102099_0179.xml', '2020_102099_0180.xml', '2020_102099_0181.xml', '2020_102099_0182.xml', '2020_102099_0183.xml', '2020_102099_0184.xml', '2021_106141_0033.xml', '2021_106141_0034.xml');ape_summary_e9279ab5dbcb.html;3107940;C18
3107941;L219;1213;12;;590.0;FABBRICATO;Lungo Dora Firenze;51;45.07863;7.6908369;Abitazione;Prima del 1919;Dichiarazione di interesse culturale;Demanio;Utilizzato direttamente;Alloggio di servizio, foresterie;;;;3;[11920, 692901, 692902];True;['2021_106141_0039.xml'];D;284.95;C;['2021_106141_0039.xml'];True;['2021_106141_0039.xml'];originali;('2021_106141_0039.xml',);ape_summary_1cbb02fb5934.html;3107941;C18
3107955;L219;1217;183;;2695.0;FABBRICATO;Via Franco Bonelli;12;45.0761307;7.6806403;Abitazione;Prima del 1919;Nessuno;Patrimonio indisponibile;Utilizzato direttamente;Altro;;;;20;[692974, 692975, 692976, 692977, 692978, 692979, 692980, 692981, 692982, 692983, 692984, 692985, 692986, 692987, 692988, 692989, 692990, 692991, 692994, 692995];True;['2022_113184_0064.xml'];F;172.33;E;['2022_113184_0064.xml'];True;['2022_113184_0064.xml'];originali;('2022_113184_0064.xml',);ape_summary_c29e2d3646a5.html;3107955;B5
3107967;L219;1218;43;;2258.0;FABBRICATO;Via Sigismondo Gerdil;7;45.0797746;7.6778351;Abitazione;Prima del 1919;Nessuno;Patrimonio indisponibile;Utilizzato direttamente;Altro;;;;35;[23346, 23347, 24637, 26000, 26841, 27069, 693446, 693447, 693448, 693449, 693450, 693451, 693452, 693453, 693454, 693455, 693456, 693457, 693458, 693459, 693460, 693461, 693462, 693463, 693464, 693465, 693466, 693467, 693468, 693469, 693470, 693471, 693472, 693473, 693474];True;['2021_113184_0107.xml'];F;163.79;F;['2021_113184_0107.xml'];True;['2021_113184_0107.xml'];originali;('2021_113184_0107.xml',);ape_summary_d83f6f513789.html;3107967;C17
3107973;L219;1219;44;;583.0;FABBRICATO;Via San Domenico;16;45.0751722;7.6798657;Abitazione;Prima del 1919;Nessuno;Patrimonio indisponibile;Utilizzato direttamente;Altro;;;;7;[693765, 693766, 693767, 693768, 693769, 693770, 693771];True;['2019_202724_0018.xml', '2022_214073_0018.xml'];E;186.06;D;['2019_202724_0018.xml', '2022_214073_0018.xml'];True;['2022_214073_0018.xml'];originali;('2019_202724_0018.xml', '2022_214073_0018.xml');ape_summary_61c7301ac641.html;3107973;B5
3107975;L219;1219;70;;624.0;FABBRICATO;Via del Carmine;4;45.0756221;7.6759482;Abitazione;Prima del 1919;Dichiarazione di interesse culturale;Demanio;;Non Dichiarato;in concessione a titolo oneroso;7393.0;01/01/2022;3;[693786, 693787, 693788];True;['2019_203325_0015.xml', '2019_212629_0743.xml', '2019_101408_0036.xml', '2020_212629_0489.xml', '2021_212629_0039.xml', '2022_209895_0034.xml'];E;200.94;E;['2019_203325_0015.xml', '2019_212629_0743.xml', '2019_101408_0036.xml', '2020_212629_0489.xml', '2021_212629_0039.xml', '2022_209895_0034.xml'];True;['2022_209895_0034.xml'];originali;('2019_101408_0036.xml', '2019_203325_0015.xml', '2019_212629_0743.xml', '2020_212629_0489.xml', '2021_212629_0039.xml', '2022_209895_0034.xml');ape_summary_c8c93a9ed9bd.html;3107975;B5
3107978;L219;1220;212;;682.0;FABBRICATO;Via Cernaia;30;45.0723838;7.6726557;Abitazione;Dal 1919 al 1945;Nessuno;Patrimonio indisponibile;Utilizzato direttamente;Altro;;;;4;[12624, 694507, 694508, 694509];True;['2019_102945_0130.xml', '2019_102945_0131.xml', '2019_106512_0010.xml', '2019_108388_0006.xml', '2019_203879_0001.xml', '2020_113482_0001.xml', '2020_200297_0059.xml', '2020_209934_0017.xml', '2020_209934_0018.xml', '2020_209934_0034.xml', '2020_209934_0035.xml', '2020_209934_0036.xml', '2020_209934_0037.xml', '2020_212533_0283.xml', '2022_202439_0008.xml'];F;250.0;D;['2019_102945_0130.xml', '2019_102945_0131.xml', '2019_106512_0010.xml', '2019_108388_0006.xml', '2019_203879_0001.xml', '2020_113482_0001.xml', '2020_200297_0059.xml', '2020_209934_0017.xml', '2020_209934_0018.xml', '2020_209934_0034.xml', '2020_209934_0035.xml', '2020_209934_0036.xml', '2020_209934_0037.xml', '2020_212533_0283.xml', '2022_202439_0008.xml'];;['2019_102945_0130.xml', '2019_102945_0131.xml', '2020_212533_0283.xml'];originali;('2019_102945_0130.xml', '2019_102945_0131.xml', '2019_106512_0010.xml', '2019_108388_0006.xml', '2019_203879_0001.xml', '2020_113482_0001.xml', '2020_200297_0059.xml', '2020_209934_0017.xml', '2020_209934_0018.xml', '2020_209934_0034.xml', '2020_209934_0035.xml', '2020_209934_0036.xml', '2020_209934_0037.xml', '2020_212533_0283.xml', '2022_202439_0008.xml');ape_summary_796cd63d0143.html;3107978;B5
3107992;L219;1225;966;;6991.0;FABBRICATO;Via Villar Focchiardo;16;45.0734471;7.6449315;Abitazione;Dal 1981 al 1990;Nessuno;Patrimonio indisponibile;Utilizzato direttamente;Alloggio di servizio, foresterie;;;;4;[694623, 694624, 694625, 694626];True;['2022_104067_0016.xml'];E;135.26;E;['2022_104067_0016.xml'];True;['2022_104067_0016.xml'];originali;('2022_104067_0016.xml',);ape_summary_ceb926426b82.html;3107992;C22
3108000;L219;1229;325;;5554.0;FABBRICATO;VIA POSTUMIA;28;45.06869604;7.62058615;Abitazione;Dal 1971 al 1980;Nessuno;Patrimonio indisponibile;Utilizzato direttamente;Attività didattica;;;;5;[693940, 693941, 2859478, 2859479, 2859480];True;['2022_103892_0002.xml'];G;518.92;E;['2022_103892_0002.xml'];;['2022_103892_0002.xml'];originali;('2022_103892_0002.xml',);ape_summary_4b8a2a856455.html;3108000;D25
3108013;L219;1241;131;;2372.0;FABBRICATO;corso vittorio emanuele ii;119;45.0677162;7.6641177;Abitazione;Prima del 1919;Nessuno;Patrimonio indisponibile;Utilizzato direttamente;Altro;;;;30;[694727, 694728, 694729, 694730, 694731, 694732, 694733, 694734, 694735, 694736, 694737, 694738, 694739, 694740, 694741, 694742, 694743, 694744, 694745, 694746, 694747, 694748, 694749, 694750, 694751, 694752, 694753, 694754, 694755, 694756];True;['2020_113181_0033.xml'];E;444.27;D;['2020_113181_0033.xml'];True;['2020_113181_0033.xml'];originali;('2020_113181_0033.xml',);ape_summary_ddda622a0651.html;3108013;B4
3108015;L219;1243;159;;4345.0;FABBRICATO;Via Stampatori;6 C;45.07242169;7.6779537;Abitazione;Prima del 1919;Dichiarazione di interesse culturale;Demanio;Utilizzato direttamente;Altro;in concessione a titolo oneroso;3225.0;01/05/2009;49;[694765, 694766, 694767, 694768, 694769, 694770, 694771, 694772, 694775, 694776, 694778, 694779, 694781, 694782, 694783, 694784, 694785, 694786, 694787, 694788, 694789, 694790, 694791, 694792, 694793, 694794, 694795, 694796, 694797, 694798, 694799, 694800, 694801, 694802, 694803, 694804, 694805, 694806, 694807, 694808, 694809, 694810, 694811, 694812, 694813, 694814, 694815, 694816, 694817];True;['2021_113184_0108.xml'];G;273.76;G;['2021_113184_0108.xml'];True;['2021_113184_0108.xml'];originali;('2021_113184_0108.xml',);ape_summary_8ab0ed362904.html;3108015;B5
3108022;L219;1245;142;;982.0;FABBRICATO;via porta palatina;4;45.0724502;7.6828883;Abitazione;Prima del 1919;Nessuno;Patrimonio indisponibile;Utilizzato direttamente;Altro;;;;15;[694376, 694377, 694378, 694379, 694380, 694381, 694382, 694383, 694384, 694385, 694386, 694387, 694388, 694389, 694390];True;['2019_106613_0005.xml', '2020_212894_0088.xml', '2021_113184_0109.xml'];D;362.37;D;['2019_106613_0005.xml', '2020_212894_0088.xml', '2021_113184_0109.xml'];True;['2019_106613_0005.xml', '2020_212894_0088.xml', '2021_113184_0109.xml'];originali;('2019_106613_0005.xml', '2020_212894_0088.xml', '2021_113184_0109.xml');ape_summary_96aaff092d3a.html;3108022;B5
3108024;L219;1245;156;;6769.43;FABBRICATO;via garibaldi giuseppe;1;45.0729577;7.6790912;Locale commerciale, negozio;Prima del 1919;Dichiarazione di interesse culturale;Demanio;Utilizzato direttamente;Attività amministrativa/uffici pubblici;in concessione a titolo oneroso;15027.0;01/12/2012;10;[695206, 695207, 695208, 695209, 695210, 695211, 695213, 695214, 695216, 695217];True;['2019_102341_0006.xml'];D;157.01;D;['2019_102341_0006.xml'];False;['2019_102341_0006.xml'];originali;('2019_102341_0006.xml',);ape_summary_e13a548eca9a.html;3108024;B5
3108027;L219;1245;255;;2473.0;FABBRICATO;Via Monte di Pietà;23;45.0715462;7.6791253;Abitazione;Prima del 1919;Nessuno;Patrimonio indisponibile;Utilizzato direttamente;Altro;;;;33;[695226, 695227, 695228, 695229, 695230, 695231, 695232, 695233, 695234, 695235, 695236, 695237, 695238, 695239, 695240, 695241, 695242, 695243, 695244, 695245, 695246, 695247, 695248, 695249, 695250, 695251, 695252, 695253, 695254, 695255, 695256, 695257, 695258];True;['2022_113184_0063.xml'];G;170.1;G;['2022_113184_0063.xml'];True;['2022_113184_0063.xml'];originali;('2022_113184_0063.xml',);ape_summary_0c475b2c99da.html;3108027;B5
3108028;L219;1245;277;;89.0;FABBRICATO;via venti settembre;57;45.0701747;7.6823665;Abitazione;Prima del 1919;Nessuno;Patrimonio indisponibile;;Non Dichiarato;in locazione;2796.0;01/05/2022;2;[695259, 695265];True;['2020_206748_0055.xml', '2020_207949_0191.xml', '2021_112725_0001.xml', '2021_214176_0159.xml', '2022_102099_0014.xml', '2022_212629_1836.xml'];G;256.44;F;['2020_206748_0055.xml', '2020_207949_0191.xml', '2021_112725_0001.xml', '2021_214176_0159.xml', '2022_102099_0014.xml', '2022_212629_1836.xml'];True;['2021_112725_0001.xml', '2021_214176_0159.xml', '2022_102099_0014.xml'];originali;('2020_206748_0055.xml', '2020_207949_0191.xml', '2021_112725_0001.xml', '2021_214176_0159.xml', '2022_102099_0014.xml', '2022_212629_1836.xml');ape_summary_d12321b7b81a.html;3108028;B6
3108033;L219;1245;51;;754.0;FABBRICATO;via porta palatina;13;45.0737333;7.6833263;Abitazione;Prima del 1919;Dichiarazione di interesse culturale;Demanio;Utilizzato direttamente;Altro;;;;11;[696595, 696596, 696597, 696598, 696599, 696600, 696601, 696602, 696603, 696604, 696605];True;['2021_113184_0106.xml'];F;135.53;E;['2021_113184_0106.xml'];True;['2021_113184_0106.xml'];originali;('2021_113184_0106.xml',);ape_summary_6efc13fe590d.html;3108033;B5
3108038;L219;1246;18;;10083.0;FABBRICATO;piazza s. giovanni;5;45.0737427;7.6842383;Locale commerciale, negozio;Dal 1946 al 1960;Nessuno;Patrimonio indisponibile;Utilizzato direttamente;Attività amministrativa/uffici pubblici;in concessione a titolo oneroso;9346.0;01/12/2012;2;[695927, 695928];True;['2022_109289_0005.xml'];A2;83.12;A2;['2022_109289_0005.xml'];True;['2022_109289_0005.xml'];originali;('2022_109289_0005.xml',);ape_summary_ace8010d4192.html;3108038;B5
3108040;L219;1247;127;;3009.25;FABBRICATO;Via Gianfrancesco Fiochetto;29;45.0758634;7.6894159;Abitazione;Dal 1961 al 1970;Nessuno;Patrimonio indisponibile;Utilizzato direttamente;Alloggio di servizio, foresterie;;;;2;[388100, 388102];True;['2021_106141_0050.xml'];E;286.2;D;['2021_106141_0050.xml'];True;['2021_106141_0050.xml'];originali;('2021_106141_0050.xml',);ape_summary_c5509ae05ad6.html;3108040;C18
3108043;L219;1248;219;;2582.0;FABBRICATO;corso s. maurizio;16;45.0698708;7.6939641;Abitazione;Dal 1946 al 1960;Nessuno;Patrimonio indisponibile;Utilizzato direttamente;Altro;;;;38;[695935, 695936, 695937, 695938, 695939, 695940, 695941, 695942, 695943, 695944, 695945, 695946, 695947, 695948, 695949, 695950, 695951, 695952, 695953, 695954, 695955, 695956, 695957, 695958, 695959, 695960, 695961, 695962, 695963, 695964, 695965, 695966, 695967, 695968, 695969, 695970, 695971, 695972];True;['2020_113184_0189.xml', '2020_113184_0190.xml', '2020_113184_0191.xml', '2020_113184_0192.xml', '2022_312661_0131.xml', '2022_312661_0132.xml', '2022_312661_0133.xml'];F;227.08;F;['2020_113184_0189.xml', '2020_113184_0190.xml', '2020_113184_0191.xml', '2020_113184_0192.xml', '2022_312661_0131.xml', '2022_312661_0132.xml', '2022_312661_0133.xml'];True;['2022_312661_0131.xml', '2022_312661_0132.xml', '2022_312661_0133.xml'];originali;('2020_113184_0189.xml', '2020_113184_0190.xml', '2020_113184_0191.xml', '2020_113184_0192.xml', '2022_312661_0131.xml', '2022_312661_0132.xml', '2022_312661_0133.xml');ape_summary_b342c7d203fb.html;3108043;B6
3108057;L219;1253;29;;963.0;FABBRICATO;Corso Belgio;105;45.0740686;7.7177593;Abitazione;Dal 1946 al 1960;Nessuno;Patrimonio indisponibile;Utilizzato direttamente;Altro;;;;14;[696155, 696156, 696157, 696158, 696159, 696160, 696161, 696162, 696163, 696164, 696165, 696166, 696167, 696168];True;['2019_107485_0022.xml', '2019_107973_0039.xml', '2020_202078_0039.xml', '2020_211941_0003.xml', '2021_200542_0074.xml', '2022_111814_0003.xml'];G;279.77;G;['2019_107485_0022.xml', '2019_107973_0039.xml', '2020_202078_0039.xml', '2020_211941_0003.xml', '2021_200542_0074.xml', '2022_111814_0003.xml'];True;['2019_107485_0022.xml', '2019_107973_0039.xml', '2022_111814_0003.xml'];originali;('2019_107485_0022.xml', '2019_107973_0039.xml', '2020_202078_0039.xml', '2020_211941_0003.xml', '2021_200542_0074.xml', '2022_111814_0003.xml');ape_summary_6f1540546091.html;3108057;C20
3108076;L219;1280;24;;159.0;FABBRICATO;via po;2;45.0697803;7.6872855;Abitazione;Prima del 1919;Nessuno;Patrimonio indisponibile;Utilizzato direttamente;Altro;;;;2;[69712, 69714];True;['2018_212336_0038.xml', '2019_204454_0125.xml', '2019_206463_0249.xml', '2020_110134_0024.xml', '2021_103021_0012.xml', '2021_110134_0024.xml', '2021_208165_0002.xml', '2021_212533_0214.xml', '2021_214176_0187.xml', '2022_111859_0032.xml'];B;37.54;A1;['2018_212336_0038.xml', '2019_204454_0125.xml', '2019_206463_0249.xml', '2020_110134_0024.xml', '2021_103021_0012.xml', '2021_110134_0024.xml', '2021_208165_0002.xml', '2021_212533_0214.xml', '2021_214176_0187.xml', '2022_111859_0032.xml'];True;['2020_110134_0024.xml', '2021_103021_0012.xml', '2021_110134_0024.xml', '2021_214176_0187.xml', '2022_111859_0032.xml'];originali;('2018_212336_0038.xml', '2019_204454_0125.xml', '2019_206463_0249.xml', '2020_110134_0024.xml', '2021_103021_0012.xml', '2021_110134_0024.xml', '2021_208165_0002.xml', '2021_212533_0214.xml', '2021_214176_0187.xml', '2022_111859_0032.xml');ape_summary_db00a60e16b0.html;3108076;B2
3108083;L219;1282;7;;187.0;FABBRICATO;Via Roma;101;45.0687297;7.6835742;Magazzino e locali di deposito;Dal 1919 al 1945;Nessuno;Patrimonio indisponibile;Non utilizzato;Non Dichiarato;;;;2;[5061, 697383];True;['2019_206052_0211.xml', '2019_213762_0002.xml', '2020_100600_0015.xml', '2021_101682_0003.xml', '2022_107973_0516.xml'];B;56.22;A1;['2019_206052_0211.xml', '2019_213762_0002.xml', '2020_100600_0015.xml', '2021_101682_0003.xml', '2022_107973_0516.xml'];True;['2022_107973_0516.xml'];originali;('2019_206052_0211.xml', '2019_213762_0002.xml', '2020_100600_0015.xml', '2021_101682_0003.xml', '2022_107973_0516.xml');ape_summary_c2e4cfeae493.html;3108083;B1
3108085;L219;1283;178;;452.0;FABBRICATO;via massena andrea;11;45.06252;7.6740903;Locale commerciale, negozio;Dal 1919 al 1945;Nessuno;Patrimonio disponibile;Utilizzato direttamente;Attività commerciale e di ristorazione;in locazione;5596.0;01/07/2011;7;[697388, 697389, 697390, 697391, 697392, 697394, 697395];True;['2019_106882_0018.xml', '2020_212533_0078.xml', '2020_212533_0079.xml'];D;126.42;C;['2019_106882_0018.xml', '2020_212533_0078.xml', '2020_212533_0079.xml'];True;['2020_212533_0078.xml', '2020_212533_0079.xml'];originali;('2019_106882_0018.xml', '2020_212533_0078.xml', '2020_212533_0079.xml');ape_summary_33247a36306c.html;3108085;C3
3108098;L219;1296;205;;5794.25;FABBRICATO;via tolmino;40;45.0571839;7.6439982;Abitazione;Dal 1971 al 1980;Nessuno;Patrimonio indisponibile;Utilizzato direttamente;Alloggio di servizio, foresterie;;;;2;[697863, 697864];True;['2021_106141_0040.xml'];D;287.58;D;['2021_106141_0040.xml'];True;['2021_106141_0040.xml'];originali;('2021_106141_0040.xml',);ape_summary_a0e1e6a35e69.html;3108098;C24
3108102;L219;1297;59;;5410.5;FABBRICATO;Via Paolo Braccini;63;45.0599118;7.6488737;Edificio scolastico (es.: scuola di ogni ordine e grado, università, scuola di formazione);Dal 1971 al 1980;Nessuno;Patrimonio indisponibile;Utilizzato direttamente;Attività didattica;;;;3;[698256, 698257, 698258];True;['2021_106141_0046.xml'];D;327.39;C;['2021_106141_0046.xml'];True;['2021_106141_0046.xml'];originali;('2021_106141_0046.xml',);ape_summary_016ef76e459f.html;3108102;C24
3108103;L219;1298;281;;5888.0;FABBRICATO;corso lione;46;45.0574727;7.6539157;Abitazione;Dal 1981 al 1990;Nessuno;Patrimonio indisponibile;Utilizzato direttamente;Altro;;;;69;[698259, 698260, 698261, 698262, 698263, 698264, 698289, 698300, 698311, 698322, 698329, 698350, 698360, 698361, 698362, 698363, 698372, 698373, 698374, 698375, 698376, 698377, 698379, 698380, 698381, 698382, 698383, 698384, 698385, 698386, 698387, 698388, 698389, 698390, 698391, 698392, 698393, 698394, 698395, 698396, 698397, 698398, 698399, 698400, 698401, 698402, 698403, 698404, 698405, 698406, 698407, 698408, 698409, 698410, 698411, 698412, 698413, 698414, 698415, 698416, 698417, 698418, 698419, 698420, 698421, 698422, 698423, 698424, 698425];True;['2021_106141_0028.xml', '2021_213914_0108.xml', '2022_107973_0009.xml', '2022_202185_0114.xml', '2022_210633_0029.xml'];E;115.76;D;['2021_106141_0028.xml', '2021_213914_0108.xml', '2022_107973_0009.xml', '2022_202185_0114.xml', '2022_210633_0029.xml'];True;['2021_106141_0028.xml', '2022_107973_0009.xml'];originali;('2021_106141_0028.xml', '2021_213914_0108.xml', '2022_107973_0009.xml', '2022_202185_0114.xml', '2022_210633_0029.xml');ape_summary_3f82e8b85526.html;3108103;C24
3108105;L219;1298;76;;1942.3400000000001;FABBRICATO;via millio francesco;20;45.0581401;7.6523283;Struttura residenziale collettiva (es.: collegi e convitti, educandati, ricoveri, orfanotrofi, ospizi, conventi, seminari);Prima del 1919;Nessuno;Patrimonio indisponibile;Utilizzato direttamente;Attività artistica e culturale;;;;2;[697980, 697981];True;['2019_210180_0008.xml', '2020_205962_0005.xml'];D;75.23;D;['2019_210180_0008.xml', '2020_205962_0005.xml'];True;['2019_210180_0008.xml'];originali;('2019_210180_0008.xml', '2020_205962_0005.xml');ape_summary_e486cc239852.html;3108105;C24
3108107;L219;1300;170;;2293.0;FABBRICATO;Corso Duca degli Abruzzi;52;45.0586544;7.6595314;Abitazione;Prima del 1919;Dichiarazione di interesse culturale;Demanio;Utilizzato direttamente;Alloggio di servizio, foresterie;;;;4;[698435, 698436, 698437, 698438];True;['2021_106141_0044.xml'];E;311.91;D;['2021_106141_0044.xml'];True;['2021_106141_0044.xml'];originali;('2021_106141_0044.xml',);ape_summary_f6ed6a5561c7.html;3108107;C5
3108108;L219;1301;135;;186.0;FABBRICATO;Via Valeggio;23;45.0589645;7.6687327;Abitazione;Dal 1919 al 1945;Nessuno;Patrimonio disponibile;Utilizzato direttamente;Altro;in locazione;3642.0;01/02/2022;2;[698446, 2854663];True;['2019_102203_0057.xml', '2021_102099_0079.xml', '2021_200149_0018.xml', '2021_212489_0028.xml', '2022_214663_0084.xml'];F;164.41;E;['2019_102203_0057.xml', '2021_102099_0079.xml', '2021_200149_0018.xml', '2021_212489_0028.xml', '2022_214663_0084.xml'];True;['2019_102203_0057.xml', '2021_102099_0079.xml', '2021_200149_0018.xml', '2022_214663_0084.xml'];originali;('2019_102203_0057.xml', '2021_102099_0079.xml', '2021_200149_0018.xml', '2021_212489_0028.xml', '2022_214663_0084.xml');ape_summary_7b68c3b8b0b5.html;3108108;C4
3108109;L219;1301;349;;9445.25;FABBRICATO;Via Cristoforo Colombo;36;45.05831817;7.66058969;Abitazione;Prima del 1919;Dichiarazione di interesse culturale;Demanio;Utilizzato direttamente;Alloggio di servizio, foresterie;;;;2;[3898, 698447];True;['2021_106141_0041.xml'];D;276.56;C;['2021_106141_0041.xml'];True;['2021_106141_0041.xml'];originali;('2021_106141_0041.xml',);ape_summary_f259d2f40a8a.html;3108109;C5
3108110;L219;1302;15;;758.0;FABBRICATO;via massena andrea;28;45.0613276;7.6727091;Abitazione;Prima del 1919;Nessuno;Patrimonio indisponibile;Utilizzato direttamente;Altro;;;;11;[698449, 698450, 698451, 698452, 698453, 698454, 698455, 698456, 698457, 698458, 698459];True;['2021_208423_0092.xml', '2021_214176_0191.xml'];F;440.59;D;['2021_208423_0092.xml', '2021_214176_0191.xml'];True;['2021_214176_0191.xml'];originali;('2021_208423_0092.xml', '2021_214176_0191.xml');ape_summary_3be46e696054.html;3108110;C4
3108118;L219;1306;192;;3128.83;FABBRICATO;via mazzini giuseppe;44;45.0609741;7.6882336;Abitazione;Prima del 1919;Nessuno;Patrimonio indisponibile;Utilizzato direttamente;Altro;in concessione a titolo oneroso;1406.0;14/02/2020;36;[698597, 698598, 698599, 698600, 698601, 698602, 698603, 698604, 698605, 698606, 698607, 698608, 698609, 698610, 698611, 698612, 698613, 698614, 698615, 698616, 698617, 698622, 698623, 698624, 698625, 698626, 698627, 698628, 698630, 698631, 698632, 698633, 698634, 698635, 2786156, 2786157];True;['2020_106928_0037.xml'];B;98.97;A1;['2020_106928_0037.xml'];True;['2020_106928_0037.xml'];originali;('2020_106928_0037.xml',);ape_summary_7240bff01e57.html;3108118;B2
3108147;L219;1344;106;;7017.25;FABBRICATO;Via Ada Negri;21;45.0521082;7.6396716;Abitazione;Dal 1971 al 1980;Nessuno;Patrimonio indisponibile;Utilizzato direttamente;Alloggio di servizio, foresterie;;;;4;[698987, 698988, 698989, 698990];True;['2019_106141_0208.xml', '2021_100235_0003.xml'];C;184.1;C;['2019_106141_0208.xml', '2021_100235_0003.xml'];False;['2021_100235_0003.xml'];originali;('2019_106141_0208.xml', '2021_100235_0003.xml');ape_summary_5db73afe5302.html;3108147;D18
3108148;L219;1345;333;;1726.0;FABBRICATO;via gessi romolo;4;45.0506139;7.6533392;Abitazione;Dal 1946 al 1960;Nessuno;Patrimonio indisponibile;Utilizzato direttamente;Altro;;;;31;[690525, 690526, 690527, 690528, 690529, 690530, 690531, 690532, 690533, 690534, 690535, 690536, 690537, 690538, 690539, 690540, 690541, 690542, 690543, 690544, 690545, 690546, 690547, 690548, 690549, 690550, 690551, 690552, 690553, 690554, 690555];True;['2019_312661_0138.xml', '2019_312661_0139.xml', '2019_312661_0140.xml', '2019_312661_0141.xml', '2019_312661_0142.xml', '2019_312661_0143.xml', '2021_313821_0163.xml'];E;127.61;D;['2019_312661_0138.xml', '2019_312661_0139.xml', '2019_312661_0140.xml', '2019_312661_0141.xml', '2019_312661_0142.xml', '2019_312661_0143.xml', '2021_313821_0163.xml'];True;['2019_312661_0138.xml', '2019_312661_0139.xml', '2019_312661_0140.xml', '2019_312661_0141.xml', '2019_312661_0142.xml', '2019_312661_0143.xml', '2021_313821_0163.xml'];originali;('2019_312661_0138.xml', '2019_312661_0139.xml', '2019_312661_0140.xml', '2019_312661_0141.xml', '2019_312661_0142.xml', '2019_312661_0143.xml', '2021_313821_0163.xml');ape_summary_57065445af21.html;3108148;D18
3108151;L219;1349;159;;492.0;FABBRICATO;Via Orazio Antinori;3;45.05341868;7.66670546;Abitazione;Dal 1919 al 1945;Nessuno;Patrimonio indisponibile;Utilizzato direttamente;Non Dichiarato;in locazione;998.0;01/06/2021;7;[689534, 689535, 689536, 689537, 689538, 689539, 689540];True;['2020_102099_0161.xml', '2020_102099_0162.xml', '2020_102099_0163.xml', '2020_210180_0078.xml', '2021_102099_0004.xml'];E;127.38;D;['2020_102099_0161.xml', '2020_102099_0162.xml', '2020_102099_0163.xml', '2020_210180_0078.xml', '2021_102099_0004.xml'];True;['2020_102099_0161.xml', '2020_102099_0162.xml', '2020_102099_0163.xml', '2020_210180_0078.xml', '2021_102099_0004.xml'];originali;('2020_102099_0161.xml', '2020_102099_0162.xml', '2020_102099_0163.xml', '2020_210180_0078.xml', '2021_102099_0004.xml');ape_summary_b102265ccd61.html;3108151;C5
3108152;L219;1351;295;;84.0;FABBRICATO;via michelangelo buonarroti;30;45.0500451;7.6794094;Abitazione;Dal 1946 al 1960;Nessuno;Patrimonio disponibile;Utilizzato direttamente;Attività amministrativa/uffici pubblici;in locazione;3926.0;01/03/2010;2;[689548, 689549];True;['2019_207450_0055.xml', '2020_102099_0196.xml', '2020_108048_0006.xml', '2020_311040_0009.xml', '2021_205544_0106.xml', '2021_207709_0014.xml'];G;211.11;F;['2019_207450_0055.xml', '2020_102099_0196.xml', '2020_108048_0006.xml', '2020_311040_0009.xml', '2021_205544_0106.xml', '2021_207709_0014.xml'];True;['2019_207450_0055.xml', '2020_102099_0196.xml', '2020_108048_0006.xml', '2020_311040_0009.xml', '2021_205544_0106.xml', '2021_207709_0014.xml'];originali;('2019_207450_0055.xml', '2020_102099_0196.xml', '2020_108048_0006.xml', '2020_311040_0009.xml', '2021_205544_0106.xml', '2021_207709_0014.xml');ape_summary_95e55196204a.html;3108152;C2
3108159;L219;1369;70;;236.0;FABBRICATO;Strada Antica di Revigliasco;77;45.0429508;7.7036509;Abitazione;Prima del 1919;Nessuno;Patrimonio indisponibile;Utilizzato direttamente;Alloggio di servizio, foresterie;;;;2;[689931, 689932];True;['2019_101050_0005.xml'];C;529.04;C;['2019_101050_0005.xml'];True;['2019_101050_0005.xml'];originali;('2019_101050_0005.xml',);ape_summary_0ab57836ac31.html;3108159;E1
3108168;L219;1380;11;;1938.0;FABBRICATO;Via Pasquale Galluppi;12;45.0434455;7.6611704;Abitazione;Dal 1946 al 1960;Nessuno;Patrimonio indisponibile;Utilizzato direttamente;Altro;;;;31;[692123, 692124, 692125, 692126, 692127, 692128, 692129, 692130, 692131, 692132, 692133, 692134, 692135, 692136, 692137, 692138, 692139, 692140, 692141, 692142, 692143, 692144, 692145, 692146, 692147, 692149, 692150, 692151, 692152, 692153, 692154];True;['2022_209689_0102.xml'];E;121.89;E;['2022_209689_0102.xml'];True;['2022_209689_0102.xml'];originali;('2022_209689_0102.xml',);ape_summary_0472cd54c3c6.html;3108168;D17
3108174;L219;1380;18;;128.0;FABBRICATO;Via Giordano Bruno;52;45.0433;7.6627024;Abitazione;Dal 1946 al 1960;Nessuno;Patrimonio indisponibile;Utilizzato direttamente;Altro;;;;2;[692365, 692366];True;['2020_110202_0031.xml', '2021_103145_0002.xml', '2021_208567_0141.xml', '2021_208636_0003.xml', '2021_210120_0043.xml', '2022_106512_0002.xml', '2022_202695_0026.xml', '2022_202727_0011.xml', '2022_209730_0002.xml', '2022_211941_0055.xml'];G;367.07;D;['2020_110202_0031.xml', '2021_103145_0002.xml', '2021_208567_0141.xml', '2021_208636_0003.xml', '2021_210120_0043.xml', '2022_106512_0002.xml', '2022_202695_0026.xml', '2022_202727_0011.xml', '2022_209730_0002.xml', '2022_211941_0055.xml'];True;['2021_103145_0002.xml', '2021_208636_0003.xml', '2022_202695_0026.xml', '2022_209730_0002.xml'];originali;('2020_110202_0031.xml', '2021_103145_0002.xml', '2021_208567_0141.xml', '2021_208636_0003.xml', '2021_210120_0043.xml', '2022_106512_0002.xml', '2022_202695_0026.xml', '2022_202727_0011.xml', '2022_209730_0002.xml', '2022_211941_0055.xml');ape_summary_ccfec0eaf3e2.html;3108174;D17
3108175;L219;1380;3;;1369.0;FABBRICATO;Via Tunisi;3;45.0443611;7.6607233;Abitazione;Dal 1946 al 1960;Nessuno;Patrimonio indisponibile;Utilizzato direttamente;Altro;;;;19;[692367, 692368, 692369, 692370, 692371, 692372, 692373, 692374, 692375, 692376, 692377, 692378, 692379, 692380, 692381, 692383, 692384, 692385, 692386];True;['2017_104581_0032.xml', '2019_212489_0030.xml', '2019_212606_0001.xml'];G;422.64;G;['2017_104581_0032.xml', '2019_212489_0030.xml', '2019_212606_0001.xml'];True;['2017_104581_0032.xml'];originali;('2017_104581_0032.xml', '2019_212489_0030.xml', '2019_212606_0001.xml');ape_summary_ab580d318b2c.html;3108175;D17
3108177;L219;1380;5;;614.0;FABBRICATO;Via Tunisi;13;45.0438911;7.6602667;Abitazione;Dal 1946 al 1960;Nessuno;Patrimonio indisponibile;Utilizzato direttamente;Altro;;;;8;[691278, 691279, 691280, 691281, 691282, 691283, 691284, 691285];True;['2019_110704_0063.xml', '2019_110874_0006.xml', '2019_212533_0290.xml', '2021_201149_0041.xml'];F;156.27;E;['2019_110704_0063.xml', '2019_110874_0006.xml', '2019_212533_0290.xml', '2021_201149_0041.xml'];True;['2019_212533_0290.xml', '2021_201149_0041.xml'];originali;('2019_110704_0063.xml', '2019_110874_0006.xml', '2019_212533_0290.xml', '2021_201149_0041.xml');ape_summary_fcb334e64a1d.html;3108177;D17
3108189;L219;1387;35;;1043.5;FABBRICATO;via castelgomberto;75;45.0457616;7.6323173;Abitazione;Dal 1971 al 1980;Nessuno;Patrimonio indisponibile;Utilizzato direttamente;Attività amministrativa/uffici pubblici;in locazione;2626.0;01/04/2019;2;[692491, 692493];True;['2019_200542_0084.xml', '2019_205065_0005.xml', '2019_206362_0143.xml', '2020_101009_0002.xml', '2020_200471_0005.xml', '2010_104562_0253.xml', '2016_104562_0020.xml', '2020_200213_0016.xml', '2021_101009_0009.xml', '2021_101009_0015.xml', '2021_103241_0021.xml', '2021_104401_0003.xml', '2021_209507_0097.xml', '2021_212758_0006.xml', '2021_311274_0212.xml', '2021_311910_0017.xml', '2022_104389_0008.xml', '2022_204038_0040.xml', '2022_204777_0053.xml', '2022_212275_0003.xml'];F;123.62;F;['2019_200542_0084.xml', '2019_205065_0005.xml', '2019_206362_0143.xml', '2020_101009_0002.xml', '2020_200471_0005.xml', '2010_104562_0253.xml', '2016_104562_0020.xml', '2020_200213_0016.xml', '2021_101009_0009.xml', '2021_101009_0015.xml', '2021_103241_0021.xml', '2021_104401_0003.xml', '2021_209507_0097.xml', '2021_212758_0006.xml', '2021_311274_0212.xml', '2021_311910_0017.xml', '2022_104389_0008.xml', '2022_204038_0040.xml', '2022_204777_0053.xml', '2022_212275_0003.xml'];;['2019_206362_0143.xml', '2010_104562_0253.xml', '2016_104562_0020.xml', '2021_104401_0003.xml', '2021_311274_0212.xml', '2021_311910_0017.xml', '2022_204038_0040.xml', '2022_204777_0053.xml', '2022_212275_0003.xml'];originali;('2010_104562_0253.xml', '2016_104562_0020.xml', '2019_200542_0084.xml', '2019_205065_0005.xml', '2019_206362_0143.xml', '2020_101009_0002.xml', '2020_200213_0016.xml', '2020_200471_0005.xml', '2021_101009_0009.xml', '2021_101009_0015.xml', '2021_103241_0021.xml', '2021_104401_0003.xml', '2021_209507_0097.xml', '2021_212758_0006.xml', '2021_311274_0212.xml', '2021_311910_0017.xml', '2022_104389_0008.xml', '2022_204038_0040.xml', '2022_204777_0053.xml', '2022_212275_0003.xml');ape_summary_a8392fe430b4.html;3108189;D19
3108193;L219;1389;156;;2431.0;FABBRICATO;Corso Canonico Giuseppe Allamano;60;45.0512727;7.6236367;Abitazione;Dal 1981 al 1990;Nessuno;Patrimonio indisponibile;Utilizzato direttamente;Altro;;;;24;[691328, 691329, 691332, 691333, 691334, 691335, 691336, 691337, 691338, 691339, 691340, 691341, 691342, 691343, 691344, 691345, 691346, 691347, 691348, 691349, 691350, 691351, 691352, 691353];True;['2019_103201_0009.xml', '2019_112696_0001.xml', '2019_213309_0045.xml', '2020_103343_0001.xml', '2020_207949_0012.xml', '2020_208722_0036.xml', '2020_104581_0006.xml', '2021_208722_0119.xml', '2022_205101_0006.xml', '2022_205141_0021.xml', '2022_208347_0306.xml', '2022_214176_0203.xml', '2022_311274_0105.xml'];G;207.64;C;['2019_103201_0009.xml', '2019_112696_0001.xml', '2019_213309_0045.xml', '2020_103343_0001.xml', '2020_207949_0012.xml', '2020_208722_0036.xml', '2020_104581_0006.xml', '2021_208722_0119.xml', '2022_205101_0006.xml', '2022_205141_0021.xml', '2022_208347_0306.xml', '2022_214176_0203.xml', '2022_311274_0105.xml'];True;['2019_112696_0001.xml', '2020_207949_0012.xml', '2020_208722_0036.xml', '2021_208722_0119.xml', '2022_311274_0105.xml'];originali;('2019_103201_0009.xml', '2019_112696_0001.xml', '2019_213309_0045.xml', '2020_103343_0001.xml', '2020_104581_0006.xml', '2020_207949_0012.xml', '2020_208722_0036.xml', '2021_208722_0119.xml', '2022_205101_0006.xml', '2022_205141_0021.xml', '2022_208347_0306.xml', '2022_214176_0203.xml', '2022_311274_0105.xml');ape_summary_ae4ee7debc75.html;3108193;D19
3108197;L219;1391;23;;1073.0;FABBRICATO;Via Paolo Gaidano;22;45.0402892;7.6267167;Abitazione;Dal 1961 al 1970;Nessuno;Patrimonio indisponibile;Utilizzato direttamente;Altro;;;;12;[692792, 692793, 692794, 692795, 692796, 692797, 692798, 692799, 692800, 692801, 692802, 692803];True;['2019_108092_0106.xml', '2019_207188_0037.xml', '2019_210284_0036.xml', '2019_211937_0031.xml', '2019_212053_0014.xml', '2020_102992_0014.xml', '2020_202533_0028.xml', '2020_208347_0068.xml', '2020_208347_0704.xml', '2020_212275_0067.xml', '2020_212489_0024.xml', '2021_100824_0009.xml', '2021_108076_0014.xml', '2021_108181_0001.xml', '2021_113365_0003.xml', '2021_202185_0110.xml', '2021_202896_0019.xml', '2021_208347_0098.xml', '2021_212247_0095.xml', '2022_107124_0002.xml', '2022_107997_0017.xml', '2022_209689_0003.xml'];F;216.01;E;['2019_108092_0106.xml', '2019_207188_0037.xml', '2019_210284_0036.xml', '2019_211937_0031.xml', '2019_212053_0014.xml', '2020_102992_0014.xml', '2020_202533_0028.xml', '2020_208347_0068.xml', '2020_208347_0704.xml', '2020_212275_0067.xml', '2020_212489_0024.xml', '2021_100824_0009.xml', '2021_108076_0014.xml', '2021_108181_0001.xml', '2021_113365_0003.xml', '2021_202185_0110.xml', '2021_202896_0019.xml', '2021_208347_0098.xml', '2021_212247_0095.xml', '2022_107124_0002.xml', '2022_107997_0017.xml', '2022_209689_0003.xml'];True;['2019_108092_0106.xml', '2020_102992_0014.xml', '2020_212275_0067.xml', '2021_100824_0009.xml', '2021_108181_0001.xml', '2021_113365_0003.xml', '2021_212247_0095.xml', '2022_107124_0002.xml', '2022_209689_0003.xml'];originali;('2019_108092_0106.xml', '2019_207188_0037.xml', '2019_210284_0036.xml', '2019_211937_0031.xml', '2019_212053_0014.xml', '2020_102992_0014.xml', '2020_202533_0028.xml', '2020_208347_0068.xml', '2020_208347_0704.xml', '2020_212275_0067.xml', '2020_212489_0024.xml', '2021_100824_0009.xml', '2021_108076_0014.xml', '2021_108181_0001.xml', '2021_113365_0003.xml', '2021_202185_0110.xml', '2021_202896_0019.xml', '2021_208347_0098.xml', '2021_212247_0095.xml', '2022_107124_0002.xml', '2022_107997_0017.xml', '2022_209689_0003.xml');ape_summary_16ccbfbe2b9d.html;3108197;D19
3108203;L219;1393;213;;4136.75;FABBRICATO;via s. marino;107;45.0398166;7.6378494;Abitazione;Dal 1961 al 1970;Nessuno;Patrimonio indisponibile;Utilizzato direttamente;Alloggio di servizio, foresterie;;;;2;[692911, 692912];True;['2021_106141_0043.xml'];D;241.1;C;['2021_106141_0043.xml'];True;['2021_106141_0043.xml'];originali;('2021_106141_0043.xml',);ape_summary_ce93a8b82bb6.html;3108203;D18
3108205;L219;1394;343;;6755.75;FABBRICATO;Via Boston;20;45.0410253;7.6416285;Abitazione;Dal 1971 al 1980;Nessuno;Patrimonio indisponibile;Utilizzato direttamente;Alloggio di servizio, foresterie;;;;2;[692948, 692949];True;['2021_106141_0042.xml'];D;180.79;D;['2021_106141_0042.xml'];False;['2021_106141_0042.xml'];originali;('2021_106141_0042.xml',);ape_summary_8a78f72d7aab.html;3108205;D18
3108210;L219;1399;210;;8677.5;FABBRICATO;via montevideo;17;45.0366602;7.6543006;Abitazione;Dal 1919 al 1945;Dichiarazione di interesse culturale;Demanio;Utilizzato direttamente;Alloggio di servizio, foresterie;;;;2;[9305, 693007];True;['2021_106141_0051.xml'];D;179.61;D;['2021_106141_0051.xml'];False;['2021_106141_0051.xml'];originali;('2021_106141_0051.xml',);ape_summary_78856be46814.html;3108210;D17
3108215;L219;1405;5;;6138.75;FABBRICATO;corso sicilia;40;45.0409629;7.6808798;Abitazione;Dal 1971 al 1980;Nessuno;Patrimonio indisponibile;Utilizzato direttamente;Alloggio di servizio, foresterie;;;;2;[693409, 693410];True;['2019_102341_0009.xml'];B;111.08;B;['2019_102341_0009.xml'];;['2019_102341_0009.xml'];originali;('2019_102341_0009.xml',);ape_summary_fac4b50167d9.html;3108215;C12
3108225;L219;1422;182;;3605.0;FABBRICATO;via montevideo;41;45.035401;7.6571811;Impianto sportivo;Prima del 1919;Dichiarazione di interesse culturale;Demanio;Utilizzato direttamente;Altro;in concessione a titolo oneroso;4026.0;01/01/2014;5;[694497, 694498, 694499, 694500, 694504];True;['2022_101416_0035.xml'];C;127.52;B;['2022_101416_0035.xml'];True;['2022_101416_0035.xml'];originali;('2022_101416_0035.xml',);ape_summary_0459a33f1e3c.html;3108225;D17
3108227;L219;1423;236;;202.0;FABBRICATO;Via Albenga;22;45.03112;7.6534291;Abitazione;Dal 1971 al 1980;Nessuno;Patrimonio disponibile;Utilizzato direttamente;Altro;;;;2;[693799, 2863690];True;['2018_108348_0026.xml', '2018_200392_0118.xml', '2019_107973_0022.xml', '2019_206362_0016.xml', '2020_108905_0020.xml', '2020_112764_0065.xml', '2020_113131_0013.xml', '2020_113131_0014.xml', '2020_202065_0026.xml', '2020_206337_0003.xml', '2020_212533_0270.xml', '2020_311274_0025.xml', '2020_111396_0020.xml', '2021_101550_0012.xml', '2021_101550_0013.xml', '2021_107480_0008.xml', '2021_203082_0009.xml', '2021_204102_0006.xml', '2021_213683_0007.xml', '2022_106609_0012.xml', '2022_115340_0008.xml', '2022_203082_0052.xml', '2022_204038_0032.xml', '2022_206550_0042.xml', '2022_208423_0073.xml', '2022_208423_0087.xml', '2022_209689_0145.xml', '2022_210284_0024.xml', '2022_211941_0006.xml', '2022_211941_0007.xml'];F;144.17;D;['2018_108348_0026.xml', '2018_200392_0118.xml', '2019_107973_0022.xml', '2019_206362_0016.xml', '2020_108905_0020.xml', '2020_112764_0065.xml', '2020_113131_0013.xml', '2020_113131_0014.xml', '2020_202065_0026.xml', '2020_206337_0003.xml', '2020_212533_0270.xml', '2020_311274_0025.xml', '2020_111396_0020.xml', '2021_101550_0012.xml', '2021_101550_0013.xml', '2021_107480_0008.xml', '2021_203082_0009.xml', '2021_204102_0006.xml', '2021_213683_0007.xml', '2022_106609_0012.xml', '2022_115340_0008.xml', '2022_203082_0052.xml', '2022_204038_0032.xml', '2022_206550_0042.xml', '2022_208423_0073.xml', '2022_208423_0087.xml', '2022_209689_0145.xml', '2022_210284_0024.xml', '2022_211941_0006.xml', '2022_211941_0007.xml'];True;['2019_107973_0022.xml', '2020_108905_0020.xml', '2020_113131_0013.xml', '2020_113131_0014.xml', '2020_202065_0026.xml', '2020_206337_0003.xml', '2020_311274_0025.xml', '2020_111396_0020.xml', '2021_107480_0008.xml', '2021_213683_0007.xml', '2022_204038_0032.xml', '2022_206550_0042.xml', '2022_209689_0145.xml'];originali;('2018_108348_0026.xml', '2018_200392_0118.xml', '2019_107973_0022.xml', '2019_206362_0016.xml', '2020_108905_0020.xml', '2020_111396_0020.xml', '2020_112764_0065.xml', '2020_113131_0013.xml', '2020_113131_0014.xml', '2020_202065_0026.xml', '2020_206337_0003.xml', '2020_212533_0270.xml', '2020_311274_0025.xml', '2021_101550_0012.xml', '2021_101550_0013.xml', '2021_107480_0008.xml', '2021_203082_0009.xml', '2021_204102_0006.xml', '2021_213683_0007.xml', '2022_106609_0012.xml', '2022_115340_0008.xml', '2022_203082_0052.xml', '2022_204038_0032.xml', '2022_206550_0042.xml', '2022_208423_0073.xml', '2022_208423_0087.xml', '2022_209689_0145.xml', '2022_210284_0024.xml', '2022_211941_0006.xml', '2022_211941_0007.xml');ape_summary_45060923a41b.html;3108227;D17
3108229;L219;1425;80;;458.0;FABBRICATO;Corso Giovanni Agnelli;105;45.0357243;7.6443245;Abitazione;Dal 1919 al 1945;Nessuno;Patrimonio disponibile;;Non Dichiarato;in locazione;1479.0;01/07/2021;8;[693834, 693835, 693836, 693837, 693838, 693839, 693840, 693841];True;['2020_102099_0155.xml', '2020_102099_0156.xml', '2020_102099_0157.xml', '2020_102099_0158.xml', '2020_102099_0159.xml', '2020_102099_0160.xml'];F;175.55;E;['2020_102099_0155.xml', '2020_102099_0156.xml', '2020_102099_0157.xml', '2020_102099_0158.xml', '2020_102099_0159.xml', '2020_102099_0160.xml'];True;['2020_102099_0155.xml', '2020_102099_0156.xml', '2020_102099_0157.xml', '2020_102099_0158.xml', '2020_102099_0159.xml', '2020_102099_0160.xml'];originali;('2020_102099_0155.xml', '2020_102099_0156.xml', '2020_102099_0157.xml', '2020_102099_0158.xml', '2020_102099_0159.xml', '2020_102099_0160.xml');ape_summary_8cd4d4cfb8e3.html;3108229;D18
3108234;L219;1426;262;;5517.0;FABBRICATO;Corso Giovanni Agnelli;156;45.031393;7.6401097;Abitazione;Dal 1919 al 1945;Nessuno;Patrimonio indisponibile;Utilizzato direttamente;Altro;;;;69;[694553, 694554, 694555, 694556, 694557, 694558, 694559, 694560, 694561, 694562, 694563, 694564, 694565, 694566, 694567, 694568, 694569, 694570, 694571, 694572, 694573, 694574, 694575, 694576, 694577, 694578, 694579, 694580, 694581, 694582, 694583, 694584, 694585, 694586, 694587, 694588, 694589, 694590, 694591, 694592, 694593, 694594, 694595, 694596, 694597, 694598, 694599, 694600, 694601, 694602, 694603, 694604, 694605, 694606, 694607, 694608, 694609, 694610, 694611, 694612, 694613, 694614, 694615, 694616, 694617, 694618, 694619, 694620, 694621];True;['2019_102616_0039.xml'];G;153.77;E;['2019_102616_0039.xml'];True;['2019_102616_0039.xml'];originali;('2019_102616_0039.xml',);ape_summary_241825752c85.html;3108234;D19
3108235;L219;1426;357;;2410.0;FABBRICATO;Via Bernardo de Canal;37;45.0343396;7.6401723;Abitazione;Dal 1961 al 1970;Nessuno;Patrimonio disponibile;Utilizzato direttamente;Non Dichiarato;in locazione;504.0;01/01/2022;32;[693953, 693954, 693955, 693956, 693957, 693958, 693959, 693960, 693963, 693964, 693965, 693966, 693967, 693968, 693969, 693970, 693971, 693972, 693973, 693974, 693975, 693976, 693977, 693978, 693979, 693980, 693981, 693982, 693983, 693984, 693985, 693986];True;['2019_205048_0020.xml', '2019_207188_0012.xml', '2020_209579_0015.xml', '2021_102099_0005.xml', '2021_102099_0006.xml', '2021_102099_0007.xml', '2021_102099_0008.xml', '2021_102099_0009.xml', '2022_205558_0011.xml'];F;166.88;D;['2019_205048_0020.xml', '2019_207188_0012.xml', '2020_209579_0015.xml', '2021_102099_0005.xml', '2021_102099_0006.xml', '2021_102099_0007.xml', '2021_102099_0008.xml', '2021_102099_0009.xml', '2022_205558_0011.xml'];True;['2021_102099_0005.xml', '2021_102099_0006.xml', '2021_102099_0007.xml', '2021_102099_0008.xml', '2021_102099_0009.xml'];originali;('2019_205048_0020.xml', '2019_207188_0012.xml', '2020_209579_0015.xml', '2021_102099_0005.xml', '2021_102099_0006.xml', '2021_102099_0007.xml', '2021_102099_0008.xml', '2021_102099_0009.xml', '2022_205558_0011.xml');ape_summary_8eacb00c4c26.html;3108235;D19
3108236;L219;1426;358;;520.0;FABBRICATO;Via Bernardo de Canal;27;45.033875;7.6411595;Abitazione;Dal 1961 al 1970;Nessuno;Patrimonio indisponibile;Utilizzato direttamente;Altro;;;;10;[694149, 694150, 694151, 694152, 694153, 694154, 694155, 694156, 694157, 694159];True;['2019_108109_0009.xml', '2019_207188_0063.xml', '2019_202533_0045.xml', '2020_206019_0016.xml', '2020_206052_0379.xml', '2020_211937_0046.xml', '2021_101963_0008.xml', '2021_200297_0062.xml', '2021_207203_0036.xml', '2022_206748_0123.xml', '2022_207949_0235.xml'];G;224.19;G;['2019_108109_0009.xml', '2019_207188_0063.xml', '2019_202533_0045.xml', '2020_206019_0016.xml', '2020_206052_0379.xml', '2020_211937_0046.xml', '2021_101963_0008.xml', '2021_200297_0062.xml', '2021_207203_0036.xml', '2022_206748_0123.xml', '2022_207949_0235.xml'];True;['2021_207203_0036.xml'];originali;('2019_108109_0009.xml', '2019_202533_0045.xml', '2019_207188_0063.xml', '2020_206019_0016.xml', '2020_206052_0379.xml', '2020_211937_0046.xml', '2021_101963_0008.xml', '2021_200297_0062.xml', '2021_207203_0036.xml', '2022_206748_0123.xml', '2022_207949_0235.xml');ape_summary_77f92733b66e.html;3108236;D19
3108238;L219;1426;395;;139.0;FABBRICATO;Via Paolo Sarpi;132;45.0305985;7.6418194;Abitazione;Dopo il 2010;Nessuno;Patrimonio indisponibile;Utilizzato direttamente;Altro;;;;2;[694723, 694724];True;['2021_110134_0027.xml', '2021_209689_0125.xml', '2022_214142_0150.xml'];B;93.6;A1;['2021_110134_0027.xml', '2021_209689_0125.xml', '2022_214142_0150.xml'];True;['2021_110134_0027.xml', '2021_209689_0125.xml'];originali;('2021_110134_0027.xml', '2021_209689_0125.xml', '2022_214142_0150.xml');ape_summary_be498bc6dd05.html;3108238;D17
3108247;L219;1428;85;;11206.0;FABBRICATO;via scarsellini angelo;12 F;45.0354907;7.6300452;Abitazione;Dal 1946 al 1960;Nessuno;Patrimonio indisponibile;Utilizzato direttamente;Altro;in concessione a titolo oneroso;22496.0;01/11/2004;189;[694985, 694986, 694987, 694988, 694989, 694990, 694991, 694992, 694993, 694994, 694995, 694996, 694997, 694998, 694999, 695000, 695001, 695002, 695003, 695004, 695005, 695006, 695007, 695008, 695010, 695011, 695012, 695013, 695014, 695015, 695016, 695017, 695018, 695019, 695020, 695021, 695022, 695023, 695024, 695025, 695026, 695027, 695028, 695029, 695030, 695031, 695034, 695035, 695036, 695037, 695038, 695039, 695040, 695041, 695042, 695043, 695044, 695045, 695046, 695048, 695049, 695050, 695051, 695052, 695053, 695054, 695055, 695056, 695057, 695058, 695059, 695060, 695061, 695062, 695063, 695064, 695065, 695066, 695067, 695068, 695070, 695071, 695072, 695073, 695074, 695075, 695076, 695077, 695078, 695079, 695080, 695081, 695082, 695083, 695084, 695085, 695086, 695087, 695088, 695089, 695090, 695091, 695092, 695093, 695095, 695096, 695097, 695098, 695099, 695100, 695101, 695102, 695103, 695104, 695105, 695106, 695107, 695108, 695109, 695110, 695111, 695112, 695113, 695114, 695115, 695117, 695118, 695119, 695120, 695121, 695122, 695123, 695124, 695125, 695126, 695127, 695128, 695129, 695130, 695131, 695132, 695133, 695134, 695135, 695136, 695137, 695138, 695139, 695140, 695142, 695143, 695144, 695145, 695146, 695147, 695148, 695149, 695150, 695151, 695152, 695153, 695154, 695155, 695156, 695157, 695158, 695159, 695160, 695161, 695162, 695163, 695164, 695165, 695166, 695167, 695168, 695169, 695170, 695171, 695172, 695173, 695174, 695175, 695176, 695177, 695178, 695179, 695180, 695181];True;['2019_206515_0005.xml', '2020_208487_0001.xml', '2021_204554_0002.xml', '2021_204783_0004.xml', '2022_105295_0002.xml', '2022_113184_0098.xml', '2022_113184_0099.xml', '2022_113184_0100.xml', '2022_113184_0101.xml', '2022_113184_0102.xml', '2022_113184_0103.xml', '2022_113184_0104.xml', '2022_113184_0105.xml', '2022_113184_0115.xml', '2022_113184_0116.xml', '2022_113184_0117.xml', '2022_113184_0118.xml', '2022_113184_0119.xml', '2022_113184_0120.xml', '2022_113184_0121.xml', '2022_113184_0122.xml'];E;99.40;D;['2019_206515_0005.xml', '2020_208487_0001.xml', '2021_204554_0002.xml', '2021_204783_0004.xml', '2022_105295_0002.xml', '2022_113184_0098.xml', '2022_113184_0099.xml', '2022_113184_0100.xml', '2022_113184_0101.xml', '2022_113184_0102.xml', '2022_113184_0103.xml', '2022_113184_0104.xml', '2022_113184_0105.xml', '2022_113184_0115.xml', '2022_113184_0116.xml', '2022_113184_0117.xml', '2022_113184_0118.xml', '2022_113184_0119.xml', '2022_113184_0120.xml', '2022_113184_0121.xml', '2022_113184_0122.xml'];True;['2019_206515_0005.xml', '2021_204783_0004.xml', '2022_113184_0098.xml', '2022_113184_0099.xml', '2022_113184_0100.xml', '2022_113184_0101.xml', '2022_113184_0102.xml', '2022_113184_0103.xml', '2022_113184_0104.xml', '2022_113184_0105.xml', '2022_113184_0115.xml', '2022_113184_0116.xml', '2022_113184_0117.xml', '2022_113184_0118.xml', '2022_113184_0119.xml', '2022_113184_0120.xml', '2022_113184_0121.xml', '2022_113184_0122.xml'];originali;('2019_206515_0005.xml', '2020_208487_0001.xml', '2021_204554_0002.xml', '2021_204783_0004.xml', '2022_105295_0002.xml', '2022_113184_0098.xml', '2022_113184_0099.xml', '2022_113184_0100.xml', '2022_113184_0101.xml', '2022_113184_0102.xml', '2022_113184_0103.xml', '2022_113184_0104.xml', '2022_113184_0105.xml', '2022_113184_0115.xml', '2022_113184_0116.xml', '2022_113184_0117.xml', '2022_113184_0118.xml', '2022_113184_0119.xml', '2022_113184_0120.xml', '2022_113184_0121.xml', '2022_113184_0122.xml');ape_summary_95ecf2cf1d63.html;3108247;D19
3108251;L219;1429;98;;1446.0;FABBRICATO;VIA ORBASSANO;380;45.0343493;7.620652;Abitazione;Dal 1946 al 1960;Nessuno;Patrimonio indisponibile;Utilizzato direttamente;Altro;;;;15;[695511, 695512, 695513, 695514, 695515, 695516, 695517, 2666122, 2666123, 2666140, 2666141, 2666142, 2787445, 2787446, 2863642];True;['2018_101746_0045.xml', '2018_101746_0046.xml', '2018_101746_0047.xml', '2019_101746_0006.xml', '2019_101746_0009.xml', '2019_101746_0010.xml', '2019_101746_0021.xml', '2020_101746_0004.xml', '2020_101746_0025.xml', '2020_101746_0026.xml', '2020_101746_0030.xml', '2020_101746_0031.xml', '2021_101746_0006.xml', '2021_101746_0013.xml', '2021_101746_0026.xml', '2021_101746_0027.xml', '2021_101746_0029.xml', '2021_101746_0030.xml', '2021_101746_0031.xml', '2021_101746_0032.xml', '2021_101746_0033.xml', '2021_101746_0035.xml', '2022_101746_0002.xml', '2022_101746_0003.xml', '2022_101746_0013.xml', '2022_101746_0014.xml', '2022_101746_0015.xml', '2022_101746_0026.xml', '2022_101746_0033.xml', '2022_101746_0034.xml', '2022_101746_0035.xml', '2022_101746_0041.xml', '2022_101746_0042.xml', '2022_101746_0044.xml', '2022_101746_0045.xml', '2022_101746_0048.xml', '2022_101746_0064.xml', '2022_101746_0065.xml', '2022_101746_0077.xml'];F;118.79;E;['2018_101746_0045.xml', '2018_101746_0046.xml', '2018_101746_0047.xml', '2019_101746_0006.xml', '2019_101746_0009.xml', '2019_101746_0010.xml', '2019_101746_0021.xml', '2020_101746_0004.xml', '2020_101746_0025.xml', '2020_101746_0026.xml', '2020_101746_0030.xml', '2020_101746_0031.xml', '2021_101746_0006.xml', '2021_101746_0013.xml', '2021_101746_0026.xml', '2021_101746_0027.xml', '2021_101746_0029.xml', '2021_101746_0030.xml', '2021_101746_0031.xml', '2021_101746_0032.xml', '2021_101746_0033.xml', '2021_101746_0035.xml', '2022_101746_0002.xml', '2022_101746_0003.xml', '2022_101746_0013.xml', '2022_101746_0014.xml', '2022_101746_0015.xml', '2022_101746_0026.xml', '2022_101746_0033.xml', '2022_101746_0034.xml', '2022_101746_0035.xml', '2022_101746_0041.xml', '2022_101746_0042.xml', '2022_101746_0044.xml', '2022_101746_0045.xml', '2022_101746_0048.xml', '2022_101746_0064.xml', '2022_101746_0065.xml', '2022_101746_0077.xml'];False;['2018_101746_0045.xml', '2018_101746_0046.xml', '2018_101746_0047.xml', '2019_101746_0006.xml', '2019_101746_0009.xml', '2019_101746_0010.xml', '2019_101746_0021.xml', '2020_101746_0004.xml', '2020_101746_0025.xml', '2020_101746_0026.xml', '2020_101746_0030.xml', '2020_101746_0031.xml', '2021_101746_0006.xml', '2021_101746_0013.xml', '2021_101746_0026.xml', '2021_101746_0027.xml', '2021_101746_0029.xml', '2021_101746_0030.xml', '2021_101746_0031.xml', '2021_101746_0032.xml', '2021_101746_0033.xml', '2021_101746_0035.xml', '2022_101746_0002.xml', '2022_101746_0003.xml', '2022_101746_0013.xml', '2022_101746_0014.xml', '2022_101746_0015.xml', '2022_101746_0026.xml', '2022_101746_0033.xml', '2022_101746_0034.xml', '2022_101746_0035.xml', '2022_101746_0041.xml', '2022_101746_0042.xml', '2022_101746_0044.xml', '2022_101746_0045.xml', '2022_101746_0048.xml', '2022_101746_0064.xml', '2022_101746_0065.xml', '2022_101746_0077.xml'];originali;('2018_101746_0045.xml', '2018_101746_0046.xml', '2018_101746_0047.xml', '2019_101746_0006.xml', '2019_101746_0009.xml', '2019_101746_0010.xml', '2019_101746_0021.xml', '2020_101746_0004.xml', '2020_101746_0025.xml', '2020_101746_0026.xml', '2020_101746_0030.xml', '2020_101746_0031.xml', '2021_101746_0006.xml', '2021_101746_0013.xml', '2021_101746_0026.xml', '2021_101746_0027.xml', '2021_101746_0029.xml', '2021_101746_0030.xml', '2021_101746_0031.xml', '2021_101746_0032.xml', '2021_101746_0033.xml', '2021_101746_0035.xml', '2022_101746_0002.xml', '2022_101746_0003.xml', '2022_101746_0013.xml', '2022_101746_0014.xml', '2022_101746_0015.xml', '2022_101746_0026.xml', '2022_101746_0033.xml', '2022_101746_0034.xml', '2022_101746_0035.xml', '2022_101746_0041.xml', '2022_101746_0042.xml', '2022_101746_0044.xml', '2022_101746_0045.xml', '2022_101746_0048.xml', '2022_101746_0064.xml', '2022_101746_0065.xml', '2022_101746_0077.xml');ape_summary_26e1b4ec1459.html;3108251;D6
3108256;L219;1432;137;;475.0;FABBRICATO;Strada del Portone;29;45.0324946;7.6129842;Abitazione;Dal 2001 al 2010;Nessuno;Patrimonio indisponibile;Utilizzato direttamente;Altro;;;;6;[696101, 696102, 696103, 696104, 696105, 696106];True;['2020_102750_0029.xml', '2020_205351_0021.xml', '2020_206362_0109.xml', '2020_208487_0052.xml', '2021_111787_0043.xml', '2021_208423_0113.xml', '2022_206748_0039.xml'];D;431.94;C;['2020_102750_0029.xml', '2020_205351_0021.xml', '2020_206362_0109.xml', '2020_208487_0052.xml', '2021_111787_0043.xml', '2021_208423_0113.xml', '2022_206748_0039.xml'];False;['2020_206362_0109.xml'];originali;('2020_102750_0029.xml', '2020_205351_0021.xml', '2020_206362_0109.xml', '2020_208487_0052.xml', '2021_111787_0043.xml', '2021_208423_0113.xml', '2022_206748_0039.xml');ape_summary_b1a6e840782e.html;3108256;D6
3108257;L219;1432;138;;348.0;FABBRICATO;strada del portone;23;45.0321773;7.6137438;Abitazione;Dal 2001 al 2010;Nessuno;Patrimonio indisponibile;Utilizzato direttamente;Altro;;;;4;[696139, 696140, 696141, 696142];True;['2020_113459_0003.xml', '2021_208347_0091.xml', '2022_100222_0037.xml', '2022_203998_0004.xml', '2022_208347_0108.xml'];G;186.61;D;['2020_113459_0003.xml', '2021_208347_0091.xml', '2022_100222_0037.xml', '2022_203998_0004.xml', '2022_208347_0108.xml'];False;['2022_100222_0037.xml', '2022_203998_0004.xml'];originali;('2020_113459_0003.xml', '2021_208347_0091.xml', '2022_100222_0037.xml', '2022_203998_0004.xml', '2022_208347_0108.xml');ape_summary_c86abf2320b5.html;3108257;D6
3108258;L219;1432;158;;394.0;FABBRICATO;Strada del Portone;35;45.0327451;7.6123635;Abitazione;Dal 2001 al 2010;Nessuno;Patrimonio indisponibile;Utilizzato direttamente;Altro;;;;6;[696143, 696144, 696145, 696146, 696147, 696151];True;['2020_104795_0010.xml', '2021_206695_0054.xml', '2021_208347_0124.xml', '2021_208347_0187.xml', '2021_208347_0222.xml', '2022_110134_0032.xml', '2022_113949_0082.xml'];E;135.33;B;['2020_104795_0010.xml', '2021_206695_0054.xml', '2021_208347_0124.xml', '2021_208347_0187.xml', '2021_208347_0222.xml', '2022_110134_0032.xml', '2022_113949_0082.xml'];False;['2021_206695_0054.xml', '2022_110134_0032.xml'];originali;('2020_104795_0010.xml', '2021_206695_0054.xml', '2021_208347_0124.xml', '2021_208347_0187.xml', '2021_208347_0222.xml', '2022_110134_0032.xml', '2022_113949_0082.xml');ape_summary_2d3a3deab8ec.html;3108258;D6
3108259;L219;1432;161;;716.0;FABBRICATO;Strada del Portone;35;45.0323372;7.6119899;Abitazione;Dal 2001 al 2010;Nessuno;Patrimonio indisponibile;Utilizzato direttamente;Altro;;;;10;[696169, 696170, 696171, 696172, 696173, 696174, 696175, 696176, 696177, 696178];True;['2019_201276_0007.xml', '2019_201276_0008.xml', '2019_208347_0104.xml', '2019_208347_0548.xml', '2020_201276_0001.xml', '2020_201276_0002.xml', '2020_201276_0003.xml', '2020_201276_0004.xml', '2020_201276_0005.xml', '2020_208347_0278.xml', '2021_102203_0196.xml'];E;114.49;C;['2019_201276_0007.xml', '2019_201276_0008.xml', '2019_208347_0104.xml', '2019_208347_0548.xml', '2020_201276_0001.xml', '2020_201276_0002.xml', '2020_201276_0003.xml', '2020_201276_0004.xml', '2020_201276_0005.xml', '2020_208347_0278.xml', '2021_102203_0196.xml'];False;['2021_102203_0196.xml'];originali;('2019_201276_0007.xml', '2019_201276_0008.xml', '2019_208347_0104.xml', '2019_208347_0548.xml', '2020_201276_0001.xml', '2020_201276_0002.xml', '2020_201276_0003.xml', '2020_201276_0004.xml', '2020_201276_0005.xml', '2020_208347_0278.xml', '2021_102203_0196.xml');ape_summary_c9d8441196ee.html;3108259;D6
3108261;L219;1436;4;;827.0;FABBRICATO;corso orbassano;455;45.0305681;7.6108275;Abitazione;Dal 1919 al 1945;Nessuno;Patrimonio disponibile;Utilizzato direttamente;Non Dichiarato;in locazione;732.0;01/03/2022;8;[696344, 696345, 696346, 696347, 696348, 696349, 696353, 2732865];True;['2021_102099_0012.xml', '2021_102099_0013.xml', '2021_102099_0014.xml', '2021_102099_0015.xml', '2021_102099_0016.xml'];G;310.61;E;['2021_102099_0012.xml', '2021_102099_0013.xml', '2021_102099_0014.xml', '2021_102099_0015.xml', '2021_102099_0016.xml'];True;['2021_102099_0012.xml', '2021_102099_0013.xml', '2021_102099_0014.xml', '2021_102099_0015.xml', '2021_102099_0016.xml'];originali;('2021_102099_0012.xml', '2021_102099_0013.xml', '2021_102099_0014.xml', '2021_102099_0015.xml', '2021_102099_0016.xml');ape_summary_9206e01c7849.html;3108261;D6
3108263;L219;1439;94;;176.0;FABBRICATO;Via Monte Pasubio;21;45.0267603;7.6429183;Abitazione;Dal 1961 al 1970;Nessuno;Patrimonio disponibile;Non utilizzato;Non Dichiarato;;;;3;[696722, 696723, 696724];True;['2019_110151_0009.xml', '2019_207434_0062.xml', '2020_103201_0020.xml', '2021_102750_0003.xml', '2021_110486_0003.xml', '2021_200471_0001.xml', '2021_200471_0002.xml', '2021_205065_0003.xml', '2021_205335_0001.xml', '2021_213615_0075.xml', '2022_102203_0093.xml', '2022_204038_0044.xml', '2022_213873_0045.xml'];D;137.26;C;['2019_110151_0009.xml', '2019_207434_0062.xml', '2020_103201_0020.xml', '2021_102750_0003.xml', '2021_110486_0003.xml', '2021_200471_0001.xml', '2021_200471_0002.xml', '2021_205065_0003.xml', '2021_205335_0001.xml', '2021_213615_0075.xml', '2022_102203_0093.xml', '2022_204038_0044.xml', '2022_213873_0045.xml'];True;['2019_110151_0009.xml', '2019_207434_0062.xml', '2021_213615_0075.xml', '2022_102203_0093.xml', '2022_204038_0044.xml', '2022_213873_0045.xml'];originali;('2019_110151_0009.xml', '2019_207434_0062.xml', '2020_103201_0020.xml', '2021_102750_0003.xml', '2021_110486_0003.xml', '2021_200471_0001.xml', '2021_200471_0002.xml', '2021_205065_0003.xml', '2021_205335_0001.xml', '2021_213615_0075.xml', '2022_102203_0093.xml', '2022_204038_0044.xml', '2022_213873_0045.xml');ape_summary_a739d6195350.html;3108263;D17
3108265;L219;1441;88;;8571.0;FABBRICATO;Via Giuditta Sidoli;97;45.02488047;7.64474249;Abitazione;Dal 1991 al 2000;Nessuno;Patrimonio indisponibile;Utilizzato direttamente;Altro;;;;96;[696755, 696766, 696777, 696788, 696799, 696810, 696821, 696832, 696843, 696854, 696861, 696862, 696863, 696864, 696865, 696866, 696867, 696868, 696869, 696870, 696871, 696872, 696873, 696874, 696875, 696876, 696877, 696878, 696879, 696880, 696881, 696882, 696883, 696884, 696885, 696886, 696887, 696888, 696889, 696890, 696891, 696892, 696893, 696894, 696895, 696896, 696897, 696898, 696899, 696900, 696901, 696902, 696903, 696904, 696905, 696906, 696907, 696908, 696909, 696910, 696911, 696912, 696913, 696914, 696915, 696916, 696917, 696918, 696919, 696920, 696921, 696922, 696923, 696924, 696925, 696926, 696927, 696928, 696929, 696930, 696931, 696932, 696933, 696934, 696935, 696936, 696937, 696938, 696939, 696940, 696941, 696942, 696943, 696944, 696945, 696946];True;['2019_113184_0280.xml', '2020_113184_0009.xml', '2020_113184_0010.xml', '2020_113184_0011.xml', '2020_113184_0012.xml', '2020_113184_0013.xml', '2020_113184_0014.xml', '2020_113184_0015.xml', '2020_113184_0016.xml', '2020_113184_0017.xml', '2020_113184_0018.xml', '2020_113184_0019.xml', '2020_113184_0020.xml', '2020_113184_0021.xml', '2020_113184_0022.xml', '2020_113184_0023.xml', '2020_113184_0024.xml', '2020_113184_0025.xml', '2020_113184_0026.xml', '2021_113184_0121.xml'];E;128.06;C;['2019_113184_0280.xml', '2020_113184_0009.xml', '2020_113184_0010.xml', '2020_113184_0011.xml', '2020_113184_0012.xml', '2020_113184_0013.xml', '2020_113184_0014.xml', '2020_113184_0015.xml', '2020_113184_0016.xml', '2020_113184_0017.xml', '2020_113184_0018.xml', '2020_113184_0019.xml', '2020_113184_0020.xml', '2020_113184_0021.xml', '2020_113184_0022.xml', '2020_113184_0023.xml', '2020_113184_0024.xml', '2020_113184_0025.xml', '2020_113184_0026.xml', '2021_113184_0121.xml'];;['2019_113184_0280.xml', '2020_113184_0009.xml', '2020_113184_0010.xml', '2020_113184_0011.xml', '2020_113184_0012.xml', '2020_113184_0013.xml', '2020_113184_0014.xml', '2020_113184_0015.xml', '2020_113184_0016.xml', '2020_113184_0017.xml', '2020_113184_0018.xml', '2020_113184_0019.xml', '2020_113184_0020.xml', '2020_113184_0021.xml', '2020_113184_0022.xml', '2020_113184_0023.xml', '2020_113184_0024.xml', '2020_113184_0025.xml', '2020_113184_0026.xml', '2021_113184_0121.xml'];originali;('2019_113184_0280.xml', '2020_113184_0009.xml', '2020_113184_0010.xml', '2020_113184_0011.xml', '2020_113184_0012.xml', '2020_113184_0013.xml', '2020_113184_0014.xml', '2020_113184_0015.xml', '2020_113184_0016.xml', '2020_113184_0017.xml', '2020_113184_0018.xml', '2020_113184_0019.xml', '2020_113184_0020.xml', '2020_113184_0021.xml', '2020_113184_0022.xml', '2020_113184_0023.xml', '2020_113184_0024.xml', '2020_113184_0025.xml', '2020_113184_0026.xml', '2021_113184_0121.xml');ape_summary_352a8dd55a9a.html;3108265;D17
3108268;L219;1442;74;;19594.2;FABBRICATO;via pio vii;17;45.0281138;7.6548255;Abitazione;Dal 2001 al 2010;Nessuno;Patrimonio indisponibile;Utilizzato direttamente;Altro;in concessione a titolo oneroso;2680.0;01/05/2015;223;[697436, 697437, 697438, 697439, 697440, 697441, 697442, 697443, 697444, 697445, 697446, 697447, 697448, 697449, 697450, 697451, 697452, 697453, 697454, 697455, 697456, 697457, 697458, 697459, 697460, 697461, 697462, 697463, 697464, 697465, 697466, 697467, 697468, 697469, 697470, 697471, 697472, 697473, 697474, 697475, 697476, 697477, 697478, 697479, 697480, 697481, 697482, 697483, 697484, 697485, 697486, 697487, 697488, 697489, 697490, 697491, 697492, 697493, 697494, 697495, 697496, 697497, 697498, 697499, 697500, 697501, 697502, 697503, 697504, 697505, 697506, 697507, 697508, 697509, 697510, 697511, 697512, 697513, 697514, 697515, 697516, 697517, 697518, 697519, 697520, 697521, 697522, 697523, 697524, 697525, 697526, 697527, 697528, 697529, 697530, 697531, 697532, 697533, 697534, 697535, 697536, 697537, 697538, 697539, 697540, 697541, 697542, 697543, 697544, 697545, 697546, 697547, 697548, 697549, 697550, 697551, 697552, 697553, 697554, 697555, 697556, 697557, 697558, 697559, 697560, 697561, 697562, 697563, 697564, 697565, 697566, 697567, 697568, 697569, 697591, 697602, 697613, 697614, 697625, 697636, 697647, 697658, 697669, 697680, 697691, 697702, 697713, 697724, 697725, 697736, 697747, 697758, 697765, 697766, 697767, 697768, 697769, 697770, 697771, 697772, 697773, 697774, 697775, 697776, 697777, 697778, 697779, 697780, 697781, 697782, 697783, 697784, 697785, 697786, 697787, 697788, 697789, 697790, 697791, 697792, 697793, 697794, 697795, 697796, 697797, 697798, 697799, 697800, 697801, 697802, 697803, 697804, 697805, 697806, 697807, 697808, 697809, 697810, 697811, 697812, 697813, 697814, 697815, 697816, 697817, 697818, 697819, 697820, 697821, 697823, 697824, 697825, 697826, 697827, 697828, 697829, 697830, 697831, 697832, 697833, 697834, 697835, 697836];True;['2018_102351_0349.xml', '2020_312661_0105.xml', '2022_313821_0073.xml', '2022_313821_0074.xml', '2022_313821_0075.xml'];C;192.91;C;['2018_102351_0349.xml', '2020_312661_0105.xml', '2022_313821_0073.xml', '2022_313821_0074.xml', '2022_313821_0075.xml'];True;['2018_102351_0349.xml', '2020_312661_0105.xml', '2022_313821_0073.xml', '2022_313821_0074.xml', '2022_313821_0075.xml'];originali;('2018_102351_0349.xml', '2020_312661_0105.xml', '2022_313821_0073.xml', '2022_313821_0074.xml', '2022_313821_0075.xml');ape_summary_16d0c85c4ff5.html;3108268;D17
3108269;L219;1443;237;;832.25;FABBRICATO;via invernizio carolina;21;45.0230764;7.6552716;Abitazione;Dal 1971 al 1980;Nessuno;Patrimonio indisponibile;Utilizzato direttamente;Alloggio di servizio, foresterie;;;;2;[697430, 697431];True;['2022_103892_0001.xml'];G;611.48;E;['2022_103892_0001.xml'];False;['2022_103892_0001.xml'];originali;('2022_103892_0001.xml',);ape_summary_a1cda8a65187.html;3108269;D17
3108270;L219;1443;646;;3105.0;FABBRICATO;Via Luigi Palma di Cesnola;57;45.0214049;7.6536208;Abitazione;Dal 2001 al 2010;Nessuno;Patrimonio indisponibile;Utilizzato direttamente;Altro;;;;37;[11936, 20970, 698151, 698152, 698153, 698154, 698155, 698156, 698157, 698158, 698159, 698160, 698161, 698162, 698163, 698164, 698165, 698166, 698167, 698169, 698170, 698172, 698173, 698174, 698176, 698177, 698178, 698179, 698180, 698182, 698183, 698186, 698187, 698188, 698189, 698191, 698194];True;['2020_105218_0089.xml', '2020_110301_0002.xml', '2021_202636_0096.xml', '2021_205065_0012.xml', '2021_207744_0029.xml', '2021_208114_0005.xml', '2021_208114_0006.xml', '2021_208114_0007.xml', '2021_208114_0008.xml', '2021_208114_0009.xml', '2021_208114_0010.xml', '2021_208114_0011.xml', '2021_208114_0012.xml', '2021_213615_0306.xml', '2021_105783_0022.xml', '2022_200297_0059.xml', '2022_213632_0029.xml'];A2;33.74;A2;['2020_105218_0089.xml', '2020_110301_0002.xml', '2021_202636_0096.xml', '2021_205065_0012.xml', '2021_207744_0029.xml', '2021_208114_0005.xml', '2021_208114_0007.xml', '2021_208114_0008.xml', '2021_208114_0009.xml', '2021_208114_0010.xml', '2021_208114_0011.xml', '2021_208114_0012.xml', '2021_213615_0306.xml', '2021_105783_0022.xml', '2022_200297_0059.xml', '2022_213632_0029.xml'];True;['2020_105218_0089.xml', '2021_207744_0029.xml', '2021_213615_0306.xml', '2021_105783_0022.xml', '2022_213632_0029.xml'];originali;('2020_105218_0089.xml', '2020_110301_0002.xml', '2021_105783_0022.xml', '2021_202636_0096.xml', '2021_205065_0012.xml', '2021_207744_0029.xml', '2021_208114_0005.xml', '2021_208114_0007.xml', '2021_208114_0008.xml', '2021_208114_0009.xml', '2021_208114_0010.xml', '2021_208114_0011.xml', '2021_208114_0012.xml', '2021_213615_0306.xml', '2022_200297_0059.xml', '2022_213632_0029.xml');ape_summary_17b9882c6430.html;3108270;D17
3108278;L219;1458;28;;9270.25;FABBRICATO;Corso Benedetto Croce;17;45.0207767;7.6467002;Abitazione;Dal 1971 al 1980;Nessuno;Patrimonio indisponibile;Utilizzato direttamente;Alloggio di servizio, foresterie;;;;4;[697890, 697891, 697892, 697893];True;['2021_106141_0047.xml', '2021_106141_0049.xml'];D;242.04;C;['2021_106141_0047.xml', '2021_106141_0049.xml'];True;['2021_106141_0049.xml'];originali;('2021_106141_0047.xml', '2021_106141_0049.xml');ape_summary_0809d3c365da.html;3108278;D17
3108279;L219;1459;49;;4417.25;FABBRICATO;corso croce benedetto;26;45.02074573;7.64416338;Abitazione;Dal 1961 al 1970;Nessuno;Patrimonio indisponibile;Utilizzato direttamente;Alloggio di servizio, foresterie;;;;2;[7904, 697894];True;['2021_106141_0045.xml'];D;198.96;C;['2021_106141_0045.xml'];True;['2021_106141_0045.xml'];originali;('2021_106141_0045.xml',);ape_summary_329da826111b.html;3108279;D17
3108281;L219;1461;45;;2635.5;FABBRICATO;via nichelino;7;45.0237373;7.6392259;Abitazione;Dal 1961 al 1970;Nessuno;Patrimonio indisponibile;Utilizzato direttamente;Alloggio di servizio, foresterie;;;;2;[697901, 697902];True;['2021_106141_0054.xml'];D;222.25;C;['2021_106141_0054.xml'];True;['2021_106141_0054.xml'];originali;('2021_106141_0054.xml',);ape_summary_564be754a4c3.html;3108281;D17
3108283;L219;1464;146;;119.0;FABBRICATO;via monte cengio;29;45.0190136;7.6223338;Abitazione;Dal 1991 al 2000;Nessuno;Patrimonio indisponibile;Utilizzato direttamente;Altro;;;;2;[697909, 697910];True;['2019_100124_0036.xml', '2019_206362_0212.xml'];G;213.29;G;['2019_100124_0036.xml', '2019_206362_0212.xml'];True;['2019_206362_0212.xml'];originali;('2019_100124_0036.xml', '2019_206362_0212.xml');ape_summary_5060991e7534.html;3108283;D6
3108284;L219;1464;208;;271.0;FABBRICATO;Via Monte Sei Busi;28;45.0173603;7.6210949;Abitazione;Dal 1961 al 1970;Nessuno;Patrimonio indisponibile;Utilizzato direttamente;Altro;;;;4;[697911, 697912, 697913, 697914];True;['2019_207610_0002.xml', '2020_200288_0025.xml', '2021_200466_0003.xml', '2022_200193_0071.xml'];D;89.07;B;['2019_207610_0002.xml', '2020_200288_0025.xml', '2021_200466_0003.xml', '2022_200193_0071.xml'];True;['2019_207610_0002.xml', '2020_200288_0025.xml'];originali;('2019_207610_0002.xml', '2020_200288_0025.xml', '2021_200466_0003.xml', '2022_200193_0071.xml');ape_summary_66dd5e82f8be.html;3108284;D6
3108289;L219;1467;1;;1156.75;FABBRICATO;via roveda giovanni;34;45.0217804;7.6065778;Abitazione;Dal 1961 al 1970;Nessuno;Patrimonio indisponibile;Utilizzato direttamente;Alloggio di servizio, foresterie;;;;3;[697925, 697926, 697927];True;['2022_100564_0003.xml'];A1;405.7;A2;['2022_100564_0003.xml'];True;['2022_100564_0003.xml'];originali;('2022_100564_0003.xml',);ape_summary_6491a2886c96.html;3108289;D6
3108297;L219;1480;417;;164.0;FABBRICATO;Via Alessandro Fleming;19;45.0163341;7.6351752;Abitazione;Dal 1961 al 1970;Nessuno;Patrimonio indisponibile;Utilizzato direttamente;Altro;;;;2;[697984, 697985];True;['2022_114601_0032.xml'];F;171.41;E;['2022_114601_0032.xml'];True;['2022_114601_0032.xml'];originali;('2022_114601_0032.xml',);ape_summary_f4baf9dd1c7c.html;3108297;D6
3108302;L219;1488;14;;5750.0;FABBRICATO;Via E. Artom;55;45.013079;7.64939;Abitazione;Dal 1961 al 1970;Nessuno;Patrimonio indisponibile;Utilizzato direttamente;Altro;;;;80;[698517, 698518, 698519, 698520, 698521, 698522, 698523, 698524, 698525, 698526, 698527, 698528, 698529, 698530, 698531, 698532, 698533, 698534, 698535, 698536, 698537, 698538, 698539, 698540, 698541, 698542, 698543, 698544, 698545, 698546, 698547, 698548, 698549, 698550, 698551, 698552, 698553, 698554, 698555, 698556, 698557, 698558, 698559, 698560, 698561, 698562, 698563, 698564, 698565, 698566, 698567, 698568, 698569, 698570, 698571, 698572, 698573, 698574, 698575, 698576, 698577, 698578, 698579, 698580, 698581, 698582, 698583, 698584, 698585, 698586, 698587, 698588, 698589, 698590, 698591, 698592, 698593, 698594, 698595, 698596];True;['2021_113184_0078.xml', '2021_113184_0079.xml', '2021_113184_0116.xml', '2022_113184_0135.xml', '2022_113184_0136.xml', '2022_113184_0137.xml', '2022_113184_0138.xml', '2022_113184_0139.xml', '2022_113184_0160.xml'];F;220.8;E;['2021_113184_0078.xml', '2021_113184_0079.xml', '2021_113184_0116.xml', '2022_113184_0135.xml', '2022_113184_0136.xml', '2022_113184_0137.xml', '2022_113184_0138.xml', '2022_113184_0139.xml', '2022_113184_0160.xml'];;['2021_113184_0078.xml', '2021_113184_0079.xml', '2021_113184_0116.xml', '2022_113184_0135.xml', '2022_113184_0136.xml', '2022_113184_0137.xml', '2022_113184_0138.xml', '2022_113184_0139.xml', '2022_113184_0160.xml'];originali;('2021_113184_0078.xml', '2021_113184_0079.xml', '2021_113184_0116.xml', '2022_113184_0135.xml', '2022_113184_0136.xml', '2022_113184_0137.xml', '2022_113184_0138.xml', '2022_113184_0139.xml', '2022_113184_0160.xml');ape_summary_cac09c01ee50.html;3108302;D6
3108304;L219;1488;72;;5739.0;FABBRICATO;Via Fratelli Garrone;74;45.0128388;7.6500409;Abitazione;Dal 1961 al 1970;Nessuno;Patrimonio indisponibile;Utilizzato direttamente;Altro;;;;80;[698025, 698026, 698027, 698028, 698029, 698030, 698031, 698032, 698033, 698034, 698035, 698036, 698037, 698038, 698039, 698040, 698041, 698042, 698043, 698044, 698045, 698046, 698047, 698048, 698049, 698050, 698051, 698052, 698053, 698054, 698055, 698056, 698057, 698058, 698059, 698060, 698061, 698062, 698063, 698064, 698065, 698066, 698067, 698068, 698069, 698070, 698071, 698072, 698073, 698074, 698075, 698076, 698077, 698078, 698079, 698080, 698081, 698082, 698083, 698084, 698085, 698086, 698087, 698088, 698089, 698090, 698091, 698092, 698093, 698094, 698095, 698096, 698097, 698098, 698099, 698100, 698101, 698102, 698103, 698104];True;['2021_113184_0080.xml', '2021_113184_0081.xml', '2021_113184_0082.xml', '2021_113184_0083.xml', '2021_113184_0084.xml', '2022_113184_0036.xml', '2022_113184_0140.xml', '2022_113184_0141.xml', '2022_312661_0108.xml'];E;122.66;E;['2021_113184_0080.xml', '2021_113184_0081.xml', '2021_113184_0082.xml', '2021_113184_0083.xml', '2021_113184_0084.xml', '2022_113184_0036.xml', '2022_113184_0140.xml', '2022_113184_0141.xml', '2022_312661_0108.xml'];True;['2021_113184_0080.xml', '2021_113184_0081.xml', '2021_113184_0082.xml', '2021_113184_0083.xml', '2021_113184_0084.xml', '2022_113184_0036.xml', '2022_113184_0140.xml', '2022_113184_0141.xml', '2022_312661_0108.xml'];originali;('2021_113184_0080.xml', '2021_113184_0081.xml', '2021_113184_0082.xml', '2021_113184_0083.xml', '2021_113184_0084.xml', '2022_113184_0036.xml', '2022_113184_0140.xml', '2022_113184_0141.xml', '2022_312661_0108.xml');ape_summary_63ff15bf5d78.html;3108304;D6
3108305;L219;1488;75;;5594.0;FABBRICATO;Via Fratelli Garrone;67;45.0119429;7.6506028;Abitazione;Dal 1961 al 1970;Nessuno;Patrimonio indisponibile;Utilizzato direttamente;Altro;;;;80;[698705, 698706, 698707, 698708, 698709, 698710, 698711, 698712, 698713, 698714, 698715, 698716, 698717, 698718, 698719, 698720, 698721, 698722, 698723, 698724, 698725, 698726, 698727, 698728, 698729, 698730, 698731, 698732, 698733, 698734, 698735, 698736, 698737, 698738, 698739, 698740, 698741, 698742, 698743, 698744, 698745, 698746, 698747, 698748, 698749, 698750, 698751, 698752, 698753, 698754, 698755, 698756, 698757, 698758, 698759, 698760, 698761, 698762, 698763, 698764, 698765, 698766, 698767, 698768, 698769, 698770, 698771, 698772, 698773, 698774, 698775, 698776, 698777, 698778, 698779, 698780, 698781, 698782, 698783, 698784];True;['2021_113184_0077.xml', '2022_113184_0065.xml', '2022_113184_0130.xml', '2022_113184_0131.xml', '2022_113184_0132.xml'];F;186.82;E;['2021_113184_0077.xml', '2022_113184_0065.xml', '2022_113184_0130.xml', '2022_113184_0131.xml', '2022_113184_0132.xml'];True;['2021_113184_0077.xml', '2022_113184_0065.xml', '2022_113184_0130.xml', '2022_113184_0131.xml', '2022_113184_0132.xml'];originali;('2021_113184_0077.xml', '2022_113184_0065.xml', '2022_113184_0130.xml', '2022_113184_0131.xml', '2022_113184_0132.xml');ape_summary_ca2778367fc1.html;3108305;D6
3108306;L219;1488;76;;8392.0;FABBRICATO;Via Fratelli Garrone;63;45.0117341;7.6511606;Abitazione;Dal 1961 al 1970;Nessuno;Patrimonio indisponibile;Utilizzato direttamente;Altro;;;;120;[698829, 698830, 698831, 698832, 698833, 698834, 698835, 698836, 698837, 698838, 698839, 698840, 698841, 698842, 698843, 698844, 698845, 698846, 698847, 698848, 698849, 698850, 698851, 698852, 698853, 698854, 698855, 698856, 698857, 698858, 698859, 698860, 698861, 698862, 698863, 698864, 698865, 698866, 698867, 698868, 698869, 698870, 698871, 698872, 698873, 698874, 698875, 698876, 698877, 698878, 698879, 698880, 698881, 698882, 698883, 698884, 698885, 698886, 698887, 698888, 698889, 698890, 698891, 698892, 698893, 698894, 698895, 698896, 698897, 698898, 698899, 698900, 698901, 698902, 698903, 698904, 698905, 698906, 698907, 698908, 698909, 698910, 698911, 698912, 698913, 698914, 698915, 698916, 698917, 698918, 698919, 698920, 698921, 698922, 698923, 698924, 698925, 698926, 698927, 698928, 698929, 698930, 698931, 698932, 698933, 698934, 698935, 698936, 698937, 698938, 698939, 698940, 698941, 698942, 698943, 698944, 698945, 698946, 698947, 698948];True;['2021_113184_0074.xml', '2021_113184_0075.xml', '2021_113184_0076.xml', '2021_113184_0085.xml', '2021_113184_0086.xml', '2021_113184_0087.xml', '2021_113184_0088.xml', '2021_113184_0089.xml', '2022_113184_0161.xml', '2022_312661_0106.xml'];E;136.24;E;['2021_113184_0074.xml', '2021_113184_0075.xml', '2021_113184_0076.xml', '2021_113184_0085.xml', '2021_113184_0086.xml', '2021_113184_0087.xml', '2021_113184_0088.xml', '2021_113184_0089.xml', '2022_113184_0161.xml', '2022_312661_0106.xml'];True;['2021_113184_0074.xml', '2021_113184_0075.xml', '2021_113184_0076.xml', '2021_113184_0085.xml', '2021_113184_0086.xml', '2021_113184_0087.xml', '2021_113184_0088.xml', '2021_113184_0089.xml', '2022_113184_0161.xml', '2022_312661_0106.xml'];originali;('2021_113184_0074.xml', '2021_113184_0075.xml', '2021_113184_0076.xml', '2021_113184_0085.xml', '2021_113184_0086.xml', '2021_113184_0087.xml', '2021_113184_0088.xml', '2021_113184_0089.xml', '2022_113184_0161.xml', '2022_312661_0106.xml');ape_summary_2817e6c955e1.html;3108306;D6
3108307;L219;1488;77;;7117.0;FABBRICATO;Via E. Artom;81;45.0112325;7.6498055;Abitazione;Dal 1961 al 1970;Nessuno;Patrimonio indisponibile;Utilizzato direttamente;Altro;;;;100;[698993, 698994, 698995, 698996, 698997, 698998, 698999, 699000, 699001, 699002, 699003, 699004, 699005, 699006, 699007, 699008, 699009, 699010, 699011, 699012, 699013, 699014, 699015, 699016, 699017, 699018, 699019, 699020, 699021, 699022, 699023, 699024, 699025, 699026, 699027, 699028, 699029, 699030, 699031, 699032, 699033, 699034, 699035, 699036, 699037, 699038, 699039, 699040, 699041, 699042, 699043, 699044, 699045, 699046, 699047, 699048, 699049, 699050, 699051, 699052, 699053, 699054, 699055, 699056, 699057, 699058, 699059, 699060, 699061, 699062, 699063, 699064, 699065, 699066, 699067, 699068, 699069, 699070, 699071, 699072, 699073, 699074, 699075, 699076, 699077, 699078, 699079, 699080, 699081, 699082, 699083, 699084, 699085, 699086, 699087, 699088, 699089, 699090, 699091, 699092];True;['2021_113184_0062.xml', '2021_113184_0063.xml', '2021_113184_0064.xml', '2021_113184_0065.xml', '2022_113184_0123.xml', '2022_113184_0124.xml', '2022_113184_0125.xml', '2022_113184_0126.xml', '2022_113184_0127.xml', '2022_113184_0128.xml'];F;145.64;E;['2021_113184_0062.xml', '2021_113184_0063.xml', '2021_113184_0064.xml', '2021_113184_0065.xml', '2022_113184_0123.xml', '2022_113184_0124.xml', '2022_113184_0125.xml', '2022_113184_0126.xml', '2022_113184_0127.xml', '2022_113184_0128.xml'];;['2021_113184_0062.xml', '2021_113184_0063.xml', '2021_113184_0064.xml', '2021_113184_0065.xml', '2022_113184_0123.xml', '2022_113184_0124.xml', '2022_113184_0125.xml', '2022_113184_0126.xml', '2022_113184_0127.xml', '2022_113184_0128.xml'];originali;('2021_113184_0062.xml', '2021_113184_0063.xml', '2021_113184_0064.xml', '2021_113184_0065.xml', '2022_113184_0123.xml', '2022_113184_0124.xml', '2022_113184_0125.xml', '2022_113184_0126.xml', '2022_113184_0127.xml', '2022_113184_0128.xml');ape_summary_c1dbaf9ac9d4.html;3108307;D6
3108308;L219;1488;78;;8765.0;FABBRICATO;Via Fratelli Garrone;61;45.0109034;7.650705;Abitazione;Dal 1961 al 1970;Nessuno;Patrimonio indisponibile;Utilizzato direttamente;Altro;;;;120;[699093, 699094, 699095, 699096, 699097, 699098, 699099, 699100, 699101, 699102, 699103, 699104, 699105, 699106, 699107, 699108, 699109, 699110, 699111, 699112, 699113, 699114, 699115, 699116, 699117, 699118, 699119, 699120, 699121, 699122, 699123, 699124, 699125, 699126, 699127, 699128, 699129, 699130, 699131, 699132, 699133, 699134, 699135, 699136, 699137, 699138, 699139, 699140, 699141, 699142, 699143, 699144, 699145, 699146, 699147, 699148, 699149, 699150, 699151, 699152, 699153, 699154, 699155, 699156, 699157, 699158, 699159, 699160, 699161, 699162, 699163, 699164, 699165, 699166, 699167, 699168, 699169, 699170, 699171, 699172, 699173, 699174, 699175, 699176, 699177, 699178, 699179, 699180, 699181, 699182, 699183, 699184, 699185, 699186, 699187, 699188, 699189, 699190, 699191, 699192, 699193, 699194, 699195, 699196, 699197, 699198, 699199, 699200, 699201, 699202, 699203, 699204, 699205, 699206, 699207, 699208, 699209, 699210, 699211, 699212];True;['2021_113184_0066.xml', '2021_113184_0067.xml', '2021_113184_0068.xml', '2021_113184_0069.xml', '2021_113184_0070.xml', '2021_113184_0071.xml', '2021_113184_0072.xml', '2021_113184_0073.xml', '2022_113184_0129.xml'];F;131.82;F;['2021_113184_0066.xml', '2021_113184_0067.xml', '2021_113184_0068.xml', '2021_113184_0069.xml', '2021_113184_0070.xml', '2021_113184_0071.xml', '2021_113184_0072.xml', '2021_113184_0073.xml', '2022_113184_0129.xml'];True;['2021_113184_0066.xml', '2021_113184_0067.xml', '2021_113184_0068.xml', '2021_113184_0069.xml', '2021_113184_0070.xml', '2021_113184_0071.xml', '2021_113184_0072.xml', '2021_113184_0073.xml', '2022_113184_0129.xml'];originali;('2021_113184_0066.xml', '2021_113184_0067.xml', '2021_113184_0068.xml', '2021_113184_0069.xml', '2021_113184_0070.xml', '2021_113184_0071.xml', '2021_113184_0072.xml', '2021_113184_0073.xml', '2022_113184_0129.xml');ape_summary_8bf3a335f7eb.html;3108308;D6
3108310;L219;1489;150;;707.0;FABBRICATO;via pisacane carlo;31 16;45.0127606;7.6540846;Abitazione;Dal 1961 al 1970;Nessuno;Patrimonio indisponibile;Utilizzato direttamente;Altro;;;;9;[698111, 698112, 698113, 698114, 698115, 698116, 698117, 698118, 698119];True;['2021_115162_0004.xml', '2022_114601_0033.xml', '2022_312661_0027.xml'];A1;104.18;A1;['2021_115162_0004.xml', '2022_114601_0033.xml', '2022_312661_0027.xml'];True;['2021_115162_0004.xml', '2022_114601_0033.xml', '2022_312661_0027.xml'];originali;('2021_115162_0004.xml', '2022_114601_0033.xml', '2022_312661_0027.xml');ape_summary_cbfaaf0f60dc.html;3108310;D6
3108311;L219;1489;587;;126.0;FABBRICATO;via somalia;104 B;45.0093596;7.6553813;Abitazione;Dal 2001 al 2010;Nessuno;Patrimonio indisponibile;Utilizzato direttamente;Altro;;;;2;[698120, 698121];True;['2019_200542_0042.xml', '2020_107973_0135.xml', '2020_111814_0004.xml', '2021_107973_0280.xml', '2022_113175_0016.xml', '2022_215889_0007.xml'];D;82.15;C;['2019_200542_0042.xml', '2020_107973_0135.xml', '2020_111814_0004.xml', '2021_107973_0280.xml', '2022_113175_0016.xml', '2022_215889_0007.xml'];;['2020_107973_0135.xml', '2020_111814_0004.xml', '2021_107973_0280.xml', '2022_113175_0016.xml'];originali;('2019_200542_0042.xml', '2020_107973_0135.xml', '2020_111814_0004.xml', '2021_107973_0280.xml', '2022_113175_0016.xml', '2022_215889_0007.xml');ape_summary_4960801e0cb4.html;3108311;D6
3108313;L219;209;106;;572.0;FABBRICATO;Via Gian Francesco Bellezia;33;45.0756391;7.6813996;Abitazione;Prima del 1919;Nessuno;Patrimonio indisponibile;Utilizzato direttamente;Altro;;;;16;[699302, 699303, 699304, 699305, 699306, 699307, 699308, 699309, 699310, 699311, 699312, 699313, 699314, 699315, 699316, 699317];True;['2021_113184_0091.xml'];G;329.36;F;['2021_113184_0091.xml'];;['2021_113184_0091.xml'];originali;('2021_113184_0091.xml',);ape_summary_002411dbf05e.html;3108313;B5
3108315;L219;209;118;;627.0;FABBRICATO;via s. chiara;10;45.0756391;7.6813996;Abitazione;Prima del 1919;Nessuno;Patrimonio indisponibile;Utilizzato direttamente;Altro;;;;9;[699328, 699329, 699330, 699332, 699341, 699343, 699345, 699347, 699349];True;['2021_113184_0093.xml'];E;160.32;D;['2021_113184_0093.xml'];True;['2021_113184_0093.xml'];originali;('2021_113184_0093.xml',);ape_summary_5aa42a2f8a3f.html;3108315;B5
3108316;L219;209;128;;5255.25;FABBRICATO;via s. chiara;26;45.0756391;7.6813996;Abitazione;Prima del 1919;Nessuno;Patrimonio indisponibile;Utilizzato direttamente;Altro;;;;68;[699351, 699352, 699353, 699354, 699355, 699356, 699357, 699358, 699359, 699360, 699361, 699362, 699363, 699364, 699365, 699366, 699367, 699368, 699369, 699370, 699371, 699372, 699373, 699374, 699375, 699376, 699377, 699378, 699379, 699380, 699381, 699382, 699383, 699384, 699385, 699386, 699387, 699388, 699389, 699390, 699391, 699392, 699393, 699394, 699395, 699396, 699397, 699398, 699399, 699400, 699401, 699402, 699403, 699404, 699405, 699406, 699407, 699408, 699409, 699410, 699411, 699412, 699413, 699414, 699415, 699416, 699417, 699418];True;['2021_113184_0092.xml', '2021_113184_0094.xml', '2021_113184_0095.xml', '2021_113184_0096.xml'];E;108.1;D;['2021_113184_0092.xml', '2021_113184_0094.xml', '2021_113184_0095.xml', '2021_113184_0096.xml'];False;['2021_113184_0092.xml', '2021_113184_0094.xml', '2021_113184_0095.xml', '2021_113184_0096.xml'];originali;('2021_113184_0092.xml', '2021_113184_0094.xml', '2021_113184_0095.xml', '2021_113184_0096.xml');ape_summary_2f67f56bd887.html;3108316;B5
3108319;L219;52;6;;15635.0;FABBRICATO;via orvieto;1 17;45.0934097;7.6689561;Abitazione;Dal 2001 al 2010;Nessuno;Patrimonio indisponibile;Utilizzato direttamente;Altro;;;;213;[574643, 574644, 574645, 574646, 574647, 574648, 574649, 574650, 574651, 574652, 574653, 574654, 574655, 574656, 574657, 574658, 574659, 574660, 574661, 574662, 574663, 574664, 574665, 574666, 574667, 574668, 574669, 574670, 574671, 574672, 574673, 574674, 574675, 574676, 574677, 574678, 574679, 574680, 574681, 574682, 574683, 574684, 574685, 574686, 574687, 574688, 574689, 574690, 574691, 574692, 574693, 574694, 574695, 574696, 574697, 574698, 574699, 574700, 574701, 574702, 574703, 574704, 574705, 574706, 574707, 574708, 574709, 574710, 574711, 574712, 574713, 574714, 574715, 574716, 574717, 574718, 574719, 574720, 574721, 574722, 574723, 574774, 574775, 574776, 574777, 574778, 574779, 574780, 574781, 574782, 574783, 574784, 574785, 574786, 574787, 574788, 574789, 574790, 574791, 574792, 574793, 574794, 574795, 574796, 574797, 574798, 574799, 574800, 574801, 574802, 574803, 574804, 574805, 574806, 574807, 574808, 574809, 574810, 574811, 574812, 574813, 574814, 574815, 574816, 574817, 574818, 574819, 574820, 574821, 574822, 574823, 574824, 574825, 574826, 574827, 574828, 574829, 574830, 574927, 574928, 574929, 574930, 574931, 574932, 574933, 574934, 574935, 574936, 574937, 574938, 574939, 574940, 574941, 574942, 574943, 574944, 574945, 574946, 574947, 574948, 574949, 574950, 574951, 574952, 574953, 574954, 574955, 574956, 574957, 574958, 574959, 574960, 574961, 574962, 574963, 574964, 574965, 574966, 574967, 574968, 574969, 574970, 574971, 574972, 574973, 574974, 574975, 574976, 574977, 574978, 574979, 574980, 574981, 574982, 574983, 574984, 574985, 574986, 574987, 574988, 574989, 574990, 574991, 574992, 574993, 574994, 574995, 574996, 574997, 574998, 574999, 575000, 575001];True;['2019_101975_0006.xml', '2019_102351_0076.xml', '2019_102351_0077.xml', '2019_102351_0078.xml', '2019_102351_0079.xml', '2019_102351_0080.xml', '2019_102351_0081.xml', '2019_102351_0082.xml', '2019_102351_0083.xml', '2019_102351_0084.xml', '2019_102351_0085.xml', '2019_102351_0086.xml', '2019_102351_0089.xml', '2019_102351_0092.xml', '2019_102351_0093.xml', '2019_102351_0094.xml', '2019_102351_0095.xml', '2019_102351_0096.xml', '2019_102351_0097.xml', '2019_102351_0098.xml', '2019_102351_0099.xml', '2019_102351_0100.xml', '2019_102351_0101.xml', '2019_102351_0102.xml', '2019_102351_0103.xml', '2019_102351_0104.xml', '2019_102351_0116.xml', '2019_108092_0042.xml', '2019_208739_0007.xml', '2019_312661_0213.xml', '2019_312661_0214.xml', '2020_205199_0026.xml', '2020_205199_0028.xml', '2020_314373_0067.xml', '2021_100150_0018.xml', '2021_112419_0019.xml', '2021_112419_0020.xml', '2021_202612_0253.xml', '2021_207228_0197.xml', '2021_208347_0307.xml', '2021_212275_0042.xml', '2021_212275_0079.xml', '2021_212275_0080.xml', '2021_312661_0029.xml', '2021_312661_0051.xml', '2021_312661_0054.xml', '2022_104562_0035.xml', '2022_107973_0121.xml', '2022_113181_0027.xml', '2022_208347_0409.xml', '2022_208347_0709.xml', '2022_210180_0059.xml', '2022_214708_0010.xml', '2022_312661_0008.xml', '2022_312661_0023.xml', '2022_312661_0103.xml', '2022_312661_0126.xml', '2022_312661_0127.xml'];A1;53.66;A2;['2019_101975_0006.xml', '2019_102351_0076.xml', '2019_102351_0077.xml', '2019_102351_0078.xml', '2019_102351_0079.xml', '2019_102351_0080.xml', '2019_102351_0081.xml', '2019_102351_0082.xml', '2019_102351_0083.xml', '2019_102351_0084.xml', '2019_102351_0085.xml', '2019_102351_0086.xml', '2019_102351_0089.xml', '2019_102351_0092.xml', '2019_102351_0093.xml', '2019_102351_0094.xml', '2019_102351_0095.xml', '2019_102351_0096.xml', '2019_102351_0097.xml', '2019_102351_0098.xml', '2019_102351_0099.xml', '2019_102351_0100.xml', '2019_102351_0101.xml', '2019_102351_0102.xml', '2019_102351_0103.xml', '2019_102351_0104.xml', '2019_102351_0116.xml', '2019_108092_0042.xml', '2019_208739_0007.xml', '2019_312661_0213.xml', '2019_312661_0214.xml', '2020_205199_0026.xml', '2020_205199_0028.xml', '2020_314373_0067.xml', '2021_100150_0018.xml', '2021_112419_0019.xml', '2021_112419_0020.xml', '2021_202612_0253.xml', '2021_207228_0197.xml', '2021_208347_0307.xml', '2021_212275_0042.xml', '2021_212275_0079.xml', '2021_212275_0080.xml', '2021_312661_0029.xml', '2021_312661_0051.xml', '2021_312661_0054.xml', '2022_104562_0035.xml', '2022_107973_0121.xml', '2022_113181_0027.xml', '2022_208347_0409.xml', '2022_208347_0709.xml', '2022_210180_0059.xml', '2022_214708_0010.xml', '2022_312661_0008.xml', '2022_312661_0023.xml', '2022_312661_0103.xml', '2022_312661_0126.xml', '2022_312661_0127.xml'];True;['2019_312661_0213.xml', '2019_312661_0214.xml', '2021_312661_0051.xml'];originali;('2019_101975_0006.xml', '2019_102351_0076.xml', '2019_102351_0077.xml', '2019_102351_0078.xml', '2019_102351_0079.xml', '2019_102351_0080.xml', '2019_102351_0081.xml', '2019_102351_0082.xml', '2019_102351_0083.xml', '2019_102351_0084.xml', '2019_102351_0085.xml', '2019_102351_0086.xml', '2019_102351_0089.xml', '2019_102351_0092.xml', '2019_102351_0093.xml', '2019_102351_0094.xml', '2019_102351_0095.xml', '2019_102351_0096.xml', '2019_102351_0097.xml', '2019_102351_0098.xml', '2019_102351_0099.xml', '2019_102351_0100.xml', '2019_102351_0101.xml', '2019_102351_0102.xml', '2019_102351_0103.xml', '2019_102351_0104.xml', '2019_102351_0116.xml', '2019_108092_0042.xml', '2019_208739_0007.xml', '2019_312661_0213.xml', '2019_312661_0214.xml', '2020_205199_0026.xml', '2020_205199_0028.xml', '2020_314373_0067.xml', '2021_100150_0018.xml', '2021_112419_0019.xml', '2021_112419_0020.xml', '2021_202612_0253.xml', '2021_207228_0197.xml', '2021_208347_0307.xml', '2021_212275_0042.xml', '2021_212275_0079.xml', '2021_212275_0080.xml', '2021_312661_0029.xml', '2021_312661_0051.xml', '2021_312661_0054.xml', '2022_104562_0035.xml', '2022_107973_0121.xml', '2022_113181_0027.xml', '2022_208347_0409.xml', '2022_208347_0709.xml', '2022_210180_0059.xml', '2022_214708_0010.xml', '2022_312661_0008.xml', '2022_312661_0023.xml', '2022_312661_0103.xml', '2022_312661_0126.xml', '2022_312661_0127.xml');ape_summary_1bbe38f1eb6e.html;3108319;D9
15609;L219;1176;172;1;7022.0;FABBRICATO;via galvani luigi;7;45.0812754;7.6600871;Edificio scolastico (es.: scuola di ogni ordine e grado, università, scuola di formazione);Prima del 1919;Dichiarazione di interesse culturale;Demanio;Utilizzato direttamente;Attività didattica;;;;1;;False;['2020_100235_0001.xml'];D;243.18;D;['2020_100235_0001.xml'];False;['2020_100235_0001.xml'];originali;('2020_100235_0001.xml',);ape_summary_dc474d8897b8.html;15609;C8
257539;L219;1069;151;6;97.0;FABBRICATO;Via delle Primule;28;45.101346;7.6257195;Abitazione;Dal 1946 al 1960;Nessuno;Patrimonio indisponibile;Utilizzato direttamente;Altro;;;;1;;False;['2019_104581_0012.xml'];G;350.46;G;['2019_104581_0012.xml'];True;['2019_104581_0012.xml'];originali;('2019_104581_0012.xml',);ape_summary_be68162049ed.html;257539;D23
388102;L219;1247;127;2;90.0;FABBRICATO;Via Gianfrancesco Fiochetto;29;45.0758634;7.6894159;Abitazione;Dal 1961 al 1970;Nessuno;Patrimonio indisponibile;Utilizzato direttamente;Alloggio di servizio, foresterie;;;;1;;False;['2021_106141_0050.xml'];E;286.2;D;['2021_106141_0050.xml'];True;['2021_106141_0050.xml'];originali;('2021_106141_0050.xml',);ape_summary_c5509ae05ad6.html;388102;C18
388250;L219;1440;53;2;4770.0;FABBRICATO;via sidoli giuditta;10;45.0277206;7.6457842;Edificio scolastico (es.: scuola di ogni ordine e grado, università, scuola di formazione);Dal 1981 al 1990;Nessuno;Patrimonio indisponibile;Utilizzato direttamente;Attività didattica;;;;1;;False;['2021_106141_0048.xml'];D;231.85;C;['2021_106141_0048.xml'];False;['2021_106141_0048.xml'];originali;('2021_106141_0048.xml',);ape_summary_93a11a5d6fa2.html;388250;D17
683280;L219;1013;136;4;186.0;FABBRICATO;Via degli Abeti;13;45.1312655;7.7090528;Edificio scolastico (es.: scuola di ogni ordine e grado, università, scuola di formazione);Dal 1981 al 1990;Nessuno;Patrimonio indisponibile;Utilizzato direttamente;Attività didattica;;;;1;;False;['2020_101416_0019.xml'];A1;119.03;A4;['2020_101416_0019.xml'];True;['2020_101416_0019.xml'];originali;('2020_101416_0019.xml',);ape_summary_af6cfcc9132e.html;683280;D22
683431;L219;1145;2;13;64.0;FABBRICATO;via gallina giacinto;3 14;45.091958;7.7088881;Abitazione;Dal 1919 al 1945;Nessuno;Patrimonio indisponibile;Utilizzato direttamente;Altro;;;;1;;False;['2021_313821_0136.xml'];E;140.61;D;['2021_313821_0136.xml'];True;['2021_313821_0136.xml'];originali;('2021_313821_0136.xml',);ape_summary_8fef2490ec86.html;683431;D20
683457;L219;1145;2;39;55.0;FABBRICATO;via gallina giacinto;3 15;45.091958;7.7088881;Abitazione;Dal 1919 al 1945;Nessuno;Patrimonio indisponibile;Utilizzato direttamente;Altro;;;;1;;False;['2021_313821_0137.xml'];G;339.88;D;['2021_313821_0137.xml'];True;['2021_313821_0137.xml'];originali;('2021_313821_0137.xml',);ape_summary_5c0678a989a0.html;683457;D20
683459;L219;1145;2;40;55.0;FABBRICATO;via gallina giacinto;3 15;45.091958;7.7088881;Abitazione;Dal 1919 al 1945;Nessuno;Patrimonio indisponibile;Utilizzato direttamente;Altro;;;;1;;False;['2021_313821_0138.xml'];G;339.06;D;['2021_313821_0138.xml'];True;['2021_313821_0138.xml'];originali;('2021_313821_0138.xml',);ape_summary_337d59e6fbf6.html;683459;D20
683460;L219;1145;2;41;56.0;FABBRICATO;via gallina giacinto;3 16;45.091958;7.7088881;Abitazione;Dal 1919 al 1945;Nessuno;Patrimonio indisponibile;Utilizzato direttamente;Altro;;;;1;;False;['2021_313821_0139.xml'];G;339.19;D;['2021_313821_0139.xml'];True;['2021_313821_0139.xml'];originali;('2021_313821_0139.xml',);ape_summary_b6874903a99d.html;683460;D20
683461;L219;1145;2;6;34.0;FABBRICATO;via gallina giacinto;3 16;45.091958;7.7088881;Abitazione;Dal 1919 al 1945;Nessuno;Patrimonio indisponibile;Utilizzato direttamente;Altro;;;;1;;False;['2021_313821_0140.xml'];F;330.6;E;['2021_313821_0140.xml'];True;['2021_313821_0140.xml'];originali;('2021_313821_0140.xml',);ape_summary_9491ce44facb.html;683461;D20
683462;L219;1145;2;7;35.0;FABBRICATO;via gallina giacinto;3 16;45.091958;7.7088881;Abitazione;Dal 1919 al 1945;Nessuno;Patrimonio indisponibile;Utilizzato direttamente;Altro;;;;1;;False;['2021_313821_0141.xml'];F;310.33;E;['2021_313821_0141.xml'];True;['2021_313821_0141.xml'];originali;('2021_313821_0141.xml',);ape_summary_973c109ecf47.html;683462;D20
683508;L219;1145;39;4;48.0;FABBRICATO;via ghedini giorgio;21;45.0911078;7.709733;Abitazione;Dal 1919 al 1945;Nessuno;Patrimonio indisponibile;Utilizzato direttamente;Altro;;;;1;;False;['2021_313821_0167.xml'];G;329.94;D;['2021_313821_0167.xml'];True;['2021_313821_0167.xml'];originali;('2021_313821_0167.xml',);ape_summary_9f06f2bb3427.html;683508;D20
683632;L219;1145;42;12;84.0;FABBRICATO;via maddalene;2;45.0904066;7.7059706;Abitazione;Dal 1961 al 1970;Nessuno;Patrimonio indisponibile;Utilizzato direttamente;Altro;;;;1;;False;['2019_312661_0212.xml'];F;254.84;F;['2019_312661_0212.xml'];False;['2019_312661_0212.xml'];originali;('2019_312661_0212.xml',);ape_summary_d8c870aabb07.html;683632;D20
683647;L219;1145;42;4;86.0;FABBRICATO;via maddalene;2;45.0904066;7.7059706;Abitazione;Dal 1961 al 1970;Nessuno;Patrimonio indisponibile;Utilizzato direttamente;Altro;;;;1;;False;['2019_312661_0210.xml'];G;269.69;F;['2019_312661_0210.xml'];False;['2019_312661_0210.xml'];originali;('2019_312661_0210.xml',);ape_summary_ca0cb813870a.html;683647;D20
683648;L219;1145;42;5;113.0;FABBRICATO;via maddalene;2;45.0904066;7.7059706;Abitazione;Dal 1961 al 1970;Nessuno;Patrimonio indisponibile;Utilizzato direttamente;Altro;;;;1;;False;['2019_312661_0211.xml'];F;201.28;F;['2019_312661_0211.xml'];False;['2019_312661_0211.xml'];originali;('2019_312661_0211.xml',);ape_summary_af7251cdef8f.html;683648;D20
683663;L219;1145;43;2;78.0;FABBRICATO;via maddalene;6;45.0904443;7.7065946;Abitazione;Dal 1961 al 1970;Nessuno;Patrimonio indisponibile;Utilizzato direttamente;Altro;;;;1;;False;['2019_102351_0263.xml'];F;278.03;E;['2019_102351_0263.xml'];False;['2019_102351_0263.xml'];originali;('2019_102351_0263.xml',);ape_summary_15042f74515b.html;683663;D20
683668;L219;1145;43;24;83.0;FABBRICATO;via maddalene;6;45.0904443;7.7065946;Abitazione;Dal 1961 al 1970;Nessuno;Patrimonio indisponibile;Utilizzato direttamente;Altro;;;;1;;False;['2019_312661_0198.xml'];F;217.35;E;['2019_312661_0198.xml'];False;['2019_312661_0198.xml'];originali;('2019_312661_0198.xml',);ape_summary_5322b6df1dcf.html;683668;D20
683671;L219;1145;43;27;61.0;FABBRICATO;via maddalene;6;45.0904443;7.7065946;Abitazione;Dal 1961 al 1970;Nessuno;Patrimonio indisponibile;Utilizzato direttamente;Altro;;;;1;;False;['2019_312661_0207.xml'];F;308.05;F;['2019_312661_0207.xml'];False;['2019_312661_0207.xml'];originali;('2019_312661_0207.xml',);ape_summary_5df9d0571cbc.html;683671;D20
683672;L219;1145;43;28;61.0;FABBRICATO;via maddalene;6;45.0904443;7.7065946;Abitazione;Dal 1961 al 1970;Nessuno;Patrimonio indisponibile;Utilizzato direttamente;Altro;;;;1;;False;['2019_312661_0199.xml'];F;213.48;F;['2019_312661_0199.xml'];False;['2019_312661_0199.xml'];originali;('2019_312661_0199.xml',);ape_summary_5d36ac31dfaf.html;683672;D20
683675;L219;1145;43;30;60.0;FABBRICATO;via maddalene;6;45.0904443;7.7065946;Abitazione;Dal 1961 al 1970;Nessuno;Patrimonio indisponibile;Utilizzato direttamente;Altro;;;;1;;False;['2019_312661_0200.xml'];F;214.55;F;['2019_312661_0200.xml'];False;['2019_312661_0200.xml'];originali;('2019_312661_0200.xml',);ape_summary_bb6faa97fee0.html;683675;D20
683679;L219;1145;43;34;63.0;FABBRICATO;via maddalene;6;45.0904443;7.7065946;Abitazione;Dal 1961 al 1970;Nessuno;Patrimonio indisponibile;Utilizzato direttamente;Altro;;;;1;;False;['2019_312661_0201.xml'];G;259.06;F;['2019_312661_0201.xml'];False;['2019_312661_0201.xml'];originali;('2019_312661_0201.xml',);ape_summary_5275179ce4a1.html;683679;D20
683680;L219;1145;43;35;62.0;FABBRICATO;via maddalene;6;45.0904443;7.7065946;Abitazione;Dal 1961 al 1970;Nessuno;Patrimonio indisponibile;Utilizzato direttamente;Altro;;;;1;;False;['2019_312661_0202.xml'];G;306.88;G;['2019_312661_0202.xml'];False;['2019_312661_0202.xml'];originali;('2019_312661_0202.xml',);ape_summary_7763986b9e5c.html;683680;D20
683681;L219;1145;43;36;59.0;FABBRICATO;via maddalene;6;45.0904443;7.7065946;Abitazione;Dal 1961 al 1970;Nessuno;Patrimonio indisponibile;Utilizzato direttamente;Altro;;;;1;;False;['2019_312661_0208.xml'];F;289.35;F;['2019_312661_0208.xml'];False;['2019_312661_0208.xml'];originali;('2019_312661_0208.xml',);ape_summary_431f91453e80.html;683681;D20
683691;L219;1145;43;45;82.0;FABBRICATO;via maddalene;6;45.0904443;7.7065946;Abitazione;Dal 1961 al 1970;Nessuno;Patrimonio indisponibile;Utilizzato direttamente;Altro;;;;1;;False;['2019_312661_0209.xml'];G;227.6;F;['2019_312661_0209.xml'];False;['2019_312661_0209.xml'];originali;('2019_312661_0209.xml',);ape_summary_660f6aec6365.html;683691;D20
683709;L219;1145;43;61;79.0;FABBRICATO;via maddalene;6;45.0904443;7.7065946;Abitazione;Dal 1961 al 1970;Nessuno;Patrimonio indisponibile;Utilizzato direttamente;Altro;;;;1;;False;['2019_312661_0203.xml'];G;303.37;F;['2019_312661_0203.xml'];False;['2019_312661_0203.xml'];originali;('2019_312661_0203.xml',);ape_summary_98ffcfb4cf6d.html;683709;D20
683711;L219;1145;43;8;80.0;FABBRICATO;via maddalene;6;45.0904443;7.7065946;Abitazione;Dal 1961 al 1970;Nessuno;Patrimonio indisponibile;Utilizzato direttamente;Altro;;;;1;;False;['2019_312661_0197.xml'];G;244.18;F;['2019_312661_0197.xml'];False;['2019_312661_0197.xml'];originali;('2019_312661_0197.xml',);ape_summary_98aa7e0969c8.html;683711;D20
683731;L219;1145;5;20;64.0;FABBRICATO;via gallina giacinto;3 1;45.091638;7.7092493;Abitazione;Dal 1919 al 1945;Nessuno;Patrimonio indisponibile;Utilizzato direttamente;Altro;;;;1;;False;['2021_313821_0133.xml'];E;136.16;D;['2021_313821_0133.xml'];True;['2021_313821_0133.xml'];originali;('2021_313821_0133.xml',);ape_summary_6c471f51a414.html;683731;D20
683748;L219;1145;5;38;44.0;FABBRICATO;via gallina giacinto;3 5;45.091638;7.7092493;Abitazione;Dal 1919 al 1945;Nessuno;Patrimonio indisponibile;Utilizzato direttamente;Altro;;;;1;;False;['2021_313821_0149.xml'];E;132.93;D;['2021_313821_0149.xml'];True;['2021_313821_0149.xml'];originali;('2021_313821_0149.xml',);ape_summary_24f8a3a51e22.html;683748;D20
683754;L219;1145;5;43;48.0;FABBRICATO;via gallina giacinto;3 4;45.091638;7.7092493;Abitazione;Dal 1919 al 1945;Nessuno;Patrimonio indisponibile;Utilizzato direttamente;Altro;;;;1;;False;['2021_313821_0148.xml'];F;237.13;E;['2021_313821_0148.xml'];True;['2021_313821_0148.xml'];originali;('2021_313821_0148.xml',);ape_summary_0db49403985a.html;683754;D20
686325;L219;1145;79;17;75.0;FABBRICATO;via moncrivello;3 B;45.0895195;7.7076647;Abitazione;Dal 1971 al 1980;Nessuno;Patrimonio indisponibile;Utilizzato direttamente;Altro;;;;1;;False;['2020_102351_0120.xml'];F;238.82;F;['2020_102351_0120.xml'];True;['2020_102351_0120.xml'];originali;('2020_102351_0120.xml',);ape_summary_03575d1ab1e5.html;686325;D20
686342;L219;1145;79;32;74.0;FABBRICATO;via moncrivello;3 D;45.0895195;7.7076647;Abitazione;Dal 1971 al 1980;Nessuno;Patrimonio indisponibile;Utilizzato direttamente;Altro;;;;1;;False;['2020_102351_0121.xml'];F;167.73;F;['2020_102351_0121.xml'];True;['2020_102351_0121.xml'];originali;('2020_102351_0121.xml',);ape_summary_668fd6d714df.html;686342;D20
686361;L219;1043;20;21;52.0;FABBRICATO;corso vercelli;491 8;45.1196739;7.7103112;Abitazione;Dal 1919 al 1945;Dichiarazione di interesse culturale;Demanio;Utilizzato direttamente;Altro;;;;1;;False;['2019_102351_0131.xml'];C;120.64;B;['2019_102351_0131.xml'];True;['2019_102351_0131.xml'];originali;('2019_102351_0131.xml',);ape_summary_4a6373d3bbe7.html;686361;D22
686367;L219;1043;20;29;51.0;FABBRICATO;corso vercelli;491 8;45.1196739;7.7103112;Abitazione;Dal 1919 al 1945;Dichiarazione di interesse culturale;Demanio;Utilizzato direttamente;Altro;;;;1;;False;['2019_102351_0133.xml'];A1;64.09;A2;['2019_102351_0133.xml'];True;['2019_102351_0133.xml'];originali;('2019_102351_0133.xml',);ape_summary_ee25e9e74099.html;686367;D22
686368;L219;1043;20;28;52.0;FABBRICATO;corso vercelli;491 8;45.1196739;7.7103112;Abitazione;Dal 1919 al 1945;Dichiarazione di interesse culturale;Demanio;Utilizzato direttamente;Altro;;;;1;;False;['2019_102351_0132.xml'];B;93.87;A2;['2019_102351_0132.xml'];True;['2019_102351_0132.xml'];originali;('2019_102351_0132.xml',);ape_summary_d2b1e326019e.html;686368;D22
686405;L219;1146;12;1;4150.0;FABBRICATO;via santhia';76;45.09431626;7.69978934;Edificio scolastico (es.: scuola di ogni ordine e grado, università, scuola di formazione);Dal 1961 al 1970;Nessuno;Patrimonio indisponibile;Utilizzato direttamente;Attività didattica;;;;1;;False;['2022_103915_0001.xml'];F;424.21;E;['2022_103915_0001.xml'];True;['2022_103915_0001.xml'];originali;('2022_103915_0001.xml',);ape_summary_293c0b1913c8.html;686405;D20
686409;L219;1043;37;26;51.0;FABBRICATO;corso vercelli;491 5;45.1194406;7.7104328;Abitazione;Dal 1919 al 1945;Dichiarazione di interesse culturale;Demanio;Utilizzato direttamente;Altro;;;;1;;False;['2019_102351_0130.xml'];C;80.02;C;['2019_102351_0130.xml'];True;['2019_102351_0130.xml'];originali;('2019_102351_0130.xml',);ape_summary_afb01d7e2f58.html;686409;D22
686481;L219;1043;40;31;53.0;FABBRICATO;corso vercelli;487 2;45.1190395;7.7101843;Abitazione;Dal 1919 al 1945;Dichiarazione di interesse culturale;Demanio;Utilizzato direttamente;Altro;;;;1;;False;['2019_102351_0144.xml'];C;80.15;C;['2019_102351_0144.xml'];True;['2019_102351_0144.xml'];originali;('2019_102351_0144.xml',);ape_summary_ec2441e01d7a.html;686481;D22
686484;L219;1043;40;34;52.0;FABBRICATO;corso vercelli;487 2;45.1190395;7.7101843;Abitazione;Dal 1919 al 1945;Dichiarazione di interesse culturale;Demanio;Utilizzato direttamente;Altro;;;;1;;False;['2019_102351_0145.xml'];B;84.89;B;['2019_102351_0145.xml'];True;['2019_102351_0145.xml'];originali;('2019_102351_0145.xml',);ape_summary_498df06e5231.html;686484;D22
686492;L219;1043;40;26;51.0;FABBRICATO;corso vercelli;487 2;45.1190395;7.7101843;Abitazione;Dal 1919 al 1945;Dichiarazione di interesse culturale;Demanio;Utilizzato direttamente;Altro;;;;1;;False;['2021_313821_0083.xml'];B;65.39;A1;['2021_313821_0083.xml'];True;['2021_313821_0083.xml'];originali;('2021_313821_0083.xml',);ape_summary_c93a050dff16.html;686492;D22
686574;L219;1043;41;29;76.0;FABBRICATO;corso vercelli;491 3;45.1191776;7.7105979;Abitazione;Dal 1919 al 1945;Dichiarazione di interesse culturale;Demanio;Utilizzato direttamente;Altro;;;;1;;False;['2019_102351_0140.xml'];B;83.9;A2;['2019_102351_0140.xml'];True;['2019_102351_0140.xml'];originali;('2019_102351_0140.xml',);ape_summary_c943e7a4af61.html;686574;D22
686581;L219;1043;41;22;78.0;FABBRICATO;corso vercelli;491 3;45.1191776;7.7105979;Abitazione;Dal 1919 al 1945;Dichiarazione di interesse culturale;Demanio;Utilizzato direttamente;Altro;;;;1;;False;['2019_102351_0141.xml'];A1;54.3;A1;['2019_102351_0141.xml'];True;['2019_102351_0141.xml'];originali;('2019_102351_0141.xml',);ape_summary_b1ab204a349e.html;686581;D22
686591;L219;1043;5;31;51.0;FABBRICATO;corso vercelli;483 14;45.1201632;7.7089964;Abitazione;Dal 1919 al 1945;Dichiarazione di interesse culturale;Demanio;Utilizzato direttamente;Altro;;;;1;;False;['2019_102351_0127.xml'];B;81.18;B;['2019_102351_0127.xml'];False;['2019_102351_0127.xml'];originali;('2019_102351_0127.xml',);ape_summary_09a872bc01d5.html;686591;D22
686592;L219;1043;5;30;51.0;FABBRICATO;corso vercelli;483 14;45.1201632;7.7089964;Abitazione;Dal 1919 al 1945;Dichiarazione di interesse culturale;Demanio;Utilizzato direttamente;Altro;;;;1;;False;['2019_102351_0126.xml'];B;93.55;B;['2019_102351_0126.xml'];False;['2019_102351_0126.xml'];originali;('2019_102351_0126.xml',);ape_summary_b768025f83cf.html;686592;D22
686597;L219;1043;5;24;79.0;FABBRICATO;corso vercelli;483 14;45.1201632;7.7089964;Abitazione;Dal 1919 al 1945;Dichiarazione di interesse culturale;Demanio;Utilizzato direttamente;Altro;;;;1;;False;['2019_102351_0128.xml'];C;76.09;C;['2019_102351_0128.xml'];False;['2019_102351_0128.xml'];originali;('2019_102351_0128.xml',);ape_summary_42a0dd0581d3.html;686597;D22
686620;L219;1043;6;25;51.0;FABBRICATO;corso vercelli;487 15;45.1202979;7.7094372;Abitazione;Dal 1919 al 1945;Dichiarazione di interesse culturale;Demanio;Utilizzato direttamente;Altro;;;;1;;False;['2021_313821_0070.xml'];C;74.86;A1;['2021_313821_0070.xml'];False;['2021_313821_0070.xml'];originali;('2021_313821_0070.xml',);ape_summary_24fe1aa37aa5.html;686620;D22
686623;L219;1043;6;30;78.0;FABBRICATO;corso vercelli;487 15;45.1202979;7.7094372;Abitazione;Dal 1919 al 1945;Dichiarazione di interesse culturale;Demanio;Utilizzato direttamente;Altro;;;;1;;False;['2020_312661_0134.xml'];G;246.87;F;['2020_312661_0134.xml'];False;['2020_312661_0134.xml'];originali;('2020_312661_0134.xml',);ape_summary_ca02b48a50a0.html;686623;D22
686625;L219;1043;6;28;52.0;FABBRICATO;corso vercelli;487 15;45.1202979;7.7094372;Abitazione;Dal 1919 al 1945;Dichiarazione di interesse culturale;Demanio;Utilizzato direttamente;Altro;;;;1;;False;['2021_313821_0079.xml'];B;93.28;A2;['2021_313821_0079.xml'];False;['2021_313821_0079.xml'];originali;('2021_313821_0079.xml',);ape_summary_bdc3e5d028cd.html;686625;D22
686629;L219;1043;6;23;51.0;FABBRICATO;corso vercelli;487 15;45.1202979;7.7094372;Abitazione;Dal 1919 al 1945;Dichiarazione di interesse culturale;Demanio;Utilizzato direttamente;Altro;;;;1;;False;['2021_313821_0078.xml'];C;89.4;A1;['2021_313821_0078.xml'];False;['2021_313821_0078.xml'];originali;('2021_313821_0078.xml',);ape_summary_090e41e2d5fb.html;686629;D22
687020;L219;1043;8;27;79.0;FABBRICATO;corso vercelli;483 12;45.119915;7.7091353;Abitazione;Dal 1919 al 1945;Dichiarazione di interesse culturale;Demanio;Utilizzato direttamente;Altro;;;;1;;False;['2021_313821_0075.xml'];C;77.2;A1;['2021_313821_0075.xml'];False;['2021_313821_0075.xml'];originali;('2021_313821_0075.xml',);ape_summary_a475086563d7.html;687020;D22
687023;L219;1043;8;29;51.0;FABBRICATO;corso vercelli;483 12;45.119915;7.7091353;Abitazione;Dal 1919 al 1945;Dichiarazione di interesse culturale;Demanio;Utilizzato direttamente;Altro;;;;1;;False;['2019_312661_0147.xml'];B;89.22;A2;['2019_312661_0147.xml'];False;['2019_312661_0147.xml'];originali;('2019_312661_0147.xml',);ape_summary_06b635d7cc53.html;687023;D22
687028;L219;1043;8;20;52.0;FABBRICATO;corso vercelli;483 12;45.119915;7.7091353;Abitazione;Dal 1919 al 1945;Dichiarazione di interesse culturale;Demanio;Utilizzato direttamente;Altro;;;;1;;False;['2019_312661_0146.xml'];C;112.07;A1;['2019_312661_0146.xml'];False;['2019_312661_0146.xml'];originali;('2019_312661_0146.xml',);ape_summary_9b57921ddf9e.html;687028;D22
687143;L219;1065;24;6;108.0;FABBRICATO;Corso Ferrara;50;45.1091131;7.624154;Magazzino e locali di deposito;Dal 1961 al 1970;Nessuno;Patrimonio disponibile;;Non Dichiarato;in locazione;5053.0;01/07/2022;1;;False;['2022_102099_0006.xml'];G;390.62;F;['2022_102099_0006.xml'];True;['2022_102099_0006.xml'];originali;('2022_102099_0006.xml',);ape_summary_a3ecff09299e.html;687143;D23
687165;L219;1145;6;19;55.0;FABBRICATO;via gallina giacinto;3 8;45.0920674;7.7096364;Abitazione;Dal 1919 al 1945;Nessuno;Patrimonio indisponibile;Utilizzato direttamente;Altro;;;;1;;False;['2021_313821_0134.xml'];E;139.64;E;['2021_313821_0134.xml'];True;['2021_313821_0134.xml'];originali;('2021_313821_0134.xml',);ape_summary_ea0774389713.html;687165;D20
687180;L219;1145;6;7;48.0;FABBRICATO;via gallina giacinto;3 10;45.0920674;7.7096364;Abitazione;Dal 1919 al 1945;Nessuno;Patrimonio indisponibile;Utilizzato direttamente;Altro;;;;1;;False;['2021_313821_0135.xml'];F;297.05;E;['2021_313821_0135.xml'];True;['2021_313821_0135.xml'];originali;('2021_313821_0135.xml',);ape_summary_ef9be32e86f7.html;687180;D20
687186;L219;1145;74;11;57.0;FABBRICATO;via maddalene;10;45.0903236;7.70741;Abitazione;Dal 1961 al 1970;Nessuno;Patrimonio indisponibile;Utilizzato direttamente;Altro;;;;1;;False;['2019_312661_0192.xml'];G;293.18;G;['2019_312661_0192.xml'];False;['2019_312661_0192.xml'];originali;('2019_312661_0192.xml',);ape_summary_cecd1141e82f.html;687186;D20
687198;L219;1145;74;22;62.0;FABBRICATO;via maddalene;10;45.0903236;7.70741;Abitazione;Dal 1961 al 1970;Nessuno;Patrimonio indisponibile;Utilizzato direttamente;Altro;;;;1;;False;['2019_312661_0194.xml'];F;214.68;F;['2019_312661_0194.xml'];False;['2019_312661_0194.xml'];originali;('2019_312661_0194.xml',);ape_summary_1c53887e87e7.html;687198;D20
687210;L219;1145;74;33;60.0;FABBRICATO;via maddalene;10;45.0903236;7.70741;Abitazione;Dal 1961 al 1970;Nessuno;Patrimonio indisponibile;Utilizzato direttamente;Altro;;;;1;;False;['2022_312661_0009.xml'];F;286.52;E;['2022_312661_0009.xml'];False;['2022_312661_0009.xml'];originali;('2022_312661_0009.xml',);ape_summary_4609ef78ff8e.html;687210;D20
687213;L219;1145;74;36;78.0;FABBRICATO;via maddalene;10;45.0903236;7.70741;Abitazione;Dal 1961 al 1970;Nessuno;Patrimonio indisponibile;Utilizzato direttamente;Altro;;;;1;;False;['2019_312661_0196.xml'];E;174.12;E;['2019_312661_0196.xml'];False;['2019_312661_0196.xml'];originali;('2019_312661_0196.xml',);ape_summary_dfd80d765fca.html;687213;D20
687217;L219;1145;74;4;82.0;FABBRICATO;via maddalene;10;45.0903236;7.70741;Abitazione;Dal 1961 al 1970;Nessuno;Patrimonio indisponibile;Utilizzato direttamente;Altro;;;;1;;False;['2019_312661_0193.xml'];F;189.32;F;['2019_312661_0193.xml'];False;['2019_312661_0193.xml'];originali;('2019_312661_0193.xml',);ape_summary_ddd610d23f03.html;687217;D20
687224;L219;1145;74;46;77.0;FABBRICATO;via maddalene;10;45.0903236;7.70741;Abitazione;Dal 1961 al 1970;Nessuno;Patrimonio indisponibile;Utilizzato direttamente;Altro;;;;1;;False;['2019_312661_0204.xml'];G;238.03;F;['2019_312661_0204.xml'];False;['2019_312661_0204.xml'];originali;('2019_312661_0204.xml',);ape_summary_876dd55c9b61.html;687224;D20
687238;L219;1145;74;59;90.0;FABBRICATO;via maddalene;10;45.0903236;7.70741;Abitazione;Dal 1961 al 1970;Nessuno;Patrimonio indisponibile;Utilizzato direttamente;Altro;;;;1;;False;['2019_312661_0205.xml'];E;150.34;E;['2019_312661_0205.xml'];False;['2019_312661_0205.xml'];originali;('2019_312661_0205.xml',);ape_summary_9d145d4b3746.html;687238;D20
687240;L219;1145;74;60;65.0;FABBRICATO;via maddalene;10;45.0903236;7.70741;Abitazione;Dal 1961 al 1970;Nessuno;Patrimonio indisponibile;Utilizzato direttamente;Altro;;;;1;;False;['2019_312661_0206.xml'];F;267.52;F;['2019_312661_0206.xml'];False;['2019_312661_0206.xml'];originali;('2019_312661_0206.xml',);ape_summary_44b82f4e9be9.html;687240;D20
687244;L219;1145;74;64;80.0;FABBRICATO;via maddalene;10;45.0903236;7.70741;Abitazione;Dal 1961 al 1970;Nessuno;Patrimonio indisponibile;Utilizzato direttamente;Altro;;;;1;;False;['2019_312661_0195.xml'];F;222.31;F;['2019_312661_0195.xml'];False;['2019_312661_0195.xml'];originali;('2019_312661_0195.xml',);ape_summary_93b71afc0982.html;687244;D20
687270;L219;1043;10;24;53.0;FABBRICATO;corso vercelli;491 13;45.1201654;7.7099907;Abitazione;Dal 1919 al 1945;Dichiarazione di interesse culturale;Demanio;Utilizzato direttamente;Altro;;;;1;;False;['2021_313821_0080.xml'];C;84.83;A1;['2021_313821_0080.xml'];False;['2021_313821_0080.xml'];originali;('2021_313821_0080.xml',);ape_summary_6c91c89008c5.html;687270;D22
687356;L219;1043;12;22;50.0;FABBRICATO;corso vercelli;483 9;45.119656;7.7092692;Abitazione;Dal 1919 al 1945;Dichiarazione di interesse culturale;Demanio;Utilizzato direttamente;Altro;;;;1;;False;['2019_312661_0144.xml'];C;84.17;C;['2019_312661_0144.xml'];True;['2019_312661_0144.xml'];originali;('2019_312661_0144.xml',);ape_summary_4fb7f01e2f84.html;687356;D22
687363;L219;1043;12;29;53.0;FABBRICATO;corso vercelli;483 9;45.119656;7.7092692;Abitazione;Dal 1919 al 1945;Dichiarazione di interesse culturale;Demanio;Utilizzato direttamente;Altro;;;;1;;False;['2019_312661_0145.xml'];C;83.41;C;['2019_312661_0145.xml'];True;['2019_312661_0145.xml'];originali;('2019_312661_0145.xml',);ape_summary_31ef9e7be09a.html;687363;D22
687365;L219;1043;13;26;78.0;FABBRICATO;corso vercelli;487 10;45.1197849;7.7097167;Abitazione;Dal 1919 al 1945;Dichiarazione di interesse culturale;Demanio;Utilizzato direttamente;Altro;;;;1;;False;['2021_313821_0077.xml'];B;58.89;A1;['2021_313821_0077.xml'];True;['2021_313821_0077.xml'];originali;('2021_313821_0077.xml',);ape_summary_4c90357cc943.html;687365;D22
687367;L219;1043;13;28;51.0;FABBRICATO;corso vercelli;487 10;45.1197849;7.7097167;Abitazione;Dal 1919 al 1945;Dichiarazione di interesse culturale;Demanio;Utilizzato direttamente;Altro;;;;1;;False;['2021_313821_0096.xml'];C;84.21;A1;['2021_313821_0096.xml'];True;['2021_313821_0096.xml'];originali;('2021_313821_0096.xml',);ape_summary_74e34d308180.html;687367;D22
687376;L219;1043;13;23;78.0;FABBRICATO;corso vercelli;487 10;45.1197849;7.7097167;Abitazione;Dal 1919 al 1945;Dichiarazione di interesse culturale;Demanio;Utilizzato direttamente;Altro;;;;1;;False;['2021_313821_0076.xml'];C;77.59;A1;['2021_313821_0076.xml'];True;['2021_313821_0076.xml'];originali;('2021_313821_0076.xml',);ape_summary_a6db2c54f2b2.html;687376;D22
687436;L219;1043;14;24;52.0;FABBRICATO;corso vercelli;491 11;45.1199126;7.7101329;Abitazione;Dal 1919 al 1945;Dichiarazione di interesse culturale;Demanio;Utilizzato direttamente;Altro;;;;1;;False;['2019_102351_0138.xml'];C;84.37;A1;['2019_102351_0138.xml'];True;['2019_102351_0138.xml'];originali;('2019_102351_0138.xml',);ape_summary_577a353dd1d6.html;687436;D22
687520;L219;1043;7;22;52.0;FABBRICATO;corso vercelli;491 16;45.1204147;7.7098685;Abitazione;Dal 1919 al 1945;Dichiarazione di interesse culturale;Demanio;Utilizzato direttamente;Altro;;;;1;;False;['2021_313821_0071.xml'];B;113.04;A1;['2021_313821_0071.xml'];False;['2021_313821_0071.xml'];originali;('2021_313821_0071.xml',);ape_summary_53870cd02a62.html;687520;D22
687526;L219;1043;7;31;50.0;FABBRICATO;corso vercelli;491 16;45.1204147;7.7098685;Abitazione;Dal 1919 al 1945;Dichiarazione di interesse culturale;Demanio;Utilizzato direttamente;Altro;;;;1;;False;['2019_312661_0152.xml'];B;81.27;A2;['2019_312661_0152.xml'];False;['2019_312661_0152.xml'];originali;('2019_312661_0152.xml',);ape_summary_73049c901046.html;687526;D22
687530;L219;1043;7;19;52.0;FABBRICATO;corso vercelli;491 16;45.1204147;7.7098685;Abitazione;Dal 1919 al 1945;Dichiarazione di interesse culturale;Demanio;Utilizzato direttamente;Altro;;;;1;;False;['2019_312661_0150.xml'];B;121.06;A1;['2019_312661_0150.xml'];False;['2019_312661_0150.xml'];originali;('2019_312661_0150.xml',);ape_summary_9e8e9033032c.html;687530;D22
687531;L219;1043;7;26;52.0;FABBRICATO;corso vercelli;491 16;45.1204147;7.7098685;Abitazione;Dal 1919 al 1945;Dichiarazione di interesse culturale;Demanio;Utilizzato direttamente;Altro;;;;1;;False;['2019_312661_0149.xml'];C;88.35;A1;['2019_312661_0149.xml'];False;['2019_312661_0149.xml'];originali;('2019_312661_0149.xml',);ape_summary_897d311eead7.html;687531;D22
687535;L219;1043;7;29;51.0;FABBRICATO;corso vercelli;491 16;45.1204147;7.7098685;Abitazione;Dal 1919 al 1945;Dichiarazione di interesse culturale;Demanio;Utilizzato direttamente;Altro;;;;1;;False;['2021_313821_0169.xml'];B;80.23;A1;['2021_313821_0169.xml'];False;['2021_313821_0169.xml'];originali;('2021_313821_0169.xml',);ape_summary_9f1f7dc56db9.html;687535;D22
687759;L219;1059;281;23;87.0;FABBRICATO;Via Venarìa;36;45.10818734;7.66114061;Locale commerciale, negozio;Dal 1919 al 1945;Nessuno;Patrimonio indisponibile;Utilizzato direttamente;Attività commerciale e di ristorazione;;;;1;;False;['2019_312661_0215.xml'];F;326.15;E;['2019_312661_0215.xml'];True;['2019_312661_0215.xml'];originali;('2019_312661_0215.xml',);ape_summary_d37f1c2d340d.html;687759;D10
688201;L219;1150;96;4;6526.25;FABBRICATO;Via Antonio Banfo;32;45.091678;7.6874963;Edificio scolastico (es.: scuola di ogni ordine e grado, università, scuola di formazione);Prima del 1919;Dichiarazione di interesse culturale;Demanio;Utilizzato direttamente;Attività didattica;;;;1;;False;['2021_100235_0004.xml'];E;331.23;D;['2021_100235_0004.xml'];True;['2021_100235_0004.xml'];originali;('2021_100235_0004.xml',);ape_summary_97969af3bba7.html;688201;D20
688745;L219;1065;25;1;48.0;FABBRICATO;Corso Ferrara;50;45.1088208;7.6243678;Abitazione;Dal 1961 al 1970;Nessuno;Patrimonio disponibile;;Non Dichiarato;in locazione;839.0;01/06/2022;1;;False;['2022_102099_0007.xml'];G;456.41;F;['2022_102099_0007.xml'];True;['2022_102099_0007.xml'];originali;('2022_102099_0007.xml',);ape_summary_c1691a64448a.html;688745;D23
688746;L219;1065;25;2;80.0;FABBRICATO;Corso Ferrara;50;45.1088208;7.6243678;Abitazione;Dal 1961 al 1970;Nessuno;Patrimonio disponibile;;Non Dichiarato;in locazione;4667.0;01/05/2022;1;;False;['2022_102099_0008.xml'];G;357.69;F;['2022_102099_0008.xml'];True;['2022_102099_0008.xml'];originali;('2022_102099_0008.xml',);ape_summary_99ea749d8b24.html;688746;D23
688747;L219;1065;25;3;64.0;FABBRICATO;Corso Ferrara;50;45.1088208;7.6243678;Abitazione;Dal 1961 al 1970;Nessuno;Patrimonio disponibile;Utilizzato direttamente;Altro;;;;1;;False;['2022_102099_0009.xml'];G;409.31;F;['2022_102099_0009.xml'];True;['2022_102099_0009.xml'];originali;('2022_102099_0009.xml',);ape_summary_f598cffb66d3.html;688747;D23
688748;L219;1065;25;4;96.0;FABBRICATO;Corso Ferrara;50;45.1088208;7.6243678;Abitazione;Dal 1961 al 1970;Nessuno;Patrimonio disponibile;;Non Dichiarato;in locazione;3745.0;01/08/2022;1;;False;['2022_102099_0005.xml', '2022_102099_0010.xml'];G;343.73;F;['2022_102099_0005.xml', '2022_102099_0010.xml'];True;['2022_102099_0005.xml', '2022_102099_0010.xml'];originali;('2022_102099_0005.xml', '2022_102099_0010.xml');ape_summary_c7de7b9e2c50.html;688748;D23
688749;L219;1065;25;5;88.0;FABBRICATO;Corso Ferrara;50;45.1088208;7.6243678;Abitazione;Dal 1961 al 1970;Nessuno;Patrimonio disponibile;;Non Dichiarato;in locazione;1177.0;01/02/2021;1;;False;['2022_102099_0011.xml'];G;339.7;F;['2022_102099_0011.xml'];True;['2022_102099_0011.xml'];originali;('2022_102099_0011.xml',);ape_summary_2153a3a67782.html;688749;D23
688750;L219;1065;25;6;86.0;FABBRICATO;Corso Ferrara;50;45.1088208;7.6243678;Magazzino e locali di deposito;Dal 1961 al 1970;Nessuno;Patrimonio disponibile;;Non Dichiarato;in locazione;1288.0;01/07/2021;1;;False;['2022_102099_0012.xml'];G;390.62;F;['2022_102099_0012.xml'];True;['2022_102099_0012.xml'];originali;('2022_102099_0012.xml',);ape_summary_878d657a4fda.html;688750;D23
688753;L219;1065;26;1;136.0;FABBRICATO;Corso Ferrara;50;45.1089546;7.6249603;Abitazione;Dal 1961 al 1970;Nessuno;Patrimonio disponibile;Utilizzato direttamente;Altro;;;;1;;False;['2022_102099_0001.xml'];G;343.75;F;['2022_102099_0001.xml'];True;['2022_102099_0001.xml'];originali;('2022_102099_0001.xml',);ape_summary_0d1d40203178.html;688753;D23
688754;L219;1065;26;2;136.0;FABBRICATO;Corso Ferrara;50;45.1089546;7.6249603;Abitazione;Dal 1961 al 1970;Nessuno;Patrimonio disponibile;Utilizzato direttamente;Altro;;;;1;;False;['2022_102099_0002.xml'];G;343.73;F;['2022_102099_0002.xml'];True;['2022_102099_0002.xml'];originali;('2022_102099_0002.xml',);ape_summary_b128b07b2ad0.html;688754;D23
689042;L219;1173;331;125;86.0;FABBRICATO;corso lecce;64;45.080698;7.6475243;Abitazione;Dal 1919 al 1945;Nessuno;Patrimonio disponibile;;Non Dichiarato;in locazione;3281.0;01/10/2021;1;;False;['2020_102099_0146.xml', '2020_102099_0147.xml', '2020_102099_0148.xml', '2020_102099_0150.xml', '2020_102099_0151.xml'];F;138.59;F;['2020_102099_0146.xml'];True;['2020_102099_0146.xml'];originali;('2020_102099_0146.xml',);ape_summary_481728e6c4c0.html;689042;C21
689075;L219;1073;18;55;47.0;FABBRICATO;via parenzo;80 25;45.1012887;7.6441239;Abitazione;Dal 1946 al 1960;Nessuno;Patrimonio indisponibile;Utilizzato direttamente;Altro;;;;1;;False;['2020_100824_0001.xml'];G;172.13;F;['2020_100824_0001.xml'];True;['2020_100824_0001.xml'];originali;('2020_100824_0001.xml',);ape_summary_634f30025e8c.html;689075;D23
689242;L219;1080;176;11;117.0;FABBRICATO;via borgo ticino;15;45.1060535;7.6951578;Abitazione;Dal 1981 al 1990;Nessuno;Patrimonio disponibile;;Non Dichiarato;in locazione;4206.0;01/03/2020;1;;False;['2019_103654_0009.xml', '2020_102099_0099.xml'];D;151.59;D;['2019_103654_0009.xml', '2020_102099_0099.xml'];True;['2019_103654_0009.xml', '2020_102099_0099.xml'];originali;('2019_103654_0009.xml', '2020_102099_0099.xml');ape_summary_1b95fe1665b7.html;689242;D21
689243;L219;1080;176;12;68.0;FABBRICATO;via borgo ticino;15;45.1060535;7.6951578;Abitazione;Dal 1981 al 1990;Nessuno;Patrimonio disponibile;;Non Dichiarato;in locazione;831.0;01/01/2021;1;;False;['2020_102099_0096.xml'];F;189.48;D;['2020_102099_0096.xml'];True;['2020_102099_0096.xml'];originali;('2020_102099_0096.xml',);ape_summary_1534acfc3a2c.html;689243;D21
689244;L219;1080;176;13;102.0;FABBRICATO;via borgo ticino;15;45.1060535;7.6951578;Abitazione;Dal 1981 al 1990;Nessuno;Patrimonio disponibile;;Non Dichiarato;in locazione;3843.0;01/06/2021;1;;False;['2020_102099_0095.xml'];F;187.9;E;['2020_102099_0095.xml'];True;['2020_102099_0095.xml'];originali;('2020_102099_0095.xml',);ape_summary_8ab218366f04.html;689244;D21
689246;L219;1080;176;15;75.0;FABBRICATO;via borgo ticino;17;45.1060535;7.6951578;Abitazione;Dal 1981 al 1990;Nessuno;Patrimonio disponibile;;Non Dichiarato;in locazione;3087.0;01/11/2019;1;;False;['2019_103654_0006.xml'];D;351.97;D;['2019_103654_0006.xml'];True;['2019_103654_0006.xml'];originali;('2019_103654_0006.xml',);ape_summary_95df624adc7b.html;689246;D21
689247;L219;1080;176;16;96.0;FABBRICATO;via borgo ticino;17;45.1060535;7.6951578;Abitazione;Dal 1981 al 1990;Nessuno;Patrimonio disponibile;;Non Dichiarato;in locazione;3308.0;01/07/2021;1;;False;['2020_102099_0100.xml'];E;100.25;D;['2020_102099_0100.xml'];True;['2020_102099_0100.xml'];originali;('2020_102099_0100.xml',);ape_summary_b0bf2fd3312e.html;689247;D21
689248;L219;1080;176;17;75.0;FABBRICATO;via borgo ticino;17;45.1060535;7.6951578;Abitazione;Dal 1981 al 1990;Nessuno;Patrimonio disponibile;;Non Dichiarato;in locazione;2504.0;01/02/2022;1;;False;['2020_102099_0101.xml'];F;177.44;D;['2020_102099_0101.xml'];True;['2020_102099_0101.xml'];originali;('2020_102099_0101.xml',);ape_summary_67decf696bd4.html;689248;D21
689249;L219;1080;176;18;96.0;FABBRICATO;via borgo ticino;17;45.1060535;7.6951578;Abitazione;Dal 1981 al 1990;Nessuno;Patrimonio disponibile;;Non Dichiarato;in locazione;3298.0;01/07/2021;1;;False;['2020_102099_0102.xml'];E;99.14;D;['2020_102099_0102.xml'];True;['2020_102099_0102.xml'];originali;('2020_102099_0102.xml',);ape_summary_dfab356aab93.html;689249;D21
689250;L219;1080;176;19;75.0;FABBRICATO;via borgo ticino;17;45.1060535;7.6951578;Abitazione;Dal 1981 al 1990;Nessuno;Patrimonio disponibile;;Non Dichiarato;in locazione;1771.0;01/08/2006;1;;False;['2020_102099_0103.xml'];F;158.43;D;['2020_102099_0103.xml'];True;['2020_102099_0103.xml'];originali;('2020_102099_0103.xml',);ape_summary_857922d496b5.html;689250;D21
689252;L219;1080;176;20;96.0;FABBRICATO;via borgo ticino;17;45.1060535;7.6951578;Abitazione;Dal 1981 al 1990;Nessuno;Patrimonio disponibile;;Non Dichiarato;in locazione;3723.0;01/07/2021;1;;False;['2020_102099_0104.xml'];E;99.21;D;['2020_102099_0104.xml'];True;['2020_102099_0104.xml'];originali;('2020_102099_0104.xml',);ape_summary_e58827c8c537.html;689252;D21
689253;L219;1080;176;21;75.0;FABBRICATO;via borgo ticino;17;45.1060535;7.6951578;Abitazione;Dal 1981 al 1990;Nessuno;Patrimonio disponibile;;Non Dichiarato;in locazione;2526.0;01/02/2011;1;;False;['2021_102099_0003.xml'];F;177.44;D;['2021_102099_0003.xml'];True;['2021_102099_0003.xml'];originali;('2021_102099_0003.xml',);ape_summary_251c567f3cb6.html;689253;D21
689254;L219;1080;176;22;84.0;FABBRICATO;via borgo ticino;17;45.1060535;7.6951578;Abitazione;Dal 1981 al 1990;Nessuno;Patrimonio disponibile;;Non Dichiarato;in locazione;3777.0;01/02/2022;1;;False;['2020_102099_0105.xml'];F;239.94;E;['2020_102099_0105.xml'];True;['2020_102099_0105.xml'];originali;('2020_102099_0105.xml',);ape_summary_a8aaab125013.html;689254;D21
689255;L219;1080;176;23;67.0;FABBRICATO;via borgo ticino;17;45.1060535;7.6951578;Abitazione;Dal 1981 al 1990;Nessuno;Patrimonio disponibile;;Non Dichiarato;in locazione;800.0;01/03/2021;1;;False;['2020_102099_0106.xml'];F;187.52;D;['2020_102099_0106.xml'];True;['2020_102099_0106.xml'];originali;('2020_102099_0106.xml',);ape_summary_d6d7f7880845.html;689255;D21
689278;L219;1080;176;5;95.0;FABBRICATO;via borgo ticino;15;45.1060535;7.6951578;Abitazione;Dal 1981 al 1990;Nessuno;Patrimonio disponibile;;Non Dichiarato;in locazione;5000.0;01/07/2021;1;;False;['2020_102099_0093.xml'];F;214.78;E;['2020_102099_0093.xml'];True;['2020_102099_0093.xml'];originali;('2020_102099_0093.xml',);ape_summary_fa90ac042ffb.html;689278;D21
689279;L219;1080;176;6;75.0;FABBRICATO;via borgo ticino;15;45.1060535;7.6951578;Abitazione;Dal 1981 al 1990;Nessuno;Patrimonio disponibile;;Non Dichiarato;in locazione;611.0;01/11/2022;1;;False;['2020_102099_0094.xml', '2020_102099_0098.xml'];F;156.75;D;['2020_102099_0094.xml', '2020_102099_0098.xml'];True;['2020_102099_0094.xml', '2020_102099_0098.xml'];originali;('2020_102099_0094.xml', '2020_102099_0098.xml');ape_summary_21827cdb595e.html;689279;D21
689280;L219;1080;176;7;116.0;FABBRICATO;via borgo ticino;15;45.1060535;7.6951578;Abitazione;Dal 1981 al 1990;Nessuno;Patrimonio disponibile;;Non Dichiarato;in locazione;1077.0;01/07/2011;1;;False;['2020_102099_0091.xml', '2020_102099_0097.xml'];E;99.24;C;['2020_102099_0091.xml'];True;['2020_102099_0091.xml'];originali;('2020_102099_0091.xml',);ape_summary_b1d22da39372.html;689280;D21
689281;L219;1080;176;8;75.0;FABBRICATO;via borgo ticino;15;45.1060535;7.6951578;Abitazione;Dal 1981 al 1990;Nessuno;Patrimonio disponibile;Utilizzato direttamente;Altro;;;;1;;False;['2019_103654_0005.xml'];D;274.05;D;['2019_103654_0005.xml'];True;['2019_103654_0005.xml'];originali;('2019_103654_0005.xml',);ape_summary_4a7e1b8f8ef4.html;689281;D21
689282;L219;1080;176;9;117.0;FABBRICATO;via borgo ticino;15;45.1060535;7.6951578;Abitazione;Dal 1981 al 1990;Nessuno;Patrimonio disponibile;;Non Dichiarato;in locazione;4527.0;01/11/2019;1;;False;['2019_103654_0004.xml'];D;110.15;D;['2019_103654_0004.xml'];True;['2019_103654_0004.xml'];originali;('2019_103654_0004.xml',);ape_summary_8e962cc0cf9d.html;689282;D21
689335;L219;1183;220;100;66.0;FABBRICATO;Via Cuneo;35;45.0871327;7.6831132;Abitazione;Dal 2001 al 2010;Nessuno;Patrimonio indisponibile;Utilizzato direttamente;Altro;;;;1;;False;['2019_102351_0119.xml'];D;150.99;C;['2019_102351_0119.xml'];True;['2019_102351_0119.xml'];originali;('2019_102351_0119.xml',);ape_summary_0a6f396ede13.html;689335;C19
689355;L219;1183;220;119;65.0;FABBRICATO;Via Cuneo;33;45.0871327;7.6831132;Abitazione;Dal 2001 al 2010;Nessuno;Patrimonio indisponibile;Utilizzato direttamente;Altro;;;;1;;False;['2019_102351_0120.xml'];D;155.82;C;['2019_102351_0120.xml'];True;['2019_102351_0120.xml'];originali;('2019_102351_0120.xml',);ape_summary_1187bd1a096f.html;689355;C19
689369;L219;1183;220;131;67.0;FABBRICATO;Via Cuneo;33;45.0871327;7.6831132;Abitazione;Dal 2001 al 2010;Nessuno;Patrimonio indisponibile;Utilizzato direttamente;Altro;;;;1;;False;['2019_102351_0121.xml'];D;149.97;C;['2019_102351_0121.xml'];True;['2019_102351_0121.xml'];originali;('2019_102351_0121.xml',);ape_summary_68bfe2da7d64.html;689369;C19
689375;L219;1183;220;137;53.0;FABBRICATO;Via Cuneo;31;45.0871327;7.6831132;Abitazione;Dal 2001 al 2010;Nessuno;Patrimonio indisponibile;Utilizzato direttamente;Altro;;;;1;;False;['2019_102351_0122.xml'];D;190.78;C;['2019_102351_0122.xml'];True;['2019_102351_0122.xml'];originali;('2019_102351_0122.xml',);ape_summary_b20cae468460.html;689375;C19
689377;L219;1183;220;139;54.0;FABBRICATO;Via Cuneo;31;45.0871327;7.6831132;Abitazione;Dal 2001 al 2010;Nessuno;Patrimonio indisponibile;Utilizzato direttamente;Altro;;;;1;;False;['2019_102351_0123.xml'];D;147.41;C;['2019_102351_0123.xml'];True;['2019_102351_0123.xml'];originali;('2019_102351_0123.xml',);ape_summary_5ec2e227f8aa.html;689377;C19
689459;L219;1183;220;78;58.0;FABBRICATO;Largo Francesco Cigna;72;45.0871327;7.6831132;Abitazione;Dal 2001 al 2010;Nessuno;Patrimonio indisponibile;Utilizzato direttamente;Altro;;;;1;;False;['2020_312661_0140.xml'];E;124.91;D;['2020_312661_0140.xml'];True;['2020_312661_0140.xml'];originali;('2020_312661_0140.xml',);ape_summary_bf9432c4d0df.html;689459;C19
689462;L219;1183;220;80;49.0;FABBRICATO;Largo Francesco Cigna;72;45.0871327;7.6831132;Abitazione;Dal 2001 al 2010;Nessuno;Patrimonio indisponibile;Utilizzato direttamente;Altro;;;;1;;False;['2019_102351_0118.xml'];E;198.73;D;['2019_102351_0118.xml'];True;['2019_102351_0118.xml'];originali;('2019_102351_0118.xml',);ape_summary_5d9b057bb024.html;689462;C19
689475;L219;1183;220;92;49.0;FABBRICATO;Largo Francesco Cigna;72;45.0871327;7.6831132;Abitazione;Dal 2001 al 2010;Nessuno;Patrimonio indisponibile;Utilizzato direttamente;Altro;;;;1;;False;['2020_312661_0141.xml'];E;140.72;D;['2020_312661_0141.xml'];True;['2020_312661_0141.xml'];originali;('2020_312661_0141.xml',);ape_summary_341fd4f23a1f.html;689475;C19
689536;L219;1349;159;4;89.0;FABBRICATO;Via Orazio Antinori;3;45.05341868;7.66670546;Abitazione;Dal 1919 al 1945;Nessuno;Patrimonio indisponibile;;Non Dichiarato;in locazione;2991.0;01/06/2021;1;;False;['2020_102099_0161.xml'];E;127.38;D;['2020_102099_0161.xml'];True;['2020_102099_0161.xml'];originali;('2020_102099_0161.xml',);ape_summary_c3ee55aefbb0.html;689536;C5
689538;L219;1349;159;7;70.0;FABBRICATO;Via Orazio Antinori;3;45.05341868;7.66670546;Abitazione;Dal 1919 al 1945;Nessuno;Patrimonio indisponibile;;Non Dichiarato;in locazione;1919.0;01/06/2021;1;;False;['2020_102099_0162.xml'];E;135.42;D;['2020_102099_0162.xml'];True;['2020_102099_0162.xml'];originali;('2020_102099_0162.xml',);ape_summary_1a0d894749ff.html;689538;C5
689539;L219;1349;159;8;91.0;FABBRICATO;Via Orazio Antinori;3;45.05341868;7.66670546;Abitazione;Dal 1919 al 1945;Nessuno;Patrimonio indisponibile;;Non Dichiarato;in locazione;2772.0;01/06/2021;1;;False;['2020_102099_0163.xml'];E;127.38;D;['2020_102099_0163.xml'];True;['2020_102099_0163.xml'];originali;('2020_102099_0163.xml',);ape_summary_6fe0a9797ea2.html;689539;C5
689540;L219;1349;159;9;41.0;FABBRICATO;Via Orazio Antinori;3;45.05341868;7.66670546;Abitazione;Dal 1919 al 1945;Nessuno;Patrimonio indisponibile;;Non Dichiarato;in locazione;1800.0;01/07/2021;1;;False;['2021_102099_0004.xml'];F;194.04;E;['2021_102099_0004.xml'];True;['2021_102099_0004.xml'];originali;('2021_102099_0004.xml',);ape_summary_f0de1b1eff56.html;689540;C5
689549;L219;1351;295;3;56.0;FABBRICATO;via michelangelo buonarroti;30;45.0500451;7.6794094;Abitazione;Dal 1946 al 1960;Nessuno;Patrimonio disponibile;;Non Dichiarato;in locazione;3926.0;01/03/2010;1;;False;['2020_102099_0196.xml'];G;188.17;E;['2020_102099_0196.xml'];True;['2020_102099_0196.xml'];originali;('2020_102099_0196.xml',);ape_summary_e345e22fc4ef.html;689549;C2
689567;L219;1184;5;36;64.0;FABBRICATO;Via Aosta;31;45.0852193;7.6912085;Abitazione;Dal 1946 al 1960;Nessuno;Patrimonio indisponibile;Utilizzato direttamente;Altro;;;;1;;False;['2022_113184_0091.xml'];F;271.38;E;['2022_113184_0091.xml'];True;['2022_113184_0091.xml'];originali;('2022_113184_0091.xml',);ape_summary_010d13e184d1.html;689567;C19
689597;L219;1352;249;9;7664.5;FABBRICATO;via madama cristina;102;45.0473999;7.6750475;Edificio scolastico (es.: scuola di ogni ordine e grado, università, scuola di formazione);Prima del 1919;Dichiarazione di interesse culturale;Demanio;Utilizzato direttamente;Attività didattica;;;;1;;False;['2021_106141_0053.xml'];D;257.31;C;['2021_106141_0053.xml'];True;['2021_106141_0053.xml'];originali;('2021_106141_0053.xml',);ape_summary_fb1fac8d290f.html;689597;C2
689699;L219;1184;66;43;53.0;FABBRICATO;Via Carmagnola;16;45.0854207;7.6874908;Abitazione;Dal 2001 al 2010;Nessuno;Patrimonio indisponibile;Utilizzato direttamente;Altro;;;;1;;False;['2022_113184_0012.xml'];D;64.07;C;['2022_113184_0012.xml'];True;['2022_113184_0012.xml'];originali;('2022_113184_0012.xml',);ape_summary_00a7b5703d51.html;689699;C19
689747;L219;1089;337;47;105.0;FABBRICATO;strada scarafiotti;44;45.103231;7.7310744;Abitazione;Dal 1991 al 2000;Nessuno;Patrimonio indisponibile;Utilizzato direttamente;Altro;;;;1;;False;['2020_312661_0138.xml'];F;179.49;F;['2020_312661_0138.xml'];True;['2020_312661_0138.xml'];originali;('2020_312661_0138.xml',);ape_summary_c5086c3d95d1.html;689747;D15
689931;L219;1369;70;6;173.0;FABBRICATO;Strada Antica di Revigliasco;77;45.0429508;7.7036509;Abitazione;Prima del 1919;Nessuno;Patrimonio indisponibile;Utilizzato direttamente;Alloggio di servizio, foresterie;;;;1;;False;['2019_101050_0005.xml'];C;529.04;C;['2019_101050_0005.xml'];True;['2019_101050_0005.xml'];originali;('2019_101050_0005.xml',);ape_summary_0ab57836ac31.html;689931;E1
689963;L219;1076;289;43;72.0;FABBRICATO;via lucento;110;45.1032318;7.6604065;Abitazione;Dal 1961 al 1970;Nessuno;Patrimonio indisponibile;;Non Dichiarato;in locazione;3002.0;01/07/2022;1;;False;['2020_102099_0198.xml', '2022_105263_0057.xml'];F;185.85;E;['2020_102099_0198.xml', '2022_105263_0057.xml'];True;['2020_102099_0198.xml'];originali;('2020_102099_0198.xml', '2022_105263_0057.xml');ape_summary_5c8cd3bd1ec4.html;689963;D10
690045;L219;1179;105;49;73.0;FABBRICATO;Via Aquila;28;45.0853455;7.6665769;Abitazione;Dal 1919 al 1945;Nessuno;Patrimonio indisponibile;Utilizzato direttamente;Altro;;;;1;;False;['2020_312661_0121.xml'];F;232.52;E;['2020_312661_0121.xml'];True;['2020_312661_0121.xml'];originali;('2020_312661_0121.xml',);ape_summary_7dbc1d1992ec.html;690045;C8
690067;L219;1179;259;2;96.0;FABBRICATO;Via Capua;7;45.0835992;7.6678697;Abitazione;Prima del 1919;Dichiarazione di interesse culturale;Demanio;;Non Dichiarato;in locazione;4301.0;01/04/2021;1;;False;['2020_102099_0141.xml'];F;278.66;E;['2020_102099_0141.xml'];True;['2020_102099_0141.xml'];originali;('2020_102099_0141.xml',);ape_summary_fb4a8e5c236a.html;690067;C8
690068;L219;1179;259;3;107.0;FABBRICATO;Via Capua;7;45.0835992;7.6678697;Abitazione;Prima del 1919;Dichiarazione di interesse culturale;Demanio;;Non Dichiarato;in locazione;2848.0;01/04/2021;1;;False;['2020_102099_0142.xml'];E;222.95;E;['2020_102099_0142.xml'];True;['2020_102099_0142.xml'];originali;('2020_102099_0142.xml',);ape_summary_e107311e1558.html;690068;C8
690384;L219;1183;194;8;1902.0;FABBRICATO;corso vercelli;15;45.0846234;7.6855438;Ufficio strutturato ed assimilabili;Dal 1981 al 1990;Nessuno;Patrimonio indisponibile;Utilizzato direttamente;Attività amministrativa/uffici pubblici;;;;1;;False;['2021_106141_0052.xml'];G;326.39;F;['2021_106141_0052.xml'];True;['2021_106141_0052.xml'];originali;('2021_106141_0052.xml',);ape_summary_f01a43874349.html;690384;C19
690538;L219;1345;333;177;49.0;FABBRICATO;via gessi romolo;4;45.0506139;7.6533392;Abitazione;Dal 1946 al 1960;Nessuno;Patrimonio indisponibile;Utilizzato direttamente;Altro;;;;1;;False;['2021_313821_0163.xml'];F;181.18;E;['2021_313821_0163.xml'];True;['2021_313821_0163.xml'];originali;('2021_313821_0163.xml',);ape_summary_c33cf9ed4dc9.html;690538;D18
690575;L219;1089;306;101;48.0;FABBRICATO;via vittime di bologna;11;45.1018356;7.7289107;Abitazione;Dal 1971 al 1980;Nessuno;Patrimonio indisponibile;Utilizzato direttamente;Altro;;;;1;;False;['2022_312661_0036.xml'];D;84.88;C;['2022_312661_0036.xml'];True;['2022_312661_0036.xml'];originali;('2022_312661_0036.xml',);ape_summary_437dc46e11b9.html;690575;D15
690576;L219;1089;306;102;48.0;FABBRICATO;via vittime di bologna;11;45.1018356;7.7289107;Abitazione;Dal 1971 al 1980;Nessuno;Patrimonio indisponibile;Utilizzato direttamente;Altro;;;;1;;False;['2020_312661_0028.xml'];E;84.99;D;['2020_312661_0028.xml'];True;['2020_312661_0028.xml'];originali;('2020_312661_0028.xml',);ape_summary_3c5e566cd8b0.html;690576;D15
690585;L219;1089;306;110;48.0;FABBRICATO;via vittime di bologna;11;45.1018356;7.7289107;Abitazione;Dal 1971 al 1980;Nessuno;Patrimonio indisponibile;Utilizzato direttamente;Altro;;;;1;;False;['2020_312661_0132.xml'];E;149.59;E;['2020_312661_0132.xml'];True;['2020_312661_0132.xml'];originali;('2020_312661_0132.xml',);ape_summary_849514310ccf.html;690585;D15
690595;L219;1089;306;121;48.0;FABBRICATO;Via Vittime di Bologna;13;45.1018356;7.7289107;Abitazione;Dal 1971 al 1980;Nessuno;Patrimonio indisponibile;Utilizzato direttamente;Altro;;;;1;;False;['2022_312661_0037.xml', '2022_312661_0038.xml'];F;170.94;E;['2022_312661_0037.xml', '2022_312661_0038.xml'];True;['2022_312661_0037.xml', '2022_312661_0038.xml'];originali;('2022_312661_0037.xml', '2022_312661_0038.xml');ape_summary_415c1352cc3b.html;690595;D15
690625;L219;1089;306;151;48.0;FABBRICATO;Via Vittime di Bologna;15;45.1018356;7.7289107;Abitazione;Dal 1971 al 1980;Nessuno;Patrimonio indisponibile;Utilizzato direttamente;Altro;;;;1;;False;['2022_312661_0039.xml'];E;91.0;D;['2022_312661_0039.xml'];True;['2022_312661_0039.xml'];originali;('2022_312661_0039.xml',);ape_summary_ed10a45fb053.html;690625;D15
690629;L219;1089;306;155;48.0;FABBRICATO;Via Vittime di Bologna;15;45.1018356;7.7289107;Abitazione;Dal 1971 al 1980;Nessuno;Patrimonio indisponibile;Utilizzato direttamente;Altro;;;;1;;False;['2022_312661_0040.xml'];E;126.48;D;['2022_312661_0040.xml'];True;['2022_312661_0040.xml'];originali;('2022_312661_0040.xml',);ape_summary_e7c520a11510.html;690629;D15
690630;L219;1089;306;156;48.0;FABBRICATO;Via Vittime di Bologna;15;45.1018356;7.7289107;Abitazione;Dal 1971 al 1980;Nessuno;Patrimonio indisponibile;Utilizzato direttamente;Altro;;;;1;;False;['2022_312661_0041.xml'];E;90.76;D;['2022_312661_0041.xml'];True;['2022_312661_0041.xml'];originali;('2022_312661_0041.xml',);ape_summary_fd6e8dab1642.html;690630;D15
690632;L219;1089;306;158;48.0;FABBRICATO;Via Vittime di Bologna;15;45.1018356;7.7289107;Abitazione;Dal 1971 al 1980;Nessuno;Patrimonio indisponibile;Utilizzato direttamente;Altro;;;;1;;False;['2022_312661_0042.xml'];E;90.91;D;['2022_312661_0042.xml'];True;['2022_312661_0042.xml'];originali;('2022_312661_0042.xml',);ape_summary_04d4ed13b218.html;690632;D15
690638;L219;1089;306;163;48.0;FABBRICATO;Via Vittime di Bologna;15;45.1018356;7.7289107;Abitazione;Dal 1971 al 1980;Nessuno;Patrimonio indisponibile;Utilizzato direttamente;Altro;;;;1;;False;['2022_312661_0043.xml'];E;90.48;D;['2022_312661_0043.xml'];True;['2022_312661_0043.xml'];originali;('2022_312661_0043.xml',);ape_summary_f2ca2d5a3391.html;690638;D15
690640;L219;1089;306;165;48.0;FABBRICATO;Via Vittime di Bologna;15;45.1018356;7.7289107;Abitazione;Dal 1971 al 1980;Nessuno;Patrimonio indisponibile;Utilizzato direttamente;Altro;;;;1;;False;['2022_312661_0084.xml'];F;205.31;E;['2022_312661_0084.xml'];True;['2022_312661_0084.xml'];originali;('2022_312661_0084.xml',);ape_summary_56453372ea68.html;690640;D15
690643;L219;1089;306;168;48.0;FABBRICATO;Via Vittime di Bologna;15;45.1018356;7.7289107;Abitazione;Dal 1971 al 1980;Nessuno;Patrimonio indisponibile;Utilizzato direttamente;Altro;;;;1;;False;['2022_312661_0044.xml'];F;167.49;E;['2022_312661_0044.xml'];True;['2022_312661_0044.xml'];originali;('2022_312661_0044.xml',);ape_summary_3a7c54f27205.html;690643;D15
690660;L219;1089;306;34;48.0;FABBRICATO;via vittime di bologna;7;45.1018356;7.7289107;Abitazione;Dal 1971 al 1980;Nessuno;Patrimonio indisponibile;Utilizzato direttamente;Altro;;;;1;;False;['2021_312661_0030.xml'];E;154.74;E;['2021_312661_0030.xml'];True;['2021_312661_0030.xml'];originali;('2021_312661_0030.xml',);ape_summary_668bebdd948d.html;690660;D15
690663;L219;1089;306;37;48.0;FABBRICATO;via vittime di bologna;7;45.1018356;7.7289107;Abitazione;Dal 1971 al 1980;Nessuno;Patrimonio indisponibile;Utilizzato direttamente;Altro;;;;1;;False;['2022_312661_0125.xml'];E;159.38;E;['2022_312661_0125.xml'];True;['2022_312661_0125.xml'];originali;('2022_312661_0125.xml',);ape_summary_819c0699ea17.html;690663;D15
690684;L219;1089;306;57;48.0;FABBRICATO;via vittime di bologna;7;45.1018356;7.7289107;Abitazione;Dal 1971 al 1980;Nessuno;Patrimonio indisponibile;Utilizzato direttamente;Altro;;;;1;;False;['2022_312661_0010.xml'];F;153.17;E;['2022_312661_0010.xml'];True;['2022_312661_0010.xml'];originali;('2022_312661_0010.xml',);ape_summary_82fc50f149b4.html;690684;D15
690686;L219;1089;306;61;48.0;FABBRICATO;Via Vittime di Bologna;13;45.1018356;7.7289107;Abitazione;Dal 1971 al 1980;Nessuno;Patrimonio indisponibile;Utilizzato direttamente;Altro;;;;1;;False;['2022_312661_0031.xml'];F;194.6;E;['2022_312661_0031.xml'];True;['2022_312661_0031.xml'];originali;('2022_312661_0031.xml',);ape_summary_519594cf5c67.html;690686;D15
690691;L219;1089;306;66;48.0;FABBRICATO;via vittime di bologna;9;45.1018356;7.7289107;Abitazione;Dal 1971 al 1980;Nessuno;Patrimonio indisponibile;Utilizzato direttamente;Altro;;;;1;;False;['2020_312661_0139.xml'];E;104.35;C;['2020_312661_0139.xml'];True;['2020_312661_0139.xml'];originali;('2020_312661_0139.xml',);ape_summary_95592cf83dc5.html;690691;D15
690694;L219;1089;306;69;48.0;FABBRICATO;via vittime di bologna;9;45.1018356;7.7289107;Abitazione;Dal 1971 al 1980;Nessuno;Patrimonio indisponibile;Utilizzato direttamente;Altro;;;;1;;False;['2022_312661_0032.xml'];D;84.1;C;['2022_312661_0032.xml'];True;['2022_312661_0032.xml'];originali;('2022_312661_0032.xml',);ape_summary_25aa266ef18e.html;690694;D15
690698;L219;1089;306;72;48.0;FABBRICATO;via vittime di bologna;9;45.1018356;7.7289107;Abitazione;Dal 1971 al 1980;Nessuno;Patrimonio indisponibile;Utilizzato direttamente;Altro;;;;1;;False;['2022_312661_0033.xml'];D;84.75;C;['2022_312661_0033.xml'];True;['2022_312661_0033.xml'];originali;('2022_312661_0033.xml',);ape_summary_b2e757489ec2.html;690698;D15
690703;L219;1089;306;77;48.0;FABBRICATO;via vittime di bologna;9;45.1018356;7.7289107;Abitazione;Dal 1971 al 1980;Nessuno;Patrimonio indisponibile;Utilizzato direttamente;Altro;;;;1;;False;['2020_312661_0026.xml'];E;84.96;D;['2020_312661_0026.xml'];True;['2020_312661_0026.xml'];originali;('2020_312661_0026.xml',);ape_summary_0946b839c0f8.html;690703;D15
690709;L219;1089;306;82;48.0;FABBRICATO;via vittime di bologna;9;45.1018356;7.7289107;Abitazione;Dal 1971 al 1980;Nessuno;Patrimonio indisponibile;Utilizzato direttamente;Altro;;;;1;;False;['2020_312661_0027.xml'];F;162.0;E;['2020_312661_0027.xml'];True;['2020_312661_0027.xml'];originali;('2020_312661_0027.xml',);ape_summary_3565bd975bfd.html;690709;D15
690718;L219;1089;306;91;48.0;FABBRICATO;via vittime di bologna;11;45.1018356;7.7289107;Abitazione;Dal 1971 al 1980;Nessuno;Patrimonio indisponibile;Utilizzato direttamente;Altro;;;;1;;False;['2022_312661_0034.xml'];E;159.98;E;['2022_312661_0034.xml'];True;['2022_312661_0034.xml'];originali;('2022_312661_0034.xml',);ape_summary_c0865d4bd53d.html;690718;D15
690723;L219;1089;306;96;48.0;FABBRICATO;via vittime di bologna;11;45.1018356;7.7289107;Abitazione;Dal 1971 al 1980;Nessuno;Patrimonio indisponibile;Utilizzato direttamente;Altro;;;;1;;False;['2022_312661_0035.xml'];D;85.12;C;['2022_312661_0035.xml'];True;['2022_312661_0035.xml'];originali;('2022_312661_0035.xml',);ape_summary_077351a1a04c.html;690723;D15
690830;L219;1186;151;12;80.0;FABBRICATO;via ternengo;48;45.08753959;7.69666841;Abitazione;Dal 1991 al 2000;Nessuno;Patrimonio indisponibile;Utilizzato direttamente;Altro;;;;1;;False;['2020_312661_0119.xml'];F;181.3;F;['2020_312661_0119.xml'];True;['2020_312661_0119.xml'];originali;('2020_312661_0119.xml',);ape_summary_f6eba60760f3.html;690830;D20
691462;L219;1212;90;15;75.0;FABBRICATO;Via Carlo Michele Buscalioni;15;45.0774956;7.700681;Abitazione;Dal 1919 al 1945;Nessuno;Patrimonio indisponibile;;Non Dichiarato;in locazione;3298.0;01/09/2021;1;;False;['2020_102099_0165.xml'];F;197.25;C;['2020_102099_0165.xml'];True;['2020_102099_0165.xml'];originali;('2020_102099_0165.xml',);ape_summary_63211942aed1.html;691462;C18
691464;L219;1212;90;17;102.0;FABBRICATO;Via Carlo Michele Buscalioni;15;45.0774956;7.700681;Abitazione;Dal 1919 al 1945;Nessuno;Patrimonio indisponibile;;Non Dichiarato;in locazione;3226.0;01/08/2021;1;;False;['2020_102099_0164.xml'];F;230.4;E;['2020_102099_0164.xml'];True;['2020_102099_0164.xml'];originali;('2020_102099_0164.xml',);ape_summary_7b3babd845b7.html;691464;C18
691576;L219;1111;87;24;97.0;FABBRICATO;corso lombardia;121;45.09852565;7.64843227;Abitazione;Dal 1946 al 1960;Nessuno;Patrimonio indisponibile;;Non Dichiarato;in locazione;2672.0;01/12/2022;1;;False;['2021_106141_0029.xml'];G;211.07;F;['2021_106141_0029.xml'];;['2021_106141_0029.xml'];originali;('2021_106141_0029.xml',);ape_summary_75fa07293c1c.html;691576;D23
691588;L219;1111;87;35;64.0;FABBRICATO;corso lombardia;123;45.09852565;7.64843227;Abitazione;Dal 1946 al 1960;Nessuno;Patrimonio indisponibile;Utilizzato direttamente;Altro;;;;1;;False;['2021_106141_0031.xml'];G;233.2;G;['2021_106141_0031.xml'];;['2021_106141_0031.xml'];originali;('2021_106141_0031.xml',);ape_summary_f8f242a8d2ae.html;691588;D23
691708;L219;1186;167;100;99.0;FABBRICATO;Via Bioglio;30;45.0872881;7.6974772;Abitazione;Prima del 1919;Nessuno;Patrimonio indisponibile;Utilizzato direttamente;Altro;;;;1;;False;['2022_313821_0058.xml'];D;152.22;D;['2022_313821_0058.xml'];True;['2022_313821_0058.xml'];originali;('2022_313821_0058.xml',);ape_summary_92952097963b.html;691708;D20
691723;L219;1186;167;117;92.0;FABBRICATO;Via Bioglio;32;45.0872881;7.6974772;Abitazione;Prima del 1919;Nessuno;Patrimonio indisponibile;Utilizzato direttamente;Altro;;;;1;;False;['2022_313821_0059.xml'];E;181.19;D;['2022_313821_0059.xml'];True;['2022_313821_0059.xml'];originali;('2022_313821_0059.xml',);ape_summary_a54e8a53b8f3.html;691723;D20
691732;L219;1186;167;127;56.0;FABBRICATO;Via Bioglio;36;45.0872881;7.6974772;Abitazione;Prima del 1919;Nessuno;Patrimonio indisponibile;Utilizzato direttamente;Altro;;;;1;;False;['2022_313821_0060.xml'];E;181.99;D;['2022_313821_0060.xml'];True;['2022_313821_0060.xml'];originali;('2022_313821_0060.xml',);ape_summary_c4b7031aba86.html;691732;D20
691735;L219;1186;167;130;109.0;FABBRICATO;Via Bioglio;36;45.0872881;7.6974772;Abitazione;Prima del 1919;Nessuno;Patrimonio indisponibile;Utilizzato direttamente;Altro;;;;1;;False;['2022_313821_0080.xml'];D;148.99;D;['2022_313821_0080.xml'];True;['2022_313821_0080.xml'];originali;('2022_313821_0080.xml',);ape_summary_0acfb8b98e95.html;691735;D20
691741;L219;1186;167;136;58.0;FABBRICATO;Via Giovanni Pacini;2;45.0872881;7.6974772;Abitazione;Prima del 1919;Nessuno;Patrimonio indisponibile;Utilizzato direttamente;Altro;;;;1;;False;['2022_313821_0061.xml'];E;205.3;D;['2022_313821_0061.xml'];True;['2022_313821_0061.xml'];originali;('2022_313821_0061.xml',);ape_summary_f2429e1547f1.html;691741;D20
691759;L219;1186;167;154;96.0;FABBRICATO;Via Giovanni Pacini;4;45.0872881;7.6974772;Abitazione;Prima del 1919;Nessuno;Patrimonio indisponibile;Utilizzato direttamente;Altro;;;;1;;False;['2022_313821_0062.xml'];E;146.88;D;['2022_313821_0062.xml'];True;['2022_313821_0062.xml'];originali;('2022_313821_0062.xml',);ape_summary_d0a76744543c.html;691759;D20
691761;L219;1186;167;156;53.0;FABBRICATO;Via Giovanni Pacini;4;45.0872881;7.6974772;Abitazione;Prima del 1919;Nessuno;Patrimonio indisponibile;Utilizzato direttamente;Altro;;;;1;;False;['2022_313821_0063.xml'];E;149.52;D;['2022_313821_0063.xml'];True;['2022_313821_0063.xml'];originali;('2022_313821_0063.xml',);ape_summary_376936886c29.html;691761;D20
691763;L219;1186;167;158;92.0;FABBRICATO;Via Giovanni Pacini;4;45.0872881;7.6974772;Abitazione;Prima del 1919;Nessuno;Patrimonio indisponibile;Utilizzato direttamente;Altro;;;;1;;False;['2022_313821_0064.xml'];E;170.4;D;['2022_313821_0064.xml'];True;['2022_313821_0064.xml'];originali;('2022_313821_0064.xml',);ape_summary_f087e6786236.html;691763;D20
691771;L219;1186;167;168;91.0;FABBRICATO;Via Giovanni Pacini;6;45.0872881;7.6974772;Abitazione;Prima del 1919;Nessuno;Patrimonio indisponibile;Utilizzato direttamente;Altro;;;;1;;False;['2022_313821_0065.xml'];E;185.59;D;['2022_313821_0065.xml'];True;['2022_313821_0065.xml'];originali;('2022_313821_0065.xml',);ape_summary_06d5b9c72aec.html;691771;D20
691778;L219;1186;167;174;91.0;FABBRICATO;Via Giovanni Pacini;6;45.0872881;7.6974772;Abitazione;Prima del 1919;Nessuno;Patrimonio indisponibile;Utilizzato direttamente;Altro;;;;1;;False;['2022_313821_0066.xml'];E;174.32;D;['2022_313821_0066.xml'];True;['2022_313821_0066.xml'];originali;('2022_313821_0066.xml',);ape_summary_5fe21cb4f1a6.html;691778;D20
691784;L219;1186;167;18;50.0;FABBRICATO;Via Bioglio;16;45.0872881;7.6974772;Abitazione;Prima del 1919;Nessuno;Patrimonio indisponibile;Utilizzato direttamente;Altro;;;;1;;False;['2022_313821_0048.xml'];D;160.05;D;['2022_313821_0048.xml'];True;['2022_313821_0048.xml'];originali;('2022_313821_0048.xml',);ape_summary_7f51f18225ff.html;691784;D20
691828;L219;1186;167;22;66.0;FABBRICATO;Via Bioglio;16;45.0872881;7.6974772;Abitazione;Prima del 1919;Nessuno;Patrimonio indisponibile;Utilizzato direttamente;Altro;;;;1;;False;['2022_313821_0049.xml'];E;175.74;D;['2022_313821_0049.xml'];True;['2022_313821_0049.xml'];originali;('2022_313821_0049.xml',);ape_summary_07b44e7abb60.html;691828;D20
691883;L219;1186;167;27;51.0;FABBRICATO;Via Bioglio;16;45.0872881;7.6974772;Abitazione;Prima del 1919;Nessuno;Patrimonio indisponibile;Utilizzato direttamente;Altro;;;;1;;False;['2022_313821_0050.xml'];E;177.76;D;['2022_313821_0050.xml'];True;['2022_313821_0050.xml'];originali;('2022_313821_0050.xml',);ape_summary_bd42e40abf69.html;691883;D20
691916;L219;1186;167;30;50.0;FABBRICATO;Via Bioglio;16;45.0872881;7.6974772;Abitazione;Prima del 1919;Nessuno;Patrimonio indisponibile;Utilizzato direttamente;Altro;;;;1;;False;['2020_312661_0089.xml'];D;116.6;D;['2020_312661_0089.xml'];True;['2020_312661_0089.xml'];originali;('2020_312661_0089.xml',);ape_summary_44c95d7b2f21.html;691916;D20
691949;L219;1186;167;33;56.0;FABBRICATO;Via Bioglio;16;45.0872881;7.6974772;Abitazione;Prima del 1919;Nessuno;Patrimonio indisponibile;Utilizzato direttamente;Altro;;;;1;;False;['2022_313821_0051.xml'];D;139.82;D;['2022_313821_0051.xml'];True;['2022_313821_0051.xml'];originali;('2022_313821_0051.xml',);ape_summary_e85149668cd5.html;691949;D20
691970;L219;1186;167;39;54.0;FABBRICATO;Via Bioglio;18;45.0872881;7.6974772;Abitazione;Prima del 1919;Nessuno;Patrimonio indisponibile;Utilizzato direttamente;Altro;;;;1;;False;['2022_313821_0052.xml'];D;248.56;D;['2022_313821_0052.xml'];True;['2022_313821_0052.xml'];originali;('2022_313821_0052.xml',);ape_summary_7844cb077d63.html;691970;D20
691976;L219;1186;167;45;83.0;FABBRICATO;Via Bioglio;18;45.0872881;7.6974772;Abitazione;Prima del 1919;Nessuno;Patrimonio indisponibile;Utilizzato direttamente;Altro;;;;1;;False;['2022_313821_0053.xml'];E;169.13;D;['2022_313821_0053.xml'];True;['2022_313821_0053.xml'];originali;('2022_313821_0053.xml',);ape_summary_ae17dbadf174.html;691976;D20
691982;L219;1186;167;53;93.0;FABBRICATO;Via Bioglio;20;45.0872881;7.6974772;Abitazione;Prima del 1919;Nessuno;Patrimonio indisponibile;Utilizzato direttamente;Altro;;;;1;;False;['2022_313821_0054.xml'];E;175.77;D;['2022_313821_0054.xml'];True;['2022_313821_0054.xml'];originali;('2022_313821_0054.xml',);ape_summary_a25f0ef57652.html;691982;D20
691987;L219;1186;167;58;54.0;FABBRICATO;Via Bioglio;20;45.0872881;7.6974772;Abitazione;Prima del 1919;Nessuno;Patrimonio indisponibile;Utilizzato direttamente;Altro;;;;1;;False;['2022_313821_0055.xml'];E;140.62;D;['2022_313821_0055.xml'];True;['2022_313821_0055.xml'];originali;('2022_313821_0055.xml',);ape_summary_0a3391275b3c.html;691987;D20
691999;L219;1186;167;72;69.0;FABBRICATO;Via Bioglio;24;45.0872881;7.6974772;Abitazione;Prima del 1919;Nessuno;Patrimonio indisponibile;Utilizzato direttamente;Altro;;;;1;;False;['2022_313821_0056.xml'];E;177.87;D;['2022_313821_0056.xml'];True;['2022_313821_0056.xml'];originali;('2022_313821_0056.xml',);ape_summary_62f19a465e0f.html;691999;D20
692013;L219;1186;167;88;68.0;FABBRICATO;Via Bioglio;30;45.0872881;7.6974772;Abitazione;Prima del 1919;Nessuno;Patrimonio indisponibile;Utilizzato direttamente;Altro;;;;1;;False;['2022_313821_0057.xml'];E;173.26;D;['2022_313821_0057.xml'];True;['2022_313821_0057.xml'];originali;('2022_313821_0057.xml',);ape_summary_1f173957d9f0.html;692013;D20
692515;L219;1188;62;9;1160.75;FABBRICATO;via bologna;153;45.088011;7.7062151;Edificio scolastico (es.: scuola di ogni ordine e grado, università, scuola di formazione);Dal 1971 al 1980;Nessuno;Patrimonio indisponibile;Utilizzato direttamente;Attività amministrativa/uffici pubblici;;;;1;;False;['2019_102341_0004.xml'];E;187.6;D;['2019_102341_0004.xml'];True;['2019_102341_0004.xml'];originali;('2019_102341_0004.xml',);ape_summary_91edde7d722f.html;692515;D20
692559;L219;1104;368;2;95.0;FABBRICATO;corso vercelli;157;45.0989048;7.6924783;Abitazione;Dal 1961 al 1970;Nessuno;Patrimonio indisponibile;Utilizzato direttamente;Alloggio di servizio, foresterie;;;;1;;False;['2021_110019_0001.xml'];B;192.09;B;['2021_110019_0001.xml'];True;['2021_110019_0001.xml'];originali;('2021_110019_0001.xml',);ape_summary_c477ff5b3b7c.html;692559;D20
692846;L219;1212;97;1;71.0;FABBRICATO;Via Carlo Michele Buscalioni;17;45.0769615;7.7010203;Abitazione;Dal 1919 al 1945;Nessuno;Patrimonio indisponibile;Utilizzato direttamente;Altro;;;;1;;False;['2020_102099_0166.xml'];F;269.06;E;['2020_102099_0166.xml'];True;['2020_102099_0166.xml'];originali;('2020_102099_0166.xml',);ape_summary_22f1770bb2df.html;692846;C18
692847;L219;1212;97;10;76.0;FABBRICATO;Via Carlo Michele Buscalioni;17;45.0769615;7.7010203;Abitazione;Dal 1919 al 1945;Nessuno;Patrimonio indisponibile;;Non Dichiarato;in locazione;2399.0;01/12/2022;1;;False;['2021_106141_0034.xml'];F;141.08;E;['2021_106141_0034.xml'];True;['2021_106141_0034.xml'];originali;('2021_106141_0034.xml',);ape_summary_c4ebc31ca682.html;692847;C18
692849;L219;1212;97;12;70.0;FABBRICATO;Via Carlo Michele Buscalioni;17;45.0769615;7.7010203;Abitazione;Dal 1919 al 1945;Nessuno;Patrimonio indisponibile;;Non Dichiarato;in locazione;3847.0;01/07/2021;1;;False;['2020_102099_0169.xml'];F;304.1;E;['2020_102099_0169.xml'];True;['2020_102099_0169.xml'];originali;('2020_102099_0169.xml',);ape_summary_c433f30ff74e.html;692849;C18
692850;L219;1212;97;13;69.0;FABBRICATO;Via Buscalioni Carlo Michele;21;45.0769615;7.7010203;Abitazione;Dal 1919 al 1945;Nessuno;Patrimonio indisponibile;;Non Dichiarato;in locazione;2139.0;01/09/2021;1;;False;['2020_102099_0176.xml'];F;282.11;E;['2020_102099_0176.xml'];True;['2020_102099_0176.xml'];originali;('2020_102099_0176.xml',);ape_summary_69e35b848b13.html;692850;C18
692851;L219;1212;97;14;53.0;FABBRICATO;Via Buscalioni Carlo Michele;21;45.0769615;7.7010203;Abitazione;Dal 1919 al 1945;Nessuno;Patrimonio indisponibile;Utilizzato direttamente;Altro;;;;1;;False;['2020_102099_0184.xml'];F;235.08;E;['2020_102099_0184.xml'];True;['2020_102099_0184.xml'];originali;('2020_102099_0184.xml',);ape_summary_f921d2cafcf5.html;692851;C18
692856;L219;1212;97;19;54.0;FABBRICATO;Via Buscalioni Carlo Michele;21;45.0769615;7.7010203;Abitazione;Dal 1919 al 1945;Nessuno;Patrimonio indisponibile;Utilizzato direttamente;Altro;;;;1;;False;['2020_102099_0179.xml'];F;156.52;D;['2020_102099_0179.xml'];True;['2020_102099_0179.xml'];originali;('2020_102099_0179.xml',);ape_summary_c8b0bd51199c.html;692856;C18
692857;L219;1212;97;2;54.0;FABBRICATO;Via Carlo Michele Buscalioni;17;45.0769615;7.7010203;Abitazione;Dal 1919 al 1945;Nessuno;Patrimonio indisponibile;Utilizzato direttamente;Altro;;;;1;;False;['2020_102099_0174.xml'];F;219.25;E;['2020_102099_0174.xml'];True;['2020_102099_0174.xml'];originali;('2020_102099_0174.xml',);ape_summary_58940e931e94.html;692857;C18
692858;L219;1212;97;20;72.0;FABBRICATO;Via Buscalioni Carlo Michele;21;45.0769615;7.7010203;Abitazione;Dal 1919 al 1945;Nessuno;Patrimonio indisponibile;;Non Dichiarato;in locazione;3273.0;01/10/2021;1;;False;['2020_102099_0180.xml'];F;269.25;D;['2020_102099_0180.xml'];True;['2020_102099_0180.xml'];originali;('2020_102099_0180.xml',);ape_summary_1dfc5f61ad3a.html;692858;C18
692859;L219;1212;97;21;72.0;FABBRICATO;Via Buscalioni Carlo Michele;21;45.0769615;7.7010203;Abitazione;Dal 1919 al 1945;Nessuno;Patrimonio indisponibile;;Non Dichiarato;in locazione;1970.0;01/08/2011;1;;False;['2020_102099_0181.xml'];F;281;E;['2020_102099_0181.xml'];True;['2020_102099_0181.xml'];originali;('2020_102099_0181.xml',);ape_summary_8c8e0501a721.html;692859;C18
692860;L219;1212;97;22;78.0;FABBRICATO;Via Buscalioni Carlo Michele;21;45.0769615;7.7010203;Abitazione;Dal 1919 al 1945;Nessuno;Patrimonio indisponibile;;Non Dichiarato;in locazione;2534.0;01/10/2021;1;;False;['2020_102099_0182.xml'];E;191.33;E;['2020_102099_0182.xml'];True;['2020_102099_0182.xml'];originali;('2020_102099_0182.xml',);ape_summary_4e43f0527537.html;692860;C18
692862;L219;1212;97;24;70.0;FABBRICATO;Via Buscalioni Carlo Michele;21;45.0769615;7.7010203;Abitazione;Dal 1919 al 1945;Nessuno;Patrimonio indisponibile;;Non Dichiarato;in locazione;801.0;01/01/2022;1;;False;['2020_102099_0183.xml'];F;269.27;E;['2020_102099_0183.xml'];True;['2020_102099_0183.xml'];originali;('2020_102099_0183.xml',);ape_summary_ce202b6aa74a.html;692862;C18
692864;L219;1212;97;4;72.0;FABBRICATO;Via Carlo Michele Buscalioni;17;45.0769615;7.7010203;Abitazione;Dal 1919 al 1945;Nessuno;Patrimonio indisponibile;;Non Dichiarato;in locazione;2323.0;01/07/2021;1;;False;['2020_102099_0167.xml'];F;269.25;E;['2020_102099_0167.xml'];True;['2020_102099_0167.xml'];originali;('2020_102099_0167.xml',);ape_summary_430fad206495.html;692864;C18
692865;L219;1212;97;5;73.0;FABBRICATO;Via Carlo Michele Buscalioni;17;45.0769615;7.7010203;Abitazione;Dal 1919 al 1945;Nessuno;Patrimonio indisponibile;;Non Dichiarato;in locazione;1941.0;01/11/2011;1;;False;['2020_102099_0168.xml'];F;226.15;D;['2020_102099_0168.xml'];True;['2020_102099_0168.xml'];originali;('2020_102099_0168.xml',);ape_summary_2ea0bab5a79c.html;692865;C18
692867;L219;1212;97;7;53.0;FABBRICATO;Via Carlo Michele Buscalioni;17;45.0769615;7.7010203;Abitazione;Dal 1919 al 1945;Nessuno;Patrimonio indisponibile;;Non Dichiarato;in locazione;513.0;01/11/2022;1;;False;['2021_106141_0033.xml'];G;201.34;F;['2021_106141_0033.xml'];True;['2021_106141_0033.xml'];originali;('2021_106141_0033.xml',);ape_summary_d91dd007bd59.html;692867;C18
692868;L219;1212;97;8;70.0;FABBRICATO;Via Carlo Michele Buscalioni;17;45.0769615;7.7010203;Abitazione;Dal 1919 al 1945;Nessuno;Patrimonio indisponibile;;Non Dichiarato;in locazione;743.0;01/03/2022;1;;False;['2020_102099_0170.xml'];F;216.6;D;['2020_102099_0170.xml'];True;['2020_102099_0170.xml'];originali;('2020_102099_0170.xml',);ape_summary_cccf9af3837e.html;692868;C18
692869;L219;1212;97;9;73.0;FABBRICATO;Via Carlo Michele Buscalioni;17;45.0769615;7.7010203;Abitazione;Dal 1919 al 1945;Nessuno;Patrimonio indisponibile;;Non Dichiarato;in locazione;2127.0;01/08/2021;1;;False;['2020_102099_0175.xml'];F;304.8;E;['2020_102099_0175.xml'];True;['2020_102099_0175.xml'];originali;('2020_102099_0175.xml',);ape_summary_ef64d7434472.html;692869;C18
692912;L219;1393;213;2;4010.75;FABBRICATO;via s. marino;107;45.0398166;7.6378494;Edificio scolastico (es.: scuola di ogni ordine e grado, università, scuola di formazione);Dal 1961 al 1970;Nessuno;Patrimonio indisponibile;Utilizzato direttamente;Attività didattica;;;;1;;False;['2021_106141_0043.xml'];D;241.1;C;['2021_106141_0043.xml'];True;['2021_106141_0043.xml'];originali;('2021_106141_0043.xml',);ape_summary_ce93a8b82bb6.html;692912;D18
692949;L219;1394;343;5;121.0;FABBRICATO;Via Boston;46;45.0410253;7.6416285;Abitazione;Dal 1971 al 1980;Nessuno;Patrimonio indisponibile;Utilizzato direttamente;Alloggio di servizio, foresterie;;;;1;;False;['2021_106141_0042.xml'];D;180.79;D;['2021_106141_0042.xml'];True;['2021_106141_0042.xml'];originali;('2021_106141_0042.xml',);ape_summary_8a78f72d7aab.html;692949;D18
692953;L219;1396;25;19;53.0;FABBRICATO;Via Castagnevizza;21;45.0437962;7.6463965;Abitazione;Dal 1946 al 1960;Nessuno;Patrimonio indisponibile;;Non Dichiarato;in locazione;1883.0;01/06/2012;1;;False;['2021_102099_0002.xml'];D;98.09;D;['2021_102099_0002.xml'];True;['2021_102099_0002.xml'];originali;('2021_102099_0002.xml',);ape_summary_e58dfa59ed88.html;692953;D18
692984;L219;1217;183;111;89.0;FABBRICATO;Via Franco Bonelli;12;45.0761307;7.6806403;Abitazione;Prima del 1919;Nessuno;Patrimonio indisponibile;Utilizzato direttamente;Altro;;;;1;;False;['2022_113184_0064.xml'];F;172.33;E;['2022_113184_0064.xml'];True;['2022_113184_0064.xml'];originali;('2022_113184_0064.xml',);ape_summary_c29e2d3646a5.html;692984;B5
693007;L219;1399;210;2;80.0;FABBRICATO;via montevideo;17;45.0366602;7.6543006;Abitazione;Dal 1919 al 1945;Dichiarazione di interesse culturale;Demanio;Utilizzato direttamente;Alloggio di servizio, foresterie;;;;1;;False;['2021_106141_0051.xml'];D;179.61;D;['2021_106141_0051.xml'];False;['2021_106141_0051.xml'];originali;('2021_106141_0051.xml',);ape_summary_78856be46814.html;693007;D17
693409;L219;1405;5;1;6047.75;FABBRICATO;corso sicilia;40;45.0409629;7.6808798;Edificio scolastico (es.: scuola di ogni ordine e grado, università, scuola di formazione);Dal 1971 al 1980;Nessuno;Patrimonio indisponibile;Utilizzato direttamente;Attività didattica;;;;1;;False;['2019_102341_0009.xml'];B;111.08;B;['2019_102341_0009.xml'];;['2019_102341_0009.xml'];originali;('2019_102341_0009.xml',);ape_summary_fac4b50167d9.html;693409;C12
693461;L219;1218;43;84;78.0;FABBRICATO;Via Sigismondo Gerdil;7;45.0797746;7.6778351;Abitazione;Prima del 1919;Nessuno;Patrimonio indisponibile;Utilizzato direttamente;Altro;;;;1;;False;['2021_113184_0107.xml'];F;163.79;F;['2021_113184_0107.xml'];True;['2021_113184_0107.xml'];originali;('2021_113184_0107.xml',);ape_summary_d83f6f513789.html;693461;C17
693570;L219;1121;41;102;48.0;FABBRICATO;via pianezza;161;45.0952613;7.645336;Abitazione;Dal 1946 al 1960;Nessuno;Patrimonio indisponibile;;Non Dichiarato;in locazione;829.0;01/07/2020;1;;False;['2020_102099_0005.xml'];F;182.09;E;['2020_102099_0005.xml'];True;['2020_102099_0005.xml'];originali;('2020_102099_0005.xml',);ape_summary_d58e7a059ea6.html;693570;D23
693577;L219;1121;41;109;64.0;FABBRICATO;via pianezza;161;45.0952613;7.645336;Abitazione;Dal 1946 al 1960;Nessuno;Patrimonio indisponibile;Utilizzato direttamente;Altro;;;;1;;False;['2020_102099_0083.xml'];F;182.09;E;['2020_102099_0083.xml'];True;['2020_102099_0083.xml'];originali;('2020_102099_0083.xml',);ape_summary_9cca27fde7c2.html;693577;D23
693588;L219;1121;41;12;48.0;FABBRICATO;VIA PIANEZZA;153;45.0952613;7.645336;Abitazione;Dal 1946 al 1960;Nessuno;Patrimonio indisponibile;Utilizzato direttamente;Altro;;;;1;;False;['2020_102099_0030.xml', '2020_102099_0031.xml', '2020_102099_0033.xml'];G;427.35;G;['2020_102099_0030.xml', '2020_102099_0033.xml'];True;['2020_102099_0030.xml', '2020_102099_0033.xml'];originali;('2020_102099_0030.xml', '2020_102099_0033.xml');ape_summary_d416227fb537.html;693588;D23
693589;L219;1121;41;120;48.0;FABBRICATO;via pianezza;163;45.0952613;7.645336;Abitazione;Dal 1946 al 1960;Nessuno;Patrimonio indisponibile;Utilizzato direttamente;Altro;;;;1;;False;['2020_102099_0084.xml', '2020_102099_0085.xml', '2020_102099_0086.xml', '2020_102099_0087.xml'];G;351.50;G;['2020_102099_0084.xml'];True;['2020_102099_0084.xml'];originali;('2020_102099_0084.xml',);ape_summary_2c0f8416cc14.html;693589;D23
693593;L219;1121;41;124;48.0;FABBRICATO;via pianezza;163;45.0952613;7.645336;Abitazione;Dal 1946 al 1960;Nessuno;Patrimonio indisponibile;Utilizzato direttamente;Altro;;;;1;;False;['2020_102099_0088.xml', '2020_102099_0089.xml', '2020_102099_0090.xml', '2020_102099_0092.xml', '2020_102099_0107.xml', '2020_102099_0108.xml', '2020_102099_0109.xml', '2020_102099_0110.xml', '2020_102099_0111.xml', '2020_102099_0112.xml', '2020_102099_0113.xml', '2020_102099_0114.xml', '2020_102099_0115.xml', '2020_102099_0116.xml', '2020_102099_0117.xml', '2020_102099_0119.xml', '2020_102099_0120.xml', '2020_102099_0121.xml', '2020_102099_0122.xml', '2020_102099_0127.xml', '2020_102099_0128.xml', '2020_102099_0129.xml', '2020_102099_0130.xml', '2020_102099_0131.xml', '2020_102099_0132.xml', '2020_102099_0133.xml', '2020_102099_0134.xml', '2020_102099_0135.xml', '2020_102099_0136.xml', '2020_102099_0178.xml'];G;149.07;E;['2020_102099_0088.xml', '2020_102099_0107.xml', '2020_102099_0111.xml', '2020_102099_0116.xml', '2020_102099_0127.xml', '2020_102099_0178.xml'];True;['2020_102099_0088.xml', '2020_102099_0107.xml', '2020_102099_0111.xml', '2020_102099_0116.xml', '2020_102099_0127.xml', '2020_102099_0178.xml'];originali;('2020_102099_0088.xml', '2020_102099_0107.xml', '2020_102099_0111.xml', '2020_102099_0116.xml', '2020_102099_0127.xml', '2020_102099_0178.xml');ape_summary_55952bd8eeb8.html;693593;D23
693601;L219;1121;41;132;72.0;FABBRICATO;VIA PIANEZZA;153;45.0952613;7.645336;Abitazione;Dal 1946 al 1960;Nessuno;Patrimonio indisponibile;;Non Dichiarato;in locazione;3103.0;01/04/2011;1;;False;['2020_102099_0039.xml', '2020_102099_0040.xml', '2020_102099_0177.xml'];G;255.91;G;['2020_102099_0039.xml', '2020_102099_0177.xml'];True;['2020_102099_0039.xml', '2020_102099_0177.xml'];originali;('2020_102099_0039.xml', '2020_102099_0177.xml');ape_summary_d391ef32169f.html;693601;D23
693652;L219;1121;41;18;48.0;FABBRICATO;VIA PIANEZZA;153;45.0952613;7.645336;Abitazione;Dal 1946 al 1960;Nessuno;Patrimonio indisponibile;;Non Dichiarato;in locazione;2331.0;01/07/2012;1;;False;['2020_102099_0032.xml'];G;427.35;G;['2020_102099_0032.xml'];True;['2020_102099_0032.xml'];originali;('2020_102099_0032.xml',);ape_summary_3c2d82f15236.html;693652;D23
693674;L219;1121;41;2;48.0;FABBRICATO;via pianezza;151;45.0952613;7.645336;Abitazione;Dal 1946 al 1960;Nessuno;Patrimonio indisponibile;Utilizzato direttamente;Altro;;;;1;;False;['2020_102099_0002.xml', '2020_102099_0003.xml'];G;404.43;G;['2020_102099_0002.xml'];True;['2020_102099_0002.xml'];originali;('2020_102099_0002.xml',);ape_summary_04aafa2c5137.html;693674;D23
693675;L219;1121;41;20;48.0;FABBRICATO;VIA PIANEZZA;153;45.0952613;7.645336;Abitazione;Dal 1946 al 1960;Nessuno;Patrimonio indisponibile;;Non Dichiarato;in locazione;3280.0;01/04/2022;1;;False;['2020_102099_0034.xml', '2020_102099_0035.xml', '2020_102099_0036.xml', '2020_102099_0037.xml', '2020_102099_0038.xml'];F;198.18;E;['2020_102099_0034.xml', '2020_102099_0037.xml'];True;['2020_102099_0034.xml', '2020_102099_0037.xml'];originali;('2020_102099_0034.xml', '2020_102099_0037.xml');ape_summary_9a1e9d7319da.html;693675;D23
693700;L219;1121;41;3;64.0;FABBRICATO;via pianezza;151;45.0952613;7.645336;Abitazione;Dal 1946 al 1960;Nessuno;Patrimonio indisponibile;;Non Dichiarato;in locazione;4225.0;01/12/2022;1;;False;['2020_102099_0004.xml', '2020_102099_0123.xml', '2020_102099_0124.xml', '2020_102099_0125.xml', '2020_102099_0126.xml'];G;327.86;G;['2020_102099_0004.xml', '2020_102099_0123.xml'];True;['2020_102099_0004.xml', '2020_102099_0123.xml'];originali;('2020_102099_0004.xml', '2020_102099_0123.xml');ape_summary_ab3286e0ac4c.html;693700;D23
693701;L219;1121;41;30;48.0;FABBRICATO;VIA PIANEZZA;153;45.0952613;7.645336;Abitazione;Dal 1946 al 1960;Nessuno;Patrimonio indisponibile;;Non Dichiarato;in locazione;2576.0;01/04/2019;1;;False;['2019_111530_0003.xml'];G;275.88;D;['2019_111530_0003.xml'];True;['2019_111530_0003.xml'];originali;('2019_111530_0003.xml',);ape_summary_378508556077.html;693701;D23
693705;L219;1121;41;34;64.0;FABBRICATO;Via Pianezza;155;45.0952613;7.645336;Abitazione;Dal 1946 al 1960;Nessuno;Patrimonio indisponibile;;Non Dichiarato;in locazione;3093.0;01/11/2022;1;;False;['2020_102099_0041.xml', '2020_102099_0042.xml', '2020_102099_0043.xml'];G;263.74;G;['2020_102099_0041.xml'];True;['2020_102099_0041.xml'];originali;('2020_102099_0041.xml',);ape_summary_c1688e8ec50c.html;693705;D23
693706;L219;1121;41;35;48.0;FABBRICATO;Via Pianezza;155;45.0952613;7.645336;Abitazione;Dal 1946 al 1960;Nessuno;Patrimonio indisponibile;;Non Dichiarato;in locazione;877.0;01/03/2021;1;;False;['2020_102099_0010.xml'];F;123.92;E;['2020_102099_0010.xml'];True;['2020_102099_0010.xml'];originali;('2020_102099_0010.xml',);ape_summary_8960fdd9ae98.html;693706;D23
693710;L219;1121;41;4;48.0;FABBRICATO;via pianezza;151;45.0952613;7.645336;Abitazione;Dal 1946 al 1960;Nessuno;Patrimonio indisponibile;;Non Dichiarato;in locazione;3231.0;01/03/2011;1;;False;['2020_102099_0007.xml', '2020_102099_0026.xml'];F;165.70;E;['2020_102099_0007.xml', '2020_102099_0026.xml'];True;['2020_102099_0007.xml', '2020_102099_0026.xml'];originali;('2020_102099_0007.xml', '2020_102099_0026.xml');ape_summary_626dc23aab5b.html;693710;D23
693713;L219;1121;41;43;48.0;FABBRICATO;Via Pianezza;155;45.0952613;7.645336;Abitazione;Dal 1946 al 1960;Nessuno;Patrimonio indisponibile;;Non Dichiarato;in locazione;759.0;01/02/2022;1;;False;['2020_102099_0009.xml', '2020_102099_0044.xml', '2020_102099_0045.xml', '2020_102099_0046.xml'];G;256.59;G;['2020_102099_0009.xml', '2020_102099_0044.xml'];True;['2020_102099_0009.xml', '2020_102099_0044.xml'];originali;('2020_102099_0009.xml', '2020_102099_0044.xml');ape_summary_1379fe5e377e.html;693713;D23
693717;L219;1121;41;47;48.0;FABBRICATO;Via Pianezza;155;45.0952613;7.645336;Abitazione;Dal 1946 al 1960;Nessuno;Patrimonio indisponibile;;Non Dichiarato;in locazione;731.0;01/12/2022;1;;False;['2021_106141_0030.xml'];G;267.39;G;['2021_106141_0030.xml'];True;['2021_106141_0030.xml'];originali;('2021_106141_0030.xml',);ape_summary_b876eeb13f9e.html;693717;D23
693718;L219;1121;41;49;48.0;FABBRICATO;Via Pianezza;155;45.0952613;7.645336;Abitazione;Dal 1946 al 1960;Nessuno;Patrimonio indisponibile;;Non Dichiarato;in locazione;3123.0;01/12/2010;1;;False;['2020_102099_0047.xml'];F;123.07;E;['2020_102099_0047.xml'];True;['2020_102099_0047.xml'];originali;('2020_102099_0047.xml',);ape_summary_c4b60d4bc750.html;693718;D23
693720;L219;1121;41;50;96.0;FABBRICATO;Via Pianezza;155;45.0952613;7.645336;Abitazione;Dal 1946 al 1960;Nessuno;Patrimonio indisponibile;Utilizzato direttamente;Altro;;;;1;;False;['2020_102099_0048.xml', '2020_102099_0049.xml', '2020_102099_0050.xml', '2020_102099_0051.xml', '2020_102099_0052.xml'];G;237.12;G;['2020_102099_0048.xml'];True;['2020_102099_0048.xml'];originali;('2020_102099_0048.xml',);ape_summary_d3900e17fd58.html;693720;D23
693723;L219;1121;41;54;48.0;FABBRICATO;via pianezza;157;45.0952613;7.645336;Abitazione;Dal 1946 al 1960;Nessuno;Patrimonio indisponibile;Utilizzato direttamente;Altro;;;;1;;False;['2020_102099_0053.xml'];G;364.41;G;['2020_102099_0053.xml'];True;['2020_102099_0053.xml'];originali;('2020_102099_0053.xml',);ape_summary_55f624476c6e.html;693723;D23
693728;L219;1121;41;59;64.0;FABBRICATO;via pianezza;157;45.0952613;7.645336;Abitazione;Dal 1946 al 1960;Nessuno;Patrimonio indisponibile;Utilizzato direttamente;Altro;;;;1;;False;['2020_102099_0054.xml', '2020_102099_0055.xml', '2020_102099_0056.xml', '2020_102099_0057.xml', '2020_102099_0058.xml', '2020_102099_0059.xml', '2020_102099_0060.xml', '2020_102099_0061.xml', '2020_102099_0062.xml'];F;125.93;E;['2020_102099_0054.xml'];True;['2020_102099_0054.xml'];originali;('2020_102099_0054.xml',);ape_summary_8a5330460f2d.html;693728;D23
693729;L219;1121;41;6;48.0;FABBRICATO;via pianezza;151;45.0952613;7.645336;Abitazione;Dal 1946 al 1960;Nessuno;Patrimonio indisponibile;;Non Dichiarato;in locazione;2439.0;01/07/2009;1;;False;['2020_102099_0008.xml'];G;316.04;G;['2020_102099_0008.xml'];True;['2020_102099_0008.xml'];originali;('2020_102099_0008.xml',);ape_summary_3d51bf7ad84a.html;693729;D23
693737;L219;1121;41;7;64.0;FABBRICATO;via pianezza;151;45.0952613;7.645336;Abitazione;Dal 1946 al 1960;Nessuno;Patrimonio indisponibile;;Non Dichiarato;in locazione;4696.0;01/08/2020;1;;False;['2020_102099_0028.xml', '2020_102099_0029.xml'];G;270.19;G;['2020_102099_0028.xml'];True;['2020_102099_0028.xml'];originali;('2020_102099_0028.xml',);ape_summary_d089adaa7768.html;693737;D23
693744;L219;1121;41;76;48.0;FABBRICATO;Via Pianezza;159;45.0952613;7.645336;Abitazione;Dal 1946 al 1960;Nessuno;Patrimonio indisponibile;;Non Dichiarato;in locazione;799.0;01/02/2021;1;;False;['2020_102099_0024.xml'];G;316.98;G;['2020_102099_0024.xml'];True;['2020_102099_0024.xml'];originali;('2020_102099_0024.xml',);ape_summary_67572660df14.html;693744;D23
693745;L219;1121;41;77;48.0;FABBRICATO;Via Pianezza;159;45.0952613;7.645336;Abitazione;Dal 1946 al 1960;Nessuno;Patrimonio indisponibile;Utilizzato direttamente;Altro;;;;1;;False;['2020_102099_0063.xml', '2020_102099_0064.xml', '2020_102099_0065.xml', '2020_102099_0066.xml', '2020_102099_0067.xml', '2020_102099_0068.xml'];G;316.73;G;['2020_102099_0063.xml'];True;['2020_102099_0063.xml'];originali;('2020_102099_0063.xml',);ape_summary_0900edaea063.html;693745;D23
693756;L219;1121;41;92;48.0;FABBRICATO;Via Pianezza;159;45.0952613;7.645336;Abitazione;Dal 1946 al 1960;Nessuno;Patrimonio indisponibile;Utilizzato direttamente;Altro;;;;1;;False;['2020_102099_0069.xml', '2020_102099_0070.xml', '2020_102099_0071.xml', '2020_102099_0072.xml', '2020_102099_0073.xml'];G;283.15;G;['2020_102099_0069.xml'];True;['2020_102099_0069.xml'];originali;('2020_102099_0069.xml',);ape_summary_cce21de321dc.html;693756;D23
693762;L219;1121;41;98;48.0;FABBRICATO;via pianezza;161;45.0952613;7.645336;Abitazione;Dal 1946 al 1960;Nessuno;Patrimonio indisponibile;;Non Dichiarato;in locazione;878.0;01/01/2021;1;;False;['2020_102099_0074.xml', '2020_102099_0075.xml', '2020_102099_0076.xml', '2020_102099_0077.xml', '2020_102099_0078.xml', '2020_102099_0079.xml', '2020_102099_0080.xml', '2020_102099_0081.xml', '2020_102099_0082.xml'];G;364.56;G;['2020_102099_0074.xml'];True;['2020_102099_0074.xml'];originali;('2020_102099_0074.xml',);ape_summary_e7a821532749.html;693762;D23
693770;L219;1219;44;43;77.0;FABBRICATO;Via San Domenico;16;45.0751722;7.6798657;Abitazione;Prima del 1919;Nessuno;Patrimonio indisponibile;Utilizzato direttamente;Altro;;;;1;;False;['2022_214073_0018.xml'];G;604.41;G;['2022_214073_0018.xml'];True;['2022_214073_0018.xml'];originali;('2022_214073_0018.xml',);ape_summary_f52559b8907d.html;693770;B5
693834;L219;1425;80;1;51.0;FABBRICATO;Corso Giovanni Agnelli;105;45.0357243;7.6443245;Abitazione;Dal 1919 al 1945;Nessuno;Patrimonio disponibile;;Non Dichiarato;in locazione;1479.0;01/07/2021;1;;False;['2020_102099_0155.xml'];F;175.55;E;['2020_102099_0155.xml'];True;['2020_102099_0155.xml'];originali;('2020_102099_0155.xml',);ape_summary_2ec4b78d2e4f.html;693834;D18
693835;L219;1425;80;2;53.0;FABBRICATO;Corso Giovanni Agnelli;105;45.0357243;7.6443245;Abitazione;Dal 1919 al 1945;Nessuno;Patrimonio disponibile;;Non Dichiarato;in locazione;1475.0;01/07/2021;1;;False;['2020_102099_0156.xml'];F;217.77;E;['2020_102099_0156.xml'];True;['2020_102099_0156.xml'];originali;('2020_102099_0156.xml',);ape_summary_879e826c6e07.html;693835;D18
693837;L219;1425;80;4;47.0;FABBRICATO;Corso Giovanni Agnelli;105;45.0357243;7.6443245;Abitazione;Dal 1919 al 1945;Nessuno;Patrimonio disponibile;;Non Dichiarato;in locazione;834.0;01/07/2008;1;;False;['2020_102099_0157.xml'];F;184.31;E;['2020_102099_0157.xml'];True;['2020_102099_0157.xml'];originali;('2020_102099_0157.xml',);ape_summary_19db18d925fb.html;693837;D18
693838;L219;1425;80;5;67.0;FABBRICATO;Corso Giovanni Agnelli;105;45.0357243;7.6443245;Abitazione;Dal 1919 al 1945;Nessuno;Patrimonio disponibile;;Non Dichiarato;in locazione;2463.0;01/06/2021;1;;False;['2020_102099_0158.xml'];F;185.1;E;['2020_102099_0158.xml'];True;['2020_102099_0158.xml'];originali;('2020_102099_0158.xml',);ape_summary_85f6668d07d5.html;693838;D18
693840;L219;1425;80;7;69.0;FABBRICATO;Corso Giovanni Agnelli;105;45.0357243;7.6443245;Abitazione;Dal 1919 al 1945;Nessuno;Patrimonio disponibile;;Non Dichiarato;in locazione;2263.0;01/07/2021;1;;False;['2020_102099_0159.xml'];F;185.1;E;['2020_102099_0159.xml'];True;['2020_102099_0159.xml'];originali;('2020_102099_0159.xml',);ape_summary_5216809fa85f.html;693840;D18
693841;L219;1425;80;8;50.0;FABBRICATO;Corso Giovanni Agnelli;105;45.0357243;7.6443245;Abitazione;Dal 1919 al 1945;Nessuno;Patrimonio disponibile;;Non Dichiarato;in locazione;1479.0;01/07/2021;1;;False;['2020_102099_0160.xml'];F;184.31;E;['2020_102099_0160.xml'];True;['2020_102099_0160.xml'];originali;('2020_102099_0160.xml',);ape_summary_ebd6c1eef98a.html;693841;D18
693953;L219;1426;357;1;72.0;FABBRICATO;Via De Canal Bernardo;37;45.0343396;7.6401723;Abitazione;Dal 1961 al 1970;Nessuno;Patrimonio disponibile;;Non Dichiarato;in locazione;1003.0;01/01/2022;1;;False;['2021_102099_0005.xml'];G;360.05;F;['2021_102099_0005.xml'];True;['2021_102099_0005.xml'];originali;('2021_102099_0005.xml',);ape_summary_77c9c0e530f6.html;693953;D19
693956;L219;1426;357;12;72.0;FABBRICATO;Via De Canal Bernardo;37;45.0343396;7.6401723;Abitazione;Dal 1961 al 1970;Nessuno;Patrimonio disponibile;;Non Dichiarato;in locazione;3936.0;01/10/2021;1;;False;['2021_102099_0007.xml'];F;166.83;D;['2021_102099_0007.xml'];True;['2021_102099_0007.xml'];originali;('2021_102099_0007.xml',);ape_summary_2f50af7274ab.html;693956;D19
693963;L219;1426;357;17;72.0;FABBRICATO;Via Bernardo de Canal;39;45.0343396;7.6401723;Abitazione;Dal 1961 al 1970;Nessuno;Patrimonio disponibile;;Non Dichiarato;in locazione;1105.0;01/12/2021;1;;False;['2021_102099_0008.xml'];E;132.11;D;['2021_102099_0008.xml'];True;['2021_102099_0008.xml'];originali;('2021_102099_0008.xml',);ape_summary_fb8dcd772f2c.html;693963;D19
693974;L219;1426;357;28;72.0;FABBRICATO;Via Bernardo de Canal;39;45.0343396;7.6401723;Abitazione;Dal 1961 al 1970;Nessuno;Patrimonio disponibile;;Non Dichiarato;in locazione;986.0;01/06/2021;1;;False;['2021_102099_0009.xml'];F;166.83;D;['2021_102099_0009.xml'];True;['2021_102099_0009.xml'];originali;('2021_102099_0009.xml',);ape_summary_497d618103f2.html;693974;D19
693984;L219;1426;357;7;72.0;FABBRICATO;Via De Canal Bernardo;37;45.0343396;7.6401723;Abitazione;Dal 1961 al 1970;Nessuno;Patrimonio disponibile;;Non Dichiarato;in locazione;967.0;01/01/2022;1;;False;['2021_102099_0006.xml'];F;199.02;C;['2021_102099_0006.xml'];True;['2021_102099_0006.xml'];originali;('2021_102099_0006.xml',);ape_summary_929e38d3678f.html;693984;D19
693990;L219;1125;438;100;74.0;FABBRICATO;corso mortara;36 7;45.0911933;7.6721811;Abitazione;Dal 2001 al 2010;Nessuno;Patrimonio indisponibile;Utilizzato direttamente;Altro;;;;1;;False;['2020_312661_0007.xml'];D;139.97;D;['2020_312661_0007.xml'];True;['2020_312661_0007.xml'];originali;('2020_312661_0007.xml',);ape_summary_d4508717f473.html;693990;D9
693994;L219;1125;438;104;60.0;FABBRICATO;corso mortara;36 7;45.0911933;7.6721811;Abitazione;Dal 2001 al 2010;Nessuno;Patrimonio indisponibile;Utilizzato direttamente;Altro;;;;1;;False;['2020_312661_0009.xml'];D;119.99;D;['2020_312661_0009.xml'];True;['2020_312661_0009.xml'];originali;('2020_312661_0009.xml',);ape_summary_05bbe08b7a71.html;693994;D9
693996;L219;1125;438;106;91.0;FABBRICATO;corso mortara;36 7;45.0911933;7.6721811;Abitazione;Dal 2001 al 2010;Nessuno;Patrimonio indisponibile;Utilizzato direttamente;Altro;;;;1;;False;['2020_312661_0011.xml'];D;137.0;D;['2020_312661_0011.xml'];True;['2020_312661_0011.xml'];originali;('2020_312661_0011.xml',);ape_summary_8690c4b167af.html;693996;D9
693997;L219;1125;438;107;91.0;FABBRICATO;corso mortara;36 7;45.0911933;7.6721811;Abitazione;Dal 2001 al 2010;Nessuno;Patrimonio indisponibile;Utilizzato direttamente;Altro;;;;1;;False;['2020_312661_0010.xml'];D;128.77;D;['2020_312661_0010.xml'];True;['2020_312661_0010.xml'];originali;('2020_312661_0010.xml',);ape_summary_0ce140a86e85.html;693997;D9
694020;L219;1125;438;128;76.0;FABBRICATO;corso mortara;36 7;45.0911933;7.6721811;Abitazione;Dal 2001 al 2010;Nessuno;Patrimonio indisponibile;Utilizzato direttamente;Altro;;;;1;;False;['2020_312661_0013.xml'];E;133.82;E;['2020_312661_0013.xml'];True;['2020_312661_0013.xml'];originali;('2020_312661_0013.xml',);ape_summary_0539f4e2e837.html;694020;D9
694021;L219;1125;438;129;60.0;FABBRICATO;corso mortara;36 7;45.0911933;7.6721811;Abitazione;Dal 2001 al 2010;Nessuno;Patrimonio indisponibile;Utilizzato direttamente;Altro;;;;1;;False;['2020_312661_0012.xml'];D;121.08;D;['2020_312661_0012.xml'];True;['2020_312661_0012.xml'];originali;('2020_312661_0012.xml',);ape_summary_16b1993d67e2.html;694021;D9
694024;L219;1125;438;131;92.0;FABBRICATO;corso mortara;36 7;45.0911933;7.6721811;Abitazione;Dal 2001 al 2010;Nessuno;Patrimonio indisponibile;Utilizzato direttamente;Altro;;;;1;;False;['2020_312661_0014.xml'];D;135.43;D;['2020_312661_0014.xml'];True;['2020_312661_0014.xml'];originali;('2020_312661_0014.xml',);ape_summary_9abaf98343e3.html;694024;D9
694025;L219;1125;438;132;92.0;FABBRICATO;corso mortara;36 7;45.0911933;7.6721811;Abitazione;Dal 2001 al 2010;Nessuno;Patrimonio indisponibile;Utilizzato direttamente;Altro;;;;1;;False;['2020_312661_0015.xml'];D;126.86;D;['2020_312661_0015.xml'];True;['2020_312661_0015.xml'];originali;('2020_312661_0015.xml',);ape_summary_c4996ebc1055.html;694025;D9
694030;L219;1125;438;137;91.0;FABBRICATO;corso mortara;36 7;45.0911933;7.6721811;Abitazione;Dal 2001 al 2010;Nessuno;Patrimonio indisponibile;Utilizzato direttamente;Altro;;;;1;;False;['2020_312661_0017.xml'];D;129.04;D;['2020_312661_0017.xml'];True;['2020_312661_0017.xml'];originali;('2020_312661_0017.xml',);ape_summary_071ed18708dd.html;694030;D9
694034;L219;1125;438;140;76.0;FABBRICATO;corso mortara;36 7;45.0911933;7.6721811;Abitazione;Dal 2001 al 2010;Nessuno;Patrimonio indisponibile;Utilizzato direttamente;Altro;;;;1;;False;['2020_312661_0016.xml'];D;140.6;D;['2020_312661_0016.xml'];True;['2020_312661_0016.xml'];originali;('2020_312661_0016.xml',);ape_summary_60b6f40228e0.html;694034;D9
694038;L219;1125;438;144;60.0;FABBRICATO;corso mortara;36 7;45.0911933;7.6721811;Abitazione;Dal 2001 al 2010;Nessuno;Patrimonio indisponibile;Utilizzato direttamente;Altro;;;;1;;False;['2020_312661_0018.xml'];D;120.8;D;['2020_312661_0018.xml'];True;['2020_312661_0018.xml'];originali;('2020_312661_0018.xml',);ape_summary_ab99acb4ec73.html;694038;D9
694040;L219;1125;438;146;91.0;FABBRICATO;corso mortara;36 7;45.0911933;7.6721811;Abitazione;Dal 2001 al 2010;Nessuno;Patrimonio indisponibile;Utilizzato direttamente;Altro;;;;1;;False;['2020_312661_0021.xml'];D;133.06;D;['2020_312661_0021.xml'];True;['2020_312661_0021.xml'];originali;('2020_312661_0021.xml',);ape_summary_6622f7fe0833.html;694040;D9
694041;L219;1125;438;147;91.0;FABBRICATO;corso mortara;36 7;45.0911933;7.6721811;Abitazione;Dal 2001 al 2010;Nessuno;Patrimonio indisponibile;Utilizzato direttamente;Altro;;;;1;;False;['2020_312661_0019.xml'];E;192.24;E;['2020_312661_0019.xml'];True;['2020_312661_0019.xml'];originali;('2020_312661_0019.xml',);ape_summary_9adcb476c0dd.html;694041;D9
694043;L219;1125;438;149;61.0;FABBRICATO;corso mortara;36 7;45.0911933;7.6721811;Abitazione;Dal 2001 al 2010;Nessuno;Patrimonio indisponibile;Utilizzato direttamente;Altro;;;;1;;False;['2020_312661_0020.xml'];D;116.84;D;['2020_312661_0020.xml'];True;['2020_312661_0020.xml'];originali;('2020_312661_0020.xml',);ape_summary_4ce174a8224a.html;694043;D9
694046;L219;1125;438;151;94.0;FABBRICATO;corso mortara;36 7;45.0911933;7.6721811;Abitazione;Dal 2001 al 2010;Nessuno;Patrimonio indisponibile;Utilizzato direttamente;Altro;;;;1;;False;['2020_312661_0022.xml'];E;152.79;E;['2020_312661_0022.xml'];True;['2020_312661_0022.xml'];originali;('2020_312661_0022.xml',);ape_summary_3cca0aaad0c6.html;694046;D9
694058;L219;1125;438;162;62.0;FABBRICATO;corso mortara;36 7;45.0911933;7.6721811;Abitazione;Dal 2001 al 2010;Nessuno;Patrimonio indisponibile;Utilizzato direttamente;Altro;;;;1;;False;['2020_102351_0033.xml'];D;141.55;D;['2020_102351_0033.xml'];True;['2020_102351_0033.xml'];originali;('2020_102351_0033.xml',);ape_summary_2ab1dc738eb8.html;694058;D9
694059;L219;1125;438;163;75.0;FABBRICATO;corso mortara;36 7;45.0911933;7.6721811;Abitazione;Dal 2001 al 2010;Nessuno;Patrimonio indisponibile;Utilizzato direttamente;Altro;;;;1;;False;['2020_102351_0032.xml'];D;141.36;D;['2020_102351_0032.xml'];True;['2020_102351_0032.xml'];originali;('2020_102351_0032.xml',);ape_summary_bd23022b4544.html;694059;D9
694060;L219;1125;438;164;72.0;FABBRICATO;corso mortara;36 7;45.0911933;7.6721811;Abitazione;Dal 2001 al 2010;Nessuno;Patrimonio indisponibile;Utilizzato direttamente;Altro;;;;1;;False;['2020_102351_0035.xml'];E;194.99;E;['2020_102351_0035.xml'];True;['2020_102351_0035.xml'];originali;('2020_102351_0035.xml',);ape_summary_79f2d9bf5e4e.html;694060;D9
694061;L219;1125;438;165;77.0;FABBRICATO;corso mortara;36 7;45.0911933;7.6721811;Abitazione;Dal 2001 al 2010;Nessuno;Patrimonio indisponibile;Utilizzato direttamente;Altro;;;;1;;False;['2020_102351_0034.xml'];E;205.42;E;['2020_102351_0034.xml'];True;['2020_102351_0034.xml'];originali;('2020_102351_0034.xml',);ape_summary_f40c608495ea.html;694061;D9
694129;L219;1125;438;81;90.0;FABBRICATO;corso mortara;36 7;45.0911933;7.6721811;Abitazione;Dal 2001 al 2010;Nessuno;Patrimonio indisponibile;Utilizzato direttamente;Altro;;;;1;;False;['2020_312661_0004.xml'];D;133.42;D;['2020_312661_0004.xml'];True;['2020_312661_0004.xml'];originali;('2020_312661_0004.xml',);ape_summary_d9225024d5b3.html;694129;D9
694136;L219;1125;438;88;76.0;FABBRICATO;corso mortara;36 7;45.0911933;7.6721811;Abitazione;Dal 2001 al 2010;Nessuno;Patrimonio indisponibile;Utilizzato direttamente;Altro;;;;1;;False;['2020_312661_0006.xml'];D;135.49;D;['2020_312661_0006.xml'];True;['2020_312661_0006.xml'];originali;('2020_312661_0006.xml',);ape_summary_d548d49262c0.html;694136;D9
694143;L219;1125;438;94;60.0;FABBRICATO;corso mortara;36 7;45.0911933;7.6721811;Abitazione;Dal 2001 al 2010;Nessuno;Patrimonio indisponibile;Utilizzato direttamente;Altro;;;;1;;False;['2020_312661_0005.xml'];D;119.96;D;['2020_312661_0005.xml'];True;['2020_312661_0005.xml'];originali;('2020_312661_0005.xml',);ape_summary_46f3e7c5bf6e.html;694143;D9
694146;L219;1125;438;97;91.0;FABBRICATO;corso mortara;36 7;45.0911933;7.6721811;Abitazione;Dal 2001 al 2010;Nessuno;Patrimonio indisponibile;Utilizzato direttamente;Altro;;;;1;;False;['2020_312661_0008.xml'];D;127.69;D;['2020_312661_0008.xml'];True;['2020_312661_0008.xml'];originali;('2020_312661_0008.xml',);ape_summary_735f1db70362.html;694146;D9
694266;L219;1125;441;39;80.0;FABBRICATO;corso mortara;0 B;45.0909338;7.6711827;Abitazione;Dal 2001 al 2010;Nessuno;Patrimonio indisponibile;Utilizzato direttamente;Altro;;;;1;;False;['2022_312661_0088.xml'];D;145.44;C;['2022_312661_0088.xml'];True;['2022_312661_0088.xml'];originali;('2022_312661_0088.xml',);ape_summary_c209dc3e149f.html;694266;D9
694275;L219;1125;441;48;94.0;FABBRICATO;Corso Mortara;0;45.0909338;7.6711827;Abitazione;Dal 2001 al 2010;Nessuno;Patrimonio indisponibile;Utilizzato direttamente;Altro;;;;1;;False;['2022_312661_0085.xml'];C;113.7;B;['2022_312661_0085.xml'];True;['2022_312661_0085.xml'];originali;('2022_312661_0085.xml',);ape_summary_7d99fbae228b.html;694275;D9
694280;L219;1125;441;52;94.0;FABBRICATO;Corso Mortara;0;45.0909338;7.6711827;Abitazione;Dal 2001 al 2010;Nessuno;Patrimonio indisponibile;Utilizzato direttamente;Altro;;;;1;;False;['2022_312661_0086.xml'];C;106.36;B;['2022_312661_0086.xml'];True;['2022_312661_0086.xml'];originali;('2022_312661_0086.xml',);ape_summary_12915c0cfa26.html;694280;D9
694282;L219;1125;441;54;94.0;FABBRICATO;Corso Mortara;0;45.0909338;7.6711827;Abitazione;Dal 2001 al 2010;Nessuno;Patrimonio indisponibile;Utilizzato direttamente;Altro;;;;1;;False;['2022_312661_0087.xml'];C;106.16;B;['2022_312661_0087.xml'];True;['2022_312661_0087.xml'];originali;('2022_312661_0087.xml',);ape_summary_2bd4a15e2ebf.html;694282;D9
694379;L219;1245;142;21;57.0;FABBRICATO;via porta palatina;4;45.0724502;7.6828883;Abitazione;Prima del 1919;Nessuno;Patrimonio indisponibile;Utilizzato direttamente;Altro;;;;1;;False;['2021_113184_0109.xml'];G;251.59;F;['2021_113184_0109.xml'];True;['2021_113184_0109.xml'];originali;('2021_113184_0109.xml',);ape_summary_104452da5e12.html;694379;B5
694628;L219;1226;596;24;72.0;FABBRICATO;via frejus;133;45.0697099;7.637608;Abitazione;Dal 1946 al 1960;Nessuno;Patrimonio indisponibile;;Non Dichiarato;in locazione;3350.0;01/04/2022;1;;False;['2020_102099_0197.xml'];F;141.86;E;['2020_102099_0197.xml'];True;['2020_102099_0197.xml'];originali;('2020_102099_0197.xml',);ape_summary_75f39f045598.html;694628;D26
694751;L219;1241;131;4;43.0;FABBRICATO;via morosini francesco;1;45.0677162;7.6641177;Locale commerciale, negozio;Prima del 1919;Nessuno;Patrimonio indisponibile;Utilizzato direttamente;Attività commerciale e di ristorazione;;;;1;;False;['2020_113181_0033.xml'];E;444.27;D;['2020_113181_0033.xml'];True;['2020_113181_0033.xml'];originali;('2020_113181_0033.xml',);ape_summary_ddda622a0651.html;694751;B4
694766;L219;1243;159;46;43.0;FABBRICATO;Via Stampatori;10;45.07242169;7.6779537;Abitazione;Prima del 1919;Dichiarazione di interesse culturale;Demanio;Utilizzato direttamente;Altro;;;;1;;False;['2021_113184_0108.xml'];G;273.76;G;['2021_113184_0108.xml'];True;['2021_113184_0108.xml'];originali;('2021_113184_0108.xml',);ape_summary_8ab0ed362904.html;694766;B5
694997;L219;1428;85;123;66.0;FABBRICATO;Via Angelo Scarsellini;0;45.0354907;7.6300452;Abitazione;Dal 1946 al 1960;Nessuno;Patrimonio indisponibile;Utilizzato direttamente;Altro;;;;1;;False;['2022_113184_0115.xml'];F;221.23;E;['2022_113184_0115.xml'];True;['2022_113184_0115.xml'];originali;('2022_113184_0115.xml',);ape_summary_12509b4b7dc8.html;694997;D19
695024;L219;1428;85;15;60.0;FABBRICATO;via scarsellini angelo;12 H;45.0354907;7.6300452;Abitazione;Dal 1946 al 1960;Nessuno;Patrimonio indisponibile;Utilizzato direttamente;Altro;;;;1;;False;['2022_113184_0120.xml'];F;168.9;E;['2022_113184_0120.xml'];True;['2022_113184_0120.xml'];originali;('2022_113184_0120.xml',);ape_summary_e0ee9f1dcbef.html;695024;D19
695039;L219;1428;85;166;62.0;FABBRICATO;via scarsellini angelo;12 B;45.0354907;7.6300452;Abitazione;Dal 1946 al 1960;Nessuno;Patrimonio indisponibile;Utilizzato direttamente;Altro;;;;1;;False;['2022_113184_0098.xml'];G;237.0;F;['2022_113184_0098.xml'];True;['2022_113184_0098.xml'];originali;('2022_113184_0098.xml',);ape_summary_762d207a60c1.html;695039;D19
695040;L219;1428;85;167;54.0;FABBRICATO;via scarsellini angelo;12;45.0354907;7.6300452;Abitazione;Dal 1946 al 1960;Nessuno;Patrimonio indisponibile;Utilizzato direttamente;Altro;;;;1;;False;['2022_113184_0116.xml'];F;182.35;F;['2022_113184_0116.xml'];True;['2022_113184_0116.xml'];originali;('2022_113184_0116.xml',);ape_summary_34c2b45df579.html;695040;D19
695050;L219;1428;85;180;45.0;FABBRICATO;via scarsellini angelo;12 B;45.0354907;7.6300452;Abitazione;Dal 1946 al 1960;Nessuno;Patrimonio indisponibile;Utilizzato direttamente;Altro;;;;1;;False;['2022_113184_0117.xml'];G;305.68;F;['2022_113184_0117.xml'];True;['2022_113184_0117.xml'];originali;('2022_113184_0117.xml',);ape_summary_4172fcef4889.html;695050;D19
695058;L219;1428;85;188;64.0;FABBRICATO;via scarsellini angelo;12 C;45.0354907;7.6300452;Abitazione;Dal 1946 al 1960;Nessuno;Patrimonio indisponibile;Utilizzato direttamente;Altro;;;;1;;False;['2022_113184_0099.xml'];F;216.36;E;['2022_113184_0099.xml'];True;['2022_113184_0099.xml'];originali;('2022_113184_0099.xml',);ape_summary_5d260c3daa60.html;695058;D19
695068;L219;1428;85;198;64.0;FABBRICATO;via scarsellini angelo;12 C;45.0354907;7.6300452;Abitazione;Dal 1946 al 1960;Nessuno;Patrimonio indisponibile;Utilizzato direttamente;Altro;;;;1;;False;['2022_113184_0118.xml'];G;309.57;F;['2022_113184_0118.xml'];True;['2022_113184_0118.xml'];originali;('2022_113184_0118.xml',);ape_summary_3c2ffddd7d6a.html;695068;D19
695083;L219;1428;85;212;60.0;FABBRICATO;via scarsellini angelo;12 E;45.0354907;7.6300452;Abitazione;Dal 1946 al 1960;Nessuno;Patrimonio indisponibile;Utilizzato direttamente;Altro;;;;1;;False;['2022_113184_0100.xml'];F;180.91;E;['2022_113184_0100.xml'];True;['2022_113184_0100.xml'];originali;('2022_113184_0100.xml',);ape_summary_dcbc22d64df7.html;695083;D19
695085;L219;1428;85;214;60.0;FABBRICATO;via scarsellini angelo;12 E;45.0354907;7.6300452;Abitazione;Dal 1946 al 1960;Nessuno;Patrimonio indisponibile;Utilizzato direttamente;Altro;;;;1;;False;['2022_113184_0101.xml'];G;229.14;F;['2022_113184_0101.xml'];True;['2022_113184_0101.xml'];originali;('2022_113184_0101.xml',);ape_summary_163e27c5870e.html;695085;D19
695093;L219;1428;85;221;64.0;FABBRICATO;via scarsellini angelo;12 E;45.0354907;7.6300452;Abitazione;Dal 1946 al 1960;Nessuno;Patrimonio indisponibile;Utilizzato direttamente;Altro;;;;1;;False;['2022_113184_0102.xml'];G;308.41;F;['2022_113184_0102.xml'];True;['2022_113184_0102.xml'];originali;('2022_113184_0102.xml',);ape_summary_d0777470418b.html;695093;D19
695103;L219;1428;85;231;63.0;FABBRICATO;via scarsellini angelo;12 F;45.0354907;7.6300452;Abitazione;Dal 1946 al 1960;Nessuno;Patrimonio indisponibile;Utilizzato direttamente;Altro;;;;1;;False;['2022_113184_0119.xml'];G;240.98;F;['2022_113184_0119.xml'];True;['2022_113184_0119.xml'];originali;('2022_113184_0119.xml',);ape_summary_4ad9b7de914b.html;695103;D19
695130;L219;1428;85;40;58.0;FABBRICATO;via scarsellini angelo;12 L;45.0354907;7.6300452;Abitazione;Dal 1946 al 1960;Nessuno;Patrimonio indisponibile;Utilizzato direttamente;Altro;;;;1;;False;['2022_113184_0103.xml'];F;178.54;E;['2022_113184_0103.xml'];True;['2022_113184_0103.xml'];originali;('2022_113184_0103.xml',);ape_summary_7fa3900a9e3d.html;695130;D19
695138;L219;1428;85;49;64.0;FABBRICATO;via scarsellini angelo;12 M;45.0354907;7.6300452;Abitazione;Dal 1946 al 1960;Nessuno;Patrimonio indisponibile;Utilizzato direttamente;Altro;;;;1;;False;['2022_113184_0104.xml'];F;233.38;E;['2022_113184_0104.xml'];True;['2022_113184_0104.xml'];originali;('2022_113184_0104.xml',);ape_summary_f95b0106fb63.html;695138;D19
695147;L219;1428;85;60;61.0;FABBRICATO;via scarsellini angelo;12 N;45.0354907;7.6300452;Abitazione;Dal 1946 al 1960;Nessuno;Patrimonio indisponibile;Utilizzato direttamente;Altro;;;;1;;False;['2022_113184_0105.xml'];G;318.07;F;['2022_113184_0105.xml'];True;['2022_113184_0105.xml'];originali;('2022_113184_0105.xml',);ape_summary_afe29acb0e3d.html;695147;D19
695156;L219;1428;85;70;60.0;FABBRICATO;via scarsellini angelo;12 O;45.0354907;7.6300452;Abitazione;Dal 1946 al 1960;Nessuno;Patrimonio indisponibile;Utilizzato direttamente;Altro;;;;1;;False;['2022_113184_0121.xml'];E;222.52;D;['2022_113184_0121.xml'];True;['2022_113184_0121.xml'];originali;('2022_113184_0121.xml',);ape_summary_402be1d4a338.html;695156;D19
695168;L219;1428;85;82;61.0;FABBRICATO;Via Angelo Scarsellini;1;45.0354907;7.6300452;Abitazione;Dal 1946 al 1960;Nessuno;Patrimonio indisponibile;Utilizzato direttamente;Altro;;;;1;;False;['2022_113184_0122.xml'];F;235.55;E;['2022_113184_0122.xml'];True;['2022_113184_0122.xml'];originali;('2022_113184_0122.xml',);ape_summary_30b09e153567.html;695168;D19
695184;L219;1131;72;17;83.0;FABBRICATO;Via Giuseppe Tartini;33;45.0966828;7.7056668;Abitazione;Dal 1961 al 1970;Nessuno;Patrimonio indisponibile;Utilizzato direttamente;Altro;;;;1;;False;['2022_313821_0071.xml'];F;270.28;E;['2022_313821_0071.xml'];True;['2022_313821_0071.xml'];originali;('2022_313821_0071.xml',);ape_summary_8047ed0dc663.html;695184;D21
695191;L219;1131;72;31;68.0;FABBRICATO;Via Giuseppe Tartini;35;45.0966828;7.7056668;Abitazione;Dal 1961 al 1970;Nessuno;Patrimonio indisponibile;Utilizzato direttamente;Altro;;;;1;;False;['2022_313821_0041.xml'];E;225.12;E;['2022_313821_0041.xml'];True;['2022_313821_0041.xml'];originali;('2022_313821_0041.xml',);ape_summary_6c26ab4c430d.html;695191;D21
695192;L219;1131;72;33;82.0;FABBRICATO;Via Giuseppe Tartini;35;45.0966828;7.7056668;Abitazione;Dal 1961 al 1970;Nessuno;Patrimonio indisponibile;Utilizzato direttamente;Altro;;;;1;;False;['2022_313821_0067.xml'];F;255.37;E;['2022_313821_0067.xml'];True;['2022_313821_0067.xml'];originali;('2022_313821_0067.xml',);ape_summary_9dd44edf803f.html;695192;D21
695200;L219;1131;72;44;66.0;FABBRICATO;Via Giuseppe Tartini;37;45.0966828;7.7056668;Abitazione;Dal 1961 al 1970;Nessuno;Patrimonio indisponibile;Utilizzato direttamente;Altro;;;;1;;False;['2022_313821_0068.xml'];F;506.57;E;['2022_313821_0068.xml'];True;['2022_313821_0068.xml'];originali;('2022_313821_0068.xml',);ape_summary_5aa99c04f7c0.html;695200;D21
695216;L219;1245;156;7;6305.43;FABBRICATO;via garibaldi giuseppe;25;45.0729577;7.6790912;Ufficio strutturato ed assimilabili;Prima del 1919;Dichiarazione di interesse culturale;Demanio;Utilizzato direttamente;Attività amministrativa/uffici pubblici;;;;1;;False;['2019_102341_0006.xml'];D;157.01;D;['2019_102341_0006.xml'];True;['2019_102341_0006.xml'];originali;('2019_102341_0006.xml',);ape_summary_e13a548eca9a.html;695216;B5
695230;L219;1245;255;21;120.0;FABBRICATO;Via Botero Giovanni;11;45.0715462;7.6791253;Abitazione;Prima del 1919;Nessuno;Patrimonio indisponibile;Utilizzato direttamente;Altro;;;;1;;False;['2022_113184_0063.xml'];G;170.1;G;['2022_113184_0063.xml'];True;['2022_113184_0063.xml'];originali;('2022_113184_0063.xml',);ape_summary_0c475b2c99da.html;695230;B5
695259;L219;1245;277;11;65.0;FABBRICATO;via venti settembre;57;45.0701747;7.6823665;Abitazione;Prima del 1919;Nessuno;Patrimonio indisponibile;;Non Dichiarato;in locazione;2796.0;01/05/2022;1;;False;['2022_102099_0014.xml'];F;205.67;D;['2022_102099_0014.xml'];True;['2022_102099_0014.xml'];originali;('2022_102099_0014.xml',);ape_summary_b86ee6204354.html;695259;B6
695273;L219;1132;89;22;89.0;FABBRICATO;via pergolesi giambattista;93 B;45.0959163;7.7075185;Abitazione;Dal 1961 al 1970;Nessuno;Patrimonio indisponibile;Utilizzato direttamente;Altro;;;;1;;False;['2019_113184_0072.xml'];G;245.66;F;['2019_113184_0072.xml'];True;['2019_113184_0072.xml'];originali;('2019_113184_0072.xml',);ape_summary_eb0a56800673.html;695273;D21
695284;L219;1132;89;45;64.0;FABBRICATO;via pergolesi giambattista;93 D;45.0959163;7.7075185;Abitazione;Dal 1961 al 1970;Nessuno;Patrimonio indisponibile;Utilizzato direttamente;Altro;;;;1;;False;['2019_113184_0073.xml'];G;301.74;F;['2019_113184_0073.xml'];True;['2019_113184_0073.xml'];originali;('2019_113184_0073.xml',);ape_summary_aa801eba4000.html;695284;D21
695619;L219;1132;88;29;63.0;FABBRICATO;via pergolesi giambattista;91 C;45.0961636;7.7069216;Abitazione;Dal 1961 al 1970;Nessuno;Patrimonio indisponibile;Utilizzato direttamente;Altro;;;;1;;False;['2019_113184_0068.xml'];G;399.18;G;['2019_113184_0068.xml'];True;['2019_113184_0068.xml'];originali;('2019_113184_0068.xml',);ape_summary_0327faa1dc33.html;695619;D21
695620;L219;1132;88;3;65.0;FABBRICATO;via pergolesi giambattista;91 A;45.0961636;7.7069216;Abitazione;Dal 1961 al 1970;Nessuno;Patrimonio indisponibile;Utilizzato direttamente;Altro;;;;1;;False;['2019_113184_0067.xml'];G;321.31;G;['2019_113184_0067.xml'];True;['2019_113184_0067.xml'];originali;('2019_113184_0067.xml',);ape_summary_f91b047396e3.html;695620;D21
695640;L219;1132;88;48;65.0;FABBRICATO;via pergolesi giambattista;91 D;45.0961636;7.7069216;Abitazione;Dal 1961 al 1970;Nessuno;Patrimonio indisponibile;Utilizzato direttamente;Altro;;;;1;;False;['2019_113184_0069.xml'];G;328.49;G;['2019_113184_0069.xml'];True;['2019_113184_0069.xml'];originali;('2019_113184_0069.xml',);ape_summary_4e1b91e2bea2.html;695640;D21
695641;L219;1132;88;49;86.0;FABBRICATO;via pergolesi giambattista;91 D;45.0961636;7.7069216;Abitazione;Dal 1961 al 1970;Nessuno;Patrimonio indisponibile;Utilizzato direttamente;Altro;;;;1;;False;['2019_113184_0070.xml'];G;247.27;G;['2019_113184_0070.xml'];True;['2019_113184_0070.xml'];originali;('2019_113184_0070.xml',);ape_summary_7611fdf8e877.html;695641;D21
695647;L219;1132;88;54;68.0;FABBRICATO;via pergolesi giambattista;91 D;45.0961636;7.7069216;Abitazione;Dal 1961 al 1970;Nessuno;Patrimonio indisponibile;Utilizzato direttamente;Altro;;;;1;;False;['2019_113184_0071.xml'];G;304.83;G;['2019_113184_0071.xml'];True;['2019_113184_0071.xml'];originali;('2019_113184_0071.xml',);ape_summary_3cb4804fd726.html;695647;D21
695928;L219;1246;18;7;83.0;FABBRICATO;piazza s. giovanni;5;45.0737427;7.6842383;Locale commerciale, negozio;Dal 1946 al 1960;Nessuno;Patrimonio indisponibile;;Non Dichiarato;in concessione a titolo oneroso;9346.0;01/12/2012;1;;False;['2022_109289_0005.xml'];A2;83.12;A2;['2022_109289_0005.xml'];True;['2022_109289_0005.xml'];originali;('2022_109289_0005.xml',);ape_summary_ace8010d4192.html;695928;B5
695945;L219;1248;219;19;77.0;FABBRICATO;corso s. maurizio;16;45.0698708;7.6939641;Abitazione;Dal 1946 al 1960;Nessuno;Patrimonio indisponibile;Utilizzato direttamente;Altro;;;;1;;False;['2022_312661_0132.xml'];G;394.79;E;['2022_312661_0132.xml'];True;['2022_312661_0132.xml'];originali;('2022_312661_0132.xml',);ape_summary_4242633aa4bc.html;695945;B6
695949;L219;1248;219;22;63.0;FABBRICATO;corso s. maurizio;16;45.0698708;7.6939641;Abitazione;Dal 1946 al 1960;Nessuno;Patrimonio indisponibile;Utilizzato direttamente;Altro;;;;1;;False;['2022_312661_0133.xml'];F;404.49;E;['2022_312661_0133.xml'];True;['2022_312661_0133.xml'];originali;('2022_312661_0133.xml',);ape_summary_2c0ad868bb8e.html;695949;B6
695959;L219;1248;219;31;88.0;FABBRICATO;corso s. maurizio;16;45.0698708;7.6939641;Abitazione;Dal 1946 al 1960;Nessuno;Patrimonio indisponibile;Utilizzato direttamente;Altro;;;;1;;False;['2022_312661_0131.xml'];F;199.63;E;['2022_312661_0131.xml'];True;['2022_312661_0131.xml'];originali;('2022_312661_0131.xml',);ape_summary_94a63b979fb3.html;695959;B6
696129;L219;1144;3;272;112.0;FABBRICATO;Via Giovanni Cravero;6;45.09311401;7.70892349;Abitazione;Dal 1971 al 1980;Nessuno;Patrimonio indisponibile;;Non Dichiarato;in locazione;3301.0;01/11/2021;1;;False;['2021_102099_0011.xml'];G;221.08;F;['2021_102099_0011.xml'];True;['2021_102099_0011.xml'];originali;('2021_102099_0011.xml',);ape_summary_c1247136b2ab.html;696129;D21
696344;L219;1436;4;10;97.0;FABBRICATO;corso orbassano;455;45.0305681;7.6108275;Abitazione;Dal 1919 al 1945;Nessuno;Patrimonio disponibile;;Non Dichiarato;in locazione;2448.0;01/03/2006;1;;False;['2021_102099_0013.xml'];F;256.38;D;['2021_102099_0013.xml'];True;['2021_102099_0013.xml'];originali;('2021_102099_0013.xml',);ape_summary_01d8b9eb65f4.html;696344;D6
696346;L219;1436;4;12;37.0;FABBRICATO;corso orbassano;455;45.0305681;7.6108275;Abitazione;Dal 1919 al 1945;Nessuno;Patrimonio disponibile;Utilizzato direttamente;Altro;;;;1;;False;['2021_102099_0014.xml'];G;350.54;D;['2021_102099_0014.xml'];True;['2021_102099_0014.xml'];originali;('2021_102099_0014.xml',);ape_summary_72af93fe400c.html;696346;D6
696347;L219;1436;4;13;36.0;FABBRICATO;corso orbassano;455;45.0305681;7.6108275;Abitazione;Dal 1919 al 1945;Nessuno;Patrimonio disponibile;;Non Dichiarato;in locazione;1542.0;01/04/2022;1;;False;['2021_102099_0015.xml'];G;350.54;D;['2021_102099_0015.xml'];True;['2021_102099_0015.xml'];originali;('2021_102099_0015.xml',);ape_summary_8b5fd3e62601.html;696347;D6
696348;L219;1436;4;14;72.0;FABBRICATO;corso orbassano;455;45.0305681;7.6108275;Abitazione;Dal 1919 al 1945;Nessuno;Patrimonio disponibile;;Non Dichiarato;in locazione;807.0;01/03/2022;1;;False;['2021_102099_0016.xml'];F;240.32;F;['2021_102099_0016.xml'];True;['2021_102099_0016.xml'];originali;('2021_102099_0016.xml',);ape_summary_4593208e0382.html;696348;D6
696353;L219;1436;4;9;113.0;FABBRICATO;corso orbassano;455;45.0305681;7.6108275;Abitazione;Dal 1919 al 1945;Nessuno;Patrimonio disponibile;;Non Dichiarato;in locazione;3337.0;01/08/2021;1;;False;['2021_102099_0012.xml'];G;310.61;E;['2021_102099_0012.xml'];True;['2021_102099_0012.xml'];originali;('2021_102099_0012.xml',);ape_summary_e3ce855bab6b.html;696353;D6
696382;L219;1144;86;34;77.0;FABBRICATO;via bologna;267 2;45.09309477;7.71399276;Abitazione;Dal 1961 al 1970;Nessuno;Patrimonio indisponibile;Utilizzato direttamente;Altro;;;;1;;False;['2020_312661_0107.xml'];F;162.71;E;['2020_312661_0107.xml'];True;['2020_312661_0107.xml'];originali;('2020_312661_0107.xml',);ape_summary_0f52949e6ede.html;696382;D21
696444;L219;1145;1;13;64.0;FABBRICATO;via gallina giacinto;3 19;45.0915272;7.7084461;Abitazione;Dal 1919 al 1945;Nessuno;Patrimonio indisponibile;Utilizzato direttamente;Altro;;;;1;;False;['2021_313821_0146.xml'];E;126.54;D;['2021_313821_0146.xml'];True;['2021_313821_0146.xml'];originali;('2021_313821_0146.xml',);ape_summary_3307541ee85a.html;696444;D20
696450;L219;1145;1;21;29.0;FABBRICATO;via gallina giacinto;3 17;45.0915272;7.7084461;Abitazione;Dal 1919 al 1945;Nessuno;Patrimonio indisponibile;Utilizzato direttamente;Altro;;;;1;;False;['2021_313821_0142.xml'];G;422.23;D;['2021_313821_0142.xml'];True;['2021_313821_0142.xml'];originali;('2021_313821_0142.xml',);ape_summary_7f44db344fc7.html;696450;D20
696452;L219;1145;1;23;38.0;FABBRICATO;via gallina giacinto;3 17;45.0915272;7.7084461;Abitazione;Dal 1919 al 1945;Nessuno;Patrimonio indisponibile;Utilizzato direttamente;Altro;;;;1;;False;['2021_313821_0143.xml'];F;250.14;E;['2021_313821_0143.xml'];True;['2021_313821_0143.xml'];originali;('2021_313821_0143.xml',);ape_summary_ec54878b23ae.html;696452;D20
696455;L219;1145;1;26;31.0;FABBRICATO;via gallina giacinto;3 17;45.0915272;7.7084461;Abitazione;Dal 1919 al 1945;Nessuno;Patrimonio indisponibile;Utilizzato direttamente;Altro;;;;1;;False;['2021_313821_0144.xml'];E;125.17;D;['2021_313821_0144.xml'];True;['2021_313821_0144.xml'];originali;('2021_313821_0144.xml',);ape_summary_6132008fe7dc.html;696455;D20
696456;L219;1145;1;27;34.0;FABBRICATO;via gallina giacinto;3 17;45.0915272;7.7084461;Abitazione;Dal 1919 al 1945;Nessuno;Patrimonio indisponibile;Utilizzato direttamente;Altro;;;;1;;False;['2021_313821_0145.xml'];F;302.17;E;['2021_313821_0145.xml'];True;['2021_313821_0145.xml'];originali;('2021_313821_0145.xml',);ape_summary_41439a0d312d.html;696456;D20
696460;L219;1145;1;5;46.0;FABBRICATO;via gallina giacinto;3 20;45.0915272;7.7084461;Abitazione;Dal 1919 al 1945;Nessuno;Patrimonio indisponibile;Utilizzato direttamente;Altro;;;;1;;False;['2021_313821_0151.xml'];E;130.84;D;['2021_313821_0151.xml'];True;['2021_313821_0151.xml'];originali;('2021_313821_0151.xml',);ape_summary_f2083e4beb05.html;696460;D20
696463;L219;1145;1;8;37.0;FABBRICATO;via gallina giacinto;3 20;45.0915272;7.7084461;Abitazione;Dal 1919 al 1945;Nessuno;Patrimonio indisponibile;Utilizzato direttamente;Altro;;;;1;;False;['2021_313821_0147.xml'];F;328.29;E;['2021_313821_0147.xml'];True;['2021_313821_0147.xml'];originali;('2021_313821_0147.xml',);ape_summary_28d4734ca0f8.html;696463;D20
696600;L219;1245;51;45;78.0;FABBRICATO;via porta palatina;13;45.0737333;7.6833263;Abitazione;Prima del 1919;Dichiarazione di interesse culturale;Demanio;Utilizzato direttamente;Altro;;;;1;;False;['2021_113184_0106.xml'];F;135.53;E;['2021_113184_0106.xml'];True;['2021_113184_0106.xml'];originali;('2021_113184_0106.xml',);ape_summary_6efc13fe590d.html;696600;B5
696755;L219;1441;88;10;92.0;FABBRICATO;via guala pietro francesco;97;45.02488047;7.64474249;Abitazione;Dal 1991 al 2000;Nessuno;Patrimonio indisponibile;Utilizzato direttamente;Altro;;;;1;;False;['2020_113184_0017.xml'];E;142.78;D;['2020_113184_0017.xml'];True;['2020_113184_0017.xml'];originali;('2020_113184_0017.xml',);ape_summary_7585d7aca7cc.html;696755;D17
696832;L219;1441;88;17;88.0;FABBRICATO;via guala pietro francesco;97;45.02488047;7.64474249;Abitazione;Dal 1991 al 2000;Nessuno;Patrimonio indisponibile;Utilizzato direttamente;Altro;;;;1;;False;['2021_113184_0121.xml'];E;173.7;D;['2021_113184_0121.xml'];True;['2021_113184_0121.xml'];originali;('2021_113184_0121.xml',);ape_summary_a6154c9435b5.html;696832;D17
696864;L219;1441;88;23;88.0;FABBRICATO;via guala pietro francesco;97;45.02488047;7.64474249;Abitazione;Dal 1991 al 2000;Nessuno;Patrimonio indisponibile;Utilizzato direttamente;Altro;;;;1;;False;['2020_113184_0014.xml'];E;118.33;C;['2020_113184_0014.xml'];True;['2020_113184_0014.xml'];originali;('2020_113184_0014.xml',);ape_summary_de0225481f45.html;696864;D17
696872;L219;1441;88;31;87.0;FABBRICATO;via guala pietro francesco;97;45.02488047;7.64474249;Abitazione;Dal 1991 al 2000;Nessuno;Patrimonio indisponibile;Utilizzato direttamente;Altro;;;;1;;False;['2020_113184_0012.xml'];E;127.01;C;['2020_113184_0012.xml'];True;['2020_113184_0012.xml'];originali;('2020_113184_0012.xml',);ape_summary_c84dd7759eb5.html;696872;D17
696873;L219;1441;88;32;86.0;FABBRICATO;via guala pietro francesco;97;45.02488047;7.64474249;Abitazione;Dal 1991 al 2000;Nessuno;Patrimonio indisponibile;Utilizzato direttamente;Altro;;;;1;;False;['2020_113184_0013.xml'];E;116.6;C;['2020_113184_0013.xml'];True;['2020_113184_0013.xml'];originali;('2020_113184_0013.xml',);ape_summary_a991f9be187c.html;696873;D17
696881;L219;1441;88;4;91.0;FABBRICATO;via guala pietro francesco;97;45.02488047;7.64474249;Abitazione;Dal 1991 al 2000;Nessuno;Patrimonio indisponibile;Utilizzato direttamente;Altro;;;;1;;False;['2020_113184_0016.xml'];E;210.89;E;['2020_113184_0016.xml'];True;['2020_113184_0016.xml'];originali;('2020_113184_0016.xml',);ape_summary_2f77c2cb8e76.html;696881;D17
696885;L219;1441;88;43;93.0;FABBRICATO;Via Pietro Francesco Guala;95;45.02488047;7.64474249;Abitazione;Dal 1991 al 2000;Nessuno;Patrimonio indisponibile;Utilizzato direttamente;Altro;;;;1;;False;['2020_113184_0009.xml'];F;193.12;E;['2020_113184_0009.xml'];True;['2020_113184_0009.xml'];originali;('2020_113184_0009.xml',);ape_summary_d79185676ac1.html;696885;D17
696887;L219;1441;88;45;93.0;FABBRICATO;Via Pietro Francesco Guala;95;45.02488047;7.64474249;Abitazione;Dal 1991 al 2000;Nessuno;Patrimonio indisponibile;Utilizzato direttamente;Altro;;;;1;;False;['2020_113184_0010.xml'];F;192.81;E;['2020_113184_0010.xml'];True;['2020_113184_0010.xml'];originali;('2020_113184_0010.xml',);ape_summary_4385a8c80800.html;696887;D17
696889;L219;1441;88;47;93.0;FABBRICATO;Via Pietro Francesco Guala;95;45.02488047;7.64474249;Abitazione;Dal 1991 al 2000;Nessuno;Patrimonio indisponibile;Utilizzato direttamente;Altro;;;;1;;False;['2020_113184_0011.xml'];F;192.38;E;['2020_113184_0011.xml'];True;['2020_113184_0011.xml'];originali;('2020_113184_0011.xml',);ape_summary_f35989c7a932.html;696889;D17
696892;L219;1441;88;5;89.0;FABBRICATO;via guala pietro francesco;97;45.02488047;7.64474249;Abitazione;Dal 1991 al 2000;Nessuno;Patrimonio indisponibile;Utilizzato direttamente;Altro;;;;1;;False;['2020_113184_0015.xml'];E;199.21;D;['2020_113184_0015.xml'];True;['2020_113184_0015.xml'];originali;('2020_113184_0015.xml',);ape_summary_97adfbd48c69.html;696892;D17
696907;L219;1441;88;63;89.0;FABBRICATO;Via Giuditta Sidoli;36;45.02488047;7.64474249;Abitazione;Dal 1991 al 2000;Nessuno;Patrimonio indisponibile;Utilizzato direttamente;Altro;;;;1;;False;['2020_113184_0026.xml'];F;250.2;D;['2020_113184_0026.xml'];True;['2020_113184_0026.xml'];originali;('2020_113184_0026.xml',);ape_summary_10d75b44c5b3.html;696907;D17
696913;L219;1441;88;69;87.0;FABBRICATO;Via Giuditta Sidoli;36;45.02488047;7.64474249;Abitazione;Dal 1991 al 2000;Nessuno;Patrimonio indisponibile;Utilizzato direttamente;Altro;;;;1;;False;['2020_113184_0024.xml'];E;118.78;C;['2020_113184_0024.xml'];True;['2020_113184_0024.xml'];originali;('2020_113184_0024.xml',);ape_summary_96f09807c118.html;696913;D17
696915;L219;1441;88;70;87.0;FABBRICATO;Via Giuditta Sidoli;36;45.02488047;7.64474249;Abitazione;Dal 1991 al 2000;Nessuno;Patrimonio indisponibile;Utilizzato direttamente;Altro;;;;1;;False;['2020_113184_0025.xml'];E;130.53;C;['2020_113184_0025.xml'];True;['2020_113184_0025.xml'];originali;('2020_113184_0025.xml',);ape_summary_5b722b3e1f0e.html;696915;D17
696922;L219;1441;88;77;85.0;FABBRICATO;Via Giuditta Sidoli;34;45.02488047;7.64474249;Abitazione;Dal 1991 al 2000;Nessuno;Patrimonio indisponibile;Utilizzato direttamente;Altro;;;;1;;False;['2020_113184_0020.xml'];E;196.15;D;['2020_113184_0020.xml'];True;['2020_113184_0020.xml'];originali;('2020_113184_0020.xml',);ape_summary_ba8a79532284.html;696922;D17
696923;L219;1441;88;78;86.0;FABBRICATO;Via Giuditta Sidoli;34;45.02488047;7.64474249;Abitazione;Dal 1991 al 2000;Nessuno;Patrimonio indisponibile;Utilizzato direttamente;Altro;;;;1;;False;['2020_113184_0021.xml'];E;119.91;C;['2020_113184_0021.xml'];True;['2020_113184_0021.xml'];originali;('2020_113184_0021.xml',);ape_summary_ec16da16a21f.html;696923;D17
696926;L219;1441;88;80;87.0;FABBRICATO;Via Giuditta Sidoli;34;45.02488047;7.64474249;Abitazione;Dal 1991 al 2000;Nessuno;Patrimonio indisponibile;Utilizzato direttamente;Altro;;;;1;;False;['2020_113184_0023.xml'];E;119.66;C;['2020_113184_0023.xml'];True;['2020_113184_0023.xml'];originali;('2020_113184_0023.xml',);ape_summary_d779f6fed724.html;696926;D17
696927;L219;1441;88;81;88.0;FABBRICATO;Via Giuditta Sidoli;34;45.02488047;7.64474249;Abitazione;Dal 1991 al 2000;Nessuno;Patrimonio indisponibile;Utilizzato direttamente;Altro;;;;1;;False;['2020_113184_0022.xml'];E;131.07;C;['2020_113184_0022.xml'];True;['2020_113184_0022.xml'];originali;('2020_113184_0022.xml',);ape_summary_21da967966fd.html;696927;D17
696938;L219;1441;88;91;93.0;FABBRICATO;Via Giuditta Sidoli;34;45.02488047;7.64474249;Abitazione;Dal 1991 al 2000;Nessuno;Patrimonio indisponibile;Utilizzato direttamente;Altro;;;;1;;False;['2020_113184_0018.xml'];F;192.76;D;['2020_113184_0018.xml'];True;['2020_113184_0018.xml'];originali;('2020_113184_0018.xml',);ape_summary_1df3c229bec4.html;696938;D17
696941;L219;1441;88;94;87.0;FABBRICATO;Via Giuditta Sidoli;34;45.02488047;7.64474249;Abitazione;Dal 1991 al 2000;Nessuno;Patrimonio indisponibile;Utilizzato direttamente;Altro;;;;1;;False;['2019_113184_0280.xml'];E;128.06;C;['2019_113184_0280.xml'];True;['2019_113184_0280.xml'];originali;('2019_113184_0280.xml',);ape_summary_ace986385093.html;696941;D17
696944;L219;1441;88;97;94.0;FABBRICATO;Via Giuditta Sidoli;34;45.02488047;7.64474249;Abitazione;Dal 1991 al 2000;Nessuno;Patrimonio indisponibile;Utilizzato direttamente;Altro;;;;1;;False;['2020_113184_0019.xml'];F;191.98;D;['2020_113184_0019.xml'];True;['2020_113184_0019.xml'];originali;('2020_113184_0019.xml',);ape_summary_b81c78301c4c.html;696944;D17
697392;L219;1283;178;55;27.0;FABBRICATO;via assietta;13 E;45.06252;7.6740903;Locale commerciale, negozio;Dal 1919 al 1945;Nessuno;Patrimonio disponibile;Utilizzato direttamente;Attività commerciale e di ristorazione;;;;1;;False;['2020_212533_0078.xml'];D;1069.84;D;['2020_212533_0078.xml'];False;['2020_212533_0078.xml'];originali;('2020_212533_0078.xml',);ape_summary_aecda4319ddb.html;697392;C3
697394;L219;1283;178;56;27.0;FABBRICATO;Via Massena;11 A;45.06252;7.6740903;Locale commerciale, negozio;Dal 1919 al 1945;Nessuno;Patrimonio disponibile;Utilizzato direttamente;Attività commerciale e di ristorazione;;;;1;;False;['2020_212533_0079.xml'];C;930.07;C;['2020_212533_0079.xml'];True;['2020_212533_0079.xml'];originali;('2020_212533_0079.xml',);ape_summary_162f9e092d5f.html;697394;C3
697431;L219;1443;237;3;63.0;FABBRICATO;via invernizio carolina;21;45.0230764;7.6552716;Abitazione;Dal 1971 al 1980;Nessuno;Patrimonio indisponibile;Utilizzato direttamente;Alloggio di servizio, foresterie;;;;1;;False;['2022_103892_0001.xml'];G;611.48;E;['2022_103892_0001.xml'];False;['2022_103892_0001.xml'];originali;('2022_103892_0001.xml',);ape_summary_a1cda8a65187.html;697431;D17
697477;L219;1442;74;157;77.0;FABBRICATO;via bossoli carlo;99 H;45.0281138;7.6548255;Abitazione;Dal 2001 al 2010;Nessuno;Patrimonio indisponibile;Utilizzato direttamente;Altro;;;;1;;False;['2020_312661_0105.xml'];D;218.78;D;['2020_312661_0105.xml'];True;['2020_312661_0105.xml'];originali;('2020_312661_0105.xml',);ape_summary_7d44c3c28a3c.html;697477;D17
697479;L219;1442;74;159;88.0;FABBRICATO;via bossoli carlo;99 H;45.0281138;7.6548255;Abitazione;Dal 2001 al 2010;Nessuno;Patrimonio indisponibile;Utilizzato direttamente;Altro;;;;1;;False;['2022_313821_0074.xml'];D;80.05;B;['2022_313821_0074.xml'];True;['2022_313821_0074.xml'];originali;('2022_313821_0074.xml',);ape_summary_59710bfdafe3.html;697479;D17
697501;L219;1442;74;183;88.0;FABBRICATO;via bossoli carlo;97 I;45.0281138;7.6548255;Abitazione;Dal 2001 al 2010;Nessuno;Patrimonio indisponibile;Utilizzato direttamente;Altro;;;;1;;False;['2022_313821_0075.xml'];D;84.5;D;['2022_313821_0075.xml'];True;['2022_313821_0075.xml'];originali;('2022_313821_0075.xml',);ape_summary_4d0b9da6aa83.html;697501;D17
697505;L219;1442;74;187;69.0;FABBRICATO;via bossoli carlo;97 I;45.0281138;7.6548255;Abitazione;Dal 2001 al 2010;Nessuno;Patrimonio indisponibile;Utilizzato direttamente;Altro;;;;1;;False;['2022_313821_0073.xml'];C;90.58;A1;['2022_313821_0073.xml'];True;['2022_313821_0073.xml'];originali;('2022_313821_0073.xml',);ape_summary_86e7fd5c7a40.html;697505;D17
697538;L219;1442;74;223;64.0;FABBRICATO;via pio vii;25 N;45.0281138;7.6548255;Locale commerciale, negozio;Dal 2001 al 2010;Nessuno;Patrimonio indisponibile;Utilizzato direttamente;Altro;;;;1;;False;['2018_102351_0349.xml'];C;192.91;C;['2018_102351_0349.xml'];True;['2018_102351_0349.xml'];originali;('2018_102351_0349.xml',);ape_summary_525a2da1bc7a.html;697538;D17
697863;L219;1296;205;3;5716.25;FABBRICATO;via tolmino;40;45.0571839;7.6439982;Edificio scolastico (es.: scuola di ogni ordine e grado, università, scuola di formazione);Dal 1971 al 1980;Nessuno;Patrimonio indisponibile;Utilizzato direttamente;Attività didattica;;;;1;;False;['2021_106141_0040.xml'];D;287.58;D;['2021_106141_0040.xml'];True;['2021_106141_0040.xml'];originali;('2021_106141_0040.xml',);ape_summary_a0e1e6a35e69.html;697863;C24
697891;L219;1458;28;3;87.0;FABBRICATO;corso croce benedetto;17;45.0207767;7.6467002;Abitazione;Dal 1971 al 1980;Nessuno;Patrimonio indisponibile;Utilizzato direttamente;Alloggio di servizio, foresterie;;;;1;;False;['2021_106141_0049.xml'];C;326.77;C;['2021_106141_0049.xml'];True;['2021_106141_0049.xml'];originali;('2021_106141_0049.xml',);ape_summary_35cf682e78c9.html;697891;D17
697894;L219;1459;49;4;100.0;FABBRICATO;corso croce benedetto;26;45.02074573;7.64416338;Abitazione;Dal 1961 al 1970;Nessuno;Patrimonio indisponibile;Utilizzato direttamente;Alloggio di servizio, foresterie;;;;1;;False;['2021_106141_0045.xml'];D;198.96;C;['2021_106141_0045.xml'];True;['2021_106141_0045.xml'];originali;('2021_106141_0045.xml',);ape_summary_329da826111b.html;697894;D17
697901;L219;1461;45;1;2537.5;FABBRICATO;via nichelino;7;45.0237373;7.6392259;Edificio scolastico (es.: scuola di ogni ordine e grado, università, scuola di formazione);Dal 1961 al 1970;Nessuno;Patrimonio indisponibile;Utilizzato direttamente;Attività didattica;;;;1;;False;['2021_106141_0054.xml'];D;222.25;C;['2021_106141_0054.xml'];True;['2021_106141_0054.xml'];originali;('2021_106141_0054.xml',);ape_summary_564be754a4c3.html;697901;D17
697926;L219;1467;1;3;399.0;FABBRICATO;via roveda giovanni;34;45.0217804;7.6065778;Impianto sportivo;Dal 1961 al 1970;Nessuno;Patrimonio indisponibile;Utilizzato direttamente;Attività sportiva, ricreativa e di intrattenimento;;;;1;;False;['2022_100564_0003.xml'];A1;405.7;A2;['2022_100564_0003.xml'];True;['2022_100564_0003.xml'];originali;('2022_100564_0003.xml',);ape_summary_6491a2886c96.html;697926;D6
698053;L219;1488;72;28;80.0;FABBRICATO;Via Fratelli Garrone;74;45.0128388;7.6500409;Abitazione;Dal 1961 al 1970;Nessuno;Patrimonio indisponibile;Utilizzato direttamente;Altro;;;;1;;False;['2021_113184_0080.xml'];E;122.66;E;['2021_113184_0080.xml'];True;['2021_113184_0080.xml'];originali;('2021_113184_0080.xml',);ape_summary_44487f2183d6.html;698053;D6
698062;L219;1488;72;4;84.0;FABBRICATO;Via Fratelli Garrone;74;45.0128388;7.6500409;Abitazione;Dal 1961 al 1970;Nessuno;Patrimonio indisponibile;Utilizzato direttamente;Altro;;;;1;;False;['2022_312661_0108.xml'];F;193.3;F;['2022_312661_0108.xml'];True;['2022_312661_0108.xml'];originali;('2022_312661_0108.xml',);ape_summary_764a4a8a7442.html;698062;D6
698067;L219;1488;72;44;80.0;FABBRICATO;Via Fratelli Garrone;74;45.0128388;7.6500409;Abitazione;Dal 1961 al 1970;Nessuno;Patrimonio indisponibile;Utilizzato direttamente;Altro;;;;1;;False;['2022_113184_0140.xml'];E;140.0;E;['2022_113184_0140.xml'];True;['2022_113184_0140.xml'];originali;('2022_113184_0140.xml',);ape_summary_e1ab2299a506.html;698067;D6
698071;L219;1488;72;48;79.0;FABBRICATO;Via Fratelli Garrone;74;45.0128388;7.6500409;Abitazione;Dal 1961 al 1970;Nessuno;Patrimonio indisponibile;Utilizzato direttamente;Altro;;;;1;;False;['2021_113184_0081.xml'];E;125.53;E;['2021_113184_0081.xml'];True;['2021_113184_0081.xml'];originali;('2021_113184_0081.xml',);ape_summary_fb3847471726.html;698071;D6
698086;L219;1488;72;65;62.0;FABBRICATO;Via Fratelli Garrone;74;45.0128388;7.6500409;Abitazione;Dal 1961 al 1970;Nessuno;Patrimonio indisponibile;Utilizzato direttamente;Altro;;;;1;;False;['2021_113184_0082.xml'];F;223.37;E;['2021_113184_0082.xml'];True;['2021_113184_0082.xml'];originali;('2021_113184_0082.xml',);ape_summary_379ccfc5df37.html;698086;D6
698094;L219;1488;72;72;79.0;FABBRICATO;Via Fratelli Garrone;74;45.0128388;7.6500409;Abitazione;Dal 1961 al 1970;Nessuno;Patrimonio indisponibile;Utilizzato direttamente;Altro;;;;1;;False;['2022_113184_0141.xml'];D;123.01;D;['2022_113184_0141.xml'];True;['2022_113184_0141.xml'];originali;('2022_113184_0141.xml',);ape_summary_3c80ce422a61.html;698094;D6
698095;L219;1488;72;73;63.0;FABBRICATO;Via Fratelli Garrone;74;45.0128388;7.6500409;Abitazione;Dal 1961 al 1970;Nessuno;Patrimonio indisponibile;Utilizzato direttamente;Altro;;;;1;;False;['2022_113184_0036.xml'];F;153.9;F;['2022_113184_0036.xml'];True;['2022_113184_0036.xml'];originali;('2022_113184_0036.xml',);ape_summary_5f7a85bb7e2e.html;698095;D6
698100;L219;1488;72;78;80.0;FABBRICATO;Via Fratelli Garrone;74;45.0128388;7.6500409;Abitazione;Dal 1961 al 1970;Nessuno;Patrimonio indisponibile;Utilizzato direttamente;Altro;;;;1;;False;['2021_113184_0083.xml'];E;139.35;E;['2021_113184_0083.xml'];True;['2021_113184_0083.xml'];originali;('2021_113184_0083.xml',);ape_summary_0a0bdd669df9.html;698100;D6
698103;L219;1488;72;80;79.0;FABBRICATO;Via Fratelli Garrone;74;45.0128388;7.6500409;Abitazione;Dal 1961 al 1970;Nessuno;Patrimonio indisponibile;Utilizzato direttamente;Altro;;;;1;;False;['2021_113184_0084.xml'];F;227.29;D;['2021_113184_0084.xml'];True;['2021_113184_0084.xml'];originali;('2021_113184_0084.xml',);ape_summary_9f6368a5ff21.html;698103;D6
698115;L219;1489;150;5;74.0;FABBRICATO;via pisacane carlo;31 16;45.0127606;7.6540846;Abitazione;Dal 1961 al 1970;Nessuno;Patrimonio indisponibile;Utilizzato direttamente;Altro;;;;1;;False;['2022_312661_0027.xml'];F;163.74;E;['2022_312661_0027.xml'];True;['2022_312661_0027.xml'];originali;('2022_312661_0027.xml',);ape_summary_9d8ea740460b.html;698115;D6
698185;L219;1443;646;30;15.0;FABBRICATO;corso traiano;143 A;45.0214049;7.6536208;Cantina, soffitta, rimessa, box, garage, posto auto aperto/scoperto,;Dal 2001 al 2010;Nessuno;Patrimonio indisponibile;Utilizzato direttamente;Altro;;;;1;;False;['2021_213615_0306.xml'];C;65.91;B;['2021_213615_0306.xml'];True;['2021_213615_0306.xml'];originali;('2021_213615_0306.xml',);ape_summary_ef7affe40217.html;698185;D17
698257;L219;1297;59;4;1315.75;FABBRICATO;Via Paolo Braccini;63;45.0599118;7.6488737;Edificio scolastico (es.: scuola di ogni ordine e grado, università, scuola di formazione);Dal 1971 al 1980;Nessuno;Patrimonio indisponibile;Utilizzato direttamente;Attività didattica;;;;1;;False;['2021_106141_0046.xml'];D;327.39;C;['2021_106141_0046.xml'];True;['2021_106141_0046.xml'];originali;('2021_106141_0046.xml',);ape_summary_016ef76e459f.html;698257;C24
698437;L219;1300;170;12;147.0;FABBRICATO;Corso Duca degli Abruzzi;52;45.0586544;7.6595314;Abitazione;Prima del 1919;Dichiarazione di interesse culturale;Demanio;Utilizzato direttamente;Alloggio di servizio, foresterie;;;;1;;False;['2021_106141_0044.xml'];E;311.91;D;['2021_106141_0044.xml'];True;['2021_106141_0044.xml'];originali;('2021_106141_0044.xml',);ape_summary_f6ed6a5561c7.html;698437;C5
698446;L219;1301;135;6;94.0;FABBRICATO;via valeggio;23;45.0589645;7.6687327;Abitazione;Dal 1919 al 1945;Nessuno;Patrimonio disponibile;;Non Dichiarato;in locazione;3642.0;01/02/2022;1;;False;['2021_102099_0079.xml'];G;209.4;F;['2021_102099_0079.xml'];True;['2021_102099_0079.xml'];originali;('2021_102099_0079.xml',);ape_summary_23ecde638e09.html;698446;C4
698519;L219;1488;14;11;80.0;FABBRICATO;Via E. Artom;55;45.013079;7.64939;Abitazione;Dal 1961 al 1970;Nessuno;Patrimonio indisponibile;Utilizzato direttamente;Altro;;;;1;;False;['2022_113184_0136.xml'];F;217.92;F;['2022_113184_0136.xml'];;['2022_113184_0136.xml'];originali;('2022_113184_0136.xml',);ape_summary_7d7c0c96d12b.html;698519;D6
698528;L219;1488;14;183;67.0;FABBRICATO;Via E. Artom;55;45.013079;7.64939;Abitazione;Dal 1961 al 1970;Nessuno;Patrimonio indisponibile;Utilizzato direttamente;Altro;;;;1;;False;['2022_113184_0135.xml'];F;203.45;F;['2022_113184_0135.xml'];;['2022_113184_0135.xml'];originali;('2022_113184_0135.xml',);ape_summary_aa435fadee1f.html;698528;D6
698534;L219;1488;14;189;65.0;FABBRICATO;Via E. Artom;55;45.013079;7.64939;Abitazione;Dal 1961 al 1970;Nessuno;Patrimonio indisponibile;Utilizzato direttamente;Altro;;;;1;;False;['2022_113184_0137.xml'];D;101.19;D;['2022_113184_0137.xml'];;['2022_113184_0137.xml'];originali;('2022_113184_0137.xml',);ape_summary_9bc23c555bcb.html;698534;D6
698535;L219;1488;14;19;63.0;FABBRICATO;Via E. Artom;55;45.013079;7.64939;Abitazione;Dal 1961 al 1970;Nessuno;Patrimonio indisponibile;Utilizzato direttamente;Altro;;;;1;;False;['2022_113184_0160.xml'];F;256.36;E;['2022_113184_0160.xml'];;['2022_113184_0160.xml'];originali;('2022_113184_0160.xml',);ape_summary_af11d0b5b2f0.html;698535;D6
698536;L219;1488;14;190;82.0;FABBRICATO;Via E. Artom;55;45.013079;7.64939;Abitazione;Dal 1961 al 1970;Nessuno;Patrimonio indisponibile;Utilizzato direttamente;Altro;;;;1;;False;['2021_113184_0078.xml'];F;220.8;E;['2021_113184_0078.xml'];;['2021_113184_0078.xml'];originali;('2021_113184_0078.xml',);ape_summary_53acafeac629.html;698536;D6
698557;L219;1488;14;37;63.0;FABBRICATO;Via E. Artom;55;45.013079;7.64939;Abitazione;Dal 1961 al 1970;Nessuno;Patrimonio indisponibile;Utilizzato direttamente;Altro;;;;1;;False;['2022_113184_0138.xml'];E;156.57;E;['2022_113184_0138.xml'];;['2022_113184_0138.xml'];originali;('2022_113184_0138.xml',);ape_summary_fc3ed9bf3016.html;698557;D6
698587;L219;1488;14;70;87.0;FABBRICATO;Via E. Artom;55;45.013079;7.64939;Abitazione;Dal 1961 al 1970;Nessuno;Patrimonio indisponibile;Utilizzato direttamente;Altro;;;;1;;False;['2021_113184_0079.xml'];F;133.53;E;['2021_113184_0079.xml'];;['2021_113184_0079.xml'];originali;('2021_113184_0079.xml',);ape_summary_5f1631a8ceab.html;698587;D6
698591;L219;1488;14;75;61.0;FABBRICATO;Via E. Artom;55;45.013079;7.64939;Abitazione;Dal 1961 al 1970;Nessuno;Patrimonio indisponibile;Utilizzato direttamente;Altro;;;;1;;False;['2022_113184_0139.xml'];E;154.1;E;['2022_113184_0139.xml'];;['2022_113184_0139.xml'];originali;('2022_113184_0139.xml',);ape_summary_ee058c63ba7c.html;698591;D6
698594;L219;1488;14;78;88.0;FABBRICATO;Via E. Artom;55;45.013079;7.64939;Abitazione;Dal 1961 al 1970;Nessuno;Patrimonio indisponibile;Utilizzato direttamente;Altro;;;;1;;False;['2021_113184_0116.xml'];E;108.34;E;['2021_113184_0116.xml'];;['2021_113184_0116.xml'];originali;('2021_113184_0116.xml',);ape_summary_6d2b09b8971d.html;698594;D6
698707;L219;1488;75;11;62.0;FABBRICATO;Via Fratelli Garrone;67;45.0119429;7.6506028;Abitazione;Dal 1961 al 1970;Nessuno;Patrimonio indisponibile;Utilizzato direttamente;Altro;;;;1;;False;['2022_113184_0130.xml'];D;134.45;D;['2022_113184_0130.xml'];True;['2022_113184_0130.xml'];originali;('2022_113184_0130.xml',);ape_summary_fe1bc8b30d18.html;698707;D6
698713;L219;1488;75;17;62.0;FABBRICATO;Via Fratelli Garrone;67;45.0119429;7.6506028;Abitazione;Dal 1961 al 1970;Nessuno;Patrimonio indisponibile;Utilizzato direttamente;Altro;;;;1;;False;['2022_113184_0131.xml'];F;212.54;F;['2022_113184_0131.xml'];True;['2022_113184_0131.xml'];originali;('2022_113184_0131.xml',);ape_summary_fba5521a6ec0.html;698713;D6
698745;L219;1488;75;40;78.0;FABBRICATO;Via Fratelli Garrone;67;45.0119429;7.6506028;Abitazione;Dal 1961 al 1970;Nessuno;Patrimonio indisponibile;Utilizzato direttamente;Altro;;;;1;;False;['2021_113184_0077.xml'];F;186.82;E;['2021_113184_0077.xml'];True;['2021_113184_0077.xml'];originali;('2021_113184_0077.xml',);ape_summary_7bbafd93a77a.html;698745;D6
698756;L219;1488;75;53;59.0;FABBRICATO;Via Fratelli Garrone;67;45.0119429;7.6506028;Abitazione;Dal 1961 al 1970;Nessuno;Patrimonio indisponibile;Utilizzato direttamente;Altro;;;;1;;False;['2022_113184_0132.xml'];D;134.88;D;['2022_113184_0132.xml'];True;['2022_113184_0132.xml'];originali;('2022_113184_0132.xml',);ape_summary_753af21a581a.html;698756;D6
698759;L219;1488;75;56;81.0;FABBRICATO;Via Fratelli Garrone;67;45.0119429;7.6506028;Abitazione;Dal 1961 al 1970;Nessuno;Patrimonio indisponibile;Utilizzato direttamente;Altro;;;;1;;False;['2022_113184_0065.xml'];E;122.13;E;['2022_113184_0065.xml'];True;['2022_113184_0065.xml'];originali;('2022_113184_0065.xml',);ape_summary_ca6e51190483.html;698759;D6
698849;L219;1488;76;118;77.0;FABBRICATO;Via Fratelli Garrone;63;45.0117341;7.6511606;Abitazione;Dal 1961 al 1970;Nessuno;Patrimonio indisponibile;Utilizzato direttamente;Altro;;;;1;;False;['2022_113184_0161.xml'];D;116.94;D;['2022_113184_0161.xml'];True;['2022_113184_0161.xml'];originali;('2022_113184_0161.xml',);ape_summary_ad5246d94590.html;698849;D6
698865;L219;1488;76;227;65.0;FABBRICATO;Via Fratelli Garrone;63;45.0117341;7.6511606;Abitazione;Dal 1961 al 1970;Nessuno;Patrimonio indisponibile;Utilizzato direttamente;Altro;;;;1;;False;['2021_113184_0085.xml'];F;205.28;F;['2021_113184_0085.xml'];True;['2021_113184_0085.xml'];originali;('2021_113184_0085.xml',);ape_summary_cdc130e3ab9b.html;698865;D6
698880;L219;1488;76;3;61.0;FABBRICATO;Via Fratelli Garrone;63;45.0117341;7.6511606;Abitazione;Dal 1961 al 1970;Nessuno;Patrimonio indisponibile;Utilizzato direttamente;Altro;;;;1;;False;['2022_312661_0106.xml'];E;151.52;D;['2022_312661_0106.xml'];True;['2022_312661_0106.xml'];originali;('2022_312661_0106.xml',);ape_summary_e3eef25dd980.html;698880;D6
698881;L219;1488;76;30;78.0;FABBRICATO;Via Fratelli Garrone;63;45.0117341;7.6511606;Abitazione;Dal 1961 al 1970;Nessuno;Patrimonio indisponibile;Utilizzato direttamente;Altro;;;;1;;False;['2021_113184_0075.xml'];F;124.26;F;['2021_113184_0075.xml'];True;['2021_113184_0075.xml'];originali;('2021_113184_0075.xml',);ape_summary_a024e84ff0c5.html;698881;D6
698901;L219;1488;76;5;61.0;FABBRICATO;Via Fratelli Garrone;63;45.0117341;7.6511606;Abitazione;Dal 1961 al 1970;Nessuno;Patrimonio indisponibile;Utilizzato direttamente;Altro;;;;1;;False;['2021_113184_0074.xml'];E;136.24;E;['2021_113184_0074.xml'];True;['2021_113184_0074.xml'];originali;('2021_113184_0074.xml',);ape_summary_9edcdafcc905.html;698901;D6
698904;L219;1488;76;53;60.0;FABBRICATO;Via Fratelli Garrone;63;45.0117341;7.6511606;Abitazione;Dal 1961 al 1970;Nessuno;Patrimonio indisponibile;Utilizzato direttamente;Altro;;;;1;;False;['2021_113184_0086.xml'];F;143.21;F;['2021_113184_0086.xml'];True;['2021_113184_0086.xml'];originali;('2021_113184_0086.xml',);ape_summary_0daf10e9a3bd.html;698904;D6
698906;L219;1488;76;55;60.0;FABBRICATO;Via Fratelli Garrone;63;45.0117341;7.6511606;Abitazione;Dal 1961 al 1970;Nessuno;Patrimonio indisponibile;Utilizzato direttamente;Altro;;;;1;;False;['2021_113184_0087.xml'];E;119.36;E;['2021_113184_0087.xml'];True;['2021_113184_0087.xml'];originali;('2021_113184_0087.xml',);ape_summary_2bec19b1985e.html;698906;D6
698934;L219;1488;76;85;59.0;FABBRICATO;Via Fratelli Garrone;63;45.0117341;7.6511606;Abitazione;Dal 1961 al 1970;Nessuno;Patrimonio indisponibile;Utilizzato direttamente;Altro;;;;1;;False;['2021_113184_0088.xml'];F;137.37;F;['2021_113184_0088.xml'];True;['2021_113184_0088.xml'];originali;('2021_113184_0088.xml',);ape_summary_6509bb25933c.html;698934;D6
698943;L219;1488;76;93;59.0;FABBRICATO;Via Fratelli Garrone;63;45.0117341;7.6511606;Abitazione;Dal 1961 al 1970;Nessuno;Patrimonio indisponibile;Utilizzato direttamente;Altro;;;;1;;False;['2021_113184_0089.xml'];E;113.68;E;['2021_113184_0089.xml'];True;['2021_113184_0089.xml'];originali;('2021_113184_0089.xml',);ape_summary_dd7d4ad0a952.html;698943;D6
698948;L219;1488;76;99;60.0;FABBRICATO;Via Fratelli Garrone;63;45.0117341;7.6511606;Abitazione;Dal 1961 al 1970;Nessuno;Patrimonio indisponibile;Utilizzato direttamente;Altro;;;;1;;False;['2021_113184_0076.xml'];F;224.49;E;['2021_113184_0076.xml'];True;['2021_113184_0076.xml'];originali;('2021_113184_0076.xml',);ape_summary_c6850b64640b.html;698948;D6
698989;L219;1344;106;5;5605.75;FABBRICATO;via negri ada;23;45.0521082;7.6396716;Edificio scolastico (es.: scuola di ogni ordine e grado, università, scuola di formazione);Dal 1991 al 2000;Nessuno;Patrimonio indisponibile;Utilizzato direttamente;Attività didattica;;;;1;;False;['2019_106141_0208.xml', '2021_100235_0003.xml'];C;184.1;C;['2019_106141_0208.xml', '2021_100235_0003.xml'];True;['2021_100235_0003.xml'];originali;('2019_106141_0208.xml', '2021_100235_0003.xml');ape_summary_5db73afe5302.html;698989;D18
699010;L219;1488;77;205;65.0;FABBRICATO;Via E. Artom;81;45.0112325;7.6498055;Abitazione;Dal 1961 al 1970;Nessuno;Patrimonio indisponibile;Utilizzato direttamente;Altro;;;;1;;False;['2022_113184_0126.xml'];D;132.07;D;['2022_113184_0126.xml'];;['2022_113184_0126.xml'];originali;('2022_113184_0126.xml',);ape_summary_6782e00e618a.html;699010;D6
699018;L219;1488;77;25;61.0;FABBRICATO;Via E. Artom;81;45.0112325;7.6498055;Abitazione;Dal 1961 al 1970;Nessuno;Patrimonio indisponibile;Utilizzato direttamente;Altro;;;;1;;False;['2021_113184_0062.xml'];F;145.64;E;['2021_113184_0062.xml'];;['2021_113184_0062.xml'];originali;('2021_113184_0062.xml',);ape_summary_d399d9082cc6.html;699018;D6
699039;L219;1488;77;44;80.0;FABBRICATO;Via E. Artom;81;45.0112325;7.6498055;Abitazione;Dal 1961 al 1970;Nessuno;Patrimonio indisponibile;Utilizzato direttamente;Altro;;;;1;;False;['2022_113184_0123.xml'];D;105.16;D;['2022_113184_0123.xml'];;['2022_113184_0123.xml'];originali;('2022_113184_0123.xml',);ape_summary_80bdc8d4e07a.html;699039;D6
699043;L219;1488;77;48;80.0;FABBRICATO;Via E. Artom;81;45.0112325;7.6498055;Abitazione;Dal 1961 al 1970;Nessuno;Patrimonio indisponibile;Utilizzato direttamente;Altro;;;;1;;False;['2022_113184_0124.xml'];F;155.53;F;['2022_113184_0124.xml'];;['2022_113184_0124.xml'];originali;('2022_113184_0124.xml',);ape_summary_9e0d43c163f8.html;699043;D6
699050;L219;1488;77;55;60.0;FABBRICATO;Via E. Artom;81;45.0112325;7.6498055;Abitazione;Dal 1961 al 1970;Nessuno;Patrimonio indisponibile;Utilizzato direttamente;Altro;;;;1;;False;['2022_113184_0125.xml'];F;181.57;F;['2022_113184_0125.xml'];;['2022_113184_0125.xml'];originali;('2022_113184_0125.xml',);ape_summary_bf7e44488f8a.html;699050;D6
699052;L219;1488;77;58;80.0;FABBRICATO;Via E. Artom;81;45.0112325;7.6498055;Abitazione;Dal 1961 al 1970;Nessuno;Patrimonio indisponibile;Utilizzato direttamente;Altro;;;;1;;False;['2021_113184_0063.xml'];E;118.99;E;['2021_113184_0063.xml'];;['2021_113184_0063.xml'];originali;('2021_113184_0063.xml',);ape_summary_ae7942a34acd.html;699052;D6
699066;L219;1488;77;70;78.0;FABBRICATO;Via E. Artom;81;45.0112325;7.6498055;Abitazione;Dal 1961 al 1970;Nessuno;Patrimonio indisponibile;Utilizzato direttamente;Altro;;;;1;;False;['2022_113184_0127.xml'];F;154.05;F;['2022_113184_0127.xml'];;['2022_113184_0127.xml'];originali;('2022_113184_0127.xml',);ape_summary_e471435d32ec.html;699066;D6
699068;L219;1488;77;72;79.0;FABBRICATO;Via E. Artom;81;45.0112325;7.6498055;Abitazione;Dal 1961 al 1970;Nessuno;Patrimonio indisponibile;Utilizzato direttamente;Altro;;;;1;;False;['2021_113184_0064.xml'];F;161.98;E;['2021_113184_0064.xml'];;['2021_113184_0064.xml'];originali;('2021_113184_0064.xml',);ape_summary_a42c7e4b924a.html;699068;D6
699076;L219;1488;77;82;80.0;FABBRICATO;Via E. Artom;81;45.0112325;7.6498055;Abitazione;Dal 1961 al 1970;Nessuno;Patrimonio indisponibile;Utilizzato direttamente;Altro;;;;1;;False;['2022_113184_0128.xml'];F;258.52;E;['2022_113184_0128.xml'];;['2022_113184_0128.xml'];originali;('2022_113184_0128.xml',);ape_summary_9e8759b9b52f.html;699076;D6
699083;L219;1488;77;90;80.0;FABBRICATO;Via E. Artom;81;45.0112325;7.6498055;Abitazione;Dal 1961 al 1970;Nessuno;Patrimonio indisponibile;Utilizzato direttamente;Altro;;;;1;;False;['2021_113184_0065.xml'];E;135.69;E;['2021_113184_0065.xml'];;['2021_113184_0065.xml'];originali;('2021_113184_0065.xml',);ape_summary_a24351487688.html;699083;D6
699094;L219;1488;78;10;80.0;FABBRICATO;Via Fratelli Garrone;61;45.0109034;7.650705;Abitazione;Dal 1961 al 1970;Nessuno;Patrimonio indisponibile;Utilizzato direttamente;Altro;;;;1;;False;['2021_113184_0067.xml'];F;123.55;F;['2021_113184_0067.xml'];True;['2021_113184_0067.xml'];originali;('2021_113184_0067.xml',);ape_summary_6a346f7c734f.html;699094;D6
699095;L219;1488;78;101;62.0;FABBRICATO;Via Fratelli Garrone;61;45.0109034;7.650705;Abitazione;Dal 1961 al 1970;Nessuno;Patrimonio indisponibile;Utilizzato direttamente;Altro;;;;1;;False;['2021_113184_0071.xml'];F;266.25;E;['2021_113184_0071.xml'];True;['2021_113184_0071.xml'];originali;('2021_113184_0071.xml',);ape_summary_8508128cfb0d.html;699095;D6
699097;L219;1488;78;103;61.0;FABBRICATO;Via Fratelli Garrone;61;45.0109034;7.650705;Abitazione;Dal 1961 al 1970;Nessuno;Patrimonio indisponibile;Utilizzato direttamente;Altro;;;;1;;False;['2021_113184_0072.xml'];F;133.3;F;['2021_113184_0072.xml'];True;['2021_113184_0072.xml'];originali;('2021_113184_0072.xml',);ape_summary_35b54a7305e7.html;699097;D6
699104;L219;1488;78;112;87.0;FABBRICATO;Via Fratelli Garrone;61;45.0109034;7.650705;Abitazione;Dal 1961 al 1970;Nessuno;Patrimonio indisponibile;Utilizzato direttamente;Altro;;;;1;;False;['2021_113184_0073.xml'];F;146.06;F;['2021_113184_0073.xml'];True;['2021_113184_0073.xml'];originali;('2021_113184_0073.xml',);ape_summary_a3c630ac58fd.html;699104;D6
699156;L219;1488;78;46;83.0;FABBRICATO;Via Fratelli Garrone;61;45.0109034;7.650705;Abitazione;Dal 1961 al 1970;Nessuno;Patrimonio indisponibile;Utilizzato direttamente;Altro;;;;1;;False;['2021_113184_0068.xml'];E;96.85;E;['2021_113184_0068.xml'];True;['2021_113184_0068.xml'];originali;('2021_113184_0068.xml',);ape_summary_811fa44ff317.html;699156;D6
699167;L219;1488;78;56;82.0;FABBRICATO;Via Fratelli Garrone;61;45.0109034;7.650705;Abitazione;Dal 1961 al 1970;Nessuno;Patrimonio indisponibile;Utilizzato direttamente;Altro;;;;1;;False;['2021_113184_0069.xml'];E;97.04;E;['2021_113184_0069.xml'];True;['2021_113184_0069.xml'];originali;('2021_113184_0069.xml',);ape_summary_5cea3fbb42fe.html;699167;D6
699180;L219;1488;78;68;86.0;FABBRICATO;Via Fratelli Garrone;61;45.0109034;7.650705;Abitazione;Dal 1961 al 1970;Nessuno;Patrimonio indisponibile;Utilizzato direttamente;Altro;;;;1;;False;['2021_113184_0070.xml'];E;96.19;E;['2021_113184_0070.xml'];True;['2021_113184_0070.xml'];originali;('2021_113184_0070.xml',);ape_summary_da3026a77c32.html;699180;D6
699193;L219;1488;78;8;81.0;FABBRICATO;Via Fratelli Garrone;61;45.0109034;7.650705;Abitazione;Dal 1961 al 1970;Nessuno;Patrimonio indisponibile;Utilizzato direttamente;Altro;;;;1;;False;['2021_113184_0066.xml'];F;131.82;F;['2021_113184_0066.xml'];True;['2021_113184_0066.xml'];originali;('2021_113184_0066.xml',);ape_summary_f6fa63163d76.html;699193;D6
699207;L219;1488;78;94;87.0;FABBRICATO;Via Fratelli Garrone;61;45.0109034;7.650705;Abitazione;Dal 1961 al 1970;Nessuno;Patrimonio indisponibile;Utilizzato direttamente;Altro;;;;1;;False;['2022_113184_0129.xml'];E;87.94;E;['2022_113184_0129.xml'];True;['2022_113184_0129.xml'];originali;('2022_113184_0129.xml',);ape_summary_13a8ab1955a9.html;699207;D6
699307;L219;209;106;26;30.0;FABBRICATO;Via Gian Francesco Bellezia;33;45.0756391;7.6813996;Abitazione;Prima del 1919;Nessuno;Patrimonio indisponibile;Utilizzato direttamente;Altro;;;;1;;False;['2021_113184_0091.xml'];G;329.36;F;['2021_113184_0091.xml'];;['2021_113184_0091.xml'];originali;('2021_113184_0091.xml',);ape_summary_002411dbf05e.html;699307;B5
699332;L219;209;118;5006;69.0;FABBRICATO;via s. chiara;10;45.0756391;7.6813996;Abitazione;Prima del 1919;Nessuno;Patrimonio indisponibile;Utilizzato direttamente;Altro;;;;1;;False;['2021_113184_0093.xml'];E;160.32;D;['2021_113184_0093.xml'];True;['2021_113184_0093.xml'];originali;('2021_113184_0093.xml',);ape_summary_5aa42a2f8a3f.html;699332;B5
699375;L219;209;128;34;46.0;FABBRICATO;Via Sant'Agostino;26;45.0756391;7.6813996;Abitazione;Prima del 1919;Nessuno;Patrimonio indisponibile;Utilizzato direttamente;Altro;;;;1;;False;['2021_113184_0095.xml'];F;172.0;E;['2021_113184_0095.xml'];;['2021_113184_0095.xml'];originali;('2021_113184_0095.xml',);ape_summary_bee8356c1102.html;699375;B5
699395;L219;209;128;56;40.0;FABBRICATO;Via Franco Bonelli;5;45.0756391;7.6813996;Abitazione;Prima del 1919;Nessuno;Patrimonio indisponibile;Utilizzato direttamente;Altro;;;;1;;False;['2021_113184_0096.xml'];G;318.27;G;['2021_113184_0096.xml'];False;['2021_113184_0096.xml'];originali;('2021_113184_0096.xml',);ape_summary_201777ee7c95.html;699395;B5
699402;L219;209;128;64;63.0;FABBRICATO;Via Franco Bonelli;3;45.0756391;7.6813996;Abitazione;Prima del 1919;Nessuno;Patrimonio indisponibile;Utilizzato direttamente;Altro;;;;1;;False;['2021_113184_0094.xml'];G;245.33;E;['2021_113184_0094.xml'];True;['2021_113184_0094.xml'];originali;('2021_113184_0094.xml',);ape_summary_da193729c5a2.html;699402;B5
699415;L219;209;128;77;46.0;FABBRICATO;via s. chiara;10;45.0756391;7.6813996;Abitazione;Prima del 1919;Nessuno;Patrimonio indisponibile;Utilizzato direttamente;Altro;;;;1;;False;['2021_113184_0092.xml'];E;108.1;D;['2021_113184_0092.xml'];True;['2021_113184_0092.xml'];originali;('2021_113184_0092.xml',);ape_summary_eb05c467e2bd.html;699415;B5
2667016;L219;1043;41;19;129.0;FABBRICATO;Corso Vercelli;491 3;45.1191776;7.7105979;Abitazione;Dal 1919 al 1945;Dichiarazione di interesse culturale;Demanio;Utilizzato direttamente;Altro;;;;1;;False;['2021_313821_0072.xml'];A1;80.88;A1;['2021_313821_0072.xml'];True;['2021_313821_0072.xml'];originali;('2021_313821_0072.xml',);ape_summary_777a9354bfd0.html;2667016;D22
2667037;L219;1043;40;23;106.0;FABBRICATO;Corso Vercelli;487 2;45.1190395;7.7101843;Locale commerciale, negozio;Dal 1919 al 1945;Dichiarazione di interesse culturale;Demanio;Utilizzato direttamente;Attività commerciale e di ristorazione;;;;1;;False;['2022_113181_0020.xml'];F;413.97;E;['2022_113181_0020.xml'];True;['2022_113181_0020.xml'];originali;('2022_113181_0020.xml',);ape_summary_765f648e21e3.html;2667037;D22
2667246;L219;1043;37;23;101.0;FABBRICATO;Corso Vercelli;491 5;45.1194406;7.7104328;Abitazione;Dal 1919 al 1945;Dichiarazione di interesse culturale;Demanio;Utilizzato direttamente;Altro;;;;1;;False;['2019_102351_0129.xml'];A1;58.21;A3;['2019_102351_0129.xml'];True;['2019_102351_0129.xml'];originali;('2019_102351_0129.xml',);ape_summary_9c2371defb79.html;2667246;D22
2667297;L219;1043;18;16;102.0;FABBRICATO;Corso Vercelli;483 6;45.119419;7.7094427;Abitazione;Dal 1919 al 1945;Dichiarazione di interesse culturale;Demanio;Utilizzato direttamente;Altro;;;;1;;False;['2021_313821_0081.xml'];B;103.81;A1;['2021_313821_0081.xml'];True;['2021_313821_0081.xml'];originali;('2021_313821_0081.xml',);ape_summary_e9b44847a9fd.html;2667297;D22
2667306;L219;1043;18;26;99.0;FABBRICATO;Corso Vercelli;483 6;45.119419;7.7094427;Abitazione;Dal 1919 al 1945;Dichiarazione di interesse culturale;Demanio;Utilizzato direttamente;Altro;;;;1;;False;['2021_313821_0082.xml'];B;83.32;A2;['2021_313821_0082.xml'];True;['2021_313821_0082.xml'];originali;('2021_313821_0082.xml',);ape_summary_6685880c950b.html;2667306;D22
2667349;L219;1043;14;21;103.0;FABBRICATO;Corso Vercelli;491 11;45.1199126;7.7101329;Abitazione;Dal 1919 al 1945;Dichiarazione di interesse culturale;Demanio;Utilizzato direttamente;Altro;;;;1;;False;['2019_102351_0137.xml'];B;113.65;A1;['2019_102351_0137.xml'];True;['2019_102351_0137.xml'];originali;('2019_102351_0137.xml',);ape_summary_bf4ad204db2d.html;2667349;D22
2667354;L219;1043;14;27;101.0;FABBRICATO;Corso Vercelli;491 11;45.1199126;7.7101329;Abitazione;Dal 1919 al 1945;Dichiarazione di interesse culturale;Demanio;Utilizzato direttamente;Altro;;;;1;;False;['2019_102351_0139.xml'];C;79.29;A1;['2019_102351_0139.xml'];True;['2019_102351_0139.xml'];originali;('2019_102351_0139.xml',);ape_summary_f3136c597143.html;2667354;D22
2667366;L219;1043;8;19;128.0;FABBRICATO;Corso Vercelli;483 12;45.119915;7.7091353;Abitazione;Dal 1919 al 1945;Dichiarazione di interesse culturale;Demanio;Utilizzato direttamente;Altro;;;;1;;False;['2019_102351_0146.xml'];B;108.96;B;['2019_102351_0146.xml'];False;['2019_102351_0146.xml'];originali;('2019_102351_0146.xml',);ape_summary_7a89d58f1bc6.html;2667366;D22
2667372;L219;1043;8;31;105.0;FABBRICATO;Corso Vercelli;483 12;45.119915;7.7091353;Abitazione;Dal 1919 al 1945;Dichiarazione di interesse culturale;Demanio;Utilizzato direttamente;Altro;;;;1;;False;['2019_312661_0148.xml'];B;85.26;A1;['2019_312661_0148.xml'];False;['2019_312661_0148.xml'];originali;('2019_312661_0148.xml',);ape_summary_9ca86560b593.html;2667372;D22
2668027;L219;1043;7;32;127.0;FABBRICATO;Corso Vercelli;491 16;45.1204147;7.7098685;Abitazione;Dal 1919 al 1945;Dichiarazione di interesse culturale;Demanio;Utilizzato direttamente;Altro;;;;1;;False;['2019_312661_0151.xml'];A1;80.08;A2;['2019_312661_0151.xml'];False;['2019_312661_0151.xml'];originali;('2019_312661_0151.xml',);ape_summary_bb17f6d787b8.html;2668027;D22
2852622;L219;1222;20;24;756.0;FABBRICATO;VIA CASALIS GOFFREDO;54;45.0753266;7.6574814;Edificio scolastico (es.: scuola di ogni ordine e grado, università, scuola di formazione);Dal 1961 al 1970;Nessuno;Patrimonio indisponibile;Utilizzato direttamente;Attività didattica;;;;1;;False;['2019_109776_0001.xml'];E;247.56;E;['2019_109776_0001.xml'];True;['2019_109776_0001.xml'];originali;('2019_109776_0001.xml',);ape_summary_9f1a27f8f839.html;2852622;C7
2854663;L219;1301;135;26;92.0;FABBRICATO;Via Valeggio;23;45.0589645;7.6687327;Abitazione;Dal 1919 al 1945;Nessuno;Patrimonio disponibile;Utilizzato direttamente;Altro;;;;1;;False;['2022_214663_0084.xml'];F;162.84;E;['2022_214663_0084.xml'];True;['2022_214663_0084.xml'];originali;('2022_214663_0084.xml',);ape_summary_2720eed83051.html;2854663;C4
