id;codice_comune;foglio;particella;subalterno;superficie_di_riferimento_mq;natura_del_bene;indirizzo;numero_civico;latitudine;longitudine;tipologia_bene_immobile;epoca_costruzione;vincolo_culturale_paesaggistico;natura_giuridica_del_bene;utilizzo_del_bene;finalita;tipo_detenzione_a_terzi;canone_annuale;data_decorrenza;numero_immobili_per_catasto;id_list;meta_immobile;lista_file_ape;classe_energetica_ape;epglnren_ape;classe_target_ape;list_file_ape_filtered;coordinate_ds_coerenti;list_file_ape_validated;fonte_coordinate_usata;list_file_ape_validated_norm;plot_filename;id_left;zona_omi
3107622;L219;1009;180;;3480.0;FABBRICATO;Strada Comunale del Villaretto;187;45.1306589;7.6848438;Abitazione;Dal 2001 al 2010;Nessuno;Patrimonio indisponibile;Utilizzato direttamente;Altro;;;;45;[685999, 686000, 686001, 686002, 686003, 686004, 686005, 686006, 686007, 686008, 686009, 686010, 686011, 686012, 686013, 686014, 686015, 686016, 686017, 686018, 686019, 686020, 686021, 686022, 686023, 686024, 686025, 686026, 686027, 686028, 686029, 686030, 686031, 686032, 686033, 686034, 686035, 686036, 686037, 686038, 686039, 686040, 686041, 686042, 686061];True;[];;;;[];False;[];originali;();;3107622;D22
3107623;L219;1013;136;;5444.0;FABBRICATO;Via degli Abeti;13;45.1312655;7.7090528;Edificio scolastico (es.: scuola di ogni ordine e grado, università, scuola di formazione);Dal 1981 al 1990;Nessuno;Patrimonio indisponibile;Utilizzato direttamente;Attività didattica;;;;3;[683279, 683280, 683281];True;['2020_101416_0019.xml'];A1;119.03;A4;['2020_101416_0019.xml'];True;['2020_101416_0019.xml'];originali;('2020_101416_0019.xml',);ape_summary_af6cfcc9132e.html;3107623;D22
3107624;L219;1013;137;;690.0;FABBRICATO;Via delle Querce;23;45.1304989;7.7075375;Abitazione;Dal 1971 al 1980;Nessuno;Patrimonio indisponibile;Utilizzato direttamente;Altro;;;;3;[683282, 683283, 683284];True;[];;;;[];True;[];originali;();;3107624;D22
3107625;L219;1013;35;;1355.25;FABBRICATO;Via degli Abeti;15;45.1310566;7.7099316;Abitazione;Dal 1971 al 1980;Nessuno;Patrimonio indisponibile;Utilizzato direttamente;Alloggio di servizio, foresterie;in concessione a titolo oneroso;5512.0;01/12/2013;2;[683288, 683289];True;[];;;;[];True;[];originali;();;3107625;D22
3107626;L219;1016;39;;302.0;FABBRICATO;VIA DEGLI ULIVI;49E;45.129511;7.7168342;Locale commerciale, negozio;Dopo il 2010;Nessuno;Patrimonio indisponibile;Utilizzato direttamente;Altro;;;;2;[2787467, 2787468];True;['2021_108783_0001.xml'];A4;28.36;A4;['2021_108783_0001.xml'];;[];originali;('2021_108783_0001.xml',);ape_summary_ec9fca2bf74f.html;3107626;D22
3107627;L219;1024;56;;1009.4200000000001;FABBRICATO;PIAZZA ASTENGO GIOVANNI;10;45.1271572;7.7097132;Ufficio strutturato ed assimilabili;Dal 1971 al 1980;Nessuno;Patrimonio indisponibile;Utilizzato direttamente;Attività amministrativa/uffici pubblici;;;;2;[2674974, 2674975];True;[];;;;[];True;[];originali;();;3107627;D22
3107628;L219;1024;65;;3851.0;FABBRICATO;Via dei Pioppi;43;45.1264153;7.7124527;Edificio scolastico (es.: scuola di ogni ordine e grado, università, scuola di formazione);Dal 1946 al 1960;Nessuno;Patrimonio indisponibile;Utilizzato direttamente;Attività artistica e culturale;;;;2;[683465, 683466];True;[];;;;[];True;[];originali;();;3107628;D22
3107629;L219;1026;37;;2298.75;FABBRICATO;Strada Cuorgnè;109;45.1260897;7.7006839;Abitazione;Prima del 1919;Nessuno;Demanio;Utilizzato direttamente;Attività didattica;;;;6;[683470, 683471, 683472, 683473, 683474, 683475];True;[];;;;[];True;[];originali;();;3107629;D22
3107630;L219;1027;143;;1328.2800000000002;FABBRICATO;Strada Cuorgnè;81;45.1234107;7.7033776;Ufficio strutturato ed assimilabili;Prima del 1919;Nessuno;Patrimonio indisponibile;Utilizzato direttamente;Altro;;;;2;[683534, 683535];True;[];;;;[];True;[];originali;();;3107630;D22
3107631;L219;1033;14;;176.0;FABBRICATO;Strada Bellacomba;138;45.1247425;7.672253;Abitazione;Prima del 1919;Nessuno;Patrimonio indisponibile;Utilizzato direttamente;Attività amministrativa/uffici pubblici;;;;2;[24506, 25122];True;[];;;;[];True;[];originali;();;3107631;D22
3107632;L219;1033;17;;176.0;FABBRICATO;Strada Bellacomba;138;45.1247425;7.672253;Abitazione;Prima del 1919;Nessuno;Patrimonio indisponibile;Utilizzato direttamente;Attività amministrativa/uffici pubblici;;;;2;[24506, 25122];True;[];;;;[];True;[];originali;();;3107632;D22
3107633;L219;1033;20;;369.0;FABBRICATO;Strada Bellacomba;138;45.1245559;7.6715423;Fabbricato per attività produttiva (industriale, artigianale o agricola);Prima del 1919;Nessuno;Patrimonio indisponibile;Utilizzato direttamente;Attività amministrativa/uffici pubblici;;;;4;[683715, 683716, 683717, 683718];True;[];;;;[];True;[];originali;();;3107633;D22
3107634;L219;1036;99;;4568.5;FABBRICATO;Via Giovanni de Stefanis;20;45.1175901;7.6534828;Abitazione;Dal 1971 al 1980;Nessuno;Patrimonio indisponibile;Utilizzato direttamente;Alloggio di servizio, foresterie;;;;2;[686313, 686314];True;[];;;;[];;[];originali;();;3107634;D22
3107635;L219;1037;132;;2104.0;FABBRICATO;STRADA PROV. DI LANZO;146;45.1177993;7.6586549;Abitazione;Dal 1971 al 1980;Nessuno;Patrimonio indisponibile;Utilizzato direttamente;Alloggio di servizio, foresterie;;;;2;[686315, 686316];True;[];;;;[];;[];originali;();;3107635;D22
3107636;L219;1043;10;;933.0;FABBRICATO;corso vercelli;491 13;45.1201654;7.7099907;Abitazione;Dal 1919 al 1945;Dichiarazione di interesse culturale;Demanio;Utilizzato direttamente;Altro;;;;13;[687257, 687258, 687259, 687260, 687261, 687267, 687268, 687269, 687270, 687271, 2667997, 2667999, 2668004];True;['2019_102351_0142.xml', '2019_102351_0143.xml', '2021_313821_0080.xml'];C;112.85;A1;['2019_102351_0142.xml', '2019_102351_0143.xml', '2021_313821_0080.xml'];False;['2021_313821_0080.xml'];originali;('2019_102351_0142.xml', '2019_102351_0143.xml', '2021_313821_0080.xml');ape_summary_30fbaefbb650.html;3107636;D22
3107637;L219;1043;12;;846.0;FABBRICATO;corso vercelli;483 9;45.119656;7.7092692;Abitazione;Dal 1919 al 1945;Dichiarazione di interesse culturale;Demanio;Utilizzato direttamente;Altro;;;;14;[687349, 687350, 687353, 687354, 687355, 687356, 687357, 687358, 687359, 687360, 687361, 687362, 687363, 2668401];True;['2019_312661_0144.xml', '2019_312661_0145.xml'];C;84.17;C;['2019_312661_0144.xml', '2019_312661_0145.xml'];True;['2019_312661_0144.xml', '2019_312661_0145.xml'];originali;('2019_312661_0144.xml', '2019_312661_0145.xml');ape_summary_a808b314c391.html;3107637;D22
3107638;L219;1043;13;;926.0;FABBRICATO;corso vercelli;487 10;45.1197849;7.7097167;Abitazione;Dal 1919 al 1945;Dichiarazione di interesse culturale;Demanio;Utilizzato direttamente;Altro;;;;13;[687364, 687365, 687366, 687367, 687368, 687369, 687372, 687375, 687376, 687379, 2667343, 2667344, 2667346];True;['2021_313821_0076.xml', '2021_313821_0077.xml', '2021_313821_0096.xml'];C;77.59;A1;['2021_313821_0076.xml', '2021_313821_0077.xml', '2021_313821_0096.xml'];True;['2021_313821_0076.xml', '2021_313821_0077.xml', '2021_313821_0096.xml'];originali;('2021_313821_0076.xml', '2021_313821_0077.xml', '2021_313821_0096.xml');ape_summary_cda046821f98.html;3107638;D22
3107639;L219;1043;14;;927.0;FABBRICATO;corso vercelli;491 11;45.1199126;7.7101329;Abitazione;Dal 1919 al 1945;Dichiarazione di interesse culturale;Demanio;Utilizzato direttamente;Altro;;;;13;[687422, 687423, 687426, 687427, 687428, 687429, 687430, 687435, 687436, 687437, 2667349, 2667351, 2667354];True;['2019_102351_0137.xml', '2019_102351_0138.xml', '2019_102351_0139.xml'];B;113.65;A1;['2019_102351_0137.xml', '2019_102351_0138.xml', '2019_102351_0139.xml'];True;['2019_102351_0137.xml', '2019_102351_0138.xml', '2019_102351_0139.xml'];originali;('2019_102351_0137.xml', '2019_102351_0138.xml', '2019_102351_0139.xml');ape_summary_53e5133b0ac7.html;3107639;D22
3107640;L219;1043;18;;924.0;FABBRICATO;corso vercelli;483 6;45.119419;7.7094427;Abitazione;Dal 1919 al 1945;Dichiarazione di interesse culturale;Demanio;Utilizzato direttamente;Altro;;;;13;[687439, 687440, 687443, 687444, 687445, 687446, 687449, 687450, 2667296, 2667297, 2667298, 2667303, 2667306];True;['2019_102351_0147.xml', '2019_102351_0148.xml', '2021_313821_0081.xml', '2021_313821_0082.xml'];C;86.26;A1;['2019_102351_0147.xml', '2019_102351_0148.xml', '2021_313821_0081.xml', '2021_313821_0082.xml'];True;['2021_313821_0081.xml', '2021_313821_0082.xml'];originali;('2019_102351_0147.xml', '2019_102351_0148.xml', '2021_313821_0081.xml', '2021_313821_0082.xml');ape_summary_e49e134657d1.html;3107640;D22
3107641;L219;1043;19;;926.0;FABBRICATO;corso vercelli;487 7;45.1195375;7.7098654;Abitazione;Dal 1919 al 1945;Dichiarazione di interesse culturale;Demanio;Utilizzato direttamente;Altro;;;;12;[687457, 687461, 687462, 687463, 687464, 687465, 687470, 687471, 2667313, 2667317, 2667321, 2667324];True;[];;;;[];True;[];originali;();;3107641;D22
3107642;L219;1043;20;;922.0;FABBRICATO;corso vercelli;491 8;45.1196739;7.7103112;Abitazione;Dal 1919 al 1945;Dichiarazione di interesse culturale;Demanio;Utilizzato direttamente;Altro;;;;13;[686361, 686362, 686365, 686366, 686367, 686368, 686369, 686372, 686373, 686376, 2667325, 2667328, 2667330];True;['2019_102351_0131.xml', '2019_102351_0132.xml', '2019_102351_0133.xml', '2021_313821_0084.xml'];C;120.64;B;['2019_102351_0131.xml', '2019_102351_0132.xml', '2019_102351_0133.xml', '2021_313821_0084.xml'];True;['2019_102351_0131.xml', '2019_102351_0132.xml', '2019_102351_0133.xml'];originali;('2019_102351_0131.xml', '2019_102351_0132.xml', '2019_102351_0133.xml', '2021_313821_0084.xml');ape_summary_ca59db81887b.html;3107642;D22
3107643;L219;1043;221;;7105.25;FABBRICATO;Via Cavagnolo;35;45.1167094;7.7073511;Edificio scolastico (es.: scuola di ogni ordine e grado, università, scuola di formazione);Dal 1981 al 1990;Nessuno;Patrimonio indisponibile;Utilizzato direttamente;Attività didattica;;;;7;[687486, 687487, 687488, 687489, 687490, 687491, 687492];True;[];;;;[];True;[];originali;();;3107643;D22
3107644;L219;1043;36;;926.0;FABBRICATO;corso vercelli;483 4;45.1191459;7.7095702;Abitazione;Dal 1919 al 1945;Dichiarazione di interesse culturale;Demanio;Utilizzato direttamente;Altro;;;;13;[687499, 687500, 687501, 687502, 687503, 687509, 687510, 687511, 687512, 687513, 2667219, 2667221, 2667230];True;[];;;;[];True;[];originali;();;3107644;D22
3107645;L219;1043;37;;929.0;FABBRICATO;corso vercelli;491 5;45.1194406;7.7104328;Abitazione;Dal 1919 al 1945;Dichiarazione di interesse culturale;Demanio;Utilizzato direttamente;Altro;;;;13;[686408, 686409, 686410, 686411, 686412, 686413, 686414, 686418, 686419, 686422, 2667234, 2667238, 2667246];True;['2019_102351_0129.xml', '2019_102351_0130.xml', '2021_313821_0073.xml', '2021_313821_0097.xml', '2022_313821_0069.xml'];A1;58.21;A3;['2019_102351_0129.xml', '2019_102351_0130.xml', '2021_313821_0073.xml', '2021_313821_0097.xml', '2022_313821_0069.xml'];True;['2019_102351_0129.xml', '2019_102351_0130.xml'];originali;('2019_102351_0129.xml', '2019_102351_0130.xml', '2021_313821_0073.xml', '2021_313821_0097.xml', '2022_313821_0069.xml');ape_summary_44f54df48408.html;3107645;D22
3107646;L219;1043;39;;938.0;FABBRICATO;corso vercelli;483 1;45.118914;7.7097266;Abitazione;Dal 1919 al 1945;Dichiarazione di interesse culturale;Demanio;Utilizzato direttamente;Altro;;;;9;[686463, 686464, 686465, 686466, 686467, 686469, 686470, 2667001, 2667002];True;['2019_102351_0134.xml', '2019_102351_0135.xml', '2019_102351_0136.xml'];C;108.47;A1;['2019_102351_0134.xml', '2019_102351_0135.xml', '2019_102351_0136.xml'];True;[];originali;('2019_102351_0134.xml', '2019_102351_0135.xml', '2019_102351_0136.xml');ape_summary_560bda509ab6.html;3107646;D22
3107647;L219;1043;40;;887.0;FABBRICATO;corso vercelli;487 2;45.1190395;7.7101843;Abitazione;Dal 1919 al 1945;Dichiarazione di interesse culturale;Demanio;Utilizzato direttamente;Altro;;;;14;[686477, 686478, 686479, 686480, 686481, 686482, 686483, 686484, 686485, 686490, 686491, 686492, 2667034, 2667037];True;['2019_102351_0144.xml', '2019_102351_0145.xml', '2021_313821_0083.xml', '2022_113181_0020.xml'];C;80.15;C;['2019_102351_0144.xml', '2019_102351_0145.xml', '2021_313821_0083.xml', '2022_113181_0020.xml'];True;['2019_102351_0144.xml', '2019_102351_0145.xml', '2021_313821_0083.xml', '2022_113181_0020.xml'];originali;('2019_102351_0144.xml', '2019_102351_0145.xml', '2021_313821_0083.xml', '2022_113181_0020.xml');ape_summary_5f759814c7c5.html;3107647;D22
3107648;L219;1043;41;;924.0;FABBRICATO;corso vercelli;491 3;45.1191776;7.7105979;Abitazione;Dal 1919 al 1945;Dichiarazione di interesse culturale;Demanio;Utilizzato direttamente;Altro;;;;13;[686570, 686571, 686572, 686573, 686574, 686575, 686576, 686580, 686581, 686584, 2667016, 2667022, 2667026];True;['2019_102351_0140.xml', '2019_102351_0141.xml', '2021_313821_0072.xml'];B;83.9;A2;['2019_102351_0140.xml', '2019_102351_0141.xml', '2021_313821_0072.xml'];True;['2019_102351_0140.xml', '2019_102351_0141.xml', '2021_313821_0072.xml'];originali;('2019_102351_0140.xml', '2019_102351_0141.xml', '2021_313821_0072.xml');ape_summary_5dc2f5535ae8.html;3107648;D22
3107649;L219;1043;5;;926.0;FABBRICATO;corso vercelli;483 14;45.1201632;7.7089964;Abitazione;Dal 1919 al 1945;Dichiarazione di interesse culturale;Demanio;Utilizzato direttamente;Altro;;;;15;[686585, 686586, 686587, 686588, 686589, 686590, 686591, 686592, 686593, 686596, 686597, 686598, 686599, 686600, 2668009];True;['2019_102351_0126.xml', '2019_102351_0127.xml', '2019_102351_0128.xml'];B;93.55;B;['2019_102351_0126.xml', '2019_102351_0127.xml', '2019_102351_0128.xml'];False;['2019_102351_0126.xml', '2019_102351_0127.xml', '2019_102351_0128.xml'];originali;('2019_102351_0126.xml', '2019_102351_0127.xml', '2019_102351_0128.xml');ape_summary_9bfab82a8f3c.html;3107649;D22
3107650;L219;1043;6;;929.0;FABBRICATO;corso vercelli;487 15;45.1202979;7.7094372;Abitazione;Dal 1919 al 1945;Dichiarazione di interesse culturale;Demanio;Utilizzato direttamente;Altro;;;;13;[686619, 686620, 686621, 686622, 686623, 686624, 686625, 686629, 686630, 686633, 2668014, 2668016, 2668019];True;['2020_312661_0134.xml', '2021_313821_0070.xml', '2021_313821_0078.xml', '2021_313821_0079.xml'];G;246.87;F;['2020_312661_0134.xml', '2021_313821_0070.xml', '2021_313821_0078.xml', '2021_313821_0079.xml'];False;['2020_312661_0134.xml', '2021_313821_0070.xml', '2021_313821_0078.xml', '2021_313821_0079.xml'];originali;('2020_312661_0134.xml', '2021_313821_0070.xml', '2021_313821_0078.xml', '2021_313821_0079.xml');ape_summary_54cd8a07a8dd.html;3107650;D22
3107651;L219;1043;68;;584.0;FABBRICATO;CORSO VERCELLI;SNC;45.118225;7.7096195;Abitazione;Prima del 1919;Nessuno;Patrimonio indisponibile;Non utilizzato;Non Dichiarato;;;;4;[686645, 686646, 686647, 686648];True;[];;;;[];True;[];originali;();;3107651;D22
3107652;L219;1043;7;;931.0;FABBRICATO;corso vercelli;491 16;45.1204147;7.7098685;Abitazione;Dal 1919 al 1945;Dichiarazione di interesse culturale;Demanio;Utilizzato direttamente;Altro;;;;14;[687520, 687521, 687526, 687527, 687528, 687529, 687530, 687531, 687532, 687533, 687534, 687535, 2668024, 2668027];True;['2019_312661_0149.xml', '2019_312661_0150.xml', '2019_312661_0151.xml', '2019_312661_0152.xml', '2021_313821_0071.xml', '2021_313821_0169.xml'];C;88.35;A1;['2019_312661_0149.xml', '2019_312661_0150.xml', '2019_312661_0151.xml', '2019_312661_0152.xml', '2021_313821_0071.xml', '2021_313821_0169.xml'];False;['2019_312661_0149.xml', '2019_312661_0150.xml', '2019_312661_0151.xml', '2019_312661_0152.xml', '2021_313821_0071.xml', '2021_313821_0169.xml'];originali;('2019_312661_0149.xml', '2019_312661_0150.xml', '2019_312661_0151.xml', '2019_312661_0152.xml', '2021_313821_0071.xml', '2021_313821_0169.xml');ape_summary_f559c995e69a.html;3107652;D22
3107653;L219;1043;73;;1902.0;FABBRICATO;Via Stefano Tempia;0;45.11743;7.7081348;Abitazione;Dal 1971 al 1980;Nessuno;Patrimonio indisponibile;Utilizzato direttamente;Altro;;;;20;[687537, 687538, 687539, 687540, 687541, 687542, 687543, 687544, 687545, 687546, 687547, 687548, 687550, 687551, 687552, 687553, 687554, 687555, 687556, 687557];True;['2020_200297_0200.xml', '2020_204454_0069.xml', '2021_108905_0009.xml', '2021_203171_0003.xml', '2021_210948_0117.xml', '2022_214587_0011.xml'];E;92.13;D;['2020_200297_0200.xml', '2020_204454_0069.xml', '2021_108905_0009.xml', '2021_203171_0003.xml', '2021_210948_0117.xml', '2022_214587_0011.xml'];;['2021_108905_0009.xml', '2021_203171_0003.xml', '2021_210948_0117.xml'];originali;('2020_200297_0200.xml', '2020_204454_0069.xml', '2021_108905_0009.xml', '2021_203171_0003.xml', '2021_210948_0117.xml', '2022_214587_0011.xml');ape_summary_41b9385628be.html;3107653;D22
3107654;L219;1043;74;;1070.0;FABBRICATO;via tempia stefano;9;45.1171163;7.708784;Abitazione;Dal 1971 al 1980;Nessuno;Patrimonio indisponibile;Utilizzato direttamente;Altro;;;;11;[686715, 686716, 686718, 686719, 686721, 686722, 686723, 686724, 686725, 686726, 686727];True;['2019_101255_0005.xml', '2020_107454_0060.xml'];D;132.97;D;['2019_101255_0005.xml', '2020_107454_0060.xml'];;[];originali;('2019_101255_0005.xml', '2020_107454_0060.xml');ape_summary_8c24694aaa51.html;3107654;D22
3107655;L219;1043;8;;932.0;FABBRICATO;corso vercelli;483 12;45.119915;7.7091353;Abitazione;Dal 1919 al 1945;Dichiarazione di interesse culturale;Demanio;Utilizzato direttamente;Altro;;;;13;[687020, 687023, 687024, 687028, 687029, 687030, 687031, 687032, 687033, 687034, 2667366, 2667371, 2667372];True;['2019_102351_0146.xml', '2019_312661_0146.xml', '2019_312661_0147.xml', '2019_312661_0148.xml', '2021_313821_0075.xml'];B;108.96;B;['2019_102351_0146.xml', '2019_312661_0146.xml', '2019_312661_0147.xml', '2019_312661_0148.xml', '2021_313821_0075.xml'];False;['2019_102351_0146.xml', '2019_312661_0146.xml', '2019_312661_0147.xml', '2019_312661_0148.xml', '2021_313821_0075.xml'];originali;('2019_102351_0146.xml', '2019_312661_0146.xml', '2019_312661_0147.xml', '2019_312661_0148.xml', '2021_313821_0075.xml');ape_summary_ee3f4936237a.html;3107655;D22
3107656;L219;1049;45;;349.0;FABBRICATO;Via Ivrea;49 B;45.1168175;7.7052032;Locale commerciale, negozio;Dal 1981 al 1990;Nessuno;Patrimonio disponibile;Utilizzato direttamente;Attività commerciale e di ristorazione;;;;3;[2665858, 2665859, 2665860];True;['2019_203322_0001.xml', '2019_203322_0002.xml', '2019_204038_0049.xml', '2019_211573_0004.xml', '2021_110874_0009.xml', '2021_208567_0156.xml', '2022_102992_0034.xml', '2022_202078_0276.xml', '2022_212343_0025.xml'];F;199.66;E;['2019_203322_0001.xml', '2019_203322_0002.xml', '2019_204038_0049.xml', '2019_211573_0004.xml', '2021_110874_0009.xml', '2021_208567_0156.xml', '2022_102992_0034.xml', '2022_202078_0276.xml', '2022_212343_0025.xml'];True;['2022_102992_0034.xml'];originali;('2019_203322_0001.xml', '2019_203322_0002.xml', '2019_204038_0049.xml', '2019_211573_0004.xml', '2021_110874_0009.xml', '2021_208567_0156.xml', '2022_102992_0034.xml', '2022_202078_0276.xml', '2022_212343_0025.xml');ape_summary_223efdeb63ba.html;3107656;D22
3107657;L219;1057;389;;5247.5;FABBRICATO;STRADA PROV. DI LANZO;147 11;45.1155714;7.6563601;Abitazione;Dal 1971 al 1980;Nessuno;Patrimonio indisponibile;Utilizzato direttamente;Alloggio di servizio, foresterie;;;;2;[687747, 687748];True;[];;;;[];;[];originali;();;3107657;D22
3107658;L219;1057;424;;826.0;FABBRICATO;Strada Bra;22;45.1160617;7.6602276;Abitazione;Dal 1946 al 1960;Nessuno;Patrimonio indisponibile;Utilizzato direttamente;Altro;;;;9;[2864193, 2864194, 2864195, 2864196, 2864197, 2864198, 2864199, 2864200, 2864201];True;[];;;;[];;[];originali;();;3107658;D22
3107659;L219;1059;2;;668.5;FABBRICATO;via venaria;82;45.11210976;7.65749785;Abitazione;Prima del 1919;Nessuno;Patrimonio indisponibile;Utilizzato direttamente;Alloggio di servizio, foresterie;;;;2;[687749, 687750];True;[];;;;[];;[];originali;();;3107659;D22
3107660;L219;1059;277;;387.0;FABBRICATO;via venaria;38;45.10833391;7.66100814;Abitazione;Dal 1919 al 1945;Nessuno;Patrimonio indisponibile;Utilizzato direttamente;Altro;;;;8;[687751, 687752, 687753, 687754, 687755, 687756, 687757, 687758];True;[];;;;[];;[];originali;();;3107660;D10
3107661;L219;1059;281;;416.0;FABBRICATO;Via Venarìa;36;45.10818734;7.66114061;Abitazione;Dal 1919 al 1945;Nessuno;Patrimonio indisponibile;Utilizzato direttamente;Altro;;;;6;[687759, 687760, 687761, 687762, 687763, 687764];True;['2019_312661_0215.xml'];F;326.15;E;['2019_312661_0215.xml'];True;['2019_312661_0215.xml'];originali;('2019_312661_0215.xml',);ape_summary_d37f1c2d340d.html;3107661;D10
3107662;L219;1059;483;;8480.25;FABBRICATO;Via Lanzo;25;45.11037159;7.66288434;Abitazione;Dal 1981 al 1990;Nessuno;Patrimonio indisponibile;Utilizzato direttamente;Alloggio di servizio, foresterie;;;;5;[687769, 687770, 687771, 687772, 687773];True;[];;;;[];False;[];originali;();;3107662;D10
3107663;L219;1059;5;;432.5;FABBRICATO;Piazza Stampalia;85;45.11216912;7.65945722;Edificio scolastico (es.: scuola di ogni ordine e grado, università, scuola di formazione);Prima del 1919;Nessuno;Patrimonio indisponibile;Utilizzato direttamente;Altro;;;;2;[699433, 699434];True;[];;;;[];;[];originali;();;3107663;D22
3107664;L219;1059;83;;4485.75;FABBRICATO;Via Alfonso Badini Confalonieri;74;45.10972467;7.65746834;Abitazione;Dal 1961 al 1970;Nessuno;Patrimonio indisponibile;Utilizzato direttamente;Alloggio di servizio, foresterie;;;;2;[687774, 687775];True;[];;;;[];True;[];originali;();;3107664;D10
3107665;L219;1065;24;;541.0;FABBRICATO;CORSO FERRARA;50;45.1091131;7.624154;Abitazione;Dal 1961 al 1970;Nessuno;Patrimonio disponibile;Utilizzato direttamente;Altro;in locazione;5053.0;01/07/2022;6;[687143, 2859501, 2859503, 2859505, 2859507, 2859508];True;['2022_102099_0003.xml', '2022_102099_0004.xml', '2022_102099_0006.xml'];G;409.31;F;['2022_102099_0003.xml', '2022_102099_0004.xml', '2022_102099_0006.xml'];True;['2022_102099_0003.xml', '2022_102099_0004.xml', '2022_102099_0006.xml'];originali;('2022_102099_0003.xml', '2022_102099_0004.xml', '2022_102099_0006.xml');ape_summary_eb804f7fa70c.html;3107665;D23
3107666;L219;1065;25;;462.0;FABBRICATO;Corso Ferrara;50;45.1088208;7.6243678;Abitazione;Dal 1961 al 1970;Nessuno;Patrimonio disponibile;Utilizzato direttamente;Non Dichiarato;in locazione;839.0;01/02/2021;6;[688745, 688746, 688747, 688748, 688749, 688750];True;['2022_102099_0005.xml', '2022_102099_0007.xml', '2022_102099_0008.xml', '2022_102099_0009.xml', '2022_102099_0010.xml', '2022_102099_0011.xml', '2022_102099_0012.xml'];G;343.73;F;['2022_102099_0005.xml', '2022_102099_0007.xml', '2022_102099_0008.xml', '2022_102099_0009.xml', '2022_102099_0010.xml', '2022_102099_0011.xml', '2022_102099_0012.xml'];True;['2022_102099_0005.xml', '2022_102099_0007.xml', '2022_102099_0008.xml', '2022_102099_0009.xml', '2022_102099_0010.xml', '2022_102099_0011.xml', '2022_102099_0012.xml'];originali;('2022_102099_0005.xml', '2022_102099_0007.xml', '2022_102099_0008.xml', '2022_102099_0009.xml', '2022_102099_0010.xml', '2022_102099_0011.xml', '2022_102099_0012.xml');ape_summary_fc4fb084faf9.html;3107666;D23
3107667;L219;1065;26;;1147.0;FABBRICATO;Corso Ferrara;50;45.1089546;7.6249603;Abitazione;Dal 1961 al 1970;Nessuno;Patrimonio disponibile;Utilizzato direttamente;Altro;;;;7;[688753, 688754, 688755, 688756, 688757, 688758, 688759];True;['2022_102099_0001.xml', '2022_102099_0002.xml'];G;343.75;F;['2022_102099_0001.xml', '2022_102099_0002.xml'];True;['2022_102099_0001.xml', '2022_102099_0002.xml'];originali;('2022_102099_0001.xml', '2022_102099_0002.xml');ape_summary_8261da254604.html;3107667;D23
3107668;L219;1065;32;;256.0;FABBRICATO;TRAVES (VIA);15;45.1110678;7.6270079;Area urbana;Dal 1961 al 1970;Nessuno;Patrimonio indisponibile;Utilizzato direttamente;Altro;;;;2;[688770, 2732799];True;[];;;;[];False;[];originali;();;3107668;D23
3107669;L219;1069;150;;821.0;FABBRICATO;Viale dei Mughetti;29;45.1035106;7.6262609;Abitazione;Dal 1946 al 1960;Nessuno;Patrimonio indisponibile;Utilizzato direttamente;Altro;;;;14;[688782, 688785, 688786, 688787, 688788, 688790, 688792, 688794, 688799, 688801, 688803, 688805, 688807, 688811];True;['2019_212533_0285.xml', '2019_212533_0320.xml', '2019_212533_0321.xml', '2019_212533_0322.xml', '2019_104581_0008.xml', '2019_104581_0009.xml', '2019_104581_0010.xml', '2019_107568_0017.xml', '2020_212533_0036.xml', '2020_212533_0050.xml', '2020_212533_0058.xml', '2020_212533_0059.xml', '2020_212533_0060.xml', '2020_212533_0061.xml', '2020_212533_0062.xml', '2020_212533_0063.xml', '2020_212533_0064.xml', '2020_212533_0065.xml', '2020_212533_0066.xml', '2020_212533_0067.xml', '2020_212533_0068.xml'];D;102.50;C;['2019_212533_0285.xml', '2019_212533_0320.xml', '2019_212533_0321.xml', '2019_212533_0322.xml', '2019_104581_0008.xml', '2019_104581_0009.xml', '2019_104581_0010.xml', '2019_107568_0017.xml', '2020_212533_0036.xml', '2020_212533_0050.xml', '2020_212533_0058.xml', '2020_212533_0059.xml', '2020_212533_0060.xml', '2020_212533_0061.xml', '2020_212533_0062.xml', '2020_212533_0063.xml', '2020_212533_0064.xml', '2020_212533_0065.xml', '2020_212533_0066.xml', '2020_212533_0067.xml', '2020_212533_0068.xml'];;['2019_212533_0285.xml', '2019_104581_0008.xml', '2019_104581_0009.xml', '2019_104581_0010.xml', '2020_212533_0036.xml', '2020_212533_0050.xml', '2020_212533_0058.xml', '2020_212533_0059.xml', '2020_212533_0060.xml', '2020_212533_0061.xml', '2020_212533_0062.xml', '2020_212533_0063.xml', '2020_212533_0064.xml', '2020_212533_0065.xml', '2020_212533_0066.xml', '2020_212533_0067.xml', '2020_212533_0068.xml'];originali;('2019_104581_0008.xml', '2019_104581_0009.xml', '2019_104581_0010.xml', '2019_107568_0017.xml', '2019_212533_0285.xml', '2019_212533_0320.xml', '2019_212533_0321.xml', '2019_212533_0322.xml', '2020_212533_0036.xml', '2020_212533_0050.xml', '2020_212533_0058.xml', '2020_212533_0059.xml', '2020_212533_0060.xml', '2020_212533_0061.xml', '2020_212533_0062.xml', '2020_212533_0063.xml', '2020_212533_0064.xml', '2020_212533_0065.xml', '2020_212533_0066.xml', '2020_212533_0067.xml', '2020_212533_0068.xml');ape_summary_9164e00aa7ff.html;3107669;D23
3107670;L219;1069;151;;1919.0;FABBRICATO;Via delle Primule;28;45.101346;7.6257195;Abitazione;Dal 1946 al 1960;Nessuno;Patrimonio indisponibile;Utilizzato direttamente;Altro;;;;20;[257494, 257495, 257496, 257497, 257498, 257499, 257500, 257501, 257502, 257503, 257504, 257505, 257506, 257512, 257521, 257529, 257539, 257543, 257544, 257545];True;['2019_104581_0012.xml'];G;350.46;G;['2019_104581_0012.xml'];True;['2019_104581_0012.xml'];originali;('2019_104581_0012.xml',);ape_summary_be68162049ed.html;3107670;D23
3107671;L219;1069;152;;2504.0;FABBRICATO;Via delle Primule;28;45.1015754;7.6254584;Abitazione;Dal 1946 al 1960;Nessuno;Patrimonio indisponibile;Utilizzato direttamente;Altro;;;;24;[688229, 688230, 688231, 688232, 688233, 688234, 688235, 688236, 688237, 688238, 688239, 688240, 688241, 688242, 688243, 688244, 688245, 688246, 688247, 688248, 688249, 688250, 688251, 688252];True;[];;;;[];True;[];originali;();;3107671;D23
3107672;L219;1069;51;;7083.0;FABBRICATO;Viale dei Mughetti;29;45.1027845;7.626643;Edificio scolastico (es.: scuola di ogni ordine e grado, università, scuola di formazione);Dal 1961 al 1970;Nessuno;Patrimonio indisponibile;Utilizzato direttamente;Attività didattica;;;;3;[688841, 688842, 688843];True;[];;;;[];;[];originali;();;3107672;D23
3107673;L219;1070;107;;5230.0;FABBRICATO;Viale dei Mughetti;18;45.10349;7.6294585;Abitazione;Dal 1961 al 1970;Nessuno;Patrimonio indisponibile;Utilizzato direttamente;Altro;;;;61;[688848, 688859, 688870, 688880, 688882, 688883, 688884, 688885, 688886, 688887, 688888, 688889, 688890, 688891, 688892, 688893, 688894, 688895, 688896, 688897, 688898, 688899, 688900, 688901, 688902, 688903, 688904, 688905, 688906, 688907, 688908, 688909, 688910, 688911, 688912, 688913, 688914, 688915, 688916, 688917, 688918, 688919, 688920, 688921, 688922, 688923, 688924, 688925, 688926, 688927, 688928, 688929, 688930, 688931, 688932, 688933, 688934, 688935, 688939, 688950, 688961];True;[];;;;[];;[];originali;();;3107673;D23
3107674;L219;1070;21;;4816.0;FABBRICATO;Via delle Verbene;6;45.1045183;7.6339075;Abitazione;Dal 1961 al 1970;Nessuno;Patrimonio indisponibile;Utilizzato direttamente;Alloggio di servizio, foresterie;;;;2;[689021, 689022];True;[];;;;[];True;[];originali;();;3107674;D23
3107675;L219;1070;34;;1022.0;FABBRICATO;Piazza Montale Eugenio;14;45.1039316;7.6304668;Ufficio strutturato ed assimilabili;Dal 1961 al 1970;Nessuno;Patrimonio indisponibile;Utilizzato direttamente;Attività amministrativa/uffici pubblici;in concessione a titolo oneroso;4675.0;26/07/2012;6;[689029, 689030, 689031, 689032, 689033, 689034];True;[];;;;[];True;[];originali;();;3107675;D23
3107676;L219;1070;67;;1073.75;FABBRICATO;Via delle Magnolie;22;45.1020481;7.631245;Abitazione;Dal 1961 al 1970;Nessuno;Patrimonio indisponibile;Utilizzato direttamente;Alloggio di servizio, foresterie;;;;2;[689061, 689062];True;[];;;;[];True;[];originali;();;3107676;D23
3107677;L219;1071;70;;5264.75;FABBRICATO;Via delle Magnolie;5;45.101221;7.6339661;Abitazione;Dal 1971 al 1980;Nessuno;Patrimonio indisponibile;Utilizzato direttamente;Servizi ordine pubblico, sicurezza nazionale e militare;;;;2;[688258, 688259];True;[];;;;[];True;[];originali;();;3107677;D23
3107678;L219;1071;74;;4825.5;FABBRICATO;Via delle Magnolie;9;45.1011868;7.6330653;Abitazione;Dal 1971 al 1980;Nessuno;Patrimonio indisponibile;Utilizzato direttamente;Alloggio di servizio, foresterie;;;;2;[688260, 688261];True;[];;;;[];True;[];originali;();;3107678;D23
3107679;L219;1072;36;;1402.5;FABBRICATO;via sansovino andrea;111;45.1034426;7.6420466;Abitazione;Dal 1946 al 1960;Nessuno;Patrimonio indisponibile;Utilizzato direttamente;Alloggio di servizio, foresterie;;;;2;[688268, 688269];True;[];;;;[];True;[];originali;();;3107679;D23
3107680;L219;1072;37;;5170.5;FABBRICATO;Via Luigi Ambrosini;1;45.1036729;7.6427263;Abitazione;Dal 1961 al 1970;Nessuno;Patrimonio indisponibile;Utilizzato direttamente;Alloggio di servizio, foresterie;;;;2;[688270, 688271];True;[];;;;[];True;[];originali;();;3107680;D23
3107681;L219;1073;13;;700.0;FABBRICATO;via sansovino andrea;90 30;45.1016765;7.6424735;Abitazione;Dal 1946 al 1960;Nessuno;Patrimonio indisponibile;Utilizzato direttamente;Altro;;;;13;[688291, 688292, 688293, 688294, 688295, 688296, 688297, 688298, 688299, 688300, 688301, 688302, 688303];True;['2019_110202_0008.xml', '2019_212629_1022.xml', '2019_101975_0014.xml', '2020_101594_0043.xml', '2020_200297_0017.xml', '2021_110202_0021.xml', '2021_110202_0022.xml', '2021_209689_0213.xml', '2021_211573_0060.xml', '2021_212247_0101.xml', '2022_201227_0040.xml', '2022_208567_0031.xml'];G;224.75;G;['2019_110202_0008.xml', '2019_212629_1022.xml', '2019_101975_0014.xml', '2020_101594_0043.xml', '2020_200297_0017.xml', '2021_110202_0021.xml', '2021_110202_0022.xml', '2021_209689_0213.xml', '2021_211573_0060.xml', '2021_212247_0101.xml', '2022_201227_0040.xml', '2022_208567_0031.xml'];True;['2021_209689_0213.xml', '2021_211573_0060.xml', '2021_212247_0101.xml'];originali;('2019_101975_0014.xml', '2019_110202_0008.xml', '2019_212629_1022.xml', '2020_101594_0043.xml', '2020_200297_0017.xml', '2021_110202_0021.xml', '2021_110202_0022.xml', '2021_209689_0213.xml', '2021_211573_0060.xml', '2021_212247_0101.xml', '2022_201227_0040.xml', '2022_208567_0031.xml');ape_summary_00ba167d682c.html;3107681;D23
3107682;L219;1073;15;;112.0;FABBRICATO;Via Parenzo;95;45.1021485;7.6440672;Abitazione;Dal 1946 al 1960;Nessuno;Patrimonio indisponibile;Utilizzato direttamente;Altro;;;;2;[688316, 688317];True;['2021_103686_0016.xml'];G;278.21;F;['2021_103686_0016.xml'];True;['2021_103686_0016.xml'];originali;('2021_103686_0016.xml',);ape_summary_12ce7476a307.html;3107682;D23
3107683;L219;1073;16;;196.0;FABBRICATO;via parenzo;96 19;45.1018079;7.6443773;Abitazione;Dal 1946 al 1960;Nessuno;Patrimonio indisponibile;Utilizzato direttamente;Altro;;;;4;[688318, 688319, 688321, 688322];True;['2019_101975_0008.xml', '2019_113118_0021.xml', '2019_113118_0047.xml', '2019_209281_0002.xml', '2020_202727_0006.xml', '2021_212629_1631.xml'];B;84.09;A1;['2019_101975_0008.xml', '2019_113118_0021.xml', '2019_113118_0047.xml', '2019_209281_0002.xml', '2020_202727_0006.xml', '2021_212629_1631.xml'];True;['2019_113118_0021.xml', '2019_209281_0002.xml'];originali;('2019_101975_0008.xml', '2019_113118_0021.xml', '2019_113118_0047.xml', '2019_209281_0002.xml', '2020_202727_0006.xml', '2021_212629_1631.xml');ape_summary_af1e5f329877.html;3107683;D23
3107684;L219;1073;17;;223.0;FABBRICATO;via pirano;17 62;45.1018393;7.645051;Abitazione;Dal 1946 al 1960;Nessuno;Patrimonio indisponibile;Utilizzato direttamente;Altro;;;;3;[688325, 688326, 688327];True;['2020_113535_0013.xml', '2020_205199_0173.xml', '2020_205199_0201.xml', '2020_212533_0092.xml', '2021_101975_0009.xml', '2021_207546_0024.xml'];E;108.71;E;['2020_113535_0013.xml', '2020_205199_0173.xml', '2020_212533_0092.xml', '2021_101975_0009.xml', '2021_207546_0024.xml'];True;['2020_113535_0013.xml', '2020_212533_0092.xml'];originali;('2020_113535_0013.xml', '2020_205199_0173.xml', '2020_212533_0092.xml', '2021_101975_0009.xml', '2021_207546_0024.xml');ape_summary_189fd808c451.html;3107684;D23
3107685;L219;1073;18;;487.0;FABBRICATO;via parenzo;80 24;45.1012887;7.6441239;Abitazione;Dal 1946 al 1960;Nessuno;Patrimonio indisponibile;Utilizzato direttamente;Altro;;;;9;[689069, 689070, 689071, 689072, 689073, 689074, 689075, 689076, 689077];True;['2019_113118_0040.xml', '2019_201917_0007.xml', '2019_205199_0163.xml', '2020_100824_0001.xml', '2020_104819_0008.xml', '2020_110202_0027.xml', '2021_213683_0001.xml', '2022_207949_0115.xml', '2022_207949_0116.xml', '2022_208026_0066.xml', '2022_213615_0228.xml'];F;167.04;E;['2019_113118_0040.xml', '2019_201917_0007.xml', '2019_205199_0163.xml', '2020_100824_0001.xml', '2020_104819_0008.xml', '2020_110202_0027.xml', '2021_213683_0001.xml', '2022_207949_0115.xml', '2022_207949_0116.xml', '2022_208026_0066.xml', '2022_213615_0228.xml'];True;['2020_100824_0001.xml', '2020_104819_0008.xml', '2021_213683_0001.xml', '2022_213615_0228.xml'];originali;('2019_113118_0040.xml', '2019_201917_0007.xml', '2019_205199_0163.xml', '2020_100824_0001.xml', '2020_104819_0008.xml', '2020_110202_0027.xml', '2021_213683_0001.xml', '2022_207949_0115.xml', '2022_207949_0116.xml', '2022_208026_0066.xml', '2022_213615_0228.xml');ape_summary_e2b055a5f192.html;3107685;D23
3107686;L219;1073;20;;96.0;FABBRICATO;corso cincinnato l. quinzio;173;45.1008092;7.6449622;Abitazione;Dal 1946 al 1960;Nessuno;Patrimonio indisponibile;Utilizzato direttamente;Altro;;;;2;[688328, 688329];True;['2019_200297_0161.xml', '2020_210180_0178.xml'];E;166.32;D;['2019_200297_0161.xml', '2020_210180_0178.xml'];;[];originali;('2019_200297_0161.xml', '2020_210180_0178.xml');ape_summary_ecae9f3a0324.html;3107686;D23
3107687;L219;1073;21;;111.0;FABBRICATO;corso cincinnato l. quinzio;179;45.1010394;7.6454044;Abitazione;Dal 1946 al 1960;Nessuno;Patrimonio indisponibile;Utilizzato direttamente;Altro;;;;2;[688330, 688331];True;[];;;;[];;[];originali;();;3107687;D23
3107688;L219;1073;54;;573.0;FABBRICATO;via pirano;9 8;45.1014813;7.6452793;Abitazione;Dal 1946 al 1960;Nessuno;Patrimonio indisponibile;Utilizzato direttamente;Altro;;;;11;[572845, 572846, 572847, 572848, 572849, 572850, 572851, 572852, 572853, 572854, 572856];True;['2020_110567_0017.xml', '2020_212629_0919.xml', '2021_106141_0037.xml', '2021_108752_0016.xml', '2022_101774_0023.xml', '2022_101975_0007.xml', '2022_204509_0030.xml', '2022_213344_0003.xml', '2022_213594_0004.xml'];F;274.02;F;['2020_110567_0017.xml', '2020_212629_0919.xml', '2021_106141_0037.xml', '2021_108752_0016.xml', '2022_101774_0023.xml', '2022_101975_0007.xml', '2022_204509_0030.xml', '2022_213344_0003.xml', '2022_213594_0004.xml'];True;['2021_106141_0037.xml', '2021_108752_0016.xml', '2022_101774_0023.xml', '2022_213594_0004.xml'];originali;('2020_110567_0017.xml', '2020_212629_0919.xml', '2021_106141_0037.xml', '2021_108752_0016.xml', '2022_101774_0023.xml', '2022_101975_0007.xml', '2022_204509_0030.xml', '2022_213344_0003.xml', '2022_213594_0004.xml');ape_summary_b3119e73a1ea.html;3107688;D23
3107689;L219;1073;6;;468.0;FABBRICATO;via sansovino andrea;98 44;45.1024963;7.6425016;Abitazione;Dal 1946 al 1960;Nessuno;Patrimonio indisponibile;Utilizzato direttamente;Altro;;;;9;[689090, 689091, 689092, 689093, 689094, 689095, 689096, 689097, 689098];True;['2019_106467_0082.xml', '2019_113118_0048.xml', '2019_205190_0002.xml', '2019_207709_0013.xml', '2020_212533_0271.xml', '2021_105263_0065.xml', '2021_110202_0037.xml', '2021_202483_0023.xml', '2021_202695_0029.xml', '2022_200690_0022.xml'];C;55.35;C;['2019_106467_0082.xml', '2019_113118_0048.xml', '2019_205190_0002.xml', '2019_207709_0013.xml', '2020_212533_0271.xml', '2021_105263_0065.xml', '2021_110202_0037.xml', '2021_202483_0023.xml', '2021_202695_0029.xml', '2022_200690_0022.xml'];True;['2019_207709_0013.xml', '2020_212533_0271.xml', '2021_202695_0029.xml'];originali;('2019_106467_0082.xml', '2019_113118_0048.xml', '2019_205190_0002.xml', '2019_207709_0013.xml', '2020_212533_0271.xml', '2021_105263_0065.xml', '2021_110202_0037.xml', '2021_202483_0023.xml', '2021_202695_0029.xml', '2022_200690_0022.xml');ape_summary_ee91937d73b3.html;3107689;D23
3107690;L219;1073;7;;662.0;FABBRICATO;via sansovino andrea;98 48;45.1022661;7.6431821;Abitazione;Dal 1946 al 1960;Nessuno;Patrimonio indisponibile;Utilizzato direttamente;Altro;;;;13;[688336, 688337, 688338, 688339, 688340, 688341, 688342, 688343, 688344, 688346, 688347, 688349, 688350];True;['2019_208409_0016.xml', '2019_113118_0060.xml', '2020_205199_0006.xml', '2021_106141_0022.xml', '2021_113373_0002.xml', '2022_101975_0006.xml', '2022_101975_0008.xml', '2022_105263_0043.xml', '2022_105263_0059.xml', '2022_105263_0071.xml', '2022_107031_0009.xml', '2022_204554_0017.xml', '2022_212533_0104.xml', '2022_213615_0502.xml'];G;288.57;G;['2019_208409_0016.xml', '2019_113118_0060.xml', '2020_205199_0006.xml', '2021_106141_0022.xml', '2021_113373_0002.xml', '2022_101975_0006.xml', '2022_101975_0008.xml', '2022_105263_0043.xml', '2022_105263_0059.xml', '2022_105263_0071.xml', '2022_107031_0009.xml', '2022_204554_0017.xml', '2022_212533_0104.xml', '2022_213615_0502.xml'];True;['2021_106141_0022.xml', '2022_212533_0104.xml', '2022_213615_0502.xml'];originali;('2019_113118_0060.xml', '2019_208409_0016.xml', '2020_205199_0006.xml', '2021_106141_0022.xml', '2021_113373_0002.xml', '2022_101975_0006.xml', '2022_101975_0008.xml', '2022_105263_0043.xml', '2022_105263_0059.xml', '2022_105263_0071.xml', '2022_107031_0009.xml', '2022_204554_0017.xml', '2022_212533_0104.xml', '2022_213615_0502.xml');ape_summary_2e2d8221b930.html;3107690;D23
3107691;L219;1074;77;;7168.0;FABBRICATO;via luini bernardino;195;45.1022616;7.6501839;Abitazione;Dal 1971 al 1980;Nessuno;Patrimonio indisponibile;Utilizzato direttamente;Alloggio di servizio, foresterie;;;;2;[689116, 689117];True;[];;;;[];True;[];originali;();;3107691;D23
3107692;L219;1074;80;;2565.0;FABBRICATO;Via Fiesole;15;45.1038635;7.6475726;Abitazione;Dal 1971 al 1980;Nessuno;Patrimonio indisponibile;Utilizzato direttamente;Alloggio di servizio, foresterie;;;;2;[689118, 689119];True;[];;;;[];True;[];originali;();;3107692;D23
3107693;L219;1074;82;;1505.5;FABBRICATO;Via Fiesole;15;45.1043885;7.6491084;Abitazione;Dal 1971 al 1980;Nessuno;Patrimonio indisponibile;Utilizzato direttamente;Servizi assistenza socio-sanitaria (non residenziali);;;;2;[689120, 689121];True;[];;;;[];True;[];originali;();;3107693;D23
3107694;L219;1075;36;;1034.5;FABBRICATO;Piazza Manno Giuseppe;22;45.1049589;7.65539;Abitazione;Dal 1961 al 1970;Nessuno;Patrimonio indisponibile;Utilizzato direttamente;Alloggio di servizio, foresterie;;;;2;[689158, 689159];True;[];;;;[];True;[];originali;();;3107694;D10
3107695;L219;1075;379;;1089.0;FABBRICATO;Via Giovanni Segantini;44;45.1018584;7.6520858;Abitazione;Dopo il 2010;Nessuno;Patrimonio indisponibile;Utilizzato direttamente;Altro;;;;14;[689160, 689161, 689162, 689163, 689164, 689165, 689166, 689167, 689168, 689169, 689170, 689171, 689172, 689173];True;[];;;;[];True;[];originali;();;3107695;D23
3107696;L219;1077;169;;2883.75;FABBRICATO;via sospello;64;45.1027197;7.67131784;Abitazione;Dal 1961 al 1970;Nessuno;Patrimonio indisponibile;Utilizzato direttamente;Alloggio di servizio, foresterie;;;;2;[689187, 689188];True;[];;;;[];True;[];originali;();;3107696;D10
3107697;L219;1077;175;;1772.0;FABBRICATO;Via Michele Coppino;152;45.10206951;7.67177977;Abitazione;Dal 1961 al 1970;Nessuno;Patrimonio indisponibile;Utilizzato direttamente;Alloggio di servizio, foresterie;;;;2;[689189, 689190];True;[];;;;[];True;[];originali;();;3107697;D10
3107698;L219;1077;209;;1701.25;FABBRICATO;Via Michele Coppino;147;45.10086752;7.6716842;Abitazione;Dal 1971 al 1980;Nessuno;Patrimonio indisponibile;Utilizzato direttamente;Alloggio di servizio, foresterie;;;;2;[689191, 689192];True;[];;;;[];True;[];originali;();;3107698;D10
3107699;L219;1078;337;;6297.75;FABBRICATO;Via Leonardo Fea;2;45.10513902;7.67772177;Abitazione;Dal 1961 al 1970;Nessuno;Patrimonio indisponibile;Utilizzato direttamente;Alloggio di servizio, foresterie;;;;2;[690058, 690059];True;[];;;;[];True;[];originali;();;3107699;D22
3107700;L219;1078;338;;152.0;FABBRICATO;via paolo della cella;3;45.10513776;7.67861554;Abitazione;Dal 1946 al 1960;Nessuno;Patrimonio indisponibile;;Non Dichiarato;in locazione;0.0;01/01/2019;2;[388140, 388141];True;['2019_106141_0019.xml'];E;285.9;D;['2019_106141_0019.xml'];True;[];originali;('2019_106141_0019.xml',);ape_summary_28bc893164e4.html;3107700;D22
3107701;L219;1079;156;;1357.0;FABBRICATO;via reiss romoli guglielmo;81;45.107576;7.6887712;Abitazione;Dal 1971 al 1980;Nessuno;Patrimonio indisponibile;Utilizzato direttamente;Altro;;;;16;[689197, 689198, 689203, 689204, 689205, 689206, 689207, 689208, 689212, 689213, 689214, 689215, 689216, 689217, 689218, 689219];True;['2019_205199_0065.xml', '2022_109071_0011.xml', '2022_113065_0008.xml', '2022_113065_0009.xml', '2022_204623_0034.xml', '2022_205199_0127.xml'];F;249.44;F;['2019_205199_0065.xml', '2022_109071_0011.xml', '2022_113065_0008.xml', '2022_113065_0009.xml', '2022_204623_0034.xml', '2022_205199_0127.xml'];True;['2022_113065_0008.xml', '2022_113065_0009.xml', '2022_204623_0034.xml'];originali;('2019_205199_0065.xml', '2022_109071_0011.xml', '2022_113065_0008.xml', '2022_113065_0009.xml', '2022_204623_0034.xml', '2022_205199_0127.xml');ape_summary_4fa37c194076.html;3107701;D22
3107702;L219;1079;157;;384.0;FABBRICATO;Via Antonio e Vittorio Scialoja;26;45.1062222;7.6910365;Abitazione;Dal 1971 al 1980;Nessuno;Patrimonio indisponibile;Utilizzato direttamente;Altro;;;;5;[689235, 689236, 689237, 689238, 689239];True;['2019_105913_0021.xml', '2022_214176_0235.xml'];G;206.82;F;['2019_105913_0021.xml', '2022_214176_0235.xml'];True;['2019_105913_0021.xml', '2022_214176_0235.xml'];originali;('2019_105913_0021.xml', '2022_214176_0235.xml');ape_summary_004a37836915.html;3107702;D22
3107703;L219;1079;168;;9322.0;FABBRICATO;via reiss romoli guglielmo;45;45.1072299;7.6910618;Abitazione;Dal 1971 al 1980;Nessuno;Patrimonio indisponibile;Utilizzato direttamente;Alloggio di servizio, foresterie;;;;2;[690072, 690073];True;[];;;;[];False;[];originali;();;3107703;D22
3107704;L219;1079;253;;468.0;FABBRICATO;via reiss romoli guglielmo;51;45.1073937;7.6906976;Mercato coperto;Prima del 1919;Nessuno;Patrimonio indisponibile;Non utilizzato;Non Dichiarato;;;;9;[690098, 690099, 690100, 690101, 690102, 690103, 690104, 690105, 690106];True;[];;;;[];True;[];originali;();;3107704;D22
3107705;L219;1080;176;;1737.0;FABBRICATO;via borgo ticino;17;45.1060535;7.6951578;Abitazione;Dal 1981 al 1990;Nessuno;Patrimonio disponibile;Utilizzato direttamente;Non Dichiarato;in locazione;611.0;01/07/2021;21;[689241, 689242, 689243, 689244, 689245, 689246, 689247, 689248, 689249, 689250, 689252, 689253, 689254, 689255, 689265, 689272, 689278, 689279, 689280, 689281, 689282];True;['2019_103654_0004.xml', '2019_103654_0005.xml', '2019_103654_0006.xml', '2019_103654_0009.xml', '2020_102099_0091.xml', '2020_102099_0093.xml', '2020_102099_0094.xml', '2020_102099_0095.xml', '2020_102099_0096.xml', '2020_102099_0097.xml', '2020_102099_0098.xml', '2020_102099_0099.xml', '2020_102099_0100.xml', '2020_102099_0101.xml', '2020_102099_0102.xml', '2020_102099_0103.xml', '2020_102099_0104.xml', '2020_102099_0105.xml', '2020_102099_0106.xml', '2021_102099_0003.xml', '2021_106141_0032.xml'];D;110.15;D;['2019_103654_0004.xml', '2019_103654_0005.xml', '2019_103654_0006.xml', '2019_103654_0009.xml', '2020_102099_0091.xml', '2020_102099_0093.xml', '2020_102099_0094.xml', '2020_102099_0095.xml', '2020_102099_0096.xml', '2020_102099_0098.xml', '2020_102099_0099.xml', '2020_102099_0100.xml', '2020_102099_0101.xml', '2020_102099_0102.xml', '2020_102099_0103.xml', '2020_102099_0104.xml', '2020_102099_0105.xml', '2020_102099_0106.xml', '2021_102099_0003.xml', '2021_106141_0032.xml'];True;['2019_103654_0004.xml', '2019_103654_0005.xml', '2019_103654_0006.xml', '2019_103654_0009.xml', '2020_102099_0091.xml', '2020_102099_0093.xml', '2020_102099_0094.xml', '2020_102099_0095.xml', '2020_102099_0096.xml', '2020_102099_0098.xml', '2020_102099_0099.xml', '2020_102099_0100.xml', '2020_102099_0101.xml', '2020_102099_0102.xml', '2020_102099_0103.xml', '2020_102099_0104.xml', '2020_102099_0105.xml', '2020_102099_0106.xml', '2021_102099_0003.xml'];originali;('2019_103654_0004.xml', '2019_103654_0005.xml', '2019_103654_0006.xml', '2019_103654_0009.xml', '2020_102099_0091.xml', '2020_102099_0093.xml', '2020_102099_0094.xml', '2020_102099_0095.xml', '2020_102099_0096.xml', '2020_102099_0098.xml', '2020_102099_0099.xml', '2020_102099_0100.xml', '2020_102099_0101.xml', '2020_102099_0102.xml', '2020_102099_0103.xml', '2020_102099_0104.xml', '2020_102099_0105.xml', '2020_102099_0106.xml', '2021_102099_0003.xml', '2021_106141_0032.xml');ape_summary_fabe2fe132b6.html;3107705;D21
3107706;L219;1080;217;;401.0;FABBRICATO;via veronese paolo;41;45.1048679;7.690042;Abitazione;Dal 2001 al 2010;Nessuno;Patrimonio indisponibile;Utilizzato direttamente;Altro;;;;5;[690367, 690368, 690369, 690371, 690374];True;['2022_104558_0002.xml'];D;114.82;D;['2022_104558_0002.xml'];True;[];originali;('2022_104558_0002.xml',);ape_summary_2bc79c8938fa.html;3107706;D22
3107707;L219;1080;52;;203.0;FABBRICATO;via pertengo;19;45.1044658;7.6935381;Abitazione;Dal 1919 al 1945;Nessuno;Patrimonio disponibile;Utilizzato direttamente;Altro;;;;3;[689330, 689331, 689332];True;[];;;;[];True;[];originali;();;3107707;D21
3107708;L219;1080;54;;148.0;FABBRICATO;via pertengo;17;45.1044517;7.6936618;Abitazione;Dal 1919 al 1945;Nessuno;Patrimonio disponibile;Utilizzato direttamente;Altro;;;;2;[689483, 689484];True;[];;;;[];True;[];originali;();;3107708;D21
3107709;L219;1081;56;;3052.75;FABBRICATO;Via Campobasso;11;45.1088694;7.6983436;Abitazione;Dal 1961 al 1970;Nessuno;Patrimonio indisponibile;Utilizzato direttamente;Alloggio di servizio, foresterie;;;;2;[689488, 689489];True;[];;;;[];True;[];originali;();;3107709;D21
3107710;L219;1082;266;;3733.5;FABBRICATO;via scotellaro rocco;7;45.1063616;7.7004232;Abitazione;Dal 1971 al 1980;Nessuno;Patrimonio indisponibile;Utilizzato direttamente;Alloggio di servizio, foresterie;;;;2;[15762, 689491];True;[];;;;[];True;[];originali;();;3107710;D21
3107711;L219;1089;275;;1565.0;FABBRICATO;via vittime di bologna;21;45.1031816;7.7288041;Abitazione;Dal 1991 al 2000;Nessuno;Patrimonio indisponibile;Utilizzato direttamente;Altro;;;;20;[690424, 690425, 690426, 690427, 690428, 690429, 690430, 690431, 690432, 690433, 690434, 690435, 690436, 690445, 690456, 690459, 690460, 690461, 690462, 690463];True;[];;;;[];True;[];originali;();;3107711;D15
3107712;L219;1089;276;;1069.0;FABBRICATO;via vittime di bologna;16 B;45.1024998;7.7295668;Abitazione;Dal 1991 al 2000;Nessuno;Patrimonio indisponibile;Utilizzato direttamente;Altro;;;;13;[690498, 690499, 690500, 690501, 690502, 690508, 690517, 690518, 690519, 690520, 690521, 690522, 690523];True;[];;;;[];True;[];originali;();;3107712;D15
3107713;L219;1089;306;;6979.0;FABBRICATO;via vittime di bologna;11;45.1018356;7.7289107;Abitazione;Dal 1971 al 1980;Nessuno;Patrimonio indisponibile;Utilizzato direttamente;Altro;;;;145;[690573, 690574, 690575, 690576, 690577, 690578, 690579, 690580, 690581, 690582, 690583, 690584, 690585, 690586, 690587, 690588, 690590, 690591, 690592, 690593, 690594, 690595, 690596, 690597, 690598, 690599, 690600, 690601, 690602, 690603, 690604, 690605, 690606, 690607, 690608, 690609, 690610, 690611, 690612, 690613, 690614, 690615, 690618, 690619, 690620, 690621, 690622, 690623, 690624, 690625, 690626, 690627, 690628, 690629, 690630, 690631, 690632, 690633, 690634, 690635, 690636, 690637, 690638, 690639, 690640, 690641, 690642, 690643, 690644, 690645, 690646, 690647, 690648, 690649, 690650, 690651, 690652, 690653, 690654, 690655, 690656, 690659, 690660, 690661, 690662, 690663, 690664, 690665, 690667, 690668, 690669, 690670, 690671, 690672, 690673, 690674, 690675, 690676, 690677, 690678, 690679, 690680, 690681, 690682, 690683, 690684, 690686, 690687, 690688, 690689, 690690, 690691, 690692, 690693, 690694, 690695, 690696, 690697, 690698, 690699, 690700, 690701, 690702, 690703, 690704, 690705, 690706, 690707, 690708, 690709, 690710, 690711, 690712, 690715, 690716, 690717, 690718, 690719, 690720, 690721, 690722, 690723, 690724, 690725, 690726];True;['2020_312661_0024.xml', '2020_312661_0025.xml', '2020_312661_0026.xml', '2020_312661_0027.xml', '2020_312661_0028.xml', '2020_312661_0132.xml', '2020_312661_0139.xml', '2021_312661_0030.xml', '2022_312661_0010.xml', '2022_312661_0011.xml', '2022_312661_0012.xml', '2022_312661_0030.xml', '2022_312661_0031.xml', '2022_312661_0032.xml', '2022_312661_0033.xml', '2022_312661_0034.xml', '2022_312661_0035.xml', '2022_312661_0036.xml', '2022_312661_0037.xml', '2022_312661_0038.xml', '2022_312661_0039.xml', '2022_312661_0040.xml', '2022_312661_0041.xml', '2022_312661_0042.xml', '2022_312661_0043.xml', '2022_312661_0044.xml', '2022_312661_0084.xml', '2022_312661_0125.xml'];F;193.58;E;['2020_312661_0024.xml', '2020_312661_0025.xml', '2020_312661_0026.xml', '2020_312661_0027.xml', '2020_312661_0028.xml', '2020_312661_0132.xml', '2020_312661_0139.xml', '2021_312661_0030.xml', '2022_312661_0010.xml', '2022_312661_0011.xml', '2022_312661_0012.xml', '2022_312661_0030.xml', '2022_312661_0031.xml', '2022_312661_0032.xml', '2022_312661_0033.xml', '2022_312661_0034.xml', '2022_312661_0035.xml', '2022_312661_0036.xml', '2022_312661_0037.xml', '2022_312661_0038.xml', '2022_312661_0039.xml', '2022_312661_0040.xml', '2022_312661_0041.xml', '2022_312661_0042.xml', '2022_312661_0043.xml', '2022_312661_0044.xml', '2022_312661_0084.xml', '2022_312661_0125.xml'];True;['2020_312661_0026.xml', '2020_312661_0027.xml', '2020_312661_0028.xml', '2020_312661_0132.xml', '2020_312661_0139.xml', '2021_312661_0030.xml', '2022_312661_0010.xml', '2022_312661_0011.xml', '2022_312661_0012.xml', '2022_312661_0030.xml', '2022_312661_0031.xml', '2022_312661_0032.xml', '2022_312661_0033.xml', '2022_312661_0034.xml', '2022_312661_0035.xml', '2022_312661_0036.xml', '2022_312661_0037.xml', '2022_312661_0038.xml', '2022_312661_0039.xml', '2022_312661_0040.xml', '2022_312661_0041.xml', '2022_312661_0042.xml', '2022_312661_0043.xml', '2022_312661_0044.xml', '2022_312661_0084.xml', '2022_312661_0125.xml'];originali;('2020_312661_0024.xml', '2020_312661_0025.xml', '2020_312661_0026.xml', '2020_312661_0027.xml', '2020_312661_0028.xml', '2020_312661_0132.xml', '2020_312661_0139.xml', '2021_312661_0030.xml', '2022_312661_0010.xml', '2022_312661_0011.xml', '2022_312661_0012.xml', '2022_312661_0030.xml', '2022_312661_0031.xml', '2022_312661_0032.xml', '2022_312661_0033.xml', '2022_312661_0034.xml', '2022_312661_0035.xml', '2022_312661_0036.xml', '2022_312661_0037.xml', '2022_312661_0038.xml', '2022_312661_0039.xml', '2022_312661_0040.xml', '2022_312661_0041.xml', '2022_312661_0042.xml', '2022_312661_0043.xml', '2022_312661_0044.xml', '2022_312661_0084.xml', '2022_312661_0125.xml');ape_summary_e41a82de1267.html;3107713;D15
3107714;L219;1089;320;;436.0;FABBRICATO;Via Martino Anglesio;23;45.1049848;7.7321939;Impianto sportivo;Dal 1981 al 1990;Nessuno;Patrimonio indisponibile;Utilizzato direttamente;Altro;;;;2;[690971, 690972];True;[];;;;[];True;[];originali;();;3107714;D15
3107715;L219;1089;323;;379.0;FABBRICATO;Via Martino Anglesio;25;45.1049984;7.7327094;Locale commerciale, negozio;Dal 1981 al 1990;Nessuno;Patrimonio disponibile;Utilizzato direttamente;Altro;;;;5;[690973, 690974, 690975, 690976, 690977];True;[];;;;[];True;[];originali;();;3107715;D15
3107716;L219;1089;325;;3834.25;FABBRICATO;Via Martino Anglesio;15;45.1049775;7.7304901;Abitazione;Dal 1981 al 1990;Nessuno;Patrimonio indisponibile;Utilizzato direttamente;Alloggio di servizio, foresterie;;;;2;[690979, 690980];True;[];;;;[];False;[];originali;();;3107716;D15
3107717;L219;1089;326;;4356.0;FABBRICATO;via vittime di bologna;10;45.1017418;7.7299162;Abitazione;Dal 1971 al 1980;Nessuno;Patrimonio indisponibile;Utilizzato direttamente;Alloggio di servizio, foresterie;;;;2;[690981, 690982];True;[];;;;[];True;[];originali;();;3107717;D15
3107718;L219;1089;337;;3244.0;FABBRICATO;strada scarafiotti;44;45.103231;7.7310744;Abitazione;Dal 1991 al 2000;Nessuno;Patrimonio indisponibile;Utilizzato direttamente;Altro;;;;37;[689743, 689744, 689745, 689746, 689747, 689748, 689749, 689750, 689751, 689752, 689753, 689754, 689755, 689756, 689757, 689758, 689759, 689761, 689762, 689763, 689764, 689765, 689766, 689767, 689768, 689769, 689770, 689772, 689773, 689774, 689775, 689776, 689777, 689778, 689779, 689780, 689781];True;['2020_312661_0138.xml'];F;179.49;F;['2020_312661_0138.xml'];True;['2020_312661_0138.xml'];originali;('2020_312661_0138.xml',);ape_summary_c5086c3d95d1.html;3107718;D15
3107719;L219;1089;361;;2847.0;FABBRICATO;strada scarafiotti;43;45.1028189;7.7301626;Abitazione;Dal 1981 al 1990;Nessuno;Patrimonio indisponibile;Utilizzato direttamente;Altro;;;;34;[692078, 692079, 692080, 692081, 692082, 692083, 692084, 692085, 692086, 692087, 692088, 692090, 692091, 692092, 692093, 692094, 692095, 692096, 692097, 692098, 692099, 692101, 692102, 692103, 692104, 692105, 692106, 692107, 692108, 692109, 692110, 692112, 692113, 692114];True;[];;;;[];True;[];originali;();;3107719;D15
3107720;L219;1090;79;;2019.0;FABBRICATO;Strada del Cascinotto;59;45.1061567;7.7330934;Abitazione;Prima del 1919;Nessuno;Demanio;Utilizzato direttamente;Alloggio di servizio, foresterie;in concessione a titolo oneroso;8562.0;01/05/2009;4;[692220, 692221, 692222, 692223];True;[];;;;[];True;[];originali;();;3107720;D15
3107721;L219;1094;140;;2403.5;FABBRICATO;Strada Comunale di Bertolla;50;45.0995577;7.7433851;Abitazione;Dal 1946 al 1960;Nessuno;Patrimonio indisponibile;Utilizzato direttamente;Alloggio di servizio, foresterie;;;;2;[11955, 692357];True;[];;;;[];True;[];originali;();;3107721;D15
3107722;L219;1094;154;;209.0;FABBRICATO;Strada Comunale di Bertolla;111;45.1003183;7.746126;Abitazione;Prima del 1919;Nessuno;Patrimonio indisponibile;Utilizzato direttamente;Altro;;;;4;[692360, 692361, 692362, 692363];True;[];;;;[];True;[];originali;();;3107722;D15
3107723;L219;1097;114;;3044.5;FABBRICATO;strada s. mauro;24;45.0991129;7.7259321;Abitazione;Dal 1961 al 1970;Nessuno;Patrimonio indisponibile;Utilizzato direttamente;Alloggio di servizio, foresterie;;;;2;[692444, 692445];True;[];;;;[];True;[];originali;();;3107723;D15
3107724;L219;1097;51;;5932.75;FABBRICATO;Strada di San Mauro;38;45.0994466;7.7267948;Abitazione;Dal 1919 al 1945;Dichiarazione di interesse culturale;Demanio;Utilizzato direttamente;Alloggio di servizio, foresterie;;;;3;[692462, 692463, 692464];True;[];;;;[];False;[];originali;();;3107724;D15
3107725;L219;1098;107;;331.0;FABBRICATO;Via Vittorio Avondo;20;45.0952354;7.7192466;Abitazione;Dal 1919 al 1945;Nessuno;Patrimonio indisponibile;Utilizzato direttamente;Altro;;;;2;[692485, 692486];True;[];;;;[];True;[];originali;();;3107725;D21
3107726;L219;1102;49;;1075.0;FABBRICATO;via mercadante saverio;129;45.09813509;7.70275865;Abitazione;Dal 1971 al 1980;Nessuno;Patrimonio indisponibile;Utilizzato direttamente;Alloggio di servizio, foresterie;;;;2;[691378, 691379];True;[];;;;[];True;[];originali;();;3107726;D21
3107727;L219;1102;76;;7234.75;FABBRICATO;Via Monte Rosa;163;45.10039214;7.70107459;Abitazione;Dal 1971 al 1980;Nessuno;Patrimonio indisponibile;Utilizzato direttamente;Alloggio di servizio, foresterie;;;;2;[692506, 692507];True;[];;;;[];False;[];originali;();;3107727;D21
3107728;L219;1103;16;;5891.0;FABBRICATO;via porta carlo;6;45.1044741;7.7010147;Abitazione;Dal 1971 al 1980;Nessuno;Patrimonio indisponibile;Utilizzato direttamente;Alloggio di servizio, foresterie;;;;2;[692508, 692509];True;[];;;;[];True;[];originali;();;3107728;D21
3107729;L219;1103;304;;5237.7;FABBRICATO;Via Carlo Porta;23;45.1043913;7.6988761;Edificio scolastico (es.: scuola di ogni ordine e grado, università, scuola di formazione);Dal 1981 al 1990;Nessuno;Patrimonio indisponibile;Utilizzato direttamente;Attività didattica;;;;2;[692510, 692511];True;[];;;;[];True;[];originali;();;3107729;D21
3107730;L219;1104;327;;2915.0;FABBRICATO;Via Tronzano;22;45.0994632;7.6958842;Abitazione;Dal 1971 al 1980;Nessuno;Patrimonio indisponibile;Utilizzato direttamente;Alloggio di servizio, foresterie;;;;2;[692516, 692517];True;[];;;;[];True;[];originali;();;3107730;D21
3107731;L219;1104;337;;1892.25;FABBRICATO;Via Luigi Boccherini;43;45.1014715;7.6925148;Abitazione;Dal 1971 al 1980;Nessuno;Patrimonio indisponibile;Utilizzato direttamente;Alloggio di servizio, foresterie;;;;2;[692534, 692535];True;[];;;;[];True;[];originali;();;3107731;D11
3107732;L219;1104;347;;146.0;FABBRICATO;via gottardo;10;45.1002713;7.690682;Abitazione;Dal 1961 al 1970;Nessuno;Patrimonio indisponibile;Utilizzato direttamente;Alloggio di servizio, foresterie;;;;2;[692553, 692556];True;[];;;;[];True;[];originali;();;3107732;D11
3107733;L219;1104;368;;5143.0;FABBRICATO;corso vercelli;157;45.0989048;7.6924783;Abitazione;Dal 1961 al 1970;Nessuno;Patrimonio indisponibile;Utilizzato direttamente;Alloggio di servizio, foresterie;;;;2;[692558, 692559];True;['2021_110019_0001.xml'];B;192.09;B;['2021_110019_0001.xml'];True;['2021_110019_0001.xml'];originali;('2021_110019_0001.xml',);ape_summary_c477ff5b3b7c.html;3107733;D20
3107734;L219;1105;223;;4571.0;FABBRICATO;via randaccio giovanni;60;45.099937;7.6839015;Abitazione;Dal 1971 al 1980;Nessuno;Patrimonio indisponibile;Utilizzato direttamente;Alloggio di servizio, foresterie;;;;2;[692649, 692650];True;[];;;;[];True;[];originali;();;3107734;D10
3107735;L219;1105;231;;810.0;FABBRICATO;Via Ala di Stura;23;45.1034687;7.683706;Abitazione;Dal 1971 al 1980;Nessuno;Patrimonio indisponibile;Utilizzato direttamente;Alloggio di servizio, foresterie;;;;2;[692651, 692652];True;[];;;;[];True;[];originali;();;3107735;D10
3107736;L219;1107;102;;2775.0;FABBRICATO;via mosca gaetano;11;45.10244252;7.67728053;Abitazione;Dal 1961 al 1970;Nessuno;Patrimonio indisponibile;Utilizzato direttamente;Alloggio di servizio, foresterie;;;;2;[692746, 692747];True;[];;;;[];True;[];originali;();;3107736;D10
3107737;L219;1107;150;;11018.0;FABBRICATO;Via Casteldelfino;24;45.10042844;7.67336645;Abitazione;Dal 1971 al 1980;Nessuno;Patrimonio indisponibile;Utilizzato direttamente;Alloggio di servizio, foresterie;;;;4;[692748, 692749, 692750, 692751];True;[];;;;[];False;[];originali;();;3107737;D10
3107738;L219;1107;258;;4068.5;FABBRICATO;via lorenzini carlo;4;45.1001242;7.67757515;Abitazione;Dal 1961 al 1970;Nessuno;Patrimonio indisponibile;Utilizzato direttamente;Alloggio di servizio, foresterie;;;;2;[692754, 692755];True;[];;;;[];True;[];originali;();;3107738;D10
3107739;L219;1108;245;;982.0;FABBRICATO;via verolengo;46;45.0955827;7.6679907;Abitazione;Dal 1919 al 1945;Dichiarazione di interesse culturale;Demanio;Utilizzato direttamente;Alloggio di servizio, foresterie;;;;3;[691440, 691442, 691443];True;[];;;;[];True;[];originali;();;3107739;D10
3107740;L219;1108;343;;9325.75;FABBRICATO;Via Michele Antonio Vibò;62;45.0964922;7.6739695;Abitazione;Prima del 1919;Dichiarazione di interesse culturale;Demanio;Utilizzato direttamente;Alloggio di servizio, foresterie;;;;2;[692774, 692775];True;[];;;;[];True;[];originali;();;3107740;D10
3107741;L219;1108;352;;5029.0;FABBRICATO;ASSISI (VIA);45;45.095979;7.6679436;Area urbana;ND;Dichiarazione di interesse culturale;Demanio;Utilizzato direttamente;Altro;;;;3;[2732806, 2732807, 2732808];True;[];;;;[];True;[];originali;();;3107741;D10
3107742;L219;1109;119;;4481.0;FABBRICATO;Via Cardinal Massaia;113;45.1025828;7.6680988;Abitazione;Prima del 1919;Dichiarazione di interesse culturale;Demanio;Utilizzato direttamente;Alloggio di servizio, foresterie;;;;3;[5350, 691449, 691450];True;[];;;;[];;[];originali;();;3107742;D10
3107743;L219;1109;187;;123.0;FABBRICATO;VIA DELLA BRUSA';24;45.1013571;7.6647617;Abitazione;Dal 1981 al 1990;Nessuno;Patrimonio indisponibile;Utilizzato direttamente;Altro;;;;2;[2852631, 2852632];True;[];;;;[];True;[];originali;();;3107743;D10
3107744;L219;1109;627;;4133.71;FABBRICATO;Via Stradella;192;45.100575;7.6686693;Ufficio strutturato ed assimilabili;Prima del 1919;Dichiarazione di interesse culturale;Demanio;Utilizzato direttamente;Attività amministrativa/uffici pubblici;;;;2;[692781, 692782];True;[];;;;[];;[];originali;();;3107744;D10
3107745;L219;1110;658;;6645.0;FABBRICATO;corso toscana;88;45.0982649;7.654498;Abitazione;Dal 1971 al 1980;Nessuno;Patrimonio indisponibile;Utilizzato direttamente;Alloggio di servizio, foresterie;;;;2;[691459, 691460];True;[];;;;[];True;[];originali;();;3107745;D10
3107746;L219;1111;167;;2376.5;FABBRICATO;corso lombardia;114;45.09728226;7.6488099;Abitazione;Dal 1961 al 1970;Nessuno;Patrimonio indisponibile;Utilizzato direttamente;Altro;;;;2;[691467, 691468];True;[];;;;[];;[];originali;();;3107746;D10
3107747;L219;1111;211;;438.2;FABBRICATO;via pianezza;132;45.09693805;7.64400428;Abitazione;Prima del 1919;Nessuno;Patrimonio indisponibile;Utilizzato direttamente;Servizi assistenza socio-sanitaria (non residenziali);;;;2;[692870, 692871];True;[];;;;[];False;[];originali;();;3107747;D23
3107748;L219;1111;239;;5749.5;FABBRICATO;Via Foglizzo;15;45.09682286;7.64857947;Abitazione;Dal 1971 al 1980;Nessuno;Patrimonio indisponibile;Utilizzato direttamente;Alloggio di servizio, foresterie;;;;2;[692873, 692874];True;[];;;;[];True;[];originali;();;3107748;D10
3107749;L219;1111;240;;6734.25;FABBRICATO;corso lombardia;98;45.09567826;7.64741232;Edificio scolastico (es.: scuola di ogni ordine e grado, università, scuola di formazione);Dal 1919 al 1945;Dichiarazione di interesse culturale;Demanio;Utilizzato direttamente;Attività didattica;;;;2;[692875, 692876];True;[];;;;[];;[];originali;();;3107749;D10
3107750;L219;1111;299;;3048.0;FABBRICATO;via terraneo giovanni tommaso;1;45.09766737;7.64494121;Edificio scolastico (es.: scuola di ogni ordine e grado, università, scuola di formazione);Dal 1971 al 1980;Nessuno;Patrimonio indisponibile;Utilizzato direttamente;Attività didattica;;;;3;[3464, 692878, 692879];True;[];;;;[];True;[];originali;();;3107750;D23
3107751;L219;1111;362;;109.0;FABBRICATO;corso lombardia;95;45.09606995;7.64616213;Abitazione;Dal 1981 al 1990;Nessuno;Patrimonio indisponibile;Utilizzato direttamente;Attività sportiva, ricreativa e di intrattenimento;;;;2;[2859510, 2859513];True;[];;;;[];;[];originali;();;3107751;D23
3107752;L219;1111;87;;5277.0;FABBRICATO;corso lombardia;123;45.09852565;7.64843227;Abitazione;Dal 1946 al 1960;Nessuno;Patrimonio indisponibile;Utilizzato direttamente;Non Dichiarato;in locazione;3366.0;01/10/2022;63;[691560, 691561, 691562, 691563, 691564, 691565, 691566, 691567, 691568, 691569, 691570, 691571, 691572, 691573, 691574, 691575, 691576, 691577, 691578, 691579, 691580, 691581, 691582, 691583, 691584, 691585, 691586, 691587, 691588, 691589, 691590, 691591, 691592, 691593, 691594, 691595, 691596, 691597, 691598, 691599, 691600, 691601, 691602, 691603, 691604, 691605, 691606, 691607, 691608, 691609, 691610, 691611, 691612, 691613, 691614, 691615, 691616, 691617, 691618, 691619, 691620, 691621, 691622];True;['2020_102099_0023.xml', '2020_102099_0027.xml', '2021_102099_0025.xml', '2021_106141_0029.xml', '2021_106141_0031.xml'];E;84.23;D;['2020_102099_0023.xml', '2020_102099_0027.xml', '2021_102099_0025.xml', '2021_106141_0029.xml', '2021_106141_0031.xml'];;['2021_106141_0029.xml', '2021_106141_0031.xml'];originali;('2020_102099_0023.xml', '2020_102099_0027.xml', '2021_102099_0025.xml', '2021_106141_0029.xml', '2021_106141_0031.xml');ape_summary_9ef71f22b99c.html;3107752;D23
3107753;L219;1112;115;;7330.0;FABBRICATO;Via Andrea Sansovino;26;45.098497;7.6362104;Abitazione;Dal 1991 al 2000;Nessuno;Patrimonio indisponibile;Utilizzato direttamente;Altro;;;;72;[693101, 693102, 693103, 693104, 693105, 693106, 693107, 693108, 693109, 693110, 693112, 693113, 693114, 693115, 693116, 693117, 693118, 693119, 693120, 693121, 693123, 693124, 693125, 693126, 693127, 693128, 693129, 693130, 693131, 693132, 693134, 693135, 693136, 693137, 693138, 693139, 693140, 693141, 693142, 693143, 693145, 693146, 693147, 693148, 693149, 693150, 693151, 693152, 693153, 693154, 693156, 693157, 693226, 693227, 693228, 693229, 693230, 693231, 693232, 693233, 693234, 693235, 693237, 693238, 693239, 693240, 693241, 693242, 693243, 693244, 693245, 693246];True;[];;;;[];True;[];originali;();;3107753;D23
3107754;L219;1112;136;;5063.32;FABBRICATO;Corso Lucio Quinzio Cincinnato;115;45.0982077;7.639026;Ufficio strutturato ed assimilabili;Dal 1971 al 1980;Nessuno;Patrimonio indisponibile;Utilizzato direttamente;Attività didattica;;;;4;[388124, 388125, 388126, 388129];True;[];;;;[];True;[];originali;();;3107754;D23
3107755;L219;1112;149;;188.0;FABBRICATO;via pianezza;176 C;45.0971187;7.6424388;Abitazione;Dal 1971 al 1980;Nessuno;Patrimonio indisponibile;Utilizzato direttamente;Altro;;;;2;[693041, 693042];True;[];;;;[];True;[];originali;();;3107755;D23
3107756;L219;1113;86;;190.0;FABBRICATO;corso regina margherita;440;45.0942902;7.6333982;Locale commerciale, negozio;Dal 2001 al 2010;Nessuno;Patrimonio indisponibile;Utilizzato direttamente;Altro;;;;2;[693556, 693557];True;['2019_206326_0014.xml', '2019_206326_0015.xml', '2021_100825_0008.xml', '2021_109163_0001.xml'];E;761.52;E;['2019_206326_0014.xml', '2019_206326_0015.xml', '2021_100825_0008.xml', '2021_109163_0001.xml'];True;[];originali;('2019_206326_0014.xml', '2019_206326_0015.xml', '2021_100825_0008.xml', '2021_109163_0001.xml');ape_summary_8517621ededf.html;3107756;D23
3107757;L219;1117;52;;724.8000000000001;FABBRICATO;Strada della Pellerina;22;45.0881377;7.6239728;Struttura residenziale collettiva (es.: collegi e convitti, educandati, ricoveri, orfanotrofi, ospizi, conventi, seminari);Prima del 1919;Nessuno;Patrimonio indisponibile;Non utilizzato;Non Dichiarato;in concessione a titolo oneroso;28920.0;01/12/2015;3;[693440, 693441, 693445];True;[];;;;[];False;[];originali;();;3107757;D23
3107758;L219;1120;153;;2766.25;FABBRICATO;Corso Regina Margherita;371;45.0894381;7.6393126;Abitazione;Prima del 1919;Dichiarazione di interesse culturale;Demanio;Utilizzato direttamente;Alloggio di servizio, foresterie;;;;3;[693478, 2666994, 2666995];True;[];;;;[];True;[];originali;();;3107758;D23
3107759;L219;1121;10;;150.0;FABBRICATO;via pianezza;94;45.0951955;7.6482767;Abitazione;Dal 1946 al 1960;Nessuno;Patrimonio indisponibile;;Non Dichiarato;in concessione a titolo oneroso;3813.0;01/10/2021;2;[693529, 693530];True;[];;;;[];False;[];originali;();;3107759;D10
3107760;L219;1121;41;;7099.0;FABBRICATO;via pianezza;155;45.0952613;7.645336;Abitazione;Dal 1946 al 1960;Nessuno;Patrimonio indisponibile;Utilizzato direttamente;Non Dichiarato;in locazione;508.0;01/12/2022;124;[693567, 693569, 693570, 693571, 693572, 693573, 693574, 693575, 693576, 693577, 693578, 693579, 693580, 693581, 693582, 693583, 693584, 693585, 693587, 693588, 693589, 693590, 693591, 693592, 693593, 693594, 693597, 693598, 693599, 693600, 693601, 693602, 693603, 693604, 693605, 693606, 693607, 693608, 693609, 693610, 693611, 693612, 693613, 693614, 693615, 693616, 693617, 693618, 693619, 693620, 693621, 693622, 693623, 693624, 693630, 693641, 693652, 693663, 693674, 693675, 693686, 693693, 693694, 693695, 693696, 693697, 693698, 693699, 693700, 693701, 693703, 693704, 693705, 693706, 693707, 693708, 693709, 693710, 693711, 693712, 693713, 693714, 693715, 693716, 693717, 693718, 693719, 693720, 693723, 693724, 693725, 693726, 693727, 693728, 693729, 693730, 693731, 693732, 693733, 693734, 693735, 693736, 693737, 693738, 693739, 693740, 693741, 693744, 693745, 693746, 693747, 693748, 693749, 693750, 693751, 693752, 693754, 693755, 693756, 693757, 693758, 693759, 693762, 693763];True;['2019_111530_0003.xml', '2020_102099_0001.xml', '2020_102099_0002.xml', '2020_102099_0003.xml', '2020_102099_0004.xml', '2020_102099_0005.xml', '2020_102099_0007.xml', '2020_102099_0008.xml', '2020_102099_0009.xml', '2020_102099_0010.xml', '2020_102099_0024.xml', '2020_102099_0026.xml', '2020_102099_0028.xml', '2020_102099_0029.xml', '2020_102099_0030.xml', '2020_102099_0031.xml', '2020_102099_0032.xml', '2020_102099_0033.xml', '2020_102099_0034.xml', '2020_102099_0035.xml', '2020_102099_0036.xml', '2020_102099_0037.xml', '2020_102099_0038.xml', '2020_102099_0039.xml', '2020_102099_0040.xml', '2020_102099_0041.xml', '2020_102099_0042.xml', '2020_102099_0043.xml', '2020_102099_0044.xml', '2020_102099_0045.xml', '2020_102099_0046.xml', '2020_102099_0047.xml', '2020_102099_0048.xml', '2020_102099_0049.xml', '2020_102099_0050.xml', '2020_102099_0051.xml', '2020_102099_0052.xml', '2020_102099_0053.xml', '2020_102099_0054.xml', '2020_102099_0055.xml', '2020_102099_0056.xml', '2020_102099_0057.xml', '2020_102099_0058.xml', '2020_102099_0059.xml', '2020_102099_0060.xml', '2020_102099_0061.xml', '2020_102099_0062.xml', '2020_102099_0063.xml', '2020_102099_0064.xml', '2020_102099_0065.xml', '2020_102099_0066.xml', '2020_102099_0067.xml', '2020_102099_0068.xml', '2020_102099_0069.xml', '2020_102099_0070.xml', '2020_102099_0071.xml', '2020_102099_0072.xml', '2020_102099_0073.xml', '2020_102099_0074.xml', '2020_102099_0075.xml', '2020_102099_0076.xml', '2020_102099_0077.xml', '2020_102099_0078.xml', '2020_102099_0079.xml', '2020_102099_0080.xml', '2020_102099_0081.xml', '2020_102099_0082.xml', '2020_102099_0083.xml', '2020_102099_0084.xml', '2020_102099_0085.xml', '2020_102099_0086.xml', '2020_102099_0087.xml', '2020_102099_0088.xml', '2020_102099_0089.xml', '2020_102099_0090.xml', '2020_102099_0092.xml', '2020_102099_0107.xml', '2020_102099_0108.xml', '2020_102099_0109.xml', '2020_102099_0110.xml', '2020_102099_0111.xml', '2020_102099_0112.xml', '2020_102099_0113.xml', '2020_102099_0114.xml', '2020_102099_0115.xml', '2020_102099_0116.xml', '2020_102099_0117.xml', '2020_102099_0119.xml', '2020_102099_0120.xml', '2020_102099_0121.xml', '2020_102099_0122.xml', '2020_102099_0123.xml', '2020_102099_0124.xml', '2020_102099_0125.xml', '2020_102099_0126.xml', '2020_102099_0127.xml', '2020_102099_0128.xml', '2020_102099_0129.xml', '2020_102099_0130.xml', '2020_102099_0131.xml', '2020_102099_0132.xml', '2020_102099_0133.xml', '2020_102099_0134.xml', '2020_102099_0135.xml', '2020_102099_0136.xml', '2020_102099_0177.xml', '2020_102099_0178.xml', '2021_106141_0030.xml'];G;275.88;D;['2019_111530_0003.xml', '2020_102099_0001.xml', '2020_102099_0002.xml', '2020_102099_0004.xml', '2020_102099_0005.xml', '2020_102099_0007.xml', '2020_102099_0008.xml', '2020_102099_0009.xml', '2020_102099_0010.xml', '2020_102099_0024.xml', '2020_102099_0026.xml', '2020_102099_0028.xml', '2020_102099_0030.xml', '2020_102099_0032.xml', '2020_102099_0033.xml', '2020_102099_0034.xml', '2020_102099_0037.xml', '2020_102099_0039.xml', '2020_102099_0041.xml', '2020_102099_0044.xml', '2020_102099_0047.xml', '2020_102099_0048.xml', '2020_102099_0053.xml', '2020_102099_0054.xml', '2020_102099_0063.xml', '2020_102099_0069.xml', '2020_102099_0074.xml', '2020_102099_0083.xml', '2020_102099_0084.xml', '2020_102099_0088.xml', '2020_102099_0107.xml', '2020_102099_0111.xml', '2020_102099_0116.xml', '2020_102099_0123.xml', '2020_102099_0127.xml', '2020_102099_0177.xml', '2020_102099_0178.xml', '2021_106141_0030.xml'];True;['2019_111530_0003.xml', '2020_102099_0002.xml', '2020_102099_0004.xml', '2020_102099_0005.xml', '2020_102099_0007.xml', '2020_102099_0008.xml', '2020_102099_0009.xml', '2020_102099_0010.xml', '2020_102099_0024.xml', '2020_102099_0026.xml', '2020_102099_0028.xml', '2020_102099_0030.xml', '2020_102099_0032.xml', '2020_102099_0033.xml', '2020_102099_0034.xml', '2020_102099_0037.xml', '2020_102099_0039.xml', '2020_102099_0041.xml', '2020_102099_0044.xml', '2020_102099_0047.xml', '2020_102099_0048.xml', '2020_102099_0053.xml', '2020_102099_0054.xml', '2020_102099_0063.xml', '2020_102099_0069.xml', '2020_102099_0074.xml', '2020_102099_0083.xml', '2020_102099_0084.xml', '2020_102099_0088.xml', '2020_102099_0107.xml', '2020_102099_0111.xml', '2020_102099_0116.xml', '2020_102099_0123.xml', '2020_102099_0127.xml', '2020_102099_0177.xml', '2020_102099_0178.xml', '2021_106141_0030.xml'];originali;('2019_111530_0003.xml', '2020_102099_0001.xml', '2020_102099_0002.xml', '2020_102099_0004.xml', '2020_102099_0005.xml', '2020_102099_0007.xml', '2020_102099_0008.xml', '2020_102099_0009.xml', '2020_102099_0010.xml', '2020_102099_0024.xml', '2020_102099_0026.xml', '2020_102099_0028.xml', '2020_102099_0030.xml', '2020_102099_0032.xml', '2020_102099_0033.xml', '2020_102099_0034.xml', '2020_102099_0037.xml', '2020_102099_0039.xml', '2020_102099_0041.xml', '2020_102099_0044.xml', '2020_102099_0047.xml', '2020_102099_0048.xml', '2020_102099_0053.xml', '2020_102099_0054.xml', '2020_102099_0063.xml', '2020_102099_0069.xml', '2020_102099_0074.xml', '2020_102099_0083.xml', '2020_102099_0084.xml', '2020_102099_0088.xml', '2020_102099_0107.xml', '2020_102099_0111.xml', '2020_102099_0116.xml', '2020_102099_0123.xml', '2020_102099_0127.xml', '2020_102099_0177.xml', '2020_102099_0178.xml', '2021_106141_0030.xml');ape_summary_d547a5414f2b.html;3107760;D23
3107761;L219;1122;732;;5557.5;FABBRICATO;Corso Potenza;108;45.0971339;7.6595818;Abitazione;Dal 1971 al 1980;Nessuno;Patrimonio indisponibile;Utilizzato direttamente;Alloggio di servizio, foresterie;;;;2;[693929, 693930];True;[];;;;[];True;[];originali;();;3107761;D10
3107762;L219;1123;357;;5133.75;FABBRICATO;via lemie;48;45.0962436;7.6657083;Abitazione;Dal 1961 al 1970;Nessuno;Patrimonio indisponibile;Utilizzato direttamente;Alloggio di servizio, foresterie;;;;2;[693931, 693933];True;[];;;;[];True;[];originali;();;3107762;D10
3107763;L219;1123;397;;17561.57;FABBRICATO;Via Ponderano;10;45.0965128;7.6647116;Abitazione;Dal 1971 al 1980;Nessuno;Patrimonio indisponibile;Utilizzato direttamente;Alloggio di servizio, foresterie;;;;3;[693937, 693938, 693939];True;[];;;;[];True;[];originali;();;3107763;D10
3107764;L219;1124;81;;330.0;FABBRICATO;Via Bosconero;3;45.0944679;7.6728741;Abitazione;Prima del 1919;Nessuno;Patrimonio indisponibile;Utilizzato direttamente;Altro;;;;5;[694674, 694675, 694676, 694677, 694678];True;[];;;;[];True;[];originali;();;3107764;D10
3107765;L219;1125;202;;1574.25;FABBRICATO;Via Cambiano;10;45.0923756;7.6755809;Abitazione;Prima del 1919;Dichiarazione di interesse culturale;Demanio;Utilizzato direttamente;Alloggio di servizio, foresterie;;;;2;[694684, 694685];True;[];;;;[];True;[];originali;();;3107765;D10
3107766;L219;1125;210;;865.0;FABBRICATO;via giachino errico;30;45.0917968;7.6761135;Abitazione;Prima del 1919;Nessuno;Patrimonio disponibile;Utilizzato direttamente;Altro;;;;12;[694689, 694690, 694691, 694692, 694693, 694694, 694695, 694696, 694697, 694698, 694699, 694700];True;[];;;;[];True;[];originali;();;3107766;D10
3107767;L219;1125;438;;6899.0;FABBRICATO;corso mortara;36 7;45.0911933;7.6721811;Abitazione;Dal 2001 al 2010;Nessuno;Patrimonio indisponibile;Utilizzato direttamente;Altro;;;;89;[693990, 693991, 693992, 693993, 693994, 693995, 693996, 693997, 693998, 693999, 694001, 694002, 694003, 694004, 694005, 694006, 694007, 694008, 694009, 694010, 694012, 694013, 694014, 694015, 694016, 694017, 694018, 694019, 694020, 694021, 694023, 694024, 694025, 694026, 694027, 694028, 694029, 694030, 694031, 694032, 694034, 694035, 694036, 694037, 694038, 694039, 694040, 694041, 694042, 694043, 694045, 694046, 694047, 694048, 694049, 694050, 694051, 694052, 694053, 694054, 694056, 694057, 694058, 694059, 694060, 694061, 694124, 694125, 694126, 694128, 694129, 694130, 694131, 694132, 694133, 694134, 694135, 694136, 694137, 694139, 694140, 694141, 694142, 694143, 694144, 694145, 694146, 694147, 694148];True;['2020_102351_0032.xml', '2020_102351_0033.xml', '2020_102351_0034.xml', '2020_102351_0035.xml', '2020_312661_0004.xml', '2020_312661_0005.xml', '2020_312661_0006.xml', '2020_312661_0007.xml', '2020_312661_0008.xml', '2020_312661_0009.xml', '2020_312661_0010.xml', '2020_312661_0011.xml', '2020_312661_0012.xml', '2020_312661_0013.xml', '2020_312661_0014.xml', '2020_312661_0015.xml', '2020_312661_0016.xml', '2020_312661_0017.xml', '2020_312661_0018.xml', '2020_312661_0019.xml', '2020_312661_0020.xml', '2020_312661_0021.xml', '2020_312661_0022.xml'];D;141.36;D;['2020_102351_0032.xml', '2020_102351_0033.xml', '2020_102351_0034.xml', '2020_102351_0035.xml', '2020_312661_0004.xml', '2020_312661_0005.xml', '2020_312661_0006.xml', '2020_312661_0007.xml', '2020_312661_0008.xml', '2020_312661_0009.xml', '2020_312661_0010.xml', '2020_312661_0011.xml', '2020_312661_0012.xml', '2020_312661_0013.xml', '2020_312661_0014.xml', '2020_312661_0015.xml', '2020_312661_0016.xml', '2020_312661_0017.xml', '2020_312661_0018.xml', '2020_312661_0019.xml', '2020_312661_0020.xml', '2020_312661_0021.xml', '2020_312661_0022.xml'];True;['2020_102351_0032.xml', '2020_102351_0033.xml', '2020_102351_0034.xml', '2020_102351_0035.xml', '2020_312661_0004.xml', '2020_312661_0005.xml', '2020_312661_0006.xml', '2020_312661_0007.xml', '2020_312661_0008.xml', '2020_312661_0009.xml', '2020_312661_0010.xml', '2020_312661_0011.xml', '2020_312661_0012.xml', '2020_312661_0013.xml', '2020_312661_0014.xml', '2020_312661_0015.xml', '2020_312661_0016.xml', '2020_312661_0017.xml', '2020_312661_0018.xml', '2020_312661_0019.xml', '2020_312661_0020.xml', '2020_312661_0021.xml', '2020_312661_0022.xml'];originali;('2020_102351_0032.xml', '2020_102351_0033.xml', '2020_102351_0034.xml', '2020_102351_0035.xml', '2020_312661_0004.xml', '2020_312661_0005.xml', '2020_312661_0006.xml', '2020_312661_0007.xml', '2020_312661_0008.xml', '2020_312661_0009.xml', '2020_312661_0010.xml', '2020_312661_0011.xml', '2020_312661_0012.xml', '2020_312661_0013.xml', '2020_312661_0014.xml', '2020_312661_0015.xml', '2020_312661_0016.xml', '2020_312661_0017.xml', '2020_312661_0018.xml', '2020_312661_0019.xml', '2020_312661_0020.xml', '2020_312661_0021.xml', '2020_312661_0022.xml');ape_summary_1bd7a492088e.html;3107767;D9
3107768;L219;1125;441;;2390.0;FABBRICATO;Corso Mortara;0;45.0909338;7.6711827;Abitazione;Dal 2001 al 2010;Nessuno;Patrimonio indisponibile;Utilizzato direttamente;Altro;;;;29;[694258, 694259, 694260, 694261, 694262, 694263, 694264, 694265, 694266, 694267, 694268, 694269, 694270, 694271, 694272, 694273, 694274, 694275, 694276, 694278, 694279, 694280, 694281, 694282, 694283, 694284, 694285, 694286, 694287];True;['2022_312661_0085.xml', '2022_312661_0086.xml', '2022_312661_0087.xml', '2022_312661_0088.xml'];C;113.7;B;['2022_312661_0085.xml', '2022_312661_0086.xml', '2022_312661_0087.xml', '2022_312661_0088.xml'];True;['2022_312661_0085.xml', '2022_312661_0086.xml', '2022_312661_0087.xml', '2022_312661_0088.xml'];originali;('2022_312661_0085.xml', '2022_312661_0086.xml', '2022_312661_0087.xml', '2022_312661_0088.xml');ape_summary_ddbe16972d29.html;3107768;D9
3107769;L219;1125;90;;6638.0;FABBRICATO;VENEZIA (CORSO);11;45.0929198;7.6789981;Area urbana;ND;Nessuno;Patrimonio indisponibile;Utilizzato direttamente;Alloggio di servizio, foresterie;;;;2;[694957, 2732812];True;[];;;;[];;[];originali;();;3107769;D10
3107770;L219;1127;343;;178.0;FABBRICATO;via valprato;50;45.0928718;7.6848823;Abitazione;Dal 2001 al 2010;Nessuno;Patrimonio indisponibile;Utilizzato direttamente;Altro;;;;2;[694366, 694367];True;['2021_101550_0003.xml', '2021_206362_0001.xml', '2021_209727_0006.xml'];A2;30.43;A3;['2021_101550_0003.xml', '2021_206362_0001.xml', '2021_209727_0006.xml'];True;['2021_206362_0001.xml', '2021_209727_0006.xml'];originali;('2021_101550_0003.xml', '2021_206362_0001.xml', '2021_209727_0006.xml');ape_summary_ca46962ec04b.html;3107770;D11
3107771;L219;1128;127;;15328.86;FABBRICATO;corso vercelli;141;45.0977378;7.6911031;Abitazione;Prima del 1919;Nessuno;Patrimonio indisponibile;Utilizzato direttamente;Alloggio di servizio, foresterie;;;;4;[694397, 694398, 694399, 694400];True;[];;;;[];True;[];originali;();;3107771;D20
3107772;L219;1128;423;;298.0;FABBRICATO;Via Fossata;68;45.0965595;7.6868094;Abitazione;Dal 1946 al 1960;Nessuno;Patrimonio indisponibile;Utilizzato direttamente;Altro;;;;4;[694404, 694405, 694406, 694407];True;['2020_101217_0010.xml', '2021_112307_0003.xml', '2022_206865_0002.xml', '2022_212533_0182.xml'];G;141.40;G;['2020_101217_0010.xml', '2021_112307_0003.xml', '2022_206865_0002.xml', '2022_212533_0182.xml'];True;['2021_112307_0003.xml', '2022_212533_0182.xml'];originali;('2020_101217_0010.xml', '2021_112307_0003.xml', '2022_206865_0002.xml', '2022_212533_0182.xml');ape_summary_8bae3a6a199b.html;3107772;D11
3107773;L219;1129;689;;164.0;FABBRICATO;via leini';111;45.0959779;7.6922024;Abitazione;Dal 1919 al 1945;Nessuno;Patrimonio indisponibile;Utilizzato direttamente;Altro;;;;2;[694415, 694416];True;['2022_101241_0002.xml'];F;264.75;E;['2022_101241_0002.xml'];True;[];originali;('2022_101241_0002.xml',);ape_summary_59ef9259747c.html;3107773;D20
3107774;L219;1131;70;;1247.0;FABBRICATO;Via Francesco Cilea;2;45.0969763;7.7049601;Abitazione;Dal 1961 al 1970;Nessuno;Patrimonio indisponibile;Utilizzato direttamente;Altro;;;;16;[694417, 694418, 694419, 694420, 694421, 694422, 694423, 694424, 694425, 694426, 694427, 694428, 694429, 694430, 694431, 694432];True;['2019_107973_0334.xml', '2019_200448_0059.xml', '2020_200193_0048.xml', '2020_203013_0013.xml', '2022_208141_0005.xml', '2022_213941_0005.xml'];D;99.96;C;['2019_107973_0334.xml', '2019_200448_0059.xml', '2020_200193_0048.xml', '2020_203013_0013.xml', '2022_208141_0005.xml', '2022_213941_0005.xml'];True;['2019_107973_0334.xml', '2019_200448_0059.xml', '2022_208141_0005.xml'];originali;('2019_107973_0334.xml', '2019_200448_0059.xml', '2020_200193_0048.xml', '2020_203013_0013.xml', '2022_208141_0005.xml', '2022_213941_0005.xml');ape_summary_1be1e34eeb71.html;3107774;D21
3107775;L219;1131;72;;1790.0;FABBRICATO;Via Giuseppe Tartini;35;45.0966828;7.7056668;Abitazione;Dal 1961 al 1970;Nessuno;Patrimonio indisponibile;Utilizzato direttamente;Altro;;;;24;[695182, 695183, 695184, 695185, 695186, 695187, 695188, 695189, 695190, 695191, 695192, 695193, 695194, 695195, 695196, 695197, 695198, 695199, 695200, 695201, 695202, 695203, 695204, 695205];True;['2020_209689_0058.xml', '2022_202066_0036.xml', '2022_211272_0004.xml', '2022_313821_0041.xml', '2022_313821_0042.xml', '2022_313821_0067.xml', '2022_313821_0068.xml', '2022_313821_0071.xml'];F;173.55;F;['2020_209689_0058.xml', '2022_202066_0036.xml', '2022_211272_0004.xml', '2022_313821_0041.xml', '2022_313821_0042.xml', '2022_313821_0067.xml', '2022_313821_0068.xml', '2022_313821_0071.xml'];True;['2020_209689_0058.xml', '2022_202066_0036.xml', '2022_313821_0041.xml', '2022_313821_0067.xml', '2022_313821_0068.xml', '2022_313821_0071.xml'];originali;('2020_209689_0058.xml', '2022_202066_0036.xml', '2022_211272_0004.xml', '2022_313821_0041.xml', '2022_313821_0042.xml', '2022_313821_0067.xml', '2022_313821_0068.xml', '2022_313821_0071.xml');ape_summary_95822683ade0.html;3107775;D21
3107776;L219;1132;85;;2160.0;FABBRICATO;Via Arcangelo Corelli;39;45.0960948;7.7088124;Abitazione;Dal 1961 al 1970;Nessuno;Patrimonio indisponibile;Utilizzato direttamente;Altro;;;;26;[695548, 695549, 695550, 695551, 695552, 695553, 695554, 695555, 695556, 695557, 695558, 695559, 695560, 695561, 695562, 695563, 695564, 695565, 695566, 695567, 695568, 695569, 695570, 695571, 695572, 695573];True;['2019_200448_0060.xml', '2022_205199_0092.xml', '2022_205199_0117.xml', '2022_206550_0005.xml'];G;264.21;F;['2019_200448_0060.xml', '2022_205199_0092.xml', '2022_205199_0117.xml', '2022_206550_0005.xml'];True;['2019_200448_0060.xml', '2022_206550_0005.xml'];originali;('2019_200448_0060.xml', '2022_205199_0092.xml', '2022_205199_0117.xml', '2022_206550_0005.xml');ape_summary_544f6cae2b62.html;3107776;D21
3107777;L219;1132;86;;856.0;FABBRICATO;Via Giuseppe Tartini;30;45.0964395;7.7062348;Abitazione;Dal 1961 al 1970;Nessuno;Patrimonio indisponibile;Utilizzato direttamente;Altro;;;;12;[699437, 699438, 699439, 699440, 699441, 699442, 699443, 699444, 699445, 699446, 699447, 699448];True;['2019_203325_0016.xml', '2019_207949_0114.xml', '2021_200542_0014.xml', '2022_213864_0052.xml'];F;246.20;E;['2019_203325_0016.xml', '2019_207949_0114.xml', '2021_200542_0014.xml', '2022_213864_0052.xml'];True;['2021_200542_0014.xml', '2022_213864_0052.xml'];originali;('2019_203325_0016.xml', '2019_207949_0114.xml', '2021_200542_0014.xml', '2022_213864_0052.xml');ape_summary_ef1853aa9c1d.html;3107777;D21
3107778;L219;1132;88;;3580.0;FABBRICATO;via pergolesi giambattista;91 C;45.0961636;7.7069216;Abitazione;Dal 1961 al 1970;Nessuno;Patrimonio indisponibile;Utilizzato direttamente;Altro;;;;47;[695604, 695605, 695606, 695607, 695608, 695609, 695610, 695611, 695612, 695613, 695614, 695615, 695616, 695617, 695618, 695619, 695620, 695621, 695622, 695623, 695624, 695625, 695626, 695627, 695628, 695629, 695630, 695631, 695632, 695633, 695634, 695635, 695636, 695637, 695638, 695639, 695640, 695641, 695642, 695643, 695644, 695645, 695646, 695647, 695648, 695649, 695650];True;['2019_113184_0067.xml', '2019_113184_0068.xml', '2019_113184_0069.xml', '2019_113184_0070.xml', '2019_113184_0071.xml', '2021_200542_0127.xml'];G;321.31;G;['2019_113184_0067.xml', '2019_113184_0068.xml', '2019_113184_0069.xml', '2019_113184_0070.xml', '2019_113184_0071.xml', '2021_200542_0127.xml'];True;['2019_113184_0067.xml', '2019_113184_0068.xml', '2019_113184_0069.xml', '2019_113184_0070.xml', '2019_113184_0071.xml'];originali;('2019_113184_0067.xml', '2019_113184_0068.xml', '2019_113184_0069.xml', '2019_113184_0070.xml', '2019_113184_0071.xml', '2021_200542_0127.xml');ape_summary_bc283ddaef9c.html;3107778;D21
3107779;L219;1132;89;;1873.0;FABBRICATO;via pergolesi giambattista;93 B;45.0959163;7.7075185;Abitazione;Dal 1961 al 1970;Nessuno;Patrimonio indisponibile;Utilizzato direttamente;Altro;;;;25;[695266, 695267, 695268, 695269, 695270, 695271, 695272, 695273, 695274, 695275, 695276, 695277, 695278, 695279, 695280, 695281, 695282, 695283, 695284, 695285, 695286, 695287, 695288, 695289, 695290];True;['2019_113184_0072.xml', '2019_113184_0073.xml', '2019_207150_0014.xml', '2022_200681_0146.xml'];G;245.66;F;['2019_113184_0072.xml', '2019_113184_0073.xml', '2019_207150_0014.xml', '2022_200681_0146.xml'];True;['2019_113184_0072.xml', '2019_113184_0073.xml', '2019_207150_0014.xml', '2022_200681_0146.xml'];originali;('2019_113184_0072.xml', '2019_113184_0073.xml', '2019_207150_0014.xml', '2022_200681_0146.xml');ape_summary_9a6e6b0528b5.html;3107779;D21
3107780;L219;1132;91;;1310.0;FABBRICATO;via pergolesi giambattista;105;45.0956071;7.7082216;Abitazione;Dal 1961 al 1970;Nessuno;Patrimonio indisponibile;Utilizzato direttamente;Altro;;;;17;[696566, 696567, 696568, 696569, 696570, 696571, 696572, 696573, 696574, 696575, 696576, 696577, 696578, 696579, 696580, 696581, 696584];True;['2021_113121_0012.xml', '2021_208722_0084.xml', '2021_212533_0147.xml', '2022_201205_0003.xml'];F;253.64;E;['2021_113121_0012.xml', '2021_208722_0084.xml', '2021_212533_0147.xml', '2022_201205_0003.xml'];True;['2021_113121_0012.xml', '2021_212533_0147.xml'];originali;('2021_113121_0012.xml', '2021_208722_0084.xml', '2021_212533_0147.xml', '2022_201205_0003.xml');ape_summary_6ab8fb9efe26.html;3107780;D21
3107781;L219;1133;11;;453.0;FABBRICATO;Via Sandro Botticelli;152;45.0965341;7.7133715;Abitazione;Dal 1946 al 1960;Nessuno;Patrimonio indisponibile;Utilizzato direttamente;Altro;;;;7;[695651, 695652, 695653, 695654, 695655, 695656, 695657];True;['2021_106467_0058.xml', '2021_202727_0041.xml', '2021_207228_0150.xml'];F;229.50;F;['2021_106467_0058.xml', '2021_202727_0041.xml', '2021_207228_0150.xml'];True;[];originali;('2021_106467_0058.xml', '2021_202727_0041.xml', '2021_207228_0150.xml');ape_summary_33509c4aea19.html;3107781;D21
3107782;L219;1133;12;;184.0;FABBRICATO;Via Giovenale Ancina;50;45.0962736;7.7129759;Abitazione;Dal 1946 al 1960;Nessuno;Patrimonio indisponibile;Utilizzato direttamente;Altro;;;;2;[695659, 695660];True;['2019_200542_0067.xml'];G;147.55;F;['2019_200542_0067.xml'];True;[];originali;('2019_200542_0067.xml',);ape_summary_5b668725dd78.html;3107782;D21
3107783;L219;1133;14;;1198.0;FABBRICATO;corso taranto;159 5;45.0961005;7.7136586;Abitazione;Dal 1961 al 1970;Nessuno;Patrimonio indisponibile;Utilizzato direttamente;Altro;;;;16;[695669, 695670, 695671, 695672, 695673, 695674, 695675, 695676, 695677, 695678, 695679, 695680, 695681, 695682, 695683, 695684];True;['2019_104941_0001.xml', '2019_109523_0024.xml', '2019_207622_0017.xml', '2020_100384_0020.xml'];E;149.26;D;['2019_104941_0001.xml', '2019_109523_0024.xml', '2019_207622_0017.xml', '2020_100384_0020.xml'];True;['2019_104941_0001.xml', '2019_109523_0024.xml'];originali;('2019_104941_0001.xml', '2019_109523_0024.xml', '2019_207622_0017.xml', '2020_100384_0020.xml');ape_summary_23511925b2f1.html;3107783;D21
3107784;L219;1133;15;;640.0;FABBRICATO;Corso Taranto;153;45.0958274;7.7130146;Abitazione;Dal 1961 al 1970;Nessuno;Patrimonio indisponibile;Utilizzato direttamente;Altro;;;;7;[695323, 695324, 695325, 695326, 695327, 695328, 695329];True;['2021_204501_0021.xml', '2021_210200_0011.xml', '2021_213914_0077.xml', '2022_110129_0003.xml'];F;147.51;D;['2021_204501_0021.xml', '2021_210200_0011.xml', '2021_213914_0077.xml', '2022_110129_0003.xml'];True;['2022_110129_0003.xml'];originali;('2021_204501_0021.xml', '2021_210200_0011.xml', '2021_213914_0077.xml', '2022_110129_0003.xml');ape_summary_9feaa21d59bf.html;3107784;D21
3107785;L219;1133;17;;404.0;FABBRICATO;corso taranto;159 8;45.0959078;7.7139963;Abitazione;Dal 1961 al 1970;Nessuno;Patrimonio indisponibile;Utilizzato direttamente;Altro;;;;5;[695330, 695331, 695332, 695333, 695334];True;['2019_206019_0020.xml', '2019_212533_0211.xml', '2021_212533_0006.xml', '2022_202078_0220.xml', '2022_203144_0005.xml', '2022_212533_0055.xml'];F;205.07;E;['2019_206019_0020.xml', '2019_212533_0211.xml', '2021_212533_0006.xml', '2022_202078_0220.xml', '2022_203144_0005.xml', '2022_212533_0055.xml'];True;['2019_212533_0211.xml', '2021_212533_0006.xml'];originali;('2019_206019_0020.xml', '2019_212533_0211.xml', '2021_212533_0006.xml', '2022_202078_0220.xml', '2022_203144_0005.xml', '2022_212533_0055.xml');ape_summary_e32473ee3f3c.html;3107785;D21
3107786;L219;1133;18;;487.0;FABBRICATO;Via Sandro Botticelli;166;45.0958711;7.7145205;Abitazione;Dal 1946 al 1960;Nessuno;Patrimonio indisponibile;Utilizzato direttamente;Altro;;;;7;[695892, 695893, 695894, 695895, 695896, 695897, 695898];True;['2020_201627_0002.xml', '2021_200281_0041.xml', '2021_203223_0025.xml', '2022_203223_0061.xml', '2022_203223_0062.xml'];F;191.21;E;['2020_201627_0002.xml', '2021_200281_0041.xml', '2021_203223_0025.xml', '2022_203223_0061.xml', '2022_203223_0062.xml'];True;[];originali;('2020_201627_0002.xml', '2021_200281_0041.xml', '2021_203223_0025.xml', '2022_203223_0061.xml', '2022_203223_0062.xml');ape_summary_5761c0817883.html;3107786;D21
3107787;L219;1133;32;;2887.5;FABBRICATO;corso taranto;160;45.0956066;7.7103601;Abitazione;Dal 1961 al 1970;Nessuno;Patrimonio indisponibile;Utilizzato direttamente;Altro;;;;2;[695915, 695916];True;[];;;;[];False;[];originali;();;3107787;D21
3107788;L219;1133;33;;1846.75;FABBRICATO;corso taranto;166;45.0956692;7.7111314;Abitazione;Dal 1961 al 1970;Nessuno;Patrimonio indisponibile;Utilizzato direttamente;Alloggio di servizio, foresterie;;;;2;[695917, 695918];True;[];;;;[];True;[];originali;();;3107788;D21
3107789;L219;1133;37;;1366.0;FABBRICATO;Via Giovenale Ancina;31;45.0948209;7.7106818;Abitazione;Dal 1961 al 1970;Nessuno;Patrimonio indisponibile;Utilizzato direttamente;Alloggio di servizio, foresterie;;;;2;[695920, 695921];True;[];;;;[];False;[];originali;();;3107789;D21
3107790;L219;1133;39;;301.0;FABBRICATO;Via Giovenale Ancina;32;45.0949058;7.7120286;Abitazione;Dal 1946 al 1960;Nessuno;Patrimonio indisponibile;Utilizzato direttamente;Altro;;;;3;[695922, 695923, 695924];True;['2019_101781_0003.xml', '2019_207895_0009.xml', '2021_311274_0053.xml', '2022_107997_0036.xml'];E;159.21;D;['2019_101781_0003.xml', '2019_207895_0009.xml', '2021_311274_0053.xml', '2022_107997_0036.xml'];True;['2019_101781_0003.xml', '2021_311274_0053.xml', '2022_107997_0036.xml'];originali;('2019_101781_0003.xml', '2019_207895_0009.xml', '2021_311274_0053.xml', '2022_107997_0036.xml');ape_summary_765277d5a426.html;3107790;D21
3107791;L219;1133;42;;359.0;FABBRICATO;Via Giovenale Ancina;22;45.0942204;7.7110818;Abitazione;Dal 1946 al 1960;Nessuno;Patrimonio indisponibile;Utilizzato direttamente;Altro;;;;3;[695344, 695345, 695346];True;['2019_200542_0179.xml'];F;162.58;D;['2019_200542_0179.xml'];True;[];originali;('2019_200542_0179.xml',);ape_summary_69673181ec64.html;3107791;D21
3107792;L219;1133;65;;5142.18;FABBRICATO;Via Botticelli Sandro;130;45.0973318;7.7115029;Fabbricato per attività produttiva (industriale, artigianale o agricola);Dal 1991 al 2000;Nessuno;Patrimonio indisponibile;Non utilizzato;Non Dichiarato;;;;2;[338703, 338707];True;['2022_103315_0002.xml'];E;116.99;E;['2022_103315_0002.xml'];True;[];originali;('2022_103315_0002.xml',);ape_summary_3f2eb80edeb5.html;3107792;D21
3107793;L219;1140;238;;1221.25;FABBRICATO;via beato cafasso giuseppe;73;45.0878799;7.7300305;Edificio scolastico (es.: scuola di ogni ordine e grado, università, scuola di formazione);Dal 1971 al 1980;Nessuno;Patrimonio indisponibile;Utilizzato direttamente;Attività didattica;;;;4;[695974, 695975, 695976, 695977];True;[];;;;[];;[];originali;();;3107793;E2
3107794;L219;1143;32;;4775.25;FABBRICATO;Piazza Giuseppe Cesare Abba;13;45.0908985;7.7141154;Abitazione;Prima del 1919;Dichiarazione di interesse culturale;Demanio;Utilizzato direttamente;Alloggio di servizio, foresterie;;;;3;[695981, 695982, 695983];True;[];;;;[];True;[];originali;();;3107794;D21
3107795;L219;1144;1;;8885.25;FABBRICATO;Via Arcangelo Corelli;15;45.09394214;7.70909549;Abitazione;Dal 1961 al 1970;Nessuno;Patrimonio indisponibile;Utilizzato direttamente;Alloggio di servizio, foresterie;;;;4;[695984, 695985, 2856957, 2856958];True;[];;;;[];True;[];originali;();;3107795;D21
3107796;L219;1144;107;;131.0;FABBRICATO;via bologna;256;45.09264936;7.7146091;Abitazione;Dal 1946 al 1960;Nessuno;Patrimonio indisponibile;Utilizzato direttamente;Altro;;;;2;[695986, 695987];True;['2021_107716_0016.xml', '2021_213790_0004.xml'];F;186.08;E;['2021_107716_0016.xml', '2021_213790_0004.xml'];True;['2021_107716_0016.xml'];originali;('2021_107716_0016.xml', '2021_213790_0004.xml');ape_summary_1714b3a8296c.html;3107796;D21
3107797;L219;1144;13;;2207.0;FABBRICATO;Via Alessandro Cruto;24;45.09265523;7.70681697;Abitazione;Dal 1961 al 1970;Nessuno;Patrimonio indisponibile;Utilizzato direttamente;Altro;;;;27;[695988, 695989, 695990, 695991, 695992, 695993, 695994, 695995, 695996, 695997, 695998, 695999, 696000, 696001, 696002, 696003, 696004, 696005, 696006, 696007, 696008, 696009, 696010, 696011, 696012, 696013, 696014];True;[];;;;[];True;[];originali;();;3107797;D20
3107798;L219;1144;14;;2019.0;FABBRICATO;Via Luigi Pietracqua;21;45.09218083;7.70719684;Abitazione;Dal 1961 al 1970;Nessuno;Patrimonio indisponibile;Utilizzato direttamente;Altro;;;;29;[696028, 696029, 696030, 696031, 696032, 696033, 696034, 696035, 696036, 696037, 696038, 696039, 696040, 696041, 696042, 696043, 696044, 696045, 696046, 696047, 696048, 696049, 696050, 696051, 696052, 696053, 696054, 696055, 696056];True;['2020_102351_0009.xml', '2020_201485_0089.xml', '2021_207949_0309.xml', '2022_208400_0010.xml'];G;296.95;E;['2020_102351_0009.xml', '2020_201485_0089.xml', '2021_207949_0309.xml', '2022_208400_0010.xml'];True;['2020_102351_0009.xml', '2020_201485_0089.xml'];originali;('2020_102351_0009.xml', '2020_201485_0089.xml', '2021_207949_0309.xml', '2022_208400_0010.xml');ape_summary_5354d92f6e93.html;3107798;D20
3107799;L219;1144;15;;1562.0;FABBRICATO;via pietracqua luigi;19;45.0917837;7.70757765;Abitazione;Dal 1961 al 1970;Nessuno;Patrimonio indisponibile;Utilizzato direttamente;Altro;;;;20;[695525, 695526, 695527, 695528, 695529, 695530, 695531, 695532, 695533, 695534, 695535, 695536, 695537, 695538, 695539, 695540, 695541, 695542, 695543, 695544];True;['2020_202078_0183.xml'];F;149.01;E;['2020_202078_0183.xml'];True;[];originali;('2020_202078_0183.xml',);ape_summary_b90c14321b02.html;3107799;D20
3107800;L219;1144;3;;447.0;FABBRICATO;Via Giovanni Cravero;18;45.09311401;7.70892349;Abitazione;Dal 1971 al 1980;Nessuno;Patrimonio indisponibile;Utilizzato direttamente;Altro;in locazione;3301.0;01/11/2021;4;[696108, 696109, 696110, 696129];True;['2018_200213_0023.xml', '2018_200213_0024.xml', '2019_206362_0065.xml', '2019_209030_0021.xml', '2019_210613_0002.xml', '2021_102099_0011.xml', '2021_104490_0005.xml', '2021_200281_0018.xml', '2021_203912_0063.xml', '2022_100222_0090.xml', '2022_201246_0015.xml', '2022_208023_0001.xml', '2022_208487_0060.xml', '2022_213677_0018.xml'];E;285.86;D;['2018_200213_0023.xml', '2018_200213_0024.xml', '2019_206362_0065.xml', '2019_209030_0021.xml', '2019_210613_0002.xml', '2021_102099_0011.xml', '2021_104490_0005.xml', '2021_200281_0018.xml', '2021_203912_0063.xml', '2022_100222_0090.xml', '2022_201246_0015.xml', '2022_208023_0001.xml', '2022_208487_0060.xml', '2022_213677_0018.xml'];True;['2019_206362_0065.xml', '2019_209030_0021.xml', '2021_102099_0011.xml', '2022_100222_0090.xml', '2022_201246_0015.xml', '2022_208023_0001.xml'];originali;('2018_200213_0023.xml', '2018_200213_0024.xml', '2019_206362_0065.xml', '2019_209030_0021.xml', '2019_210613_0002.xml', '2021_102099_0011.xml', '2021_104490_0005.xml', '2021_200281_0018.xml', '2021_203912_0063.xml', '2022_100222_0090.xml', '2022_201246_0015.xml', '2022_208023_0001.xml', '2022_208487_0060.xml', '2022_213677_0018.xml');ape_summary_17494cf61278.html;3107800;D21
3107801;L219;1144;83;;4315.0;FABBRICATO;via bologna;267 5;45.0935925;7.71428058;Abitazione;Dal 1961 al 1970;Nessuno;Patrimonio indisponibile;Utilizzato direttamente;Altro;;;;60;[696180, 696181, 696182, 696183, 696184, 696185, 696186, 696187, 696188, 696189, 696190, 696191, 696192, 696193, 696194, 696195, 696196, 696197, 696198, 696199, 696200, 696201, 696202, 696203, 696204, 696205, 696206, 696207, 696208, 696209, 696210, 696211, 696212, 696213, 696214, 696215, 696216, 696217, 696218, 696219, 696220, 696221, 696222, 696223, 696224, 696225, 696226, 696227, 696228, 696229, 696230, 696231, 696232, 696233, 696234, 696235, 696236, 696237, 696238, 696239];True;[];;;;[];True;[];originali;();;3107801;D21
3107802;L219;1144;84;;4168.0;FABBRICATO;via bologna;267 10;45.09362811;7.71469846;Abitazione;Dal 1961 al 1970;Nessuno;Patrimonio indisponibile;Utilizzato direttamente;Altro;;;;60;[696281, 696282, 696283, 696284, 696285, 696286, 696287, 696288, 696289, 696290, 696291, 696292, 696293, 696294, 696295, 696296, 696297, 696298, 696299, 696300, 696301, 696302, 696303, 696304, 696305, 696306, 696307, 696308, 696309, 696310, 696311, 696312, 696313, 696314, 696315, 696316, 696317, 696318, 696319, 696320, 696321, 696322, 696323, 696324, 696325, 696326, 696327, 696328, 696329, 696330, 696331, 696332, 696333, 696334, 696335, 696336, 696337, 696338, 696339, 696340];True;[];;;;[];True;[];originali;();;3107802;D21
3107803;L219;1144;86;;6152.0;FABBRICATO;via bologna;267 1;45.09309477;7.71399276;Abitazione;Dal 1961 al 1970;Nessuno;Patrimonio indisponibile;Utilizzato direttamente;Altro;;;;80;[696355, 696356, 696357, 696358, 696359, 696360, 696361, 696362, 696363, 696364, 696365, 696366, 696367, 696368, 696369, 696370, 696371, 696372, 696373, 696374, 696375, 696376, 696377, 696378, 696379, 696380, 696381, 696382, 696383, 696384, 696385, 696386, 696387, 696388, 696389, 696390, 696391, 696392, 696393, 696394, 696395, 696396, 696397, 696398, 696399, 696400, 696401, 696402, 696403, 696404, 696405, 696406, 696407, 696408, 696409, 696410, 696411, 696412, 696413, 696414, 696415, 696416, 696417, 696418, 696419, 696420, 696421, 696422, 696423, 696424, 696425, 696426, 696427, 696428, 696429, 696430, 696431, 696432, 696433, 696434];True;['2020_312661_0107.xml'];F;162.71;E;['2020_312661_0107.xml'];True;['2020_312661_0107.xml'];originali;('2020_312661_0107.xml',);ape_summary_0f52949e6ede.html;3107803;D21
3107804;L219;1145;1;;1521.0;FABBRICATO;via gallina giacinto;3 17;45.0915272;7.7084461;Abitazione;Dal 1919 al 1945;Nessuno;Patrimonio indisponibile;Utilizzato direttamente;Altro;in locazione;2237.0;01/12/2005;24;[696440, 696441, 696442, 696443, 696444, 696445, 696446, 696447, 696448, 696449, 696450, 696451, 696452, 696453, 696454, 696455, 696456, 696457, 696458, 696459, 696460, 696461, 696462, 696463];True;['2021_313821_0142.xml', '2021_313821_0143.xml', '2021_313821_0144.xml', '2021_313821_0145.xml', '2021_313821_0146.xml', '2021_313821_0147.xml', '2021_313821_0151.xml'];G;422.23;D;['2021_313821_0142.xml', '2021_313821_0143.xml', '2021_313821_0144.xml', '2021_313821_0145.xml', '2021_313821_0146.xml', '2021_313821_0147.xml', '2021_313821_0151.xml'];True;['2021_313821_0142.xml', '2021_313821_0143.xml', '2021_313821_0144.xml', '2021_313821_0145.xml', '2021_313821_0146.xml', '2021_313821_0147.xml', '2021_313821_0151.xml'];originali;('2021_313821_0142.xml', '2021_313821_0143.xml', '2021_313821_0144.xml', '2021_313821_0145.xml', '2021_313821_0146.xml', '2021_313821_0147.xml', '2021_313821_0151.xml');ape_summary_146d8489e3e4.html;3107804;D20
3107805;L219;1145;2;;1818.0;FABBRICATO;via gallina giacinto;3 11;45.091958;7.7088881;Abitazione;Dal 1919 al 1945;Nessuno;Patrimonio indisponibile;Utilizzato direttamente;Altro;;;;37;[683428, 683429, 683430, 683431, 683432, 683433, 683434, 683435, 683436, 683437, 683438, 683439, 683440, 683441, 683442, 683443, 683444, 683445, 683446, 683447, 683448, 683449, 683450, 683451, 683452, 683453, 683454, 683455, 683456, 683457, 683458, 683459, 683460, 683461, 683462, 683463, 683464];True;['2021_211473_0025.xml', '2021_313821_0136.xml', '2021_313821_0137.xml', '2021_313821_0138.xml', '2021_313821_0139.xml', '2021_313821_0140.xml', '2021_313821_0141.xml'];F;252.15;E;['2021_211473_0025.xml', '2021_313821_0136.xml', '2021_313821_0137.xml', '2021_313821_0138.xml', '2021_313821_0139.xml', '2021_313821_0140.xml', '2021_313821_0141.xml'];True;['2021_211473_0025.xml', '2021_313821_0136.xml', '2021_313821_0137.xml', '2021_313821_0138.xml', '2021_313821_0139.xml', '2021_313821_0140.xml', '2021_313821_0141.xml'];originali;('2021_211473_0025.xml', '2021_313821_0136.xml', '2021_313821_0137.xml', '2021_313821_0138.xml', '2021_313821_0139.xml', '2021_313821_0140.xml', '2021_313821_0141.xml');ape_summary_b87249ed47c9.html;3107805;D20
3107806;L219;1145;39;;5589.0;FABBRICATO;via ghedini giorgio;21;45.0911078;7.709733;Abitazione;Dal 1919 al 1945;Nessuno;Patrimonio indisponibile;Utilizzato direttamente;Altro;;;;58;[15206, 683476, 683477, 683478, 683479, 683480, 683481, 683482, 683483, 683484, 683485, 683486, 683487, 683488, 683489, 683490, 683491, 683492, 683493, 683494, 683495, 683496, 683497, 683498, 683499, 683500, 683501, 683502, 683503, 683504, 683505, 683506, 683507, 683508, 683509, 683510, 683511, 683512, 683513, 683514, 683515, 683516, 683517, 683518, 683519, 683520, 683521, 683522, 683523, 683524, 683525, 683526, 683527, 683528, 683529, 683530, 683531, 683532];True;['2021_313821_0167.xml'];G;329.94;D;['2021_313821_0167.xml'];True;['2021_313821_0167.xml'];originali;('2021_313821_0167.xml',);ape_summary_9f06f2bb3427.html;3107806;D20
3107807;L219;1145;42;;2259.0;FABBRICATO;via maddalene;2;45.0904066;7.7059706;Abitazione;Dal 1961 al 1970;Nessuno;Patrimonio indisponibile;Utilizzato direttamente;Altro;;;;24;[683629, 683630, 683631, 683632, 683633, 683634, 683635, 683636, 683637, 683638, 683639, 683640, 683641, 683642, 683643, 683644, 683645, 683646, 683647, 683648, 683649, 683650, 683651, 683652];True;['2019_312661_0210.xml', '2019_312661_0211.xml', '2019_312661_0212.xml'];G;269.69;F;['2019_312661_0210.xml', '2019_312661_0211.xml', '2019_312661_0212.xml'];False;['2019_312661_0210.xml', '2019_312661_0211.xml', '2019_312661_0212.xml'];originali;('2019_312661_0210.xml', '2019_312661_0211.xml', '2019_312661_0212.xml');ape_summary_6be5d30ff467.html;3107807;D20
3107808;L219;1145;43;;4275.0;FABBRICATO;via maddalene;6;45.0904443;7.7065946;Abitazione;Dal 1961 al 1970;Nessuno;Patrimonio indisponibile;Utilizzato direttamente;Altro;;;;60;[683653, 683654, 683655, 683656, 683657, 683658, 683659, 683660, 683661, 683662, 683663, 683664, 683665, 683666, 683667, 683668, 683669, 683670, 683671, 683672, 683673, 683674, 683675, 683676, 683677, 683678, 683679, 683680, 683681, 683682, 683683, 683684, 683685, 683686, 683687, 683688, 683689, 683690, 683691, 683692, 683693, 683694, 683695, 683696, 683697, 683698, 683699, 683700, 683701, 683702, 683703, 683704, 683705, 683706, 683707, 683708, 683709, 683710, 683711, 683712];True;['2019_312661_0197.xml', '2019_312661_0198.xml', '2019_312661_0199.xml', '2019_312661_0200.xml', '2019_312661_0201.xml', '2019_312661_0202.xml', '2019_312661_0203.xml', '2019_312661_0207.xml', '2019_312661_0208.xml', '2019_312661_0209.xml', '2019_102351_0263.xml'];G;244.18;F;['2019_312661_0197.xml', '2019_312661_0198.xml', '2019_312661_0199.xml', '2019_312661_0200.xml', '2019_312661_0201.xml', '2019_312661_0202.xml', '2019_312661_0203.xml', '2019_312661_0207.xml', '2019_312661_0208.xml', '2019_312661_0209.xml', '2019_102351_0263.xml'];False;['2019_312661_0197.xml', '2019_312661_0198.xml', '2019_312661_0199.xml', '2019_312661_0200.xml', '2019_312661_0201.xml', '2019_312661_0202.xml', '2019_312661_0203.xml', '2019_312661_0207.xml', '2019_312661_0208.xml', '2019_312661_0209.xml', '2019_102351_0263.xml'];originali;('2019_102351_0263.xml', '2019_312661_0197.xml', '2019_312661_0198.xml', '2019_312661_0199.xml', '2019_312661_0200.xml', '2019_312661_0201.xml', '2019_312661_0202.xml', '2019_312661_0203.xml', '2019_312661_0207.xml', '2019_312661_0208.xml', '2019_312661_0209.xml');ape_summary_7a616df07832.html;3107808;D20
3107809;L219;1145;5;;2601.0;FABBRICATO;via gallina giacinto;3 3;45.091638;7.7092493;Abitazione;Dal 1919 al 1945;Nessuno;Patrimonio indisponibile;Utilizzato direttamente;Altro;;;;45;[683719, 683720, 683721, 683722, 683723, 683724, 683725, 683726, 683727, 683728, 683729, 683730, 683731, 683732, 683733, 683734, 683735, 683736, 683737, 683738, 683739, 683740, 683741, 683742, 683743, 683744, 683745, 683746, 683747, 683748, 683749, 683750, 683751, 683752, 683753, 683754, 683755, 683756, 683757, 683758, 683759, 683760, 683761, 683762, 683763];True;['2021_313821_0133.xml', '2021_313821_0148.xml', '2021_313821_0149.xml'];E;136.16;D;['2021_313821_0133.xml', '2021_313821_0148.xml', '2021_313821_0149.xml'];True;['2021_313821_0133.xml', '2021_313821_0148.xml', '2021_313821_0149.xml'];originali;('2021_313821_0133.xml', '2021_313821_0148.xml', '2021_313821_0149.xml');ape_summary_f7c4a6df7ab4.html;3107809;D20
3107810;L219;1145;6;;1532.0;FABBRICATO;via gallina giacinto;3 10;45.0920674;7.7096364;Abitazione;Dal 1919 al 1945;Nessuno;Patrimonio indisponibile;Utilizzato direttamente;Altro;;;;28;[687155, 687156, 687157, 687158, 687159, 687160, 687161, 687162, 687163, 687164, 687165, 687166, 687167, 687168, 687169, 687170, 687171, 687172, 687173, 687174, 687175, 687176, 687177, 687178, 687179, 687180, 687181, 687182];True;['2021_313821_0134.xml', '2021_313821_0135.xml'];E;139.64;E;['2021_313821_0134.xml', '2021_313821_0135.xml'];True;['2021_313821_0134.xml', '2021_313821_0135.xml'];originali;('2021_313821_0134.xml', '2021_313821_0135.xml');ape_summary_b4e3f7e2220e.html;3107810;D20
3107811;L219;1145;74;;5263.0;FABBRICATO;via maddalene;10;45.0903236;7.70741;Abitazione;Dal 1961 al 1970;Nessuno;Patrimonio indisponibile;Utilizzato direttamente;Altro;;;;72;[687184, 687185, 687186, 687187, 687188, 687189, 687190, 687191, 687192, 687193, 687194, 687195, 687196, 687197, 687198, 687199, 687200, 687201, 687202, 687203, 687204, 687205, 687206, 687207, 687208, 687209, 687210, 687211, 687212, 687213, 687214, 687215, 687216, 687217, 687218, 687219, 687220, 687221, 687222, 687223, 687224, 687225, 687226, 687227, 687228, 687229, 687230, 687231, 687232, 687233, 687234, 687235, 687236, 687237, 687238, 687239, 687240, 687241, 687242, 687243, 687244, 687245, 687246, 687247, 687248, 687249, 687250, 687251, 687252, 687253, 687254, 687255];True;['2019_312661_0192.xml', '2019_312661_0193.xml', '2019_312661_0194.xml', '2019_312661_0195.xml', '2019_312661_0196.xml', '2019_312661_0204.xml', '2019_312661_0205.xml', '2019_312661_0206.xml', '2022_312661_0009.xml'];G;293.18;G;['2019_312661_0192.xml', '2019_312661_0193.xml', '2019_312661_0194.xml', '2019_312661_0195.xml', '2019_312661_0196.xml', '2019_312661_0204.xml', '2019_312661_0205.xml', '2019_312661_0206.xml', '2022_312661_0009.xml'];False;['2019_312661_0192.xml', '2019_312661_0193.xml', '2019_312661_0194.xml', '2019_312661_0195.xml', '2019_312661_0196.xml', '2019_312661_0204.xml', '2019_312661_0205.xml', '2019_312661_0206.xml', '2022_312661_0009.xml'];originali;('2019_312661_0192.xml', '2019_312661_0193.xml', '2019_312661_0194.xml', '2019_312661_0195.xml', '2019_312661_0196.xml', '2019_312661_0204.xml', '2019_312661_0205.xml', '2019_312661_0206.xml', '2022_312661_0009.xml');ape_summary_54d67990de67.html;3107811;D20
3107812;L219;1145;75;;3038.0;FABBRICATO;Via Maddalene;14;45.0904536;7.7080136;Abitazione;Dal 1961 al 1970;Nessuno;Patrimonio indisponibile;Utilizzato direttamente;Altro;;;;40;[687380, 687381, 687382, 687383, 687384, 687385, 687386, 687387, 687388, 687389, 687390, 687391, 687392, 687393, 687394, 687395, 687396, 687397, 687398, 687399, 687400, 687401, 687402, 687403, 687404, 687405, 687406, 687407, 687408, 687409, 687410, 687411, 687412, 687413, 687414, 687415, 687416, 687417, 687418, 687419];True;[];;;;[];True;[];originali;();;3107812;D20
3107813;L219;1145;76;;1459.25;FABBRICATO;via ghedini giorgio;22;45.0908371;7.710038;Abitazione;Dal 1946 al 1960;Nessuno;Patrimonio indisponibile;Utilizzato direttamente;Alloggio di servizio, foresterie;;;;2;[687473, 687474];True;[];;;;[];True;[];originali;();;3107813;D20
3107814;L219;1145;79;;5479.68;FABBRICATO;via moncrivello;0;45.0895195;7.7076647;Abitazione;Dal 1971 al 1980;Nessuno;Patrimonio indisponibile;Utilizzato direttamente;Altro;;;;41;[686318, 686319, 686320, 686321, 686322, 686323, 686324, 686325, 686326, 686327, 686328, 686329, 686330, 686331, 686332, 686333, 686334, 686335, 686336, 686337, 686338, 686339, 686340, 686341, 686342, 686343, 686344, 686345, 686346, 686347, 686348, 686349, 686350, 686351, 686352, 686353, 686354, 686355, 686356, 686357, 686359];True;['2020_102351_0120.xml', '2020_102351_0121.xml'];F;238.82;F;['2020_102351_0120.xml', '2020_102351_0121.xml'];True;['2020_102351_0120.xml', '2020_102351_0121.xml'];originali;('2020_102351_0120.xml', '2020_102351_0121.xml');ape_summary_1166260f4e6e.html;3107814;D20
3107815;L219;1146;12;;4243.0;FABBRICATO;via santhia';76;45.09431626;7.69978934;Abitazione;Dal 1961 al 1970;Nessuno;Patrimonio indisponibile;Utilizzato direttamente;Alloggio di servizio, foresterie;;;;2;[686405, 686406];True;['2022_103915_0001.xml'];F;424.21;E;['2022_103915_0001.xml'];True;['2022_103915_0001.xml'];originali;('2022_103915_0001.xml',);ape_summary_293c0b1913c8.html;3107815;D20
3107816;L219;1146;291;;5342.75;FABBRICATO;Via Domenico Cimarosa;66;45.0932841;7.7018879;Abitazione;Dal 1971 al 1980;Nessuno;Patrimonio indisponibile;Utilizzato direttamente;Alloggio di servizio, foresterie;;;;2;[686423, 686424];True;[];;;;[];False;[];originali;();;3107816;D20
3107817;L219;1147;169;;2622.5;FABBRICATO;via paisiello giovanni;1;45.0894873;7.6984523;Abitazione;Dal 1919 al 1945;Dichiarazione di interesse culturale;Demanio;Utilizzato direttamente;Alloggio di servizio, foresterie;;;;2;[686455, 686456];True;[];;;;[];False;[];originali;();;3107817;D20
3107818;L219;1147;223;;3522.0;FABBRICATO;via leoncavallo ruggero;61;45.0887215;7.7025803;Abitazione;Dal 1971 al 1980;Nessuno;Patrimonio indisponibile;Utilizzato direttamente;Alloggio di servizio, foresterie;;;;2;[686458, 686459];True;[];;;;[];True;[];originali;();;3107818;D20
3107819;L219;1148;212;;174.0;FABBRICATO;via leini';52;45.0929159;7.6920909;Abitazione;Dal 1919 al 1945;Nessuno;Patrimonio indisponibile;Utilizzato direttamente;Altro;;;;2;[686461, 686462];True;[];;;;[];True;[];originali;();;3107819;D20
3107820;L219;1148;428;;11309.75;FABBRICATO;via monte rosa;54;45.0911371;7.6962232;Abitazione;Prima del 1919;Dichiarazione di interesse culturale;Demanio;Utilizzato direttamente;Alloggio di servizio, foresterie;;;;3;[24496, 686474, 686475];True;[];;;;[];True;[];originali;();;3107820;D20
3107821;L219;1148;792;;11389.75;FABBRICATO;via monte rosa;54;45.0908697;7.6960468;Abitazione;Prima del 1919;Dichiarazione di interesse culturale;Demanio;Utilizzato direttamente;Alloggio di servizio, foresterie;;;;3;[24496, 686493, 686494];True;[];;;;[];True;[];originali;();;3107821;D20
3107822;L219;1148;892;;1566.0;FABBRICATO;Via Santhià;28;45.0911589;7.6971903;Abitazione;Prima del 1919;Nessuno;Patrimonio indisponibile;Utilizzato direttamente;Altro;;;;21;[686516, 686517, 686518, 686519, 686520, 686521, 686522, 686523, 686524, 686525, 686526, 686527, 686528, 686529, 686530, 686531, 686532, 686533, 686534, 686535, 686536];True;[];;;;[];True;[];originali;();;3107822;D20
3107823;L219;1148;939;;464.0;FABBRICATO;VIA PALESTRINA PIER LUIGI;9;45.0928939;7.6927457;Abitazione;Dal 1961 al 1970;Nessuno;Patrimonio indisponibile;Utilizzato direttamente;Altro;;;;7;[2666127, 2666128, 2666129, 2666130, 2666131, 2666132, 2666133];True;[];;;;[];;[];originali;();;3107823;D20
3107824;L219;1149;472;;1089.0;FABBRICATO;corso giulio cesare;83;45.0893293;7.69140979;Abitazione;Dal 1919 al 1945;Nessuno;Patrimonio indisponibile;Utilizzato direttamente;Altro;;;;15;[686603, 686604, 686605, 686606, 686607, 686608, 686609, 686610, 686611, 686612, 686613, 686614, 686615, 686616, 686617];True;[];;;;[];True;[];originali;();;3107824;D20
3107825;L219;1149;655;;198.0;FABBRICATO;via monte rosa;11;45.08748262;7.69351139;Abitazione;Prima del 1919;Nessuno;Patrimonio indisponibile;Utilizzato direttamente;Altro;;;;2;[686642, 686643];True;[];;;;[];True;[];originali;();;3107825;D20
3107826;L219;1149;815;;2063.0;FABBRICATO;Via Cuneo;6;45.08670294;7.68856735;Abitazione;Prima del 1919;Nessuno;Patrimonio indisponibile;Utilizzato direttamente;Altro;;;;26;[686649, 686650, 686651, 686652, 686653, 686654, 686655, 686656, 686657, 686659, 686660, 686661, 686662, 686663, 686664, 686665, 686666, 686667, 686668, 686669, 686670, 686671, 686672, 686673, 686674, 686675];True;[];;;;[];True;[];originali;();;3107826;C19
3107827;L219;1149;833;;4278.0;FABBRICATO;Via Padre Francesco Denza;23;45.08670915;7.69155789;Abitazione;Dal 1946 al 1960;Nessuno;Patrimonio indisponibile;Utilizzato direttamente;Alloggio di servizio, foresterie;;;;2;[687572, 687573];True;[];;;;[];True;[];originali;();;3107827;C19
3107828;L219;1150;316;;539.0;FABBRICATO;Via Cervino;43 8;45.0924488;7.6839553;Abitazione;Dal 2001 al 2010;Nessuno;Patrimonio indisponibile;Utilizzato direttamente;Altro;;;;6;[686695, 686696, 686697, 686698, 686699, 686700];True;['2019_100212_0055.xml', '2019_203223_0012.xml', '2019_208347_0058.xml', '2019_311910_0086.xml', '2020_100232_0014.xml', '2020_101827_0001.xml', '2020_108242_0001.xml', '2020_108884_0004.xml', '2020_200690_0018.xml', '2021_103511_0027.xml', '2021_208114_0029.xml', '2021_209689_0114.xml', '2021_213745_0007.xml', '2021_313284_0003.xml', '2022_200218_0012.xml', '2022_208114_0008.xml', '2022_210180_0203.xml', '2022_212629_1502.xml'];C;70.39;B;['2019_100212_0055.xml', '2019_203223_0012.xml', '2019_208347_0058.xml', '2019_311910_0086.xml', '2020_100232_0014.xml', '2020_101827_0001.xml', '2020_108242_0001.xml', '2020_108884_0004.xml', '2020_200690_0018.xml', '2021_103511_0027.xml', '2021_208114_0029.xml', '2021_209689_0114.xml', '2021_213745_0007.xml', '2021_313284_0003.xml', '2022_200218_0012.xml', '2022_208114_0008.xml', '2022_210180_0203.xml', '2022_212629_1502.xml'];False;['2020_100232_0014.xml', '2020_108242_0001.xml', '2020_108884_0004.xml', '2021_103511_0027.xml', '2021_209689_0114.xml', '2021_213745_0007.xml', '2022_200218_0012.xml'];originali;('2019_100212_0055.xml', '2019_203223_0012.xml', '2019_208347_0058.xml', '2019_311910_0086.xml', '2020_100232_0014.xml', '2020_101827_0001.xml', '2020_108242_0001.xml', '2020_108884_0004.xml', '2020_200690_0018.xml', '2021_103511_0027.xml', '2021_208114_0029.xml', '2021_209689_0114.xml', '2021_213745_0007.xml', '2021_313284_0003.xml', '2022_200218_0012.xml', '2022_208114_0008.xml', '2022_210180_0203.xml', '2022_212629_1502.xml');ape_summary_8171a9b8472f.html;3107828;D11
3107829;L219;1150;333;;3337.6;FABBRICATO;VIA BANFO ANTONIO;SNC;45.0903857;7.6864074;Abitazione;Dopo il 2010;Nessuno;Patrimonio disponibile;Utilizzato direttamente;Servizi ordine pubblico, sicurezza nazionale e militare;in locazione;0.0;01/01/2019;8;[381821, 381822, 381823, 381824, 381825, 381826, 381827, 381828];True;[];;;;[];True;[];originali;();;3107829;D11
3107830;L219;1150;346;;4870.0199999999995;FABBRICATO;Via Francesco Cigna;96;45.09073488;7.68591129;Ufficio strutturato ed assimilabili;Dal 1919 al 1945;Dichiarazione di interesse culturale;Patrimonio indisponibile;Utilizzato direttamente;Altro;;;;10;[686703, 686704, 686705, 686706, 686707, 686708, 686709, 686710, 686711, 686712];True;[];;;;[];True;[];originali;();;3107830;D11
3107831;L219;1150;64;;3894.0;FABBRICATO;Via Francesco Cigna;102;45.09091829;7.68568229;Area urbana;Dal 1919 al 1945;Dichiarazione di interesse culturale;Patrimonio indisponibile;Utilizzato direttamente;Altro;;;;6;[686741, 686742, 686744, 686745, 2732813, 2732814];True;[];;;;[];True;[];originali;();;3107831;D11
3107832;L219;1150;65;;9942.4;FABBRICATO;corso vigevano;0;45.0898244;7.6854959;Abitazione;Dal 2001 al 2010;Nessuno;Patrimonio indisponibile;Utilizzato direttamente;Altro;in locazione;43937.0;01/12/2011;124;[686751, 686752, 686753, 686762, 686773, 686784, 686795, 686806, 686817, 686828, 686835, 686839, 686850, 686861, 686872, 686883, 686894, 686905, 686911, 686914, 686915, 686916, 686917, 686918, 686919, 686920, 686921, 686922, 686923, 686924, 686925, 686926, 686927, 686928, 686929, 686930, 686931, 686932, 686933, 686934, 686935, 686936, 686937, 686938, 686939, 686940, 686941, 686942, 686943, 686944, 686945, 686946, 686947, 686948, 686949, 686950, 686951, 686952, 686953, 686954, 686955, 686956, 686957, 686958, 686959, 686960, 686961, 686962, 686963, 686964, 686965, 686966, 686967, 686968, 686969, 686970, 686971, 686972, 686973, 686974, 686975, 686976, 686977, 686978, 686979, 686980, 686981, 686982, 686983, 686984, 686985, 686986, 686987, 686988, 686989, 686990, 686991, 686992, 686993, 686994, 686995, 686996, 686997, 686998, 686999, 687000, 687001, 687002, 687003, 687004, 687005, 687006, 687007, 687008, 687009, 687010, 687011, 687012, 687013, 687014, 687015, 687016, 687017, 687018];True;[];;;;[];;[];originali;();;3107832;D11
3107833;L219;1150;96;;6606.25;FABBRICATO;Via Antonio Banfo;32;45.091678;7.6874963;Abitazione;Prima del 1919;Dichiarazione di interesse culturale;Demanio;Utilizzato direttamente;Alloggio di servizio, foresterie;;;;2;[688200, 688201];True;['2021_100235_0004.xml'];E;331.23;D;['2021_100235_0004.xml'];True;['2021_100235_0004.xml'];originali;('2021_100235_0004.xml',);ape_summary_97969af3bba7.html;3107833;D20
3107834;L219;1151;236;;114.0;FABBRICATO;via piossasco;14;45.0873011;7.680145;Abitazione;Prima del 1919;Nessuno;Patrimonio indisponibile;Utilizzato direttamente;Altro;;;;2;[688204, 688205];True;['2021_203998_0004.xml', '2022_104941_0021.xml'];F;177.69;E;['2021_203998_0004.xml', '2022_104941_0021.xml'];True;['2021_203998_0004.xml'];originali;('2021_203998_0004.xml', '2022_104941_0021.xml');ape_summary_306ae3cd0a76.html;3107834;C19
3107835;L219;1151;315;;1206.0;FABBRICATO;Via Antonio Cecchi;63;45.0886382;7.6787802;Abitazione;Dal 2001 al 2010;Nessuno;Patrimonio indisponibile;Utilizzato direttamente;Altro;;;;13;[688207, 688208, 688209, 688210, 688211, 688212, 688213, 688214, 688215, 688216, 688217, 688218, 688219];True;[];;;;[];True;[];originali;();;3107835;C19
3107836;L219;1151;430;;891.5;FABBRICATO;via beinasco;34;45.08802944;7.67843723;Abitazione;Dal 1971 al 1980;Nessuno;Patrimonio indisponibile;Utilizzato direttamente;Alloggio di servizio, foresterie;;;;2;[2859481, 2859482];True;['2022_110019_0001.xml'];C;247.12;C;['2022_110019_0001.xml'];True;['2022_110019_0001.xml'];originali;('2022_110019_0001.xml',);ape_summary_3a07e4df0bc2.html;3107836;C19
3107837;L219;1153;130;;63.0;FABBRICATO;LIVORNO (VIA);SNC;45.0879597;7.6684117;Area urbana;ND;Nessuno;Patrimonio indisponibile;Utilizzato direttamente;Altro;;;;3;[2732815, 2732816, 2732817];True;['2019_102480_0001.xml', '2019_102902_0017.xml', '2019_102902_0018.xml', '2019_102902_0019.xml', '2019_111718_0042.xml', '2011_101508_0149.xml', '2019_202946_0005.xml', '2020_103137_0001.xml', '2020_106432_0004.xml', '2020_111718_0006.xml', '2021_103137_0007.xml', '2021_103137_0009.xml', '2021_103137_0013.xml', '2019_113699_0002.xml'];C;137.84;B;['2019_102480_0001.xml', '2019_102902_0017.xml', '2019_102902_0018.xml', '2019_102902_0019.xml', '2019_111718_0042.xml', '2011_101508_0149.xml', '2019_202946_0005.xml', '2020_103137_0001.xml', '2020_106432_0004.xml', '2020_111718_0006.xml', '2021_103137_0007.xml', '2021_103137_0009.xml', '2021_103137_0013.xml', '2019_113699_0002.xml'];True;['2021_103137_0007.xml', '2021_103137_0009.xml', '2021_103137_0013.xml'];originali;('2011_101508_0149.xml', '2019_102480_0001.xml', '2019_102902_0017.xml', '2019_102902_0018.xml', '2019_102902_0019.xml', '2019_111718_0042.xml', '2019_113699_0002.xml', '2019_202946_0005.xml', '2020_103137_0001.xml', '2020_106432_0004.xml', '2020_111718_0006.xml', '2021_103137_0007.xml', '2021_103137_0009.xml', '2021_103137_0013.xml');ape_summary_fc47d07deb71.html;3107837;D9
3107838;L219;1153;131;;48.0;FABBRICATO;LIVORNO (VIA);SNC;45.0883774;7.666813;Area urbana;ND;Nessuno;Patrimonio indisponibile;Utilizzato direttamente;Altro;;;;2;[2732818, 2732819];True;['2018_201437_0003.xml', '2019_204972_0010.xml', '2019_205195_0022.xml', '2019_205408_0004.xml', '2019_209322_0003.xml', '2019_211473_0006.xml', '2020_201227_0055.xml', '2020_205351_0039.xml', '2020_205351_0040.xml', '2020_207949_0185.xml', '2020_213231_0006.xml', '2020_101425_0001.xml', '2021_105537_0002.xml', '2021_206052_0159.xml', '2021_212629_1263.xml', '2021_214131_0028.xml', '2022_100224_0039.xml', '2022_100760_0003.xml', '2022_110134_0042.xml', '2022_206748_0111.xml', '2022_207949_0191.xml', '2022_208722_0014.xml', '2022_210046_0046.xml', '2022_212489_0024.xml'];D;175.32;D;['2018_201437_0003.xml', '2019_204972_0010.xml', '2019_205195_0022.xml', '2019_205408_0004.xml', '2019_209322_0003.xml', '2019_211473_0006.xml', '2020_201227_0055.xml', '2020_205351_0039.xml', '2020_205351_0040.xml', '2020_207949_0185.xml', '2020_213231_0006.xml', '2020_101425_0001.xml', '2021_105537_0002.xml', '2021_206052_0159.xml', '2021_212629_1263.xml', '2021_214131_0028.xml', '2022_100224_0039.xml', '2022_100760_0003.xml', '2022_110134_0042.xml', '2022_206748_0111.xml', '2022_207949_0191.xml', '2022_208722_0014.xml', '2022_210046_0046.xml', '2022_212489_0024.xml'];False;['2019_205195_0022.xml', '2019_209322_0003.xml', '2019_211473_0006.xml', '2020_101425_0001.xml', '2021_105537_0002.xml', '2022_110134_0042.xml', '2022_208722_0014.xml'];originali;('2018_201437_0003.xml', '2019_204972_0010.xml', '2019_205195_0022.xml', '2019_205408_0004.xml', '2019_209322_0003.xml', '2019_211473_0006.xml', '2020_101425_0001.xml', '2020_201227_0055.xml', '2020_205351_0039.xml', '2020_205351_0040.xml', '2020_207949_0185.xml', '2020_213231_0006.xml', '2021_105537_0002.xml', '2021_206052_0159.xml', '2021_212629_1263.xml', '2021_214131_0028.xml', '2022_100224_0039.xml', '2022_100760_0003.xml', '2022_110134_0042.xml', '2022_206748_0111.xml', '2022_207949_0191.xml', '2022_208722_0014.xml', '2022_210046_0046.xml', '2022_212489_0024.xml');ape_summary_fc392bf2284e.html;3107838;D9
3107839;L219;1153;132;;288.0;FABBRICATO;LIVORNO (VIA);SNC;45.0875149;7.6666417;Area urbana;ND;Nessuno;Patrimonio indisponibile;Utilizzato direttamente;Altro;;;;2;[2732820, 2732821];True;['2019_209689_0012.xml', '2019_213164_0006.xml', '2020_102286_0044.xml', '2020_205351_0034.xml', '2020_205351_0035.xml', '2020_205351_0036.xml', '2020_205351_0037.xml', '2020_205351_0038.xml', '2021_202612_0280.xml', '2021_206052_0160.xml', '2021_208026_0030.xml', '2021_209507_0117.xml', '2021_209689_0155.xml', '2021_209689_0156.xml', '2022_114801_0039.xml', '2022_200542_0056.xml', '2022_203473_0042.xml', '2022_203473_0046.xml', '2022_209507_0070.xml', '2022_209689_0164.xml'];D;119.34;C;['2019_209689_0012.xml', '2019_213164_0006.xml', '2020_102286_0044.xml', '2020_205351_0034.xml', '2020_205351_0035.xml', '2020_205351_0036.xml', '2020_205351_0037.xml', '2020_205351_0038.xml', '2021_202612_0280.xml', '2021_206052_0160.xml', '2021_208026_0030.xml', '2021_209507_0117.xml', '2021_209689_0155.xml', '2021_209689_0156.xml', '2022_114801_0039.xml', '2022_200542_0056.xml', '2022_203473_0042.xml', '2022_209507_0070.xml', '2022_209689_0164.xml'];False;['2019_213164_0006.xml'];originali;('2019_209689_0012.xml', '2019_213164_0006.xml', '2020_102286_0044.xml', '2020_205351_0034.xml', '2020_205351_0035.xml', '2020_205351_0036.xml', '2020_205351_0037.xml', '2020_205351_0038.xml', '2021_202612_0280.xml', '2021_206052_0160.xml', '2021_208026_0030.xml', '2021_209507_0117.xml', '2021_209689_0155.xml', '2021_209689_0156.xml', '2022_114801_0039.xml', '2022_200542_0056.xml', '2022_203473_0042.xml', '2022_209507_0070.xml', '2022_209689_0164.xml');ape_summary_7f3b8b0ec2a9.html;3107839;D9
3107840;L219;1157;142;;1352.25;FABBRICATO;Via Spoleto;0;45.0871558;7.6534277;Abitazione;Dal 1981 al 1990;Nessuno;Patrimonio indisponibile;Utilizzato direttamente;Alloggio di servizio, foresterie;;;;2;[688761, 688762];True;[];;;;[];True;[];originali;();;3107840;D9
3107841;L219;1158;159;;19500.4;FABBRICATO;corso regina margherita;330;45.08927;7.6495706;Abitazione;Dal 1971 al 1980;Nessuno;Patrimonio disponibile;Utilizzato direttamente;Servizi ordine pubblico, sicurezza nazionale e militare;;;;6;[688771, 688772, 688773, 688774, 688775, 688776];True;[];;;;[];False;[];originali;();;3107841;D9
3107842;L219;1158;171;;873.8;FABBRICATO;Corso Appio Claudio;80;45.0853808;7.6461232;Abitazione;Dal 1981 al 1990;Nessuno;Patrimonio disponibile;Utilizzato direttamente;Non Dichiarato;in locazione;70629.0;01/07/2011;3;[688821, 688822, 688823];True;[];;;;[];True;[];originali;();;3107842;D23
3107843;L219;1159;117;;1248.75;FABBRICATO;via lessona michele;70;45.0837247;7.6423094;Abitazione;Dal 1971 al 1980;Nessuno;Patrimonio indisponibile;Utilizzato direttamente;Alloggio di servizio, foresterie;;;;2;[688824, 688825];True;[];;;;[];True;[];originali;();;3107843;D24
3107844;L219;1160;35;;315.0;FABBRICATO;Corso Appio Claudio;176;45.0858188;7.6349071;Ufficio strutturato ed assimilabili;Prima del 1919;Nessuno;Patrimonio indisponibile;Utilizzato direttamente;Attività amministrativa/uffici pubblici;;;;3;[23646, 688837, 688838];True;[];;;;[];True;[];originali;();;3107844;D23
3107845;L219;1161;166;;1071.5;FABBRICATO;via servais giovanni;62;45.0842325;7.6310376;Abitazione;Dal 1971 al 1980;Nessuno;Patrimonio indisponibile;Utilizzato direttamente;Alloggio di servizio, foresterie;;;;2;[7267, 688844];True;[];;;;[];True;[];originali;();;3107845;D24
3107846;L219;1166;467;;10834.5;FABBRICATO;via passoni mario e pier luigi;13;45.08272706;7.61774122;Abitazione;Dal 1971 al 1980;Nessuno;Patrimonio indisponibile;Utilizzato direttamente;Alloggio di servizio, foresterie;;;;2;[688980, 688981];True;[];;;;[];;[];originali;();;3107846;D25
3107847;L219;1168;237;;7170.75;FABBRICATO;via pacchiotti giacinto;102;45.0786863;7.6249251;Edificio scolastico (es.: scuola di ogni ordine e grado, università, scuola di formazione);Dal 1961 al 1970;Nessuno;Patrimonio indisponibile;Utilizzato direttamente;Attività didattica;;;;3;[688986, 688987, 688988];True;[];;;;[];True;[];originali;();;3107847;D24
3107848;L219;1168;263;;1366.0;FABBRICATO;Via Bellardi Ludovico;56;45.079064;7.6248961;Abitazione;Dal 1961 al 1970;Nessuno;Patrimonio indisponibile;Utilizzato direttamente;Alloggio di servizio, foresterie;;;;2;[688989, 688990];True;[];;;;[];True;[];originali;();;3107848;D24
3107849;L219;1169;54;;1584.0;FABBRICATO;Via Pietro Cossa;115;45.0823902;7.6227387;Abitazione;Dal 1971 al 1980;Nessuno;Patrimonio indisponibile;Utilizzato direttamente;Alloggio di servizio, foresterie;;;;3;[688991, 688992, 2732825];True;[];;;;[];True;[];originali;();;3107849;D25
3107850;L219;1170;273;;1759.0;FABBRICATO;via valgioie;72;45.0772265;7.6279673;Abitazione;Dal 1971 al 1980;Nessuno;Patrimonio indisponibile;Utilizzato direttamente;Alloggio di servizio, foresterie;;;;2;[688997, 688998];True;[];;;;[];True;[];originali;();;3107850;D24
3107851;L219;1170;31;;4413.0;FABBRICATO;Via Giacinto Pacchiotti;50;45.0784447;7.628124;Abitazione;Dal 1971 al 1980;Nessuno;Patrimonio indisponibile;Utilizzato direttamente;Alloggio di servizio, foresterie;;;;2;[689003, 689004];True;[];;;;[];False;[];originali;();;3107851;D24
3107852;L219;1171;736;;3161.57;FABBRICATO;corso francia;186;45.0765455;7.6383281;Abitazione;Prima del 1919;Dichiarazione di interesse culturale;Demanio;Utilizzato direttamente;Attività artistica e culturale;;;;2;[689007, 689008];True;[];;;;[];;[];originali;();;3107852;D26
3107853;L219;1171;757;;2317.25;FABBRICATO;Via Asinari di Bernezzo Vittorio;23;45.0786066;7.6387089;Abitazione;Dal 1981 al 1990;Dichiarazione di interesse culturale;Demanio;Utilizzato direttamente;Alloggio di servizio, foresterie;;;;2;[689009, 689010];True;[];;;;[];;[];originali;();;3107853;D26
3107854;L219;1172;1043;;5757.5;FABBRICATO;via capelli carlo;64;45.0802112;7.6346738;Abitazione;Dal 1971 al 1980;Nessuno;Patrimonio indisponibile;Utilizzato direttamente;Alloggio di servizio, foresterie;;;;2;[689013, 689014];True;[];;;;[];True;[];originali;();;3107854;D24
3107855;L219;1172;1047;;805.28;FABBRICATO;Via Salbertrand;57;45.0804511;7.634538;Ufficio strutturato ed assimilabili;Prima del 1919;Nessuno;Patrimonio indisponibile;Utilizzato direttamente;Attività amministrativa/uffici pubblici;;;;3;[689016, 689017, 689018];True;[];;;;[];True;[];originali;();;3107855;D24
3107856;L219;1172;158;;5137.75;FABBRICATO;Via Giovanni Servais;5;45.0826246;7.6382219;Abitazione;Dal 1961 al 1970;Nessuno;Patrimonio indisponibile;Utilizzato direttamente;Alloggio di servizio, foresterie;;;;2;[689019, 689020];True;[];;;;[];True;[];originali;();;3107856;D24
3107857;L219;1172;949;;9497.75;FABBRICATO;Via Capelli Carlo;51;45.0796358;7.6326732;Abitazione;Dal 1919 al 1945;Dichiarazione di interesse culturale;Demanio;Utilizzato direttamente;Alloggio di servizio, foresterie;;;;4;[689024, 689025, 689026, 689027];True;[];;;;[];True;[];originali;();;3107857;D24
3107858;L219;1173;331;;1635.0;FABBRICATO;corso lecce;55;45.080698;7.6475243;Abitazione;Dal 1919 al 1945;Nessuno;Patrimonio disponibile;Utilizzato direttamente;Non Dichiarato;in locazione;4104.0;01/10/2021;24;[689037, 689038, 689039, 689040, 689041, 689042, 689043, 689044, 689045, 689046, 689047, 689048, 689049, 689050, 689051, 689052, 689053, 689054, 689055, 689056, 689057, 689058, 689059, 689060];True;['2020_102099_0137.xml', '2020_102099_0138.xml', '2020_102099_0139.xml', '2020_102099_0140.xml', '2020_102099_0146.xml', '2020_102099_0147.xml', '2020_102099_0148.xml', '2020_102099_0149.xml', '2020_102099_0150.xml', '2020_102099_0151.xml'];F;108.78;E;['2020_102099_0137.xml', '2020_102099_0138.xml', '2020_102099_0139.xml', '2020_102099_0146.xml', '2020_102099_0149.xml'];False;['2020_102099_0146.xml'];originali;('2020_102099_0137.xml', '2020_102099_0138.xml', '2020_102099_0139.xml', '2020_102099_0146.xml', '2020_102099_0149.xml');ape_summary_724e7ec0f232.html;3107858;C21
3107859;L219;1173;529;;388.0;FABBRICATO;via pilo rosalino;50;45.0779791;7.6460453;Abitazione;Prima del 1919;Nessuno;Patrimonio indisponibile;Utilizzato direttamente;Servizi assistenza socio-sanitaria (non residenziali);;;;4;[688264, 688265, 688266, 688267];True;[];;;;[];;[];originali;();;3107859;C22
3107860;L219;1173;665;;7531.75;FABBRICATO;Via Domodossola;41;45.080271;7.6432956;Abitazione;Dal 1981 al 1990;Nessuno;Patrimonio indisponibile;Utilizzato direttamente;Alloggio di servizio, foresterie;;;;3;[688272, 688273, 688274];True;[];;;;[];False;[];originali;();;3107860;D24
3107861;L219;1174;274;;242.0;FABBRICATO;Corso Svizzera;61;45.0818097;7.6505845;Locale commerciale, negozio;Dal 1946 al 1960;Nessuno;Patrimonio disponibile;Utilizzato direttamente;Altro;;;;6;[24497, 688311, 688312, 688313, 688314, 688315];True;[];;;;[];True;[];originali;();;3107861;C21
3107862;L219;1174;599;;7485.0;FABBRICATO;corso svizzera;53;45.0810057;7.6498672;Abitazione;Prima del 1919;Dichiarazione di interesse culturale;Demanio;Utilizzato direttamente;Attività didattica;;;;3;[14929, 688323, 688324];True;[];;;;[];True;[];originali;();;3107862;C21
3107863;L219;1175;450;;5199.5;FABBRICATO;via montano massimo;10;45.0777547;7.6550193;Abitazione;Dal 1961 al 1970;Nessuno;Patrimonio indisponibile;Utilizzato direttamente;Alloggio di servizio, foresterie;;;;3;[689079, 689080, 689081];True;[];;;;[];True;[];originali;();;3107863;C21
3107864;L219;1175;721;;1102.75;FABBRICATO;via medici giacomo;12;45.0768656;7.6553383;Abitazione;Dal 1961 al 1970;Nessuno;Patrimonio indisponibile;Utilizzato direttamente;Alloggio di servizio, foresterie;;;;2;[303849, 303853];True;[];;;;[];True;[];originali;();;3107864;C22
3107865;L219;1176;162;;4277.25;FABBRICATO;Via Jacopo Durandi;6;45.0811779;7.6598264;Abitazione;Prima del 1919;Dichiarazione di interesse culturale;Demanio;Utilizzato direttamente;Alloggio di servizio, foresterie;;;;2;[21163, 688335];True;[];;;;[];True;[];originali;();;3107865;C8
3107866;L219;1176;172;;11216.25;FABBRICATO;via galvani luigi;7;45.0811779;7.6598264;Edificio scolastico (es.: scuola di ogni ordine e grado, università, scuola di formazione);Prima del 1919;Dichiarazione di interesse culturale;Demanio;Utilizzato direttamente;Attività didattica;;;;2;[15609, 21163];True;['2020_100235_0001.xml'];D;243.18;D;['2020_100235_0001.xml'];False;['2020_100235_0001.xml'];originali;('2020_100235_0001.xml',);ape_summary_dc474d8897b8.html;3107866;C8
3107867;L219;1176;40;;566.86;FABBRICATO;Via Carlo Bossi;18;45.0828504;7.6607369;Abitazione;Dal 1919 al 1945;Nessuno;Patrimonio indisponibile;Utilizzato direttamente;Servizi assistenza socio-sanitaria (non residenziali);;;;3;[689086, 689087, 689088];True;[];;;;[];True;[];originali;();;3107867;C8
3107868;L219;1176;747;;11293.25;FABBRICATO;via galvani luigi;7;45.0808453;7.6598264;Edificio scolastico (es.: scuola di ogni ordine e grado, università, scuola di formazione);Prima del 1919;Dichiarazione di interesse culturale;Demanio;Utilizzato direttamente;Attività didattica;;;;3;[15609, 21163, 689100];True;[];;;;[];False;[];originali;();;3107868;C8
3107869;L219;1177;1251;;608.0;FABBRICATO;via avellino;22A;45.0856945;7.6634984;Abitazione;Dal 2001 al 2010;Nessuno;Patrimonio indisponibile;Utilizzato direttamente;Altro;;;;7;[689104, 689105, 689106, 689107, 2666125, 2666126, 2666139];True;['2021_202612_0102.xml', '2022_208347_0657.xml'];A1;41.16;A1;['2021_202612_0102.xml', '2022_208347_0657.xml'];True;[];originali;('2021_202612_0102.xml', '2022_208347_0657.xml');ape_summary_736fee516c8c.html;3107869;C8
3107870;L219;1177;206;;2022.0;FABBRICATO;via avellino;3;45.0844946;7.6620029;Abitazione;Dal 1946 al 1960;Nessuno;Patrimonio indisponibile;Utilizzato direttamente;Altro;;;;40;[688354, 688355, 688356, 688357, 688358, 688359, 688360, 688361, 688362, 688363, 688364, 688365, 688366, 688367, 688368, 688369, 688370, 688371, 688372, 688373, 688374, 688375, 688376, 688377, 688378, 688379, 688380, 688381, 688382, 688383, 688384, 688385, 688386, 688387, 688388, 688390, 688391, 688392, 688393, 688394];True;['2022_200681_0031.xml'];G;312.76;F;['2022_200681_0031.xml'];True;['2022_200681_0031.xml'];originali;('2022_200681_0031.xml',);ape_summary_2ab503a57260.html;3107870;C8
3107871;L219;1177;474;;572.0;FABBRICATO;Via Avellino;25;45.0857529;7.6626989;Abitazione;Dal 1961 al 1970;Nessuno;Patrimonio indisponibile;Utilizzato direttamente;Altro;;;;7;[689955, 689956, 689957, 689958, 689959, 689960, 2666138];True;['2020_207709_0035.xml', '2021_207949_0313.xml', '2022_206052_0351.xml', '2022_206052_0364.xml'];B;61.41;A4;['2020_207709_0035.xml', '2021_207949_0313.xml', '2022_206052_0351.xml', '2022_206052_0364.xml'];True;['2020_207709_0035.xml'];originali;('2020_207709_0035.xml', '2021_207949_0313.xml', '2022_206052_0351.xml', '2022_206052_0364.xml');ape_summary_6a1ec77e677d.html;3107871;C8
3107872;L219;1178;144;;88.0;FABBRICATO;via pinelli pierdionigi;22;45.0806677;7.6675353;Locale commerciale, negozio;Dal 1946 al 1960;Nessuno;Patrimonio disponibile;Utilizzato direttamente;Attività commerciale e di ristorazione;;;;4;[689964, 689965, 689966, 689967];True;['2020_100857_0020.xml', '2021_105273_0001.xml', '2021_208347_0383.xml', '2021_311274_0294.xml', '2022_207949_0274.xml', '2022_211937_0029.xml'];G;166.1;F;['2020_100857_0020.xml', '2021_105273_0001.xml', '2021_208347_0383.xml', '2021_311274_0294.xml', '2022_207949_0274.xml', '2022_211937_0029.xml'];True;['2020_100857_0020.xml', '2021_105273_0001.xml', '2021_311274_0294.xml'];originali;('2020_100857_0020.xml', '2021_105273_0001.xml', '2021_208347_0383.xml', '2021_311274_0294.xml', '2022_207949_0274.xml', '2022_211937_0029.xml');ape_summary_3e30e4338c7d.html;3107872;C8
3107873;L219;1178;197;;152.0;FABBRICATO;via sobrero ascanio;19 A;45.0810418;7.6651916;Abitazione;Dal 1991 al 2000;Nessuno;Patrimonio indisponibile;Utilizzato direttamente;Altro;;;;2;[689182, 689183];True;['2019_101075_0011.xml', '2019_207949_0049.xml', '2019_207949_0231.xml', '2021_103241_0026.xml', '2021_213632_0031.xml', '2021_213632_0039.xml', '2022_207949_0198.xml'];F;148.09;F;['2019_101075_0011.xml', '2019_207949_0049.xml', '2019_207949_0231.xml', '2021_103241_0026.xml', '2021_213632_0031.xml', '2021_213632_0039.xml', '2022_207949_0198.xml'];True;['2019_207949_0231.xml', '2021_213632_0031.xml', '2021_213632_0039.xml'];originali;('2019_101075_0011.xml', '2019_207949_0049.xml', '2019_207949_0231.xml', '2021_103241_0026.xml', '2021_213632_0031.xml', '2021_213632_0039.xml', '2022_207949_0198.xml');ape_summary_5e60ef2694e3.html;3107873;C8
3107874;L219;1178;254;;470.0;FABBRICATO;Via Antonio Pacinotti;29;45.0810133;7.6637449;Fabbricato per attività produttiva (industriale, artigianale o agricola);Prima del 1919;Nessuno;Patrimonio indisponibile;Utilizzato direttamente;Altro;;;;9;[689994, 689995, 689996, 689997, 689998, 689999, 690000, 690001, 690002];True;['2019_311734_0005.xml'];C;105.23;B;['2019_311734_0005.xml'];True;['2019_311734_0005.xml'];originali;('2019_311734_0005.xml',);ape_summary_fcda768aa4fa.html;3107874;C8
3107875;L219;1179;105;;3433.0;FABBRICATO;Via Aquila;30;45.0853455;7.6665769;Abitazione;Dal 1919 al 1945;Nessuno;Patrimonio indisponibile;Utilizzato direttamente;Altro;;;;46;[690011, 690012, 690013, 690014, 690015, 690016, 690017, 690018, 690019, 690020, 690021, 690022, 690023, 690024, 690025, 690026, 690027, 690028, 690029, 690030, 690031, 690032, 690033, 690034, 690035, 690036, 690037, 690038, 690039, 690040, 690041, 690042, 690043, 690044, 690045, 690046, 690047, 690048, 690049, 690050, 690051, 690052, 690053, 690054, 690056, 690057];True;['2019_103997_0007.xml', '2020_312661_0121.xml'];G;358.73;E;['2019_103997_0007.xml', '2020_312661_0121.xml'];True;['2019_103997_0007.xml', '2020_312661_0121.xml'];originali;('2019_103997_0007.xml', '2020_312661_0121.xml');ape_summary_11cc013d4531.html;3107875;C8
3107876;L219;1179;259;;1337.25;FABBRICATO;Via Capua;7;45.0835992;7.6678697;Abitazione;Prima del 1919;Dichiarazione di interesse culturale;Demanio;Utilizzato direttamente;Non Dichiarato;in locazione;2848.0;01/04/2021;3;[9289, 690067, 690068];True;['2020_102099_0141.xml', '2020_102099_0142.xml'];F;278.66;E;['2020_102099_0141.xml', '2020_102099_0142.xml'];True;['2020_102099_0141.xml', '2020_102099_0142.xml'];originali;('2020_102099_0141.xml', '2020_102099_0142.xml');ape_summary_f56f3119f98f.html;3107876;C8
3107877;L219;1180;1;;878.0;FABBRICATO;via savigliano;7;45.0826547;7.6709471;Abitazione;Prima del 1919;Nessuno;Patrimonio indisponibile;Utilizzato direttamente;Alloggio di servizio, foresterie;;;;20;[690074, 690075, 690076, 690077, 690078, 690079, 690080, 690081, 690082, 690083, 690084, 690085, 690086, 690087, 690088, 690089, 690090, 690091, 690092, 690093];True;[];;;;[];True;[];originali;();;3107877;C8
3107878;L219;1180;110;;10418.0;FABBRICATO;Via Maria Ausiliatrice;45;45.080952;7.6733892;Abitazione;Prima del 1919;Dichiarazione di interesse culturale;Demanio;Utilizzato direttamente;Alloggio di servizio, foresterie;;;;4;[690109, 690110, 690111, 690112];True;[];;;;[];;[];originali;();;3107878;C17
3107879;L219;1180;202;;398.0;FABBRICATO;Via Giambattista Balbis;19;45.0795804;7.6692918;Abitazione;Dal 1919 al 1945;Nessuno;Patrimonio indisponibile;Utilizzato direttamente;Altro;;;;10;[690122, 690123, 690124, 690125, 690126, 690127, 690128, 690129, 690130, 690131];True;[];;;;[];True;[];originali;();;3107879;C8
3107880;L219;1180;229;;21026.0;FABBRICATO;Corso Principe Eugenio;153;45.0798385;7.6726279;Ufficio strutturato ed assimilabili;Prima del 1919;Dichiarazione di interesse culturale;Patrimonio indisponibile;;Non Dichiarato;in concessione a titolo oneroso;160281.0;01/01/2017;2;[26672, 2814329];True;[];;;;[];False;[];originali;();;3107880;C17
3107881;L219;1180;230;;18445.14;FABBRICATO;Corso Principe Eugenio;153;45.0797925;7.6722794;Ufficio strutturato ed assimilabili;Prima del 1919;Dichiarazione di interesse culturale;Patrimonio indisponibile;;Non Dichiarato;in concessione a titolo oneroso;160280.0;01/01/2017;2;[23524, 2814329];True;[];;;;[];False;[];originali;();;3107881;C17
3107882;L219;1180;231;;18445.14;FABBRICATO;Corso Principe Eugenio;153;45.0797925;7.6722794;Ufficio strutturato ed assimilabili;Prima del 1919;Dichiarazione di interesse culturale;Patrimonio indisponibile;;Non Dichiarato;in concessione a titolo oneroso;160280.0;01/01/2017;2;[23524, 2814329];True;[];;;;[];False;[];originali;();;3107882;C17
3107883;L219;1180;232;;10542.0;FABBRICATO;Corso Principe Eugenio;26;45.0792311;7.6718853;Ufficio strutturato ed assimilabili;Prima del 1919;Dichiarazione di interesse culturale;Patrimonio indisponibile;Non utilizzato;Non Dichiarato;in concessione a titolo oneroso;160281.0;01/01/2019;2;[26672, 2814333];True;[];;;;[];True;[];originali;();;3107883;C17
3107884;L219;1180;235;;13801.0;FABBRICATO;Corso Principe Eugenio;26;45.07914;7.6715759;Ufficio strutturato ed assimilabili;Prima del 1919;Nessuno;Patrimonio indisponibile;Non utilizzato;Non Dichiarato;in concessione a titolo oneroso;160281.0;01/01/2019;3;[26672, 2732827, 2814333];True;[];;;;[];False;[];originali;();;3107884;C17
3107885;L219;1180;245;;86.0;FABBRICATO;via s. chiara;56;45.0788284;7.6719367;Parcheggio collettivo;Dal 1946 al 1960;Nessuno;Patrimonio indisponibile;Utilizzato direttamente;Altro;;;;2;[690134, 690135];True;[];;;;[];True;[];originali;();;3107885;C17
3107886;L219;1180;247;;438.0;FABBRICATO;via s. chiara;56;45.0785509;7.6719761;Struttura residenziale collettiva (es.: collegi e convitti, educandati, ricoveri, orfanotrofi, ospizi, conventi, seminari);Prima del 1919;Nessuno;Patrimonio indisponibile;Utilizzato direttamente;Altro;in locazione;3383.0;01/01/2017;4;[690138, 690139, 690142, 690145];True;['2019_102099_0005.xml', '2019_102099_0006.xml', '2019_102099_0007.xml', '2019_102099_0008.xml', '2019_102099_0009.xml', '2019_102099_0010.xml', '2019_102099_0011.xml', '2019_102099_0012.xml'];F;183.38;F;['2019_102099_0005.xml', '2019_102099_0006.xml', '2019_102099_0007.xml', '2019_102099_0008.xml', '2019_102099_0009.xml', '2019_102099_0010.xml', '2019_102099_0011.xml', '2019_102099_0012.xml'];True;[];originali;('2019_102099_0005.xml', '2019_102099_0006.xml', '2019_102099_0007.xml', '2019_102099_0008.xml', '2019_102099_0009.xml', '2019_102099_0010.xml', '2019_102099_0011.xml', '2019_102099_0012.xml');ape_summary_464c11429e08.html;3107886;C17
3107887;L219;1180;250;;18445.14;FABBRICATO;Corso Principe Eugenio;153;45.0797925;7.6722794;Ufficio strutturato ed assimilabili;Prima del 1919;Dichiarazione di interesse culturale;Patrimonio indisponibile;;Non Dichiarato;in concessione a titolo oneroso;160280.0;01/01/2017;2;[23524, 2814329];True;[];;;;[];False;[];originali;();;3107887;C17
3107888;L219;1180;251;;18445.14;FABBRICATO;Corso Principe Eugenio;153;45.0797925;7.6722794;Ufficio strutturato ed assimilabili;Prima del 1919;Dichiarazione di interesse culturale;Patrimonio indisponibile;;Non Dichiarato;in concessione a titolo oneroso;160280.0;01/01/2017;2;[23524, 2814329];True;[];;;;[];False;[];originali;();;3107888;C17
3107889;L219;1180;403;;5612.25;FABBRICATO;Via del Carmine;23;45.0765962;7.6720666;Abitazione;Prima del 1919;Dichiarazione di interesse culturale;Demanio;Utilizzato direttamente;Alloggio di servizio, foresterie;;;;4;[690320, 690321, 690322, 690323];True;[];;;;[];True;[];originali;();;3107889;B5
3107890;L219;1180;425;;1056.0;FABBRICATO;Via Giacinto Carena;6;45.0789241;7.6681201;Abitazione;Prima del 1919;Nessuno;Patrimonio indisponibile;Utilizzato direttamente;Altro;;;;16;[690324, 690325, 690326, 690327, 690328, 690329, 690330, 690331, 690332, 690333, 690334, 690335, 690336, 690337, 690338, 690339];True;[];;;;[];True;[];originali;();;3107890;C8
3107891;L219;1180;448;;10228.2;FABBRICATO;Corso Principe Eugenio;26;45.0786543;7.6726279;Struttura residenziale collettiva (es.: collegi e convitti, educandati, ricoveri, orfanotrofi, ospizi, conventi, seminari);Prima del 1919;Dichiarazione di interesse culturale;Patrimonio indisponibile;Non utilizzato;Non Dichiarato;in concessione a titolo oneroso;160281.0;01/01/2019;2;[26672, 2814338];True;[];;;;[];True;[];originali;();;3107891;C17
3107892;L219;1180;59;;109.0;FABBRICATO;via macerata;4;45.0819826;7.6693394;Abitazione;Dal 1946 al 1960;Nessuno;Patrimonio indisponibile;Utilizzato direttamente;Altro;;;;2;[689292, 689293];True;['2022_213632_0094.xml'];E;121.9;C;['2022_213632_0094.xml'];True;['2022_213632_0094.xml'];originali;('2022_213632_0094.xml',);ape_summary_35151a55757a.html;3107892;C8
3107893;L219;1181;270;;3518.25;FABBRICATO;Corso Ciriè;0;45.0846113;7.6747167;Edificio scolastico (es.: scuola di ogni ordine e grado, università, scuola di formazione);Dal 1971 al 1980;Nessuno;Patrimonio indisponibile;Utilizzato direttamente;Attività didattica;;;;3;[689294, 689295, 689296];True;[];;;;[];False;[];originali;();;3107893;C17
3107894;L219;1181;76;;366.0;FABBRICATO;via sassari;5;45.0835106;7.67423;Abitazione;Prima del 1919;Nessuno;Patrimonio indisponibile;Utilizzato direttamente;Altro;;;;8;[689297, 689298, 689299, 689300, 689301, 689302, 689303, 689304];True;[];;;;[];True;[];originali;();;3107894;C17
3107895;L219;1183;194;;3187.0;FABBRICATO;corso vercelli;15;45.0846234;7.6855438;Magazzino e locali di deposito;Dal 1981 al 1990;Nessuno;Patrimonio indisponibile;Utilizzato direttamente;Attività amministrativa/uffici pubblici;;;;7;[690378, 690379, 690380, 690381, 690382, 690383, 690384];True;['2021_106141_0052.xml'];G;326.39;F;['2021_106141_0052.xml'];True;['2021_106141_0052.xml'];originali;('2021_106141_0052.xml',);ape_summary_f01a43874349.html;3107895;C19
3107896;L219;1183;202;;17356.75;FABBRICATO;Via Antonio Cecchi;2;45.085412;7.683531;Abitazione;Dal 1971 al 1980;Nessuno;Patrimonio indisponibile;Utilizzato direttamente;Alloggio di servizio, foresterie;;;;5;[689308, 689309, 689310, 689311, 689312];True;[];;;;[];True;[];originali;();;3107896;C19
3107897;L219;1183;211;;584.0;FABBRICATO;Via Generale Luigi Damiano;5;45.0869544;7.6840532;Abitazione;Dal 2001 al 2010;Nessuno;Patrimonio indisponibile;Utilizzato direttamente;Altro;;;;8;[689317, 689318, 689319, 689321, 689322, 689323, 689324, 689326];True;['2021_311906_0071.xml', '2022_313751_0019.xml'];D;119.11;D;['2021_311906_0071.xml', '2022_313751_0019.xml'];True;['2021_311906_0071.xml', '2022_313751_0019.xml'];originali;('2021_311906_0071.xml', '2022_313751_0019.xml');ape_summary_fdd27f8e95dd.html;3107897;C19
3107898;L219;1183;220;;5089.0;FABBRICATO;Via Cuneo;72;45.0871327;7.6831132;Abitazione;Dal 2001 al 2010;Nessuno;Patrimonio indisponibile;Utilizzato direttamente;Altro;;;;89;[689335, 689336, 689337, 689338, 689339, 689340, 689341, 689342, 689343, 689344, 689346, 689347, 689348, 689349, 689350, 689351, 689352, 689353, 689354, 689355, 689357, 689358, 689359, 689360, 689361, 689362, 689363, 689364, 689365, 689366, 689368, 689369, 689370, 689371, 689372, 689373, 689374, 689375, 689376, 689377, 689379, 689380, 689381, 689382, 689383, 689384, 689385, 689386, 689387, 689388, 689390, 689391, 689392, 689400, 689426, 689427, 689446, 689448, 689449, 689451, 689452, 689453, 689454, 689455, 689456, 689457, 689458, 689459, 689460, 689462, 689463, 689464, 689465, 689466, 689467, 689468, 689469, 689470, 689471, 689473, 689474, 689475, 689476, 689477, 689478, 689479, 689480, 689481, 689482];True;['2019_102351_0117.xml', '2019_102351_0118.xml', '2019_102351_0119.xml', '2019_102351_0120.xml', '2019_102351_0121.xml', '2019_102351_0122.xml', '2019_102351_0123.xml', '2019_102351_0124.xml', '2020_312661_0140.xml', '2020_312661_0141.xml', '2021_312661_0039.xml'];D;164.63;C;['2019_102351_0117.xml', '2019_102351_0118.xml', '2019_102351_0119.xml', '2019_102351_0120.xml', '2019_102351_0121.xml', '2019_102351_0122.xml', '2019_102351_0123.xml', '2019_102351_0124.xml', '2020_312661_0140.xml', '2020_312661_0141.xml', '2021_312661_0039.xml'];False;['2019_102351_0118.xml', '2019_102351_0119.xml', '2019_102351_0120.xml', '2019_102351_0121.xml', '2019_102351_0122.xml', '2019_102351_0123.xml', '2020_312661_0140.xml', '2020_312661_0141.xml'];originali;('2019_102351_0117.xml', '2019_102351_0118.xml', '2019_102351_0119.xml', '2019_102351_0120.xml', '2019_102351_0121.xml', '2019_102351_0122.xml', '2019_102351_0123.xml', '2019_102351_0124.xml', '2020_312661_0140.xml', '2020_312661_0141.xml', '2021_312661_0039.xml');ape_summary_26b21711d667.html;3107898;C19
3107899;L219;1183;227;;882.0;FABBRICATO;Via Antonio Cecchi;21;45.0861655;7.6816421;Magazzino e locali di deposito;Dal 1919 al 1945;Nessuno;Patrimonio indisponibile;Utilizzato direttamente;Altro;;;;2;[2790333, 2790338];True;[];;;;[];True;[];originali;();;3107899;C19
3107900;L219;1183;41;;329.0;FABBRICATO;corso vercelli;19;45.0856734;7.6863277;Abitazione;Prima del 1919;Nessuno;Patrimonio indisponibile;Utilizzato direttamente;Altro;;;;2;[690556, 690557];True;['2019_103010_0038.xml', '2020_207949_0030.xml', '2022_112186_0003.xml'];F;146.43;E;['2019_103010_0038.xml', '2020_207949_0030.xml', '2022_112186_0003.xml'];True;['2019_103010_0038.xml'];originali;('2019_103010_0038.xml', '2020_207949_0030.xml', '2022_112186_0003.xml');ape_summary_b28509a2d1b1.html;3107900;C19
3107901;L219;1183;71;;2043.0;FABBRICATO;Via Antonio Cecchi;11;45.0856123;7.6814519;Fabbricato per attività produttiva (industriale, artigianale o agricola);Dal 1919 al 1945;Nessuno;Patrimonio indisponibile;Utilizzato direttamente;Altro;;;;4;[690558, 690559, 690560, 690561];True;[];;;;[];True;[];originali;();;3107901;C19
3107902;L219;1183;73;;160.0;FABBRICATO;Via Antonio Cecchi;11;45.0859078;7.6819044;Abitazione;Dal 1919 al 1945;Nessuno;Patrimonio indisponibile;;Non Dichiarato;in concessione a titolo oneroso;7566.0;01/11/2021;3;[690562, 690563, 690564];True;[];;;;[];True;[];originali;();;3107902;C19
3107903;L219;1183;78;;1812.71;FABBRICATO;Via Antonio Cecchi;11;45.0855655;7.6820368;Abitazione;Dal 1919 al 1945;Nessuno;Patrimonio indisponibile;Utilizzato direttamente;Altro;;;;7;[690565, 690566, 690567, 690569, 690570, 690571, 690572];True;[];;;;[];True;[];originali;();;3107903;C19
3107904;L219;1184;10;;559.0;FABBRICATO;Via Lodi;13;45.0844539;7.690713;Abitazione;Dal 1946 al 1960;Nessuno;Patrimonio indisponibile;Utilizzato direttamente;Altro;;;;8;[301849, 301851, 301852, 301853, 301854, 301855, 301856, 301857];True;['2019_104238_0016.xml', '2019_105263_0062.xml', '2019_113024_0002.xml', '2019_200193_0006.xml', '2019_200251_0018.xml', '2019_208568_0033.xml', '2019_209110_0004.xml', '2019_209689_0230.xml', '2019_209693_0002.xml', '2019_209882_0066.xml', '2019_212894_0010.xml', '2019_213953_0001.xml', '2020_100385_0003.xml', '2020_213615_0064.xml', '2020_213792_0002.xml', '2020_311040_0012.xml', '2021_113118_0037.xml', '2021_200542_0029.xml', '2021_207949_0126.xml', '2022_108905_0008.xml', '2022_203322_0002.xml', '2022_212533_0218.xml', '2022_212560_0076.xml', '2022_214142_0039.xml'];F;156.93;F;['2019_104238_0016.xml', '2019_105263_0062.xml', '2019_113024_0002.xml', '2019_200193_0006.xml', '2019_200251_0018.xml', '2019_208568_0033.xml', '2019_209110_0004.xml', '2019_209689_0230.xml', '2019_209693_0002.xml', '2019_209882_0066.xml', '2019_212894_0010.xml', '2019_213953_0001.xml', '2020_100385_0003.xml', '2020_213615_0064.xml', '2020_213792_0002.xml', '2020_311040_0012.xml', '2021_113118_0037.xml', '2021_200542_0029.xml', '2021_207949_0126.xml', '2022_108905_0008.xml', '2022_203322_0002.xml', '2022_212533_0218.xml', '2022_212560_0076.xml', '2022_214142_0039.xml'];True;['2019_113024_0002.xml', '2019_209110_0004.xml', '2019_209689_0230.xml', '2019_212894_0010.xml', '2019_213953_0001.xml', '2020_213615_0064.xml', '2020_213792_0002.xml', '2020_311040_0012.xml', '2022_108905_0008.xml', '2022_203322_0002.xml', '2022_212533_0218.xml'];originali;('2019_104238_0016.xml', '2019_105263_0062.xml', '2019_113024_0002.xml', '2019_200193_0006.xml', '2019_200251_0018.xml', '2019_208568_0033.xml', '2019_209110_0004.xml', '2019_209689_0230.xml', '2019_209693_0002.xml', '2019_209882_0066.xml', '2019_212894_0010.xml', '2019_213953_0001.xml', '2020_100385_0003.xml', '2020_213615_0064.xml', '2020_213792_0002.xml', '2020_311040_0012.xml', '2021_113118_0037.xml', '2021_200542_0029.xml', '2021_207949_0126.xml', '2022_108905_0008.xml', '2022_203322_0002.xml', '2022_212533_0218.xml', '2022_212560_0076.xml', '2022_214142_0039.xml');ape_summary_6ef0e173d785.html;3107904;C19
3107905;L219;1184;144;;9363.75;FABBRICATO;Corso Brescia;1;45.0832885;7.6886563;Abitazione;Prima del 1919;Dichiarazione di interesse culturale;Demanio;Utilizzato direttamente;Alloggio di servizio, foresterie;;;;4;[690777, 690778, 690779, 690780];True;[];;;;[];;[];originali;();;3107905;C19
3107906;L219;1184;3;;1250.0;FABBRICATO;Via Aosta;37;45.0857137;7.6917508;Abitazione;Dal 1946 al 1960;Nessuno;Patrimonio indisponibile;Utilizzato direttamente;Altro;;;;25;[689508, 689509, 689510, 689511, 689512, 689513, 689514, 689515, 689516, 689517, 689518, 689519, 689520, 689521, 689522, 689523, 689524, 689525, 689526, 689527, 689528, 689529, 689530, 689531, 689532];True;[];;;;[];True;[];originali;();;3107906;C19
3107907;L219;1184;5;;1940.0;FABBRICATO;Via Aosta;31;45.0852193;7.6912085;Abitazione;Dal 1946 al 1960;Nessuno;Patrimonio indisponibile;Utilizzato direttamente;Altro;;;;37;[689559, 689560, 689561, 689563, 689564, 689565, 689566, 689567, 689568, 689569, 689570, 689571, 689572, 689573, 689574, 689575, 689576, 689577, 689578, 689579, 689580, 689581, 689582, 689583, 689584, 689585, 689586, 689587, 689588, 689589, 689590, 689591, 689592, 689593, 689594, 689595, 689596];True;['2019_105263_0065.xml', '2019_200193_0067.xml', '2019_208347_0441.xml', '2019_212560_0077.xml', '2020_201485_0041.xml', '2020_203473_0019.xml', '2020_214142_0040.xml', '2021_105137_0004.xml', '2021_214142_0037.xml', '2021_214142_0094.xml', '2022_113184_0091.xml', '2022_200193_0105.xml', '2022_200193_0132.xml'];E;119.20;E;['2019_105263_0065.xml', '2019_200193_0067.xml', '2019_208347_0441.xml', '2019_212560_0077.xml', '2020_201485_0041.xml', '2020_203473_0019.xml', '2020_214142_0040.xml', '2021_105137_0004.xml', '2021_214142_0037.xml', '2021_214142_0094.xml', '2022_113184_0091.xml', '2022_200193_0105.xml', '2022_200193_0132.xml'];True;['2020_201485_0041.xml', '2022_113184_0091.xml'];originali;('2019_105263_0065.xml', '2019_200193_0067.xml', '2019_208347_0441.xml', '2019_212560_0077.xml', '2020_201485_0041.xml', '2020_203473_0019.xml', '2020_214142_0040.xml', '2021_105137_0004.xml', '2021_214142_0037.xml', '2021_214142_0094.xml', '2022_113184_0091.xml', '2022_200193_0105.xml', '2022_200193_0132.xml');ape_summary_9bc63117491d.html;3107907;C19
3107908;L219;1184;66;;1183.0;FABBRICATO;Via Carmagnola;16;45.0854207;7.6874908;Abitazione;Dal 2001 al 2010;Nessuno;Patrimonio indisponibile;Utilizzato direttamente;Altro;;;;18;[689688, 689689, 689690, 689691, 689692, 689693, 689694, 689695, 689696, 689697, 689698, 689699, 689700, 689701, 689702, 689703, 689704, 689705];True;['2022_113184_0012.xml', '2022_200542_0102.xml'];D;64.07;C;['2022_113184_0012.xml', '2022_200542_0102.xml'];True;['2022_113184_0012.xml'];originali;('2022_113184_0012.xml', '2022_200542_0102.xml');ape_summary_c5177d3dc18c.html;3107908;C19
3107909;L219;1184;8;;1604.0;FABBRICATO;Via Cardinale Gaetano Alimonda;2;45.0846546;7.6900988;Abitazione;Dal 1981 al 1990;Nessuno;Patrimonio indisponibile;Utilizzato direttamente;Alloggio di servizio, foresterie;;;;2;[690783, 690784];True;[];;;;[];False;[];originali;();;3107909;C19
3107910;L219;1185;178;;1385.0;FABBRICATO;via pavia;17;45.0827481;7.6923895;Abitazione;Dal 1919 al 1945;Nessuno;Patrimonio disponibile;Utilizzato direttamente;Attività amministrativa/uffici pubblici;;;;4;[690787, 690788, 690789, 690790];True;[];;;;[];True;[];originali;();;3107910;C19
3107911;L219;1185;247;;12649.43;FABBRICATO;via bologna;74;45.0822683;7.696271;Locale commerciale, negozio;Dal 1971 al 1980;Nessuno;Patrimonio indisponibile;Utilizzato direttamente;Attività commerciale e di ristorazione;;;;7;[690792, 690793, 690794, 690795, 690796, 690797, 690798];True;[];;;;[];True;[];originali;();;3107911;C19
3107912;L219;1185;256;;11587.43;FABBRICATO;Via Bologna;47;45.0832735;7.6950233;Ufficio strutturato ed assimilabili;Prima del 1919;Dichiarazione di interesse culturale;Demanio;Utilizzato direttamente;Attività amministrativa/uffici pubblici;;;;2;[3468, 28523];True;[];;;;[];True;[];originali;();;3107912;C19
3107913;L219;1185;97;;217.0;FABBRICATO;via novi;2;45.0848216;7.6937501;Abitazione;Dal 1971 al 1980;Nessuno;Patrimonio indisponibile;Utilizzato direttamente;Alloggio di servizio, foresterie;;;;2;[690805, 690806];True;[];;;;[];;[];originali;();;3107913;C19
3107914;L219;1186;151;;4554.0;FABBRICATO;Via Ternengo;48;45.08753959;7.69666841;Abitazione;Dal 1991 al 2000;Nessuno;Patrimonio indisponibile;Utilizzato direttamente;Altro;;;;54;[690811, 690822, 690830, 690831, 690832, 690833, 690834, 690835, 690836, 690837, 690838, 690839, 690840, 690841, 690842, 690843, 690844, 690845, 690846, 690847, 690848, 690849, 690850, 690851, 690852, 690853, 690854, 690855, 690856, 690857, 690858, 690859, 690860, 690861, 690862, 690863, 690864, 690865, 690866, 690867, 690869, 690870, 690871, 690872, 690873, 690874, 690875, 690876, 690877, 690878, 690880, 690881, 690882, 690912];True;['2020_312661_0119.xml'];F;181.3;F;['2020_312661_0119.xml'];True;['2020_312661_0119.xml'];originali;('2020_312661_0119.xml',);ape_summary_f6eba60760f3.html;3107914;D20
3107915;L219;1186;155;;14623.97;FABBRICATO;Via Ruggero Leoncavallo;25;45.0865403;7.6980193;Struttura residenziale collettiva (es.: collegi e convitti, educandati, ricoveri, orfanotrofi, ospizi, conventi, seminari);Dal 1946 al 1960;Nessuno;Patrimonio indisponibile;Utilizzato direttamente;Attività amministrativa/uffici pubblici;;;;6;[691695, 691696, 691697, 691698, 691699, 691700];True;[];;;;[];True;[];originali;();;3107915;D20
3107916;L219;1186;167;;11647.0;FABBRICATO;Via Bioglio;16;45.0872881;7.6974772;Abitazione;Prima del 1919;Nessuno;Patrimonio indisponibile;Utilizzato direttamente;Altro;;;;161;[1115, 1116, 3469, 4204, 6260, 6817, 10804, 13464, 15274, 16187, 16188, 20159, 691708, 691709, 691710, 691711, 691712, 691713, 691714, 691715, 691716, 691717, 691718, 691719, 691720, 691721, 691722, 691723, 691724, 691725, 691726, 691727, 691728, 691729, 691730, 691731, 691732, 691733, 691734, 691735, 691736, 691737, 691738, 691739, 691740, 691741, 691742, 691743, 691744, 691745, 691746, 691747, 691748, 691749, 691750, 691751, 691753, 691754, 691755, 691756, 691757, 691758, 691759, 691760, 691761, 691762, 691763, 691764, 691765, 691766, 691767, 691768, 691769, 691770, 691771, 691772, 691773, 691774, 691775, 691776, 691777, 691778, 691779, 691780, 691781, 691782, 691784, 691795, 691806, 691817, 691828, 691839, 691850, 691861, 691872, 691883, 691894, 691905, 691916, 691927, 691938, 691949, 691960, 691967, 691968, 691969, 691970, 691971, 691972, 691973, 691974, 691975, 691976, 691977, 691978, 691979, 691980, 691981, 691982, 691983, 691984, 691985, 691986, 691987, 691988, 691989, 691990, 691991, 691992, 691993, 691994, 691995, 691996, 691997, 691998, 691999, 692000, 692001, 692002, 692003, 692004, 692005, 692006, 692007, 692008, 692009, 692010, 692011, 692012, 692013, 692014, 692015, 692016, 692017, 692018, 692019, 692020, 692021, 692022, 692023, 692024];True;['2019_213760_0042.xml', '2019_213760_0043.xml', '2019_213760_0044.xml', '2019_213760_0045.xml', '2020_312661_0089.xml', '2022_207895_0029.xml', '2022_313821_0048.xml', '2022_313821_0049.xml', '2022_313821_0050.xml', '2022_313821_0051.xml', '2022_313821_0052.xml', '2022_313821_0053.xml', '2022_313821_0054.xml', '2022_313821_0055.xml', '2022_313821_0056.xml', '2022_313821_0057.xml', '2022_313821_0058.xml', '2022_313821_0059.xml', '2022_313821_0060.xml', '2022_313821_0061.xml', '2022_313821_0062.xml', '2022_313821_0063.xml', '2022_313821_0064.xml', '2022_313821_0065.xml', '2022_313821_0066.xml', '2022_313821_0080.xml'];D;170.41;C;['2019_213760_0042.xml', '2019_213760_0043.xml', '2019_213760_0044.xml', '2019_213760_0045.xml', '2020_312661_0089.xml', '2022_207895_0029.xml', '2022_313821_0048.xml', '2022_313821_0049.xml', '2022_313821_0050.xml', '2022_313821_0051.xml', '2022_313821_0052.xml', '2022_313821_0053.xml', '2022_313821_0054.xml', '2022_313821_0055.xml', '2022_313821_0056.xml', '2022_313821_0057.xml', '2022_313821_0058.xml', '2022_313821_0059.xml', '2022_313821_0060.xml', '2022_313821_0061.xml', '2022_313821_0062.xml', '2022_313821_0063.xml', '2022_313821_0064.xml', '2022_313821_0065.xml', '2022_313821_0066.xml', '2022_313821_0080.xml'];True;['2019_213760_0042.xml', '2019_213760_0043.xml', '2019_213760_0044.xml', '2019_213760_0045.xml', '2020_312661_0089.xml', '2022_313821_0048.xml', '2022_313821_0049.xml', '2022_313821_0050.xml', '2022_313821_0051.xml', '2022_313821_0052.xml', '2022_313821_0053.xml', '2022_313821_0054.xml', '2022_313821_0055.xml', '2022_313821_0056.xml', '2022_313821_0057.xml', '2022_313821_0058.xml', '2022_313821_0059.xml', '2022_313821_0060.xml', '2022_313821_0061.xml', '2022_313821_0062.xml', '2022_313821_0063.xml', '2022_313821_0064.xml', '2022_313821_0065.xml', '2022_313821_0066.xml', '2022_313821_0080.xml'];originali;('2019_213760_0042.xml', '2019_213760_0043.xml', '2019_213760_0044.xml', '2019_213760_0045.xml', '2020_312661_0089.xml', '2022_207895_0029.xml', '2022_313821_0048.xml', '2022_313821_0049.xml', '2022_313821_0050.xml', '2022_313821_0051.xml', '2022_313821_0052.xml', '2022_313821_0053.xml', '2022_313821_0054.xml', '2022_313821_0055.xml', '2022_313821_0056.xml', '2022_313821_0057.xml', '2022_313821_0058.xml', '2022_313821_0059.xml', '2022_313821_0060.xml', '2022_313821_0061.xml', '2022_313821_0062.xml', '2022_313821_0063.xml', '2022_313821_0064.xml', '2022_313821_0065.xml', '2022_313821_0066.xml', '2022_313821_0080.xml');ape_summary_154fea0d3f33.html;3107916;D20
3107917;L219;1188;10;;1021.0;FABBRICATO;Via Borriana;11;45.0874199;7.7049243;Abitazione;Dal 1919 al 1945;Nessuno;Patrimonio indisponibile;Utilizzato direttamente;Altro;;;;15;[692446, 692447, 692448, 692449, 692450, 692451, 692452, 692453, 692454, 692455, 692456, 692457, 692458, 692459, 692460];True;['2019_208347_0754.xml', '2022_109071_0010.xml', '2022_205282_0039.xml', '2022_207228_0073.xml', '2022_208572_0015.xml'];F;136.97;D;['2019_208347_0754.xml', '2022_109071_0010.xml', '2022_205282_0039.xml', '2022_207228_0073.xml', '2022_208572_0015.xml'];True;['2022_205282_0039.xml'];originali;('2019_208347_0754.xml', '2022_109071_0010.xml', '2022_205282_0039.xml', '2022_207228_0073.xml', '2022_208572_0015.xml');ape_summary_0c78dd8966f3.html;3107917;D20
3107918;L219;1188;11;;598.0;FABBRICATO;Via Bologna;139;45.0870608;7.7049867;Abitazione;Dal 1919 al 1945;Nessuno;Patrimonio indisponibile;Utilizzato direttamente;Altro;;;;9;[692472, 692473, 692474, 692475, 692476, 692477, 692478, 692479, 692480];True;['2019_112837_0002.xml', '2019_204783_0006.xml', '2019_210200_0047.xml', '2022_109339_0014.xml'];F;172.89;E;['2019_112837_0002.xml', '2019_204783_0006.xml', '2019_210200_0047.xml', '2022_109339_0014.xml'];True;['2019_112837_0002.xml', '2019_204783_0006.xml'];originali;('2019_112837_0002.xml', '2019_204783_0006.xml', '2019_210200_0047.xml', '2022_109339_0014.xml');ape_summary_3900cb453e41.html;3107918;D20
3107919;L219;1188;4;;1159.0;FABBRICATO;Via Caresana;5;45.0876244;7.7054755;Abitazione;Dal 1919 al 1945;Nessuno;Patrimonio indisponibile;Utilizzato direttamente;Altro;;;;15;[691307, 691308, 691309, 691310, 691311, 691312, 691313, 691314, 691315, 691316, 691317, 691318, 691320, 691321, 691322];True;[];;;;[];True;[];originali;();;3107919;D20
3107920;L219;1188;46;;203.0;FABBRICATO;Via Amilcare Ponchielli;68;45.0845722;7.7057968;Abitazione;Dal 1946 al 1960;Nessuno;Patrimonio indisponibile;Utilizzato direttamente;Alloggio di servizio, foresterie;;;;2;[691355, 691356];True;[];;;;[];False;[];originali;();;3107920;D20
3107921;L219;1188;51;;8756.25;FABBRICATO;via tollegno;83;45.0886447;7.7054337;Abitazione;Dal 1971 al 1980;Nessuno;Patrimonio indisponibile;Utilizzato direttamente;Alloggio di servizio, foresterie;;;;2;[691357, 691359];True;['2020_210026_0001.xml'];F;220.77;E;['2020_210026_0001.xml'];True;[];originali;('2020_210026_0001.xml',);ape_summary_6bd5645cb6bb.html;3107921;D20
3107922;L219;1188;59;;392.0;FABBRICATO;via petrella errico;40;45.0895169;7.7044804;Abitazione;Dal 1971 al 1980;Nessuno;Patrimonio indisponibile;Utilizzato direttamente;Alloggio di servizio, foresterie;;;;2;[691361, 691362];True;[];;;;[];True;[];originali;();;3107922;D20
3107923;L219;1188;6;;1118.0;FABBRICATO;Via Borriana;6;45.0875386;7.705208;Abitazione;Dal 1919 al 1945;Nessuno;Patrimonio indisponibile;Utilizzato direttamente;Altro;;;;15;[691363, 691364, 691365, 691366, 691367, 691368, 691369, 691370, 691371, 691372, 691373, 691374, 691375, 691376, 691377];True;['2020_112764_0030.xml', '2020_212629_1059.xml', '2021_202078_0165.xml', '2021_205329_0058.xml', '2021_205329_0061.xml'];F;128.59;E;['2020_112764_0030.xml', '2020_212629_1059.xml', '2021_202078_0165.xml', '2021_205329_0058.xml', '2021_205329_0061.xml'];True;['2020_112764_0030.xml'];originali;('2020_112764_0030.xml', '2020_212629_1059.xml', '2021_202078_0165.xml', '2021_205329_0058.xml', '2021_205329_0061.xml');ape_summary_ba4ee025ff49.html;3107923;D20
3107924;L219;1188;62;;1397.75;FABBRICATO;via bologna;153;45.088011;7.7062151;Edificio scolastico (es.: scuola di ogni ordine e grado, università, scuola di formazione);Dal 1971 al 1980;Nessuno;Patrimonio indisponibile;Utilizzato direttamente;Attività amministrativa/uffici pubblici;;;;3;[692512, 692513, 692515];True;['2019_102341_0004.xml'];E;187.6;D;['2019_102341_0004.xml'];True;['2019_102341_0004.xml'];originali;('2019_102341_0004.xml',);ape_summary_91edde7d722f.html;3107924;D20
3107925;L219;1188;7;;765.0;FABBRICATO;Via Bologna;147;45.0872472;7.7056482;Abitazione;Dal 1919 al 1945;Nessuno;Patrimonio indisponibile;Utilizzato direttamente;Altro;;;;12;[692521, 692522, 692523, 692524, 692525, 692526, 692527, 692528, 692529, 692530, 692531, 692532];True;['2020_205065_0003.xml'];E;243.70;E;['2020_205065_0003.xml'];True;[];originali;('2020_205065_0003.xml',);ape_summary_44440f61cd82.html;3107925;D20
3107926;L219;1188;8;;593.0;FABBRICATO;Via Niccolò Paganini;40;45.0872988;7.7046685;Abitazione;Dal 1919 al 1945;Nessuno;Patrimonio indisponibile;Utilizzato direttamente;Altro;;;;8;[692543, 692545, 692546, 692547, 692548, 692549, 692550, 692551];True;['2019_207949_0018.xml', '2020_109395_0082.xml', '2021_106141_0027.xml'];F;177.86;E;['2019_207949_0018.xml', '2020_109395_0082.xml', '2021_106141_0027.xml'];True;['2021_106141_0027.xml'];originali;('2019_207949_0018.xml', '2020_109395_0082.xml', '2021_106141_0027.xml');ape_summary_d4355fd63fc9.html;3107926;D20
3107927;L219;1190;24;;621.0;FABBRICATO;Strada alla Manifattura Tabacchi;32;45.0873612;7.7183131;Abitazione;Dal 1971 al 1980;Nessuno;Patrimonio indisponibile;Utilizzato direttamente;Attività amministrativa/uffici pubblici;;;;3;[692560, 692561, 692562];True;[];;;;[];True;[];originali;();;3107927;D21
3107928;L219;120;396;;4885.75;FABBRICATO;via nizza;395;45.017904;7.6622188;Abitazione;Dal 1919 al 1945;Nessuno;Patrimonio indisponibile;Utilizzato direttamente;Alloggio di servizio, foresterie;;;;2;[2892, 691409];True;[];;;;[];True;[];originali;();;3107928;D16
3107929;L219;120;397;;4821.75;FABBRICATO;via nizza;395;45.017904;7.6622188;Abitazione;Dal 1919 al 1945;Nessuno;Patrimonio indisponibile;Utilizzato direttamente;Alloggio di servizio, foresterie;;;;2;[2892, 691410];True;[];;;;[];True;[];originali;();;3107929;D16
3107930;L219;1204;98;;266.0;FABBRICATO;Strada Comunale di Mongreno;79;45.076558;7.7394235;Abitazione;Dal 1991 al 2000;Nessuno;Patrimonio disponibile;Utilizzato direttamente;Altro;;;;2;[691420, 691421];True;['2019_108905_0068.xml', '2019_112348_0035.xml', '2022_205195_0109.xml'];E;144.44;E;['2019_108905_0068.xml', '2019_112348_0035.xml', '2022_205195_0109.xml'];True;['2019_108905_0068.xml'];originali;('2019_108905_0068.xml', '2019_112348_0035.xml', '2022_205195_0109.xml');ape_summary_35e0167909bb.html;3107930;E2
3107931;L219;1207;280;;3598.5;FABBRICATO;Strada Alta di Mongreno;53;45.078427;7.7380451;Edificio scolastico (es.: scuola di ogni ordine e grado, università, scuola di formazione);Dal 1919 al 1945;Dichiarazione di interesse culturale;Demanio;Utilizzato direttamente;Attività didattica;;;;3;[691422, 691423, 691424];True;[];;;;[];False;[];originali;();;3107931;E2
3107932;L219;1207;438;;509.0;FABBRICATO;Strada Alta di Mongreno;72;45.0767279;7.7382279;Abitazione;Prima del 1919;Dichiarazione di interesse culturale;Demanio;Utilizzato direttamente;Alloggio di servizio, foresterie;;;;3;[14393, 691426, 691427];True;[];;;;[];False;[];originali;();;3107932;E2
3107933;L219;1207;482;;4549.25;FABBRICATO;Via Alfredo Catalani;4;45.0764667;7.73004;Abitazione;Dal 1971 al 1980;Nessuno;Patrimonio indisponibile;Utilizzato direttamente;Alloggio di servizio, foresterie;;;;2;[691428, 691429];True;[];;;;[];True;[];originali;();;3107933;C11
3107934;L219;1211;35;;4081.0;FABBRICATO;via ragazzoni ernesto;5;45.0791468;7.7175171;Abitazione;Dal 1971 al 1980;Nessuno;Patrimonio indisponibile;Utilizzato direttamente;Alloggio di servizio, foresterie;;;;2;[691436, 691437];True;[];;;;[];True;[];originali;();;3107934;D21
3107935;L219;1212;102;;473.0;FABBRICATO;Via Carlo Michele Buscalioni;23;45.0761875;7.7016374;Abitazione;Prima del 1919;Nessuno;Patrimonio indisponibile;Utilizzato direttamente;Attività amministrativa/uffici pubblici;;;;3;[691446, 691447, 691448];True;[];;;;[];True;[];originali;();;3107935;C18
3107936;L219;1212;127;;96.0;FABBRICATO;Via Alfonso Varano;1;45.0759155;7.7057357;Abitazione;Dal 1919 al 1945;Nessuno;Patrimonio indisponibile;Utilizzato direttamente;Attività amministrativa/uffici pubblici;;;;2;[692779, 692780];True;[];;;;[];True;[];originali;();;3107936;D21
3107937;L219;1212;138;;217.0;FABBRICATO;CORSO NOVARA;SNC;45.0766816;7.7022872;Magazzino e locali di deposito;Prima del 1919;Nessuno;Patrimonio indisponibile;Utilizzato direttamente;Attività amministrativa/uffici pubblici;;;;2;[692784, 692785];True;[];;;;[];False;[];originali;();;3107937;C18
3107938;L219;1212;53;;231.0;FABBRICATO;Via Carlo Michele Buscalioni;3;45.078287;7.699772;Abitazione;Prima del 1919;Nessuno;Patrimonio indisponibile;Utilizzato direttamente;Attività amministrativa/uffici pubblici;;;;2;[691454, 691457];True;[];;;;[];True;[];originali;();;3107938;C18
3107939;L219;1212;90;;809.4;FABBRICATO;Via Carlo Michele Buscalioni;15;45.0774956;7.700681;Abitazione;Dal 1919 al 1945;Nessuno;Patrimonio indisponibile;;Non Dichiarato;in concessione a titolo oneroso;18745.0;01/01/2022;6;[691461, 691462, 691463, 691464, 691465, 691466];True;['2020_102099_0164.xml', '2020_102099_0165.xml'];F;230.4;E;['2020_102099_0164.xml', '2020_102099_0165.xml'];True;['2020_102099_0164.xml', '2020_102099_0165.xml'];originali;('2020_102099_0164.xml', '2020_102099_0165.xml');ape_summary_b2e6d331326f.html;3107939;C18
3107940;L219;1212;97;;1638.0;FABBRICATO;Via Buscalioni Carlo Michele;17;45.0769615;7.7010203;Abitazione;Dal 1919 al 1945;Nessuno;Patrimonio indisponibile;Utilizzato direttamente;Non Dichiarato;in locazione;843.0;01/01/2022;24;[692846, 692847, 692848, 692849, 692850, 692851, 692852, 692853, 692854, 692855, 692856, 692857, 692858, 692859, 692860, 692861, 692862, 692863, 692864, 692865, 692866, 692867, 692868, 692869];True;['2020_102099_0166.xml', '2020_102099_0167.xml', '2020_102099_0168.xml', '2020_102099_0169.xml', '2020_102099_0170.xml', '2020_102099_0174.xml', '2020_102099_0175.xml', '2020_102099_0176.xml', '2020_102099_0179.xml', '2020_102099_0180.xml', '2020_102099_0181.xml', '2020_102099_0182.xml', '2020_102099_0183.xml', '2020_102099_0184.xml', '2021_106141_0033.xml', '2021_106141_0034.xml'];F;269.06;E;['2020_102099_0166.xml', '2020_102099_0167.xml', '2020_102099_0168.xml', '2020_102099_0169.xml', '2020_102099_0170.xml', '2020_102099_0174.xml', '2020_102099_0175.xml', '2020_102099_0176.xml', '2020_102099_0179.xml', '2020_102099_0180.xml', '2020_102099_0181.xml', '2020_102099_0182.xml', '2020_102099_0183.xml', '2020_102099_0184.xml', '2021_106141_0033.xml', '2021_106141_0034.xml'];True;['2020_102099_0166.xml', '2020_102099_0167.xml', '2020_102099_0168.xml', '2020_102099_0169.xml', '2020_102099_0170.xml', '2020_102099_0174.xml', '2020_102099_0175.xml', '2020_102099_0176.xml', '2020_102099_0179.xml', '2020_102099_0180.xml', '2020_102099_0181.xml', '2020_102099_0182.xml', '2020_102099_0183.xml', '2020_102099_0184.xml', '2021_106141_0033.xml', '2021_106141_0034.xml'];originali;('2020_102099_0166.xml', '2020_102099_0167.xml', '2020_102099_0168.xml', '2020_102099_0169.xml', '2020_102099_0170.xml', '2020_102099_0174.xml', '2020_102099_0175.xml', '2020_102099_0176.xml', '2020_102099_0179.xml', '2020_102099_0180.xml', '2020_102099_0181.xml', '2020_102099_0182.xml', '2020_102099_0183.xml', '2020_102099_0184.xml', '2021_106141_0033.xml', '2021_106141_0034.xml');ape_summary_e9279ab5dbcb.html;3107940;C18
3107941;L219;1213;12;;590.0;FABBRICATO;Lungo Dora Firenze;51;45.07863;7.6908369;Abitazione;Prima del 1919;Dichiarazione di interesse culturale;Demanio;Utilizzato direttamente;Alloggio di servizio, foresterie;;;;3;[11920, 692901, 692902];True;['2021_106141_0039.xml'];D;284.95;C;['2021_106141_0039.xml'];True;['2021_106141_0039.xml'];originali;('2021_106141_0039.xml',);ape_summary_1cbb02fb5934.html;3107941;C18
3107942;L219;1213;9;;230.0;FABBRICATO;Via Ancona;0;45.0787518;7.6903747;Abitazione;Prima del 1919;Dichiarazione di interesse culturale;Demanio;Utilizzato direttamente;Alloggio di servizio, foresterie;;;;3;[691469, 691470, 691471];True;[];;;;[];True;[];originali;();;3107942;C18
3107943;L219;1214;57;;301.0;FABBRICATO;corso giulio cesare;23 Bis;45.08247123;7.68654045;Abitazione;Dal 1946 al 1960;Nessuno;Patrimonio indisponibile;Utilizzato direttamente;Altro;;;;4;[691476, 691477, 691478, 691479];True;[];;;;[];True;[];originali;();;3107943;C19
3107944;L219;1215;114;;852.25;FABBRICATO;via s. simone;5;45.0792997;7.6839347;Abitazione;Prima del 1919;Nessuno;Patrimonio indisponibile;Utilizzato direttamente;Alloggio di servizio, foresterie;;;;2;[691623, 691624];True;[];;;;[];True;[];originali;();;3107944;C17
3107945;L219;1215;123;;914.6;FABBRICATO;via s. pietro in vincoli;28;45.082552;7.6819004;Abitazione;Prima del 1919;Dichiarazione di interesse culturale;Demanio;;Non Dichiarato;in concessione a titolo oneroso;13720.0;01/01/2022;2;[691625, 691626];True;[];;;;[];True;[];originali;();;3107945;C17
3107946;L219;1215;136;;12340.65;FABBRICATO;Piazza Borgo Dora;61;45.0817319;7.6829121;Edificio scolastico (es.: scuola di ogni ordine e grado, università, scuola di formazione);Prima del 1919;Dichiarazione di interesse culturale;Demanio;Utilizzato direttamente;Altro;in concessione a titolo oneroso;142.0;01/03/1997;10;[388082, 388085, 388086, 388087, 388088, 388089, 388090, 388091, 388095, 2732834];True;['2019_101408_0029.xml', '2022_203057_0016.xml', '2022_203057_0053.xml', '2022_205727_0009.xml', '2022_205727_0010.xml', '2022_215398_0019.xml'];G;384.74;G;['2019_101408_0029.xml', '2022_203057_0016.xml', '2022_203057_0053.xml', '2022_205727_0009.xml', '2022_205727_0010.xml', '2022_215398_0019.xml'];False;[];originali;('2019_101408_0029.xml', '2022_203057_0016.xml', '2022_203057_0053.xml', '2022_205727_0009.xml', '2022_205727_0010.xml', '2022_215398_0019.xml');ape_summary_202ccb31aea6.html;3107946;C17
3107947;L219;1215;39;;4121.9;FABBRICATO;Via Vittorio Andreis;18;45.0811624;7.6822713;Edificio scolastico (es.: scuola di ogni ordine e grado, università, scuola di formazione);Prima del 1919;Dichiarazione di interesse culturale;Demanio;Utilizzato direttamente;Attività didattica;;;;5;[691629, 691630, 691631, 691632, 691633];True;[];;;;[];False;[];originali;();;3107947;C17
3107948;L219;1216;141;;10139.0;FABBRICATO;Via Giovanni Antonio Bazzi;4;45.0770981;7.688346;Abitazione;Dal 1919 al 1945;Nessuno;Patrimonio indisponibile;Utilizzato direttamente;Attività amministrativa/uffici pubblici;;;;2;[691639, 691640];True;[];;;;[];True;[];originali;();;3107948;C17
3107949;L219;1217;12;;1753.0;FABBRICATO;via lanino bernardino;3;45.0783314;7.6832519;Abitazione;Prima del 1919;Nessuno;Patrimonio indisponibile;Utilizzato direttamente;Altro;in concessione a titolo oneroso;903.0;03/05/2019;19;[691647, 691648, 691649, 691650, 691651, 691652, 691653, 691654, 691655, 691656, 691657, 691658, 691659, 691660, 691661, 691662, 691663, 691666, 691667];True;[];;;;[];True;[];originali;();;3107949;C17
3107950;L219;1217;163;;1200.8600000000001;FABBRICATO;Piazza della Repubblica;27;45.0764764;7.6825208;Abitazione;Prima del 1919;Nessuno;Patrimonio indisponibile;Utilizzato direttamente;Attività amministrativa/uffici pubblici;;;;3;[691678, 691679, 691680];True;[];;;;[];True;[];originali;();;3107950;C17
3107951;L219;1217;165;;498.0;FABBRICATO;Piazza della Repubblica;26;45.0759807;7.683993;Locale commerciale, negozio;Prima del 1919;Dichiarazione di interesse culturale;Patrimonio indisponibile;Utilizzato direttamente;Attività commerciale e di ristorazione;;;;6;[693054, 693055, 693056, 693057, 693058, 693059];True;['2019_212629_0404.xml'];G;145.83;F;['2019_212629_0404.xml'];True;[];originali;('2019_212629_0404.xml',);ape_summary_7fcf6e3eb407.html;3107951;C17
3107952;L219;1217;166;;4358.0;FABBRICATO;Piazza della Repubblica;6;45.0756668;7.684525;Abitazione;Prima del 1919;Dichiarazione di interesse culturale;Patrimonio indisponibile;Utilizzato direttamente;Altro;in concessione a titolo oneroso;710.0;01/01/2022;31;[693247, 693248, 693249, 693250, 693251, 693252, 693253, 693254, 693255, 693256, 693257, 693258, 693259, 693260, 693261, 693262, 693263, 693264, 693265, 693266, 693267, 693268, 693269, 693270, 693271, 693272, 693273, 693274, 693275, 693276, 693296];True;[];;;;[];True;[];originali;();;3107952;C17
3107953;L219;1217;17;;1211.0;FABBRICATO;Piazza della Repubblica;13;45.0780164;7.6829377;Abitazione;Prima del 1919;Nessuno;Patrimonio indisponibile;Non utilizzato;Non Dichiarato;;;;22;[692913, 692917, 692919, 692920, 692922, 692923, 692924, 692925, 692926, 692927, 692928, 692929, 692930, 692931, 692932, 692933, 692934, 692935, 692936, 692937, 692938, 692940];True;[];;;;[];False;[];originali;();;3107953;C17
3107954;L219;1217;174;;253.0;FABBRICATO;Piazza della Repubblica;8;45.0754578;7.6845727;Magazzino e locali di deposito;Prima del 1919;Dichiarazione di interesse culturale;Patrimonio indisponibile;Utilizzato direttamente;Altro;;;;3;[692968, 692969, 692970];True;[];;;;[];True;[];originali;();;3107954;C17
3107955;L219;1217;183;;2695.0;FABBRICATO;Via Franco Bonelli;12;45.0761307;7.6806403;Abitazione;Prima del 1919;Nessuno;Patrimonio indisponibile;Utilizzato direttamente;Altro;;;;20;[692974, 692975, 692976, 692977, 692978, 692979, 692980, 692981, 692982, 692983, 692984, 692985, 692986, 692987, 692988, 692989, 692990, 692991, 692994, 692995];True;['2022_113184_0064.xml'];F;172.33;E;['2022_113184_0064.xml'];True;['2022_113184_0064.xml'];originali;('2022_113184_0064.xml',);ape_summary_c29e2d3646a5.html;3107955;B5
3107956;L219;1217;204;;692.0;FABBRICATO;Via Franco Bonelli;4;45.0759132;7.6811059;Abitazione;Prima del 1919;Nessuno;Patrimonio indisponibile;Utilizzato direttamente;Altro;;;;5;[4779, 5094, 15291, 22185, 22354];True;[];;;;[];True;[];originali;();;3107956;B5
3107957;L219;1217;207;;692.0;FABBRICATO;Via Franco Bonelli;4;45.0759132;7.6811059;Abitazione;Prima del 1919;Nessuno;Patrimonio indisponibile;Utilizzato direttamente;Altro;;;;5;[4779, 5094, 15291, 22185, 22354];True;[];;;;[];True;[];originali;();;3107957;B5
3107958;L219;1217;208;;443.0;FABBRICATO;Piazza Emanuele Filiberto;3;45.076102;7.6814876;Abitazione;Prima del 1919;Nessuno;Patrimonio indisponibile;Utilizzato direttamente;Altro;;;;5;[693299, 693300, 693301, 693302, 693303];True;[];;;;[];True;[];originali;();;3107958;B5
3107959;L219;1217;210;;1870.0;FABBRICATO;Piazza Emanuele Filiberto;1;45.0760111;7.6817108;Abitazione;Prima del 1919;Nessuno;Patrimonio indisponibile;Utilizzato direttamente;Altro;;;;20;[24636, 24899, 26231, 26653, 693304, 693305, 693306, 693307, 693308, 693309, 693310, 693311, 693312, 693313, 693314, 693315, 693316, 693317, 693318, 693319];True;[];;;;[];True;[];originali;();;3107959;B5
3107960;L219;1217;211;;1165.0;FABBRICATO;Via Franco Bonelli;0;45.075871;7.6814519;Abitazione;Prima del 1919;Nessuno;Patrimonio indisponibile;Utilizzato direttamente;Altro;;;;13;[24636, 24899, 26231, 26653, 693012, 693013, 693014, 693015, 693016, 693017, 693018, 693019, 693020];True;[];;;;[];True;[];originali;();;3107960;B5
3107961;L219;1217;212;;531.0;FABBRICATO;Via Gian Francesco Bellezia;35;45.0758239;7.6816937;Abitazione;Prima del 1919;Nessuno;Patrimonio indisponibile;Utilizzato direttamente;Altro;;;;4;[693027, 693028, 693029, 693030];True;[];;;;[];;[];originali;();;3107961;B5
3107962;L219;1217;41;;1185.0;FABBRICATO;Piazza Don Paolo Albera;11;45.0777899;7.6847703;Abitazione;Prima del 1919;Nessuno;Patrimonio indisponibile;Utilizzato direttamente;Altro;;;;12;[693345, 693346, 693347, 693348, 693349, 693350, 693351, 693352, 693353, 693354, 693355, 693356];True;[];;;;[];True;[];originali;();;3107962;C17
3107963;L219;1217;42;;411.0;FABBRICATO;Piazza Albera Don Paolo;9;45.0775785;7.6846441;Abitazione;Dal 1961 al 1970;Nessuno;Patrimonio indisponibile;Utilizzato direttamente;Altro;;;;4;[693371, 693372, 693373, 693374];True;['2020_203407_0015.xml'];C;95.46;A2;['2020_203407_0015.xml'];True;[];originali;('2020_203407_0015.xml',);ape_summary_c0ffd88fcfca.html;3107963;C17
3107964;L219;1217;46;;1874.0;FABBRICATO;Via Clemente Damiano Priocca;3;45.0772002;7.6852639;Abitazione;Prima del 1919;Nessuno;Patrimonio indisponibile;Utilizzato direttamente;Altro;;;;32;[693376, 693377, 693381, 693382, 693383, 693384, 693385, 693386, 693387, 693388, 693389, 693390, 693391, 693392, 693393, 693394, 693395, 693396, 693397, 693398, 693399, 693400, 693401, 693402, 693403, 693404, 693405, 693406, 693407, 2668166, 2842590, 2842591];True;[];;;;[];True;[];originali;();;3107964;C17
3107965;L219;1217;6;;1881.0;FABBRICATO;via lanino bernardino;3;45.07846;7.6829134;Abitazione;Prima del 1919;Nessuno;Patrimonio indisponibile;Utilizzato direttamente;Altro;in concessione a titolo oneroso;2542.0;01/04/2021;18;[693538, 693539, 693540, 693541, 693542, 693543, 693544, 693545, 693546, 693547, 693548, 693549, 693550, 693551, 693552, 693553, 693554, 693555];True;[];;;;[];True;[];originali;();;3107965;C17
3107966;L219;1218;124;;476.0;FABBRICATO;Via Bligny;19;45.0769325;7.6772792;Abitazione;Dal 1946 al 1960;Nessuno;Patrimonio indisponibile;Utilizzato direttamente;Attività amministrativa/uffici pubblici;;;;2;[26534, 693439];True;[];;;;[];True;[];originali;();;3107966;B5
3107967;L219;1218;43;;2258.0;FABBRICATO;Via Sigismondo Gerdil;7;45.0797746;7.6778351;Abitazione;Prima del 1919;Nessuno;Patrimonio indisponibile;Utilizzato direttamente;Altro;;;;35;[23346, 23347, 24637, 26000, 26841, 27069, 693446, 693447, 693448, 693449, 693450, 693451, 693452, 693453, 693454, 693455, 693456, 693457, 693458, 693459, 693460, 693461, 693462, 693463, 693464, 693465, 693466, 693467, 693468, 693469, 693470, 693471, 693472, 693473, 693474];True;['2021_113184_0107.xml'];F;163.79;F;['2021_113184_0107.xml'];True;['2021_113184_0107.xml'];originali;('2021_113184_0107.xml',);ape_summary_d83f6f513789.html;3107967;C17
3107968;L219;1218;45;;407.0;FABBRICATO;Via San Giuseppe Benedetto Cottolengo;25;45.0797746;7.6778351;Abitazione;Prima del 1919;Nessuno;Patrimonio indisponibile;Utilizzato direttamente;Altro;;;;7;[23346, 23347, 24637, 26000, 26841, 27069, 693479];True;[];;;;[];True;[];originali;();;3107968;C17
3107969;L219;1218;61;;3183.0;FABBRICATO;corso regina margherita;158;45.0790252;7.6781556;Abitazione;Prima del 1919;Nessuno;Patrimonio indisponibile;Utilizzato direttamente;Altro;;;;30;[693497, 693498, 693499, 693500, 693501, 693502, 693503, 693504, 693505, 693506, 693507, 693508, 693509, 693510, 693511, 693512, 693513, 693514, 693515, 693516, 693517, 693518, 693519, 693520, 693521, 693522, 693523, 693524, 693525, 693526];True;[];;;;[];True;[];originali;();;3107969;C17
3107970;L219;1219;25;;10153.43;FABBRICATO;Via della Consolata;10;45.0757479;7.6782418;Ufficio strutturato ed assimilabili;Dal 1919 al 1945;Dichiarazione di interesse culturale;Demanio;Utilizzato direttamente;Attività amministrativa/uffici pubblici;;;;2;[693562, 693564];True;[];;;;[];True;[];originali;();;3107970;B5
3107971;L219;1219;35;;377.0;FABBRICATO;via s. agostino;15;45.0752932;7.6798428;Abitazione;Prima del 1919;Nessuno;Patrimonio indisponibile;Utilizzato direttamente;Altro;;;;4;[9836, 10314, 694444, 694445];True;[];;;;[];False;[];originali;();;3107971;B5
3107972;L219;1219;37;;674.0;FABBRICATO;via s. agostino;15;45.0751377;7.6801036;Abitazione;Prima del 1919;Nessuno;Patrimonio indisponibile;Utilizzato direttamente;Altro;;;;9;[9836, 12233, 694449, 694450, 694451, 694452, 694453, 694454, 694455];True;[];;;;[];False;[];originali;();;3107972;B5
3107973;L219;1219;44;;583.0;FABBRICATO;Via San Domenico;16;45.0751722;7.6798657;Abitazione;Prima del 1919;Nessuno;Patrimonio indisponibile;Utilizzato direttamente;Altro;;;;7;[693765, 693766, 693767, 693768, 693769, 693770, 693771];True;['2019_202724_0018.xml', '2022_214073_0018.xml'];E;186.06;D;['2019_202724_0018.xml', '2022_214073_0018.xml'];True;['2022_214073_0018.xml'];originali;('2019_202724_0018.xml', '2022_214073_0018.xml');ape_summary_61c7301ac641.html;3107973;B5
3107974;L219;1219;57;;6143.71;FABBRICATO;Via del Carmine;12;45.0761227;7.6747337;Biblioteca, pinacoteca, museo, gallerie;Prima del 1919;Dichiarazione di interesse culturale;Patrimonio indisponibile;Utilizzato direttamente;Attività artistica e culturale;in concessione a titolo oneroso;151228.0;07/06/2017;2;[693780, 693781];True;[];;;;[];True;[];originali;();;3107974;B5
3107975;L219;1219;70;;624.0;FABBRICATO;Via del Carmine;4;45.0756221;7.6759482;Abitazione;Prima del 1919;Dichiarazione di interesse culturale;Demanio;;Non Dichiarato;in concessione a titolo oneroso;7393.0;01/01/2022;3;[693786, 693787, 693788];True;['2019_203325_0015.xml', '2019_212629_0743.xml', '2019_101408_0036.xml', '2020_212629_0489.xml', '2021_212629_0039.xml', '2022_209895_0034.xml'];E;200.94;E;['2019_203325_0015.xml', '2019_212629_0743.xml', '2019_101408_0036.xml', '2020_212629_0489.xml', '2021_212629_0039.xml', '2022_209895_0034.xml'];True;['2022_209895_0034.xml'];originali;('2019_101408_0036.xml', '2019_203325_0015.xml', '2019_212629_0743.xml', '2020_212629_0489.xml', '2021_212629_0039.xml', '2022_209895_0034.xml');ape_summary_c8c93a9ed9bd.html;3107975;B5
3107976;L219;1219;89;;3123.0;FABBRICATO;Via del Carmine;13;45.0758147;7.6744918;Abitazione;Prima del 1919;Dichiarazione di interesse culturale;Patrimonio indisponibile;Utilizzato direttamente;Attività artistica e culturale;;;;2;[694461, 694462];True;[];;;;[];True;[];originali;();;3107976;B5
3107977;L219;1220;198;;1522.0;FABBRICATO;via garibaldi giuseppe;55;45.075075;7.6736631;Abitazione;Prima del 1919;Nessuno;Patrimonio indisponibile;Utilizzato direttamente;Altro;;;;32;[694464, 694465, 694466, 694467, 694468, 694469, 694470, 694471, 694472, 694473, 694474, 694475, 694476, 694477, 694478, 694479, 694480, 694481, 694482, 694483, 694484, 694485, 694486, 694487, 694488, 694489, 694490, 694491, 694492, 694493, 694494, 694495];True;['2020_108793_0034.xml'];F;169.10;E;['2020_108793_0034.xml'];True;[];originali;('2020_108793_0034.xml',);ape_summary_0cc2154d9aba.html;3107977;B5
3107978;L219;1220;212;;682.0;FABBRICATO;Via Cernaia;30;45.0723838;7.6726557;Abitazione;Dal 1919 al 1945;Nessuno;Patrimonio indisponibile;Utilizzato direttamente;Altro;;;;4;[12624, 694507, 694508, 694509];True;['2019_102945_0130.xml', '2019_102945_0131.xml', '2019_106512_0010.xml', '2019_108388_0006.xml', '2019_203879_0001.xml', '2020_113482_0001.xml', '2020_200297_0059.xml', '2020_209934_0017.xml', '2020_209934_0018.xml', '2020_209934_0034.xml', '2020_209934_0035.xml', '2020_209934_0036.xml', '2020_209934_0037.xml', '2020_212533_0283.xml', '2022_202439_0008.xml'];F;250.0;D;['2019_102945_0130.xml', '2019_102945_0131.xml', '2019_106512_0010.xml', '2019_108388_0006.xml', '2019_203879_0001.xml', '2020_113482_0001.xml', '2020_200297_0059.xml', '2020_209934_0017.xml', '2020_209934_0018.xml', '2020_209934_0034.xml', '2020_209934_0035.xml', '2020_209934_0036.xml', '2020_209934_0037.xml', '2020_212533_0283.xml', '2022_202439_0008.xml'];;['2019_102945_0130.xml', '2019_102945_0131.xml', '2020_212533_0283.xml'];originali;('2019_102945_0130.xml', '2019_102945_0131.xml', '2019_106512_0010.xml', '2019_108388_0006.xml', '2019_203879_0001.xml', '2020_113482_0001.xml', '2020_200297_0059.xml', '2020_209934_0017.xml', '2020_209934_0018.xml', '2020_209934_0034.xml', '2020_209934_0035.xml', '2020_209934_0036.xml', '2020_209934_0037.xml', '2020_212533_0283.xml', '2022_202439_0008.xml');ape_summary_796cd63d0143.html;3107978;B5
3107979;L219;1220;50;;3072.0;FABBRICATO;Via Giovanni Ambrogio Bertrandi;10;45.0746245;7.6735442;Abitazione;Dal 1961 al 1970;Nessuno;Patrimonio indisponibile;Utilizzato direttamente;Attività artistica e culturale;;;;2;[693797, 693798];True;[];;;;[];True;[];originali;();;3107979;B5
3107980;L219;1221;219;;2226.0;FABBRICATO;Via Duchessa Jolanda;20;45.0741357;7.6621646;Abitazione;Prima del 1919;Nessuno;Patrimonio indisponibile;Utilizzato direttamente;Altro;;;;20;[693804, 693805, 693806, 693807, 693808, 693809, 693810, 693811, 693812, 693813, 693814, 693815, 693816, 693817, 693818, 693819, 693820, 693821, 693830, 693831];True;['2019_202612_0121.xml'];G;168.78;E;['2019_202612_0121.xml'];True;[];originali;('2019_202612_0121.xml',);ape_summary_f961d8ccc464.html;3107980;C7
3107981;L219;1222;338;;1936.0;FABBRICATO;Via Giacinto Collegno;65;45.0725685;7.6589902;Abitazione;Dal 1946 al 1960;Nessuno;Patrimonio indisponibile;Utilizzato direttamente;Alloggio di servizio, foresterie;;;;2;[693885, 693886];True;[];;;;[];True;[];originali;();;3107981;C7
3107982;L219;1222;348;;5077.0;FABBRICATO;via palmieri pietro;56;45.072375;7.6595812;Abitazione;Prima del 1919;Dichiarazione di interesse culturale;Demanio;Utilizzato direttamente;Alloggio di servizio, foresterie;;;;3;[20229, 694512, 694513];True;[];;;;[];True;[];originali;();;3107982;C7
3107983;L219;1222;473;;2250.1400000000003;FABBRICATO;Via Nino Bixio;56;45.0691238;7.6560616;Abitazione;Prima del 1919;Dichiarazione di interesse culturale;Demanio;Utilizzato direttamente;Attività amministrativa/uffici pubblici;;;;3;[694515, 694516, 694517];True;[];;;;[];True;[];originali;();;3107983;C6
3107984;L219;1222;477;;1445.43;FABBRICATO;Via Nino Bixio;44;45.068847;7.6568281;Abitazione;Prima del 1919;Dichiarazione di interesse culturale;Demanio;Utilizzato direttamente;Alloggio di servizio, foresterie;;;;2;[694518, 694519];True;[];;;;[];True;[];originali;();;3107984;C6
3107985;L219;1223;9;;6728.25;FABBRICATO;Via Bruino;14;45.0747652;7.6544966;Edificio scolastico (es.: scuola di ogni ordine e grado, università, scuola di formazione);Dal 1971 al 1980;Dichiarazione di interesse culturale;Demanio;Utilizzato direttamente;Altro;in concessione a titolo oneroso;20402.0;01/01/2012;2;[12234, 694521];True;[];;;;[];True;[];originali;();;3107985;C22
3107986;L219;1224;287;;187.0;FABBRICATO;Via Revello;34;45.06810593;7.64839005;Abitazione;Dal 1946 al 1960;Nessuno;Patrimonio indisponibile;Non utilizzato;Non Dichiarato;;;;2;[694524, 694525];True;[];;;;[];True;[];originali;();;3107986;C23
3107987;L219;1224;394;;7767.0;FABBRICATO;corso racconigi;29;45.07144708;7.6472494;Abitazione;Prima del 1919;Dichiarazione di interesse culturale;Demanio;Utilizzato direttamente;Alloggio di servizio, foresterie;;;;3;[278, 694526, 694527];True;[];;;;[];True;[];originali;();;3107987;C23
3107988;L219;1224;457;;650.0;FABBRICATO;corso racconigi;43;45.07019205;7.64694128;Magazzino e locali di deposito;Dal 1961 al 1970;Nessuno;Patrimonio disponibile;Utilizzato direttamente;Attività commerciale e di ristorazione;;;;3;[693906, 693907, 693908];True;[];;;;[];True;[];originali;();;3107988;C23
3107989;L219;1224;514;;253.71;FABBRICATO;via vigone;80;45.06857107;7.64715144;Abitazione;Prima del 1919;Dichiarazione di interesse culturale;Demanio;Utilizzato direttamente;Attività amministrativa/uffici pubblici;;;;2;[693910, 693911];True;[];;;;[];True;[];originali;();;3107989;C23
3107990;L219;1224;536;;2075.93;FABBRICATO;via moretta;18;45.06943207;7.64844938;Edificio scolastico (es.: scuola di ogni ordine e grado, università, scuola di formazione);Prima del 1919;Nessuno;Patrimonio indisponibile;Utilizzato direttamente;Attività amministrativa/uffici pubblici;;;;2;[388185, 388187];True;['2019_106141_0184.xml'];C;162.91;C;['2019_106141_0184.xml'];False;[];originali;('2019_106141_0184.xml',);ape_summary_6d51916898ec.html;3107990;C23
3107991;L219;1224;546;;4736.5;FABBRICATO;corso racconigi;51;45.06986552;7.64782467;Locale commerciale, negozio;Dal 1991 al 2000;Nessuno;Patrimonio disponibile;Utilizzato direttamente;Attività commerciale e di ristorazione;;;;32;[388188, 388189, 388190, 388191, 388192, 388193, 388194, 388195, 388196, 388197, 388198, 388199, 388200, 388201, 388202, 388203, 388204, 388205, 388206, 388207, 388209, 388210, 388211, 388212, 388213, 388214, 388215, 388216, 388217, 388218, 388223, 388224];True;[];;;;[];False;[];originali;();;3107991;C23
3107992;L219;1225;966;;6991.0;FABBRICATO;Via Villar Focchiardo;16;45.0734471;7.6449315;Abitazione;Dal 1981 al 1990;Nessuno;Patrimonio indisponibile;Utilizzato direttamente;Alloggio di servizio, foresterie;;;;4;[694623, 694624, 694625, 694626];True;['2022_104067_0016.xml'];E;135.26;E;['2022_104067_0016.xml'];True;['2022_104067_0016.xml'];originali;('2022_104067_0016.xml',);ape_summary_ceb926426b82.html;3107992;C22
3107993;L219;1227;27;;6192.75;FABBRICATO;corso peschiera;370;45.0741161;7.6262041;Abitazione;Dal 1919 al 1945;Dichiarazione di interesse culturale;Demanio;Utilizzato direttamente;Alloggio di servizio, foresterie;;;;2;[694630, 694631];True;[];;;;[];True;[];originali;();;3107993;D26
3107994;L219;1227;399;;1252.5;FABBRICATO;Via Giovanni Fattori;113;45.0712303;7.6268469;Abitazione;Dal 1971 al 1980;Nessuno;Patrimonio indisponibile;Utilizzato direttamente;Alloggio di servizio, foresterie;;;;2;[694637, 694638];True;[];;;;[];True;[];originali;();;3107994;D26
3107995;L219;1227;464;;249.25;FABBRICATO;corso francia;285 A;45.0739498;7.6272094;Edificio scolastico (es.: scuola di ogni ordine e grado, università, scuola di formazione);Dal 1946 al 1960;Nessuno;Patrimonio indisponibile;Utilizzato direttamente;Altro;in concessione a titolo oneroso;2056.0;01/04/2019;2;[694645, 694648];True;[];;;;[];;[];originali;();;3107995;D26
3107996;L219;1227;466;;1123.6;FABBRICATO;via marsigli luigi ferdinando;12;45.0717388;7.6279282;Fabbricato per attività produttiva (industriale, artigianale o agricola);Dal 1981 al 1990;Nessuno;Patrimonio indisponibile;Utilizzato direttamente;Servizi assistenza socio-sanitaria (non residenziali);;;;5;[694654, 694655, 694656, 694657, 694658];True;[];;;;[];True;[];originali;();;3107996;D26
3107997;L219;1228;117;;5187.25;FABBRICATO;Via Giovanni Fattori;25;45.0705123;7.628937;Abitazione;Dal 1971 al 1980;Nessuno;Patrimonio indisponibile;Utilizzato direttamente;Alloggio di servizio, foresterie;;;;2;[16213, 694665];True;[];;;;[];False;[];originali;();;3107997;D26
3107998;L219;1228;158;;242.0;FABBRICATO;Via Vasile Alecsandri;29;45.0698584;7.6273772;Locale commerciale, negozio;Dal 1971 al 1980;Nessuno;Patrimonio indisponibile;Utilizzato direttamente;Attività commerciale e di ristorazione;;;;3;[693922, 693926, 693928];True;[];;;;[];True;[];originali;();;3107998;D26
3107999;L219;1228;96;;3644.75;FABBRICATO;Via Onorato Castellino;10;45.0684792;7.6307726;Abitazione;Dal 1971 al 1980;Nessuno;Patrimonio indisponibile;Utilizzato direttamente;Alloggio di servizio, foresterie;;;;2;[693935, 693936];True;[];;;;[];True;[];originali;();;3107999;D26
3108000;L219;1229;325;;5554.0;FABBRICATO;VIA POSTUMIA;28;45.06869604;7.62058615;Abitazione;Dal 1971 al 1980;Nessuno;Patrimonio indisponibile;Utilizzato direttamente;Attività didattica;;;;5;[693940, 693941, 2859478, 2859479, 2859480];True;['2022_103892_0002.xml'];G;518.92;E;['2022_103892_0002.xml'];;['2022_103892_0002.xml'];originali;('2022_103892_0002.xml',);ape_summary_4b8a2a856455.html;3108000;D25
3108001;L219;123;395;;1566.0;FABBRICATO;via nuova;2;45.02966;7.68779;Abitazione;Prima del 1919;Nessuno;Patrimonio indisponibile;Utilizzato direttamente;Alloggio di servizio, foresterie;;;;2;[16133, 694671];True;[];;;;[];True;[];originali;();;3108001;E3
3108002;L219;1230;1;;3322.25;FABBRICATO;via germonio anastasio;4;45.0736682;7.6105378;Abitazione;Dal 1961 al 1970;Nessuno;Patrimonio indisponibile;Utilizzato direttamente;Alloggio di servizio, foresterie;;;;2;[694672, 694673];True;[];;;;[];True;[];originali;();;3108002;D25
3108003;L219;1230;2;;4760.0;FABBRICATO;via germonio anastasio;12;45.0729834;7.610595;Abitazione;Dal 1971 al 1980;Nessuno;Patrimonio indisponibile;Utilizzato direttamente;Alloggio di servizio, foresterie;;;;2;[694679, 694680];True;[];;;;[];True;[];originali;();;3108003;D25
3108004;L219;1230;552;;1301.0;FABBRICATO;Via Anastasio Germonio;109;45.0710222;7.6118988;Abitazione;Dal 1971 al 1980;Nessuno;Patrimonio indisponibile;Utilizzato direttamente;Alloggio di servizio, foresterie;;;;2;[694681, 694682];True;[];;;;[];False;[];originali;();;3108004;D25
3108005;L219;1231;202;;1929.75;FABBRICATO;corso francia;377;45.0735729;7.6096127;Abitazione;Dal 1946 al 1960;Nessuno;Patrimonio indisponibile;Utilizzato direttamente;Alloggio di servizio, foresterie;;;;2;[694704, 694705];True;[];;;;[];;[];originali;();;3108005;D25
3108006;L219;1233;206;;4359.43;FABBRICATO;via monte ortigara;95;45.068372;7.6262545;Abitazione;Dal 1981 al 1990;Nessuno;Patrimonio indisponibile;Utilizzato direttamente;Alloggio di servizio, foresterie;in concessione a titolo oneroso;1110.0;02/11/2021;3;[694709, 694710, 694711];True;[];;;;[];True;[];originali;();;3108006;D26
3108007;L219;1234;4;;5069.25;FABBRICATO;via tofane;28;45.0664753;7.6339884;Abitazione;Dal 1971 al 1980;Nessuno;Patrimonio indisponibile;Utilizzato direttamente;Alloggio di servizio, foresterie;;;;2;[694160, 694161];True;[];;;;[];True;[];originali;();;3108007;D26
3108008;L219;1235;102;;3474.5;FABBRICATO;Via Lorenzo Delleani;25;45.0671209;7.6341167;Abitazione;Dal 1971 al 1980;Nessuno;Patrimonio indisponibile;Utilizzato direttamente;Alloggio di servizio, foresterie;;;;2;[16250, 694185];True;[];;;;[];True;[];originali;();;3108008;D26
3108009;L219;1235;38;;3879.25;FABBRICATO;via tofane;22;45.0661954;7.6348856;Abitazione;Dal 1971 al 1980;Nessuno;Patrimonio indisponibile;Utilizzato direttamente;Alloggio di servizio, foresterie;;;;2;[694186, 694187];True;[];;;;[];True;[];originali;();;3108009;D26
3108010;L219;1236;259;;750.0;FABBRICATO;via issiglio;34;45.0646476;7.6398669;Abitazione;Dal 1961 al 1970;Nessuno;Patrimonio indisponibile;Utilizzato direttamente;Altro;;;;10;[293553, 293554, 293556, 293557, 293558, 293559, 293560, 293561, 293562, 293563];True;[];;;;[];True;[];originali;();;3108010;C24
3108011;L219;1237;71;;6426.0;FABBRICATO;via luserna di rora' emanuele;12;45.0676232;7.6479667;Abitazione;Prima del 1919;Dichiarazione di interesse culturale;Demanio;Utilizzato direttamente;Alloggio di servizio, foresterie;;;;3;[694712, 694713, 694714];True;[];;;;[];;[];originali;();;3108011;C23
3108012;L219;1237;72;;449.4;FABBRICATO;Via Emanuele Luserna Di Rorà;8;45.0674105;7.6487585;Abitazione;Dal 1919 al 1945;Dichiarazione di interesse culturale;Demanio;Utilizzato direttamente;Attività commerciale e di ristorazione;;;;3;[694715, 694719, 694720];True;[];;;;[];True;[];originali;();;3108012;C23
3108013;L219;1241;131;;2372.0;FABBRICATO;corso vittorio emanuele ii;119;45.0677162;7.6641177;Abitazione;Prima del 1919;Nessuno;Patrimonio indisponibile;Utilizzato direttamente;Altro;;;;30;[694727, 694728, 694729, 694730, 694731, 694732, 694733, 694734, 694735, 694736, 694737, 694738, 694739, 694740, 694741, 694742, 694743, 694744, 694745, 694746, 694747, 694748, 694749, 694750, 694751, 694752, 694753, 694754, 694755, 694756];True;['2020_113181_0033.xml'];E;444.27;D;['2020_113181_0033.xml'];True;['2020_113181_0033.xml'];originali;('2020_113181_0033.xml',);ape_summary_ddda622a0651.html;3108013;B4
3108014;L219;1242;91;;6191.25;FABBRICATO;via revel ottavio conte thaon di;8;45.0687671;7.6697917;Abitazione;Prima del 1919;Dichiarazione di interesse culturale;Demanio;Utilizzato direttamente;Alloggio di servizio, foresterie;;;;4;[694761, 694762, 694763, 694764];True;[];;;;[];;[];originali;();;3108014;B4
3108015;L219;1243;159;;4345.0;FABBRICATO;Via Stampatori;6 C;45.07242169;7.6779537;Abitazione;Prima del 1919;Dichiarazione di interesse culturale;Demanio;Utilizzato direttamente;Altro;in concessione a titolo oneroso;3225.0;01/05/2009;49;[694765, 694766, 694767, 694768, 694769, 694770, 694771, 694772, 694775, 694776, 694778, 694779, 694781, 694782, 694783, 694784, 694785, 694786, 694787, 694788, 694789, 694790, 694791, 694792, 694793, 694794, 694795, 694796, 694797, 694798, 694799, 694800, 694801, 694802, 694803, 694804, 694805, 694806, 694807, 694808, 694809, 694810, 694811, 694812, 694813, 694814, 694815, 694816, 694817];True;['2021_113184_0108.xml'];G;273.76;G;['2021_113184_0108.xml'];True;['2021_113184_0108.xml'];originali;('2021_113184_0108.xml',);ape_summary_8ab0ed362904.html;3108015;B5
3108016;L219;1243;84;;1335.0;FABBRICATO;Via Giuseppe Barbaroux;31;45.0726799;7.6782398;Abitazione;Prima del 1919;Dichiarazione di interesse culturale;Demanio;Utilizzato direttamente;Altro;;;;16;[694892, 694893, 694894, 694895, 694896, 694897, 694898, 694899, 694900, 694901, 694902, 694903, 694904, 694905, 694906, 694907];True;[];;;;[];True;[];originali;();;3108016;B5
3108017;L219;1243;85;;1130.0;FABBRICATO;via s. dalmazzo;11;45.0727152;7.6774138;Abitazione;Prima del 1919;Nessuno;Patrimonio indisponibile;Utilizzato direttamente;Altro;;;;19;[694908, 694909, 694910, 694913, 694914, 694915, 694916, 694917, 694918, 694919, 694920, 694921, 694922, 694923, 694924, 694925, 694926, 694927, 694928];True;[];;;;[];True;[];originali;();;3108017;B5
3108018;L219;1243;90;;7401.0;FABBRICATO;VIA PERRONE ETTORE;12;45.0731809;7.6734232;Edificio scolastico (es.: scuola di ogni ordine e grado, università, scuola di formazione);Prima del 1919;Nessuno;Patrimonio indisponibile;Utilizzato direttamente;Attività didattica;;;;6;[694360, 694361, 694362, 694363, 694364, 694365];True;[];;;;[];True;[];originali;();;3108018;B5
3108019;L219;1244;42;;12845.57;FABBRICATO;Via Antonio Meucci;10;45.0695279;7.6744748;Edificio scolastico (es.: scuola di ogni ordine e grado, università, scuola di formazione);Prima del 1919;Nessuno;Patrimonio indisponibile;Utilizzato direttamente;Attività amministrativa/uffici pubblici;;;;2;[388345, 388346];True;[];;;;[];False;[];originali;();;3108019;B3
3108020;L219;1245;121;;5472.0;FABBRICATO;via garibaldi giuseppe;1;45.0733744;7.680619;Locale commerciale, negozio;Prima del 1919;Dichiarazione di interesse culturale;Demanio;Utilizzato direttamente;Attività amministrativa/uffici pubblici;in concessione a titolo oneroso;13152.0;01/02/2014;15;[12942, 694929, 694930, 694931, 694933, 694934, 694935, 694936, 694937, 694938, 694939, 694940, 694941, 694942, 694943];True;[];;;;[];False;[];originali;();;3108020;B5
3108021;L219;1245;132;;4393.0;FABBRICATO;VIA CORTE D'APPELLO;SNC;45.0727848;7.6812472;Locale commerciale, negozio;Prima del 1919;Dichiarazione di interesse culturale;Demanio;Utilizzato direttamente;Non Dichiarato;in concessione a titolo oneroso;5198.0;01/01/2009;7;[12942, 694950, 694951, 694954, 694955, 694956, 2666137];True;[];;;;[];;[];originali;();;3108021;B5
3108022;L219;1245;142;;982.0;FABBRICATO;via porta palatina;4;45.0724502;7.6828883;Abitazione;Prima del 1919;Nessuno;Patrimonio indisponibile;Utilizzato direttamente;Altro;;;;15;[694376, 694377, 694378, 694379, 694380, 694381, 694382, 694383, 694384, 694385, 694386, 694387, 694388, 694389, 694390];True;['2019_106613_0005.xml', '2020_212894_0088.xml', '2021_113184_0109.xml'];D;362.37;D;['2019_106613_0005.xml', '2020_212894_0088.xml', '2021_113184_0109.xml'];True;['2019_106613_0005.xml', '2020_212894_0088.xml', '2021_113184_0109.xml'];originali;('2019_106613_0005.xml', '2020_212894_0088.xml', '2021_113184_0109.xml');ape_summary_96aaff092d3a.html;3108022;B5
3108023;L219;1245;143;;901.0;FABBRICATO;via palazzo di citta';11;45.0723039;7.6831473;Abitazione;Prima del 1919;Nessuno;Patrimonio indisponibile;Utilizzato direttamente;Altro;;;;12;[694958, 694959, 694960, 694961, 694962, 694963, 694971, 694972, 694973, 694974, 694975, 694976];True;[];;;;[];False;[];originali;();;3108023;B5
3108024;L219;1245;156;;6769.43;FABBRICATO;via garibaldi giuseppe;1;45.0729577;7.6790912;Locale commerciale, negozio;Prima del 1919;Dichiarazione di interesse culturale;Demanio;Utilizzato direttamente;Attività amministrativa/uffici pubblici;in concessione a titolo oneroso;15027.0;01/12/2012;10;[695206, 695207, 695208, 695209, 695210, 695211, 695213, 695214, 695216, 695217];True;['2019_102341_0006.xml'];D;157.01;D;['2019_102341_0006.xml'];False;['2019_102341_0006.xml'];originali;('2019_102341_0006.xml',);ape_summary_e13a548eca9a.html;3108024;B5
3108025;L219;1245;211;;943.0;FABBRICATO;via stampatori;5;45.0725948;7.6785453;Abitazione;Prima del 1919;Nessuno;Demanio;Utilizzato direttamente;Altro;;;;14;[695574, 695575, 695576, 695577, 695578, 695579, 695580, 695581, 695582, 695583, 695584, 695585, 695586, 695587];True;[];;;;[];True;[];originali;();;3108025;B5
3108026;L219;1245;212;;1408.4;FABBRICATO;Via Giuseppe Barbaroux;27;45.0724207;7.6788637;Abitazione;Prima del 1919;Nessuno;Patrimonio indisponibile;Utilizzato direttamente;Altro;;;;16;[695588, 695589, 695590, 695591, 695592, 695593, 695594, 695595, 695596, 695597, 695598, 695599, 695600, 695601, 695602, 695603];True;[];;;;[];True;[];originali;();;3108026;B5
3108027;L219;1245;255;;2473.0;FABBRICATO;Via Monte di Pietà;23;45.0715462;7.6791253;Abitazione;Prima del 1919;Nessuno;Patrimonio indisponibile;Utilizzato direttamente;Altro;;;;33;[695226, 695227, 695228, 695229, 695230, 695231, 695232, 695233, 695234, 695235, 695236, 695237, 695238, 695239, 695240, 695241, 695242, 695243, 695244, 695245, 695246, 695247, 695248, 695249, 695250, 695251, 695252, 695253, 695254, 695255, 695256, 695257, 695258];True;['2022_113184_0063.xml'];G;170.1;G;['2022_113184_0063.xml'];True;['2022_113184_0063.xml'];originali;('2022_113184_0063.xml',);ape_summary_0c475b2c99da.html;3108027;B5
3108028;L219;1245;277;;89.0;FABBRICATO;via venti settembre;57;45.0701747;7.6823665;Abitazione;Prima del 1919;Nessuno;Patrimonio indisponibile;;Non Dichiarato;in locazione;2796.0;01/05/2022;2;[695259, 695265];True;['2020_206748_0055.xml', '2020_207949_0191.xml', '2021_112725_0001.xml', '2021_214176_0159.xml', '2022_102099_0014.xml', '2022_212629_1836.xml'];G;256.44;F;['2020_206748_0055.xml', '2020_207949_0191.xml', '2021_112725_0001.xml', '2021_214176_0159.xml', '2022_102099_0014.xml', '2022_212629_1836.xml'];True;['2021_112725_0001.xml', '2021_214176_0159.xml', '2022_102099_0014.xml'];originali;('2020_206748_0055.xml', '2020_207949_0191.xml', '2021_112725_0001.xml', '2021_214176_0159.xml', '2022_102099_0014.xml', '2022_212629_1836.xml');ape_summary_d12321b7b81a.html;3108028;B6
3108029;L219;1245;278;;8590.25;FABBRICATO;Via San Tommaso;17;45.0701216;7.6818637;Abitazione;Prima del 1919;Nessuno;Patrimonio indisponibile;Utilizzato direttamente;Alloggio di servizio, foresterie;;;;4;[695291, 695292, 695293, 695294];True;[];;;;[];True;[];originali;();;3108029;B6
3108030;L219;1245;318;;9179.14;FABBRICATO;Largo IV Marzo;19;45.0733014;7.6817315;Ufficio strutturato ed assimilabili;Prima del 1919;Dichiarazione di interesse culturale;Demanio;Utilizzato direttamente;Attività amministrativa/uffici pubblici;;;;2;[695295, 2859483];True;[];;;;[];True;[];originali;();;3108030;B5
3108031;L219;1245;45;;674.0;FABBRICATO;via tasso torquato;7;45.0740513;7.6829511;Abitazione;Prima del 1919;Nessuno;Patrimonio indisponibile;Utilizzato direttamente;Altro;;;;10;[696585, 696586, 696587, 696588, 696589, 696590, 696591, 696592, 696593, 696594];True;['2019_102329_0003.xml'];G;542.94;G;['2019_102329_0003.xml'];True;[];originali;('2019_102329_0003.xml',);ape_summary_526ff4069d40.html;3108031;B5
3108032;L219;1245;452;;10239.14;FABBRICATO;VIA MILANO;2;45.0731829;7.6818183;Magazzino e locali di deposito;Prima del 1919;Dichiarazione di interesse culturale;Demanio;Utilizzato direttamente;Attività amministrativa/uffici pubblici;;;;18;[695295, 2859483, 2859485, 2859486, 2859487, 2859488, 2859489, 2859490, 2859491, 2859492, 2859493, 2859494, 2859495, 2859496, 2859497, 2859498, 2859499, 2859500];True;[];;;;[];True;[];originali;();;3108032;B5
3108033;L219;1245;51;;754.0;FABBRICATO;via porta palatina;13;45.0737333;7.6833263;Abitazione;Prima del 1919;Dichiarazione di interesse culturale;Demanio;Utilizzato direttamente;Altro;;;;11;[696595, 696596, 696597, 696598, 696599, 696600, 696601, 696602, 696603, 696604, 696605];True;['2021_113184_0106.xml'];F;135.53;E;['2021_113184_0106.xml'];True;['2021_113184_0106.xml'];originali;('2021_113184_0106.xml',);ape_summary_6efc13fe590d.html;3108033;B5
3108034;L219;1245;8;;882.0;FABBRICATO;Via Gian Francesco Bellezia;19;45.0749871;7.6810446;Abitazione;Prima del 1919;Dichiarazione di interesse culturale;Patrimonio indisponibile;Utilizzato direttamente;Altro;;;;8;[695661, 695662, 695663, 695664, 695665, 695666, 695667, 695668];True;[];;;;[];;[];originali;();;3108034;B5
3108035;L219;1245;84;;2283.0;FABBRICATO;via palazzo di citta';20;45.0728114;7.6824559;Abitazione;Prima del 1919;Dichiarazione di interesse culturale;Demanio;Utilizzato direttamente;Altro;in concessione a titolo oneroso;2525.0;01/06/2021;19;[695304, 695305, 695306, 695307, 695308, 695309, 695310, 695311, 695312, 695313, 695314, 695315, 695316, 695317, 695318, 695319, 695320, 695321, 695322];True;[];;;;[];False;[];originali;();;3108035;B5
3108036;L219;1245;9;;564.0;FABBRICATO;via s. agostino;20;45.0751043;7.6803697;Abitazione;Prima del 1919;Nessuno;Patrimonio indisponibile;Utilizzato direttamente;Altro;;;;6;[695337, 695338, 695339, 695340, 695341, 695342];True;[];;;;[];False;[];originali;();;3108036;B5
3108037;L219;1245;93;;969.4;FABBRICATO;via porta palatina;6;45.0725961;7.6829981;Abitazione;Prima del 1919;Dichiarazione di interesse culturale;Patrimonio indisponibile;Utilizzato direttamente;Altro;;;;14;[695899, 695900, 695901, 695902, 695903, 695904, 695905, 695906, 695907, 695908, 695909, 695910, 695911, 695913];True;[];;;;[];True;[];originali;();;3108037;B5
3108038;L219;1246;18;;10083.0;FABBRICATO;piazza s. giovanni;5;45.0737427;7.6842383;Locale commerciale, negozio;Dal 1946 al 1960;Nessuno;Patrimonio indisponibile;Utilizzato direttamente;Attività amministrativa/uffici pubblici;in concessione a titolo oneroso;9346.0;01/12/2012;2;[695927, 695928];True;['2022_109289_0005.xml'];A2;83.12;A2;['2022_109289_0005.xml'];True;['2022_109289_0005.xml'];originali;('2022_109289_0005.xml',);ape_summary_ace8010d4192.html;3108038;B5
3108039;L219;1246;68;;3111.0;FABBRICATO;PIAZZA CASTELLO;SNC;45.0709344;7.6859074;Biblioteca, pinacoteca, museo, gallerie;Prima del 1919;Dichiarazione di interesse culturale;Demanio;Utilizzato direttamente;Attività artistica e culturale;;;;2;[695929, 695930];True;[];;;;[];True;[];originali;();;3108039;B6
3108040;L219;1247;127;;3009.25;FABBRICATO;Via Gianfrancesco Fiochetto;29;45.0758634;7.6894159;Abitazione;Dal 1961 al 1970;Nessuno;Patrimonio indisponibile;Utilizzato direttamente;Alloggio di servizio, foresterie;;;;2;[388100, 388102];True;['2021_106141_0050.xml'];E;286.2;D;['2021_106141_0050.xml'];True;['2021_106141_0050.xml'];originali;('2021_106141_0050.xml',);ape_summary_c5509ae05ad6.html;3108040;C18
3108041;L219;1247;195;;125.0;FABBRICATO;Via Giuseppe Genè;14;45.076207;7.6900753;Abitazione;Dal 1961 al 1970;Nessuno;Patrimonio indisponibile;Non utilizzato;Non Dichiarato;;;;2;[2852153, 2852154];True;[];;;;[];True;[];originali;();;3108041;C18
3108042;L219;1248;218;;3156.0;FABBRICATO;Via Montebello;26;45.0699763;7.693655;Abitazione;Dal 1946 al 1960;Nessuno;Patrimonio indisponibile;Utilizzato direttamente;Altro;;;;38;[695353, 695354, 695355, 695356, 695357, 695358, 695359, 695360, 695361, 695362, 695363, 695364, 695365, 695366, 695367, 695368, 695369, 695370, 695371, 695372, 695373, 695374, 695375, 695376, 695377, 695378, 695379, 695380, 695381, 695382, 695383, 695384, 695385, 695386, 695387, 695388, 695389, 695390];True;[];;;;[];True;[];originali;();;3108042;B6
3108043;L219;1248;219;;2582.0;FABBRICATO;corso s. maurizio;16;45.0698708;7.6939641;Abitazione;Dal 1946 al 1960;Nessuno;Patrimonio indisponibile;Utilizzato direttamente;Altro;;;;38;[695935, 695936, 695937, 695938, 695939, 695940, 695941, 695942, 695943, 695944, 695945, 695946, 695947, 695948, 695949, 695950, 695951, 695952, 695953, 695954, 695955, 695956, 695957, 695958, 695959, 695960, 695961, 695962, 695963, 695964, 695965, 695966, 695967, 695968, 695969, 695970, 695971, 695972];True;['2020_113184_0189.xml', '2020_113184_0190.xml', '2020_113184_0191.xml', '2020_113184_0192.xml', '2022_312661_0131.xml', '2022_312661_0132.xml', '2022_312661_0133.xml'];F;227.08;F;['2020_113184_0189.xml', '2020_113184_0190.xml', '2020_113184_0191.xml', '2020_113184_0192.xml', '2022_312661_0131.xml', '2022_312661_0132.xml', '2022_312661_0133.xml'];True;['2022_312661_0131.xml', '2022_312661_0132.xml', '2022_312661_0133.xml'];originali;('2020_113184_0189.xml', '2020_113184_0190.xml', '2020_113184_0191.xml', '2020_113184_0192.xml', '2022_312661_0131.xml', '2022_312661_0132.xml', '2022_312661_0133.xml');ape_summary_b342c7d203fb.html;3108043;B6
3108044;L219;1248;227;;3532.0;FABBRICATO;Corso San Maurizio;18;45.0696003;7.694224;Abitazione;Dal 1946 al 1960;Nessuno;Patrimonio indisponibile;Utilizzato direttamente;Altro;;;;47;[695403, 695404, 695405, 695406, 695407, 695408, 695409, 695410, 695411, 695412, 695413, 695414, 695415, 695416, 695417, 695418, 695419, 695420, 695421, 695422, 695423, 695424, 695425, 695426, 695427, 695428, 695429, 695430, 695431, 695432, 695433, 695434, 695435, 695436, 695437, 695438, 695439, 695440, 695441, 695442, 695443, 695444, 695445, 695446, 695447, 695448, 695449];True;[];;;;[];True;[];originali;();;3108044;B6
3108045;L219;1248;228;;848.0;FABBRICATO;Via Gaudenzio Ferrari;7;45.0692742;7.6937646;Abitazione;Prima del 1919;Nessuno;Patrimonio indisponibile;Utilizzato direttamente;Altro;;;;8;[696015, 696016, 696017, 696018, 696019, 696020, 696021, 696022];True;[];;;;[];True;[];originali;();;3108045;B6
3108046;L219;1249;21;;7000.25;FABBRICATO;corso regio parco;19;45.077339;7.6945026;Abitazione;Prima del 1919;Dichiarazione di interesse culturale;Demanio;Utilizzato direttamente;Alloggio di servizio, foresterie;;;;2;[696057, 696058];True;[];;;;[];True;[];originali;();;3108046;C18
3108047;L219;1249;22;;544.5;FABBRICATO;via modena;35;45.0777421;7.6952439;Abitazione;Dal 1961 al 1970;Nessuno;Patrimonio indisponibile;Utilizzato direttamente;Alloggio di servizio, foresterie;;;;2;[696061, 696062];True;[];;;;[];True;[];originali;();;3108047;C18
3108048;L219;1249;346;;154.0;FABBRICATO;via parma;51;45.0763781;7.6951746;Abitazione;Dal 1991 al 2000;Nessuno;Patrimonio indisponibile;Utilizzato direttamente;Altro;;;;2;[695495, 695496];True;['2020_200542_0093.xml'];E;123.38;D;['2020_200542_0093.xml'];True;[];originali;('2020_200542_0093.xml',);ape_summary_66fb1ce45948.html;3108048;C18
3108049;L219;1249;80;;3909.25;FABBRICATO;via parma;50;45.0761472;7.6948782;Abitazione;Prima del 1919;Nessuno;Patrimonio indisponibile;Utilizzato direttamente;Alloggio di servizio, foresterie;;;;2;[695498, 695499];True;['2021_210200_0081.xml'];F;188.35;E;['2021_210200_0081.xml'];True;[];originali;('2021_210200_0081.xml',);ape_summary_b802e9dcdced.html;3108049;C18
3108050;L219;1250;124;;923.1400000000001;FABBRICATO;Via Manin Daniele;1;45.0716153;7.7031609;Ufficio strutturato ed assimilabili;Dal 1919 al 1945;Nessuno;Patrimonio indisponibile;Non utilizzato;Non Dichiarato;;;;2;[695500, 695501];True;[];;;;[];True;[];originali;();;3108050;C18
3108051;L219;1250;206;;182.0;FABBRICATO;Corso Carlo Luigi Farini;20;45.0718908;7.7029915;Magazzino e locali di deposito;Dal 1919 al 1945;Nessuno;Patrimonio indisponibile;Non utilizzato;Non Dichiarato;;;;2;[695505, 695506];True;[];;;;[];True;[];originali;();;3108051;C18
3108052;L219;1251;100;;9957.25;FABBRICATO;Via Ricasoli Bettino;30;45.0722427;7.7058911;Abitazione;Prima del 1919;Dichiarazione di interesse culturale;Demanio;Utilizzato direttamente;Alloggio di servizio, foresterie;;;;4;[695518, 695519, 695520, 695521];True;[];;;;[];True;[];originali;();;3108052;C18
3108053;L219;1251;294;;963.5;FABBRICATO;Piazza Antonio Fontanesi;6;45.0736074;7.7103231;Abitazione;Dal 1961 al 1970;Nessuno;Patrimonio indisponibile;Utilizzato direttamente;Alloggio di servizio, foresterie;;;;2;[695522, 695523];True;[];;;;[];True;[];originali;();;3108053;C20
3108054;L219;1251;389;;182.0;FABBRICATO;Corso Belgio;38;45.07213;7.7100065;Locale commerciale, negozio;Prima del 1919;Nessuno;Patrimonio indisponibile;Utilizzato direttamente;Altro;;;;3;[695545, 695546, 695547];True;['2022_101323_0002.xml', '2022_208821_0045.xml'];E;143.16;B;['2022_101323_0002.xml', '2022_208821_0045.xml'];True;[];originali;('2022_101323_0002.xml', '2022_208821_0045.xml');ape_summary_9a3cb52be0df.html;3108054;C20
3108055;L219;1251;541;;1883.1999999999998;FABBRICATO;via mongrando;32;45.0732895;7.7082411;Abitazione;Prima del 1919;Nessuno;Patrimonio indisponibile;Utilizzato direttamente;Altro;;;;17;[696066, 696067, 696068, 696069, 696070, 696071, 696072, 696073, 696074, 696075, 696076, 696077, 696078, 696079, 696080, 696081, 696084];True;[];;;;[];True;[];originali;();;3108055;C20
3108056;L219;1252;121;;254.0;FABBRICATO;Lungo Dora Pietro Colletta;39;45.0765043;7.7091425;Abitazione;Dal 1946 al 1960;Nessuno;Patrimonio indisponibile;Utilizzato direttamente;Alloggio di servizio, foresterie;;;;2;[696136, 696137];True;[];;;;[];True;[];originali;();;3108056;D21
3108057;L219;1253;29;;963.0;FABBRICATO;Corso Belgio;105;45.0740686;7.7177593;Abitazione;Dal 1946 al 1960;Nessuno;Patrimonio indisponibile;Utilizzato direttamente;Altro;;;;14;[696155, 696156, 696157, 696158, 696159, 696160, 696161, 696162, 696163, 696164, 696165, 696166, 696167, 696168];True;['2019_107485_0022.xml', '2019_107973_0039.xml', '2020_202078_0039.xml', '2020_211941_0003.xml', '2021_200542_0074.xml', '2022_111814_0003.xml'];G;279.77;G;['2019_107485_0022.xml', '2019_107973_0039.xml', '2020_202078_0039.xml', '2020_211941_0003.xml', '2021_200542_0074.xml', '2022_111814_0003.xml'];True;['2019_107485_0022.xml', '2019_107973_0039.xml', '2022_111814_0003.xml'];originali;('2019_107485_0022.xml', '2019_107973_0039.xml', '2020_202078_0039.xml', '2020_211941_0003.xml', '2021_200542_0074.xml', '2022_111814_0003.xml');ape_summary_6f1540546091.html;3108057;C20
3108058;L219;1254;14;;4042.25;FABBRICATO;corso cadore;20 8;45.075537;7.7217491;Abitazione;Dal 1971 al 1980;Nessuno;Patrimonio indisponibile;Utilizzato direttamente;Alloggio di servizio, foresterie;;;;2;[696241, 696242];True;[];;;;[];True;[];originali;();;3108058;C20
3108059;L219;1254;275;;4584.0;FABBRICATO;via vezzolano;20;45.0720022;7.7214168;Abitazione;Dal 1961 al 1970;Nessuno;Patrimonio indisponibile;Utilizzato direttamente;Alloggio di servizio, foresterie;;;;2;[696249, 696250];True;[];;;;[];True;[];originali;();;3108059;C20
3108060;L219;1254;486;;2929.25;FABBRICATO;Via Grazia Deledda;11;45.0752028;7.7206355;Edificio scolastico (es.: scuola di ogni ordine e grado, università, scuola di formazione);Dal 1971 al 1980;Nessuno;Patrimonio indisponibile;Utilizzato direttamente;Attività didattica;;;;3;[696682, 696683, 696684];True;[];;;;[];;[];originali;();;3108060;C20
3108061;L219;1255;27;;4943.0;FABBRICATO;Via Asigliano Vercellese;10;45.0762977;7.7245967;Abitazione;Dal 1961 al 1970;Nessuno;Patrimonio indisponibile;Utilizzato direttamente;Alloggio di servizio, foresterie;;;;2;[696689, 696690];True;[];;;;[];True;[];originali;();;3108061;C20
3108062;L219;1257;134;;1249.0;FABBRICATO;via garelli federico;3;45.071515;7.7269415;Abitazione;Prima del 1919;Nessuno;Patrimonio indisponibile;Utilizzato direttamente;Altro;;;;16;[13478, 696259, 696260, 696261, 696262, 696263, 696264, 696265, 696266, 696267, 696268, 696269, 696270, 696271, 696272, 696273];True;[];;;;[];True;[];originali;();;3108062;C11
3108063;L219;1275;13;;1590.0;FABBRICATO;Corso Casale;85;45.0678682;7.7108886;Abitazione;Prima del 1919;Nessuno;Patrimonio indisponibile;Utilizzato direttamente;Altro;;;;13;[696695, 696696, 696697, 696698, 696699, 696700, 696701, 696702, 696703, 696704, 696705, 696706, 696707];True;[];;;;[];True;[];originali;();;3108063;C11
3108064;L219;1275;308;;1032.25;FABBRICATO;via montemagno;59;45.0674335;7.7169992;Edificio scolastico (es.: scuola di ogni ordine e grado, università, scuola di formazione);Prima del 1919;Nessuno;Patrimonio indisponibile;Utilizzato direttamente;Attività didattica;;;;2;[696713, 696714];True;[];;;;[];True;[];originali;();;3108064;C11
3108065;L219;1275;422;;6168.5;FABBRICATO;via gassino;13;45.066545;7.7171542;Abitazione;Prima del 1919;Dichiarazione di interesse culturale;Demanio;Utilizzato direttamente;Alloggio di servizio, foresterie;;;;3;[696715, 696716, 696717];True;[];;;;[];True;[];originali;();;3108065;C11
3108066;L219;1275;539;;6013.5;FABBRICATO;Via Bardassano;5;45.067156;7.7120078;Edificio scolastico (es.: scuola di ogni ordine e grado, università, scuola di formazione);Dal 1971 al 1980;Nessuno;Patrimonio indisponibile;Utilizzato direttamente;Attività didattica;;;;3;[696718, 696719, 696720];True;[];;;;[];True;[];originali;();;3108066;C11
3108067;L219;1276;309;;1253.25;FABBRICATO;via varallo;33;45.0713321;7.7128461;Abitazione;Dal 1971 al 1980;Nessuno;Patrimonio indisponibile;Utilizzato direttamente;Alloggio di servizio, foresterie;;;;2;[14085, 696726];True;[];;;;[];True;[];originali;();;3108067;C20
3108068;L219;1276;315;;4620.5;FABBRICATO;via ricasoli bettino;15;45.0703463;7.7059641;Abitazione;Dal 1971 al 1980;Nessuno;Patrimonio indisponibile;Utilizzato direttamente;Alloggio di servizio, foresterie;;;;2;[696727, 696728];True;[];;;;[];True;[];originali;();;3108068;C18
3108069;L219;1277;71;;1708.0;FABBRICATO;via vanchiglia;38;45.069895;7.7014456;Abitazione;Prima del 1919;Nessuno;Patrimonio indisponibile;Utilizzato direttamente;Altro;;;;21;[696733, 696734, 696735, 696736, 696737, 696738, 696739, 696740, 696741, 696742, 696743, 696744, 696745, 696746, 696747, 696748, 696749, 696750, 696751, 696752, 696753];True;[];;;;[];;[];originali;();;3108069;C18
3108070;L219;1278;17;;5890.75;FABBRICATO;Via Michele Buniva;17;45.070521;7.6986599;Abitazione;Dal 1919 al 1945;Dichiarazione di interesse culturale;Demanio;Utilizzato direttamente;Alloggio di servizio, foresterie;;;;4;[696948, 696949, 696950, 696951];True;[];;;;[];True;[];originali;();;3108070;C18
3108071;L219;1278;309;;336.0;FABBRICATO;Murazzi del Po Gipo Farassino;10;45.065446;7.6987344;Magazzino e locali di deposito;Prima del 1919;Dichiarazione di interesse culturale;Demanio;Utilizzato direttamente;Attività commerciale e di ristorazione;;;;3;[696953, 696955, 696956];True;[];;;;[];False;[];originali;();;3108071;C18
3108072;L219;1279;163;;1734.2;FABBRICATO;Via Giulia di Barolo;6;45.0664562;7.6958334;Abitazione;Dal 1971 al 1980;Nessuno;Patrimonio disponibile;Utilizzato direttamente;Servizi ordine pubblico, sicurezza nazionale e militare;;;;3;[696957, 696958, 696959];True;[];;;;[];;[];originali;();;3108072;B7
3108073;L219;1279;170;;6114.79;FABBRICATO;via vanchiglia;3;45.0666005;7.6963094;Abitazione;Prima del 1919;Dichiarazione di interesse culturale;Demanio;Utilizzato direttamente;Altro;in concessione a titolo oneroso;1779.0;01/04/2017;16;[15000, 696961, 696962, 696963, 696964, 696965, 696966, 696967, 696968, 696969, 696970, 696971, 696972, 696973, 696974, 696975];True;[];;;;[];;[];originali;();;3108073;B7
3108074;L219;1279;207;;229.0;FABBRICATO;Murazzi del Po Gipo Farassino;22;45.0652143;7.6982979;Magazzino e locali di deposito;Prima del 1919;Dichiarazione di interesse culturale;Demanio;Utilizzato direttamente;Attività commerciale e di ristorazione;;;;3;[696978, 696979, 696980];True;[];;;;[];False;[];originali;();;3108074;B7
3108075;L219;1280;19;;9627.5;FABBRICATO;Via Sant'Ottavio;7;45.0677133;7.6931356;Abitazione;Dal 1919 al 1945;Dichiarazione di interesse culturale;Demanio;Utilizzato direttamente;Alloggio di servizio, foresterie;;;;5;[24376, 388314, 388315, 388316, 388317];True;[];;;;[];;[];originali;();;3108075;B2
3108076;L219;1280;24;;159.0;FABBRICATO;via po;2;45.0697803;7.6872855;Abitazione;Prima del 1919;Nessuno;Patrimonio indisponibile;Utilizzato direttamente;Altro;;;;2;[69712, 69714];True;['2018_212336_0038.xml', '2019_204454_0125.xml', '2019_206463_0249.xml', '2020_110134_0024.xml', '2021_103021_0012.xml', '2021_110134_0024.xml', '2021_208165_0002.xml', '2021_212533_0214.xml', '2021_214176_0187.xml', '2022_111859_0032.xml'];B;37.54;A1;['2018_212336_0038.xml', '2019_204454_0125.xml', '2019_206463_0249.xml', '2020_110134_0024.xml', '2021_103021_0012.xml', '2021_110134_0024.xml', '2021_208165_0002.xml', '2021_212533_0214.xml', '2021_214176_0187.xml', '2022_111859_0032.xml'];True;['2020_110134_0024.xml', '2021_103021_0012.xml', '2021_110134_0024.xml', '2021_214176_0187.xml', '2022_111859_0032.xml'];originali;('2018_212336_0038.xml', '2019_204454_0125.xml', '2019_206463_0249.xml', '2020_110134_0024.xml', '2021_103021_0012.xml', '2021_110134_0024.xml', '2021_208165_0002.xml', '2021_212533_0214.xml', '2021_214176_0187.xml', '2022_111859_0032.xml');ape_summary_db00a60e16b0.html;3108076;B2
3108077;L219;1280;85;;710.0;FABBRICATO;via po;18;45.0681388;7.6897004;Locale commerciale, negozio;Prima del 1919;Dichiarazione di interesse culturale;Patrimonio disponibile;Utilizzato direttamente;Attività commerciale e di ristorazione;;;;6;[43206, 43207, 43208, 43211, 43212, 2857467];True;[];;;;[];True;[];originali;();;3108077;B2
3108078;L219;1281;140;;1191.0;FABBRICATO;PIAZZALE FUSI VALDO;SNC;45.0646244;7.686777;Locale commerciale, negozio;Dal 2001 al 2010;Nessuno;Patrimonio indisponibile;Utilizzato direttamente;Attività commerciale e di ristorazione;in concessione a titolo oneroso;8970.0;01/06/2007;5;[12478, 44210, 44211, 44226, 44227];True;[];;;;[];;[];originali;();;3108078;B2
3108079;L219;1281;145;;5849.0;FABBRICATO;Via San Massimo;31;45.0640769;7.6893523;Abitazione;Prima del 1919;Nessuno;Patrimonio indisponibile;Utilizzato direttamente;Altro;in concessione a titolo oneroso;2606.0;01/06/2022;91;[696465, 696466, 696467, 696468, 696469, 696470, 696471, 696472, 696473, 696474, 696475, 696476, 696477, 696478, 696479, 696480, 696481, 696482, 696483, 696484, 696485, 696486, 696487, 696488, 696489, 696490, 696491, 696492, 696493, 696494, 696495, 696496, 696497, 696498, 696499, 696500, 696501, 696502, 696503, 696504, 696505, 696506, 696507, 696508, 696509, 696510, 696511, 696512, 696513, 696514, 696515, 696516, 696517, 696518, 696519, 696520, 696521, 696522, 696523, 696524, 696525, 696526, 696527, 696528, 696529, 696530, 696531, 696532, 696533, 696534, 696535, 696536, 696537, 696538, 696539, 696540, 696541, 696542, 696543, 696544, 696545, 696546, 696547, 696548, 696549, 696550, 696551, 696552, 696553, 696554, 696555];True;[];;;;[];True;[];originali;();;3108079;B7
3108080;L219;1281;149;;7102.0;FABBRICATO;Via Cavour;12;45.0639128;7.6901187;Abitazione;Prima del 1919;Dichiarazione di interesse culturale;Demanio;Utilizzato direttamente;Alloggio di servizio, foresterie;;;;19;[10768, 696984, 696985, 696986, 696987, 696988, 696989, 696990, 696991, 696992, 696993, 696994, 696995, 696996, 696997, 696999, 697000, 697001, 697002];True;[];;;;[];False;[];originali;();;3108080;B7
3108081;L219;1281;D;;288.0;FABBRICATO;Via Cavour;12;45.0638876;7.6901187;Ufficio strutturato ed assimilabili;Prima del 1919;Dichiarazione di interesse culturale;Demanio;Utilizzato direttamente;Attività amministrativa/uffici pubblici;;;;2;[10768, 696464];True;[];;;;[];False;[];originali;();;3108081;B7
3108082;L219;1282;171;;147.0;FABBRICATO;Via Bruno Buozzi;22;45.0666084;7.681704;Magazzino e locali di deposito;Dal 1919 al 1945;Nessuno;Patrimonio indisponibile;Utilizzato direttamente;Altro;;;;2;[697177, 697385];True;[];;;;[];False;[];originali;();;3108082;B1
3108083;L219;1282;7;;187.0;FABBRICATO;Via Roma;101;45.0687297;7.6835742;Magazzino e locali di deposito;Dal 1919 al 1945;Nessuno;Patrimonio indisponibile;Non utilizzato;Non Dichiarato;;;;2;[5061, 697383];True;['2019_206052_0211.xml', '2019_213762_0002.xml', '2020_100600_0015.xml', '2021_101682_0003.xml', '2022_107973_0516.xml'];B;56.22;A1;['2019_206052_0211.xml', '2019_213762_0002.xml', '2020_100600_0015.xml', '2021_101682_0003.xml', '2022_107973_0516.xml'];True;['2022_107973_0516.xml'];originali;('2019_206052_0211.xml', '2019_213762_0002.xml', '2020_100600_0015.xml', '2021_101682_0003.xml', '2022_107973_0516.xml');ape_summary_c2e4cfeae493.html;3108083;B1
3108084;L219;1283;17;;4448.25;FABBRICATO;Corso Giacomo Matteotti;6;45.0658338;7.6771151;Abitazione;Prima del 1919;Nessuno;Patrimonio indisponibile;Utilizzato direttamente;Alloggio di servizio, foresterie;;;;2;[697386, 697387];True;[];;;;[];True;[];originali;();;3108084;B2
3108085;L219;1283;178;;452.0;FABBRICATO;via massena andrea;11;45.06252;7.6740903;Locale commerciale, negozio;Dal 1919 al 1945;Nessuno;Patrimonio disponibile;Utilizzato direttamente;Attività commerciale e di ristorazione;in locazione;5596.0;01/07/2011;7;[697388, 697389, 697390, 697391, 697392, 697394, 697395];True;['2019_106882_0018.xml', '2020_212533_0078.xml', '2020_212533_0079.xml'];D;126.42;C;['2019_106882_0018.xml', '2020_212533_0078.xml', '2020_212533_0079.xml'];True;['2020_212533_0078.xml', '2020_212533_0079.xml'];originali;('2019_106882_0018.xml', '2020_212533_0078.xml', '2020_212533_0079.xml');ape_summary_33247a36306c.html;3108085;C3
3108086;L219;1283;26;;2837.5;FABBRICATO;corso matteotti giacomo;9;45.0654997;7.676708;Abitazione;Prima del 1919;Dichiarazione di interesse culturale;Demanio;Utilizzato direttamente;Alloggio di servizio, foresterie;;;;2;[697397, 697398];True;[];;;;[];True;[];originali;();;3108086;B2
3108087;L219;1284;137;;3097.0;FABBRICATO;via magenta;31;45.0648789;7.6695571;Abitazione;Dal 1946 al 1960;Dichiarazione di interesse culturale;Demanio;Utilizzato direttamente;Alloggio di servizio, foresterie;;;;2;[697399, 697400];True;[];;;;[];True;[];originali;();;3108087;B9
3108088;L219;1288;310;;11449.5;FABBRICATO;Via Paolo Braccini;70;45.0610521;7.6477574;Abitazione;Prima del 1919;Dichiarazione di interesse culturale;Demanio;Utilizzato direttamente;Alloggio di servizio, foresterie;;;;3;[388181, 388182, 388183];True;[];;;;[];True;[];originali;();;3108088;C24
3108089;L219;1288;455;;7700.71;FABBRICATO;Corso Francesco Ferrucci;122;45.0599797;7.6556188;Abitazione;Dal 1981 al 1990;Nessuno;Patrimonio indisponibile;Utilizzato direttamente;Attività amministrativa/uffici pubblici;;;;2;[697401, 697402];True;[];;;;[];True;[];originali;();;3108089;C6
3108090;L219;1288;548;;188.0;FABBRICATO;Via Osasco;19;45.0613907;7.6531295;Impianto sportivo;Dal 1991 al 2000;Nessuno;Patrimonio indisponibile;Utilizzato direttamente;Attività sportiva, ricreativa e di intrattenimento;;;;2;[2857132, 2857133];True;[];;;;[];True;[];originali;();;3108090;C6
3108091;L219;1289;56;;12130.000000000002;FABBRICATO;Via Cumiana;15;45.0658762;7.6443978;Ufficio strutturato ed assimilabili;Dal 1919 al 1945;Dichiarazione di interesse culturale;Demanio;Utilizzato direttamente;Attività amministrativa/uffici pubblici;in concessione a titolo oneroso;63331.0;01/01/2022;7;[697406, 697407, 697408, 697409, 697412, 697413, 2785314];True;[];;;;[];False;[];originali;();;3108091;C24
3108092;L219;1291;47;;194.0;FABBRICATO;Viale Luigi Hugues;10;45.0608616;7.6332554;Abitazione;Dal 1946 al 1960;Nessuno;Patrimonio indisponibile;Utilizzato direttamente;Alloggio di servizio, foresterie;;;;2;[697417, 697418];True;[];;;;[];;[];originali;();;3108092;D26
3108093;L219;1292;19;;4094.5;FABBRICATO;Corso Luigi Maria d'Albertis;22;45.0612113;7.6302753;Edificio scolastico (es.: scuola di ogni ordine e grado, università, scuola di formazione);Dal 1961 al 1970;Nessuno;Patrimonio indisponibile;Utilizzato direttamente;Attività didattica;;;;5;[697423, 697424, 697425, 697426, 697427];True;[];;;;[];;[];originali;();;3108093;D26
3108094;L219;1293;432;;4652.0;FABBRICATO;via lancia vincenzo;140;45.0634164;7.6285427;Abitazione;Dal 1981 al 1990;Nessuno;Patrimonio indisponibile;Utilizzato direttamente;Alloggio di servizio, foresterie;;;;2;[697428, 697429];True;[];;;;[];;[];originali;();;3108094;D26
3108095;L219;1294;113;;80.0;FABBRICATO;via ozieri;11;45.0638379;7.6194546;Abitazione;Dal 1991 al 2000;Nessuno;Patrimonio indisponibile;Utilizzato direttamente;Alloggio di servizio, foresterie;;;;2;[697432, 697433];True;[];;;;[];True;[];originali;();;3108095;D25
3108096;L219;1294;145;;4220.0;FABBRICATO;Via Brissogne;32;45.0633183;7.6181797;Edificio scolastico (es.: scuola di ogni ordine e grado, università, scuola di formazione);Dal 1981 al 1990;Nessuno;Patrimonio indisponibile;Utilizzato direttamente;Attività didattica;;;;2;[698148, 698149];True;[];;;;[];True;[];originali;();;3108096;D25
3108097;L219;1294;163;;1366.5;FABBRICATO;Via Brissogne;39;45.0628534;7.6184949;Abitazione;Dal 1971 al 1980;Nessuno;Patrimonio indisponibile;Utilizzato direttamente;Alloggio di servizio, foresterie;;;;2;[698225, 698226];True;[];;;;[];True;[];originali;();;3108097;D25
3108098;L219;1296;205;;5794.25;FABBRICATO;via tolmino;40;45.0571839;7.6439982;Abitazione;Dal 1971 al 1980;Nessuno;Patrimonio indisponibile;Utilizzato direttamente;Alloggio di servizio, foresterie;;;;2;[697863, 697864];True;['2021_106141_0040.xml'];D;287.58;D;['2021_106141_0040.xml'];True;['2021_106141_0040.xml'];originali;('2021_106141_0040.xml',);ape_summary_a0e1e6a35e69.html;3108098;C24
3108099;L219;1296;333;;1381.0;FABBRICATO;Via Tolmino;30;45.057764;7.6444953;Abitazione;Dal 1971 al 1980;Nessuno;Patrimonio indisponibile;Utilizzato direttamente;Alloggio di servizio, foresterie;;;;2;[697865, 697866];True;[];;;;[];True;[];originali;();;3108099;C24
3108100;L219;1297;470;;4982.0;FABBRICATO;Via Lussimpiccolo;30;45.0562325;7.6455471;Abitazione;Dal 1971 al 1980;Nessuno;Patrimonio indisponibile;Utilizzato direttamente;Alloggio di servizio, foresterie;;;;2;[698251, 698252];True;[];;;;[];True;[];originali;();;3108100;C24
3108101;L219;1297;471;;3557.75;FABBRICATO;via millio francesco;42;45.0593567;7.648756;Abitazione;Dal 1961 al 1970;Nessuno;Patrimonio indisponibile;Non utilizzato;Non Dichiarato;;;;2;[698253, 698254];True;[];;;;[];True;[];originali;();;3108101;C24
3108102;L219;1297;59;;5410.5;FABBRICATO;Via Paolo Braccini;63;45.0599118;7.6488737;Edificio scolastico (es.: scuola di ogni ordine e grado, università, scuola di formazione);Dal 1971 al 1980;Nessuno;Patrimonio indisponibile;Utilizzato direttamente;Attività didattica;;;;3;[698256, 698257, 698258];True;['2021_106141_0046.xml'];D;327.39;C;['2021_106141_0046.xml'];True;['2021_106141_0046.xml'];originali;('2021_106141_0046.xml',);ape_summary_016ef76e459f.html;3108102;C24
3108103;L219;1298;281;;5888.0;FABBRICATO;corso lione;46;45.0574727;7.6539157;Abitazione;Dal 1981 al 1990;Nessuno;Patrimonio indisponibile;Utilizzato direttamente;Altro;;;;69;[698259, 698260, 698261, 698262, 698263, 698264, 698289, 698300, 698311, 698322, 698329, 698350, 698360, 698361, 698362, 698363, 698372, 698373, 698374, 698375, 698376, 698377, 698379, 698380, 698381, 698382, 698383, 698384, 698385, 698386, 698387, 698388, 698389, 698390, 698391, 698392, 698393, 698394, 698395, 698396, 698397, 698398, 698399, 698400, 698401, 698402, 698403, 698404, 698405, 698406, 698407, 698408, 698409, 698410, 698411, 698412, 698413, 698414, 698415, 698416, 698417, 698418, 698419, 698420, 698421, 698422, 698423, 698424, 698425];True;['2021_106141_0028.xml', '2021_213914_0108.xml', '2022_107973_0009.xml', '2022_202185_0114.xml', '2022_210633_0029.xml'];E;115.76;D;['2021_106141_0028.xml', '2021_213914_0108.xml', '2022_107973_0009.xml', '2022_202185_0114.xml', '2022_210633_0029.xml'];True;['2021_106141_0028.xml', '2022_107973_0009.xml'];originali;('2021_106141_0028.xml', '2021_213914_0108.xml', '2022_107973_0009.xml', '2022_202185_0114.xml', '2022_210633_0029.xml');ape_summary_3f82e8b85526.html;3108103;C24
3108104;L219;1298;72;;543.0;FABBRICATO;via rio de janeiro;17;45.05859052;7.65111804;Abitazione;Dal 1946 al 1960;Nessuno;Patrimonio indisponibile;Utilizzato direttamente;Attività amministrativa/uffici pubblici;;;;2;[697977, 697979];True;[];;;;[];True;[];originali;();;3108104;C24
3108105;L219;1298;76;;1942.3400000000001;FABBRICATO;via millio francesco;20;45.0581401;7.6523283;Struttura residenziale collettiva (es.: collegi e convitti, educandati, ricoveri, orfanotrofi, ospizi, conventi, seminari);Prima del 1919;Nessuno;Patrimonio indisponibile;Utilizzato direttamente;Attività artistica e culturale;;;;2;[697980, 697981];True;['2019_210180_0008.xml', '2020_205962_0005.xml'];D;75.23;D;['2019_210180_0008.xml', '2020_205962_0005.xml'];True;['2019_210180_0008.xml'];originali;('2019_210180_0008.xml', '2020_205962_0005.xml');ape_summary_e486cc239852.html;3108105;C24
3108106;L219;1300;137;;799.29;FABBRICATO;Via Dego;13;45.0594272;7.6583945;Abitazione;Prima del 1919;Dichiarazione di interesse culturale;Demanio;Utilizzato direttamente;Attività amministrativa/uffici pubblici;;;;2;[698428, 698430];True;[];;;;[];True;[];originali;();;3108106;C5
3108107;L219;1300;170;;2293.0;FABBRICATO;Corso Duca degli Abruzzi;52;45.0586544;7.6595314;Abitazione;Prima del 1919;Dichiarazione di interesse culturale;Demanio;Utilizzato direttamente;Alloggio di servizio, foresterie;;;;4;[698435, 698436, 698437, 698438];True;['2021_106141_0044.xml'];E;311.91;D;['2021_106141_0044.xml'];True;['2021_106141_0044.xml'];originali;('2021_106141_0044.xml',);ape_summary_f6ed6a5561c7.html;3108107;C5
3108108;L219;1301;135;;186.0;FABBRICATO;Via Valeggio;23;45.0589645;7.6687327;Abitazione;Dal 1919 al 1945;Nessuno;Patrimonio disponibile;Utilizzato direttamente;Altro;in locazione;3642.0;01/02/2022;2;[698446, 2854663];True;['2019_102203_0057.xml', '2021_102099_0079.xml', '2021_200149_0018.xml', '2021_212489_0028.xml', '2022_214663_0084.xml'];F;164.41;E;['2019_102203_0057.xml', '2021_102099_0079.xml', '2021_200149_0018.xml', '2021_212489_0028.xml', '2022_214663_0084.xml'];True;['2019_102203_0057.xml', '2021_102099_0079.xml', '2021_200149_0018.xml', '2022_214663_0084.xml'];originali;('2019_102203_0057.xml', '2021_102099_0079.xml', '2021_200149_0018.xml', '2021_212489_0028.xml', '2022_214663_0084.xml');ape_summary_7b68c3b8b0b5.html;3108108;C4
3108109;L219;1301;349;;9445.25;FABBRICATO;Via Cristoforo Colombo;36;45.05831817;7.66058969;Abitazione;Prima del 1919;Dichiarazione di interesse culturale;Demanio;Utilizzato direttamente;Alloggio di servizio, foresterie;;;;2;[3898, 698447];True;['2021_106141_0041.xml'];D;276.56;C;['2021_106141_0041.xml'];True;['2021_106141_0041.xml'];originali;('2021_106141_0041.xml',);ape_summary_f259d2f40a8a.html;3108109;C5
3108110;L219;1302;15;;758.0;FABBRICATO;via massena andrea;28;45.0613276;7.6727091;Abitazione;Prima del 1919;Nessuno;Patrimonio indisponibile;Utilizzato direttamente;Altro;;;;11;[698449, 698450, 698451, 698452, 698453, 698454, 698455, 698456, 698457, 698458, 698459];True;['2021_208423_0092.xml', '2021_214176_0191.xml'];F;440.59;D;['2021_208423_0092.xml', '2021_214176_0191.xml'];True;['2021_214176_0191.xml'];originali;('2021_208423_0092.xml', '2021_214176_0191.xml');ape_summary_3be46e696054.html;3108110;C4
3108111;L219;1302;305;;429.0;FABBRICATO;via s. secondo;43;45.0569757;7.6723545;Abitazione;Prima del 1919;Nessuno;Patrimonio indisponibile;Utilizzato direttamente;Attività giudiziaria;;;;2;[54202, 54203];True;[];;;;[];True;[];originali;();;3108111;C3
3108112;L219;1302;417;;3829.25;FABBRICATO;via massena andrea;39;45.059343;7.6720979;Abitazione;Prima del 1919;Dichiarazione di interesse culturale;Demanio;Utilizzato direttamente;Alloggio di servizio, foresterie;;;;2;[697997, 697998];True;[];;;;[];True;[];originali;();;3108112;C3
3108113;L219;1302;94;;1298.0;FABBRICATO;via gioberti vincenzo;33;45.0598129;7.6733561;Abitazione;Dal 1971 al 1980;Nessuno;Patrimonio indisponibile;Utilizzato direttamente;Alloggio di servizio, foresterie;;;;2;[698003, 698004];True;[];;;;[];True;[];originali;();;3108113;C3
3108114;L219;1304;121;;2220.14;FABBRICATO;via saluzzo;24;45.0592608;7.6788749;Abitazione;Prima del 1919;Nessuno;Patrimonio indisponibile;Utilizzato direttamente;Attività amministrativa/uffici pubblici;;;;2;[698005, 698006];True;[];;;;[];True;[];originali;();;3108114;B8
3108115;L219;1304;71;;2982.0;FABBRICATO;via nizza;17;45.0601276;7.6788011;Abitazione;Prima del 1919;Nessuno;Patrimonio indisponibile;Utilizzato direttamente;Altro;;;;51;[698461, 698462, 698463, 698464, 698465, 698466, 698467, 698468, 698469, 698470, 698471, 698472, 698473, 698474, 698475, 698476, 698477, 698478, 698479, 698480, 698481, 698482, 698483, 698484, 698485, 698486, 698487, 698488, 698489, 698490, 698491, 698492, 698493, 698494, 698495, 698496, 698497, 698498, 698499, 698500, 698501, 698502, 698503, 698504, 698505, 698506, 698507, 698508, 698509, 698510, 698511];True;['2020_207949_0186.xml'];D;89.93;B;['2020_207949_0186.xml'];True;[];originali;('2020_207949_0186.xml',);ape_summary_1fd98b0f57a3.html;3108115;B8
3108116;L219;1305;333;;2727.26;FABBRICATO;Via Cesare Lombroso;16;45.056018;7.6825795;Biblioteca, pinacoteca, museo, gallerie;Prima del 1919;Nessuno;Patrimonio indisponibile;Utilizzato direttamente;Altro;;;;2;[698016, 698017];True;[];;;;[];True;[];originali;();;3108116;C2
3108117;L219;1305;92;;78.0;FABBRICATO;VIA MADAMA CRISTINA;SNC;45.0586766;7.6837353;Locale commerciale, negozio;Dal 2001 al 2010;Nessuno;Demanio;Utilizzato direttamente;Attività commerciale e di ristorazione;;;;2;[698021, 698022];True;[];;;;[];False;[];originali;();;3108117;B8
3108118;L219;1306;192;;3128.83;FABBRICATO;via mazzini giuseppe;44;45.0609741;7.6882336;Abitazione;Prima del 1919;Nessuno;Patrimonio indisponibile;Utilizzato direttamente;Altro;in concessione a titolo oneroso;1406.0;14/02/2020;36;[698597, 698598, 698599, 698600, 698601, 698602, 698603, 698604, 698605, 698606, 698607, 698608, 698609, 698610, 698611, 698612, 698613, 698614, 698615, 698616, 698617, 698622, 698623, 698624, 698625, 698626, 698627, 698628, 698630, 698631, 698632, 698633, 698634, 698635, 2786156, 2786157];True;['2020_106928_0037.xml'];B;98.97;A1;['2020_106928_0037.xml'];True;['2020_106928_0037.xml'];originali;('2020_106928_0037.xml',);ape_summary_7240bff01e57.html;3108118;B2
3108119;L219;1306;299;;879.0;FABBRICATO;Via dei Mille;28;45.0618301;7.6877992;Abitazione;Prima del 1919;Dichiarazione di interesse culturale;Demanio;Utilizzato direttamente;Attività di culto o assimilabili;;;;3;[698638, 698639, 698640];True;[];;;;[];True;[];originali;();;3108119;B7
3108120;L219;1307;269;;792.0;FABBRICATO;Murazzi del Po Gipo Farassino;22;45.0607896;7.693161;Magazzino e locali di deposito;Prima del 1919;Dichiarazione di interesse culturale;Demanio;Utilizzato direttamente;Attività commerciale e di ristorazione;in concessione a titolo oneroso;10435.0;01/12/2022;9;[698642, 698643, 698644, 698645, 698646, 698648, 698650, 2854870, 2854871];True;[];;;;[];True;[];originali;();;3108120;B7
3108121;L219;1307;275;;1049.0;FABBRICATO;Murazzi del Po Gipo Farassino;22;45.0619849;7.6942521;Magazzino e locali di deposito;Prima del 1919;Dichiarazione di interesse culturale;Demanio;Utilizzato direttamente;Attività commerciale e di ristorazione;in concessione a titolo oneroso;13661.0;01/07/2018;11;[698651, 698652, 698653, 698654, 698655, 698656, 698657, 698658, 698660, 2855376, 2855377];True;[];;;;[];True;[];originali;();;3108121;B7
3108122;L219;1307;46;;1436.0;FABBRICATO;Via della Rocca;7;45.0637825;7.6938129;Abitazione;Prima del 1919;Dichiarazione di interesse culturale;Demanio;Utilizzato direttamente;Alloggio di servizio, foresterie;;;;12;[388319, 388320, 388321, 388323, 388324, 388325, 388326, 388327, 388328, 388329, 388330, 388332];True;[];;;;[];True;[];originali;();;3108122;B7
3108123;L219;1308;3;;2905.0;FABBRICATO;corso moncalieri;18;45.0595659;7.6943566;Abitazione;Prima del 1919;Nessuno;Patrimonio indisponibile;Utilizzato direttamente;Altro;;;;2;[6655, 698107];True;[];;;;[];True;[];originali;();;3108123;C12
3108124;L219;1309;396;;4596.2;FABBRICATO;via giardino gaetano;48;45.059755;7.6968102;Biblioteca, pinacoteca, museo, gallerie;Prima del 1919;Dichiarazione di interesse culturale;Demanio;Utilizzato direttamente;Alloggio di servizio, foresterie;in concessione a titolo oneroso;14196.0;21/12/2017;5;[698666, 698667, 698668, 698669, 698670];True;[];;;;[];True;[];originali;();;3108124;C12
3108125;L219;1309;65;;708.0;FABBRICATO;piazza gran madre di dio;4;45.0620205;7.698772;Abitazione;Prima del 1919;Dichiarazione di interesse culturale;Demanio;Utilizzato direttamente;Altro;in concessione a titolo oneroso;53.0;01/04/2016;3;[698673, 698674, 698675];True;[];;;;[];True;[];originali;();;3108125;C12
3108126;L219;1310;14;;291.0;FABBRICATO;Corso Casale;38;45.0646202;7.7027894;Abitazione;Dal 1946 al 1960;Nessuno;Patrimonio disponibile;Utilizzato direttamente;Non Dichiarato;in locazione;668.0;01/12/2020;5;[698678, 698679, 698680, 698681, 698682];True;[];;;;[];True;[];originali;();;3108126;C12
3108127;L219;1310;293;;766.6;FABBRICATO;Via Lodovica;2;45.063045;7.7017044;Abitazione;Prima del 1919;Dichiarazione di interesse culturale;Demanio;Utilizzato direttamente;Alloggio di servizio, foresterie;;;;2;[698683, 698684];True;[];;;;[];True;[];originali;();;3108127;C12
3108128;L219;1310;294;;4218.25;FABBRICATO;Via Umberto Cosmo;12;45.0627629;7.7015867;Abitazione;Prima del 1919;Dichiarazione di interesse culturale;Demanio;Utilizzato direttamente;Alloggio di servizio, foresterie;;;;3;[698685, 698686, 698687];True;[];;;;[];True;[];originali;();;3108128;C12
3108129;L219;1311;13;;767.0;FABBRICATO;Corso Casale;5;45.066056;7.7040152;Abitazione;Dal 1946 al 1960;Nessuno;Patrimonio indisponibile;Utilizzato direttamente;Attività artistica e culturale;;;;2;[698688, 698689];True;[];;;;[];False;[];originali;();;3108129;C11
3108130;L219;1313;95;;415.0;FABBRICATO;Strada Comunale Santa Margherita;139;45.05662067;7.71190581;Abitazione;Prima del 1919;Dichiarazione di interesse culturale;Demanio;Utilizzato direttamente;Attività amministrativa/uffici pubblici;;;;5;[698699, 698700, 698701, 698702, 698703];True;[];;;;[];False;[];originali;();;3108130;E1
3108131;L219;1319;82;;817.5;FABBRICATO;Corso Chieri;136;45.0601345;7.740662;Abitazione;Prima del 1919;Dichiarazione di interesse culturale;Demanio;Utilizzato direttamente;Alloggio di servizio, foresterie;;;;4;[698786, 698787, 698788, 698789];True;[];;;;[];True;[];originali;();;3108131;E1
3108132;L219;1329;176;;1732.75;FABBRICATO;STRADA COM. DI PECETTO;12;45.0516981;7.7191776;Abitazione;Prima del 1919;Dichiarazione di interesse culturale;Patrimonio indisponibile;Utilizzato direttamente;Alloggio di servizio, foresterie;;;;2;[698790, 698791];True;[];;;;[];;[];originali;();;3108132;E1
3108133;L219;1330;239;;411.0;FABBRICATO;strada del nobile;36;45.0527135;7.711586;Magazzino e locali di deposito;Dal 1919 al 1945;Nessuno;Patrimonio indisponibile;Utilizzato direttamente;Attività amministrativa/uffici pubblici;;;;2;[698796, 698797];True;[];;;;[];True;[];originali;();;3108133;E1
3108134;L219;1334;104;;555.0;FABBRICATO;corso moncalieri;61;45.0535467;7.6908862;Abitazione;Prima del 1919;Nessuno;Patrimonio indisponibile;Utilizzato direttamente;Altro;in concessione a titolo oneroso;411.0;01/08/2021;6;[698805, 698806, 698807, 698808, 698809, 698810];True;[];;;;[];True;[];originali;();;3108134;C12
3108135;L219;1334;109;;237.0;FABBRICATO;corso moncalieri;64;45.0537649;7.689781;Abitazione;Dal 1919 al 1945;Nessuno;Patrimonio indisponibile;Utilizzato direttamente;Alloggio di servizio, foresterie;;;;2;[698811, 698812];True;[];;;;[];False;[];originali;();;3108135;C12
3108136;L219;1334;16;;1329.0;FABBRICATO;via manara luciano;10;45.0561299;7.6938316;Abitazione;Prima del 1919;Dichiarazione di interesse culturale;Demanio;Utilizzato direttamente;Alloggio di servizio, foresterie;;;;2;[698814, 698815];True;[];;;;[];True;[];originali;();;3108136;C12
3108137;L219;1336;19;;272.0;FABBRICATO;VIALE VIRGILIO;53;45.0542869;7.687518;Locale commerciale, negozio;Dal 1919 al 1945;Nessuno;Patrimonio indisponibile;Utilizzato direttamente;Attività commerciale e di ristorazione;;;;2;[2848334, 2849043];True;[];;;;[];;[];originali;();;3108137;C1
3108138;L219;1336;36;;2503.0;FABBRICATO;Viale Carlo Ceppi;5;45.0525921;7.6848724;Impianto sportivo;Prima del 1919;Nessuno;Patrimonio indisponibile;Utilizzato direttamente;Attività sportiva, ricreativa e di intrattenimento;;;;4;[698825, 698826, 698827, 698828];True;[];;;;[];;[];originali;();;3108138;C1
3108139;L219;1337;158;;2172.58;FABBRICATO;Via Ormea;45;45.05378624;7.68205435;Ufficio strutturato ed assimilabili;Prima del 1919;Nessuno;Patrimonio indisponibile;Utilizzato direttamente;Attività amministrativa/uffici pubblici;;;;3;[698951, 698952, 698953];True;[];;;;[];True;[];originali;();;3108139;C1
3108140;L219;1337;18;;15206.75;FABBRICATO;corso marconi guglielmo;28;45.05516022;7.68174818;Abitazione;Prima del 1919;Dichiarazione di interesse culturale;Demanio;Utilizzato direttamente;Alloggio di servizio, foresterie;;;;10;[698954, 698955, 698956, 698957, 698958, 698959, 698960, 698961, 698962, 698963];True;[];;;;[];True;[];originali;();;3108140;C2
3108141;L219;1337;329;;11091.0;FABBRICATO;Via Belfiore;46;45.05321819;7.67728328;Abitazione;Prima del 1919;Nessuno;Patrimonio indisponibile;Utilizzato direttamente;Alloggio di servizio, foresterie;;;;2;[388307, 388309];True;[];;;;[];True;[];originali;();;3108141;C2
3108142;L219;1337;380;;1361.77;FABBRICATO;Via Ormea;47;45.05362793;7.68213638;Parcheggio collettivo;Prima del 1919;Nessuno;Patrimonio indisponibile;Utilizzato direttamente;Attività amministrativa/uffici pubblici;in locazione;19754.0;01/01/2022;3;[382042, 382043, 382044];True;[];;;;[];True;[];originali;();;3108142;C1
3108143;L219;134;782;;212.0;FABBRICATO;Via Aquileia;13;45.0415879;7.682662;Abitazione;Dal 1919 al 1945;Dichiarazione di interesse culturale;Demanio;Utilizzato direttamente;Alloggio di servizio, foresterie;;;;2;[698965, 698966];True;[];;;;[];;[];originali;();;3108143;C12
3108144;L219;1342;167;;1093.25;FABBRICATO;via reni guido;53;45.0515873;7.6310427;Abitazione;Dal 1971 al 1980;Nessuno;Patrimonio indisponibile;Utilizzato direttamente;Alloggio di servizio, foresterie;;;;3;[388241, 388242, 388244];True;[];;;;[];False;[];originali;();;3108144;D19
3108145;L219;1343;302;;7627.04;FABBRICATO;corso sebastopoli;258;45.0488517;7.6368971;Abitazione;Dal 1971 al 1980;Nessuno;Patrimonio indisponibile;Utilizzato direttamente;Alloggio di servizio, foresterie;;;;3;[698978, 698980, 698981];True;[];;;;[];True;[];originali;();;3108145;D18
3108146;L219;1343;367;;4488.5;FABBRICATO;Via Barletta;109;45.0494112;7.6366937;Abitazione;Dal 1981 al 1990;Nessuno;Patrimonio indisponibile;Utilizzato direttamente;Alloggio di servizio, foresterie;;;;2;[698984, 698985];True;[];;;;[];True;[];originali;();;3108146;D18
3108147;L219;1344;106;;7017.25;FABBRICATO;Via Ada Negri;21;45.0521082;7.6396716;Abitazione;Dal 1971 al 1980;Nessuno;Patrimonio indisponibile;Utilizzato direttamente;Alloggio di servizio, foresterie;;;;4;[698987, 698988, 698989, 698990];True;['2019_106141_0208.xml', '2021_100235_0003.xml'];C;184.1;C;['2019_106141_0208.xml', '2021_100235_0003.xml'];False;['2021_100235_0003.xml'];originali;('2019_106141_0208.xml', '2021_100235_0003.xml');ape_summary_5db73afe5302.html;3108147;D18
3108148;L219;1345;333;;1726.0;FABBRICATO;via gessi romolo;4;45.0506139;7.6533392;Abitazione;Dal 1946 al 1960;Nessuno;Patrimonio indisponibile;Utilizzato direttamente;Altro;;;;31;[690525, 690526, 690527, 690528, 690529, 690530, 690531, 690532, 690533, 690534, 690535, 690536, 690537, 690538, 690539, 690540, 690541, 690542, 690543, 690544, 690545, 690546, 690547, 690548, 690549, 690550, 690551, 690552, 690553, 690554, 690555];True;['2019_312661_0138.xml', '2019_312661_0139.xml', '2019_312661_0140.xml', '2019_312661_0141.xml', '2019_312661_0142.xml', '2019_312661_0143.xml', '2021_313821_0163.xml'];E;127.61;D;['2019_312661_0138.xml', '2019_312661_0139.xml', '2019_312661_0140.xml', '2019_312661_0141.xml', '2019_312661_0142.xml', '2019_312661_0143.xml', '2021_313821_0163.xml'];True;['2019_312661_0138.xml', '2019_312661_0139.xml', '2019_312661_0140.xml', '2019_312661_0141.xml', '2019_312661_0142.xml', '2019_312661_0143.xml', '2021_313821_0163.xml'];originali;('2019_312661_0138.xml', '2019_312661_0139.xml', '2019_312661_0140.xml', '2019_312661_0141.xml', '2019_312661_0142.xml', '2019_312661_0143.xml', '2021_313821_0163.xml');ape_summary_57065445af21.html;3108148;D18
3108149;L219;1346;104;;568.0;FABBRICATO;corso monte lungo;51;45.0484196;7.6558198;Abitazione;Dal 1971 al 1980;Nessuno;Patrimonio disponibile;Utilizzato direttamente;Servizi ordine pubblico, sicurezza nazionale e militare;in locazione;26778.0;01/01/2019;4;[382050, 382051, 382052, 382053];True;[];;;;[];True;[];originali;();;3108149;D18
3108150;L219;1347;1;;10707.25;FABBRICATO;via piazzi giuseppe;55;45.0518941;7.6589197;Abitazione;Dal 1946 al 1960;Nessuno;Patrimonio indisponibile;Utilizzato direttamente;Alloggio di servizio, foresterie;;;;2;[690781, 690782];True;[];;;;[];True;[];originali;();;3108150;C5
3108151;L219;1349;159;;492.0;FABBRICATO;Via Orazio Antinori;3;45.05341868;7.66670546;Abitazione;Dal 1919 al 1945;Nessuno;Patrimonio indisponibile;Utilizzato direttamente;Non Dichiarato;in locazione;998.0;01/06/2021;7;[689534, 689535, 689536, 689537, 689538, 689539, 689540];True;['2020_102099_0161.xml', '2020_102099_0162.xml', '2020_102099_0163.xml', '2020_210180_0078.xml', '2021_102099_0004.xml'];E;127.38;D;['2020_102099_0161.xml', '2020_102099_0162.xml', '2020_102099_0163.xml', '2020_210180_0078.xml', '2021_102099_0004.xml'];True;['2020_102099_0161.xml', '2020_102099_0162.xml', '2020_102099_0163.xml', '2020_210180_0078.xml', '2021_102099_0004.xml'];originali;('2020_102099_0161.xml', '2020_102099_0162.xml', '2020_102099_0163.xml', '2020_210180_0078.xml', '2021_102099_0004.xml');ape_summary_b102265ccd61.html;3108151;C5
3108152;L219;1351;295;;84.0;FABBRICATO;via michelangelo buonarroti;30;45.0500451;7.6794094;Abitazione;Dal 1946 al 1960;Nessuno;Patrimonio disponibile;Utilizzato direttamente;Attività amministrativa/uffici pubblici;in locazione;3926.0;01/03/2010;2;[689548, 689549];True;['2019_207450_0055.xml', '2020_102099_0196.xml', '2020_108048_0006.xml', '2020_311040_0009.xml', '2021_205544_0106.xml', '2021_207709_0014.xml'];G;211.11;F;['2019_207450_0055.xml', '2020_102099_0196.xml', '2020_108048_0006.xml', '2020_311040_0009.xml', '2021_205544_0106.xml', '2021_207709_0014.xml'];True;['2019_207450_0055.xml', '2020_102099_0196.xml', '2020_108048_0006.xml', '2020_311040_0009.xml', '2021_205544_0106.xml', '2021_207709_0014.xml'];originali;('2019_207450_0055.xml', '2020_102099_0196.xml', '2020_108048_0006.xml', '2020_311040_0009.xml', '2021_205544_0106.xml', '2021_207709_0014.xml');ape_summary_95e55196204a.html;3108152;C2
3108153;L219;1352;2;;8918.07;FABBRICATO;Corso Massimo d'Azeglio;17;45.0486474;7.6821064;Edificio scolastico (es.: scuola di ogni ordine e grado, università, scuola di formazione);Prima del 1919;Nessuno;Patrimonio indisponibile;Utilizzato direttamente;Attività amministrativa/uffici pubblici;;;;5;[689556, 2855206, 2855207, 2855214, 2855220];True;[];;;;[];;[];originali;();;3108153;C1
3108154;L219;1353;11;;385.0;FABBRICATO;Viale Virgilio;107;45.0488163;7.6852257;Abitazione;Prima del 1919;Dichiarazione di interesse culturale;Demanio;Utilizzato direttamente;Alloggio di servizio, foresterie;;;;4;[689665, 689666, 689667, 689668];True;[];;;;[];;[];originali;();;3108154;C1
3108155;L219;1353;3;;821.86;FABBRICATO;Viale Virgilio;107;45.0492555;7.6851396;Locale commerciale, negozio;Prima del 1919;Dichiarazione di interesse culturale;Demanio;Utilizzato direttamente;Attività commerciale e di ristorazione;in locazione;20098.0;01/10/2007;8;[26539, 689671, 689672, 689674, 689675, 689676, 689677, 689679];True;[];;;;[];;[];originali;();;3108155;C1
3108156;L219;1353;4;;260.0;FABBRICATO;Viale Virgilio;107;45.0492631;7.6853665;Magazzino e locali di deposito;Prima del 1919;Dichiarazione di interesse culturale;Demanio;Utilizzato direttamente;Attività artistica e culturale;;;;7;[689680, 689681, 689682, 689683, 689684, 689686, 689687];True;[];;;;[];;[];originali;();;3108156;C1
3108157;L219;1354;10;;818.0;FABBRICATO;corso moncalieri;88;45.0517821;7.688122;Abitazione;Prima del 1919;Nessuno;Patrimonio indisponibile;Utilizzato direttamente;Alloggio di servizio, foresterie;;;;2;[689707, 689708];True;[];;;;[];False;[];originali;();;3108157;C12
3108158;L219;1355;75;;721.0;FABBRICATO;Strada Comunale da San Vito a Revigliasco;65;45.0485998;7.6908539;Abitazione;Prima del 1919;Nessuno;Patrimonio indisponibile;Utilizzato direttamente;Attività amministrativa/uffici pubblici;;;;2;[9296, 690791];True;[];;;;[];False;[];originali;();;3108158;E1
3108159;L219;1369;70;;236.0;FABBRICATO;Strada Antica di Revigliasco;77;45.0429508;7.7036509;Abitazione;Prima del 1919;Nessuno;Patrimonio indisponibile;Utilizzato direttamente;Alloggio di servizio, foresterie;;;;2;[689931, 689932];True;['2019_101050_0005.xml'];C;529.04;C;['2019_101050_0005.xml'];True;['2019_101050_0005.xml'];originali;('2019_101050_0005.xml',);ape_summary_0ab57836ac31.html;3108159;E1
3108160;L219;1372;11;;83.0;FABBRICATO;corso moncalieri;147;45.0450558;7.6886604;Magazzino e locali di deposito;Prima del 1919;Nessuno;Patrimonio indisponibile;Utilizzato direttamente;Attività amministrativa/uffici pubblici;;;;2;[689935, 689936];True;[];;;;[];False;[];originali;();;3108160;E1
3108161;L219;1373;5;;557.0;FABBRICATO;corso moncalieri;178;45.0441555;7.6852007;Abitazione;Dal 1919 al 1945;Nessuno;Patrimonio indisponibile;Utilizzato direttamente;Altro;;;;8;[689939, 689940, 689941, 689942, 689943, 689944, 2732846, 2732847];True;[];;;;[];True;[];originali;();;3108161;C12
3108162;L219;1373;50;;2074.0;FABBRICATO;corso sicilia;12;45.0427844;7.6826563;Abitazione;Dal 1961 al 1970;Nessuno;Patrimonio indisponibile;Utilizzato direttamente;Attività amministrativa/uffici pubblici;in concessione a titolo oneroso;5605.0;01/03/2022;2;[689945, 689946];True;[];;;;[];;[];originali;();;3108162;C12
3108163;L219;1373;60;;232.0;FABBRICATO;Corso Sicilia;23;45.0419937;7.6830466;Abitazione;Prima del 1919;Nessuno;Patrimonio disponibile;Non utilizzato;Non Dichiarato;;;;2;[10308, 691681];True;[];;;;[];;[];originali;();;3108163;C12
3108164;L219;1375;367;;2384.25;FABBRICATO;Via Ernesto Lugaro;6;45.04835642;7.67194327;Abitazione;Dal 1971 al 1980;Nessuno;Patrimonio indisponibile;Utilizzato direttamente;Alloggio di servizio, foresterie;;;;2;[691687, 691688];True;[];;;;[];True;[];originali;();;3108164;C2
3108165;L219;1376;82;;1449.25;FABBRICATO;via leonardo da vinci;8;45.0437905;7.6685152;Abitazione;Prima del 1919;Nessuno;Patrimonio indisponibile;Utilizzato direttamente;Alloggio di servizio, foresterie;;;;2;[691691, 691692];True;[];;;;[];True;[];originali;();;3108165;C2
3108166;L219;1377;322;;1489.2;FABBRICATO;via nizza;219;45.03704528;7.66938525;Abitazione;Prima del 1919;Nessuno;Patrimonio disponibile;;Non Dichiarato;in locazione;38425.0;01/07/2003;2;[691702, 691703];True;[];;;;[];True;[];originali;();;3108166;D16
3108167;L219;1380;10;;1918.0;FABBRICATO;Via Pasquale Galluppi;12;45.0438326;7.6615874;Abitazione;Dal 1946 al 1960;Nessuno;Patrimonio indisponibile;Utilizzato direttamente;Altro;;;;31;[692027, 692028, 692029, 692030, 692031, 692032, 692033, 692034, 692035, 692036, 692037, 692038, 692039, 692040, 692041, 692042, 692043, 692044, 692045, 692046, 692047, 692048, 692049, 692050, 692051, 692052, 692054, 692055, 692056, 692057, 692058];True;[];;;;[];True;[];originali;();;3108167;D17
3108168;L219;1380;11;;1938.0;FABBRICATO;Via Pasquale Galluppi;12;45.0434455;7.6611704;Abitazione;Dal 1946 al 1960;Nessuno;Patrimonio indisponibile;Utilizzato direttamente;Altro;;;;31;[692123, 692124, 692125, 692126, 692127, 692128, 692129, 692130, 692131, 692132, 692133, 692134, 692135, 692136, 692137, 692138, 692139, 692140, 692141, 692142, 692143, 692144, 692145, 692146, 692147, 692149, 692150, 692151, 692152, 692153, 692154];True;['2022_209689_0102.xml'];E;121.89;E;['2022_209689_0102.xml'];True;['2022_209689_0102.xml'];originali;('2022_209689_0102.xml',);ape_summary_0472cd54c3c6.html;3108168;D17
3108169;L219;1380;13;;1154.0;FABBRICATO;Via Pasquale Galluppi;12;45.0436812;7.661851;Abitazione;Dal 1946 al 1960;Nessuno;Patrimonio indisponibile;Utilizzato direttamente;Altro;;;;20;[692155, 692156, 692157, 692158, 692159, 692160, 692161, 692162, 692163, 692164, 692165, 692166, 692167, 692169, 692170, 692171, 692172, 692173, 692174, 692175];True;['2022_206052_0057.xml'];D;77.47;B;['2022_206052_0057.xml'];True;[];originali;('2022_206052_0057.xml',);ape_summary_f56aa0d79047.html;3108169;D17
3108170;L219;1380;14;;1165.0;FABBRICATO;Via Pasquale Galluppi;12;45.0433464;7.6615317;Abitazione;Dal 1946 al 1960;Nessuno;Patrimonio indisponibile;Utilizzato direttamente;Altro;;;;20;[692239, 692240, 692241, 692242, 692243, 692244, 692245, 692246, 692247, 692248, 692249, 692250, 692251, 692252, 692253, 692254, 692255, 692256, 692257, 692258];True;[];;;;[];True;[];originali;();;3108170;D17
3108171;L219;1380;15;;1157.0;FABBRICATO;Via Pasquale Galluppi;12;45.0435495;7.6621075;Abitazione;Dal 1946 al 1960;Nessuno;Patrimonio indisponibile;Utilizzato direttamente;Altro;in concessione a titolo oneroso;363.0;01/01/2022;20;[692277, 692278, 692279, 692280, 692281, 692282, 692283, 692284, 692285, 692286, 692287, 692288, 692289, 692290, 692292, 692293, 692294, 692295, 692296, 692297];True;[];;;;[];True;[];originali;();;3108171;D17
3108172;L219;1380;152;;3225.0;FABBRICATO;via spaventa bertrando;14;45.0409751;7.6595393;Abitazione;Dal 1946 al 1960;Nessuno;Patrimonio indisponibile;Utilizzato direttamente;Altro;;;;39;[692298, 692299, 692300, 692301, 692302, 692303, 692304, 692305, 692306, 692307, 692308, 692309, 692310, 692311, 692312, 692313, 692314, 692315, 692316, 692317, 692318, 692319, 692320, 692321, 692322, 692323, 692324, 692325, 692326, 692327, 692328, 692329, 692330, 692331, 692332, 692333, 692334, 692335, 692336];True;[];;;;[];True;[];originali;();;3108172;D17
3108173;L219;1380;16;;1043.0;FABBRICATO;Via Pasquale Galluppi;12;45.0432271;7.6617684;Abitazione;Dal 1946 al 1960;Nessuno;Patrimonio indisponibile;Utilizzato direttamente;Altro;;;;18;[692337, 692338, 692339, 692340, 692341, 692342, 692343, 692344, 692345, 692346, 692347, 692348, 692349, 692350, 692351, 692352, 692353, 692354];True;[];;;;[];False;[];originali;();;3108173;D17
3108174;L219;1380;18;;128.0;FABBRICATO;Via Giordano Bruno;52;45.0433;7.6627024;Abitazione;Dal 1946 al 1960;Nessuno;Patrimonio indisponibile;Utilizzato direttamente;Altro;;;;2;[692365, 692366];True;['2020_110202_0031.xml', '2021_103145_0002.xml', '2021_208567_0141.xml', '2021_208636_0003.xml', '2021_210120_0043.xml', '2022_106512_0002.xml', '2022_202695_0026.xml', '2022_202727_0011.xml', '2022_209730_0002.xml', '2022_211941_0055.xml'];G;367.07;D;['2020_110202_0031.xml', '2021_103145_0002.xml', '2021_208567_0141.xml', '2021_208636_0003.xml', '2021_210120_0043.xml', '2022_106512_0002.xml', '2022_202695_0026.xml', '2022_202727_0011.xml', '2022_209730_0002.xml', '2022_211941_0055.xml'];True;['2021_103145_0002.xml', '2021_208636_0003.xml', '2022_202695_0026.xml', '2022_209730_0002.xml'];originali;('2020_110202_0031.xml', '2021_103145_0002.xml', '2021_208567_0141.xml', '2021_208636_0003.xml', '2021_210120_0043.xml', '2022_106512_0002.xml', '2022_202695_0026.xml', '2022_202727_0011.xml', '2022_209730_0002.xml', '2022_211941_0055.xml');ape_summary_ccfec0eaf3e2.html;3108174;D17
3108175;L219;1380;3;;1369.0;FABBRICATO;Via Tunisi;3;45.0443611;7.6607233;Abitazione;Dal 1946 al 1960;Nessuno;Patrimonio indisponibile;Utilizzato direttamente;Altro;;;;19;[692367, 692368, 692369, 692370, 692371, 692372, 692373, 692374, 692375, 692376, 692377, 692378, 692379, 692380, 692381, 692383, 692384, 692385, 692386];True;['2017_104581_0032.xml', '2019_212489_0030.xml', '2019_212606_0001.xml'];G;422.64;G;['2017_104581_0032.xml', '2019_212489_0030.xml', '2019_212606_0001.xml'];True;['2017_104581_0032.xml'];originali;('2017_104581_0032.xml', '2019_212489_0030.xml', '2019_212606_0001.xml');ape_summary_ab580d318b2c.html;3108175;D17
3108176;L219;1380;4;;1153.0;FABBRICATO;Via Pasquale Galluppi;12;45.0441291;7.6610968;Abitazione;Dal 1946 al 1960;Nessuno;Patrimonio indisponibile;Utilizzato direttamente;Altro;;;;20;[691257, 691258, 691259, 691260, 691261, 691262, 691263, 691264, 691265, 691266, 691267, 691268, 691269, 691271, 691272, 691273, 691274, 691275, 691276, 691277];True;[];;;;[];True;[];originali;();;3108176;D17
3108177;L219;1380;5;;614.0;FABBRICATO;Via Tunisi;13;45.0438911;7.6602667;Abitazione;Dal 1946 al 1960;Nessuno;Patrimonio indisponibile;Utilizzato direttamente;Altro;;;;8;[691278, 691279, 691280, 691281, 691282, 691283, 691284, 691285];True;['2019_110704_0063.xml', '2019_110874_0006.xml', '2019_212533_0290.xml', '2021_201149_0041.xml'];F;156.27;E;['2019_110704_0063.xml', '2019_110874_0006.xml', '2019_212533_0290.xml', '2021_201149_0041.xml'];True;['2019_212533_0290.xml', '2021_201149_0041.xml'];originali;('2019_110704_0063.xml', '2019_110874_0006.xml', '2019_212533_0290.xml', '2021_201149_0041.xml');ape_summary_fcb334e64a1d.html;3108177;D17
3108178;L219;1380;6;;1166.0;FABBRICATO;Via Pasquale Galluppi;12;45.0437173;7.6606792;Abitazione;Dal 1946 al 1960;Nessuno;Patrimonio indisponibile;Utilizzato direttamente;Altro;;;;20;[691286, 691287, 691288, 691289, 691290, 691291, 691292, 691293, 691294, 691295, 691296, 691297, 691298, 691300, 691301, 691302, 691303, 691304, 691305, 691306];True;[];;;;[];True;[];originali;();;3108178;D17
3108179;L219;1380;8;;1154.0;FABBRICATO;Via Pasquale Galluppi;12;45.0440044;7.6613257;Abitazione;Dal 1946 al 1960;Nessuno;Patrimonio indisponibile;Utilizzato direttamente;Altro;;;;20;[692389, 692390, 692391, 692392, 692393, 692394, 692395, 692396, 692397, 692398, 692399, 692400, 692401, 692403, 692404, 692405, 692406, 692407, 692408, 692409];True;[];;;;[];True;[];originali;();;3108179;D17
3108180;L219;1380;9;;973.0;FABBRICATO;Via Pasquale Galluppi;12;45.0436054;7.6609314;Abitazione;Dal 1946 al 1960;Nessuno;Patrimonio indisponibile;Utilizzato direttamente;Altro;;;;17;[692410, 692411, 692412, 692413, 692414, 692415, 692416, 692417, 692418, 692419, 692420, 692421, 692423, 692424, 692425, 692426, 692427];True;[];;;;[];True;[];originali;();;3108180;D17
3108181;L219;1383;58;;611.0;FABBRICATO;corso orbassano;122;45.0479814;7.6479748;Abitazione;Dal 1961 al 1970;Nessuno;Patrimonio indisponibile;Utilizzato direttamente;Alloggio di servizio, foresterie;;;;2;[692428, 692429];True;[];;;;[];True;[];originali;();;3108181;D18
3108182;L219;1384;388;;5643.75;FABBRICATO;via tripoli;78;45.0459959;7.6458711;Abitazione;Prima del 1919;Dichiarazione di interesse culturale;Demanio;Utilizzato direttamente;Alloggio di servizio, foresterie;;;;4;[692431, 692432, 692433, 692434];True;[];;;;[];True;[];originali;();;3108182;D18
3108183;L219;1385;408;;2997.0;FABBRICATO;Via Baltimora;74;45.0454104;7.6413454;Abitazione;Dal 1961 al 1970;Nessuno;Patrimonio indisponibile;Utilizzato direttamente;Alloggio di servizio, foresterie;;;;2;[692436, 692437];True;[];;;;[];True;[];originali;();;3108183;D18
3108184;L219;1385;409;;1282.0;FABBRICATO;Via Baltimora;64;45.0450108;7.6418495;Abitazione;Dal 1961 al 1970;Nessuno;Patrimonio indisponibile;Utilizzato direttamente;Alloggio di servizio, foresterie;;;;2;[692439, 692440];True;[];;;;[];True;[];originali;();;3108184;D18
3108185;L219;1386;124;;6916.5;FABBRICATO;Via Baltimora;110;45.0466108;7.6382384;Abitazione;Dal 1971 al 1980;Nessuno;Patrimonio indisponibile;Utilizzato direttamente;Alloggio di servizio, foresterie;;;;2;[692442, 692443];True;[];;;;[];True;[];originali;();;3108185;D18
3108186;L219;1386;71;;6951.0;FABBRICATO;Via Filadelfia;205;45.0439696;7.6378994;Abitazione;Prima del 1919;Dichiarazione di interesse culturale;Demanio;Utilizzato direttamente;Alloggio di servizio, foresterie;;;;2;[5757, 692461];True;[];;;;[];;[];originali;();;3108186;D18
3108187;L219;1387;12;;6312.5;FABBRICATO;Via Baltimora;171;45.0476182;7.6314767;Edificio scolastico (es.: scuola di ogni ordine e grado, università, scuola di formazione);Dal 1961 al 1970;Nessuno;Patrimonio indisponibile;Utilizzato direttamente;Attività didattica;;;;3;[692482, 692483, 692484];True;[];;;;[];False;[];originali;();;3108187;D19
3108188;L219;1387;127;;3105.43;FABBRICATO;Via Filadelfia;242;45.0468503;7.6333844;Impianto sportivo;Dal 1971 al 1980;Nessuno;Patrimonio indisponibile;Utilizzato direttamente;Altro;;;;3;[692488, 692489, 692490];True;[];;;;[];;[];originali;();;3108188;D19
3108189;L219;1387;35;;1043.5;FABBRICATO;via castelgomberto;75;45.0457616;7.6323173;Abitazione;Dal 1971 al 1980;Nessuno;Patrimonio indisponibile;Utilizzato direttamente;Attività amministrativa/uffici pubblici;in locazione;2626.0;01/04/2019;2;[692491, 692493];True;['2019_200542_0084.xml', '2019_205065_0005.xml', '2019_206362_0143.xml', '2020_101009_0002.xml', '2020_200471_0005.xml', '2010_104562_0253.xml', '2016_104562_0020.xml', '2020_200213_0016.xml', '2021_101009_0009.xml', '2021_101009_0015.xml', '2021_103241_0021.xml', '2021_104401_0003.xml', '2021_209507_0097.xml', '2021_212758_0006.xml', '2021_311274_0212.xml', '2021_311910_0017.xml', '2022_104389_0008.xml', '2022_204038_0040.xml', '2022_204777_0053.xml', '2022_212275_0003.xml'];F;123.62;F;['2019_200542_0084.xml', '2019_205065_0005.xml', '2019_206362_0143.xml', '2020_101009_0002.xml', '2020_200471_0005.xml', '2010_104562_0253.xml', '2016_104562_0020.xml', '2020_200213_0016.xml', '2021_101009_0009.xml', '2021_101009_0015.xml', '2021_103241_0021.xml', '2021_104401_0003.xml', '2021_209507_0097.xml', '2021_212758_0006.xml', '2021_311274_0212.xml', '2021_311910_0017.xml', '2022_104389_0008.xml', '2022_204038_0040.xml', '2022_204777_0053.xml', '2022_212275_0003.xml'];;['2019_206362_0143.xml', '2010_104562_0253.xml', '2016_104562_0020.xml', '2021_104401_0003.xml', '2021_311274_0212.xml', '2021_311910_0017.xml', '2022_204038_0040.xml', '2022_204777_0053.xml', '2022_212275_0003.xml'];originali;('2010_104562_0253.xml', '2016_104562_0020.xml', '2019_200542_0084.xml', '2019_205065_0005.xml', '2019_206362_0143.xml', '2020_101009_0002.xml', '2020_200213_0016.xml', '2020_200471_0005.xml', '2021_101009_0009.xml', '2021_101009_0015.xml', '2021_103241_0021.xml', '2021_104401_0003.xml', '2021_209507_0097.xml', '2021_212758_0006.xml', '2021_311274_0212.xml', '2021_311910_0017.xml', '2022_104389_0008.xml', '2022_204038_0040.xml', '2022_204777_0053.xml', '2022_212275_0003.xml');ape_summary_a8392fe430b4.html;3108189;D19
3108190;L219;1388;277;;80.0;FABBRICATO;via reni guido;114;45.048336;7.6281736;Abitazione;Prima del 1919;Nessuno;Patrimonio indisponibile;Utilizzato direttamente;Attività amministrativa/uffici pubblici;;;;2;[692496, 692497];True;[];;;;[];True;[];originali;();;3108190;D19
3108191;L219;1388;283;;292.0;FABBRICATO;via reni guido;180;45.0484786;7.6288336;Abitazione;Prima del 1919;Nessuno;Patrimonio indisponibile;Utilizzato direttamente;Attività amministrativa/uffici pubblici;;;;5;[692498, 692499, 692500, 692501, 692502];True;[];;;;[];False;[];originali;();;3108191;D19
3108192;L219;1388;378;;1198.0;FABBRICATO;Via Giacomo Balla;19;45.047983;7.6261775;Abitazione;Dal 1971 al 1980;Nessuno;Patrimonio indisponibile;Utilizzato direttamente;Alloggio di servizio, foresterie;;;;4;[691323, 691324, 691325, 691326];True;[];;;;[];True;[];originali;();;3108192;D19
3108193;L219;1389;156;;2431.0;FABBRICATO;Corso Canonico Giuseppe Allamano;60;45.0512727;7.6236367;Abitazione;Dal 1981 al 1990;Nessuno;Patrimonio indisponibile;Utilizzato direttamente;Altro;;;;24;[691328, 691329, 691332, 691333, 691334, 691335, 691336, 691337, 691338, 691339, 691340, 691341, 691342, 691343, 691344, 691345, 691346, 691347, 691348, 691349, 691350, 691351, 691352, 691353];True;['2019_103201_0009.xml', '2019_112696_0001.xml', '2019_213309_0045.xml', '2020_103343_0001.xml', '2020_207949_0012.xml', '2020_208722_0036.xml', '2020_104581_0006.xml', '2021_208722_0119.xml', '2022_205101_0006.xml', '2022_205141_0021.xml', '2022_208347_0306.xml', '2022_214176_0203.xml', '2022_311274_0105.xml'];G;207.64;C;['2019_103201_0009.xml', '2019_112696_0001.xml', '2019_213309_0045.xml', '2020_103343_0001.xml', '2020_207949_0012.xml', '2020_208722_0036.xml', '2020_104581_0006.xml', '2021_208722_0119.xml', '2022_205101_0006.xml', '2022_205141_0021.xml', '2022_208347_0306.xml', '2022_214176_0203.xml', '2022_311274_0105.xml'];True;['2019_112696_0001.xml', '2020_207949_0012.xml', '2020_208722_0036.xml', '2021_208722_0119.xml', '2022_311274_0105.xml'];originali;('2019_103201_0009.xml', '2019_112696_0001.xml', '2019_213309_0045.xml', '2020_103343_0001.xml', '2020_104581_0006.xml', '2020_207949_0012.xml', '2020_208722_0036.xml', '2021_208722_0119.xml', '2022_205101_0006.xml', '2022_205141_0021.xml', '2022_208347_0306.xml', '2022_214176_0203.xml', '2022_311274_0105.xml');ape_summary_ae4ee7debc75.html;3108193;D19
3108194;L219;1391;126;;5381.0;FABBRICATO;corso salvemini gaetano;25;45.0437055;7.6257931;Abitazione;Dal 1961 al 1970;Nessuno;Patrimonio indisponibile;Utilizzato direttamente;Altro;;;;80;[692569, 692570, 692571, 692572, 692573, 692574, 692575, 692576, 692577, 692578, 692579, 692580, 692581, 692582, 692583, 692584, 692585, 692586, 692587, 692588, 692589, 692590, 692591, 692592, 692593, 692594, 692595, 692596, 692597, 692598, 692599, 692600, 692601, 692602, 692603, 692604, 692605, 692606, 692607, 692608, 692609, 692610, 692611, 692612, 692613, 692614, 692615, 692616, 692617, 692618, 692619, 692620, 692621, 692622, 692623, 692624, 692625, 692626, 692627, 692628, 692629, 692630, 692631, 692632, 692633, 692634, 692635, 692636, 692637, 692638, 692639, 692640, 692641, 692642, 692643, 692644, 692645, 692646, 692647, 692648];True;[];;;;[];True;[];originali;();;3108194;D19
3108195;L219;1391;174;;18892.0;FABBRICATO;Via Ignazio Collino;12;45.0397013;7.6235235;Abitazione;Dal 1971 al 1980;Nessuno;Patrimonio indisponibile;Utilizzato direttamente;Alloggio di servizio, foresterie;;;;4;[691431, 691432, 691433, 691434];True;[];;;;[];True;[];originali;();;3108195;D19
3108196;L219;1391;2;;5282.0;FABBRICATO;corso salvemini gaetano;25;45.0438492;7.6251996;Abitazione;Dal 1961 al 1970;Nessuno;Patrimonio indisponibile;Utilizzato direttamente;Altro;;;;80;[692665, 692666, 692667, 692668, 692669, 692670, 692671, 692672, 692673, 692674, 692675, 692676, 692677, 692678, 692679, 692680, 692681, 692682, 692683, 692684, 692685, 692686, 692687, 692688, 692689, 692690, 692691, 692692, 692693, 692694, 692695, 692696, 692697, 692698, 692699, 692700, 692701, 692702, 692703, 692704, 692705, 692706, 692707, 692708, 692709, 692710, 692711, 692712, 692713, 692714, 692715, 692716, 692717, 692718, 692719, 692720, 692721, 692722, 692723, 692724, 692725, 692726, 692727, 692728, 692729, 692730, 692731, 692732, 692733, 692734, 692735, 692736, 692737, 692738, 692739, 692740, 692741, 692742, 692743, 692744];True;[];;;;[];True;[];originali;();;3108196;D19
3108197;L219;1391;23;;1073.0;FABBRICATO;Via Paolo Gaidano;22;45.0402892;7.6267167;Abitazione;Dal 1961 al 1970;Nessuno;Patrimonio indisponibile;Utilizzato direttamente;Altro;;;;12;[692792, 692793, 692794, 692795, 692796, 692797, 692798, 692799, 692800, 692801, 692802, 692803];True;['2019_108092_0106.xml', '2019_207188_0037.xml', '2019_210284_0036.xml', '2019_211937_0031.xml', '2019_212053_0014.xml', '2020_102992_0014.xml', '2020_202533_0028.xml', '2020_208347_0068.xml', '2020_208347_0704.xml', '2020_212275_0067.xml', '2020_212489_0024.xml', '2021_100824_0009.xml', '2021_108076_0014.xml', '2021_108181_0001.xml', '2021_113365_0003.xml', '2021_202185_0110.xml', '2021_202896_0019.xml', '2021_208347_0098.xml', '2021_212247_0095.xml', '2022_107124_0002.xml', '2022_107997_0017.xml', '2022_209689_0003.xml'];F;216.01;E;['2019_108092_0106.xml', '2019_207188_0037.xml', '2019_210284_0036.xml', '2019_211937_0031.xml', '2019_212053_0014.xml', '2020_102992_0014.xml', '2020_202533_0028.xml', '2020_208347_0068.xml', '2020_208347_0704.xml', '2020_212275_0067.xml', '2020_212489_0024.xml', '2021_100824_0009.xml', '2021_108076_0014.xml', '2021_108181_0001.xml', '2021_113365_0003.xml', '2021_202185_0110.xml', '2021_202896_0019.xml', '2021_208347_0098.xml', '2021_212247_0095.xml', '2022_107124_0002.xml', '2022_107997_0017.xml', '2022_209689_0003.xml'];True;['2019_108092_0106.xml', '2020_102992_0014.xml', '2020_212275_0067.xml', '2021_100824_0009.xml', '2021_108181_0001.xml', '2021_113365_0003.xml', '2021_212247_0095.xml', '2022_107124_0002.xml', '2022_209689_0003.xml'];originali;('2019_108092_0106.xml', '2019_207188_0037.xml', '2019_210284_0036.xml', '2019_211937_0031.xml', '2019_212053_0014.xml', '2020_102992_0014.xml', '2020_202533_0028.xml', '2020_208347_0068.xml', '2020_208347_0704.xml', '2020_212275_0067.xml', '2020_212489_0024.xml', '2021_100824_0009.xml', '2021_108076_0014.xml', '2021_108181_0001.xml', '2021_113365_0003.xml', '2021_202185_0110.xml', '2021_202896_0019.xml', '2021_208347_0098.xml', '2021_212247_0095.xml', '2022_107124_0002.xml', '2022_107997_0017.xml', '2022_209689_0003.xml');ape_summary_16ccbfbe2b9d.html;3108197;D19
3108198;L219;1391;3;;3593.0;FABBRICATO;corso salvemini gaetano;25;45.0433189;7.6252755;Abitazione;Dal 1961 al 1970;Nessuno;Patrimonio indisponibile;Utilizzato direttamente;Altro;;;;40;[692806, 692807, 692808, 692809, 692810, 692811, 692812, 692813, 692814, 692815, 692816, 692817, 692818, 692819, 692820, 692821, 692822, 692823, 692824, 692825, 692826, 692827, 692828, 692829, 692830, 692831, 692832, 692833, 692834, 692835, 692836, 692837, 692838, 692839, 692840, 692841, 692842, 692843, 692844, 692845];True;[];;;;[];False;[];originali;();;3108198;D19
3108199;L219;1391;4;;5434.0;FABBRICATO;corso salvemini gaetano;25;45.0428205;7.6250922;Abitazione;Dal 1961 al 1970;Nessuno;Patrimonio indisponibile;Utilizzato direttamente;Altro;;;;80;[691480, 691481, 691482, 691483, 691484, 691485, 691486, 691487, 691488, 691489, 691490, 691491, 691492, 691493, 691494, 691495, 691496, 691497, 691498, 691499, 691500, 691501, 691502, 691503, 691504, 691505, 691506, 691507, 691508, 691509, 691510, 691511, 691512, 691513, 691514, 691515, 691516, 691517, 691518, 691519, 691520, 691521, 691522, 691523, 691524, 691525, 691526, 691527, 691528, 691529, 691530, 691531, 691532, 691533, 691534, 691535, 691536, 691537, 691538, 691539, 691540, 691541, 691542, 691543, 691544, 691545, 691546, 691547, 691548, 691549, 691550, 691551, 691552, 691553, 691554, 691555, 691556, 691557, 691558, 691559];True;[];;;;[];False;[];originali;();;3108199;D19
3108200;L219;1391;5;;3459.0;FABBRICATO;corso salvemini gaetano;25;45.04277;7.6256613;Abitazione;Dal 1961 al 1970;Nessuno;Patrimonio indisponibile;Utilizzato direttamente;Altro;;;;40;[693060, 693061, 693062, 693063, 693064, 693065, 693066, 693067, 693068, 693069, 693070, 693071, 693072, 693073, 693074, 693075, 693076, 693077, 693078, 693079, 693080, 693081, 693082, 693083, 693084, 693085, 693086, 693087, 693088, 693089, 693090, 693091, 693092, 693093, 693094, 693095, 693096, 693097, 693098, 693099];True;[];;;;[];False;[];originali;();;3108200;D19
3108201;L219;1392;388;;3476.75;FABBRICATO;via monte novegno;31;45.0400869;7.6306142;Abitazione;Dal 1971 al 1980;Nessuno;Patrimonio indisponibile;Utilizzato direttamente;Alloggio di servizio, foresterie;;;;2;[692906, 692907];True;[];;;;[];True;[];originali;();;3108201;D19
3108202;L219;1393;1;;1288.75;FABBRICATO;corso orbassano;224 26;45.0423535;7.6349878;Abitazione;Dal 1971 al 1980;Nessuno;Patrimonio indisponibile;Utilizzato direttamente;Alloggio di servizio, foresterie;;;;2;[692909, 692910];True;[];;;;[];True;[];originali;();;3108202;D18
3108203;L219;1393;213;;4136.75;FABBRICATO;via s. marino;107;45.0398166;7.6378494;Abitazione;Dal 1961 al 1970;Nessuno;Patrimonio indisponibile;Utilizzato direttamente;Alloggio di servizio, foresterie;;;;2;[692911, 692912];True;['2021_106141_0043.xml'];D;241.1;C;['2021_106141_0043.xml'];True;['2021_106141_0043.xml'];originali;('2021_106141_0043.xml',);ape_summary_ce93a8b82bb6.html;3108203;D18
3108204;L219;1394;338;;1552.25;FABBRICATO;via boston;33;45.0397652;7.6416732;Impianto sportivo;Dal 1971 al 1980;Nessuno;Patrimonio indisponibile;Utilizzato direttamente;Attività sportiva, ricreativa e di intrattenimento;;;;4;[692944, 692945, 692946, 692947];True;[];;;;[];True;[];originali;();;3108204;D18
3108205;L219;1394;343;;6755.75;FABBRICATO;Via Boston;20;45.0410253;7.6416285;Abitazione;Dal 1971 al 1980;Nessuno;Patrimonio indisponibile;Utilizzato direttamente;Alloggio di servizio, foresterie;;;;2;[692948, 692949];True;['2021_106141_0042.xml'];D;180.79;D;['2021_106141_0042.xml'];False;['2021_106141_0042.xml'];originali;('2021_106141_0042.xml',);ape_summary_8a78f72d7aab.html;3108205;D18
3108206;L219;1395;7;;4571.0;FABBRICATO;Via Filadelfia;123;45.0417323;7.6445984;Abitazione;Dal 1971 al 1980;Nessuno;Patrimonio indisponibile;Utilizzato direttamente;Alloggio di servizio, foresterie;;;;2;[692950, 692951];True;[];;;;[];;[];originali;();;3108206;D18
3108207;L219;1397;83;;6160.2;FABBRICATO;Via San Marino;10;45.037298;7.6499811;Struttura residenziale collettiva (es.: collegi e convitti, educandati, ricoveri, orfanotrofi, ospizi, conventi, seminari);Prima del 1919;Dichiarazione di interesse culturale;Demanio;Utilizzato direttamente;Servizi assistenza socio-sanitaria (residenziali);;;;2;[43009, 43011];True;[];;;;[];False;[];originali;();;3108207;D18
3108208;L219;1398;24;;360.0;FABBRICATO;corso sebastopoli;81;45.0418859;7.6538793;Abitazione;Dal 1919 al 1945;Dichiarazione di interesse culturale;Demanio;Utilizzato direttamente;Alloggio di servizio, foresterie;;;;5;[692956, 692958, 692959, 692960, 692961];True;[];;;;[];False;[];originali;();;3108208;D18
3108209;L219;1399;207;;8636.25;FABBRICATO;Via Tunisi;102;45.0370577;7.6545663;Abitazione;Dal 1961 al 1970;Nessuno;Patrimonio indisponibile;Utilizzato direttamente;Alloggio di servizio, foresterie;;;;3;[693004, 693005, 693006];True;[];;;;[];True;[];originali;();;3108209;D17
3108210;L219;1399;210;;8677.5;FABBRICATO;via montevideo;17;45.0366602;7.6543006;Abitazione;Dal 1919 al 1945;Dichiarazione di interesse culturale;Demanio;Utilizzato direttamente;Alloggio di servizio, foresterie;;;;2;[9305, 693007];True;['2021_106141_0051.xml'];D;179.61;D;['2021_106141_0051.xml'];False;['2021_106141_0051.xml'];originali;('2021_106141_0051.xml',);ape_summary_78856be46814.html;3108210;D17
3108211;L219;1399;6;;1218.7;FABBRICATO;corso unione sovietica;170;45.0412854;7.6552376;Abitazione;Prima del 1919;Nessuno;Patrimonio indisponibile;Utilizzato direttamente;Alloggio di servizio, foresterie;in concessione a titolo oneroso;18920.0;01/10/2020;5;[2331, 693008, 693009, 693010, 693011];True;[];;;;[];True;[];originali;();;3108211;D18
3108212;L219;1402;253;;8424.5;FABBRICATO;Via Finalmarina;7;45.03286742;7.66898614;Abitazione;Prima del 1919;Dichiarazione di interesse culturale;Demanio;Utilizzato direttamente;Alloggio di servizio, foresterie;;;;3;[388299, 388300, 388301];True;[];;;;[];True;[];originali;();;3108212;D16
3108213;L219;1402;381;;404.0;FABBRICATO;via pettinati luigi;10;45.03249046;7.67264988;Magazzino e locali di deposito;Dopo il 2010;Nessuno;Patrimonio indisponibile;Non utilizzato;Non Dichiarato;;;;6;[693021, 693022, 693023, 693024, 693025, 693026];True;[];;;;[];True;[];originali;();;3108213;D16
3108214;L219;1405;192;;393.0;FABBRICATO;Via Villa Glori;21;45.0370914;7.6787283;Abitazione;Dal 1946 al 1960;Nessuno;Patrimonio indisponibile;Utilizzato direttamente;Alloggio di servizio, foresterie;;;;2;[693359, 693360];True;[];;;;[];True;[];originali;();;3108214;C12
3108215;L219;1405;5;;6138.75;FABBRICATO;corso sicilia;40;45.0409629;7.6808798;Abitazione;Dal 1971 al 1980;Nessuno;Patrimonio indisponibile;Utilizzato direttamente;Alloggio di servizio, foresterie;;;;2;[693409, 693410];True;['2019_102341_0009.xml'];B;111.08;B;['2019_102341_0009.xml'];;['2019_102341_0009.xml'];originali;('2019_102341_0009.xml',);ape_summary_fac4b50167d9.html;3108215;C12
3108216;L219;1408;1;;215.75;FABBRICATO;Strada Antica di San Vito;126;45.0430681;7.6969299;Abitazione;Prima del 1919;Nessuno;Patrimonio indisponibile;Utilizzato direttamente;Altro;in concessione a titolo oneroso;1534.0;01/01/2004;3;[693045, 693046, 693047];True;[];;;;[];False;[];originali;();;3108216;E1
3108217;L219;1416;240;;522.5;FABBRICATO;Strada dei Ronchi;27;45.0295131;7.6903205;Abitazione;Prima del 1919;Nessuno;Patrimonio indisponibile;Utilizzato direttamente;Alloggio di servizio, foresterie;;;;2;[693480, 693481];True;[];;;;[];True;[];originali;();;3108217;E3
3108218;L219;1418;16;;109.0;FABBRICATO;via s. rocco;62;45.0301401;7.6865462;Abitazione;Dal 1919 al 1945;Nessuno;Patrimonio indisponibile;Utilizzato direttamente;Altro;;;;2;[693559, 693560];True;[];;;;[];True;[];originali;();;3108218;E3
3108219;L219;1419;66;;801.25;FABBRICATO;corso moncalieri;348;45.0252761;7.6758065;Abitazione;Dal 1919 al 1945;Nessuno;Patrimonio indisponibile;Utilizzato direttamente;Alloggio di servizio, foresterie;;;;2;[693565, 693566];True;[];;;;[];False;[];originali;();;3108219;E3
3108220;L219;1420;20;;4746.5;FABBRICATO;corso unita' d'italia;86;45.0268099;7.6710944;Abitazione;Dal 1946 al 1960;Nessuno;Patrimonio disponibile;;Non Dichiarato;in concessione a titolo oneroso;0.0;01/01/2019;2;[43005, 43006];True;[];;;;[];;[];originali;();;3108220;D16
3108221;L219;1421;155;;2538.0;FABBRICATO;Corso Caduti sul Lavoro;5;45.0272124;7.6668622;Abitazione;Dal 1971 al 1980;Nessuno;Patrimonio indisponibile;Utilizzato direttamente;Alloggio di servizio, foresterie;;;;2;[693775, 693776];True;[];;;;[];True;[];originali;();;3108221;D16
3108222;L219;1421;166;;1927.5;FABBRICATO;via ventimiglia;112;45.026674;7.6686492;Abitazione;Dal 1961 al 1970;Nessuno;Patrimonio indisponibile;Utilizzato direttamente;Alloggio di servizio, foresterie;;;;2;[693777, 693779];True;[];;;;[];;[];originali;();;3108222;D16
3108223;L219;1421;188;;4377.25;FABBRICATO;via valenza;71;45.0255208;7.6680948;Abitazione;Dal 1981 al 1990;Nessuno;Patrimonio indisponibile;Utilizzato direttamente;Alloggio di servizio, foresterie;;;;3;[693782, 693783, 693785];True;[];;;;[];False;[];originali;();;3108223;D16
3108224;L219;1421;298;;4100.0;FABBRICATO;via ventimiglia;128;45.0253376;7.6672611;Abitazione;Dal 1971 al 1980;Nessuno;Patrimonio indisponibile;Utilizzato direttamente;Alloggio di servizio, foresterie;;;;2;[693790, 693793];True;[];;;;[];;[];originali;();;3108224;D16
3108225;L219;1422;182;;3605.0;FABBRICATO;via montevideo;41;45.035401;7.6571811;Impianto sportivo;Prima del 1919;Dichiarazione di interesse culturale;Demanio;Utilizzato direttamente;Altro;in concessione a titolo oneroso;4026.0;01/01/2014;5;[694497, 694498, 694499, 694500, 694504];True;['2022_101416_0035.xml'];C;127.52;B;['2022_101416_0035.xml'];True;['2022_101416_0035.xml'];originali;('2022_101416_0035.xml',);ape_summary_0459a33f1e3c.html;3108225;D17
3108226;L219;1422;201;;30.0;FABBRICATO;GIORDANO BRUNO (VIA);181;45.034205;7.6577318;Area urbana;ND;Nessuno;Patrimonio indisponibile;Utilizzato direttamente;Altro;;;;2;[2732862, 2732864];True;[];;;;[];False;[];originali;();;3108226;D17
3108227;L219;1423;236;;202.0;FABBRICATO;Via Albenga;22;45.03112;7.6534291;Abitazione;Dal 1971 al 1980;Nessuno;Patrimonio disponibile;Utilizzato direttamente;Altro;;;;2;[693799, 2863690];True;['2018_108348_0026.xml', '2018_200392_0118.xml', '2019_107973_0022.xml', '2019_206362_0016.xml', '2020_108905_0020.xml', '2020_112764_0065.xml', '2020_113131_0013.xml', '2020_113131_0014.xml', '2020_202065_0026.xml', '2020_206337_0003.xml', '2020_212533_0270.xml', '2020_311274_0025.xml', '2020_111396_0020.xml', '2021_101550_0012.xml', '2021_101550_0013.xml', '2021_107480_0008.xml', '2021_203082_0009.xml', '2021_204102_0006.xml', '2021_213683_0007.xml', '2022_106609_0012.xml', '2022_115340_0008.xml', '2022_203082_0052.xml', '2022_204038_0032.xml', '2022_206550_0042.xml', '2022_208423_0073.xml', '2022_208423_0087.xml', '2022_209689_0145.xml', '2022_210284_0024.xml', '2022_211941_0006.xml', '2022_211941_0007.xml'];F;144.17;D;['2018_108348_0026.xml', '2018_200392_0118.xml', '2019_107973_0022.xml', '2019_206362_0016.xml', '2020_108905_0020.xml', '2020_112764_0065.xml', '2020_113131_0013.xml', '2020_113131_0014.xml', '2020_202065_0026.xml', '2020_206337_0003.xml', '2020_212533_0270.xml', '2020_311274_0025.xml', '2020_111396_0020.xml', '2021_101550_0012.xml', '2021_101550_0013.xml', '2021_107480_0008.xml', '2021_203082_0009.xml', '2021_204102_0006.xml', '2021_213683_0007.xml', '2022_106609_0012.xml', '2022_115340_0008.xml', '2022_203082_0052.xml', '2022_204038_0032.xml', '2022_206550_0042.xml', '2022_208423_0073.xml', '2022_208423_0087.xml', '2022_209689_0145.xml', '2022_210284_0024.xml', '2022_211941_0006.xml', '2022_211941_0007.xml'];True;['2019_107973_0022.xml', '2020_108905_0020.xml', '2020_113131_0013.xml', '2020_113131_0014.xml', '2020_202065_0026.xml', '2020_206337_0003.xml', '2020_311274_0025.xml', '2020_111396_0020.xml', '2021_107480_0008.xml', '2021_213683_0007.xml', '2022_204038_0032.xml', '2022_206550_0042.xml', '2022_209689_0145.xml'];originali;('2018_108348_0026.xml', '2018_200392_0118.xml', '2019_107973_0022.xml', '2019_206362_0016.xml', '2020_108905_0020.xml', '2020_111396_0020.xml', '2020_112764_0065.xml', '2020_113131_0013.xml', '2020_113131_0014.xml', '2020_202065_0026.xml', '2020_206337_0003.xml', '2020_212533_0270.xml', '2020_311274_0025.xml', '2021_101550_0012.xml', '2021_101550_0013.xml', '2021_107480_0008.xml', '2021_203082_0009.xml', '2021_204102_0006.xml', '2021_213683_0007.xml', '2022_106609_0012.xml', '2022_115340_0008.xml', '2022_203082_0052.xml', '2022_204038_0032.xml', '2022_206550_0042.xml', '2022_208423_0073.xml', '2022_208423_0087.xml', '2022_209689_0145.xml', '2022_210284_0024.xml', '2022_211941_0006.xml', '2022_211941_0007.xml');ape_summary_45060923a41b.html;3108227;D17
3108228;L219;1423;65;;917.75;FABBRICATO;VIA POIRINO;9;45.0338287;7.6497272;Abitazione;Dal 1971 al 1980;Nessuno;Patrimonio indisponibile;Utilizzato direttamente;Attività didattica;;;;3;[2674976, 2674977, 2674978];True;[];;;;[];True;[];originali;();;3108228;D17
3108229;L219;1425;80;;458.0;FABBRICATO;Corso Giovanni Agnelli;105;45.0357243;7.6443245;Abitazione;Dal 1919 al 1945;Nessuno;Patrimonio disponibile;;Non Dichiarato;in locazione;1479.0;01/07/2021;8;[693834, 693835, 693836, 693837, 693838, 693839, 693840, 693841];True;['2020_102099_0155.xml', '2020_102099_0156.xml', '2020_102099_0157.xml', '2020_102099_0158.xml', '2020_102099_0159.xml', '2020_102099_0160.xml'];F;175.55;E;['2020_102099_0155.xml', '2020_102099_0156.xml', '2020_102099_0157.xml', '2020_102099_0158.xml', '2020_102099_0159.xml', '2020_102099_0160.xml'];True;['2020_102099_0155.xml', '2020_102099_0156.xml', '2020_102099_0157.xml', '2020_102099_0158.xml', '2020_102099_0159.xml', '2020_102099_0160.xml'];originali;('2020_102099_0155.xml', '2020_102099_0156.xml', '2020_102099_0157.xml', '2020_102099_0158.xml', '2020_102099_0159.xml', '2020_102099_0160.xml');ape_summary_8cd4d4cfb8e3.html;3108229;D18
3108230;L219;1426;252;;1286.0;FABBRICATO;Corso Giovanni Agnelli;156;45.0320342;7.6395428;Abitazione;Dal 1919 al 1945;Nessuno;Patrimonio indisponibile;Utilizzato direttamente;Altro;;;;18;[693842, 693843, 693844, 693845, 693846, 693847, 693848, 693849, 693850, 693851, 693852, 693853, 693854, 693855, 693856, 693857, 693858, 693859];True;[];;;;[];True;[];originali;();;3108230;D19
3108231;L219;1426;257;;2225.0;FABBRICATO;Corso Giovanni Agnelli;156;45.0316563;7.6392762;Abitazione;Dal 1919 al 1945;Nessuno;Patrimonio indisponibile;Utilizzato direttamente;Altro;;;;25;[693860, 693861, 693862, 693863, 693864, 693865, 693866, 693867, 693868, 693869, 693870, 693871, 693872, 693873, 693874, 693875, 693876, 693877, 693878, 693879, 693880, 693881, 693882, 693883, 693884];True;[];;;;[];True;[];originali;();;3108231;D19
3108232;L219;1426;259;;1737.0;FABBRICATO;Corso Giovanni Agnelli;156;45.0312674;7.6389913;Abitazione;Dal 1919 al 1945;Nessuno;Patrimonio indisponibile;Utilizzato direttamente;Altro;;;;19;[693887, 693888, 693889, 693890, 693891, 693892, 693893, 693894, 693895, 693896, 693897, 693898, 693899, 693900, 693901, 693902, 693903, 693904, 693905];True;[];;;;[];False;[];originali;();;3108232;D19
3108233;L219;1426;261;;2110.0;FABBRICATO;Corso Giovanni Agnelli;156;45.0310421;7.6393359;Abitazione;Dal 1919 al 1945;Nessuno;Patrimonio indisponibile;Utilizzato direttamente;Altro;;;;21;[694532, 694533, 694534, 694535, 694536, 694537, 694538, 694539, 694540, 694541, 694542, 694543, 694544, 694545, 694546, 694547, 694548, 694549, 694550, 694551, 694552];True;[];;;;[];True;[];originali;();;3108233;D19
3108234;L219;1426;262;;5517.0;FABBRICATO;Corso Giovanni Agnelli;156;45.031393;7.6401097;Abitazione;Dal 1919 al 1945;Nessuno;Patrimonio indisponibile;Utilizzato direttamente;Altro;;;;69;[694553, 694554, 694555, 694556, 694557, 694558, 694559, 694560, 694561, 694562, 694563, 694564, 694565, 694566, 694567, 694568, 694569, 694570, 694571, 694572, 694573, 694574, 694575, 694576, 694577, 694578, 694579, 694580, 694581, 694582, 694583, 694584, 694585, 694586, 694587, 694588, 694589, 694590, 694591, 694592, 694593, 694594, 694595, 694596, 694597, 694598, 694599, 694600, 694601, 694602, 694603, 694604, 694605, 694606, 694607, 694608, 694609, 694610, 694611, 694612, 694613, 694614, 694615, 694616, 694617, 694618, 694619, 694620, 694621];True;['2019_102616_0039.xml'];G;153.77;E;['2019_102616_0039.xml'];True;['2019_102616_0039.xml'];originali;('2019_102616_0039.xml',);ape_summary_241825752c85.html;3108234;D19
3108235;L219;1426;357;;2410.0;FABBRICATO;Via Bernardo de Canal;37;45.0343396;7.6401723;Abitazione;Dal 1961 al 1970;Nessuno;Patrimonio disponibile;Utilizzato direttamente;Non Dichiarato;in locazione;504.0;01/01/2022;32;[693953, 693954, 693955, 693956, 693957, 693958, 693959, 693960, 693963, 693964, 693965, 693966, 693967, 693968, 693969, 693970, 693971, 693972, 693973, 693974, 693975, 693976, 693977, 693978, 693979, 693980, 693981, 693982, 693983, 693984, 693985, 693986];True;['2019_205048_0020.xml', '2019_207188_0012.xml', '2020_209579_0015.xml', '2021_102099_0005.xml', '2021_102099_0006.xml', '2021_102099_0007.xml', '2021_102099_0008.xml', '2021_102099_0009.xml', '2022_205558_0011.xml'];F;166.88;D;['2019_205048_0020.xml', '2019_207188_0012.xml', '2020_209579_0015.xml', '2021_102099_0005.xml', '2021_102099_0006.xml', '2021_102099_0007.xml', '2021_102099_0008.xml', '2021_102099_0009.xml', '2022_205558_0011.xml'];True;['2021_102099_0005.xml', '2021_102099_0006.xml', '2021_102099_0007.xml', '2021_102099_0008.xml', '2021_102099_0009.xml'];originali;('2019_205048_0020.xml', '2019_207188_0012.xml', '2020_209579_0015.xml', '2021_102099_0005.xml', '2021_102099_0006.xml', '2021_102099_0007.xml', '2021_102099_0008.xml', '2021_102099_0009.xml', '2022_205558_0011.xml');ape_summary_8eacb00c4c26.html;3108235;D19
3108236;L219;1426;358;;520.0;FABBRICATO;Via Bernardo de Canal;27;45.033875;7.6411595;Abitazione;Dal 1961 al 1970;Nessuno;Patrimonio indisponibile;Utilizzato direttamente;Altro;;;;10;[694149, 694150, 694151, 694152, 694153, 694154, 694155, 694156, 694157, 694159];True;['2019_108109_0009.xml', '2019_207188_0063.xml', '2019_202533_0045.xml', '2020_206019_0016.xml', '2020_206052_0379.xml', '2020_211937_0046.xml', '2021_101963_0008.xml', '2021_200297_0062.xml', '2021_207203_0036.xml', '2022_206748_0123.xml', '2022_207949_0235.xml'];G;224.19;G;['2019_108109_0009.xml', '2019_207188_0063.xml', '2019_202533_0045.xml', '2020_206019_0016.xml', '2020_206052_0379.xml', '2020_211937_0046.xml', '2021_101963_0008.xml', '2021_200297_0062.xml', '2021_207203_0036.xml', '2022_206748_0123.xml', '2022_207949_0235.xml'];True;['2021_207203_0036.xml'];originali;('2019_108109_0009.xml', '2019_202533_0045.xml', '2019_207188_0063.xml', '2020_206019_0016.xml', '2020_206052_0379.xml', '2020_211937_0046.xml', '2021_101963_0008.xml', '2021_200297_0062.xml', '2021_207203_0036.xml', '2022_206748_0123.xml', '2022_207949_0235.xml');ape_summary_77f92733b66e.html;3108236;D19
3108237;L219;1426;364;;1678.0;FABBRICATO;Corso Giovanni Agnelli;156;45.0319885;7.6400676;Abitazione;Dal 1919 al 1945;Nessuno;Patrimonio indisponibile;Utilizzato direttamente;Altro;;;;23;[694162, 694163, 694164, 694165, 694166, 694167, 694168, 694169, 694170, 694171, 694172, 694173, 694174, 694175, 694176, 694177, 694178, 694179, 694180, 694181, 694182, 694183, 694184];True;[];;;;[];True;[];originali;();;3108237;D19
3108238;L219;1426;395;;139.0;FABBRICATO;Via Paolo Sarpi;132;45.0305985;7.6418194;Abitazione;Dopo il 2010;Nessuno;Patrimonio indisponibile;Utilizzato direttamente;Altro;;;;2;[694723, 694724];True;['2021_110134_0027.xml', '2021_209689_0125.xml', '2022_214142_0150.xml'];B;93.6;A1;['2021_110134_0027.xml', '2021_209689_0125.xml', '2022_214142_0150.xml'];True;['2021_110134_0027.xml', '2021_209689_0125.xml'];originali;('2021_110134_0027.xml', '2021_209689_0125.xml', '2022_214142_0150.xml');ape_summary_be498bc6dd05.html;3108238;D17
3108239;L219;1426;96;;932.75;FABBRICATO;Via Eleonora d'Arborea 9;9;45.034763;7.6404952;Abitazione;Dal 1971 al 1980;Nessuno;Patrimonio indisponibile;Utilizzato direttamente;Alloggio di servizio, foresterie;;;;2;[573650, 573651];True;[];;;;[];;[];originali;();;3108239;D19
3108240;L219;1427;73;;3385.8;FABBRICATO;Via Lamberto de Bernardi;2;45.0323495;7.6389004;Abitazione;Dal 1919 al 1945;Nessuno;Patrimonio indisponibile;Utilizzato direttamente;Altro;;;;18;[694198, 694199, 694200, 694201, 694202, 694203, 694204, 694205, 694206, 694207, 694208, 694209, 694210, 694211, 694212, 694213, 694214, 694215];True;[];;;;[];True;[];originali;();;3108240;D19
3108241;L219;1427;75;;1002.0;FABBRICATO;Via Lamberto de Bernardi;2;45.032401;7.6384052;Abitazione;Dal 1919 al 1945;Nessuno;Patrimonio indisponibile;Utilizzato direttamente;Altro;;;;19;[694217, 694218, 694219, 694220, 694221, 694222, 694223, 694224, 694225, 694226, 694227, 694228, 694229, 694230, 694231, 694232, 694233, 694234, 694235];True;[];;;;[];True;[];originali;();;3108241;D19
3108242;L219;1427;77;;1449.0;FABBRICATO;Via Lamberto de Bernardi;2;45.0320387;7.6381606;Abitazione;Dal 1919 al 1945;Nessuno;Patrimonio indisponibile;Utilizzato direttamente;Altro;;;;27;[694819, 694820, 694821, 694822, 694823, 694824, 694825, 694826, 694827, 694828, 694829, 694830, 694831, 694832, 694833, 694834, 694835, 694836, 694837, 694838, 694839, 694840, 694841, 694842, 694843, 694844, 694845];True;[];;;;[];True;[];originali;();;3108242;D19
3108243;L219;1427;78;;1033.0;FABBRICATO;Via Lamberto de Bernardi;2;45.0316332;7.6378617;Abitazione;Dal 1919 al 1945;Nessuno;Patrimonio indisponibile;Utilizzato direttamente;Altro;;;;18;[694846, 694847, 694848, 694849, 694850, 694851, 694852, 694853, 694854, 694855, 694856, 694857, 694858, 694859, 694860, 694861, 694862, 694863];True;[];;;;[];False;[];originali;();;3108243;D19
3108244;L219;1427;80;;6614.0;FABBRICATO;Via Lamberto de Bernardi;2;45.0314137;7.6382279;Abitazione;Dal 1919 al 1945;Nessuno;Patrimonio indisponibile;Utilizzato direttamente;Altro;;;;21;[694871, 694872, 694873, 694874, 694875, 694876, 694877, 694878, 694879, 694880, 694881, 694882, 694883, 694884, 694885, 694886, 694887, 694888, 694889, 694890, 694891];True;[];;;;[];True;[];originali;();;3108244;D19
3108245;L219;1427;81;;9211.0;FABBRICATO;Via Lamberto de Bernardi;2;45.0317071;7.6389513;Abitazione;Dal 1919 al 1945;Nessuno;Patrimonio indisponibile;Utilizzato direttamente;Altro;;;;68;[694292, 694293, 694294, 694295, 694296, 694297, 694298, 694299, 694300, 694301, 694302, 694303, 694304, 694305, 694306, 694307, 694308, 694309, 694310, 694311, 694312, 694313, 694314, 694315, 694316, 694317, 694318, 694319, 694320, 694321, 694322, 694323, 694324, 694325, 694326, 694327, 694328, 694329, 694330, 694331, 694332, 694333, 694334, 694335, 694336, 694337, 694338, 694339, 694340, 694341, 694342, 694343, 694344, 694345, 694346, 694347, 694348, 694349, 694350, 694351, 694352, 694353, 694354, 694355, 694356, 694357, 694358, 694359];True;['2020_210603_0018.xml'];G;259.02;G;['2020_210603_0018.xml'];True;[];originali;('2020_210603_0018.xml',);ape_summary_1bf20dd2b9de.html;3108245;D19
3108246;L219;1428;110;;1567.0;FABBRICATO;via poma carlo;2;45.0352839;7.630877;Abitazione;Dal 1961 al 1970;Nessuno;Patrimonio indisponibile;Utilizzato direttamente;Alloggio di servizio, foresterie;;;;2;[694402, 694403];True;[];;;;[];True;[];originali;();;3108246;D19
3108247;L219;1428;85;;11206.0;FABBRICATO;via scarsellini angelo;12 F;45.0354907;7.6300452;Abitazione;Dal 1946 al 1960;Nessuno;Patrimonio indisponibile;Utilizzato direttamente;Altro;in concessione a titolo oneroso;22496.0;01/11/2004;189;[694985, 694986, 694987, 694988, 694989, 694990, 694991, 694992, 694993, 694994, 694995, 694996, 694997, 694998, 694999, 695000, 695001, 695002, 695003, 695004, 695005, 695006, 695007, 695008, 695010, 695011, 695012, 695013, 695014, 695015, 695016, 695017, 695018, 695019, 695020, 695021, 695022, 695023, 695024, 695025, 695026, 695027, 695028, 695029, 695030, 695031, 695034, 695035, 695036, 695037, 695038, 695039, 695040, 695041, 695042, 695043, 695044, 695045, 695046, 695048, 695049, 695050, 695051, 695052, 695053, 695054, 695055, 695056, 695057, 695058, 695059, 695060, 695061, 695062, 695063, 695064, 695065, 695066, 695067, 695068, 695070, 695071, 695072, 695073, 695074, 695075, 695076, 695077, 695078, 695079, 695080, 695081, 695082, 695083, 695084, 695085, 695086, 695087, 695088, 695089, 695090, 695091, 695092, 695093, 695095, 695096, 695097, 695098, 695099, 695100, 695101, 695102, 695103, 695104, 695105, 695106, 695107, 695108, 695109, 695110, 695111, 695112, 695113, 695114, 695115, 695117, 695118, 695119, 695120, 695121, 695122, 695123, 695124, 695125, 695126, 695127, 695128, 695129, 695130, 695131, 695132, 695133, 695134, 695135, 695136, 695137, 695138, 695139, 695140, 695142, 695143, 695144, 695145, 695146, 695147, 695148, 695149, 695150, 695151, 695152, 695153, 695154, 695155, 695156, 695157, 695158, 695159, 695160, 695161, 695162, 695163, 695164, 695165, 695166, 695167, 695168, 695169, 695170, 695171, 695172, 695173, 695174, 695175, 695176, 695177, 695178, 695179, 695180, 695181];True;['2019_206515_0005.xml', '2020_208487_0001.xml', '2021_204554_0002.xml', '2021_204783_0004.xml', '2022_105295_0002.xml', '2022_113184_0098.xml', '2022_113184_0099.xml', '2022_113184_0100.xml', '2022_113184_0101.xml', '2022_113184_0102.xml', '2022_113184_0103.xml', '2022_113184_0104.xml', '2022_113184_0105.xml', '2022_113184_0115.xml', '2022_113184_0116.xml', '2022_113184_0117.xml', '2022_113184_0118.xml', '2022_113184_0119.xml', '2022_113184_0120.xml', '2022_113184_0121.xml', '2022_113184_0122.xml'];E;99.40;D;['2019_206515_0005.xml', '2020_208487_0001.xml', '2021_204554_0002.xml', '2021_204783_0004.xml', '2022_105295_0002.xml', '2022_113184_0098.xml', '2022_113184_0099.xml', '2022_113184_0100.xml', '2022_113184_0101.xml', '2022_113184_0102.xml', '2022_113184_0103.xml', '2022_113184_0104.xml', '2022_113184_0105.xml', '2022_113184_0115.xml', '2022_113184_0116.xml', '2022_113184_0117.xml', '2022_113184_0118.xml', '2022_113184_0119.xml', '2022_113184_0120.xml', '2022_113184_0121.xml', '2022_113184_0122.xml'];True;['2019_206515_0005.xml', '2021_204783_0004.xml', '2022_113184_0098.xml', '2022_113184_0099.xml', '2022_113184_0100.xml', '2022_113184_0101.xml', '2022_113184_0102.xml', '2022_113184_0103.xml', '2022_113184_0104.xml', '2022_113184_0105.xml', '2022_113184_0115.xml', '2022_113184_0116.xml', '2022_113184_0117.xml', '2022_113184_0118.xml', '2022_113184_0119.xml', '2022_113184_0120.xml', '2022_113184_0121.xml', '2022_113184_0122.xml'];originali;('2019_206515_0005.xml', '2020_208487_0001.xml', '2021_204554_0002.xml', '2021_204783_0004.xml', '2022_105295_0002.xml', '2022_113184_0098.xml', '2022_113184_0099.xml', '2022_113184_0100.xml', '2022_113184_0101.xml', '2022_113184_0102.xml', '2022_113184_0103.xml', '2022_113184_0104.xml', '2022_113184_0105.xml', '2022_113184_0115.xml', '2022_113184_0116.xml', '2022_113184_0117.xml', '2022_113184_0118.xml', '2022_113184_0119.xml', '2022_113184_0120.xml', '2022_113184_0121.xml', '2022_113184_0122.xml');ape_summary_95ecf2cf1d63.html;3108247;D19
3108248;L219;1428;90;;1315.5;FABBRICATO;via poma carlo;14;45.0350849;7.630729;Abitazione;Dal 1961 al 1970;Nessuno;Patrimonio indisponibile;Utilizzato direttamente;Alloggio di servizio, foresterie;;;;2;[695335, 695336];True;[];;;;[];True;[];originali;();;3108248;D19
3108249;L219;1428;95;;11950.0;FABBRICATO;via poma carlo;11;45.0349164;7.6316046;Abitazione;Dal 1946 al 1960;Nessuno;Patrimonio indisponibile;Utilizzato direttamente;Altro;;;;205;[695685, 695686, 695687, 695688, 695689, 695690, 695691, 695692, 695693, 695694, 695695, 695696, 695697, 695698, 695699, 695700, 695702, 695703, 695704, 695705, 695706, 695707, 695708, 695709, 695710, 695711, 695712, 695713, 695714, 695715, 695716, 695717, 695718, 695719, 695720, 695721, 695722, 695723, 695724, 695725, 695727, 695728, 695729, 695730, 695731, 695732, 695733, 695734, 695735, 695736, 695737, 695738, 695739, 695740, 695741, 695742, 695743, 695744, 695745, 695746, 695747, 695748, 695749, 695750, 695751, 695752, 695753, 695754, 695755, 695756, 695757, 695758, 695759, 695760, 695761, 695762, 695763, 695764, 695765, 695766, 695767, 695768, 695769, 695770, 695771, 695772, 695773, 695774, 695775, 695776, 695777, 695778, 695779, 695780, 695781, 695782, 695783, 695784, 695785, 695786, 695787, 695788, 695789, 695790, 695791, 695792, 695793, 695794, 695795, 695796, 695797, 695798, 695799, 695800, 695801, 695802, 695803, 695804, 695805, 695806, 695807, 695808, 695809, 695810, 695811, 695812, 695813, 695814, 695815, 695816, 695817, 695818, 695819, 695820, 695821, 695822, 695823, 695824, 695825, 695826, 695827, 695828, 695829, 695830, 695831, 695832, 695833, 695834, 695835, 695836, 695837, 695838, 695839, 695840, 695841, 695842, 695843, 695844, 695845, 695846, 695847, 695848, 695849, 695850, 695851, 695852, 695853, 695854, 695855, 695856, 695857, 695858, 695859, 695860, 695861, 695862, 695863, 695864, 695865, 695866, 695867, 695868, 695869, 695870, 695871, 695872, 695873, 695874, 695875, 695876, 695877, 695878, 695879, 695880, 695881, 695882, 695883, 695884, 695885, 695886, 695887, 695888, 695889, 695890, 695891];True;['2019_207188_0028.xml', '2021_203057_0044.xml', '2022_107973_0107.xml', '2022_200220_0009.xml'];G;597.19;G;['2019_207188_0028.xml', '2021_203057_0044.xml', '2022_107973_0107.xml', '2022_200220_0009.xml'];True;[];originali;('2019_207188_0028.xml', '2021_203057_0044.xml', '2022_107973_0107.xml', '2022_200220_0009.xml');ape_summary_ef3ef273faff.html;3108249;D19
3108250;L219;1429;41;;3607.57;FABBRICATO;Via Carlo Pinchia;11;45.0370978;7.6249117;Abitazione;Dal 1961 al 1970;Nessuno;Patrimonio indisponibile;Utilizzato direttamente;Attività amministrativa/uffici pubblici;;;;2;[695509, 695510];True;[];;;;[];;[];originali;();;3108250;D19
3108251;L219;1429;98;;1446.0;FABBRICATO;VIA ORBASSANO;380;45.0343493;7.620652;Abitazione;Dal 1946 al 1960;Nessuno;Patrimonio indisponibile;Utilizzato direttamente;Altro;;;;15;[695511, 695512, 695513, 695514, 695515, 695516, 695517, 2666122, 2666123, 2666140, 2666141, 2666142, 2787445, 2787446, 2863642];True;['2018_101746_0045.xml', '2018_101746_0046.xml', '2018_101746_0047.xml', '2019_101746_0006.xml', '2019_101746_0009.xml', '2019_101746_0010.xml', '2019_101746_0021.xml', '2020_101746_0004.xml', '2020_101746_0025.xml', '2020_101746_0026.xml', '2020_101746_0030.xml', '2020_101746_0031.xml', '2021_101746_0006.xml', '2021_101746_0013.xml', '2021_101746_0026.xml', '2021_101746_0027.xml', '2021_101746_0029.xml', '2021_101746_0030.xml', '2021_101746_0031.xml', '2021_101746_0032.xml', '2021_101746_0033.xml', '2021_101746_0035.xml', '2022_101746_0002.xml', '2022_101746_0003.xml', '2022_101746_0013.xml', '2022_101746_0014.xml', '2022_101746_0015.xml', '2022_101746_0026.xml', '2022_101746_0033.xml', '2022_101746_0034.xml', '2022_101746_0035.xml', '2022_101746_0041.xml', '2022_101746_0042.xml', '2022_101746_0044.xml', '2022_101746_0045.xml', '2022_101746_0048.xml', '2022_101746_0064.xml', '2022_101746_0065.xml', '2022_101746_0077.xml'];F;118.79;E;['2018_101746_0045.xml', '2018_101746_0046.xml', '2018_101746_0047.xml', '2019_101746_0006.xml', '2019_101746_0009.xml', '2019_101746_0010.xml', '2019_101746_0021.xml', '2020_101746_0004.xml', '2020_101746_0025.xml', '2020_101746_0026.xml', '2020_101746_0030.xml', '2020_101746_0031.xml', '2021_101746_0006.xml', '2021_101746_0013.xml', '2021_101746_0026.xml', '2021_101746_0027.xml', '2021_101746_0029.xml', '2021_101746_0030.xml', '2021_101746_0031.xml', '2021_101746_0032.xml', '2021_101746_0033.xml', '2021_101746_0035.xml', '2022_101746_0002.xml', '2022_101746_0003.xml', '2022_101746_0013.xml', '2022_101746_0014.xml', '2022_101746_0015.xml', '2022_101746_0026.xml', '2022_101746_0033.xml', '2022_101746_0034.xml', '2022_101746_0035.xml', '2022_101746_0041.xml', '2022_101746_0042.xml', '2022_101746_0044.xml', '2022_101746_0045.xml', '2022_101746_0048.xml', '2022_101746_0064.xml', '2022_101746_0065.xml', '2022_101746_0077.xml'];False;['2018_101746_0045.xml', '2018_101746_0046.xml', '2018_101746_0047.xml', '2019_101746_0006.xml', '2019_101746_0009.xml', '2019_101746_0010.xml', '2019_101746_0021.xml', '2020_101746_0004.xml', '2020_101746_0025.xml', '2020_101746_0026.xml', '2020_101746_0030.xml', '2020_101746_0031.xml', '2021_101746_0006.xml', '2021_101746_0013.xml', '2021_101746_0026.xml', '2021_101746_0027.xml', '2021_101746_0029.xml', '2021_101746_0030.xml', '2021_101746_0031.xml', '2021_101746_0032.xml', '2021_101746_0033.xml', '2021_101746_0035.xml', '2022_101746_0002.xml', '2022_101746_0003.xml', '2022_101746_0013.xml', '2022_101746_0014.xml', '2022_101746_0015.xml', '2022_101746_0026.xml', '2022_101746_0033.xml', '2022_101746_0034.xml', '2022_101746_0035.xml', '2022_101746_0041.xml', '2022_101746_0042.xml', '2022_101746_0044.xml', '2022_101746_0045.xml', '2022_101746_0048.xml', '2022_101746_0064.xml', '2022_101746_0065.xml', '2022_101746_0077.xml'];originali;('2018_101746_0045.xml', '2018_101746_0046.xml', '2018_101746_0047.xml', '2019_101746_0006.xml', '2019_101746_0009.xml', '2019_101746_0010.xml', '2019_101746_0021.xml', '2020_101746_0004.xml', '2020_101746_0025.xml', '2020_101746_0026.xml', '2020_101746_0030.xml', '2020_101746_0031.xml', '2021_101746_0006.xml', '2021_101746_0013.xml', '2021_101746_0026.xml', '2021_101746_0027.xml', '2021_101746_0029.xml', '2021_101746_0030.xml', '2021_101746_0031.xml', '2021_101746_0032.xml', '2021_101746_0033.xml', '2021_101746_0035.xml', '2022_101746_0002.xml', '2022_101746_0003.xml', '2022_101746_0013.xml', '2022_101746_0014.xml', '2022_101746_0015.xml', '2022_101746_0026.xml', '2022_101746_0033.xml', '2022_101746_0034.xml', '2022_101746_0035.xml', '2022_101746_0041.xml', '2022_101746_0042.xml', '2022_101746_0044.xml', '2022_101746_0045.xml', '2022_101746_0048.xml', '2022_101746_0064.xml', '2022_101746_0065.xml', '2022_101746_0077.xml');ape_summary_26e1b4ec1459.html;3108251;D6
3108252;L219;1430;111;;772.5;FABBRICATO;Via Domenico Guidobono;2;45.0383816;7.6182928;Abitazione;Dal 1961 al 1970;Nessuno;Patrimonio indisponibile;Utilizzato direttamente;Alloggio di servizio, foresterie;;;;2;[696063, 696064];True;[];;;;[];True;[];originali;();;3108252;D19
3108253;L219;1430;79;;297.0;FABBRICATO;Via Amedeo Modigliani;21;45.0411882;7.6195586;Impianto sportivo;Dal 1971 al 1980;Nessuno;Patrimonio indisponibile;Utilizzato direttamente;Attività sportiva, ricreativa e di intrattenimento;;;;3;[696087, 696088, 696089];True;[];;;;[];True;[];originali;();;3108253;D19
3108254;L219;1430;80;;1528.75;FABBRICATO;via gaidano paolo;103 31;45.0396274;7.6212592;Abitazione;Dal 1971 al 1980;Nessuno;Patrimonio indisponibile;Utilizzato direttamente;Alloggio di servizio, foresterie;in concessione a titolo oneroso;4086.0;08/02/2022;3;[696090, 696091, 696092];True;[];;;;[];False;[];originali;();;3108254;D19
3108255;L219;1430;85;;2948.4;FABBRICATO;Via Cimabue;2;45.03929;7.61909;Struttura residenziale collettiva (es.: collegi e convitti, educandati, ricoveri, orfanotrofi, ospizi, conventi, seminari);Dal 1946 al 1960;Nessuno;Patrimonio indisponibile;Utilizzato direttamente;Non Dichiarato;in concessione a titolo oneroso;71.0;01/04/2006;3;[696093, 696094, 696095];True;[];;;;[];True;[];originali;();;3108255;D19
3108256;L219;1432;137;;475.0;FABBRICATO;Strada del Portone;29;45.0324946;7.6129842;Abitazione;Dal 2001 al 2010;Nessuno;Patrimonio indisponibile;Utilizzato direttamente;Altro;;;;6;[696101, 696102, 696103, 696104, 696105, 696106];True;['2020_102750_0029.xml', '2020_205351_0021.xml', '2020_206362_0109.xml', '2020_208487_0052.xml', '2021_111787_0043.xml', '2021_208423_0113.xml', '2022_206748_0039.xml'];D;431.94;C;['2020_102750_0029.xml', '2020_205351_0021.xml', '2020_206362_0109.xml', '2020_208487_0052.xml', '2021_111787_0043.xml', '2021_208423_0113.xml', '2022_206748_0039.xml'];False;['2020_206362_0109.xml'];originali;('2020_102750_0029.xml', '2020_205351_0021.xml', '2020_206362_0109.xml', '2020_208487_0052.xml', '2021_111787_0043.xml', '2021_208423_0113.xml', '2022_206748_0039.xml');ape_summary_b1a6e840782e.html;3108256;D6
3108257;L219;1432;138;;348.0;FABBRICATO;strada del portone;23;45.0321773;7.6137438;Abitazione;Dal 2001 al 2010;Nessuno;Patrimonio indisponibile;Utilizzato direttamente;Altro;;;;4;[696139, 696140, 696141, 696142];True;['2020_113459_0003.xml', '2021_208347_0091.xml', '2022_100222_0037.xml', '2022_203998_0004.xml', '2022_208347_0108.xml'];G;186.61;D;['2020_113459_0003.xml', '2021_208347_0091.xml', '2022_100222_0037.xml', '2022_203998_0004.xml', '2022_208347_0108.xml'];False;['2022_100222_0037.xml', '2022_203998_0004.xml'];originali;('2020_113459_0003.xml', '2021_208347_0091.xml', '2022_100222_0037.xml', '2022_203998_0004.xml', '2022_208347_0108.xml');ape_summary_c86abf2320b5.html;3108257;D6
3108258;L219;1432;158;;394.0;FABBRICATO;Strada del Portone;35;45.0327451;7.6123635;Abitazione;Dal 2001 al 2010;Nessuno;Patrimonio indisponibile;Utilizzato direttamente;Altro;;;;6;[696143, 696144, 696145, 696146, 696147, 696151];True;['2020_104795_0010.xml', '2021_206695_0054.xml', '2021_208347_0124.xml', '2021_208347_0187.xml', '2021_208347_0222.xml', '2022_110134_0032.xml', '2022_113949_0082.xml'];E;135.33;B;['2020_104795_0010.xml', '2021_206695_0054.xml', '2021_208347_0124.xml', '2021_208347_0187.xml', '2021_208347_0222.xml', '2022_110134_0032.xml', '2022_113949_0082.xml'];False;['2021_206695_0054.xml', '2022_110134_0032.xml'];originali;('2020_104795_0010.xml', '2021_206695_0054.xml', '2021_208347_0124.xml', '2021_208347_0187.xml', '2021_208347_0222.xml', '2022_110134_0032.xml', '2022_113949_0082.xml');ape_summary_2d3a3deab8ec.html;3108258;D6
3108259;L219;1432;161;;716.0;FABBRICATO;Strada del Portone;35;45.0323372;7.6119899;Abitazione;Dal 2001 al 2010;Nessuno;Patrimonio indisponibile;Utilizzato direttamente;Altro;;;;10;[696169, 696170, 696171, 696172, 696173, 696174, 696175, 696176, 696177, 696178];True;['2019_201276_0007.xml', '2019_201276_0008.xml', '2019_208347_0104.xml', '2019_208347_0548.xml', '2020_201276_0001.xml', '2020_201276_0002.xml', '2020_201276_0003.xml', '2020_201276_0004.xml', '2020_201276_0005.xml', '2020_208347_0278.xml', '2021_102203_0196.xml'];E;114.49;C;['2019_201276_0007.xml', '2019_201276_0008.xml', '2019_208347_0104.xml', '2019_208347_0548.xml', '2020_201276_0001.xml', '2020_201276_0002.xml', '2020_201276_0003.xml', '2020_201276_0004.xml', '2020_201276_0005.xml', '2020_208347_0278.xml', '2021_102203_0196.xml'];False;['2021_102203_0196.xml'];originali;('2019_201276_0007.xml', '2019_201276_0008.xml', '2019_208347_0104.xml', '2019_208347_0548.xml', '2020_201276_0001.xml', '2020_201276_0002.xml', '2020_201276_0003.xml', '2020_201276_0004.xml', '2020_201276_0005.xml', '2020_208347_0278.xml', '2021_102203_0196.xml');ape_summary_c9d8441196ee.html;3108259;D6
3108260;L219;1433;53;;304.0;FABBRICATO;Via Agostino Bertani;109;45.0309968;7.6028227;Locale commerciale, negozio;Dal 1971 al 1980;Nessuno;Patrimonio indisponibile;Utilizzato direttamente;Attività commerciale e di ristorazione;in locazione;9718.0;01/03/2013;5;[696276, 696277, 696278, 696279, 696280];True;[];;;;[];True;[];originali;();;3108260;D6
3108261;L219;1436;4;;827.0;FABBRICATO;corso orbassano;455;45.0305681;7.6108275;Abitazione;Dal 1919 al 1945;Nessuno;Patrimonio disponibile;Utilizzato direttamente;Non Dichiarato;in locazione;732.0;01/03/2022;8;[696344, 696345, 696346, 696347, 696348, 696349, 696353, 2732865];True;['2021_102099_0012.xml', '2021_102099_0013.xml', '2021_102099_0014.xml', '2021_102099_0015.xml', '2021_102099_0016.xml'];G;310.61;E;['2021_102099_0012.xml', '2021_102099_0013.xml', '2021_102099_0014.xml', '2021_102099_0015.xml', '2021_102099_0016.xml'];True;['2021_102099_0012.xml', '2021_102099_0013.xml', '2021_102099_0014.xml', '2021_102099_0015.xml', '2021_102099_0016.xml'];originali;('2021_102099_0012.xml', '2021_102099_0013.xml', '2021_102099_0014.xml', '2021_102099_0015.xml', '2021_102099_0016.xml');ape_summary_9206e01c7849.html;3108261;D6
3108262;L219;1439;176;;4105.0;FABBRICATO;Via Podgora;28;45.0262726;7.6442934;Magazzino e locali di deposito;Dal 1971 al 1980;Nessuno;Patrimonio indisponibile;Utilizzato direttamente;Attività didattica;;;;4;[696708, 696709, 696710, 696711];True;[];;;;[];True;[];originali;();;3108262;D17
3108263;L219;1439;94;;176.0;FABBRICATO;Via Monte Pasubio;21;45.0267603;7.6429183;Abitazione;Dal 1961 al 1970;Nessuno;Patrimonio disponibile;Non utilizzato;Non Dichiarato;;;;3;[696722, 696723, 696724];True;['2019_110151_0009.xml', '2019_207434_0062.xml', '2020_103201_0020.xml', '2021_102750_0003.xml', '2021_110486_0003.xml', '2021_200471_0001.xml', '2021_200471_0002.xml', '2021_205065_0003.xml', '2021_205335_0001.xml', '2021_213615_0075.xml', '2022_102203_0093.xml', '2022_204038_0044.xml', '2022_213873_0045.xml'];D;137.26;C;['2019_110151_0009.xml', '2019_207434_0062.xml', '2020_103201_0020.xml', '2021_102750_0003.xml', '2021_110486_0003.xml', '2021_200471_0001.xml', '2021_200471_0002.xml', '2021_205065_0003.xml', '2021_205335_0001.xml', '2021_213615_0075.xml', '2022_102203_0093.xml', '2022_204038_0044.xml', '2022_213873_0045.xml'];True;['2019_110151_0009.xml', '2019_207434_0062.xml', '2021_213615_0075.xml', '2022_102203_0093.xml', '2022_204038_0044.xml', '2022_213873_0045.xml'];originali;('2019_110151_0009.xml', '2019_207434_0062.xml', '2020_103201_0020.xml', '2021_102750_0003.xml', '2021_110486_0003.xml', '2021_200471_0001.xml', '2021_200471_0002.xml', '2021_205065_0003.xml', '2021_205335_0001.xml', '2021_213615_0075.xml', '2022_102203_0093.xml', '2022_204038_0044.xml', '2022_213873_0045.xml');ape_summary_a739d6195350.html;3108263;D17
3108264;L219;1440;50;;2962.03;FABBRICATO;Corso Corsica;55;45.0278086;7.6508088;Abitazione;Dal 1981 al 1990;Nessuno;Patrimonio indisponibile;Utilizzato direttamente;Alloggio di servizio, foresterie;;;;3;[338751, 338752, 338753];True;[];;;;[];True;[];originali;();;3108264;D17
3108265;L219;1441;88;;8571.0;FABBRICATO;Via Giuditta Sidoli;97;45.02488047;7.64474249;Abitazione;Dal 1991 al 2000;Nessuno;Patrimonio indisponibile;Utilizzato direttamente;Altro;;;;96;[696755, 696766, 696777, 696788, 696799, 696810, 696821, 696832, 696843, 696854, 696861, 696862, 696863, 696864, 696865, 696866, 696867, 696868, 696869, 696870, 696871, 696872, 696873, 696874, 696875, 696876, 696877, 696878, 696879, 696880, 696881, 696882, 696883, 696884, 696885, 696886, 696887, 696888, 696889, 696890, 696891, 696892, 696893, 696894, 696895, 696896, 696897, 696898, 696899, 696900, 696901, 696902, 696903, 696904, 696905, 696906, 696907, 696908, 696909, 696910, 696911, 696912, 696913, 696914, 696915, 696916, 696917, 696918, 696919, 696920, 696921, 696922, 696923, 696924, 696925, 696926, 696927, 696928, 696929, 696930, 696931, 696932, 696933, 696934, 696935, 696936, 696937, 696938, 696939, 696940, 696941, 696942, 696943, 696944, 696945, 696946];True;['2019_113184_0280.xml', '2020_113184_0009.xml', '2020_113184_0010.xml', '2020_113184_0011.xml', '2020_113184_0012.xml', '2020_113184_0013.xml', '2020_113184_0014.xml', '2020_113184_0015.xml', '2020_113184_0016.xml', '2020_113184_0017.xml', '2020_113184_0018.xml', '2020_113184_0019.xml', '2020_113184_0020.xml', '2020_113184_0021.xml', '2020_113184_0022.xml', '2020_113184_0023.xml', '2020_113184_0024.xml', '2020_113184_0025.xml', '2020_113184_0026.xml', '2021_113184_0121.xml'];E;128.06;C;['2019_113184_0280.xml', '2020_113184_0009.xml', '2020_113184_0010.xml', '2020_113184_0011.xml', '2020_113184_0012.xml', '2020_113184_0013.xml', '2020_113184_0014.xml', '2020_113184_0015.xml', '2020_113184_0016.xml', '2020_113184_0017.xml', '2020_113184_0018.xml', '2020_113184_0019.xml', '2020_113184_0020.xml', '2020_113184_0021.xml', '2020_113184_0022.xml', '2020_113184_0023.xml', '2020_113184_0024.xml', '2020_113184_0025.xml', '2020_113184_0026.xml', '2021_113184_0121.xml'];;['2019_113184_0280.xml', '2020_113184_0009.xml', '2020_113184_0010.xml', '2020_113184_0011.xml', '2020_113184_0012.xml', '2020_113184_0013.xml', '2020_113184_0014.xml', '2020_113184_0015.xml', '2020_113184_0016.xml', '2020_113184_0017.xml', '2020_113184_0018.xml', '2020_113184_0019.xml', '2020_113184_0020.xml', '2020_113184_0021.xml', '2020_113184_0022.xml', '2020_113184_0023.xml', '2020_113184_0024.xml', '2020_113184_0025.xml', '2020_113184_0026.xml', '2021_113184_0121.xml'];originali;('2019_113184_0280.xml', '2020_113184_0009.xml', '2020_113184_0010.xml', '2020_113184_0011.xml', '2020_113184_0012.xml', '2020_113184_0013.xml', '2020_113184_0014.xml', '2020_113184_0015.xml', '2020_113184_0016.xml', '2020_113184_0017.xml', '2020_113184_0018.xml', '2020_113184_0019.xml', '2020_113184_0020.xml', '2020_113184_0021.xml', '2020_113184_0022.xml', '2020_113184_0023.xml', '2020_113184_0024.xml', '2020_113184_0025.xml', '2020_113184_0026.xml', '2021_113184_0121.xml');ape_summary_352a8dd55a9a.html;3108265;D17
3108266;L219;1442;65;;522.0;FABBRICATO;via passo buole;96;45.0259173;7.6504058;Abitazione;Dal 1961 al 1970;Nessuno;Patrimonio indisponibile;Utilizzato direttamente;Alloggio di servizio, foresterie;;;;2;[696562, 696563];True;[];;;;[];True;[];originali;();;3108266;D17
3108267;L219;1442;72;;1445.5;FABBRICATO;via monte corno;21;45.0253806;7.6546412;Abitazione;Dal 1971 al 1980;Nessuno;Patrimonio indisponibile;Utilizzato direttamente;Alloggio di servizio, foresterie;;;;2;[697434, 697435];True;[];;;;[];True;[];originali;();;3108267;D17
3108268;L219;1442;74;;19594.2;FABBRICATO;via pio vii;17;45.0281138;7.6548255;Abitazione;Dal 2001 al 2010;Nessuno;Patrimonio indisponibile;Utilizzato direttamente;Altro;in concessione a titolo oneroso;2680.0;01/05/2015;223;[697436, 697437, 697438, 697439, 697440, 697441, 697442, 697443, 697444, 697445, 697446, 697447, 697448, 697449, 697450, 697451, 697452, 697453, 697454, 697455, 697456, 697457, 697458, 697459, 697460, 697461, 697462, 697463, 697464, 697465, 697466, 697467, 697468, 697469, 697470, 697471, 697472, 697473, 697474, 697475, 697476, 697477, 697478, 697479, 697480, 697481, 697482, 697483, 697484, 697485, 697486, 697487, 697488, 697489, 697490, 697491, 697492, 697493, 697494, 697495, 697496, 697497, 697498, 697499, 697500, 697501, 697502, 697503, 697504, 697505, 697506, 697507, 697508, 697509, 697510, 697511, 697512, 697513, 697514, 697515, 697516, 697517, 697518, 697519, 697520, 697521, 697522, 697523, 697524, 697525, 697526, 697527, 697528, 697529, 697530, 697531, 697532, 697533, 697534, 697535, 697536, 697537, 697538, 697539, 697540, 697541, 697542, 697543, 697544, 697545, 697546, 697547, 697548, 697549, 697550, 697551, 697552, 697553, 697554, 697555, 697556, 697557, 697558, 697559, 697560, 697561, 697562, 697563, 697564, 697565, 697566, 697567, 697568, 697569, 697591, 697602, 697613, 697614, 697625, 697636, 697647, 697658, 697669, 697680, 697691, 697702, 697713, 697724, 697725, 697736, 697747, 697758, 697765, 697766, 697767, 697768, 697769, 697770, 697771, 697772, 697773, 697774, 697775, 697776, 697777, 697778, 697779, 697780, 697781, 697782, 697783, 697784, 697785, 697786, 697787, 697788, 697789, 697790, 697791, 697792, 697793, 697794, 697795, 697796, 697797, 697798, 697799, 697800, 697801, 697802, 697803, 697804, 697805, 697806, 697807, 697808, 697809, 697810, 697811, 697812, 697813, 697814, 697815, 697816, 697817, 697818, 697819, 697820, 697821, 697823, 697824, 697825, 697826, 697827, 697828, 697829, 697830, 697831, 697832, 697833, 697834, 697835, 697836];True;['2018_102351_0349.xml', '2020_312661_0105.xml', '2022_313821_0073.xml', '2022_313821_0074.xml', '2022_313821_0075.xml'];C;192.91;C;['2018_102351_0349.xml', '2020_312661_0105.xml', '2022_313821_0073.xml', '2022_313821_0074.xml', '2022_313821_0075.xml'];True;['2018_102351_0349.xml', '2020_312661_0105.xml', '2022_313821_0073.xml', '2022_313821_0074.xml', '2022_313821_0075.xml'];originali;('2018_102351_0349.xml', '2020_312661_0105.xml', '2022_313821_0073.xml', '2022_313821_0074.xml', '2022_313821_0075.xml');ape_summary_16d0c85c4ff5.html;3108268;D17
3108269;L219;1443;237;;832.25;FABBRICATO;via invernizio carolina;21;45.0230764;7.6552716;Abitazione;Dal 1971 al 1980;Nessuno;Patrimonio indisponibile;Utilizzato direttamente;Alloggio di servizio, foresterie;;;;2;[697430, 697431];True;['2022_103892_0001.xml'];G;611.48;E;['2022_103892_0001.xml'];False;['2022_103892_0001.xml'];originali;('2022_103892_0001.xml',);ape_summary_a1cda8a65187.html;3108269;D17
3108270;L219;1443;646;;3105.0;FABBRICATO;Via Luigi Palma di Cesnola;57;45.0214049;7.6536208;Abitazione;Dal 2001 al 2010;Nessuno;Patrimonio indisponibile;Utilizzato direttamente;Altro;;;;37;[11936, 20970, 698151, 698152, 698153, 698154, 698155, 698156, 698157, 698158, 698159, 698160, 698161, 698162, 698163, 698164, 698165, 698166, 698167, 698169, 698170, 698172, 698173, 698174, 698176, 698177, 698178, 698179, 698180, 698182, 698183, 698186, 698187, 698188, 698189, 698191, 698194];True;['2020_105218_0089.xml', '2020_110301_0002.xml', '2021_202636_0096.xml', '2021_205065_0012.xml', '2021_207744_0029.xml', '2021_208114_0005.xml', '2021_208114_0006.xml', '2021_208114_0007.xml', '2021_208114_0008.xml', '2021_208114_0009.xml', '2021_208114_0010.xml', '2021_208114_0011.xml', '2021_208114_0012.xml', '2021_213615_0306.xml', '2021_105783_0022.xml', '2022_200297_0059.xml', '2022_213632_0029.xml'];A2;33.74;A2;['2020_105218_0089.xml', '2020_110301_0002.xml', '2021_202636_0096.xml', '2021_205065_0012.xml', '2021_207744_0029.xml', '2021_208114_0005.xml', '2021_208114_0007.xml', '2021_208114_0008.xml', '2021_208114_0009.xml', '2021_208114_0010.xml', '2021_208114_0011.xml', '2021_208114_0012.xml', '2021_213615_0306.xml', '2021_105783_0022.xml', '2022_200297_0059.xml', '2022_213632_0029.xml'];True;['2020_105218_0089.xml', '2021_207744_0029.xml', '2021_213615_0306.xml', '2021_105783_0022.xml', '2022_213632_0029.xml'];originali;('2020_105218_0089.xml', '2020_110301_0002.xml', '2021_105783_0022.xml', '2021_202636_0096.xml', '2021_205065_0012.xml', '2021_207744_0029.xml', '2021_208114_0005.xml', '2021_208114_0007.xml', '2021_208114_0008.xml', '2021_208114_0009.xml', '2021_208114_0010.xml', '2021_208114_0011.xml', '2021_208114_0012.xml', '2021_213615_0306.xml', '2022_200297_0059.xml', '2022_213632_0029.xml');ape_summary_17b9882c6430.html;3108270;D17
3108271;L219;1443;647;;167.0;FABBRICATO;corso traiano;143 A;45.0214049;7.6536208;Abitazione;Dal 2001 al 2010;Nessuno;Patrimonio indisponibile;Utilizzato direttamente;Altro;;;;2;[11936, 20970];True;[];;;;[];True;[];originali;();;3108271;D17
3108272;L219;1445;85;;1667.0;FABBRICATO;via ventimiglia;199;45.0206633;7.6672635;Abitazione;Dal 1981 al 1990;Nessuno;Patrimonio indisponibile;Utilizzato direttamente;Alloggio di servizio, foresterie;;;;2;[697857, 697858];True;[];;;;[];;[];originali;();;3108272;D16
3108273;L219;145;259;;125.0;FABBRICATO;corso moncalieri;61;45.0536053;7.6911288;Abitazione;Prima del 1919;Nessuno;Patrimonio indisponibile;Utilizzato direttamente;Altro;;;;2;[698426, 698427];True;[];;;;[];True;[];originali;();;3108273;C12
3108274;L219;1455;246;;1170.2;FABBRICATO;Via Corrado Corradino;5;45.017612;7.6629424;Abitazione;Dal 1919 al 1945;Nessuno;Patrimonio disponibile;Utilizzato direttamente;Servizi ordine pubblico, sicurezza nazionale e militare;;;;4;[697868, 697869, 697870, 697871];True;[];;;;[];True;[];originali;();;3108274;D16
3108275;L219;1455;334;;336.0;FABBRICATO;via nizza;410;45.0172405;7.6609971;Abitazione;Prima del 1919;Dichiarazione di interesse culturale;Demanio;Utilizzato direttamente;Altro;;;;4;[697872, 697873, 697874, 697875];True;[];;;;[];False;[];originali;();;3108275;D16
3108276;L219;1456;441;;21157.5;FABBRICATO;via torrazza piemonte;10;45.0160315;7.6563265;Edificio scolastico (es.: scuola di ogni ordine e grado, università, scuola di formazione);Dal 1971 al 1980;Nessuno;Patrimonio indisponibile;Utilizzato direttamente;Attività didattica;;;;8;[697878, 697879, 697880, 697881, 697882, 697883, 697884, 697885];True;[];;;;[];True;[];originali;();;3108276;D6
3108277;L219;1458;129;;1967.75;FABBRICATO;corso croce benedetto;21;45.0205103;7.6458188;Abitazione;Dal 1971 al 1980;Nessuno;Patrimonio indisponibile;Utilizzato direttamente;Alloggio di servizio, foresterie;;;;2;[697888, 697889];True;[];;;;[];True;[];originali;();;3108277;D17
3108278;L219;1458;28;;9270.25;FABBRICATO;Corso Benedetto Croce;17;45.0207767;7.6467002;Abitazione;Dal 1971 al 1980;Nessuno;Patrimonio indisponibile;Utilizzato direttamente;Alloggio di servizio, foresterie;;;;4;[697890, 697891, 697892, 697893];True;['2021_106141_0047.xml', '2021_106141_0049.xml'];D;242.04;C;['2021_106141_0047.xml', '2021_106141_0049.xml'];True;['2021_106141_0049.xml'];originali;('2021_106141_0047.xml', '2021_106141_0049.xml');ape_summary_0809d3c365da.html;3108278;D17
3108279;L219;1459;49;;4417.25;FABBRICATO;corso croce benedetto;26;45.02074573;7.64416338;Abitazione;Dal 1961 al 1970;Nessuno;Patrimonio indisponibile;Utilizzato direttamente;Alloggio di servizio, foresterie;;;;2;[7904, 697894];True;['2021_106141_0045.xml'];D;198.96;C;['2021_106141_0045.xml'];True;['2021_106141_0045.xml'];originali;('2021_106141_0045.xml',);ape_summary_329da826111b.html;3108279;D17
3108280;L219;1461;111;;1366.0;FABBRICATO;piazza guala pietro francesco;140;45.0231824;7.6408099;Abitazione;Dal 1961 al 1970;Nessuno;Patrimonio indisponibile;Utilizzato direttamente;Alloggio di servizio, foresterie;;;;2;[697898, 697899];True;[];;;;[];False;[];originali;();;3108280;D17
3108281;L219;1461;45;;2635.5;FABBRICATO;via nichelino;7;45.0237373;7.6392259;Abitazione;Dal 1961 al 1970;Nessuno;Patrimonio indisponibile;Utilizzato direttamente;Alloggio di servizio, foresterie;;;;2;[697901, 697902];True;['2021_106141_0054.xml'];D;222.25;C;['2021_106141_0054.xml'];True;['2021_106141_0054.xml'];originali;('2021_106141_0054.xml',);ape_summary_564be754a4c3.html;3108281;D17
3108282;L219;1462;136;;1834.75;FABBRICATO;Strada delle Cacce;36;45.0187092;7.6388598;Abitazione;Dal 1971 al 1980;Nessuno;Patrimonio indisponibile;Utilizzato direttamente;Alloggio di servizio, foresterie;;;;2;[697904, 697905];True;[];;;;[];True;[];originali;();;3108282;D6
3108283;L219;1464;146;;119.0;FABBRICATO;via monte cengio;29;45.0190136;7.6223338;Abitazione;Dal 1991 al 2000;Nessuno;Patrimonio indisponibile;Utilizzato direttamente;Altro;;;;2;[697909, 697910];True;['2019_100124_0036.xml', '2019_206362_0212.xml'];G;213.29;G;['2019_100124_0036.xml', '2019_206362_0212.xml'];True;['2019_206362_0212.xml'];originali;('2019_100124_0036.xml', '2019_206362_0212.xml');ape_summary_5060991e7534.html;3108283;D6
3108284;L219;1464;208;;271.0;FABBRICATO;Via Monte Sei Busi;28;45.0173603;7.6210949;Abitazione;Dal 1961 al 1970;Nessuno;Patrimonio indisponibile;Utilizzato direttamente;Altro;;;;4;[697911, 697912, 697913, 697914];True;['2019_207610_0002.xml', '2020_200288_0025.xml', '2021_200466_0003.xml', '2022_200193_0071.xml'];D;89.07;B;['2019_207610_0002.xml', '2020_200288_0025.xml', '2021_200466_0003.xml', '2022_200193_0071.xml'];True;['2019_207610_0002.xml', '2020_200288_0025.xml'];originali;('2019_207610_0002.xml', '2020_200288_0025.xml', '2021_200466_0003.xml', '2022_200193_0071.xml');ape_summary_66dd5e82f8be.html;3108284;D6
3108285;L219;1465;101;;3821.25;FABBRICATO;Piazzetta Luciano Jona;4bis;45.0202921;7.6132884;Abitazione;Dal 1971 al 1980;Nessuno;Patrimonio indisponibile;Utilizzato direttamente;Alloggio di servizio, foresterie;;;;2;[688845, 688846];True;[];;;;[];True;[];originali;();;3108285;D6
3108286;L219;1465;102;;1394.5;FABBRICATO;Piazzetta Luciano Jona;6;45.0199442;7.6131789;Abitazione;Dal 1971 al 1980;Nessuno;Patrimonio indisponibile;Utilizzato direttamente;Alloggio di servizio, foresterie;;;;2;[697917, 697918];True;[];;;;[];True;[];originali;();;3108286;D6
3108287;L219;1465;5;;206.0;FABBRICATO;Via Plava;66;45.0197625;7.6205986;Impianto sportivo;Dal 1961 al 1970;Nessuno;Patrimonio indisponibile;Utilizzato direttamente;Attività sportiva, ricreativa e di intrattenimento;;;;3;[697920, 697921, 697922];True;[];;;;[];False;[];originali;();;3108287;D6
3108288;L219;1465;92;;5426.25;FABBRICATO;Piazzetta Luciano Jona;5;45.0193315;7.6159034;Abitazione;Dal 1971 al 1980;Nessuno;Patrimonio indisponibile;Utilizzato direttamente;Alloggio di servizio, foresterie;;;;2;[697923, 697924];True;[];;;;[];False;[];originali;();;3108288;D6
3108289;L219;1467;1;;1156.75;FABBRICATO;via roveda giovanni;34;45.0217804;7.6065778;Abitazione;Dal 1961 al 1970;Nessuno;Patrimonio indisponibile;Utilizzato direttamente;Alloggio di servizio, foresterie;;;;3;[697925, 697926, 697927];True;['2022_100564_0003.xml'];A1;405.7;A2;['2022_100564_0003.xml'];True;['2022_100564_0003.xml'];originali;('2022_100564_0003.xml',);ape_summary_6491a2886c96.html;3108289;D6
3108290;L219;1467;20;;1243.25;FABBRICATO;Via Plava;177;45.022935;7.6071695;Abitazione;Dal 1961 al 1970;Nessuno;Patrimonio indisponibile;Utilizzato direttamente;Alloggio di servizio, foresterie;;;;2;[697928, 697929];True;[];;;;[];True;[];originali;();;3108290;D6
3108291;L219;1467;27;;1613.4;FABBRICATO;via negarville celeste;8;45.0213595;7.6111914;Locale commerciale, negozio;Dal 1971 al 1980;Nessuno;Patrimonio disponibile;Utilizzato direttamente;Attività commerciale e di ristorazione;in locazione;13742.0;01/01/2016;11;[697932, 697933, 697937, 697940, 697941, 697942, 697943, 697944, 697945, 697946, 697947];True;[];;;;[];True;[];originali;();;3108291;D6
3108292;L219;1473;21;;1671.0;FABBRICATO;Via Giovanni Roveda;31;45.0200749;7.6067594;Abitazione;Dal 1961 al 1970;Nessuno;Patrimonio indisponibile;Utilizzato direttamente;Alloggio di servizio, foresterie;;;;2;[697948, 697949];True;[];;;;[];True;[];originali;();;3108292;D6
3108293;L219;1473;22;;1371.0;FABBRICATO;Via Celeste Negarville;30;45.019683;7.6077314;Abitazione;Dal 1961 al 1970;Nessuno;Patrimonio indisponibile;Utilizzato direttamente;Alloggio di servizio, foresterie;;;;2;[697950, 697951];True;[];;;;[];False;[];originali;();;3108293;D6
3108294;L219;1473;23;;3315.0;FABBRICATO;via negarville celeste;30 4;45.0191344;7.6085107;Abitazione;Dal 1961 al 1970;Nessuno;Patrimonio indisponibile;Utilizzato direttamente;Alloggio di servizio, foresterie;;;;2;[697952, 697953];True;[];;;;[];False;[];originali;();;3108294;D6
3108295;L219;1480;149;;333.0;FABBRICATO;Strada delle Cacce;72;45.0163006;7.6378313;Abitazione;Dal 1981 al 1990;Nessuno;Patrimonio indisponibile;Utilizzato direttamente;Altro;;;;4;[697970, 697971, 697975, 697976];True;['2020_104776_0021.xml'];D;110.03;D;['2020_104776_0021.xml'];True;[];originali;('2020_104776_0021.xml',);ape_summary_39cfe7843716.html;3108295;D6
3108296;L219;1480;273;;3512.75;FABBRICATO;via isler ignazio;15;45.0167754;7.6362999;Abitazione;Dal 1971 al 1980;Nessuno;Patrimonio indisponibile;Utilizzato direttamente;Alloggio di servizio, foresterie;;;;2;[698440, 698441];True;[];;;;[];True;[];originali;();;3108296;D6
3108297;L219;1480;417;;164.0;FABBRICATO;Via Alessandro Fleming;19;45.0163341;7.6351752;Abitazione;Dal 1961 al 1970;Nessuno;Patrimonio indisponibile;Utilizzato direttamente;Altro;;;;2;[697984, 697985];True;['2022_114601_0032.xml'];F;171.41;E;['2022_114601_0032.xml'];True;['2022_114601_0032.xml'];originali;('2022_114601_0032.xml',);ape_summary_f4baf9dd1c7c.html;3108297;D6
3108298;L219;1481;256;;1569.4299999999998;FABBRICATO;via morandi rodolfo;10;45.0136726;7.6326514;Ufficio strutturato ed assimilabili;Dal 1971 al 1980;Nessuno;Patrimonio indisponibile;Utilizzato direttamente;Attività amministrativa/uffici pubblici;;;;5;[697986, 697987, 697988, 697989, 697994];True;[];;;;[];True;[];originali;();;3108298;D6
3108299;L219;1481;257;;18297.0;FABBRICATO;Strada Castello di Mirafiori;45;45.0126617;7.63015;Abitazione;Dal 1971 al 1980;Nessuno;Patrimonio indisponibile;Utilizzato direttamente;Alloggio di servizio, foresterie;;;;4;[697999, 698000, 698001, 698002];True;[];;;;[];True;[];originali;();;3108299;D6
3108300;L219;1481;258;;2969.0;FABBRICATO;Strada Comunale di Mirafiori;7;45.0149171;7.627488;Abitazione;Dal 1971 al 1980;Nessuno;Patrimonio indisponibile;Utilizzato direttamente;Attività amministrativa/uffici pubblici;;;;2;[698007, 698008];True;[];;;;[];False;[];originali;();;3108300;D6
3108301;L219;1487;9;;493.29;FABBRICATO;via panetti modesto;1;45.0136613;7.6483198;Locale commerciale, negozio;Dal 2001 al 2010;Nessuno;Patrimonio indisponibile;Utilizzato direttamente;Altro;;;;2;[698019, 698020];True;[];;;;[];True;[];originali;();;3108301;D6
3108302;L219;1488;14;;5750.0;FABBRICATO;Via E. Artom;55;45.013079;7.64939;Abitazione;Dal 1961 al 1970;Nessuno;Patrimonio indisponibile;Utilizzato direttamente;Altro;;;;80;[698517, 698518, 698519, 698520, 698521, 698522, 698523, 698524, 698525, 698526, 698527, 698528, 698529, 698530, 698531, 698532, 698533, 698534, 698535, 698536, 698537, 698538, 698539, 698540, 698541, 698542, 698543, 698544, 698545, 698546, 698547, 698548, 698549, 698550, 698551, 698552, 698553, 698554, 698555, 698556, 698557, 698558, 698559, 698560, 698561, 698562, 698563, 698564, 698565, 698566, 698567, 698568, 698569, 698570, 698571, 698572, 698573, 698574, 698575, 698576, 698577, 698578, 698579, 698580, 698581, 698582, 698583, 698584, 698585, 698586, 698587, 698588, 698589, 698590, 698591, 698592, 698593, 698594, 698595, 698596];True;['2021_113184_0078.xml', '2021_113184_0079.xml', '2021_113184_0116.xml', '2022_113184_0135.xml', '2022_113184_0136.xml', '2022_113184_0137.xml', '2022_113184_0138.xml', '2022_113184_0139.xml', '2022_113184_0160.xml'];F;220.8;E;['2021_113184_0078.xml', '2021_113184_0079.xml', '2021_113184_0116.xml', '2022_113184_0135.xml', '2022_113184_0136.xml', '2022_113184_0137.xml', '2022_113184_0138.xml', '2022_113184_0139.xml', '2022_113184_0160.xml'];;['2021_113184_0078.xml', '2021_113184_0079.xml', '2021_113184_0116.xml', '2022_113184_0135.xml', '2022_113184_0136.xml', '2022_113184_0137.xml', '2022_113184_0138.xml', '2022_113184_0139.xml', '2022_113184_0160.xml'];originali;('2021_113184_0078.xml', '2021_113184_0079.xml', '2021_113184_0116.xml', '2022_113184_0135.xml', '2022_113184_0136.xml', '2022_113184_0137.xml', '2022_113184_0138.xml', '2022_113184_0139.xml', '2022_113184_0160.xml');ape_summary_cac09c01ee50.html;3108302;D6
3108303;L219;1488;2;;2430.75;FABBRICATO;via pisacane carlo;67;45.0137068;7.6501106;Abitazione;Dal 1961 al 1970;Nessuno;Patrimonio indisponibile;Utilizzato direttamente;Alloggio di servizio, foresterie;;;;2;[698662, 698663];True;[];;;;[];False;[];originali;();;3108303;D6
3108304;L219;1488;72;;5739.0;FABBRICATO;Via Fratelli Garrone;74;45.0128388;7.6500409;Abitazione;Dal 1961 al 1970;Nessuno;Patrimonio indisponibile;Utilizzato direttamente;Altro;;;;80;[698025, 698026, 698027, 698028, 698029, 698030, 698031, 698032, 698033, 698034, 698035, 698036, 698037, 698038, 698039, 698040, 698041, 698042, 698043, 698044, 698045, 698046, 698047, 698048, 698049, 698050, 698051, 698052, 698053, 698054, 698055, 698056, 698057, 698058, 698059, 698060, 698061, 698062, 698063, 698064, 698065, 698066, 698067, 698068, 698069, 698070, 698071, 698072, 698073, 698074, 698075, 698076, 698077, 698078, 698079, 698080, 698081, 698082, 698083, 698084, 698085, 698086, 698087, 698088, 698089, 698090, 698091, 698092, 698093, 698094, 698095, 698096, 698097, 698098, 698099, 698100, 698101, 698102, 698103, 698104];True;['2021_113184_0080.xml', '2021_113184_0081.xml', '2021_113184_0082.xml', '2021_113184_0083.xml', '2021_113184_0084.xml', '2022_113184_0036.xml', '2022_113184_0140.xml', '2022_113184_0141.xml', '2022_312661_0108.xml'];E;122.66;E;['2021_113184_0080.xml', '2021_113184_0081.xml', '2021_113184_0082.xml', '2021_113184_0083.xml', '2021_113184_0084.xml', '2022_113184_0036.xml', '2022_113184_0140.xml', '2022_113184_0141.xml', '2022_312661_0108.xml'];True;['2021_113184_0080.xml', '2021_113184_0081.xml', '2021_113184_0082.xml', '2021_113184_0083.xml', '2021_113184_0084.xml', '2022_113184_0036.xml', '2022_113184_0140.xml', '2022_113184_0141.xml', '2022_312661_0108.xml'];originali;('2021_113184_0080.xml', '2021_113184_0081.xml', '2021_113184_0082.xml', '2021_113184_0083.xml', '2021_113184_0084.xml', '2022_113184_0036.xml', '2022_113184_0140.xml', '2022_113184_0141.xml', '2022_312661_0108.xml');ape_summary_63ff15bf5d78.html;3108304;D6
3108305;L219;1488;75;;5594.0;FABBRICATO;Via Fratelli Garrone;67;45.0119429;7.6506028;Abitazione;Dal 1961 al 1970;Nessuno;Patrimonio indisponibile;Utilizzato direttamente;Altro;;;;80;[698705, 698706, 698707, 698708, 698709, 698710, 698711, 698712, 698713, 698714, 698715, 698716, 698717, 698718, 698719, 698720, 698721, 698722, 698723, 698724, 698725, 698726, 698727, 698728, 698729, 698730, 698731, 698732, 698733, 698734, 698735, 698736, 698737, 698738, 698739, 698740, 698741, 698742, 698743, 698744, 698745, 698746, 698747, 698748, 698749, 698750, 698751, 698752, 698753, 698754, 698755, 698756, 698757, 698758, 698759, 698760, 698761, 698762, 698763, 698764, 698765, 698766, 698767, 698768, 698769, 698770, 698771, 698772, 698773, 698774, 698775, 698776, 698777, 698778, 698779, 698780, 698781, 698782, 698783, 698784];True;['2021_113184_0077.xml', '2022_113184_0065.xml', '2022_113184_0130.xml', '2022_113184_0131.xml', '2022_113184_0132.xml'];F;186.82;E;['2021_113184_0077.xml', '2022_113184_0065.xml', '2022_113184_0130.xml', '2022_113184_0131.xml', '2022_113184_0132.xml'];True;['2021_113184_0077.xml', '2022_113184_0065.xml', '2022_113184_0130.xml', '2022_113184_0131.xml', '2022_113184_0132.xml'];originali;('2021_113184_0077.xml', '2022_113184_0065.xml', '2022_113184_0130.xml', '2022_113184_0131.xml', '2022_113184_0132.xml');ape_summary_ca2778367fc1.html;3108305;D6
3108306;L219;1488;76;;8392.0;FABBRICATO;Via Fratelli Garrone;63;45.0117341;7.6511606;Abitazione;Dal 1961 al 1970;Nessuno;Patrimonio indisponibile;Utilizzato direttamente;Altro;;;;120;[698829, 698830, 698831, 698832, 698833, 698834, 698835, 698836, 698837, 698838, 698839, 698840, 698841, 698842, 698843, 698844, 698845, 698846, 698847, 698848, 698849, 698850, 698851, 698852, 698853, 698854, 698855, 698856, 698857, 698858, 698859, 698860, 698861, 698862, 698863, 698864, 698865, 698866, 698867, 698868, 698869, 698870, 698871, 698872, 698873, 698874, 698875, 698876, 698877, 698878, 698879, 698880, 698881, 698882, 698883, 698884, 698885, 698886, 698887, 698888, 698889, 698890, 698891, 698892, 698893, 698894, 698895, 698896, 698897, 698898, 698899, 698900, 698901, 698902, 698903, 698904, 698905, 698906, 698907, 698908, 698909, 698910, 698911, 698912, 698913, 698914, 698915, 698916, 698917, 698918, 698919, 698920, 698921, 698922, 698923, 698924, 698925, 698926, 698927, 698928, 698929, 698930, 698931, 698932, 698933, 698934, 698935, 698936, 698937, 698938, 698939, 698940, 698941, 698942, 698943, 698944, 698945, 698946, 698947, 698948];True;['2021_113184_0074.xml', '2021_113184_0075.xml', '2021_113184_0076.xml', '2021_113184_0085.xml', '2021_113184_0086.xml', '2021_113184_0087.xml', '2021_113184_0088.xml', '2021_113184_0089.xml', '2022_113184_0161.xml', '2022_312661_0106.xml'];E;136.24;E;['2021_113184_0074.xml', '2021_113184_0075.xml', '2021_113184_0076.xml', '2021_113184_0085.xml', '2021_113184_0086.xml', '2021_113184_0087.xml', '2021_113184_0088.xml', '2021_113184_0089.xml', '2022_113184_0161.xml', '2022_312661_0106.xml'];True;['2021_113184_0074.xml', '2021_113184_0075.xml', '2021_113184_0076.xml', '2021_113184_0085.xml', '2021_113184_0086.xml', '2021_113184_0087.xml', '2021_113184_0088.xml', '2021_113184_0089.xml', '2022_113184_0161.xml', '2022_312661_0106.xml'];originali;('2021_113184_0074.xml', '2021_113184_0075.xml', '2021_113184_0076.xml', '2021_113184_0085.xml', '2021_113184_0086.xml', '2021_113184_0087.xml', '2021_113184_0088.xml', '2021_113184_0089.xml', '2022_113184_0161.xml', '2022_312661_0106.xml');ape_summary_2817e6c955e1.html;3108306;D6
3108307;L219;1488;77;;7117.0;FABBRICATO;Via E. Artom;81;45.0112325;7.6498055;Abitazione;Dal 1961 al 1970;Nessuno;Patrimonio indisponibile;Utilizzato direttamente;Altro;;;;100;[698993, 698994, 698995, 698996, 698997, 698998, 698999, 699000, 699001, 699002, 699003, 699004, 699005, 699006, 699007, 699008, 699009, 699010, 699011, 699012, 699013, 699014, 699015, 699016, 699017, 699018, 699019, 699020, 699021, 699022, 699023, 699024, 699025, 699026, 699027, 699028, 699029, 699030, 699031, 699032, 699033, 699034, 699035, 699036, 699037, 699038, 699039, 699040, 699041, 699042, 699043, 699044, 699045, 699046, 699047, 699048, 699049, 699050, 699051, 699052, 699053, 699054, 699055, 699056, 699057, 699058, 699059, 699060, 699061, 699062, 699063, 699064, 699065, 699066, 699067, 699068, 699069, 699070, 699071, 699072, 699073, 699074, 699075, 699076, 699077, 699078, 699079, 699080, 699081, 699082, 699083, 699084, 699085, 699086, 699087, 699088, 699089, 699090, 699091, 699092];True;['2021_113184_0062.xml', '2021_113184_0063.xml', '2021_113184_0064.xml', '2021_113184_0065.xml', '2022_113184_0123.xml', '2022_113184_0124.xml', '2022_113184_0125.xml', '2022_113184_0126.xml', '2022_113184_0127.xml', '2022_113184_0128.xml'];F;145.64;E;['2021_113184_0062.xml', '2021_113184_0063.xml', '2021_113184_0064.xml', '2021_113184_0065.xml', '2022_113184_0123.xml', '2022_113184_0124.xml', '2022_113184_0125.xml', '2022_113184_0126.xml', '2022_113184_0127.xml', '2022_113184_0128.xml'];;['2021_113184_0062.xml', '2021_113184_0063.xml', '2021_113184_0064.xml', '2021_113184_0065.xml', '2022_113184_0123.xml', '2022_113184_0124.xml', '2022_113184_0125.xml', '2022_113184_0126.xml', '2022_113184_0127.xml', '2022_113184_0128.xml'];originali;('2021_113184_0062.xml', '2021_113184_0063.xml', '2021_113184_0064.xml', '2021_113184_0065.xml', '2022_113184_0123.xml', '2022_113184_0124.xml', '2022_113184_0125.xml', '2022_113184_0126.xml', '2022_113184_0127.xml', '2022_113184_0128.xml');ape_summary_c1dbaf9ac9d4.html;3108307;D6
3108308;L219;1488;78;;8765.0;FABBRICATO;Via Fratelli Garrone;61;45.0109034;7.650705;Abitazione;Dal 1961 al 1970;Nessuno;Patrimonio indisponibile;Utilizzato direttamente;Altro;;;;120;[699093, 699094, 699095, 699096, 699097, 699098, 699099, 699100, 699101, 699102, 699103, 699104, 699105, 699106, 699107, 699108, 699109, 699110, 699111, 699112, 699113, 699114, 699115, 699116, 699117, 699118, 699119, 699120, 699121, 699122, 699123, 699124, 699125, 699126, 699127, 699128, 699129, 699130, 699131, 699132, 699133, 699134, 699135, 699136, 699137, 699138, 699139, 699140, 699141, 699142, 699143, 699144, 699145, 699146, 699147, 699148, 699149, 699150, 699151, 699152, 699153, 699154, 699155, 699156, 699157, 699158, 699159, 699160, 699161, 699162, 699163, 699164, 699165, 699166, 699167, 699168, 699169, 699170, 699171, 699172, 699173, 699174, 699175, 699176, 699177, 699178, 699179, 699180, 699181, 699182, 699183, 699184, 699185, 699186, 699187, 699188, 699189, 699190, 699191, 699192, 699193, 699194, 699195, 699196, 699197, 699198, 699199, 699200, 699201, 699202, 699203, 699204, 699205, 699206, 699207, 699208, 699209, 699210, 699211, 699212];True;['2021_113184_0066.xml', '2021_113184_0067.xml', '2021_113184_0068.xml', '2021_113184_0069.xml', '2021_113184_0070.xml', '2021_113184_0071.xml', '2021_113184_0072.xml', '2021_113184_0073.xml', '2022_113184_0129.xml'];F;131.82;F;['2021_113184_0066.xml', '2021_113184_0067.xml', '2021_113184_0068.xml', '2021_113184_0069.xml', '2021_113184_0070.xml', '2021_113184_0071.xml', '2021_113184_0072.xml', '2021_113184_0073.xml', '2022_113184_0129.xml'];True;['2021_113184_0066.xml', '2021_113184_0067.xml', '2021_113184_0068.xml', '2021_113184_0069.xml', '2021_113184_0070.xml', '2021_113184_0071.xml', '2021_113184_0072.xml', '2021_113184_0073.xml', '2022_113184_0129.xml'];originali;('2021_113184_0066.xml', '2021_113184_0067.xml', '2021_113184_0068.xml', '2021_113184_0069.xml', '2021_113184_0070.xml', '2021_113184_0071.xml', '2021_113184_0072.xml', '2021_113184_0073.xml', '2022_113184_0129.xml');ape_summary_8bf3a335f7eb.html;3108308;D6
3108309;L219;1488;95;;2102.75;FABBRICATO;via garrone fratelli;61 80;45.0101954;7.6509241;Abitazione;Dal 1961 al 1970;Nessuno;Patrimonio indisponibile;Utilizzato direttamente;Alloggio di servizio, foresterie;;;;4;[699213, 699214, 699215, 699216];True;[];;;;[];True;[];originali;();;3108309;D6
3108310;L219;1489;150;;707.0;FABBRICATO;via pisacane carlo;31 16;45.0127606;7.6540846;Abitazione;Dal 1961 al 1970;Nessuno;Patrimonio indisponibile;Utilizzato direttamente;Altro;;;;9;[698111, 698112, 698113, 698114, 698115, 698116, 698117, 698118, 698119];True;['2021_115162_0004.xml', '2022_114601_0033.xml', '2022_312661_0027.xml'];A1;104.18;A1;['2021_115162_0004.xml', '2022_114601_0033.xml', '2022_312661_0027.xml'];True;['2021_115162_0004.xml', '2022_114601_0033.xml', '2022_312661_0027.xml'];originali;('2021_115162_0004.xml', '2022_114601_0033.xml', '2022_312661_0027.xml');ape_summary_cbfaaf0f60dc.html;3108310;D6
3108311;L219;1489;587;;126.0;FABBRICATO;via somalia;104 B;45.0093596;7.6553813;Abitazione;Dal 2001 al 2010;Nessuno;Patrimonio indisponibile;Utilizzato direttamente;Altro;;;;2;[698120, 698121];True;['2019_200542_0042.xml', '2020_107973_0135.xml', '2020_111814_0004.xml', '2021_107973_0280.xml', '2022_113175_0016.xml', '2022_215889_0007.xml'];D;82.15;C;['2019_200542_0042.xml', '2020_107973_0135.xml', '2020_111814_0004.xml', '2021_107973_0280.xml', '2022_113175_0016.xml', '2022_215889_0007.xml'];;['2020_107973_0135.xml', '2020_111814_0004.xml', '2021_107973_0280.xml', '2022_113175_0016.xml'];originali;('2019_200542_0042.xml', '2020_107973_0135.xml', '2020_111814_0004.xml', '2021_107973_0280.xml', '2022_113175_0016.xml', '2022_215889_0007.xml');ape_summary_4960801e0cb4.html;3108311;D6
3108312;L219;209;105;;747.0;FABBRICATO;Via Franco Bonelli;1;45.0756391;7.6813996;Abitazione;Prima del 1919;Nessuno;Patrimonio indisponibile;Utilizzato direttamente;Altro;;;;16;[698129, 698130, 698131, 698132, 698133, 698134, 698135, 698136, 698137, 698138, 698139, 698140, 698141, 698145, 698146, 698147];True;[];;;;[];True;[];originali;();;3108312;B5
3108313;L219;209;106;;572.0;FABBRICATO;Via Gian Francesco Bellezia;33;45.0756391;7.6813996;Abitazione;Prima del 1919;Nessuno;Patrimonio indisponibile;Utilizzato direttamente;Altro;;;;16;[699302, 699303, 699304, 699305, 699306, 699307, 699308, 699309, 699310, 699311, 699312, 699313, 699314, 699315, 699316, 699317];True;['2021_113184_0091.xml'];G;329.36;F;['2021_113184_0091.xml'];;['2021_113184_0091.xml'];originali;('2021_113184_0091.xml',);ape_summary_002411dbf05e.html;3108313;B5
3108314;L219;209;113;;494.0;FABBRICATO;Via Gian Francesco Bellezia;29;45.0756391;7.6813996;Abitazione;Prima del 1919;Nessuno;Patrimonio indisponibile;Utilizzato direttamente;Altro;;;;10;[699318, 699319, 699320, 699321, 699322, 699323, 699324, 699325, 699326, 699327];True;[];;;;[];;[];originali;();;3108314;B5
3108315;L219;209;118;;627.0;FABBRICATO;via s. chiara;10;45.0756391;7.6813996;Abitazione;Prima del 1919;Nessuno;Patrimonio indisponibile;Utilizzato direttamente;Altro;;;;9;[699328, 699329, 699330, 699332, 699341, 699343, 699345, 699347, 699349];True;['2021_113184_0093.xml'];E;160.32;D;['2021_113184_0093.xml'];True;['2021_113184_0093.xml'];originali;('2021_113184_0093.xml',);ape_summary_5aa42a2f8a3f.html;3108315;B5
3108316;L219;209;128;;5255.25;FABBRICATO;via s. chiara;26;45.0756391;7.6813996;Abitazione;Prima del 1919;Nessuno;Patrimonio indisponibile;Utilizzato direttamente;Altro;;;;68;[699351, 699352, 699353, 699354, 699355, 699356, 699357, 699358, 699359, 699360, 699361, 699362, 699363, 699364, 699365, 699366, 699367, 699368, 699369, 699370, 699371, 699372, 699373, 699374, 699375, 699376, 699377, 699378, 699379, 699380, 699381, 699382, 699383, 699384, 699385, 699386, 699387, 699388, 699389, 699390, 699391, 699392, 699393, 699394, 699395, 699396, 699397, 699398, 699399, 699400, 699401, 699402, 699403, 699404, 699405, 699406, 699407, 699408, 699409, 699410, 699411, 699412, 699413, 699414, 699415, 699416, 699417, 699418];True;['2021_113184_0092.xml', '2021_113184_0094.xml', '2021_113184_0095.xml', '2021_113184_0096.xml'];E;108.1;D;['2021_113184_0092.xml', '2021_113184_0094.xml', '2021_113184_0095.xml', '2021_113184_0096.xml'];False;['2021_113184_0092.xml', '2021_113184_0094.xml', '2021_113184_0095.xml', '2021_113184_0096.xml'];originali;('2021_113184_0092.xml', '2021_113184_0094.xml', '2021_113184_0095.xml', '2021_113184_0096.xml');ape_summary_2f67f56bd887.html;3108316;B5
3108317;L219;209;54;;633.0;FABBRICATO;Via Gian Francesco Bellezia;27;45.0756391;7.6813996;Abitazione;Prima del 1919;Nessuno;Patrimonio indisponibile;Utilizzato direttamente;Altro;;;;9;[699419, 699420, 699421, 699422, 699423, 699424, 699425, 699426, 699427];True;[];;;;[];;[];originali;();;3108317;B5
3108318;L219;41;203;;2174.5;FABBRICATO;Via alla Chiesa;5;45.0899784;7.7138434;Abitazione;Dal 1919 al 1945;Dichiarazione di interesse culturale;Demanio;Utilizzato direttamente;Alloggio di servizio, foresterie;in concessione a titolo oneroso;4318.0;01/01/2010;2;[12042, 699436];True;[];;;;[];True;[];originali;();;3108318;D21
3108319;L219;52;6;;15635.0;FABBRICATO;via orvieto;1 17;45.0934097;7.6689561;Abitazione;Dal 2001 al 2010;Nessuno;Patrimonio indisponibile;Utilizzato direttamente;Altro;;;;213;[574643, 574644, 574645, 574646, 574647, 574648, 574649, 574650, 574651, 574652, 574653, 574654, 574655, 574656, 574657, 574658, 574659, 574660, 574661, 574662, 574663, 574664, 574665, 574666, 574667, 574668, 574669, 574670, 574671, 574672, 574673, 574674, 574675, 574676, 574677, 574678, 574679, 574680, 574681, 574682, 574683, 574684, 574685, 574686, 574687, 574688, 574689, 574690, 574691, 574692, 574693, 574694, 574695, 574696, 574697, 574698, 574699, 574700, 574701, 574702, 574703, 574704, 574705, 574706, 574707, 574708, 574709, 574710, 574711, 574712, 574713, 574714, 574715, 574716, 574717, 574718, 574719, 574720, 574721, 574722, 574723, 574774, 574775, 574776, 574777, 574778, 574779, 574780, 574781, 574782, 574783, 574784, 574785, 574786, 574787, 574788, 574789, 574790, 574791, 574792, 574793, 574794, 574795, 574796, 574797, 574798, 574799, 574800, 574801, 574802, 574803, 574804, 574805, 574806, 574807, 574808, 574809, 574810, 574811, 574812, 574813, 574814, 574815, 574816, 574817, 574818, 574819, 574820, 574821, 574822, 574823, 574824, 574825, 574826, 574827, 574828, 574829, 574830, 574927, 574928, 574929, 574930, 574931, 574932, 574933, 574934, 574935, 574936, 574937, 574938, 574939, 574940, 574941, 574942, 574943, 574944, 574945, 574946, 574947, 574948, 574949, 574950, 574951, 574952, 574953, 574954, 574955, 574956, 574957, 574958, 574959, 574960, 574961, 574962, 574963, 574964, 574965, 574966, 574967, 574968, 574969, 574970, 574971, 574972, 574973, 574974, 574975, 574976, 574977, 574978, 574979, 574980, 574981, 574982, 574983, 574984, 574985, 574986, 574987, 574988, 574989, 574990, 574991, 574992, 574993, 574994, 574995, 574996, 574997, 574998, 574999, 575000, 575001];True;['2019_101975_0006.xml', '2019_102351_0076.xml', '2019_102351_0077.xml', '2019_102351_0078.xml', '2019_102351_0079.xml', '2019_102351_0080.xml', '2019_102351_0081.xml', '2019_102351_0082.xml', '2019_102351_0083.xml', '2019_102351_0084.xml', '2019_102351_0085.xml', '2019_102351_0086.xml', '2019_102351_0089.xml', '2019_102351_0092.xml', '2019_102351_0093.xml', '2019_102351_0094.xml', '2019_102351_0095.xml', '2019_102351_0096.xml', '2019_102351_0097.xml', '2019_102351_0098.xml', '2019_102351_0099.xml', '2019_102351_0100.xml', '2019_102351_0101.xml', '2019_102351_0102.xml', '2019_102351_0103.xml', '2019_102351_0104.xml', '2019_102351_0116.xml', '2019_108092_0042.xml', '2019_208739_0007.xml', '2019_312661_0213.xml', '2019_312661_0214.xml', '2020_205199_0026.xml', '2020_205199_0028.xml', '2020_314373_0067.xml', '2021_100150_0018.xml', '2021_112419_0019.xml', '2021_112419_0020.xml', '2021_202612_0253.xml', '2021_207228_0197.xml', '2021_208347_0307.xml', '2021_212275_0042.xml', '2021_212275_0079.xml', '2021_212275_0080.xml', '2021_312661_0029.xml', '2021_312661_0051.xml', '2021_312661_0054.xml', '2022_104562_0035.xml', '2022_107973_0121.xml', '2022_113181_0027.xml', '2022_208347_0409.xml', '2022_208347_0709.xml', '2022_210180_0059.xml', '2022_214708_0010.xml', '2022_312661_0008.xml', '2022_312661_0023.xml', '2022_312661_0103.xml', '2022_312661_0126.xml', '2022_312661_0127.xml'];A1;53.66;A2;['2019_101975_0006.xml', '2019_102351_0076.xml', '2019_102351_0077.xml', '2019_102351_0078.xml', '2019_102351_0079.xml', '2019_102351_0080.xml', '2019_102351_0081.xml', '2019_102351_0082.xml', '2019_102351_0083.xml', '2019_102351_0084.xml', '2019_102351_0085.xml', '2019_102351_0086.xml', '2019_102351_0089.xml', '2019_102351_0092.xml', '2019_102351_0093.xml', '2019_102351_0094.xml', '2019_102351_0095.xml', '2019_102351_0096.xml', '2019_102351_0097.xml', '2019_102351_0098.xml', '2019_102351_0099.xml', '2019_102351_0100.xml', '2019_102351_0101.xml', '2019_102351_0102.xml', '2019_102351_0103.xml', '2019_102351_0104.xml', '2019_102351_0116.xml', '2019_108092_0042.xml', '2019_208739_0007.xml', '2019_312661_0213.xml', '2019_312661_0214.xml', '2020_205199_0026.xml', '2020_205199_0028.xml', '2020_314373_0067.xml', '2021_100150_0018.xml', '2021_112419_0019.xml', '2021_112419_0020.xml', '2021_202612_0253.xml', '2021_207228_0197.xml', '2021_208347_0307.xml', '2021_212275_0042.xml', '2021_212275_0079.xml', '2021_212275_0080.xml', '2021_312661_0029.xml', '2021_312661_0051.xml', '2021_312661_0054.xml', '2022_104562_0035.xml', '2022_107973_0121.xml', '2022_113181_0027.xml', '2022_208347_0409.xml', '2022_208347_0709.xml', '2022_210180_0059.xml', '2022_214708_0010.xml', '2022_312661_0008.xml', '2022_312661_0023.xml', '2022_312661_0103.xml', '2022_312661_0126.xml', '2022_312661_0127.xml'];True;['2019_312661_0213.xml', '2019_312661_0214.xml', '2021_312661_0051.xml'];originali;('2019_101975_0006.xml', '2019_102351_0076.xml', '2019_102351_0077.xml', '2019_102351_0078.xml', '2019_102351_0079.xml', '2019_102351_0080.xml', '2019_102351_0081.xml', '2019_102351_0082.xml', '2019_102351_0083.xml', '2019_102351_0084.xml', '2019_102351_0085.xml', '2019_102351_0086.xml', '2019_102351_0089.xml', '2019_102351_0092.xml', '2019_102351_0093.xml', '2019_102351_0094.xml', '2019_102351_0095.xml', '2019_102351_0096.xml', '2019_102351_0097.xml', '2019_102351_0098.xml', '2019_102351_0099.xml', '2019_102351_0100.xml', '2019_102351_0101.xml', '2019_102351_0102.xml', '2019_102351_0103.xml', '2019_102351_0104.xml', '2019_102351_0116.xml', '2019_108092_0042.xml', '2019_208739_0007.xml', '2019_312661_0213.xml', '2019_312661_0214.xml', '2020_205199_0026.xml', '2020_205199_0028.xml', '2020_314373_0067.xml', '2021_100150_0018.xml', '2021_112419_0019.xml', '2021_112419_0020.xml', '2021_202612_0253.xml', '2021_207228_0197.xml', '2021_208347_0307.xml', '2021_212275_0042.xml', '2021_212275_0079.xml', '2021_212275_0080.xml', '2021_312661_0029.xml', '2021_312661_0051.xml', '2021_312661_0054.xml', '2022_104562_0035.xml', '2022_107973_0121.xml', '2022_113181_0027.xml', '2022_208347_0409.xml', '2022_208347_0709.xml', '2022_210180_0059.xml', '2022_214708_0010.xml', '2022_312661_0008.xml', '2022_312661_0023.xml', '2022_312661_0103.xml', '2022_312661_0126.xml', '2022_312661_0127.xml');ape_summary_1bbe38f1eb6e.html;3108319;D9
3108320;L219;69;306;;2291.4300000000003;FABBRICATO;Via Vittorio Asinari di Bernezzo;98;45.0797181;7.6286034;Abitazione;Prima del 1919;Nessuno;Patrimonio indisponibile;Utilizzato direttamente;Attività amministrativa/uffici pubblici;;;;3;[699461, 699462, 699463];True;[];;;;[];True;[];originali;();;3108320;D24
3108321;L219;82;18;;158.0;FABBRICATO;Corso Filippo Brunelleschi;183;45.059813;7.6304563;Abitazione;Dal 1961 al 1970;Nessuno;Patrimonio indisponibile;Utilizzato direttamente;Attività amministrativa/uffici pubblici;;;;2;[699465, 699466];True;[];;;;[];True;[];originali;();;3108321;D26
3108322;L219;97;127;;661.0;FABBRICATO;Via Ignazio Collino;23;45.03897;7.62383;Abitazione;Dal 1946 al 1960;Nessuno;Patrimonio indisponibile;Utilizzato direttamente;Altro;;;;6;[699468, 699469, 699470, 699471, 699472, 699473];True;[];;;;[];True;[];originali;();;3108322;D19
